ticker,sector,signal_type,signal_strength,current_price,stop_loss,take_profits,trailing_stop,position_size,position_value,risk_amount,risk_percentage,risk_reward_ratio,volume_ratio,momentum_5d,atr,volatility_pct,strategy_scores,ema_cloud,rsi_vwap,ma_crossover,supertrend,bollinger_bands,rsi,vwap,ema_9,ema_20,supertrend_level,market_session,timestamp
LAURUSLABS,Pharmaceuticals,STRONG_BUY,29.0,889.9000244140625,830.8196607317243,"[978.5205699375698, 1008.0607517787389, 1067.141115461077]",845.4050231933593,33,29366.700805664062,1949.6520015171607,1.9496520015171608,2.1666666666666665,0.48006035229379296,3.0991136237479537,23.632145472935267,2.655595552825768,"{'buy_score': 290.0, 'sell_score': 65.0}","{'signal': 'BUY', 'strength': 70, 'fast_ema': np.float64(867.1562263453307), 'slow_ema': np.float64(851.3468090052306), 'trend': 'BULLISH', 'crossover': np.False_}","{'signal': 'NONE', 'strength': 0, 'rsi': np.float64(54.519044865495744), 'vwap': np.float64(651.3707571484871), 'vwap_trend': 'RISING', 'price_vs_vwap': 'ABOVE'}","{'signal': 'BUY', 'strength': 60, 'short_ma': np.float64(856.0900085449218), 'long_ma': np.float64(821.7137481689454), 'crossover': 'NONE', 'ma_distance': np.float64(4.1834836587045485)}","{'signal': 'STRONG_BUY', 'strength': 80, 'supertrend': np.float64(792.1964067731585), 'direction': 'BULLISH', 'distance_pct': np.float64(10.979167879586816), 'atr': np.float64(24.399989536830358)}","{'signal': 'SELL', 'strength': 65, 'bb_position': np.float64(0.8123613440946336), 'upper_band': np.float64(908.0324760073917), 'lower_band': np.float64(811.3975288754208), 'sma': np.float64(859.7150024414062)}",54.519044865495744,651.3707571484871,867.1562263453307,851.3468090052306,792.1964067731585,True,2025-08-22T10:06:29.356106
ABB,FMCG,STRONG_SELL,22.0,5141.5,5435.137584597642,"[4701.043623103537, 4554.2248308047165, 4260.587246207075]",5376.410067678114,6,30849.0,1761.8255075858506,1.7618255075858507,2.166666666666667,0.9518344794774495,1.0713583644584235,117.45503383905672,2.2844507213664635,"{'buy_score': 0.0, 'sell_score': 220.0}","{'signal': 'NONE', 'strength': 0, 'fast_ema': np.float64(5112.634398792583), 'slow_ema': np.float64(5235.761484423583), 'trend': 'BEARISH', 'crossover': np.False_}","{'signal': 'NONE', 'strength': 0, 'rsi': np.float64(27.048012251946304), 'vwap': np.float64(5588.327207168432), 'vwap_trend': 'FALLING', 'price_vs_vwap': 'BELOW'}","{'signal': 'SELL', 'strength': 60, 'short_ma': np.float64(5073.472998046875), 'long_ma': np.float64(5524.416345214844), 'crossover': 'NONE', 'ma_distance': np.float64(8.162732838892003)}","{'signal': 'STRONG_SELL', 'strength': 80, 'supertrend': np.float64(5653.7234455823345), 'direction': 'BEARISH', 'distance_pct': np.float64(9.962529331563445), 'atr': np.float64(76.35714285714286)}","{'signal': 'NONE', 'strength': 0, 'bb_position': np.float64(0.3962549349727714), 'upper_band': np.float64(5721.352856712281), 'lower_band': np.float64(4760.926196022094), 'sma': np.float64(5241.1395263671875)}",27.048012251946304,5588.327207168432,5112.634398792583,5235.761484423583,5653.7234455823345,True,2025-08-22T10:06:29.455125
BEL,Aerospace & Defence,STRONG_BUY,38.5,374.20001220703125,355.0495582242497,"[402.92569318120354, 412.5009201725943, 431.65137415537583]",358.879649020806,104,38916.80126953125,1991.647214209279,1.991647214209279,2.166666666666667,1.0292884163252294,-3.5442710574428986,7.660181593112619,2.0470821334111875,"{'buy_score': 385.0, 'sell_score': 130.0}","{'signal': 'SELL', 'strength': 70, 'fast_ema': np.float64(380.00314559724603), 'slow_ema': np.float64(385.2928669250548), 'trend': 'BEARISH', 'crossover': np.False_}","{'signal': 'BUY', 'strength': 65, 'rsi': np.float64(43.36675973109332), 'vwap': np.float64(331.4944196339193), 'vwap_trend': 'RISING', 'price_vs_vwap': 'ABOVE'}","{'signal': 'SELL', 'strength': 60, 'short_ma': np.float64(381.44935302734376), 'long_ma': np.float64(398.3319854736328), 'crossover': 'NONE', 'ma_distance': np.float64(4.238332110391517)}","{'signal': 'STRONG_BUY', 'strength': 80, 'supertrend': np.float64(268.46188430592537), 'direction': 'BULLISH', 'distance_pct': np.float64(28.25711503253635), 'atr': np.float64(7.816351710633569)}","{'signal': 'STRONG_BUY', 'strength': 80, 'bb_position': np.float64(0.08610674191588176), 'upper_band': np.float64(396.8494934727319), 'lower_band': np.float64(372.06598504289303), 'sma': np.float64(384.4577392578125)}",43.36675973109332,331.4944196339193,380.00314559724603,385.2928669250548,268.46188430592537,True,2025-08-22T10:06:29.504255
BLUESTARCO,FMCG,STRONG_SELL,22.5,1901.300048828125,2068.4965079171316,"[1650.5053601946152, 1566.9071306501119, 1399.7106715611053]",1996.3650512695312,11,20914.300537109375,1839.1610499790722,1.8391610499790723,2.166666666666667,0.5465890522407271,8.286820591963826,66.87858363560268,3.5175186408280794,"{'buy_score': 130.0, 'sell_score': 225.0}","{'signal': 'BUY', 'strength': 70, 'fast_ema': np.float64(1855.9853156402753), 'slow_ema': np.float64(1815.3985310071907), 'trend': 'BULLISH', 'crossover': np.False_}","{'signal': 'NONE', 'strength': 0, 'rsi': np.float64(67.57863501639744), 'vwap': np.float64(1858.5658286335768), 'vwap_trend': 'RISING', 'price_vs_vwap': 'ABOVE'}","{'signal': 'BUY', 'strength': 60, 'short_ma': np.float64(1834.9500122070312), 'long_ma': np.float64(1784.963885498047), 'crossover': 'NONE', 'ma_distance': np.float64(2.800399891286149)}","{'signal': 'STRONG_SELL', 'strength': 80, 'supertrend': np.float64(2197.9917043626497), 'direction': 'BEARISH', 'distance_pct': np.float64(15.604673008733783), 'atr': np.float64(64.08572823660714)}","{'signal': 'SELL', 'strength': 65, 'bb_position': np.float64(0.8922799876011781), 'upper_band': np.float64(1931.9330443701758), 'lower_band': np.float64(1647.5569580712306), 'sma': np.float64(1789.7450012207032)}",67.57863501639744,1858.5658286335768,1855.9853156402753,1815.3985310071907,2197.9917043626497,True,2025-08-22T10:06:29.556773
CHAMBLFERT,Industrials,STRONG_BUY,23.0,562.6500244140625,511.5196278157647,"[639.3456193115092, 664.9108176106581, 716.0412142089559]",534.5175231933594,39,21943.350952148438,1994.0854673336144,1.9940854673336146,2.1666666666666665,0.2651743802872436,6.703970688308278,20.45215863931913,3.6349698306007863,"{'buy_score': 230.0, 'sell_score': 130.0}","{'signal': 'BUY', 'strength': 70, 'fast_ema': np.float64(546.779499645956), 'slow_ema': np.float64(543.2930728557874), 'trend': 'BULLISH', 'crossover': np.False_}","{'signal': 'SELL', 'strength': 65, 'rsi': np.float64(65.80280147412027), 'vwap': np.float64(566.1482606222451), 'vwap_trend': 'FALLING', 'price_vs_vwap': 'BELOW'}","{'signal': 'NONE', 'strength': 0, 'short_ma': np.float64(541.7200012207031), 'long_ma': np.float64(543.9052482604981), 'crossover': 'NONE', 'ma_distance': np.float64(0.4017698021454542)}","{'signal': 'STRONG_BUY', 'strength': 80, 'supertrend': np.float64(548.8795971525595), 'direction': 'BEARISH', 'distance_pct': np.float64(2.4474232051875107), 'atr': np.float64(15.050013950892858)}","{'signal': 'SELL', 'strength': 65, 'bb_position': np.float64(0.8307615046442265), 'upper_band': np.float64(574.9354044202647), 'lower_band': np.float64(502.34329125844613), 'sma': np.float64(538.6393478393554)}",65.80280147412027,566.1482606222451,546.779499645956,543.2930728557874,548.8795971525595,True,2025-08-22T10:06:29.643006
EXIDEIND,Auto,STRONG_SELL,32.0,400.45001220703125,423.74465724400113,"[365.5080446515764, 353.8607221330915, 330.5660770961216]",419.08572823660717,85,34038.251037597656,1980.04482814244,1.9800448281424399,2.166666666666667,1.145824837108351,6.587702740441062,9.317858014787946,2.3268467301158795,"{'buy_score': 70.0, 'sell_score': 320.0}","{'signal': 'BUY', 'strength': 70, 'fast_ema': np.float64(387.3514976237724), 'slow_ema': np.float64(385.008432048674), 'trend': 'BULLISH', 'crossover': np.False_}","{'signal': 'NONE', 'strength': 0, 'rsi': np.float64(62.82767032651652), 'vwap': np.float64(379.06757680093955), 'vwap_trend': 'RISING', 'price_vs_vwap': 'ABOVE'}","{'signal': 'NONE', 'strength': 0, 'short_ma': np.float64(382.55999755859375), 'long_ma': np.float64(384.53173828125), 'crossover': 'NONE', 'ma_distance': np.float64(0.512764104068336)}","{'signal': 'STRONG_SELL', 'strength': 80, 'supertrend': np.float64(465.18302962775704), 'direction': 'BEARISH', 'distance_pct': np.float64(16.16506816018251), 'atr': np.float64(7.971435546875)}","{'signal': 'STRONG_SELL', 'strength': 80, 'bb_position': np.float64(1.022956502258116), 'upper_band': np.float64(399.73426225465914), 'lower_band': np.float64(368.5557340832315), 'sma': np.float64(384.14499816894534)}",62.82767032651652,379.06757680093955,387.3514976237724,385.008432048674,465.18302962775704,True,2025-08-22T10:06:29.691207
CGPOWER,FMCG,STRONG_SELL,22.5,677.5499877929688,711.1660701206753,"[627.1258643014089, 610.3178231375557, 576.7017408098492]",704.442853655134,59,39975.449279785156,1983.348857334685,1.983348857334685,2.1666666666666674,0.3838226252658471,1.0589865697168586,13.446432931082589,1.984566921015319,"{'buy_score': 70.0, 'sell_score': 225.0}","{'signal': 'BUY', 'strength': 70, 'fast_ema': np.float64(671.9928904546177), 'slow_ema': np.float64(671.0860583400997), 'trend': 'BULLISH', 'crossover': np.False_}","{'signal': 'NONE', 'strength': 0, 'rsi': np.float64(58.191201853197676), 'vwap': np.float64(640.1389113142346), 'vwap_trend': 'RISING', 'price_vs_vwap': 'ABOVE'}","{'signal': 'NONE', 'strength': 0, 'short_ma': np.float64(670.5550048828125), 'long_ma': np.float64(672.261247253418), 'crossover': 'NONE', 'ma_distance': np.float64(0.25380644467854413)}","{'signal': 'STRONG_SELL', 'strength': 80, 'supertrend': np.float64(786.9625930577959), 'direction': 'BEARISH', 'distance_pct': np.float64(16.148270568378944), 'atr': np.float64(10.571428571428571)}","{'signal': 'SELL', 'strength': 65, 'bb_position': np.float64(0.7590681309579064), 'upper_band': np.float64(686.2988983697977), 'lower_band': np.float64(649.986099188796), 'sma': np.float64(668.1424987792968)}",58.191201853197676,640.1389113142346,671.9928904546177,671.0860583400997,786.9625930577959,True,2025-08-22T10:06:29.773516
DABUR,FMCG,STRONG_BUY,22.5,515.7000122070312,483.36070360456193,"[564.2089751107352, 580.3786294119699, 612.7179380144391]",489.9150115966797,61,31457.700744628906,1972.6978247506283,1.9726978247506282,2.1666666666666656,2.0536414033036445,2.4230411533329197,12.935723440987724,2.5083814494451846,"{'buy_score': 225.0, 'sell_score': 0.0}","{'signal': 'NONE', 'strength': 0, 'fast_ema': np.float64(517.4796853287526), 'slow_ema': np.float64(515.6200482675516), 'trend': 'BULLISH', 'crossover': np.False_}","{'signal': 'BUY', 'strength': 65, 'rsi': np.float64(43.69070568594216), 'vwap': np.float64(496.9335979906875), 'vwap_trend': 'RISING', 'price_vs_vwap': 'ABOVE'}","{'signal': 'NONE', 'strength': 0, 'short_ma': np.float64(513.3649963378906), 'long_ma': np.float64(511.4464820861816), 'crossover': 'NONE', 'ma_distance': np.float64(0.37511534811685415)}","{'signal': 'STRONG_BUY', 'strength': 80, 'supertrend': np.float64(484.6392547780411), 'direction': 'BULLISH', 'distance_pct': np.float64(6.023028251649642), 'atr': np.float64(13.821441650390625)}","{'signal': 'NONE', 'strength': 0, 'bb_position': np.float64(0.45317801826651427), 'upper_band': np.float64(537.6266882998452), 'lower_band': np.float64(497.52830742769373), 'sma': np.float64(517.5774978637695)}",43.69070568594216,496.9335979906875,517.4796853287526,515.6200482675516,484.6392547780411,True,2025-08-22T10:06:29.821097
BHEL,FMCG,STRONG_SELL,29.0,218.47999572753906,236.84607097080774,"[190.93088286263605, 181.7478452410017, 163.38176999773302]",229.40399551391602,108,23595.83953857422,1983.5361262730175,1.9835361262730178,2.166666666666666,0.48104323485174383,-2.4599355464514954,7.346430097307477,3.3625184186057138,"{'buy_score': 65.0, 'sell_score': 290.0}","{'signal': 'SELL', 'strength': 70, 'fast_ema': np.float64(222.67475925413308), 'slow_ema': np.float64(230.1291826285833), 'trend': 'BEARISH', 'crossover': np.False_}","{'signal': 'NONE', 'strength': 0, 'rsi': np.float64(35.234336884846), 'vwap': np.float64(222.90252656110314), 'vwap_trend': 'FALLING', 'price_vs_vwap': 'BELOW'}","{'signal': 'SELL', 'strength': 60, 'short_ma': np.float64(221.5800003051758), 'long_ma': np.float64(244.38237037658692), 'crossover': 'NONE', 'ma_distance': np.float64(9.330611711586752)}","{'signal': 'STRONG_SELL', 'strength': 80, 'supertrend': np.float64(264.8613008836494), 'direction': 'BEARISH', 'distance_pct': np.float64(21.229085528705014), 'atr': np.float64(5.122859409877232)}","{'signal': 'BUY', 'strength': 65, 'bb_position': np.float64(0.20466953960889925), 'upper_band': np.float64(252.52951635148145), 'lower_band': np.float64(209.71772638533497), 'sma': np.float64(231.1236213684082)}",35.234336884846,222.90252656110314,222.67475925413308,230.1291826285833,264.8613008836494,True,2025-08-22T10:06:29.874103
HINDPETRO,Industrials,STRONG_BUY,22.5,393.1499938964844,365.6300022952616,"[434.4299812983186, 448.18997709892994, 475.70996870015273]",373.4924942016601,72,28306.799560546875,1981.4393952880405,1.9814393952880407,2.166666666666667,0.3895353540527485,-1.8597134532010358,11.007996640489116,2.7999483177882234,"{'buy_score': 225.0, 'sell_score': 130.0}","{'signal': 'SELL', 'strength': 70, 'fast_ema': np.float64(394.7405175012626), 'slow_ema': np.float64(400.0069129630346), 'trend': 'BEARISH', 'crossover': np.False_}","{'signal': 'BUY', 'strength': 65, 'rsi': np.float64(39.44987724959777), 'vwap': np.float64(371.9746132184535), 'vwap_trend': 'RISING', 'price_vs_vwap': 'ABOVE'}","{'signal': 'SELL', 'strength': 60, 'short_ma': np.float64(395.02100524902346), 'long_ma': np.float64(413.4969009399414), 'crossover': 'NONE', 'ma_distance': np.float64(4.468206569122865)}","{'signal': 'STRONG_BUY', 'strength': 80, 'supertrend': np.float64(356.6484306014938), 'direction': 'BULLISH', 'distance_pct': np.float64(9.284386076984484), 'atr': np.float64(9.13922143988216)}","{'signal': 'NONE', 'strength': 0, 'bb_position': np.float64(0.3186961961561121), 'upper_band': np.float64(420.62339951524973), 'lower_band': np.float64(380.29864943494556), 'sma': np.float64(400.46102447509764)}",39.44987724959777,371.9746132184535,394.7405175012626,400.0069129630346,356.6484306014938,True,2025-08-22T10:06:29.920766
SBIN,Bank,STRONG_SELL,22.5,825.7000122070312,850.9589538574219,"[787.8115997314453, 775.18212890625, 749.9231872558594]",845.9071655273438,79,65230.30096435547,1995.4563903808594,1.995456390380859,2.1666666666666665,0.5201686977603577,0.468459784080284,10.10357666015625,1.2236377026506495,"{'buy_score': 70.0, 'sell_score': 225.0}","{'signal': 'BUY', 'strength': 70, 'fast_ema': np.float64(822.6977648137646), 'slow_ema': np.float64(816.8881788973504), 'trend': 'BULLISH', 'crossover': np.False_}","{'signal': 'NONE', 'strength': 0, 'rsi': np.float64(78.55036907913143), 'vwap': np.float64(773.9828375481496), 'vwap_trend': 'RISING', 'price_vs_vwap': 'ABOVE'}","{'signal': 'NONE', 'strength': 0, 'short_ma': np.float64(821.4600036621093), 'long_ma': np.float64(812.9525024414063), 'crossover': 'NONE', 'ma_distance': np.float64(1.0464942533732116)}","{'signal': 'STRONG_SELL', 'strength': 80, 'supertrend': np.float64(848.7013686065426), 'direction': 'BEARISH', 'distance_pct': np.float64(2.785679551830273), 'atr': np.float64(7.21429443359375)}","{'signal': 'SELL', 'strength': 65, 'bb_position': np.float64(0.7761497021970872), 'upper_band': np.float64(837.3383817749263), 'lower_band': np.float64(785.3466279906986), 'sma': np.float64(811.3425048828125)}",78.55036907913143,773.9828375481496,822.6977648137646,816.8881788973504,848.7013686065426,True,2025-08-22T10:06:29.970813
SAIL,Metals,STRONG_SELL,22.0,123.25,131.1660703931536,"[111.3758944102696, 107.4178592136928, 99.50178882053919]",129.4125,252,31059.0,1994.849739074708,1.994849739074708,2.1666666666666665,0.3793313984797443,-0.6449036937339087,3.1664281572614397,2.5691100667435616,"{'buy_score': 0.0, 'sell_score': 220.0}","{'signal': 'NONE', 'strength': 0, 'fast_ema': np.float64(123.16619803857385), 'slow_ema': np.float64(124.82397715754308), 'trend': 'BEARISH', 'crossover': np.False_}","{'signal': 'NONE', 'strength': 0, 'rsi': np.float64(48.105310632403054), 'vwap': np.float64(116.90350926832744), 'vwap_trend': 'RISING', 'price_vs_vwap': 'ABOVE'}","{'signal': 'SELL', 'strength': 60, 'short_ma': np.float64(122.54700088500977), 'long_ma': np.float64(129.44400062561036), 'crossover': 'NONE', 'ma_distance': np.float64(5.328172574446859)}","{'signal': 'STRONG_SELL', 'strength': 80, 'supertrend': np.float64(131.67857197352816), 'direction': 'BEARISH', 'distance_pct': np.float64(6.838597950124272), 'atr': np.float64(2.8685706002371654)}","{'signal': 'NONE', 'strength': 0, 'bb_position': np.float64(0.4261196191572729), 'upper_band': np.float64(131.592510382818), 'lower_band': np.float64(117.05549071581481), 'sma': np.float64(124.32400054931641)}",48.105310632403054,116.90350926832744,123.16619803857385,124.82397715754308,131.67857197352816,True,2025-08-22T10:06:30.004569
TITAN,Miscellaneous,STRONG_SELL,32.0,3616.300048828125,3765.907156808036,"[3391.889386858259, 3317.0858328683034, 3167.4787248883927]",3735.9857352120534,13,47011.900634765625,1944.8924037388401,1.94489240373884,2.166666666666666,0.9732928525653232,4.312334080257532,59.842843191964285,1.6548085718538916,"{'buy_score': 70.0, 'sell_score': 320.0}","{'signal': 'BUY', 'strength': 70, 'fast_ema': np.float64(3532.839658000201), 'slow_ema': np.float64(3490.547588700744), 'trend': 'BULLISH', 'crossover': np.False_}","{'signal': 'NONE', 'strength': 0, 'rsi': np.float64(85.71427645320682), 'vwap': np.float64(3372.4700830730712), 'vwap_trend': 'RISING', 'price_vs_vwap': 'ABOVE'}","{'signal': 'NONE', 'strength': 0, 'short_ma': np.float64(3512.1), 'long_ma': np.float64(3489.500323486328), 'crossover': 'NONE', 'ma_distance': np.float64(0.6476479271706396)}","{'signal': 'STRONG_SELL', 'strength': 80, 'supertrend': np.float64(3719.249380209726), 'direction': 'BEARISH', 'distance_pct': np.float64(2.8468138702971326), 'atr': np.float64(50.385707310267854)}","{'signal': 'STRONG_SELL', 'strength': 80, 'bb_position': np.float64(0.9870386082156609), 'upper_band': np.float64(3620.6293974179007), 'lower_band': np.float64(3286.6105928164743), 'sma': np.float64(3453.6199951171875)}",85.71427645320682,3372.4700830730712,3532.839658000201,3490.547588700744,3719.249380209726,True,2025-08-22T10:06:30.055768
DRREDDY,Pharmaceuticals,STRONG_BUY,23.0,1276.5999755859375,1208.439248221261,"[1378.841066632952, 1412.9214303152903, 1481.0821576799667]",1222.0713936941963,29,37021.39929199219,1976.6610935756157,1.9766610935756157,2.1666666666666665,1.245865766267978,1.8509614424748775,27.264290945870535,2.13569571261794,"{'buy_score': 230.0, 'sell_score': 65.0}","{'signal': 'BUY', 'strength': 70, 'fast_ema': np.float64(1249.4900223582354), 'slow_ema': np.float64(1248.3734772378316), 'trend': 'BULLISH', 'crossover': np.True_}","{'signal': 'NONE', 'strength': 0, 'rsi': np.float64(51.580512131377674), 'vwap': np.float64(1223.400500972761), 'vwap_trend': 'RISING', 'price_vs_vwap': 'ABOVE'}","{'signal': 'NONE', 'strength': 0, 'short_ma': np.float64(1239.4700073242188), 'long_ma': np.float64(1258.3675689697266), 'crossover': 'NONE', 'ma_distance': np.float64(1.5017521200883996)}","{'signal': 'STRONG_BUY', 'strength': 80, 'supertrend': np.float64(1228.5937758645252), 'direction': 'BULLISH', 'distance_pct': np.float64(3.7604731818499557), 'atr': np.float64(25.742850167410715)}","{'signal': 'SELL', 'strength': 65, 'bb_position': np.float64(0.7305077387117423), 'upper_band': np.float64(1310.9254344770447), 'lower_band': np.float64(1183.554582612799), 'sma': np.float64(1247.240008544922)}",51.580512131377674,1223.400500972761,1249.4900223582354,1248.3734772378316,1228.5937758645252,True,2025-08-22T10:06:30.104630
HDFCBANK,Bank,STRONG_BUY,22.5,1991.199951171875,1932.0213535853795,"[2079.9678475516184, 2109.557146344866, 2168.7357439313614]",1943.8570731026787,33,65709.59838867188,1952.8937203543505,1.9528937203543504,2.166666666666668,0.8429450042834523,0.5504167083266092,23.671439034598215,1.188802712689247,"{'buy_score': 225.0, 'sell_score': 0.0}","{'signal': 'NONE', 'strength': 0, 'fast_ema': np.float64(1990.6609619222006), 'slow_ema': np.float64(1991.8350609657314), 'trend': 'BEARISH', 'crossover': np.False_}","{'signal': 'BUY', 'strength': 65, 'rsi': np.float64(42.47491229168425), 'vwap': np.float64(1824.2147484387924), 'vwap_trend': 'RISING', 'price_vs_vwap': 'ABOVE'}","{'signal': 'NONE', 'strength': 0, 'short_ma': np.float64(1988.0299926757812), 'long_ma': np.float64(1996.7974975585937), 'crossover': 'NONE', 'ma_distance': np.float64(0.43907831883464554)}","{'signal': 'STRONG_BUY', 'strength': 80, 'supertrend': np.float64(1695.5719471202558), 'direction': 'BULLISH', 'distance_pct': np.float64(14.84672616015454), 'atr': np.float64(22.914306640625)}","{'signal': 'NONE', 'strength': 0, 'bb_position': np.float64(0.4096113462027551), 'upper_band': np.float64(2029.181854205732), 'lower_band': np.float64(1964.8481262630182), 'sma': np.float64(1997.014990234375)}",42.47491229168425,1824.2147484387924,1990.6609619222006,1991.8350609657314,1695.5719471202558,True,2025-08-22T10:06:30.155369
HEROMOTOCO,Auto,STRONG_BUY,29.0,5097.10009765625,4737.296630859375,"[5636.8052978515625, 5816.70703125, 6176.510498046875]",4842.245092773437,5,25485.50048828125,1799.017333984375,1.799017333984375,2.166666666666667,0.8476422025746215,6.886570530614569,143.92138671875,2.82359349358134,"{'buy_score': 290.0, 'sell_score': 160.0}","{'signal': 'BUY', 'strength': 70, 'fast_ema': np.float64(4891.501901123891), 'slow_ema': np.float64(4685.721181481644), 'trend': 'BULLISH', 'crossover': np.False_}","{'signal': 'NONE', 'strength': 0, 'rsi': np.float64(80.38802791740304), 'vwap': np.float64(4102.62587232556), 'vwap_trend': 'RISING', 'price_vs_vwap': 'ABOVE'}","{'signal': 'BUY', 'strength': 60, 'short_ma': np.float64(4828.00009765625), 'long_ma': np.float64(4426.181079101562), 'crossover': 'NONE', 'ma_distance': np.float64(9.078232710629399)}","{'signal': 'STRONG_BUY', 'strength': 80, 'supertrend': np.float64(4423.001512878315), 'direction': 'BEARISH', 'distance_pct': np.float64(13.225139233343661), 'atr': np.float64(153.91420200892858)}","{'signal': 'STRONG_SELL', 'strength': 80, 'bb_position': np.float64(0.9191642738438007), 'upper_band': np.float64(5194.796826122453), 'lower_band': np.float64(3986.2132812994214), 'sma': np.float64(4590.505053710937)}",80.38802791740304,4102.62587232556,4891.501901123891,4685.721181481644,4423.001512878315,True,2025-08-22T10:06:30.207955
HFCL,Telecom,STRONG_SELL,29.0,72.80000305175781,78.11964334760394,"[64.82054260798861, 62.16072246006556, 56.84108216421943]",76.4400032043457,375,27300.00114440918,1994.8651109422979,1.994865110942298,2.1666666666666674,1.9698161391082234,1.6759840826958188,2.127856118338449,2.922879160905571,"{'buy_score': 0.0, 'sell_score': 290.0}","{'signal': 'SELL', 'strength': 70, 'fast_ema': np.float64(73.4963700188491), 'slow_ema': np.float64(74.94073409519194), 'trend': 'BEARISH', 'crossover': np.False_}","{'signal': 'NONE', 'strength': 0, 'rsi': np.float64(41.998856693039706), 'vwap': np.float64(88.80498554752484), 'vwap_trend': 'FALLING', 'price_vs_vwap': 'BELOW'}","{'signal': 'SELL', 'strength': 60, 'short_ma': np.float64(73.01599884033203), 'long_ma': np.float64(78.93749961853027), 'crossover': 'NONE', 'ma_distance': np.float64(7.501505376803432)}","{'signal': 'STRONG_SELL', 'strength': 80, 'supertrend': np.float64(101.0199966430664), 'direction': 'BULLISH', 'distance_pct': np.float64(38.76372583562303), 'atr': np.float64(2.1514271327427457)}","{'signal': 'NONE', 'strength': 0, 'bb_position': np.float64(0.31968895562155264), 'upper_band': np.float64(78.85940467789696), 'lower_band': np.float64(69.95259407088234), 'sma': np.float64(74.40599937438965)}",41.998856693039706,88.80498554752484,73.4963700188491,74.94073409519194,101.0199966430664,True,2025-08-22T10:06:30.254702
HINDZINC,Metals,STRONG_SELL,22.5,430.8500061035156,450.6267863682338,"[401.1848357064383, 391.29644557407926, 371.5196653093611]",446.6714303152902,101,43515.85061645508,1997.4548067365365,1.9974548067365365,2.166666666666667,0.7040597019274902,0.15109109205965554,7.910712105887277,1.836071020963768,"{'buy_score': 0.0, 'sell_score': 225.0}","{'signal': 'NONE', 'strength': 0, 'fast_ema': np.float64(427.68243562256515), 'slow_ema': np.float64(428.8867658722168), 'trend': 'BEARISH', 'crossover': np.False_}","{'signal': 'SELL', 'strength': 65, 'rsi': np.float64(56.938789872903705), 'vwap': np.float64(450.26718969701443), 'vwap_trend': 'FALLING', 'price_vs_vwap': 'BELOW'}","{'signal': 'NONE', 'strength': 0, 'short_ma': np.float64(425.9650024414062), 'long_ma': np.float64(433.77125244140626), 'crossover': 'NONE', 'ma_distance': np.float64(1.7996236394329752)}","{'signal': 'STRONG_SELL', 'strength': 80, 'supertrend': np.float64(485.6756050801007), 'direction': 'BEARISH', 'distance_pct': np.float64(12.724985075992484), 'atr': np.float64(7.492854527064732)}","{'signal': 'NONE', 'strength': 0, 'bb_position': np.float64(0.6108477420579637), 'upper_band': np.float64(442.77759431532456), 'lower_band': np.float64(412.1274105674879), 'sma': np.float64(427.45250244140624)}",56.938789872903705,450.26718969701443,427.68243562256515,428.8867658722168,485.6756050801007,True,2025-08-22T10:06:30.309603
JSWSTEEL,Metals,STRONG_BUY,23.0,1071.800048828125,1016.4429059709821,"[1154.8357631138392, 1182.5143345424108, 1237.8714773995537]",1027.5143345424108,36,38584.8017578125,1992.857142857144,1.9928571428571442,2.166666666666666,1.1683574515081552,1.7177658247131862,22.142857142857142,2.0659503763848024,"{'buy_score': 230.0, 'sell_score': 65.0}","{'signal': 'BUY', 'strength': 70, 'fast_ema': np.float64(1065.243369184413), 'slow_ema': np.float64(1054.9136809701724), 'trend': 'BULLISH', 'crossover': np.False_}","{'signal': 'NONE', 'strength': 0, 'rsi': np.float64(57.248607601037406), 'vwap': np.float64(985.9766071837465), 'vwap_trend': 'RISING', 'price_vs_vwap': 'ABOVE'}","{'signal': 'NONE', 'strength': 0, 'short_ma': np.float64(1062.1699951171875), 'long_ma': np.float64(1043.4688919067382), 'crossover': 'NONE', 'ma_distance': np.float64(1.7922051491421616)}","{'signal': 'STRONG_BUY', 'strength': 80, 'supertrend': np.float64(1028.565973904976), 'direction': 'BEARISH', 'distance_pct': np.float64(4.033781764650953), 'atr': np.float64(19.914271763392858)}","{'signal': 'SELL', 'strength': 65, 'bb_position': np.float64(0.8074703810947229), 'upper_band': np.float64(1084.7618507024872), 'lower_band': np.float64(1017.4381737115755), 'sma': np.float64(1051.1000122070313)}",57.248607601037406,985.9766071837465,1065.243369184413,1054.9136809701724,1028.565973904976,True,2025-08-22T10:06:30.397598
KOTAKBANK,Bank,STRONG_SELL,22.0,2017.800048828125,2105.1215209960938,"[1886.8178405761719, 1843.1571044921875, 1755.8356323242188]",2087.6572265625,22,44391.60107421875,1921.0723876953125,1.9210723876953124,2.166666666666667,0.7427388610642413,1.5143179753314422,34.9285888671875,1.731023293783392,"{'buy_score': 0.0, 'sell_score': 220.0}","{'signal': 'NONE', 'strength': 0, 'fast_ema': np.float64(2004.8097729049362), 'slow_ema': np.float64(2022.3133888159407), 'trend': 'BEARISH', 'crossover': np.False_}","{'signal': 'NONE', 'strength': 0, 'rsi': np.float64(59.01564508240858), 'vwap': np.float64(2017.2725945678908), 'vwap_trend': 'RISING', 'price_vs_vwap': 'ABOVE'}","{'signal': 'SELL', 'strength': 60, 'short_ma': np.float64(1991.2199951171874), 'long_ma': np.float64(2090.0461547851564), 'crossover': 'NONE', 'ma_distance': np.float64(4.7284199653537184)}","{'signal': 'STRONG_SELL', 'strength': 80, 'supertrend': np.float64(2160.3501499720983), 'direction': 'BEARISH', 'distance_pct': np.float64(7.064629680565322), 'atr': np.float64(31.871442522321427)}","{'signal': 'NONE', 'strength': 0, 'bb_position': np.float64(0.5771414281605994), 'upper_band': np.float64(2101.312502649732), 'lower_band': np.float64(1903.8175022330809), 'sma': np.float64(2002.5650024414062)}",59.01564508240858,2017.2725945678908,2004.8097729049362,2022.3133888159407,2160.3501499720983,True,2025-08-22T10:06:30.443643
TRENT,FMCG,STRONG_SELL,39.5,5452.5,5809.910714285715,"[4916.3839285714275, 4737.678571428571, 4380.267857142856]",5725.125,5,27262.5,1787.0535714285734,1.7870535714285736,2.1666666666666674,0.5341755162826323,1.0002778549597109,142.96428571428572,2.6219951529442587,"{'buy_score': 70.0, 'sell_score': 395.0}","{'signal': 'BUY', 'strength': 70, 'fast_ema': np.float64(5416.903818196684), 'slow_ema': np.float64(5378.788350883327), 'trend': 'BULLISH', 'crossover': np.False_}","{'signal': 'STRONG_SELL', 'strength': 85, 'rsi': np.float64(74.53416149068323), 'vwap': np.float64(5529.027108021096), 'vwap_trend': 'FALLING', 'price_vs_vwap': 'BELOW'}","{'signal': 'NONE', 'strength': 0, 'short_ma': np.float64(5411.9), 'long_ma': np.float64(5448.75), 'crossover': 'NONE', 'ma_distance': np.float64(0.6763019041064532)}","{'signal': 'STRONG_SELL', 'strength': 80, 'supertrend': np.float64(6353.5), 'direction': 'BEARISH', 'distance_pct': np.float64(16.52453003209537), 'atr': np.float64(112.92857142857143)}","{'signal': 'SELL', 'strength': 65, 'bb_position': np.float64(0.752435546586475), 'upper_band': np.float64(5627.75173622821), 'lower_band': np.float64(4919.848263771791), 'sma': np.float64(5273.8)}",74.53416149068323,5529.027108021096,5416.903818196684,5378.788350883327,6353.5,True,2025-08-22T10:06:30.496615
VEDL,Industrials,STRONG_SELL,22.5,446.8999938964844,471.3106994628906,"[410.283935546875, 398.0785827636719, 373.6678771972656]",466.4285583496094,81,36198.899505615234,1977.2671508789062,1.9772671508789061,2.1666666666666665,1.4060999644632044,1.8575484664351851,9.7642822265625,2.1848920026667544,"{'buy_score': 70.0, 'sell_score': 225.0}","{'signal': 'BUY', 'strength': 70, 'fast_ema': np.float64(441.0680498584014), 'slow_ema': np.float64(440.20453331462545), 'trend': 'BULLISH', 'crossover': np.False_}","{'signal': 'NONE', 'strength': 0, 'rsi': np.float64(64.95427298076939), 'vwap': np.float64(432.0222858017679), 'vwap_trend': 'RISING', 'price_vs_vwap': 'ABOVE'}","{'signal': 'NONE', 'strength': 0, 'short_ma': np.float64(438.23500366210936), 'long_ma': np.float64(445.2937522888184), 'crossover': 'NONE', 'ma_distance': np.float64(1.5851892352917407)}","{'signal': 'STRONG_SELL', 'strength': 80, 'supertrend': np.float64(461.564891297082), 'direction': 'BEARISH', 'distance_pct': np.float64(3.281471828347006), 'atr': np.float64(10.75)}","{'signal': 'SELL', 'strength': 65, 'bb_position': np.float64(0.8123686693597605), 'upper_band': np.float64(452.55081659755507), 'lower_band': np.float64(422.4341901163121), 'sma': np.float64(437.4925033569336)}",64.95427298076939,432.0222858017679,441.0680498584014,440.20453331462545,461.564891297082,True,2025-08-22T10:06:30.752799
PATANJALI,FMCG,STRONG_BUY,22.5,1808.699951171875,1699.8785182407923,"[1971.932100568499, 2026.3428170340403, 2135.164249965123]",1721.6428048270088,18,32556.59912109375,1958.7857927594878,1.9587857927594876,2.1666666666666665,0.7224390200324521,0.6230849052503478,43.528573172433035,2.406622123488776,"{'buy_score': 225.0, 'sell_score': 0.0}","{'signal': 'NONE', 'strength': 0, 'fast_ema': np.float64(1804.3427002803298), 'slow_ema': np.float64(1810.9081277617606), 'trend': 'BEARISH', 'crossover': np.False_}","{'signal': 'BUY', 'strength': 65, 'rsi': np.float64(36.170212765957444), 'vwap': np.float64(1797.132915873583), 'vwap_trend': 'RISING', 'price_vs_vwap': 'ABOVE'}","{'signal': 'NONE', 'strength': 0, 'short_ma': np.float64(1798.0000122070312), 'long_ma': np.float64(1785.917495727539), 'crossover': 'NONE', 'ma_distance': np.float64(0.6765439337705811)}","{'signal': 'STRONG_BUY', 'strength': 80, 'supertrend': np.float64(1658.3928484235491), 'direction': 'BULLISH', 'distance_pct': np.float64(8.310228717092647), 'atr': np.float64(44.128574916294646)}","{'signal': 'NONE', 'strength': 0, 'bb_position': np.float64(0.355152144489345), 'upper_band': np.float64(1916.9258485885262), 'lower_band': np.float64(1749.0941709427238), 'sma': np.float64(1833.010009765625)}",36.170212765957444,1797.132915873583,1804.3427002803298,1810.9081277617606,1658.3928484235491,True,2025-08-22T10:06:31.056184
TATAPOWER,Miscellaneous,STRONG_SELL,22.0,388.04998779296875,405.7196382795061,"[361.54551206316273, 352.710686819894, 335.04103633335666]",402.18570818219865,113,43849.64862060547,1996.6705049787222,1.9966705049787221,2.166666666666666,0.532210603686015,0.21951848118306055,7.067860194614956,1.8213787957611738,"{'buy_score': 65.0, 'sell_score': 220.0}","{'signal': 'NONE', 'strength': 0, 'fast_ema': np.float64(387.953927553627), 'slow_ema': np.float64(390.27324478094647), 'trend': 'BEARISH', 'crossover': np.False_}","{'signal': 'BUY', 'strength': 65, 'rsi': np.float64(36.89189701901489), 'vwap': np.float64(379.77854135579), 'vwap_trend': 'RISING', 'price_vs_vwap': 'ABOVE'}","{'signal': 'SELL', 'strength': 60, 'short_ma': np.float64(386.0649932861328), 'long_ma': np.float64(397.046248626709), 'crossover': 'NONE', 'ma_distance': np.float64(2.765737084422231)}","{'signal': 'STRONG_SELL', 'strength': 80, 'supertrend': np.float64(426.04965776705455), 'direction': 'BEARISH', 'distance_pct': np.float64(9.792467766899989), 'atr': np.float64(4.742867606026786)}","{'signal': 'NONE', 'strength': 0, 'bb_position': np.float64(0.42095764666435886), 'upper_band': np.float64(403.19598855079795), 'lower_band': np.float64(377.039005956038), 'sma': np.float64(390.117497253418)}",36.89189701901489,379.77854135579,387.953927553627,390.27324478094647,426.04965776705455,True,2025-08-22T10:06:31.139430
TATAELXSI,I.T,STRONG_SELL,29.0,5659.0,5972.035714285715,"[5189.4464285714275, 5032.928571428571, 4719.892857142856]",5909.428571428572,6,33954.0,1878.214285714288,1.8782142857142878,2.166666666666667,1.121403316332838,-0.21160289190618936,125.21428571428571,2.2126574609345417,"{'buy_score': 65.0, 'sell_score': 290.0}","{'signal': 'SELL', 'strength': 70, 'fast_ema': np.float64(5732.052547607044), 'slow_ema': np.float64(5847.625965461569), 'trend': 'BEARISH', 'crossover': np.False_}","{'signal': 'NONE', 'strength': 0, 'rsi': np.float64(22.72441933458883), 'vwap': np.float64(5832.242218029732), 'vwap_trend': 'FALLING', 'price_vs_vwap': 'BELOW'}","{'signal': 'SELL', 'strength': 60, 'short_ma': np.float64(5707.95), 'long_ma': np.float64(6046.9125), 'crossover': 'NONE', 'ma_distance': np.float64(5.605546632268956)}","{'signal': 'STRONG_SELL', 'strength': 80, 'supertrend': np.float64(7463.390121040214), 'direction': 'BEARISH', 'distance_pct': np.float64(31.885317565651416), 'atr': np.float64(127.21428571428571)}","{'signal': 'BUY', 'strength': 65, 'bb_position': np.float64(0.21918412101995102), 'upper_band': np.float64(6266.683977739784), 'lower_band': np.float64(5488.416022260217), 'sma': np.float64(5877.55)}",22.72441933458883,5832.242218029732,5732.052547607044,5847.625965461569,7463.390121040214,True,2025-08-22T10:06:31.199042
ACC,Industrials,STRONG_SELL,35.0,1849.9000244140625,1928.2929469517298,"[1732.3106406075615, 1693.1141793387278, 1614.7212568010605]",1912.6143624441963,25,46247.50061035156,1959.8230634416836,1.9598230634416836,2.1666666666666665,0.3476198920589215,3.5604307141827203,31.357169015066965,1.6950737121590687,"{'buy_score': 0.0, 'sell_score': 350.0}","{'signal': 'NONE', 'strength': 0, 'fast_ema': np.float64(1831.7862233649255), 'slow_ema': np.float64(1839.3278188533081), 'trend': 'BEARISH', 'crossover': np.False_}","{'signal': 'SELL', 'strength': 65, 'rsi': np.float64(65.761140240011), 'vwap': np.float64(1917.1692813036768), 'vwap_trend': 'FALLING', 'price_vs_vwap': 'BELOW'}","{'signal': 'SELL', 'strength': 60, 'short_ma': np.float64(1816.489990234375), 'long_ma': np.float64(1889.4599975585938), 'crossover': 'NONE', 'ma_distance': np.float64(3.861950367750825)}","{'signal': 'STRONG_SELL', 'strength': 80, 'supertrend': np.float64(2156.9998495801615), 'direction': 'BEARISH', 'distance_pct': np.float64(16.600887675720195), 'atr': np.float64(29.314313616071427)}","{'signal': 'SELL', 'strength': 65, 'bb_position': np.float64(0.7450822240474908), 'upper_band': np.float64(1882.4457777520906), 'lower_band': np.float64(1754.7742051580658), 'sma': np.float64(1818.6099914550782)}",65.761140240011,1917.1692813036768,1831.7862233649255,1839.3278188533081,2156.9998495801615,True,2025-08-22T10:06:31.239783
TORNTPHARM,Pharmaceuticals,STRONG_BUY,26.5,3647.39990234375,3483.0069841657364,"[3893.9892796107706, 3976.185738699777, 4140.578656877791]",3515.885567801339,12,43768.798828125,1972.715018136163,1.972715018136163,2.166666666666668,0.3778310338567393,0.8181727324928574,65.75716727120536,1.802850497115796,"{'buy_score': 265.0, 'sell_score': 0.0}","{'signal': 'BUY', 'strength': 70, 'fast_ema': np.float64(3636.4535916937252), 'slow_ema': np.float64(3603.210848805674), 'trend': 'BULLISH', 'crossover': np.False_}","{'signal': 'BUY', 'strength': 65, 'rsi': np.float64(39.2), 'vwap': np.float64(3292.0572321647674), 'vwap_trend': 'RISING', 'price_vs_vwap': 'ABOVE'}","{'signal': 'BUY', 'strength': 60, 'short_ma': np.float64(3626.610009765625), 'long_ma': np.float64(3517.277490234375), 'crossover': 'NONE', 'ma_distance': np.float64(3.10844168066946)}","{'signal': 'BUY', 'strength': 70, 'supertrend': np.float64(3622.7643923842934), 'direction': 'BEARISH', 'distance_pct': np.float64(0.675426622225501), 'atr': np.float64(51.185756138392854)}","{'signal': 'NONE', 'strength': 0, 'bb_position': np.float64(0.5569989551099656), 'upper_band': np.float64(3760.249861338294), 'lower_band': np.float64(3505.510148427331), 'sma': np.float64(3632.8800048828125)}",39.2,3292.0572321647674,3636.4535916937252,3603.210848805674,3622.7643923842934,True,2025-08-22T10:06:31.298662
HINDALCO,Metals,STRONG_BUY,23.0,707.2999877929688,668.0878657368742,"[766.1181708771106, 785.7242319051579, 824.9363539612525]",675.9302901480931,51,36072.299377441406,1999.8182248608239,1.9998182248608238,2.1666666666666665,0.6494905137234231,0.970733446533726,15.684848822437816,2.2175666751218537,"{'buy_score': 230.0, 'sell_score': 65.0}","{'signal': 'BUY', 'strength': 70, 'fast_ema': np.float64(697.1658914835654), 'slow_ema': np.float64(689.21494026066), 'trend': 'BULLISH', 'crossover': np.False_}","{'signal': 'NONE', 'strength': 0, 'rsi': np.float64(61.90555999279873), 'vwap': np.float64(636.5238347904528), 'vwap_trend': 'RISING', 'price_vs_vwap': 'ABOVE'}","{'signal': 'NONE', 'strength': 0, 'short_ma': np.float64(691.9199951171875), 'long_ma': np.float64(683.2665603637695), 'crossover': 'NONE', 'ma_distance': np.float64(1.2664800614288663)}","{'signal': 'STRONG_BUY', 'strength': 80, 'supertrend': np.float64(678.3078300340851), 'direction': 'BEARISH', 'distance_pct': np.float64(4.098990281245395), 'atr': np.float64(17.571437290736608)}","{'signal': 'SELL', 'strength': 65, 'bb_position': np.float64(0.8759822027641059), 'upper_band': np.float64(713.9266928059773), 'lower_band': np.float64(660.4931924479289), 'sma': np.float64(687.2099426269531)}",61.90555999279873,636.5238347904528,697.1658914835654,689.21494026066,678.3078300340851,True,2025-08-22T10:06:31.375485
FEDERALBNK,Bank,STRONG_BUY,22.5,198.22999572753906,188.48187240860136,"[212.8521807059456, 217.72624236541446, 227.47436568435216]",190.4314970723889,205,40637.14912414551,1998.3652803822288,1.9983652803822287,2.1666666666666665,0.7156911969610328,1.6514605236780624,3.8992493275750775,1.9670329473923178,"{'buy_score': 225.0, 'sell_score': 60.0}","{'signal': 'NONE', 'strength': 0, 'fast_ema': np.float64(197.22798779251136), 'slow_ema': np.float64(199.21687263318682), 'trend': 'BEARISH', 'crossover': np.False_}","{'signal': 'BUY', 'strength': 65, 'rsi': np.float64(41.93549718273707), 'vwap': np.float64(196.3015270553542), 'vwap_trend': 'RISING', 'price_vs_vwap': 'ABOVE'}","{'signal': 'SELL', 'strength': 60, 'short_ma': np.float64(196.27980346679686), 'long_ma': np.float64(205.27882919311523), 'crossover': 'NONE', 'ma_distance': np.float64(4.383806046483521)}","{'signal': 'STRONG_BUY', 'strength': 80, 'supertrend': np.float64(171.1262226385291), 'direction': 'BULLISH', 'distance_pct': np.float64(13.672891930171483), 'atr': np.float64(2.543172271928463)}","{'signal': 'NONE', 'strength': 0, 'bb_position': np.float64(0.47166193860540806), 'upper_band': np.float64(208.58014491547556), 'lower_band': np.float64(188.9901324893096), 'sma': np.float64(198.78513870239257)}",41.93549718273707,196.3015270553542,197.22798779251136,199.21687263318682,171.1262226385291,True,2025-08-22T10:06:31.472588
TATASTEEL,Metals,STRONG_BUY,23.0,161.50999450683594,152.64749091012138,"[174.8037499019078, 179.23500170026506, 188.09750529697962]",154.41999162946428,225,36339.748764038086,1994.0633092607761,1.994063309260776,2.166666666666667,0.7708095457426961,0.8303170757079077,3.545001438685826,2.194911497279373,"{'buy_score': 230.0, 'sell_score': 65.0}","{'signal': 'BUY', 'strength': 70, 'fast_ema': np.float64(159.71180822397557), 'slow_ema': np.float64(159.5298001840722), 'trend': 'BULLISH', 'crossover': np.True_}","{'signal': 'NONE', 'strength': 0, 'rsi': np.float64(56.07762089494392), 'vwap': np.float64(143.98784181395638), 'vwap_trend': 'RISING', 'price_vs_vwap': 'ABOVE'}","{'signal': 'NONE', 'strength': 0, 'short_ma': np.float64(159.23999938964843), 'long_ma': np.float64(160.42949867248535), 'crossover': 'NONE', 'ma_distance': np.float64(0.7414467368406271)}","{'signal': 'STRONG_BUY', 'strength': 80, 'supertrend': np.float64(143.6639558271042), 'direction': 'BEARISH', 'distance_pct': np.float64(11.049494945637194), 'atr': np.float64(3.4142848423549106)}","{'signal': 'SELL', 'strength': 65, 'bb_position': np.float64(0.7175729480525258), 'upper_band': np.float64(164.19506733347563), 'lower_band': np.float64(154.68792979787204), 'sma': np.float64(159.44149856567384)}",56.07762089494392,143.98784181395638,159.71180822397557,159.5298001840722,143.6639558271042,True,2025-08-22T10:06:31.506820
CUMMINSIND,FMCG,STRONG_BUY,29.0,3886.300048828125,3656.210763113839,"[4231.433977399553, 4346.478620256697, 4576.567905970982]",3702.2286202566966,8,31090.400390625,1840.7142857142862,1.8407142857142862,2.1666666666666656,1.016796719933977,2.484110354315181,92.03571428571429,2.36820917400515,"{'buy_score': 290.0, 'sell_score': 160.0}","{'signal': 'BUY', 'strength': 70, 'fast_ema': np.float64(3781.240174294159), 'slow_ema': np.float64(3699.211248207189), 'trend': 'BULLISH', 'crossover': np.False_}","{'signal': 'NONE', 'strength': 0, 'rsi': np.float64(82.50786331389197), 'vwap': np.float64(3122.7345632593688), 'vwap_trend': 'RISING', 'price_vs_vwap': 'ABOVE'}","{'signal': 'BUY', 'strength': 60, 'short_ma': np.float64(3784.97998046875), 'long_ma': np.float64(3564.334588623047), 'crossover': 'NONE', 'ma_distance': np.float64(6.190366991639292)}","{'signal': 'STRONG_BUY', 'strength': 80, 'supertrend': np.float64(2989.8038909418296), 'direction': 'BULLISH', 'distance_pct': np.float64(23.068114829595434), 'atr': np.float64(71.88570731026786)}","{'signal': 'STRONG_SELL', 'strength': 80, 'bb_position': np.float64(0.9384025076437992), 'upper_band': np.float64(3915.895208384422), 'lower_band': np.float64(3435.4347476702656), 'sma': np.float64(3675.6649780273438)}",82.50786331389197,3122.7345632593688,3781.240174294159,3699.211248207189,2989.8038909418296,True,2025-08-22T10:06:31.593434
TATACOMM,Telecom,STRONG_BUY,23.0,1589.0,1463.1607012067523,"[1777.7589481898717, 1840.6785975864955, 1966.5178963797432]",1509.55,15,23835.0,1887.589481898716,1.887589481898716,2.166666666666667,8.37587587156407,-3.097941658461896,50.335719517299104,3.1677608255065515,"{'buy_score': 230.0, 'sell_score': 130.0}","{'signal': 'SELL', 'strength': 70, 'fast_ema': np.float64(1650.8014914443745), 'slow_ema': np.float64(1673.660749702446), 'trend': 'BEARISH', 'crossover': np.False_}","{'signal': 'NONE', 'strength': 0, 'rsi': np.float64(30.061720290787733), 'vwap': np.float64(1610.280424567396), 'vwap_trend': 'FALLING', 'price_vs_vwap': 'BELOW'}","{'signal': 'SELL', 'strength': 60, 'short_ma': np.float64(1653.0000122070312), 'long_ma': np.float64(1710.7200012207031), 'crossover': 'NONE', 'ma_distance': np.float64(3.3740173127387996)}","{'signal': 'BUY', 'strength': 70, 'supertrend': np.float64(1565.2903943931458), 'direction': 'BULLISH', 'distance_pct': np.float64(1.4921085970329901), 'atr': np.float64(54.5)}","{'signal': 'STRONG_BUY', 'strength': 80, 'bb_position': np.float64(-0.060406291212440004), 'upper_band': np.float64(1765.2971918694107), 'lower_band': np.float64(1599.0428105719957), 'sma': np.float64(1682.1700012207032)}",30.061720290787733,1610.280424567396,1650.8014914443745,1673.660749702446,1565.2903943931458,True,2025-08-22T10:06:31.641170
BHARATFORG,Industrials,STRONG_SELL,29.0,1154.0999755859375,1237.29638671875,"[1029.3053588867188, 987.7071533203125, 904.5107421875]",1211.8049743652343,24,27698.3994140625,1996.7138671875,1.9967138671875,2.1666666666666665,2.8807522471180067,-2.3190879741060093,33.278564453125,2.8835079418686798,"{'buy_score': 65.0, 'sell_score': 290.0}","{'signal': 'SELL', 'strength': 70, 'fast_ema': np.float64(1168.4485419419825), 'slow_ema': np.float64(1179.5778592254683), 'trend': 'BEARISH', 'crossover': np.False_}","{'signal': 'NONE', 'strength': 0, 'rsi': np.float64(47.0885104205169), 'vwap': np.float64(1175.2375050660319), 'vwap_trend': 'FALLING', 'price_vs_vwap': 'BELOW'}","{'signal': 'SELL', 'strength': 60, 'short_ma': np.float64(1166.3099975585938), 'long_ma': np.float64(1215.446759033203), 'crossover': 'NONE', 'ma_distance': np.float64(4.042691389764694)}","{'signal': 'STRONG_SELL', 'strength': 80, 'supertrend': np.float64(1189.970579399848), 'direction': 'BULLISH', 'distance_pct': np.float64(3.108101947207735), 'atr': np.float64(26.357142857142858)}","{'signal': 'BUY', 'strength': 65, 'bb_position': np.float64(0.29396008078777647), 'upper_band': np.float64(1221.2807871709772), 'lower_band': np.float64(1126.1292103876165), 'sma': np.float64(1173.7049987792968)}",47.0885104205169,1175.2375050660319,1168.4485419419825,1179.5778592254683,1189.970579399848,True,2025-08-22T10:06:31.705927
ASHOKLEY,Auto,STRONG_BUY,30.0,131.00999450683594,121.2260684967041,"[145.6858835220337, 150.5778465270996, 160.36177253723145]",124.45949478149413,204,26726.03887939453,1995.9209060668945,1.9959209060668943,2.1666666666666665,1.091979583860027,9.421190038953688,3.9135704040527344,2.987230416110375,"{'buy_score': 300.0, 'sell_score': 65.0}","{'signal': 'BUY', 'strength': 70, 'fast_ema': np.float64(127.36648990052363), 'slow_ema': np.float64(124.86612521820207), 'trend': 'BULLISH', 'crossover': np.False_}","{'signal': 'NONE', 'strength': 0, 'rsi': np.float64(65.76945990750991), 'vwap': np.float64(112.0271506475276), 'vwap_trend': 'RISING', 'price_vs_vwap': 'ABOVE'}","{'signal': 'BUY', 'strength': 70, 'short_ma': np.float64(124.54499893188476), 'long_ma': np.float64(124.06637496948242), 'crossover': 'GOLDEN', 'ma_distance': np.float64(0.3857805650564619)}","{'signal': 'STRONG_BUY', 'strength': 80, 'supertrend': np.float64(104.83245385043827), 'direction': 'BULLISH', 'distance_pct': np.float64(19.981331008323764), 'atr': np.float64(4.342857360839844)}","{'signal': 'SELL', 'strength': 65, 'bb_position': np.float64(0.8851297612435743), 'upper_band': np.float64(133.29693003366657), 'lower_band': np.float64(113.38806981374555), 'sma': np.float64(123.34249992370606)}",65.76945990750991,112.0271506475276,127.36648990052363,124.86612521820207,104.83245385043827,True,2025-08-22T10:06:31.816619
M&M,Auto,STRONG_BUY,29.0,3375.10009765625,3189.8502022879466,"[3652.974940708705, 3745.599888392857, 3930.8497837611603]",3226.9001813616073,10,33751.0009765625,1852.4989536830344,1.8524989536830343,2.1666666666666665,0.7824457716967721,2.8304231267569784,74.09995814732143,2.19548920041744,"{'buy_score': 290.0, 'sell_score': 160.0}","{'signal': 'BUY', 'strength': 70, 'fast_ema': np.float64(3316.216509732341), 'slow_ema': np.float64(3264.9830678671956), 'trend': 'BULLISH', 'crossover': np.False_}","{'signal': 'NONE', 'strength': 0, 'rsi': np.float64(65.38460194631007), 'vwap': np.float64(2947.505186679982), 'vwap_trend': 'RISING', 'price_vs_vwap': 'ABOVE'}","{'signal': 'BUY', 'strength': 60, 'short_ma': np.float64(3283.3400146484373), 'long_ma': np.float64(3209.9132080078125), 'crossover': 'NONE', 'ma_distance': np.float64(2.287501308678565)}","{'signal': 'STRONG_BUY', 'strength': 80, 'supertrend': np.float64(2700.064920194381), 'direction': 'BULLISH', 'distance_pct': np.float64(20.000449110550214), 'atr': np.float64(74.92853655133929)}","{'signal': 'STRONG_SELL', 'strength': 80, 'bb_position': np.float64(0.9285200910756044), 'upper_band': np.float64(3396.2920387633753), 'lower_band': np.float64(3099.817946588187), 'sma': np.float64(3248.0549926757812)}",65.38460194631007,2947.505186679982,3316.216509732341,3264.9830678671956,2700.064920194381,True,2025-08-22T10:06:31.861146
BOSCHLTD,Auto,STRONG_BUY,35.5,39475.0,37063.392857142855,"[43092.41071428572, 44298.21428571429, 46709.821428571435]",37545.71428571428,0,0.0,0.0,0.0,2.1666666666666665,0.46511426414669305,2.1081220900155198,964.6428571428571,2.4436804487469463,"{'buy_score': 355.0, 'sell_score': 0.0}","{'signal': 'BUY', 'strength': 70, 'fast_ema': np.float64(39308.6170467464), 'slow_ema': np.float64(38779.09774062461), 'trend': 'BULLISH', 'crossover': np.False_}","{'signal': 'BUY', 'strength': 65, 'rsi': np.float64(43.07458143074581), 'vwap': np.float64(32539.8674435979), 'vwap_trend': 'RISING', 'price_vs_vwap': 'ABOVE'}","{'signal': 'BUY', 'strength': 60, 'short_ma': np.float64(39006.5), 'long_ma': np.float64(37287.7626953125), 'crossover': 'NONE', 'ma_distance': np.float64(4.609387049396678)}","{'signal': 'STRONG_BUY', 'strength': 80, 'supertrend': np.float64(36127.96863947529), 'direction': 'BULLISH', 'distance_pct': np.float64(8.478863484546437), 'atr': np.float64(686.4285714285714)}","{'signal': 'NONE', 'strength': 0, 'bb_position': np.float64(0.5712910382293805), 'upper_band': np.float64(41360.6023810365), 'lower_band': np.float64(36962.274962713505), 'sma': np.float64(39161.438671875)}",43.07458143074581,32539.8674435979,39308.6170467464,38779.09774062461,36127.96863947529,True,2025-08-22T10:06:31.909357
SIEMENS,FMCG,STRONG_SELL,38.5,3197.199951171875,3422.1820765904017,"[2859.7267630440847, 2747.2357003348216, 2522.253574916295]",3357.059948730469,8,25577.599609375,1799.8570033482138,1.799857003348214,2.166666666666667,1.7025444145338067,1.4758625296167835,89.99285016741071,2.8147395077503825,"{'buy_score': 70.0, 'sell_score': 385.0}","{'signal': 'BUY', 'strength': 70, 'fast_ema': np.float64(3140.2811646374607), 'slow_ema': np.float64(3126.1847550652997), 'trend': 'BULLISH', 'crossover': np.False_}","{'signal': 'SELL', 'strength': 65, 'rsi': np.float64(65.87826564396997), 'vwap': np.float64(4087.334680945069), 'vwap_trend': 'FALLING', 'price_vs_vwap': 'BELOW'}","{'signal': 'NONE', 'strength': 0, 'short_ma': np.float64(3132.1900146484377), 'long_ma': np.float64(3147.1250061035157), 'crossover': 'NONE', 'ma_distance': np.float64(0.4745598419545839)}","{'signal': 'STRONG_SELL', 'strength': 80, 'supertrend': np.float64(4335.507184709822), 'direction': 'BEARISH', 'distance_pct': np.float64(35.603254438957464), 'atr': np.float64(77.72855050223214)}","{'signal': 'STRONG_SELL', 'strength': 80, 'bb_position': np.float64(0.9636649908896997), 'upper_band': np.float64(3205.1868862428805), 'lower_band': np.float64(2985.3731235227447), 'sma': np.float64(3095.2800048828126)}",65.87826564396997,4087.334680945069,3140.2811646374607,3126.1847550652997,4335.507184709822,True,2025-08-22T10:06:31.991841
BPCL,Industrials,STRONG_BUY,22.5,319.95001220703125,299.09287697928295,"[351.2357150486537, 361.66428266252785, 382.52141789027615]",303.9525115966797,95,30395.25115966797,1981.4278466360886,1.9814278466360884,2.1666666666666665,0.6480156950999435,-0.7906938892926356,8.34285409109933,2.6075492335661763,"{'buy_score': 225.0, 'sell_score': 60.0}","{'signal': 'NONE', 'strength': 0, 'fast_ema': np.float64(319.8382908146291), 'slow_ema': np.float64(322.3314498320794), 'trend': 'BEARISH', 'crossover': np.False_}","{'signal': 'BUY', 'strength': 65, 'rsi': np.float64(41.052654941686605), 'vwap': np.float64(287.91716655379486), 'vwap_trend': 'RISING', 'price_vs_vwap': 'ABOVE'}","{'signal': 'SELL', 'strength': 60, 'short_ma': np.float64(319.0350067138672), 'long_ma': np.float64(329.60114059448244), 'crossover': 'NONE', 'ma_distance': np.float64(3.2057334090403162)}","{'signal': 'STRONG_BUY', 'strength': 80, 'supertrend': np.float64(256.67278479715156), 'direction': 'BULLISH', 'distance_pct': np.float64(19.777223002240316), 'atr': np.float64(7.421421595982143)}","{'signal': 'NONE', 'strength': 0, 'bb_position': np.float64(0.4218412155937824), 'upper_band': np.float64(335.4775996599494), 'lower_band': np.float64(308.6206394757928), 'sma': np.float64(322.0491195678711)}",41.052654941686605,287.91716655379486,319.8382908146291,322.3314498320794,256.67278479715156,True,2025-08-22T10:06:32.041799
TATAMOTORS,Auto,STRONG_SELL,22.5,685.4000244140625,724.7214660644531,"[626.4178619384766, 606.7571411132812, 567.4356994628906]",716.857177734375,50,34270.001220703125,1966.0720825195312,1.966072082519531,2.1666666666666665,0.746084528115259,3.261773923022599,15.72857666015625,2.294802465699116,"{'buy_score': 70.0, 'sell_score': 225.0}","{'signal': 'BUY', 'strength': 70, 'fast_ema': np.float64(675.8389376945244), 'slow_ema': np.float64(672.3636837486162), 'trend': 'BULLISH', 'crossover': np.False_}","{'signal': 'NONE', 'strength': 0, 'rsi': np.float64(57.7706823405709), 'vwap': np.float64(685.9901196327919), 'vwap_trend': 'RISING', 'price_vs_vwap': 'BELOW'}","{'signal': 'NONE', 'strength': 0, 'short_ma': np.float64(666.7649963378906), 'long_ma': np.float64(677.1899978637696), 'crossover': 'NONE', 'ma_distance': np.float64(1.5394500153229074)}","{'signal': 'STRONG_SELL', 'strength': 80, 'supertrend': np.float64(724.7614826946362), 'direction': 'BEARISH', 'distance_pct': np.float64(5.742844598557349), 'atr': np.float64(14.900006975446429)}","{'signal': 'SELL', 'strength': 65, 'bb_position': np.float64(0.7143346059862565), 'upper_band': np.float64(707.5845365987662), 'lower_band': np.float64(629.9254548563118), 'sma': np.float64(668.754995727539)}",57.7706823405709,685.9901196327919,675.8389376945244,672.3636837486162,724.7614826946362,True,2025-08-22T10:06:32.093859
VOLTAS,FMCG,STRONG_SELL,28.5,1362.699951171875,1470.324964250837,"[1201.2624315534322, 1147.449925013951, 1039.8249119349891]",1430.8349487304688,18,24528.59912109375,1937.2502354213152,1.9372502354213152,2.1666666666666665,1.1442979920183798,6.786300230604896,43.05000523158482,3.1591697933623095,"{'buy_score': 70.0, 'sell_score': 285.0}","{'signal': 'BUY', 'strength': 70, 'fast_ema': np.float64(1333.6195771117389), 'slow_ema': np.float64(1327.5690306020647), 'trend': 'BULLISH', 'crossover': np.False_}","{'signal': 'NONE', 'strength': 0, 'rsi': np.float64(56.15763652591783), 'vwap': np.float64(1352.0852589779045), 'vwap_trend': 'RISING', 'price_vs_vwap': 'ABOVE'}","{'signal': 'SELL', 'strength': 60, 'short_ma': np.float64(1311.5799926757813), 'long_ma': np.float64(1340.0899963378906), 'crossover': 'NONE', 'ma_distance': np.float64(2.127469329673346)}","{'signal': 'STRONG_SELL', 'strength': 80, 'supertrend': np.float64(1567.2513305364278), 'direction': 'BEARISH', 'distance_pct': np.float64(15.010742400676364), 'atr': np.float64(44.40000697544643)}","{'signal': 'SELL', 'strength': 65, 'bb_position': np.float64(0.7946731166802237), 'upper_band': np.float64(1392.9722000436318), 'lower_band': np.float64(1245.5377853079308), 'sma': np.float64(1319.2549926757813)}",56.15763652591783,1352.0852589779045,1333.6195771117389,1327.5690306020647,1567.2513305364278,True,2025-08-22T10:06:32.143717
HINDUNILVR,FMCG,STRONG_BUY,29.0,2648.0,2488.6607491629466,"[2887.00887625558, 2966.678501674107, 3126.0177525111603]",2520.5285993303573,12,31776.0,1912.0710100446413,1.9120710100446414,2.1666666666666665,1.348826870136456,6.128006747600033,63.73570033482143,2.4069373238225613,"{'buy_score': 290.0, 'sell_score': 160.0}","{'signal': 'BUY', 'strength': 70, 'fast_ema': np.float64(2576.513296922353), 'slow_ema': np.float64(2531.3902875736785), 'trend': 'BULLISH', 'crossover': np.False_}","{'signal': 'NONE', 'strength': 0, 'rsi': np.float64(66.65792139130703), 'vwap': np.float64(2345.967081223661), 'vwap_trend': 'RISING', 'price_vs_vwap': 'ABOVE'}","{'signal': 'BUY', 'strength': 60, 'short_ma': np.float64(2548.4700439453127), 'long_ma': np.float64(2465.1750061035154), 'crossover': 'NONE', 'ma_distance': np.float64(3.3788691527200885)}","{'signal': 'STRONG_BUY', 'strength': 80, 'supertrend': np.float64(2280.635899135045), 'direction': 'BULLISH', 'distance_pct': np.float64(13.87326664897867), 'atr': np.float64(61.057163783482146)}","{'signal': 'STRONG_SELL', 'strength': 80, 'bb_position': np.float64(0.9738246936929082), 'upper_band': np.float64(2655.183193727933), 'lower_band': np.float64(2380.7568453345666), 'sma': np.float64(2517.97001953125)}",66.65792139130703,2345.967081223661,2576.513296922353,2531.3902875736785,2280.635899135045,True,2025-08-22T10:06:32.201851
TATACHEM,Industrials,STRONG_SELL,23.0,940.2000122070312,987.2357308523996,"[869.6464342389788, 846.1285749162946, 799.0928562709263]",977.8285871233259,42,39488.40051269531,1975.5001831054694,1.9755001831054695,2.166666666666666,0.4317879714971585,-0.12747101932339022,18.814287458147323,2.001094151656364,"{'buy_score': 65.0, 'sell_score': 230.0}","{'signal': 'SELL', 'strength': 70, 'fast_ema': np.float64(945.8956922975583), 'slow_ema': np.float64(948.3224827363462), 'trend': 'BEARISH', 'crossover': np.False_}","{'signal': 'BUY', 'strength': 65, 'rsi': np.float64(34.366942530103), 'vwap': np.float64(915.9583673879035), 'vwap_trend': 'RISING', 'price_vs_vwap': 'ABOVE'}","{'signal': 'NONE', 'strength': 0, 'short_ma': np.float64(945.6100036621094), 'long_ma': np.float64(945.2550033569336), 'crossover': 'NONE', 'ma_distance': np.float64(0.037556035558142326)}","{'signal': 'STRONG_SELL', 'strength': 80, 'supertrend': np.float64(959.3377340379001), 'direction': 'BULLISH', 'distance_pct': np.float64(2.0354947439263293), 'atr': np.float64(13.75714111328125)}","{'signal': 'NONE', 'strength': 0, 'bb_position': np.float64(0.30853148134499736), 'upper_band': np.float64(994.7049591113499), 'lower_band': np.float64(915.8800445507594), 'sma': np.float64(955.2925018310547)}",34.366942530103,915.9583673879035,945.8956922975583,948.3224827363462,959.3377340379001,True,2025-08-22T10:06:32.275544
NESTLEIND,FMCG,STRONG_SELL,38.0,1179.4000244140625,1246.4535958426338,"[1078.8196672712056, 1045.2928815569198, 978.2393101283485]",1233.0428815569196,29,34202.60070800781,1944.5535714285686,1.9445535714285687,2.166666666666666,0.6050182941575573,7.52119593069291,26.821428571428573,2.2741587261500795,"{'buy_score': 70.0, 'sell_score': 380.0}","{'signal': 'BUY', 'strength': 70, 'fast_ema': np.float64(1145.777970218375), 'slow_ema': np.float64(1144.5149507687606), 'trend': 'BULLISH', 'crossover': np.True_}","{'signal': 'NONE', 'strength': 0, 'rsi': np.float64(63.49284004734559), 'vwap': np.float64(1146.7204030363064), 'vwap_trend': 'RISING', 'price_vs_vwap': 'ABOVE'}","{'signal': 'SELL', 'strength': 60, 'short_ma': np.float64(1127.1400146484375), 'long_ma': np.float64(1170.3976837158202), 'crossover': 'NONE', 'ma_distance': np.float64(3.6959804064244843)}","{'signal': 'STRONG_SELL', 'strength': 80, 'supertrend': np.float64(1287.4713657924108), 'direction': 'BEARISH', 'distance_pct': np.float64(9.163247341124924), 'atr': np.float64(32.714320591517854)}","{'signal': 'STRONG_SELL', 'strength': 80, 'bb_position': np.float64(0.948288597089911), 'upper_band': np.float64(1185.3112868322833), 'lower_band': np.float64(1070.998735140373), 'sma': np.float64(1128.155010986328)}",63.49284004734559,1146.7204030363064,1145.777970218375,1144.5149507687606,1287.4713657924108,True,2025-08-22T10:06:32.310152
TATACONSUM,FMCG,STRONG_BUY,23.0,1088.0999755859375,1036.6713387625557,"[1165.2429308210103, 1190.957249232701, 1242.3858860560829]",1046.957066127232,38,41347.799072265625,1954.2881992885082,1.9542881992885082,2.1666666666666674,0.5508096910890254,3.030016167005969,20.571454729352677,1.8905849821635214,"{'buy_score': 230.0, 'sell_score': 65.0}","{'signal': 'BUY', 'strength': 70, 'fast_ema': np.float64(1075.8532497897029), 'slow_ema': np.float64(1072.5638565186068), 'trend': 'BULLISH', 'crossover': np.False_}","{'signal': 'NONE', 'strength': 0, 'rsi': np.float64(55.6226559023584), 'vwap': np.float64(1030.6088275658706), 'vwap_trend': 'RISING', 'price_vs_vwap': 'ABOVE'}","{'signal': 'NONE', 'strength': 0, 'short_ma': np.float64(1066.7500122070312), 'long_ma': np.float64(1080.0475158691406), 'crossover': 'NONE', 'ma_distance': np.float64(1.2311961711618395)}","{'signal': 'STRONG_BUY', 'strength': 80, 'supertrend': np.float64(840.6587698212043), 'direction': 'BULLISH', 'distance_pct': np.float64(22.74066825812464), 'atr': np.float64(22.414306640625)}","{'signal': 'SELL', 'strength': 65, 'bb_position': np.float64(0.8707660203747348), 'upper_band': np.float64(1095.7525860331964), 'lower_band': np.float64(1036.5374286152412), 'sma': np.float64(1066.1450073242188)}",55.6226559023584,1030.6088275658706,1075.8532497897029,1072.5638565186068,840.6587698212043,True,2025-08-22T10:06:32.366210
ASIANPAINT,Industrials,STRONG_BUY,29.0,2566.60009765625,2453.4036865234375,"[2736.3947143554688, 2792.992919921875, 2906.1893310546875]",2476.04296875,17,43632.20166015625,1924.3389892578125,1.9243389892578127,2.1666666666666665,0.7331494582279855,2.655793447770144,45.278564453125,1.7641456686015153,"{'buy_score': 290.0, 'sell_score': 65.0}","{'signal': 'BUY', 'strength': 70, 'fast_ema': np.float64(2536.072384855626), 'slow_ema': np.float64(2489.4598052964766), 'trend': 'BULLISH', 'crossover': np.False_}","{'signal': 'NONE', 'strength': 0, 'rsi': np.float64(76.51636997650475), 'vwap': np.float64(2309.3406679463383), 'vwap_trend': 'RISING', 'price_vs_vwap': 'ABOVE'}","{'signal': 'BUY', 'strength': 60, 'short_ma': np.float64(2528.1900146484377), 'long_ma': np.float64(2435.129998779297), 'crossover': 'NONE', 'ma_distance': np.float64(3.8215625414573693)}","{'signal': 'STRONG_BUY', 'strength': 80, 'supertrend': np.float64(2389.896550925828), 'direction': 'BEARISH', 'distance_pct': np.float64(6.884732330984601), 'atr': np.float64(34.57142857142857)}","{'signal': 'SELL', 'strength': 65, 'bb_position': np.float64(0.8227865613672478), 'upper_band': np.float64(2620.9522470450893), 'lower_band': np.float64(2314.2478017830354), 'sma': np.float64(2467.6000244140623)}",76.51636997650475,2309.3406679463383,2536.072384855626,2489.4598052964766,2389.896550925828,True,2025-08-22T10:06:32.432780
COLPAL,FMCG,STRONG_SELL,44.5,2350.5,2466.678458077567,"[2176.2323128836497, 2118.143083844866, 2001.964625767299]",2443.4427664620534,17,39958.5,1975.0337873186395,1.9750337873186394,2.166666666666666,1.093502369725458,8.233183812139536,46.471383231026785,1.977085013019646,"{'buy_score': 70.0, 'sell_score': 445.0}","{'signal': 'BUY', 'strength': 70, 'fast_ema': np.float64(2269.2030978401863), 'slow_ema': np.float64(2268.526554185912), 'trend': 'BULLISH', 'crossover': np.True_}","{'signal': 'SELL', 'strength': 65, 'rsi': np.float64(64.7669800102125), 'vwap': np.float64(2478.6677472306237), 'vwap_trend': 'FALLING', 'price_vs_vwap': 'BELOW'}","{'signal': 'SELL', 'strength': 60, 'short_ma': np.float64(2239.289990234375), 'long_ma': np.float64(2320.1600036621094), 'crossover': 'NONE', 'ma_distance': np.float64(3.4855360535519124)}","{'signal': 'STRONG_SELL', 'strength': 80, 'supertrend': np.float64(2861.3743389411065), 'direction': 'BEARISH', 'distance_pct': np.float64(21.7347091657565), 'atr': np.float64(58.942801339285715)}","{'signal': 'STRONG_SELL', 'strength': 80, 'bb_position': np.float64(1.0740754088502664), 'upper_band': np.float64(2335.952674603581), 'lower_band': np.float64(2139.5673205136063), 'sma': np.float64(2237.7599975585936)}",64.7669800102125,2478.6677472306237,2269.2030978401863,2268.526554185912,2861.3743389411065,True,2025-08-22T10:06:32.523250
BALKRISIND,Auto,STRONG_SELL,29.0,2414.0,2579.7856968470983,"[2165.321454729353, 2082.4286063058034, 1916.6429094587052]",2534.7000000000003,12,28968.0,1989.4283621651794,1.9894283621651794,2.166666666666666,0.6216255163495618,0.0704701379374768,66.31427873883929,2.7470703702916026,"{'buy_score': 65.0, 'sell_score': 290.0}","{'signal': 'SELL', 'strength': 70, 'fast_ema': np.float64(2437.3404160070113), 'slow_ema': np.float64(2492.9794409684932), 'trend': 'BEARISH', 'crossover': np.False_}","{'signal': 'NONE', 'strength': 0, 'rsi': np.float64(17.22498609923467), 'vwap': np.float64(2570.511006733723), 'vwap_trend': 'FALLING', 'price_vs_vwap': 'BELOW'}","{'signal': 'SELL', 'strength': 60, 'short_ma': np.float64(2419.0400146484376), 'long_ma': np.float64(2571.098278808594), 'crossover': 'NONE', 'ma_distance': np.float64(5.9141365934334384)}","{'signal': 'STRONG_SELL', 'strength': 80, 'supertrend': np.float64(2596.197342706442), 'direction': 'BULLISH', 'distance_pct': np.float64(7.547528695378716), 'atr': np.float64(45.871407645089285)}","{'signal': 'BUY', 'strength': 65, 'bb_position': np.float64(0.28932238592271314), 'upper_band': np.float64(2796.4274862910247), 'lower_band': np.float64(2258.3107949589753), 'sma': np.float64(2527.369140625)}",17.22498609923467,2570.511006733723,2437.3404160070113,2492.9794409684932,2596.197342706442,True,2025-08-22T10:06:32.702426
SRF,Industrials,STRONG_BUY,22.5,2912.800048828125,2729.4251098632812,"[3187.8624572753906, 3279.5499267578125, 3462.9248657226562]",2767.1600463867185,10,29128.00048828125,1833.7493896484375,1.8337493896484376,2.1666666666666665,0.6748846634808013,2.0173752676273646,73.3499755859375,2.518194670294914,"{'buy_score': 225.0, 'sell_score': 130.0}","{'signal': 'SELL', 'strength': 70, 'fast_ema': np.float64(2916.484019782738), 'slow_ema': np.float64(2965.986998783727), 'trend': 'BEARISH', 'crossover': np.False_}","{'signal': 'BUY', 'strength': 65, 'rsi': np.float64(36.928107182500064), 'vwap': np.float64(2862.3629131878806), 'vwap_trend': 'RISING', 'price_vs_vwap': 'ABOVE'}","{'signal': 'SELL', 'strength': 60, 'short_ma': np.float64(2888.489990234375), 'long_ma': np.float64(3087.073370361328), 'crossover': 'NONE', 'ma_distance': np.float64(6.432739242077357)}","{'signal': 'STRONG_BUY', 'strength': 80, 'supertrend': np.float64(2287.440018340667), 'direction': 'BULLISH', 'distance_pct': np.float64(21.469377231679612), 'atr': np.float64(63.885707310267854)}","{'signal': 'NONE', 'strength': 0, 'bb_position': np.float64(0.3482969063667739), 'upper_band': np.float64(3159.6424948715016), 'lower_band': np.float64(2780.877304933186), 'sma': np.float64(2970.259899902344)}",36.928107182500064,2862.3629131878806,2916.484019782738,2965.986998783727,2287.440018340667,True,2025-08-22T10:06:32.776415
EICHERMOT,Auto,STRONG_BUY,29.0,5975.0,5695.446428571428,"[6394.330357142857, 6534.107142857143, 6813.660714285715]",5751.357142857143,7,41825.0,1956.875000000001,1.956875000000001,2.166666666666666,1.0189878722253738,4.558579053285502,111.82142857142857,1.8714883442916916,"{'buy_score': 290.0, 'sell_score': 160.0}","{'signal': 'BUY', 'strength': 70, 'fast_ema': np.float64(5829.594348019884), 'slow_ema': np.float64(5708.656472320459), 'trend': 'BULLISH', 'crossover': np.False_}","{'signal': 'NONE', 'strength': 0, 'rsi': np.float64(93.1189229618549), 'vwap': np.float64(5272.140830010549), 'vwap_trend': 'RISING', 'price_vs_vwap': 'ABOVE'}","{'signal': 'BUY', 'strength': 60, 'short_ma': np.float64(5791.55), 'long_ma': np.float64(5594.241638183594), 'crossover': 'NONE', 'ma_distance': np.float64(3.5269903335900756)}","{'signal': 'STRONG_BUY', 'strength': 80, 'supertrend': np.float64(4589.58491301109), 'direction': 'BULLISH', 'distance_pct': np.float64(23.18686338056753), 'atr': np.float64(108.35714285714286)}","{'signal': 'STRONG_SELL', 'strength': 80, 'bb_position': np.float64(0.9114340015940396), 'upper_band': np.float64(6048.158651542063), 'lower_band': np.float64(5222.123233223562), 'sma': np.float64(5635.140942382813)}",93.1189229618549,5272.140830010549,5829.594348019884,5708.656472320459,4589.58491301109,True,2025-08-22T10:06:32.835954
WIPRO,I.T,STRONG_SELL,22.0,249.91000366210938,262.1439312526158,"[231.55911227634974, 225.44214848109652, 213.2082208905901]",259.6971457345145,163,40735.33059692383,1994.1301972525473,1.9941301972525471,2.1666666666666665,0.9998746063590263,3.418170897684086,4.893571036202567,1.958133313790398,"{'buy_score': 0.0, 'sell_score': 220.0}","{'signal': 'NONE', 'strength': 0, 'fast_ema': np.float64(246.75766378372737), 'slow_ema': np.float64(247.5535660061965), 'trend': 'BEARISH', 'crossover': np.False_}","{'signal': 'NONE', 'strength': 0, 'rsi': np.float64(52.197653653300044), 'vwap': np.float64(266.05416136692537), 'vwap_trend': 'FALLING', 'price_vs_vwap': 'BELOW'}","{'signal': 'SELL', 'strength': 60, 'short_ma': np.float64(244.60900115966797), 'long_ma': np.float64(252.76132469177247), 'crossover': 'NONE', 'ma_distance': np.float64(3.225304955987939)}","{'signal': 'STRONG_SELL', 'strength': 80, 'supertrend': np.float64(316.4426361713956), 'direction': 'BEARISH', 'distance_pct': np.float64(26.622636762969123), 'atr': np.float64(4.632856096540179)}","{'signal': 'NONE', 'strength': 0, 'bb_position': np.float64(0.6686834842383942), 'upper_band': np.float64(256.4005876614542), 'lower_band': np.float64(236.81030558805753), 'sma': np.float64(246.60544662475587)}",52.197653653300044,266.05416136692537,246.75766378372737,247.5535660061965,316.4426361713956,True,2025-08-22T10:06:32.889083
APOLLOHOSP,Pharmaceuticals,STRONG_BUY,29.0,7926.5,7522.314191796242,"[8532.778712305637, 8734.871616407516, 9139.057424611274]",7603.151353436993,4,31706.0,1616.7432328150317,1.6167432328150315,2.166666666666667,1.0015374752182247,1.6411058165660857,161.6743232815033,2.0396684953195394,"{'buy_score': 290.0, 'sell_score': 160.0}","{'signal': 'BUY', 'strength': 70, 'fast_ema': np.float64(7697.266515197638), 'slow_ema': np.float64(7535.774760805776), 'trend': 'BULLISH', 'crossover': np.False_}","{'signal': 'NONE', 'strength': 0, 'rsi': np.float64(66.73394828056993), 'vwap': np.float64(6971.870415416117), 'vwap_trend': 'RISING', 'price_vs_vwap': 'ABOVE'}","{'signal': 'BUY', 'strength': 60, 'short_ma': np.float64(7576.8767578125), 'long_ma': np.float64(7414.2287109375), 'crossover': 'NONE', 'ma_distance': np.float64(2.1937284809552824)}","{'signal': 'STRONG_BUY', 'strength': 80, 'supertrend': np.float64(6971.0772683312725), 'direction': 'BULLISH', 'distance_pct': np.float64(12.05352591520504), 'atr': np.float64(166.9060325758571)}","{'signal': 'STRONG_SELL', 'strength': 80, 'bb_position': np.float64(0.9198863052167628), 'upper_band': np.float64(8013.694612217436), 'lower_band': np.float64(6925.308756923188), 'sma': np.float64(7469.501684570312)}",66.73394828056993,6971.870415416117,7697.266515197638,7535.774760805776,6971.0772683312725,True,2025-08-22T10:06:32.944704
SUPREMEIND,FMCG,STRONG_SELL,32.0,4576.39990234375,4875.82861328125,"[4127.2568359375, 3977.54248046875, 3678.11376953125]",4805.219897460937,6,27458.3994140625,1796.572265625,1.7965722656249998,2.1666666666666665,1.3998788866848615,6.427904705668605,119.771484375,2.6171551204181354,"{'buy_score': 130.0, 'sell_score': 320.0}","{'signal': 'BUY', 'strength': 70, 'fast_ema': np.float64(4436.560599378429), 'slow_ema': np.float64(4353.289426103514), 'trend': 'BULLISH', 'crossover': np.False_}","{'signal': 'NONE', 'strength': 0, 'rsi': np.float64(62.7906976744186), 'vwap': np.float64(3984.334225047053), 'vwap_trend': 'RISING', 'price_vs_vwap': 'ABOVE'}","{'signal': 'BUY', 'strength': 60, 'short_ma': np.float64(4371.160009765625), 'long_ma': np.float64(4279.965026855469), 'crossover': 'NONE', 'ma_distance': np.float64(2.130741310686777)}","{'signal': 'STRONG_SELL', 'strength': 80, 'supertrend': np.float64(5193.522333151049), 'direction': 'BEARISH', 'distance_pct': np.float64(13.484888645575897), 'atr': np.float64(130.60002790178572)}","{'signal': 'STRONG_SELL', 'strength': 80, 'bb_position': np.float64(0.9876904218271509), 'upper_band': np.float64(4582.789041725841), 'lower_band': np.float64(4063.7509973366587), 'sma': np.float64(4323.27001953125)}",62.7906976744186,3984.334225047053,4436.560599378429,4353.289426103514,5193.522333151049,True,2025-08-22T10:06:32.995108
SHRIRAMFIN,Finance,STRONG_SELL,20.0,619.7999877929688,654.4428231375558,"[567.8357347760882, 550.5143171037946, 515.8714817592075]",647.5142560686384,57,35328.59930419922,1974.641614641463,1.974641614641463,2.166666666666666,0.6957002351479493,0.08881514622022608,13.857134137834821,2.2357428865364075,"{'buy_score': 65.0, 'sell_score': 200.0}","{'signal': 'SELL', 'strength': 70, 'fast_ema': np.float64(621.083261371466), 'slow_ema': np.float64(627.6167376250613), 'trend': 'BEARISH', 'crossover': np.False_}","{'signal': 'BUY', 'strength': 65, 'rsi': np.float64(44.59127843161624), 'vwap': np.float64(618.4536796562883), 'vwap_trend': 'RISING', 'price_vs_vwap': 'ABOVE'}","{'signal': 'SELL', 'strength': 60, 'short_ma': np.float64(619.1449951171875), 'long_ma': np.float64(648.0507659912109), 'crossover': 'NONE', 'ma_distance': np.float64(4.460417669565024)}","{'signal': 'SELL', 'strength': 70, 'supertrend': np.float64(630.0308630781165), 'direction': 'BEARISH', 'distance_pct': np.float64(1.6506736829051234), 'atr': np.float64(12.307146344866071)}","{'signal': 'NONE', 'strength': 0, 'bb_position': np.float64(0.3802574139810185), 'upper_band': np.float64(640.5283866493239), 'lower_band': np.float64(607.0815987022386), 'sma': np.float64(623.8049926757812)}",44.59127843161624,618.4536796562883,621.083261371466,627.6167376250613,630.0308630781165,True,2025-08-22T10:06:33.048307
CHOLAFIN,Finance,STRONG_BUY,23.0,1518.300048828125,1415.5500226702009,"[1672.425088065011, 1723.8001011439733, 1826.5501273018974]",1442.3850463867186,19,28847.700927734375,1952.2504970005587,1.9522504970005585,2.1666666666666665,0.39954232148612,3.957552127909962,41.100010463169646,2.7069755082265865,"{'buy_score': 230.0, 'sell_score': 125.0}","{'signal': 'BUY', 'strength': 70, 'fast_ema': np.float64(1499.5651007012816), 'slow_ema': np.float64(1498.230877091811), 'trend': 'BULLISH', 'crossover': np.True_}","{'signal': 'NONE', 'strength': 0, 'rsi': np.float64(62.17181485514587), 'vwap': np.float64(1457.1745016937616), 'vwap_trend': 'RISING', 'price_vs_vwap': 'ABOVE'}","{'signal': 'SELL', 'strength': 60, 'short_ma': np.float64(1488.65), 'long_ma': np.float64(1522.498519897461), 'crossover': 'NONE', 'ma_distance': np.float64(2.2232218590097883)}","{'signal': 'STRONG_BUY', 'strength': 80, 'supertrend': np.float64(1121.1642591283162), 'direction': 'BULLISH', 'distance_pct': np.float64(26.156607846145537), 'atr': np.float64(32.81431361607143)}","{'signal': 'SELL', 'strength': 65, 'bb_position': np.float64(0.76594314297408), 'upper_band': np.float64(1549.3808595038552), 'lower_band': np.float64(1416.5891478203637), 'sma': np.float64(1482.9850036621094)}",62.17181485514587,1457.1745016937616,1499.5651007012816,1498.230877091811,1121.1642591283162,True,2025-08-22T10:06:33.099171
DELHIVERY,Services,STRONG_BUY,29.0,471.95001220703125,441.47679356166293,"[517.6598401750837, 532.8964494977679, 563.3696681431362]",448.3525115966797,65,30676.75079345703,1980.759211948941,1.980759211948941,2.166666666666666,0.8456137274135882,1.0383228516680427,12.189287458147321,2.5827496859561943,"{'buy_score': 290.0, 'sell_score': 65.0}","{'signal': 'BUY', 'strength': 70, 'fast_ema': np.float64(465.7837081129922), 'slow_ema': np.float64(453.3708817658947), 'trend': 'BULLISH', 'crossover': np.False_}","{'signal': 'NONE', 'strength': 0, 'rsi': np.float64(79.78313858935763), 'vwap': np.float64(335.209647922394), 'vwap_trend': 'RISING', 'price_vs_vwap': 'ABOVE'}","{'signal': 'BUY', 'strength': 60, 'short_ma': np.float64(467.3100067138672), 'long_ma': np.float64(429.69500198364256), 'crossover': 'NONE', 'ma_distance': np.float64(8.753884628999376)}","{'signal': 'STRONG_BUY', 'strength': 80, 'supertrend': np.float64(308.2357090541295), 'direction': 'BULLISH', 'distance_pct': np.float64(34.68890749410234), 'atr': np.float64(9.785718645368304)}","{'signal': 'SELL', 'strength': 65, 'bb_position': np.float64(0.7524091683345105), 'upper_band': np.float64(492.21563352358953), 'lower_band': np.float64(410.36437441098076), 'sma': np.float64(451.29000396728514)}",79.78313858935763,335.209647922394,465.7837081129922,453.3708817658947,308.2357090541295,True,2025-08-22T10:06:33.270031
HINDCOPPER,Metals,STRONG_SELL,20.0,239.80999755859375,256.0528559003557,"[215.4457100459508, 207.3242808750698, 191.08142253330783]",251.80049743652344,123,29496.62969970703,1997.8715760367227,1.9978715760367225,2.1666666666666665,0.20455619736614095,-0.9867875391258477,6.4971433367047995,2.7092879374711334,"{'buy_score': 0.0, 'sell_score': 200.0}","{'signal': 'SELL', 'strength': 70, 'fast_ema': np.float64(241.5650118705978), 'slow_ema': np.float64(246.26137069784488), 'trend': 'BEARISH', 'crossover': np.False_}","{'signal': 'NONE', 'strength': 0, 'rsi': np.float64(45.21620072334968), 'vwap': np.float64(241.17238347816982), 'vwap_trend': 'FALLING', 'price_vs_vwap': 'BELOW'}","{'signal': 'SELL', 'strength': 60, 'short_ma': np.float64(240.34600067138672), 'long_ma': np.float64(258.9939987182617), 'crossover': 'NONE', 'ma_distance': np.float64(7.200166080744061)}","{'signal': 'SELL', 'strength': 70, 'supertrend': np.float64(241.88929966517856), 'direction': 'BULLISH', 'distance_pct': np.float64(0.86706231089334), 'atr': np.float64(4.657143729073661)}","{'signal': 'NONE', 'strength': 0, 'bb_position': np.float64(0.3389698370478298), 'upper_band': np.float64(264.71099221907434), 'lower_band': np.float64(227.04100973405068), 'sma': np.float64(245.8760009765625)}",45.21620072334968,241.17238347816982,241.5650118705978,246.26137069784488,241.88929966517856,True,2025-08-22T10:06:33.426865
HAVELLS,FMCG,STRONG_BUY,23.0,1553.5999755859375,1471.2963562011719,"[1677.055404663086, 1718.2072143554688, 1800.5108337402344]",1487.757080078125,24,37286.3994140625,1975.286865234375,1.975286865234375,2.1666666666666665,0.5548696554419427,5.982669330190489,32.92144775390625,2.1190427569033647,"{'buy_score': 230.0, 'sell_score': 65.0}","{'signal': 'BUY', 'strength': 70, 'fast_ema': np.float64(1529.4468821965443), 'slow_ema': np.float64(1520.79202717156), 'trend': 'BULLISH', 'crossover': np.False_}","{'signal': 'NONE', 'strength': 0, 'rsi': np.float64(61.96929163900694), 'vwap': np.float64(1544.1909204719066), 'vwap_trend': 'RISING', 'price_vs_vwap': 'ABOVE'}","{'signal': 'NONE', 'strength': 0, 'short_ma': np.float64(1511.4499877929688), 'long_ma': np.float64(1528.3624908447266), 'crossover': 'NONE', 'ma_distance': np.float64(1.1065766893042643)}","{'signal': 'STRONG_BUY', 'strength': 80, 'supertrend': np.float64(1414.4114446489311), 'direction': 'BULLISH', 'distance_pct': np.float64(8.959097137248065), 'atr': np.float64(35.80003138950893)}","{'signal': 'SELL', 'strength': 65, 'bb_position': np.float64(0.8198417346083555), 'upper_band': np.float64(1577.6038524724515), 'lower_band': np.float64(1444.366130437705), 'sma': np.float64(1510.9849914550782)}",61.96929163900694,1544.1909204719066,1529.4468821965443,1520.79202717156,1414.4114446489311,True,2025-08-22T10:06:33.523350
PPLPHARMA,Pharmaceuticals,STRONG_SELL,29.0,192.0500030517578,204.99285670689173,"[172.63572256905695, 166.16429574148998, 153.22144208635606]",201.65250320434572,154,29575.700469970703,1993.1994628906232,1.993199462890623,2.1666666666666665,0.8392400706070114,-0.041639425920737216,5.177141462053571,2.695725790047669,"{'buy_score': 0.0, 'sell_score': 290.0}","{'signal': 'SELL', 'strength': 70, 'fast_ema': np.float64(192.33560799739715), 'slow_ema': np.float64(194.75717907467268), 'trend': 'BEARISH', 'crossover': np.False_}","{'signal': 'NONE', 'strength': 0, 'rsi': np.float64(43.62520953449844), 'vwap': np.float64(215.930906059155), 'vwap_trend': 'FALLING', 'price_vs_vwap': 'BELOW'}","{'signal': 'SELL', 'strength': 60, 'short_ma': np.float64(191.43600158691407), 'long_ma': np.float64(200.25006523132325), 'crossover': 'NONE', 'ma_distance': np.float64(4.401528476021926)}","{'signal': 'STRONG_SELL', 'strength': 80, 'supertrend': np.float64(218.69759768021945), 'direction': 'BULLISH', 'distance_pct': np.float64(13.87534194481635), 'atr': np.float64(4.115711757114956)}","{'signal': 'NONE', 'strength': 0, 'bb_position': np.float64(0.383458983904218), 'upper_band': np.float64(205.98208767471485), 'lower_band': np.float64(183.3849136680586), 'sma': np.float64(194.68350067138672)}",43.62520953449844,215.930906059155,192.33560799739715,194.75717907467268,218.69759768021945,True,2025-08-22T10:06:33.523350
KEI,Industrials,STRONG_BUY,23.0,3953.300048828125,3705.6036464146205,"[4324.844652448382, 4448.692853655134, 4696.389256068638]",3755.6350463867184,8,31626.400390625,1981.5712193080362,1.9815712193080364,2.1666666666666656,0.6698313271633957,3.9302801956180105,99.07856096540179,2.506224160616688,"{'buy_score': 230.0, 'sell_score': 65.0}","{'signal': 'BUY', 'strength': 70, 'fast_ema': np.float64(3898.055454209566), 'slow_ema': np.float64(3870.823742975526), 'trend': 'BULLISH', 'crossover': np.False_}","{'signal': 'NONE', 'strength': 0, 'rsi': np.float64(60.23261842042594), 'vwap': np.float64(3368.5973466533255), 'vwap_trend': 'RISING', 'price_vs_vwap': 'ABOVE'}","{'signal': 'NONE', 'strength': 0, 'short_ma': np.float64(3866.3999755859377), 'long_ma': np.float64(3844.760009765625), 'crossover': 'NONE', 'ma_distance': np.float64(0.562843084232762)}","{'signal': 'STRONG_BUY', 'strength': 80, 'supertrend': np.float64(3424.49991280692), 'direction': 'BEARISH', 'distance_pct': np.float64(13.37617002225665), 'atr': np.float64(105.78571428571429)}","{'signal': 'SELL', 'strength': 65, 'bb_position': np.float64(0.8582837955199698), 'upper_band': np.float64(3987.1544935135175), 'lower_band': np.float64(3748.2654771896073), 'sma': np.float64(3867.7099853515624)}",60.23261842042594,3368.5973466533255,3898.055454209566,3870.823742975526,3424.49991280692,True,2025-08-22T10:06:33.560805
KFINTECH,Financial Services,STRONG_SELL,28.5,1120.199951171875,1200.7144282494594,"[999.4282355554984, 959.1709970167062, 878.6565199391218]",1176.2099487304688,24,26884.798828125,1932.3474498620253,1.9323474498620252,2.1666666666666665,0.9539578598797788,1.1843851038391984,32.205790831033774,2.875003770294966,"{'buy_score': 0.0, 'sell_score': 285.0}","{'signal': 'NONE', 'strength': 0, 'fast_ema': np.float64(1110.387683306072), 'slow_ema': np.float64(1129.1017863649733), 'trend': 'BEARISH', 'crossover': np.False_}","{'signal': 'SELL', 'strength': 65, 'rsi': np.float64(61.056251743840456), 'vwap': np.float64(1154.4025484618785), 'vwap_trend': 'FALLING', 'price_vs_vwap': 'BELOW'}","{'signal': 'SELL', 'strength': 60, 'short_ma': np.float64(1099.4588989257813), 'long_ma': np.float64(1199.4171508789063), 'crossover': 'NONE', 'ma_distance': np.float64(8.333902169055845)}","{'signal': 'STRONG_SELL', 'strength': 80, 'supertrend': np.float64(1177.3991368098982), 'direction': 'BULLISH', 'distance_pct': np.float64(5.10615855483527), 'atr': np.float64(29.161870180083238)}","{'signal': 'NONE', 'strength': 0, 'bb_position': np.float64(0.5593317411567845), 'upper_band': np.float64(1180.8448541159273), 'lower_band': np.float64(1043.224542856729), 'sma': np.float64(1112.0346984863281)}",61.056251743840456,1154.4025484618785,1110.387683306072,1129.1017863649733,1177.3991368098982,True,2025-08-22T10:06:33.690947
MANKIND,Pharmaceuticals,STRONG_SELL,22.5,2600.10009765625,2779.3936953907078,"[2331.1597010545634, 2241.5129021873345, 2062.2193044528767]",2730.1051025390625,11,28601.10107421875,1972.2295750790354,1.9722295750790355,2.166666666666667,2.0667050556460853,5.4379601644870235,71.71743909378304,2.7582568516661987,"{'buy_score': 0.0, 'sell_score': 225.0}","{'signal': 'NONE', 'strength': 0, 'fast_ema': np.float64(2515.5795120596395), 'slow_ema': np.float64(2521.612543230066), 'trend': 'BEARISH', 'crossover': np.False_}","{'signal': 'NONE', 'strength': 0, 'rsi': np.float64(53.939185970007024), 'vwap': np.float64(2501.1074300748082), 'vwap_trend': 'RISING', 'price_vs_vwap': 'ABOVE'}","{'signal': 'NONE', 'strength': 0, 'short_ma': np.float64(2488.2000244140627), 'long_ma': np.float64(2518.8747741699217), 'crossover': 'NONE', 'ma_distance': np.float64(1.2177957423853145)}","{'signal': 'STRONG_SELL', 'strength': 80, 'supertrend': np.float64(3404.989776213646), 'direction': 'BEARISH', 'distance_pct': np.float64(30.956103547049203), 'atr': np.float64(67.28571428571429)}","{'signal': 'SELL', 'strength': 65, 'bb_position': np.float64(0.7705158193150009), 'upper_band': np.float64(2656.4272798090583), 'lower_band': np.float64(2410.976016089379), 'sma': np.float64(2533.7016479492186)}",53.939185970007024,2501.1074300748082,2515.5795120596395,2521.612543230066,3404.989776213646,True,2025-08-22T10:06:33.706704
PIIND,Industrials,STRONG_BUY,24.0,3869.800048828125,3604.2097731429712,"[4268.185462355856, 4400.9806001984325, 4666.570875883586]",3676.3100463867186,7,27088.600341796875,1859.1319297960763,1.8591319297960762,2.166666666666667,0.6844816321369107,2.5737561670147873,106.23611027406143,2.7452609678433504,"{'buy_score': 240.0, 'sell_score': 60.0}","{'signal': 'NONE', 'strength': 0, 'fast_ema': np.float64(3843.7703781669165), 'slow_ema': np.float64(3931.9847715525957), 'trend': 'BEARISH', 'crossover': np.False_}","{'signal': 'STRONG_BUY', 'strength': 85, 'rsi': np.float64(24.606332858918037), 'vwap': np.float64(3649.177202790638), 'vwap_trend': 'RISING', 'price_vs_vwap': 'ABOVE'}","{'signal': 'SELL', 'strength': 60, 'short_ma': np.float64(3827.939990234375), 'long_ma': np.float64(4057.4638122558595), 'crossover': 'NONE', 'ma_distance': np.float64(5.656829799151666)}","{'signal': 'BUY', 'strength': 70, 'supertrend': np.float64(3812.4369801000003), 'direction': 'BULLISH', 'distance_pct': np.float64(1.482326425250208), 'atr': np.float64(102.62852260044643)}","{'signal': 'NONE', 'strength': 0, 'bb_position': np.float64(0.3386021753872445), 'upper_band': np.float64(4371.264257625008), 'lower_band': np.float64(3613.075781437492), 'sma': np.float64(3992.17001953125)}",24.606332858918037,3649.177202790638,3843.7703781669165,3931.9847715525957,3812.4369801000003,True,2025-08-22T10:06:33.747226
DMART,FMCG,STRONG_BUY,29.0,4691.89990234375,4436.792916434152,"[5074.560381208146, 5202.113874162946, 5457.2208600725435]",4487.814313616072,7,32843.29931640625,1785.7489013671848,1.785748901367185,2.166666666666666,1.2551831441662467,8.24297043874231,102.04279436383929,2.174871512345473,"{'buy_score': 290.0, 'sell_score': 160.0}","{'signal': 'BUY', 'strength': 70, 'fast_ema': np.float64(4501.664924651946), 'slow_ema': np.float64(4356.948216525389), 'trend': 'BULLISH', 'crossover': np.False_}","{'signal': 'NONE', 'strength': 0, 'rsi': np.float64(74.18254402713059), 'vwap': np.float64(3989.8508273412845), 'vwap_trend': 'RISING', 'price_vs_vwap': 'ABOVE'}","{'signal': 'BUY', 'strength': 60, 'short_ma': np.float64(4420.4400390625), 'long_ma': np.float64(4231.779986572265), 'crossover': 'NONE', 'ma_distance': np.float64(4.458172520520106)}","{'signal': 'STRONG_BUY', 'strength': 80, 'supertrend': np.float64(3843.628592354911), 'direction': 'BULLISH', 'distance_pct': np.float64(18.079484380412747), 'atr': np.float64(113.44280133928571)}","{'signal': 'STRONG_SELL', 'strength': 80, 'bb_position': np.float64(0.9530826871543059), 'upper_band': np.float64(4734.484856607957), 'lower_band': np.float64(3826.8251531576666), 'sma': np.float64(4280.655004882812)}",74.18254402713059,3989.8508273412845,4501.664924651946,4356.948216525389,3843.628592354911,True,2025-08-22T10:06:33.936379
BSE,Financial Services,STRONG_BUY,38.5,2332.199951171875,2082.182120186942,"[2707.2266976492747, 2832.235613141741, 3082.253444126674]",2215.589953613281,7,16325.399658203125,1750.1248168945308,1.750124816894531,2.166666666666667,2.8141690938298187,-6.577469860406401,100.00713239397321,4.288102842285114,"{'buy_score': 385.0, 'sell_score': 130.0}","{'signal': 'SELL', 'strength': 70, 'fast_ema': np.float64(2443.6095585186195), 'slow_ema': np.float64(2459.475158763443), 'trend': 'BEARISH', 'crossover': np.False_}","{'signal': 'BUY', 'strength': 65, 'rsi': np.float64(43.624436941540026), 'vwap': np.float64(2043.4937206725617), 'vwap_trend': 'RISING', 'price_vs_vwap': 'ABOVE'}","{'signal': 'SELL', 'strength': 60, 'short_ma': np.float64(2441.9999755859376), 'long_ma': np.float64(2519.732501220703), 'crossover': 'NONE', 'ma_distance': np.float64(3.0849515016815183)}","{'signal': 'STRONG_BUY', 'strength': 80, 'supertrend': np.float64(2037.4064519529127), 'direction': 'BEARISH', 'distance_pct': np.float64(12.640146873806234), 'atr': np.float64(91.25711495535714)}","{'signal': 'STRONG_BUY', 'strength': 80, 'bb_position': np.float64(0.012986025781735728), 'upper_band': np.float64(2560.4430058594207), 'lower_band': np.float64(2329.196984374954), 'sma': np.float64(2444.8199951171873)}",43.624436941540026,2043.4937206725617,2443.6095585186195,2459.475158763443,2037.4064519529127,True,2025-08-22T10:06:33.984001
HUDCO,Finance,STRONG_SELL,22.0,212.85000610351562,226.07031304810192,"[193.01954568663618, 186.40939221434303, 173.18908526975673]",223.42625165918466,151,32140.35092163086,1996.266348632531,1.996266348632531,2.1666666666666665,0.6394563520004202,1.7739419786581223,5.288122777834515,2.4844362819809995,"{'buy_score': 0.0, 'sell_score': 220.0}","{'signal': 'NONE', 'strength': 0, 'fast_ema': np.float64(212.18235267770186), 'slow_ema': np.float64(214.33472646390757), 'trend': 'BEARISH', 'crossover': np.False_}","{'signal': 'NONE', 'strength': 0, 'rsi': np.float64(52.725732364222274), 'vwap': np.float64(216.42856878135322), 'vwap_trend': 'FALLING', 'price_vs_vwap': 'BELOW'}","{'signal': 'SELL', 'strength': 60, 'short_ma': np.float64(210.5250213623047), 'long_ma': np.float64(221.56309394836427), 'crossover': 'NONE', 'ma_distance': np.float64(4.981909391747353)}","{'signal': 'STRONG_SELL', 'strength': 80, 'supertrend': np.float64(257.124818547779), 'direction': 'BEARISH', 'distance_pct': np.float64(20.80094487886984), 'atr': np.float64(3.9881908352608257)}","{'signal': 'NONE', 'strength': 0, 'bb_position': np.float64(0.49864846507037003), 'upper_band': np.float64(221.30188226911312), 'lower_band': np.float64(204.44369878557436), 'sma': np.float64(212.87279052734374)}",52.725732364222274,216.42856878135322,212.18235267770186,214.33472646390757,257.124818547779,True,2025-08-22T10:06:34.025828
SUNPHARMA,Pharmaceuticals,STRONG_SELL,22.0,1640.199951171875,1728.592786516462,"[1507.6106981549947, 1463.414280482701, 1375.0214451381141]",1710.9142194475446,22,36084.39892578125,1944.642377580913,1.944642377580913,2.166666666666666,0.7485825478741919,0.024387262583373398,35.35713413783482,2.1556599920987183,"{'buy_score': 0.0, 'sell_score': 220.0}","{'signal': 'NONE', 'strength': 0, 'fast_ema': np.float64(1633.0605977575317), 'slow_ema': np.float64(1643.0916553305938), 'trend': 'BEARISH', 'crossover': np.False_}","{'signal': 'NONE', 'strength': 0, 'rsi': np.float64(35.72349545420715), 'vwap': np.float64(1705.071160840506), 'vwap_trend': 'FALLING', 'price_vs_vwap': 'BELOW'}","{'signal': 'SELL', 'strength': 60, 'short_ma': np.float64(1622.9699951171874), 'long_ma': np.float64(1664.6250091552733), 'crossover': 'NONE', 'ma_distance': np.float64(2.5023662271675287)}","{'signal': 'STRONG_SELL', 'strength': 80, 'supertrend': np.float64(1761.0), 'direction': 'BEARISH', 'distance_pct': np.float64(7.36495868944618), 'atr': np.float64(23.657121930803573)}","{'signal': 'NONE', 'strength': 0, 'bb_position': np.float64(0.45100242972548393), 'upper_band': np.float64(1734.599012360833), 'lower_band': np.float64(1562.6509632251045), 'sma': np.float64(1648.6249877929688)}",35.72349545420715,1705.071160840506,1633.0605977575317,1643.0916553305938,1761.0,True,2025-08-22T10:06:34.206234
ABCAPITAL,Finance,STRONG_BUY,29.0,291.29998779296875,267.27320970807756,"[327.3401549203055, 339.35354396275113, 363.3803220476423]",276.7349884033203,83,24177.898986816406,1994.2225810459688,1.9942225810459686,2.166666666666666,1.1116896019665776,8.008889361620271,9.610711233956474,3.299248759593821,"{'buy_score': 290.0, 'sell_score': 160.0}","{'signal': 'BUY', 'strength': 70, 'fast_ema': np.float64(280.22753113078943), 'slow_ema': np.float64(274.5367592697239), 'trend': 'BULLISH', 'crossover': np.False_}","{'signal': 'NONE', 'strength': 0, 'rsi': np.float64(70.93655220331382), 'vwap': np.float64(217.81392764135327), 'vwap_trend': 'RISING', 'price_vs_vwap': 'ABOVE'}","{'signal': 'BUY', 'strength': 60, 'short_ma': np.float64(277.7149993896484), 'long_ma': np.float64(271.40824966430665), 'crossover': 'NONE', 'ma_distance': np.float64(2.3237133481175776)}","{'signal': 'STRONG_BUY', 'strength': 80, 'supertrend': np.float64(200.50357382638114), 'direction': 'BEARISH', 'distance_pct': np.float64(31.169384748178558), 'atr': np.float64(8.021427699497767)}","{'signal': 'STRONG_SELL', 'strength': 80, 'bb_position': np.float64(0.9082689953027212), 'upper_band': np.float64(295.98405868417876), 'lower_band': np.float64(244.92094314687597), 'sma': np.float64(270.45250091552737)}",70.93655220331382,217.81392764135327,280.22753113078943,274.5367592697239,200.50357382638114,True,2025-08-22T10:06:34.259762
AUROPHARMA,Pharmaceuticals,STRONG_SELL,29.0,1041.0,1123.2922903281676,"[917.5615645077486, 876.4154193436648, 794.1231290154972]",1093.05,24,24984.0,1975.0149678760226,1.9750149678760227,2.1666666666666665,1.046721721775056,-3.450190396636828,32.91691613126708,3.162047659103466,"{'buy_score': 65.0, 'sell_score': 290.0}","{'signal': 'SELL', 'strength': 70, 'fast_ema': np.float64(1067.3557949542214), 'slow_ema': np.float64(1083.1122278666573), 'trend': 'BEARISH', 'crossover': np.False_}","{'signal': 'NONE', 'strength': 0, 'rsi': np.float64(27.582671480980395), 'vwap': np.float64(1155.3007775302096), 'vwap_trend': 'FALLING', 'price_vs_vwap': 'BELOW'}","{'signal': 'SELL', 'strength': 60, 'short_ma': np.float64(1064.6999877929688), 'long_ma': np.float64(1112.5753356933594), 'crossover': 'NONE', 'ma_distance': np.float64(4.303110662663986)}","{'signal': 'STRONG_SELL', 'strength': 80, 'supertrend': np.float64(1200.9703968855622), 'direction': 'BEARISH', 'distance_pct': np.float64(15.366992976518942), 'atr': np.float64(28.757132393973215)}","{'signal': 'BUY', 'strength': 65, 'bb_position': np.float64(0.16703903127596512), 'upper_band': np.float64(1156.944476992496), 'lower_band': np.float64(1017.7489067965663), 'sma': np.float64(1087.3466918945312)}",27.582671480980395,1155.3007775302096,1067.3557949542214,1083.1122278666573,1200.9703968855622,True,2025-08-22T10:06:34.302764
MPHASIS,I.T,STRONG_SELL,32.0,2854.39990234375,3034.6855032784597,"[2583.9715009416855, 2493.8287004743306, 2313.543099539621]",2997.1198974609374,11,31398.39892578125,1983.1416102818066,1.9831416102818067,2.1666666666666665,0.8399679652404448,5.906795564561166,72.11424037388393,2.5264238663500116,"{'buy_score': 70.0, 'sell_score': 320.0}","{'signal': 'BUY', 'strength': 70, 'fast_ema': np.float64(2762.043799081386), 'slow_ema': np.float64(2747.5880207869454), 'trend': 'BULLISH', 'crossover': np.False_}","{'signal': 'NONE', 'strength': 0, 'rsi': np.float64(56.59408475017441), 'vwap': np.float64(2593.756050938582), 'vwap_trend': 'RISING', 'price_vs_vwap': 'ABOVE'}","{'signal': 'NONE', 'strength': 0, 'short_ma': np.float64(2733.4599853515624), 'long_ma': np.float64(2775.0898010253904), 'crossover': 'NONE', 'ma_distance': np.float64(1.5001249926559455)}","{'signal': 'STRONG_SELL', 'strength': 80, 'supertrend': np.float64(3220.2956023425168), 'direction': 'BEARISH', 'distance_pct': np.float64(12.818655847708287), 'atr': np.float64(73.79994419642857)}","{'signal': 'STRONG_SELL', 'strength': 80, 'bb_position': np.float64(1.0192448092122761), 'upper_band': np.float64(2849.70030807637), 'lower_band': np.float64(2605.4996919236296), 'sma': np.float64(2727.6)}",56.59408475017441,2593.756050938582,2762.043799081386,2747.5880207869454,3220.2956023425168,True,2025-08-22T10:06:34.349607
NMDC,Industrials,STRONG_SELL,22.5,71.36000061035156,75.70068190942382,"[64.84897866174317, 62.678638012207045, 58.33795671313479]",74.83254564960937,460,32825.60028076172,1996.713397573239,1.996713397573239,2.1666666666666665,0.8703172507734632,-0.3073501188535572,1.7362725196289037,2.433117299296993,"{'buy_score': 70.0, 'sell_score': 225.0}","{'signal': 'BUY', 'strength': 70, 'fast_ema': np.float64(70.72502165247572), 'slow_ema': np.float64(70.38800534709068), 'trend': 'BULLISH', 'crossover': np.False_}","{'signal': 'NONE', 'strength': 0, 'rsi': np.float64(57.74121869990972), 'vwap': np.float64(66.27313006051409), 'vwap_trend': 'RISING', 'price_vs_vwap': 'ABOVE'}","{'signal': 'NONE', 'strength': 0, 'short_ma': np.float64(70.47048797607422), 'long_ma': np.float64(69.55059795379638), 'crossover': 'NONE', 'ma_distance': np.float64(1.3226198614265527)}","{'signal': 'STRONG_SELL', 'strength': 80, 'supertrend': np.float64(75.42457646720186), 'direction': 'BEARISH', 'distance_pct': np.float64(5.695874190142152), 'atr': np.float64(1.7818773952164162)}","{'signal': 'SELL', 'strength': 65, 'bb_position': np.float64(0.76697738076896), 'upper_band': np.float64(72.06837633350912), 'lower_band': np.float64(69.02843229075845), 'sma': np.float64(70.54840431213378)}",57.74121869990972,66.27313006051409,70.72502165247572,70.38800534709068,75.42457646720186,True,2025-08-22T10:06:34.446046
TATATECH,I.T,STRONG_SELL,22.0,686.5499877929688,720.0053623744419,"[636.3669259207591, 619.6392386300224, 586.1838640485493]",713.3142874581473,59,40506.449279785156,1973.8671003069167,1.9738671003069166,2.166666666666666,0.6346534485967079,2.9696269655746157,13.382149832589286,1.949187979102363,"{'buy_score': 0.0, 'sell_score': 220.0}","{'signal': 'NONE', 'strength': 0, 'fast_ema': np.float64(678.6045699308046), 'slow_ema': np.float64(684.4364999483765), 'trend': 'BEARISH', 'crossover': np.False_}","{'signal': 'NONE', 'strength': 0, 'rsi': np.float64(40.665857218231025), 'vwap': np.float64(709.785473347389), 'vwap_trend': 'FALLING', 'price_vs_vwap': 'BELOW'}","{'signal': 'SELL', 'strength': 60, 'short_ma': np.float64(670.6849975585938), 'long_ma': np.float64(698.7674987792968), 'crossover': 'NONE', 'ma_distance': np.float64(4.0188619633513945)}","{'signal': 'STRONG_SELL', 'strength': 80, 'supertrend': np.float64(831.0775867429254), 'direction': 'BULLISH', 'distance_pct': np.float64(21.05128563392232), 'atr': np.float64(11.878574916294642)}","{'signal': 'NONE', 'strength': 0, 'bb_position': np.float64(0.5228319065904966), 'upper_band': np.float64(722.9665896385267), 'lower_band': np.float64(646.648406699364), 'sma': np.float64(684.8074981689454)}",40.665857218231025,709.785473347389,678.6045699308046,684.4364999483765,831.0775867429254,True,2025-08-22T10:06:34.515249
IEX,Financial Services,STRONG_SELL,55.0,144.6199951171875,154.00571169172014,"[130.54142025538854, 125.84856196812223, 116.46284539358959]",151.8509948730469,213,30804.058959960938,1999.1576303754516,1.9991576303754515,2.1666666666666665,0.21933011027725735,2.44385988027952,3.754286629813058,2.5959665029520367,"{'buy_score': 0.0, 'sell_score': 550.0}","{'signal': 'NONE', 'strength': 0, 'fast_ema': np.float64(141.5177463799424), 'slow_ema': np.float64(147.1631850936003), 'trend': 'BEARISH', 'crossover': np.False_}","{'signal': 'STRONG_SELL', 'strength': 85, 'rsi': np.float64(71.75535215250812), 'vwap': np.float64(165.57285911005656), 'vwap_trend': 'FALLING', 'price_vs_vwap': 'BELOW'}","{'signal': 'SELL', 'strength': 60, 'short_ma': np.float64(139.9289978027344), 'long_ma': np.float64(168.51424980163574), 'crossover': 'NONE', 'ma_distance': np.float64(16.963106700204936)}","{'signal': 'STRONG_SELL', 'strength': 80, 'supertrend': np.float64(189.8742937360491), 'direction': 'BEARISH', 'distance_pct': np.float64(31.291868446124237), 'atr': np.float64(3.3142874581473216)}","{'signal': 'STRONG_SELL', 'strength': 80, 'bb_position': np.float64(0.9126471514958387), 'upper_band': np.float64(146.09028005640604), 'lower_band': np.float64(129.25871744115253), 'sma': np.float64(137.67449874877929)}",71.75535215250812,165.57285911005656,141.5177463799424,147.1631850936003,189.8742937360491,True,2025-08-22T10:06:34.656298
TIINDIA,Metals,STRONG_SELL,22.5,3097.39990234375,3338.989039829799,"[2735.016196114677, 2614.221627371652, 2372.6324898856033]",3252.2698974609375,8,24779.19921875,1932.7130998883913,1.9327130998883915,2.1666666666666665,0.4829368566593853,1.3149271167712042,96.63565499441964,3.1198959786011833,"{'buy_score': 130.0, 'sell_score': 225.0}","{'signal': 'BUY', 'strength': 70, 'fast_ema': np.float64(3066.5143657303556), 'slow_ema': np.float64(3006.3297238150103), 'trend': 'BULLISH', 'crossover': np.False_}","{'signal': 'NONE', 'strength': 0, 'rsi': np.float64(69.33270867126804), 'vwap': np.float64(2910.0849214586497), 'vwap_trend': 'RISING', 'price_vs_vwap': 'ABOVE'}","{'signal': 'BUY', 'strength': 60, 'short_ma': np.float64(3045.269970703125), 'long_ma': np.float64(2959.9386474609373), 'crossover': 'NONE', 'ma_distance': np.float64(2.8828747283456657)}","{'signal': 'STRONG_SELL', 'strength': 80, 'supertrend': np.float64(3950.8195483808063), 'direction': 'BEARISH', 'distance_pct': np.float64(27.552775648739708), 'atr': np.float64(79.757080078125)}","{'signal': 'SELL', 'strength': 65, 'bb_position': np.float64(0.8068636524810221), 'upper_band': np.float64(3182.76062452362), 'lower_band': np.float64(2740.789326648255), 'sma': np.float64(2961.7749755859377)}",69.33270867126804,2910.0849214586497,3066.5143657303556,3006.3297238150103,3950.8195483808063,True,2025-08-22T10:06:34.720063
AMBER,FMCG,STRONG_BUY,22.5,7332.5,6632.232142857143,"[8382.901785714286, 8733.035714285714, 9433.30357142857]",6965.875,2,14665.0,1400.5357142857138,1.4005357142857138,2.1666666666666674,0.41051489523929785,5.571953063134403,280.10714285714283,3.8200769567970383,"{'buy_score': 225.0, 'sell_score': 60.0}","{'signal': 'NONE', 'strength': 0, 'fast_ema': np.float64(7305.40282441095), 'slow_ema': np.float64(7368.165757769036), 'trend': 'BEARISH', 'crossover': np.False_}","{'signal': 'BUY', 'strength': 65, 'rsi': np.float64(36.30642361111111), 'vwap': np.float64(6835.335045042569), 'vwap_trend': 'RISING', 'price_vs_vwap': 'ABOVE'}","{'signal': 'SELL', 'strength': 60, 'short_ma': np.float64(7218.15), 'long_ma': np.float64(7428.3375), 'crossover': 'NONE', 'ma_distance': np.float64(2.8295362185684216)}","{'signal': 'STRONG_BUY', 'strength': 80, 'supertrend': np.float64(5996.660784040178), 'direction': 'BULLISH', 'distance_pct': np.float64(18.21805954258195), 'atr': np.float64(224.07142857142858)}","{'signal': 'NONE', 'strength': 0, 'bb_position': np.float64(0.407960385691963), 'upper_band': np.float64(8236.41911598191), 'lower_band': np.float64(6709.63088401809), 'sma': np.float64(7473.025)}",36.30642361111111,6835.335045042569,7305.40282441095,7368.165757769036,5996.660784040178,True,2025-08-22T10:06:34.857775
BDL,Aerospace & Defence,STRONG_BUY,22.5,1519.9000244140625,1372.0250069754463,"[1741.7125505719869, 1815.6500592912948, 1963.525076729911]",1443.9050231933593,13,19758.700317382812,1922.3752267020102,1.92237522670201,2.166666666666667,0.9009042486236445,-4.468885957632778,59.15000697544643,3.891703797968513,"{'buy_score': 225.0, 'sell_score': 130.0}","{'signal': 'SELL', 'strength': 70, 'fast_ema': np.float64(1552.1340375518096), 'slow_ema': np.float64(1596.3894927720016), 'trend': 'BEARISH', 'crossover': np.False_}","{'signal': 'NONE', 'strength': 0, 'rsi': np.float64(38.73095131871801), 'vwap': np.float64(1612.557781806446), 'vwap_trend': 'FALLING', 'price_vs_vwap': 'BELOW'}","{'signal': 'SELL', 'strength': 60, 'short_ma': np.float64(1543.9700073242188), 'long_ma': np.float64(1720.0399993896485), 'crossover': 'NONE', 'ma_distance': np.float64(10.23638939372966)}","{'signal': 'STRONG_BUY', 'strength': 80, 'supertrend': np.float64(1378.7033845657386), 'direction': 'BEARISH', 'distance_pct': np.float64(9.289863647627527), 'atr': np.float64(59.85716029575893)}","{'signal': 'BUY', 'strength': 65, 'bb_position': np.float64(0.22093447453317647), 'upper_band': np.float64(1687.010746364626), 'lower_band': np.float64(1472.5092487525617), 'sma': np.float64(1579.7599975585938)}",38.73095131871801,1612.557781806446,1552.1340375518096,1596.3894927720016,1378.7033845657386,True,2025-08-22T10:06:34.882409
BANDHANBNK,Bank,STRONG_BUY,23.0,176.82000732421875,166.1256526015948,"[192.86153940815467, 198.20871676946666, 208.90307149209062]",168.2645235461196,187,33065.341369628906,1999.8443331306798,1.9998443331306799,2.166666666666666,0.9705222794792303,7.685755548433135,4.277741889049584,2.419263494999114,"{'buy_score': 230.0, 'sell_score': 125.0}","{'signal': 'BUY', 'strength': 70, 'fast_ema': np.float64(170.27839385758185), 'slow_ema': np.float64(170.13438684562243), 'trend': 'BULLISH', 'crossover': np.True_}","{'signal': 'NONE', 'strength': 0, 'rsi': np.float64(66.08448491696113), 'vwap': np.float64(159.60087375234394), 'vwap_trend': 'RISING', 'price_vs_vwap': 'ABOVE'}","{'signal': 'SELL', 'strength': 60, 'short_ma': np.float64(167.79084014892578), 'long_ma': np.float64(174.4420944213867), 'crossover': 'NONE', 'ma_distance': np.float64(3.8128722855126895)}","{'signal': 'STRONG_BUY', 'strength': 80, 'supertrend': np.float64(160.67222928324296), 'direction': 'BULLISH', 'distance_pct': np.float64(9.132325173681892), 'atr': np.float64(4.352450427504404)}","{'signal': 'SELL', 'strength': 65, 'bb_position': np.float64(0.8549215727153152), 'upper_band': np.float64(180.19071648468795), 'lower_band': np.float64(156.95701300749957), 'sma': np.float64(168.57386474609376)}",66.08448491696113,159.60087375234394,170.27839385758185,170.13438684562243,160.67222928324296,True,2025-08-22T10:06:34.926786
ADANIGREEN,Miscellaneous,STRONG_SELL,22.0,966.5999755859375,1037.8231964111328,"[859.7651443481445, 824.1535339355469, 752.9303131103516]",1014.9299743652344,28,27064.79931640625,1994.2501831054688,1.9942501831054689,2.1666666666666665,0.4425692717713546,4.5934047557689,28.489288330078125,2.947371099694925,"{'buy_score': 0.0, 'sell_score': 220.0}","{'signal': 'NONE', 'strength': 0, 'fast_ema': np.float64(955.6531177183391), 'slow_ema': np.float64(964.7480521225368), 'trend': 'BEARISH', 'crossover': np.False_}","{'signal': 'NONE', 'strength': 0, 'rsi': np.float64(45.54406142818548), 'vwap': np.float64(946.4673923888364), 'vwap_trend': 'RISING', 'price_vs_vwap': 'ABOVE'}","{'signal': 'SELL', 'strength': 60, 'short_ma': np.float64(941.0000061035156), 'long_ma': np.float64(990.4199981689453), 'crossover': 'NONE', 'ma_distance': np.float64(4.9898015141854675)}","{'signal': 'STRONG_SELL', 'strength': 80, 'supertrend': np.float64(1192.1178501674108), 'direction': 'BEARISH', 'distance_pct': np.float64(23.331044928360146), 'atr': np.float64(23.335710797991073)}","{'signal': 'NONE', 'strength': 0, 'bb_position': np.float64(0.5074516653016098), 'upper_band': np.float64(1032.0362240946265), 'lower_band': np.float64(899.1837832295922), 'sma': np.float64(965.6100036621094)}",45.54406142818548,946.4673923888364,955.6531177183391,964.7480521225368,1192.1178501674108,True,2025-08-22T10:06:35.005495
HDFCAMC,Finance,STRONG_BUY,29.0,5794.0,5502.125,"[6231.8125, 6377.75, 6669.625]",5560.5,6,34764.0,1751.25,1.75125,2.166666666666667,1.0449469176220036,5.700994253397792,116.75,2.0150155333103212,"{'buy_score': 290.0, 'sell_score': 160.0}","{'signal': 'BUY', 'strength': 70, 'fast_ema': np.float64(5659.436130075229), 'slow_ema': np.float64(5588.688304012776), 'trend': 'BULLISH', 'crossover': np.False_}","{'signal': 'NONE', 'strength': 0, 'rsi': np.float64(60.49562682215743), 'vwap': np.float64(4505.964550539697), 'vwap_trend': 'RISING', 'price_vs_vwap': 'ABOVE'}","{'signal': 'BUY', 'strength': 60, 'short_ma': np.float64(5610.55), 'long_ma': np.float64(5432.819995117187), 'crossover': 'NONE', 'ma_distance': np.float64(3.27141346561362)}","{'signal': 'STRONG_BUY', 'strength': 80, 'supertrend': np.float64(4542.1393038727665), 'direction': 'BULLISH', 'distance_pct': np.float64(21.60615630181625), 'atr': np.float64(122.35714285714286)}","{'signal': 'STRONG_SELL', 'strength': 80, 'bb_position': np.float64(0.9731262467085058), 'upper_band': np.float64(5803.92444738909), 'lower_band': np.float64(5434.625552610909), 'sma': np.float64(5619.275)}",60.49562682215743,4505.964550539697,5659.436130075229,5588.688304012776,4542.1393038727665,True,2025-08-22T10:06:35.083408
MANAPPURAM,Finance,STRONG_BUY,23.0,265.3500061035156,244.40664713697757,"[296.7650445533227, 307.23672403659174, 328.18008300312977]",252.08250579833984,95,25208.250579833984,1989.6191018211155,1.9896191018211156,2.166666666666666,0.3766355065489289,3.8958545202879167,8.377343586615224,3.1570919140462124,"{'buy_score': 230.0, 'sell_score': 65.0}","{'signal': 'BUY', 'strength': 70, 'fast_ema': np.float64(263.4634998048977), 'slow_ema': np.float64(262.4435972628532), 'trend': 'BULLISH', 'crossover': np.False_}","{'signal': 'NONE', 'strength': 0, 'rsi': np.float64(60.46728897295494), 'vwap': np.float64(217.8890877326325), 'vwap_trend': 'RISING', 'price_vs_vwap': 'ABOVE'}","{'signal': 'NONE', 'strength': 0, 'short_ma': np.float64(261.7387451171875), 'long_ma': np.float64(265.31612396240234), 'crossover': 'NONE', 'ma_distance': np.float64(1.3483458117011438)}","{'signal': 'STRONG_BUY', 'strength': 80, 'supertrend': np.float64(230.36900500568197), 'direction': 'BULLISH', 'distance_pct': np.float64(13.182966004601193), 'atr': np.float64(6.460559376186889)}","{'signal': 'SELL', 'strength': 65, 'bb_position': np.float64(0.7015767889656508), 'upper_band': np.float64(272.9023774724981), 'lower_band': np.float64(247.59479049625193), 'sma': np.float64(260.248583984375)}",60.46728897295494,217.8890877326325,263.4634998048977,262.4435972628532,230.36900500568197,True,2025-08-22T10:06:35.194552
IOC,Industrials,STRONG_SELL,22.0,141.44000244140625,148.8973392244957,"[130.25399726677205, 126.52532887522733, 119.06799209213787]",147.40587186787783,268,37905.920654296875,1998.5662578679753,1.9985662578679755,2.166666666666667,0.9812299438109079,-0.6950714633739763,2.9829347132357884,2.1089752981809484,"{'buy_score': 0.0, 'sell_score': 220.0}","{'signal': 'NONE', 'strength': 0, 'fast_ema': np.float64(141.30151850234418), 'slow_ema': np.float64(141.9961884789601), 'trend': 'BEARISH', 'crossover': np.False_}","{'signal': 'NONE', 'strength': 0, 'rsi': np.float64(46.85262670970048), 'vwap': np.float64(132.97136126179606), 'vwap_trend': 'RISING', 'price_vs_vwap': 'ABOVE'}","{'signal': 'SELL', 'strength': 60, 'short_ma': np.float64(141.03999938964844), 'long_ma': np.float64(144.42457313537597), 'crossover': 'NONE', 'ma_distance': np.float64(2.3434888345177947)}","{'signal': 'STRONG_SELL', 'strength': 80, 'supertrend': np.float64(146.78374572293765), 'direction': 'BEARISH', 'distance_pct': np.float64(3.7780989743302165), 'atr': np.float64(2.5399998256138394)}","{'signal': 'NONE', 'strength': 0, 'bb_position': np.float64(0.4715073758650628), 'upper_band': np.float64(147.07201038949464), 'lower_band': np.float64(136.41527140982177), 'sma': np.float64(141.7436408996582)}",46.85262670970048,132.97136126179606,141.30151850234418,141.9961884789601,146.78374572293765,True,2025-08-22T10:06:35.230092
CONCOR,Services,STRONG_SELL,22.0,553.2000122070312,586.5449583460116,"[503.18259299856066, 486.51011992907047, 453.1651737900901]",579.8759691182156,59,32638.800720214844,1967.351822199843,1.9673518221998427,2.1666666666666665,0.3146715526868456,2.1512371298429858,13.337978455592154,2.411058959015443,"{'buy_score': 0.0, 'sell_score': 220.0}","{'signal': 'NONE', 'strength': 0, 'fast_ema': np.float64(551.6987144890521), 'slow_ema': np.float64(562.9198817647457), 'trend': 'BEARISH', 'crossover': np.False_}","{'signal': 'NONE', 'strength': 0, 'rsi': np.float64(38.38036660373911), 'vwap': np.float64(584.8243813544682), 'vwap_trend': 'FALLING', 'price_vs_vwap': 'BELOW'}","{'signal': 'SELL', 'strength': 60, 'short_ma': np.float64(546.7458679199219), 'long_ma': np.float64(585.7988922119141), 'crossover': 'NONE', 'ma_distance': np.float64(6.666626518280385)}","{'signal': 'STRONG_SELL', 'strength': 80, 'supertrend': np.float64(732.1690236343063), 'direction': 'BEARISH', 'distance_pct': np.float64(32.351592096548465), 'atr': np.float64(10.13923610922268)}","{'signal': 'NONE', 'strength': 0, 'bb_position': np.float64(0.3689471920480126), 'upper_band': np.float64(607.6855997540824), 'lower_band': np.float64(521.3448262713082), 'sma': np.float64(564.5152130126953)}",38.38036660373911,584.8243813544682,551.6987144890521,562.9198817647457,732.1690236343063,True,2025-08-22T10:06:35.298151
RVNL,Realty,STRONG_SELL,29.0,328.6499938964844,356.0670817560025,"[287.5243621072072, 273.81581817744814, 246.39873031793002]",345.0824935913086,72,23662.799560546875,1974.0303258853046,1.9740303258853047,2.166666666666667,1.4024217156338776,1.246629093270747,10.966835143807259,3.3369345344523293,"{'buy_score': 65.0, 'sell_score': 290.0}","{'signal': 'SELL', 'strength': 70, 'fast_ema': np.float64(330.64606128708056), 'slow_ema': np.float64(341.54270891541535), 'trend': 'BEARISH', 'crossover': np.False_}","{'signal': 'NONE', 'strength': 0, 'rsi': np.float64(35.10254706123936), 'vwap': np.float64(384.28560098531966), 'vwap_trend': 'FALLING', 'price_vs_vwap': 'BELOW'}","{'signal': 'SELL', 'strength': 60, 'short_ma': np.float64(330.09149169921875), 'long_ma': np.float64(363.0466674804687), 'crossover': 'NONE', 'ma_distance': np.float64(9.077393826517609)}","{'signal': 'STRONG_SELL', 'strength': 80, 'supertrend': np.float64(420.19307775833727), 'direction': 'BEARISH', 'distance_pct': np.float64(27.85427827839438), 'atr': np.float64(12.141991885017221)}","{'signal': 'BUY', 'strength': 65, 'bb_position': np.float64(0.27536998242006594), 'upper_band': np.float64(371.9429540007692), 'lower_band': np.float64(312.1980372101683), 'sma': np.float64(342.07049560546875)}",35.10254706123936,384.28560098531966,330.64606128708056,341.54270891541535,420.19307775833727,True,2025-08-22T10:06:35.343105
POLYCAB,Industrials,STRONG_BUY,23.0,7084.5,6684.946428571428,"[7683.830357142857, 7883.607142857143, 8283.160714285714]",6764.857142857143,5,35422.5,1997.7678571428578,1.9977678571428577,2.1666666666666656,0.5066017748891262,1.7011197243755383,159.82142857142858,2.255930955909783,"{'buy_score': 230.0, 'sell_score': 65.0}","{'signal': 'BUY', 'strength': 70, 'fast_ema': np.float64(7013.876065815525), 'slow_ema': np.float64(6926.187078395732), 'trend': 'BULLISH', 'crossover': np.False_}","{'signal': 'NONE', 'strength': 0, 'rsi': np.float64(61.582417582417584), 'vwap': np.float64(5718.099231272814), 'vwap_trend': 'RISING', 'price_vs_vwap': 'ABOVE'}","{'signal': 'NONE', 'strength': 0, 'short_ma': np.float64(6956.55), 'long_ma': np.float64(6839.075), 'crossover': 'NONE', 'ma_distance': np.float64(1.71770305194782)}","{'signal': 'STRONG_BUY', 'strength': 80, 'supertrend': np.float64(4761.476377961232), 'direction': 'BULLISH', 'distance_pct': np.float64(32.79022686200533), 'atr': np.float64(140.78571428571428)}","{'signal': 'SELL', 'strength': 65, 'bb_position': np.float64(0.8389366966322608), 'upper_band': np.float64(7170.725353248736), 'lower_band': np.float64(6635.374646751265), 'sma': np.float64(6903.05)}",61.582417582417584,5718.099231272814,7013.876065815525,6926.187078395732,4761.476377961232,True,2025-08-22T10:06:35.394891
KPITTECH,I.T,STRONG_SELL,22.0,1214.0999755859375,1273.7071271623884,"[1124.689248221261, 1094.8856724330358, 1035.278520856585]",1261.7856968470983,33,40065.29919433594,1967.0360020228784,1.9670360020228785,2.1666666666666674,0.6117005428398261,-0.15625200773540296,23.842860630580358,1.96383008895734,"{'buy_score': 0.0, 'sell_score': 220.0}","{'signal': 'NONE', 'strength': 0, 'fast_ema': np.float64(1211.4221398695026), 'slow_ema': np.float64(1220.4677980938995), 'trend': 'BEARISH', 'crossover': np.False_}","{'signal': 'NONE', 'strength': 0, 'rsi': np.float64(44.94656788696906), 'vwap': np.float64(1295.9520327904238), 'vwap_trend': 'FALLING', 'price_vs_vwap': 'BELOW'}","{'signal': 'SELL', 'strength': 60, 'short_ma': np.float64(1208.45), 'long_ma': np.float64(1237.775357055664), 'crossover': 'NONE', 'ma_distance': np.float64(2.369198650506433)}","{'signal': 'STRONG_SELL', 'strength': 80, 'supertrend': np.float64(1573.7162954624825), 'direction': 'BEARISH', 'distance_pct': np.float64(29.619992348899473), 'atr': np.float64(24.971452985491073)}","{'signal': 'NONE', 'strength': 0, 'bb_position': np.float64(0.4861407705697247), 'upper_band': np.float64(1250.202794614519), 'lower_band': np.float64(1179.9446052878247), 'sma': np.float64(1215.0736999511719)}",44.94656788696906,1295.9520327904238,1211.4221398695026,1220.4677980938995,1573.7162954624825,True,2025-08-22T10:06:35.427238
360ONE,Finance,STRONG_SELL,22.0,1081.5999755859375,1147.3678523472377,"[982.9481604439873, 950.0642220633372, 884.296345302037]",1134.2142769949776,30,32447.999267578125,1973.0363028390047,1.9730363028390048,2.166666666666667,0.6734532569889838,5.214005407192364,26.30715070452009,2.43224401796687,"{'buy_score': 0.0, 'sell_score': 220.0}","{'signal': 'NONE', 'strength': 0, 'fast_ema': np.float64(1068.227651771215), 'slow_ema': np.float64(1077.8631957324683), 'trend': 'BEARISH', 'crossover': np.False_}","{'signal': 'NONE', 'strength': 0, 'rsi': np.float64(57.83197975420547), 'vwap': np.float64(1060.7397364104093), 'vwap_trend': 'RISING', 'price_vs_vwap': 'ABOVE'}","{'signal': 'SELL', 'strength': 60, 'short_ma': np.float64(1056.1800170898437), 'long_ma': np.float64(1129.3162475585937), 'crossover': 'NONE', 'ma_distance': np.float64(6.476151443571203)}","{'signal': 'STRONG_SELL', 'strength': 80, 'supertrend': np.float64(1356.5340855239929), 'direction': 'BEARISH', 'distance_pct': np.float64(25.41920452514015), 'atr': np.float64(29.21429443359375)}","{'signal': 'NONE', 'strength': 0, 'bb_position': np.float64(0.6954811484002457), 'upper_band': np.float64(1110.9409252385647), 'lower_band': np.float64(1014.5890918512788), 'sma': np.float64(1062.7650085449218)}",57.83197975420547,1060.7397364104093,1068.227651771215,1077.8631957324683,1356.5340855239929,True,2025-08-22T10:06:35.606440
IRCTC,Miscellaneous,STRONG_SELL,20.0,724.7000122070312,753.8116212119797,"[681.0325986996086, 666.4767941971343, 637.3651851921858]",747.98929941099,68,49279.600830078125,1979.5894123364974,1.9795894123364972,2.166666666666666,0.6294143049354561,-0.22684797362392325,11.644643601979388,1.6068226032612185,"{'buy_score': 0.0, 'sell_score': 200.0}","{'signal': 'SELL', 'strength': 70, 'fast_ema': np.float64(725.6544927635982), 'slow_ema': np.float64(732.0190878985958), 'trend': 'BEARISH', 'crossover': np.False_}","{'signal': 'NONE', 'strength': 0, 'rsi': np.float64(49.74804233381619), 'vwap': np.float64(755.4807004921275), 'vwap_trend': 'FALLING', 'price_vs_vwap': 'BELOW'}","{'signal': 'SELL', 'strength': 60, 'short_ma': np.float64(723.7313354492187), 'long_ma': np.float64(751.5042526245118), 'crossover': 'NONE', 'ma_distance': np.float64(3.695643381697504)}","{'signal': 'SELL', 'strength': 70, 'supertrend': np.float64(731.35093441517), 'direction': 'BULLISH', 'distance_pct': np.float64(0.917748322907254), 'atr': np.float64(9.765084254157728)}","{'signal': 'NONE', 'strength': 0, 'bb_position': np.float64(0.40500955358573565), 'upper_band': np.float64(746.5300747202103), 'lower_band': np.float64(709.8403049184616), 'sma': np.float64(728.185189819336)}",49.74804233381619,755.4807004921275,725.6544927635982,732.0190878985958,731.35093441517,True,2025-08-22T10:06:35.650958
SBICARD,Finance,STRONG_SELL,28.5,825.2000122070312,862.5660945347378,"[769.1508887154714, 750.4678475516182, 713.1017652239117]",855.0928780691964,53,43735.600646972656,1980.4023633684455,1.9804023633684456,2.1666666666666674,0.6891494275033542,4.442480408262712,14.946432931082589,1.8112497224894293,"{'buy_score': 0.0, 'sell_score': 285.0}","{'signal': 'NONE', 'strength': 0, 'fast_ema': np.float64(811.2897386509939), 'slow_ema': np.float64(823.7774668049634), 'trend': 'BEARISH', 'crossover': np.False_}","{'signal': 'SELL', 'strength': 65, 'rsi': np.float64(60.02253080458617), 'vwap': np.float64(853.4677692141505), 'vwap_trend': 'FALLING', 'price_vs_vwap': 'BELOW'}","{'signal': 'SELL', 'strength': 60, 'short_ma': np.float64(802.5799926757812), 'long_ma': np.float64(866.8162460327148), 'crossover': 'NONE', 'ma_distance': np.float64(7.410596380828475)}","{'signal': 'STRONG_SELL', 'strength': 80, 'supertrend': np.float64(910.4857395717077), 'direction': 'BEARISH', 'distance_pct': np.float64(10.335158277152253), 'atr': np.float64(14.5)}","{'signal': 'NONE', 'strength': 0, 'bb_position': np.float64(0.5955998594548899), 'upper_band': np.float64(871.0970221042196), 'lower_band': np.float64(757.6029717922647), 'sma': np.float64(814.3499969482422)}",60.02253080458617,853.4677692141505,811.2897386509939,823.7774668049634,910.4857395717077,True,2025-08-22T10:06:35.696801
BANKINDIA,Bank,STRONG_BUY,23.0,115.94999694824219,110.79106712341309,"[123.68839168548584, 126.26785659790039, 131.4267864227295]",111.8228530883789,387,44872.64881896973,1996.5058422088623,1.9965058422088622,2.166666666666667,0.34231807761894106,2.1046138085863073,2.0635719299316406,1.779708481452379,"{'buy_score': 230.0, 'sell_score': 65.0}","{'signal': 'BUY', 'strength': 70, 'fast_ema': np.float64(114.62204149005369), 'slow_ema': np.float64(113.98705243027179), 'trend': 'BULLISH', 'crossover': np.False_}","{'signal': 'NONE', 'strength': 0, 'rsi': np.float64(65.16257394614871), 'vwap': np.float64(107.6558196161698), 'vwap_trend': 'RISING', 'price_vs_vwap': 'ABOVE'}","{'signal': 'NONE', 'strength': 0, 'short_ma': np.float64(113.9629997253418), 'long_ma': np.float64(114.73749942779541), 'crossover': 'NONE', 'ma_distance': np.float64(0.675018809296088)}","{'signal': 'STRONG_BUY', 'strength': 80, 'supertrend': np.float64(89.03752368046446), 'direction': 'BULLISH', 'distance_pct': np.float64(23.210413088489283), 'atr': np.float64(1.5871429443359375)}","{'signal': 'SELL', 'strength': 65, 'bb_position': np.float64(0.8709039207938483), 'upper_band': np.float64(116.97572287315312), 'lower_band': np.float64(109.03027688270625), 'sma': np.float64(113.00299987792968)}",65.16257394614871,107.6558196161698,114.62204149005369,113.98705243027179,89.03752368046446,True,2025-08-22T10:06:35.849914
ANGELONE,Services,STRONG_BUY,22.5,2537.800048828125,2314.3536987304688,"[2872.9695739746094, 2984.6927490234375, 3208.1390991210938]",2410.9100463867185,8,20302.400390625,1787.57080078125,1.78757080078125,2.1666666666666665,3.4642695809345656,-3.5716999109357057,89.3785400390625,3.5218905476944355,"{'buy_score': 225.0, 'sell_score': 130.0}","{'signal': 'SELL', 'strength': 70, 'fast_ema': np.float64(2625.3238089616952), 'slow_ema': np.float64(2643.572908754137), 'trend': 'BEARISH', 'crossover': np.False_}","{'signal': 'NONE', 'strength': 0, 'rsi': np.float64(45.414920291492834), 'vwap': np.float64(2558.009634844405), 'vwap_trend': 'RISING', 'price_vs_vwap': 'BELOW'}","{'signal': 'SELL', 'strength': 60, 'short_ma': np.float64(2612.680029296875), 'long_ma': np.float64(2708.290008544922), 'crossover': 'NONE', 'ma_distance': np.float64(3.5302710915887103)}","{'signal': 'STRONG_BUY', 'strength': 80, 'supertrend': np.float64(1877.197974972045), 'direction': 'BULLISH', 'distance_pct': np.float64(26.03050126668273), 'atr': np.float64(97.69991629464286)}","{'signal': 'BUY', 'strength': 65, 'bb_position': np.float64(0.17787714695763704), 'upper_band': np.float64(2764.8949745064424), 'lower_band': np.float64(2488.6650596732447), 'sma': np.float64(2626.7800170898436)}",45.414920291492834,2558.009634844405,2625.3238089616952,2643.572908754137,1877.197974972045,True,2025-08-22T10:06:35.991881
ICICIBANK,Bank,STRONG_BUY,22.5,1446.0,1404.57450921064,"[1508.1382361840401, 1528.8509815787202, 1570.2764723680802]",1412.859607368512,48,69408.0,1988.423557889284,1.988423557889284,2.1666666666666665,0.8049709338506429,1.7736451510302171,16.570196315744006,1.1459333551690183,"{'buy_score': 225.0, 'sell_score': 0.0}","{'signal': 'NONE', 'strength': 0, 'fast_ema': np.float64(1435.1786485912883), 'slow_ema': np.float64(1437.1334560973717), 'trend': 'BEARISH', 'crossover': np.False_}","{'signal': 'BUY', 'strength': 65, 'rsi': np.float64(36.21315170535076), 'vwap': np.float64(1342.3039942020225), 'vwap_trend': 'RISING', 'price_vs_vwap': 'ABOVE'}","{'signal': 'NONE', 'strength': 0, 'short_ma': np.float64(1429.7377197265625), 'long_ma': np.float64(1436.7463928222655), 'crossover': 'NONE', 'ma_distance': np.float64(0.4878156041119781)}","{'signal': 'STRONG_BUY', 'strength': 80, 'supertrend': np.float64(1386.7921735118991), 'direction': 'BULLISH', 'distance_pct': np.float64(4.094593809688856), 'atr': np.float64(16.157156808035715)}","{'signal': 'NONE', 'strength': 0, 'bb_position': np.float64(0.5084169580903133), 'upper_band': np.float64(1485.8510972957454), 'lower_band': np.float64(1404.7842298526923), 'sma': np.float64(1445.3176635742188)}",36.21315170535076,1342.3039942020225,1435.1786485912883,1437.1334560973717,1386.7921735118991,True,2025-08-22T10:06:36.043542
CYIENT,I.T,STRONG_SELL,35.0,1234.0,1296.9643031529017,"[1139.5535452706474, 1108.0713936941966, 1045.1070905412948]",1284.3714425223213,31,38254.0,1951.8933977399533,1.9518933977399535,2.166666666666667,0.7813129777407883,5.551280965645001,25.185721261160715,2.040982274000058,"{'buy_score': 0.0, 'sell_score': 350.0}","{'signal': 'NONE', 'strength': 0, 'fast_ema': np.float64(1204.0148253745754), 'slow_ema': np.float64(1211.586652993994), 'trend': 'BEARISH', 'crossover': np.False_}","{'signal': 'SELL', 'strength': 65, 'rsi': np.float64(58.17973168435256), 'vwap': np.float64(1346.101858700274), 'vwap_trend': 'FALLING', 'price_vs_vwap': 'BELOW'}","{'signal': 'SELL', 'strength': 60, 'short_ma': np.float64(1188.45), 'long_ma': np.float64(1245.0672912597656), 'crossover': 'NONE', 'ma_distance': np.float64(4.547327815710258)}","{'signal': 'STRONG_SELL', 'strength': 80, 'supertrend': np.float64(1803.8320046100266), 'direction': 'BEARISH', 'distance_pct': np.float64(46.1776340850913), 'atr': np.float64(21.571446010044642)}","{'signal': 'SELL', 'strength': 65, 'bb_position': np.float64(0.7803209764263145), 'upper_band': np.float64(1258.2428215161663), 'lower_band': np.float64(1147.8871711596148), 'sma': np.float64(1203.0649963378905)}",58.17973168435256,1346.101858700274,1204.0148253745754,1211.586652993994,1803.8320046100266,True,2025-08-22T10:06:36.093761
INDUSINDBK,Bank,STRONG_SELL,29.0,767.4500122070312,818.8785836356027,"[690.3071550641741, 664.5928693498884, 613.1642979213169]",805.8225128173829,38,29163.100463867188,1954.285714285715,1.954285714285715,2.1666666666666665,0.7167213741674368,-0.7757450262207721,20.571428571428573,2.6804910084331484,"{'buy_score': 65.0, 'sell_score': 290.0}","{'signal': 'SELL', 'strength': 70, 'fast_ema': np.float64(782.0160000160772), 'slow_ema': np.float64(796.6180143120182), 'trend': 'BEARISH', 'crossover': np.False_}","{'signal': 'NONE', 'strength': 0, 'rsi': np.float64(39.4991654795894), 'vwap': np.float64(808.9720488080158), 'vwap_trend': 'FALLING', 'price_vs_vwap': 'BELOW'}","{'signal': 'SELL', 'strength': 60, 'short_ma': np.float64(781.9100036621094), 'long_ma': np.float64(827.6787506103516), 'crossover': 'NONE', 'ma_distance': np.float64(5.529771896945665)}","{'signal': 'STRONG_SELL', 'strength': 80, 'supertrend': np.float64(934.4535304478236), 'direction': 'BEARISH', 'distance_pct': np.float64(21.760833355194556), 'atr': np.float64(15.75714111328125)}","{'signal': 'BUY', 'strength': 65, 'bb_position': np.float64(0.1487915448180894), 'upper_band': np.float64(835.6759118528574), 'lower_band': np.float64(755.5241003541738), 'sma': np.float64(795.6000061035156)}",39.4991654795894,808.9720488080158,782.0160000160772,796.6180143120182,934.4535304478236,True,2025-08-22T10:06:36.190887
AXISBANK,Bank,STRONG_SELL,28.5,1078.9000244140625,1115.7571716308594,"[1023.6143035888672, 1005.1857299804688, 968.3285827636719]",1108.3857421875,54,58260.601318359375,1990.2859497070312,1.9902859497070313,2.1666666666666665,0.9428291189493734,1.2101336223323171,14.74285888671875,1.3664712719536194,"{'buy_score': 0.0, 'sell_score': 285.0}","{'signal': 'NONE', 'strength': 0, 'fast_ema': np.float64(1076.6250881659237), 'slow_ema': np.float64(1084.9176870109877), 'trend': 'BEARISH', 'crossover': np.False_}","{'signal': 'SELL', 'strength': 65, 'rsi': np.float64(56.410264053752734), 'vwap': np.float64(1089.251387921984), 'vwap_trend': 'FALLING', 'price_vs_vwap': 'BELOW'}","{'signal': 'SELL', 'strength': 60, 'short_ma': np.float64(1073.6699829101562), 'long_ma': np.float64(1118.2742797851563), 'crossover': 'NONE', 'ma_distance': np.float64(3.9886723392734615)}","{'signal': 'STRONG_SELL', 'strength': 80, 'supertrend': np.float64(1174.3643188476562), 'direction': 'BEARISH', 'distance_pct': np.float64(8.848298477464512), 'atr': np.float64(12.971418108258929)}","{'signal': 'NONE', 'strength': 0, 'bb_position': np.float64(0.6521316484321217), 'upper_band': np.float64(1091.2250199009486), 'lower_band': np.float64(1055.7949630092075), 'sma': np.float64(1073.509991455078)}",56.410264053752734,1089.251387921984,1076.6250881659237,1084.9176870109877,1174.3643188476562,True,2025-08-22T10:06:36.232144
NATIONALUM,Metals,STRONG_BUY,23.0,191.47000122070312,181.04499762398856,"[207.10750661577498, 212.32000841413225, 222.7450120108468]",183.12999834333147,191,36570.7702331543,1991.1756869724811,1.9911756869724813,2.166666666666667,0.4946474230386904,0.8055168788201198,4.1700014386858255,2.177887612733213,"{'buy_score': 230.0, 'sell_score': 0.0}","{'signal': 'BUY', 'strength': 70, 'fast_ema': np.float64(189.8225876884362), 'slow_ema': np.float64(189.32374086469912), 'trend': 'BULLISH', 'crossover': np.False_}","{'signal': 'NONE', 'strength': 0, 'rsi': np.float64(61.516361399357194), 'vwap': np.float64(183.37253499318177), 'vwap_trend': 'RISING', 'price_vs_vwap': 'ABOVE'}","{'signal': 'NONE', 'strength': 0, 'short_ma': np.float64(189.16100158691407), 'long_ma': np.float64(189.99099998474122), 'crossover': 'NONE', 'ma_distance': np.float64(0.4368619555104263)}","{'signal': 'STRONG_BUY', 'strength': 80, 'supertrend': np.float64(168.66857256208147), 'direction': 'BEARISH', 'distance_pct': np.float64(11.908616761504572), 'atr': np.float64(3.561427525111607)}","{'signal': 'NONE', 'strength': 0, 'bb_position': np.float64(0.6774572877169008), 'upper_band': np.float64(196.1893482661824), 'lower_band': np.float64(181.55765185588788), 'sma': np.float64(188.87350006103514)}",61.516361399357194,183.37253499318177,189.8225876884362,189.32374086469912,168.66857256208147,True,2025-08-22T10:06:36.278139
HCLTECH,I.T,STRONG_SELL,26.0,1493.5,1562.2142944335938,"[1390.4285583496094, 1356.0714111328125, 1287.3571166992188]",1548.471435546875,29,43311.5,1992.7145385742188,1.9927145385742189,2.166666666666667,0.6558796362933881,-0.5062937652084722,27.4857177734375,1.8403560611608638,"{'buy_score': 0.0, 'sell_score': 260.0}","{'signal': 'NONE', 'strength': 0, 'fast_ema': np.float64(1488.6369547205081), 'slow_ema': np.float64(1500.7309967233923), 'trend': 'BEARISH', 'crossover': np.False_}","{'signal': 'SELL', 'strength': 65, 'rsi': np.float64(58.465596291389446), 'vwap': np.float64(1620.2986328580173), 'vwap_trend': 'FALLING', 'price_vs_vwap': 'BELOW'}","{'signal': 'SELL', 'strength': 60, 'short_ma': np.float64(1487.9799926757812), 'long_ma': np.float64(1557.294451904297), 'crossover': 'NONE', 'ma_distance': np.float64(4.450953969800402)}","{'signal': 'SELL', 'strength': 70, 'supertrend': np.float64(1501.750613728777), 'direction': 'BULLISH', 'distance_pct': np.float64(0.5524347993824505), 'atr': np.float64(24.828578404017858)}","{'signal': 'SELL', 'strength': 65, 'bb_position': np.float64(0.7104113101781444), 'upper_band': np.float64(1509.8504367407213), 'lower_band': np.float64(1453.3895412866223), 'sma': np.float64(1481.6199890136718)}",58.465596291389446,1620.2986328580173,1488.6369547205081,1500.7309967233923,1501.750613728777,True,2025-08-22T10:06:36.328358
GLENMARK,Pharmaceuticals,STRONG_BUY,39.5,1940.9000244140625,1807.0785260881696,"[2141.6322719029017, 2208.5430210658483, 2342.364519391741]",1843.8550231933593,14,27172.600341796875,1873.5009765625005,1.8735009765625006,2.1666666666666656,1.0195676054694742,-4.356183032918741,53.528599330357146,2.7579266658269463,"{'buy_score': 395.0, 'sell_score': 140.0}","{'signal': 'SELL', 'strength': 70, 'fast_ema': np.float64(1988.9589721887794), 'slow_ema': np.float64(2018.9735358320088), 'trend': 'BEARISH', 'crossover': np.False_}","{'signal': 'STRONG_BUY', 'strength': 85, 'rsi': np.float64(27.184674834099326), 'vwap': np.float64(1716.064674301535), 'vwap_trend': 'RISING', 'price_vs_vwap': 'ABOVE'}","{'signal': 'SELL', 'strength': 70, 'short_ma': np.float64(2004.8400146484375), 'long_ma': np.float64(2016.5600128173828), 'crossover': 'DEATH', 'ma_distance': np.float64(0.581187670808318)}","{'signal': 'STRONG_BUY', 'strength': 80, 'supertrend': np.float64(1883.2569928850446), 'direction': 'BULLISH', 'distance_pct': np.float64(2.9699124531888095), 'atr': np.float64(53.50001743861607)}","{'signal': 'BUY', 'strength': 65, 'bb_position': np.float64(0.10390777416803766), 'upper_band': np.float64(2204.563514389067), 'lower_band': np.float64(1910.3265124664017), 'sma': np.float64(2057.4450134277345)}",27.184674834099326,1716.064674301535,1988.9589721887794,2018.9735358320088,1883.2569928850446,True,2025-08-22T10:06:36.386532
JINDALSTEL,Metals,STRONG_BUY,29.0,1008.1500244140625,943.8846551163922,"[1104.548078360568, 1136.680763009403, 1200.9461323070734]",957.7425231933594,31,31252.650756835938,1992.2264482277794,1.9922264482277792,2.1666666666666674,1.717554839170964,1.385058248042368,25.7061477190681,2.5498335660913694,"{'buy_score': 290.0, 'sell_score': 65.0}","{'signal': 'BUY', 'strength': 70, 'fast_ema': np.float64(996.7095743459683), 'slow_ema': np.float64(985.7075168038917), 'trend': 'BULLISH', 'crossover': np.False_}","{'signal': 'NONE', 'strength': 0, 'rsi': np.float64(60.208011570332495), 'vwap': np.float64(896.1135137576874), 'vwap_trend': 'RISING', 'price_vs_vwap': 'ABOVE'}","{'signal': 'BUY', 'strength': 60, 'short_ma': np.float64(993.9631530761719), 'long_ma': np.float64(968.0146392822265), 'crossover': 'NONE', 'ma_distance': np.float64(2.680591051100834)}","{'signal': 'STRONG_BUY', 'strength': 80, 'supertrend': np.float64(892.0375196206751), 'direction': 'BEARISH', 'distance_pct': np.float64(11.517383522444696), 'atr': np.float64(24.17345408487818)}","{'signal': 'SELL', 'strength': 65, 'bb_position': np.float64(0.8171881117405603), 'upper_band': np.float64(1020.2797815763761), 'lower_band': np.float64(953.9287511384678), 'sma': np.float64(987.1042663574219)}",60.208011570332495,896.1135137576874,996.7095743459683,985.7075168038917,892.0375196206751,True,2025-08-22T10:06:36.428357
ZYDUSLIFE,Pharmaceuticals,STRONG_SELL,22.5,985.7999877929688,1043.1839229038783,"[899.7240851266045, 871.0321175711497, 813.6481824602402]",1031.7071358816963,34,33517.19958496094,1951.0537937709241,1.9510537937709242,2.1666666666666665,0.8286413658464299,-0.283227580630802,22.95357404436384,2.3284210112187993,"{'buy_score': 140.0, 'sell_score': 225.0}","{'signal': 'BUY', 'strength': 70, 'fast_ema': np.float64(977.9207636131054), 'slow_ema': np.float64(971.1968491940365), 'trend': 'BULLISH', 'crossover': np.False_}","{'signal': 'NONE', 'strength': 0, 'rsi': np.float64(55.47570248928229), 'vwap': np.float64(920.6352027727974), 'vwap_trend': 'RISING', 'price_vs_vwap': 'ABOVE'}","{'signal': 'BUY', 'strength': 70, 'short_ma': np.float64(971.425), 'long_ma': np.float64(969.647068786621), 'crossover': 'GOLDEN', 'ma_distance': np.float64(0.18335859207038505)}","{'signal': 'STRONG_SELL', 'strength': 80, 'supertrend': np.float64(1016.4526503913314), 'direction': 'BEARISH', 'distance_pct': np.float64(3.1094200626831556), 'atr': np.float64(23.214276994977677)}","{'signal': 'SELL', 'strength': 65, 'bb_position': np.float64(0.703739376934465), 'upper_band': np.float64(1009.3820937798614), 'lower_band': np.float64(929.7829025580293), 'sma': np.float64(969.5824981689453)}",55.47570248928229,920.6352027727974,977.9207636131054,971.1968491940365,1016.4526503913314,True,2025-08-22T10:06:36.480433
TVSMOTOR,Auto,STRONG_BUY,29.0,3280.89990234375,3080.5785086495534,"[3581.381992885045, 3681.542689732143, 3881.8640834263397]",3120.6427873883927,9,29528.09912109375,1802.892543247769,1.802892543247769,2.1666666666666665,1.2268192164105272,8.667857558433601,80.12855747767857,2.442273762160125,"{'buy_score': 290.0, 'sell_score': 160.0}","{'signal': 'BUY', 'strength': 70, 'fast_ema': np.float64(3135.047526936879), 'slow_ema': np.float64(3028.3245741320534), 'trend': 'BULLISH', 'crossover': np.False_}","{'signal': 'NONE', 'strength': 0, 'rsi': np.float64(83.82998750161617), 'vwap': np.float64(2647.2146016822912), 'vwap_trend': 'RISING', 'price_vs_vwap': 'ABOVE'}","{'signal': 'BUY', 'strength': 60, 'short_ma': np.float64(3094.9099609375), 'long_ma': np.float64(2917.2424926757812), 'crossover': 'NONE', 'ma_distance': np.float64(6.09025367989744)}","{'signal': 'STRONG_BUY', 'strength': 80, 'supertrend': np.float64(2932.6715087890625), 'direction': 'BULLISH', 'distance_pct': np.float64(10.613807306523627), 'atr': np.float64(84.92853655133929)}","{'signal': 'STRONG_SELL', 'strength': 80, 'bb_position': np.float64(0.9696165356712605), 'upper_band': np.float64(3300.840285262889), 'lower_band': np.float64(2644.5496561433606), 'sma': np.float64(2972.694970703125)}",83.82998750161617,2647.2146016822912,3135.047526936879,3028.3245741320534,2932.6715087890625,True,2025-08-22T10:06:36.511979
BSOFT,I.T,STRONG_SELL,22.0,381.20001220703125,407.1732395717076,"[342.24017116001676, 329.25355747767856, 303.2803301130022]",400.2600128173828,77,29352.400939941406,1999.9385070800788,1.9999385070800786,2.1666666666666665,0.525382211026852,2.8047531705608404,10.389290945870536,2.7254172647371453,"{'buy_score': 0.0, 'sell_score': 220.0}","{'signal': 'NONE', 'strength': 0, 'fast_ema': np.float64(378.32109150800477), 'slow_ema': np.float64(386.26376018997473), 'trend': 'BEARISH', 'crossover': np.False_}","{'signal': 'NONE', 'strength': 0, 'rsi': np.float64(42.243980818036995), 'vwap': np.float64(436.91520289916497), 'vwap_trend': 'FALLING', 'price_vs_vwap': 'BELOW'}","{'signal': 'SELL', 'strength': 60, 'short_ma': np.float64(374.55499877929685), 'long_ma': np.float64(405.57911987304686), 'crossover': 'NONE', 'ma_distance': np.float64(7.649338827763394)}","{'signal': 'STRONG_SELL', 'strength': 80, 'supertrend': np.float64(526.5956726548513), 'direction': 'BULLISH', 'distance_pct': np.float64(38.14156762640793), 'atr': np.float64(8.592860630580358)}","{'signal': 'NONE', 'strength': 0, 'bb_position': np.float64(0.41258694399774476), 'upper_band': np.float64(414.4133806758208), 'lower_band': np.float64(357.8716199345307), 'sma': np.float64(386.14250030517576)}",42.243980818036995,436.91520289916497,378.32109150800477,386.26376018997473,526.5956726548513,True,2025-08-22T10:06:36.561676
GODREJCP,FMCG,STRONG_BUY,23.0,1247.4000244140625,1160.5580218849225,"[1377.6630282077726, 1421.0840294723425, 1507.9260320014826]",1185.0300231933593,23,28690.200561523438,1997.3660581702204,1.9973660581702204,2.166666666666667,1.4640474157156944,4.054051852387387,34.73680101165602,2.784736278001344,"{'buy_score': 230.0, 'sell_score': 65.0}","{'signal': 'BUY', 'strength': 70, 'fast_ema': np.float64(1221.005430718314), 'slow_ema': np.float64(1219.2830406594126), 'trend': 'BULLISH', 'crossover': np.True_}","{'signal': 'NONE', 'strength': 0, 'rsi': np.float64(48.53018966878953), 'vwap': np.float64(1160.7737357382598), 'vwap_trend': 'RISING', 'price_vs_vwap': 'ABOVE'}","{'signal': 'NONE', 'strength': 0, 'short_ma': np.float64(1209.2180908203125), 'long_ma': np.float64(1223.0262420654296), 'crossover': 'NONE', 'ma_distance': np.float64(1.1290151241397874)}","{'signal': 'STRONG_BUY', 'strength': 80, 'supertrend': np.float64(1162.0469540310162), 'direction': 'BULLISH', 'distance_pct': np.float64(6.842477850931497), 'atr': np.float64(28.3456000330731)}","{'signal': 'SELL', 'strength': 65, 'bb_position': np.float64(0.8389614758134162), 'upper_band': np.float64(1262.2791912202442), 'lower_band': np.float64(1169.8841144438184), 'sma': np.float64(1216.0816528320313)}",48.53018966878953,1160.7737357382598,1221.005430718314,1219.2830406594126,1162.0469540310162,True,2025-08-22T10:06:36.621137
UNITDSPR,FMCG,STRONG_SELL,28.5,1337.0,1394.6785932268415,"[1250.4821101597377, 1221.642813546317, 1163.9642203194755]",1383.1428745814733,34,45458.0,1961.0721697126105,1.9610721697126103,2.1666666666666674,0.928134871516644,2.357988820968208,23.071437290736608,1.725612362807525,"{'buy_score': 0.0, 'sell_score': 285.0}","{'signal': 'NONE', 'strength': 0, 'fast_ema': np.float64(1321.5353331129215), 'slow_ema': np.float64(1325.3349440327127), 'trend': 'BEARISH', 'crossover': np.False_}","{'signal': 'NONE', 'strength': 0, 'rsi': np.float64(51.536510189217154), 'vwap': np.float64(1443.168961631081), 'vwap_trend': 'FALLING', 'price_vs_vwap': 'BELOW'}","{'signal': 'SELL', 'strength': 60, 'short_ma': np.float64(1311.6), 'long_ma': np.float64(1344.067544555664), 'crossover': 'NONE', 'ma_distance': np.float64(2.415618522088302)}","{'signal': 'STRONG_SELL', 'strength': 80, 'supertrend': np.float64(1407.4211083256062), 'direction': 'BULLISH', 'distance_pct': np.float64(5.267098603261493), 'atr': np.float64(21.957188197544642)}","{'signal': 'SELL', 'strength': 65, 'bb_position': np.float64(0.858663487343713), 'upper_band': np.float64(1345.602447061043), 'lower_band': np.float64(1284.7374455170818), 'sma': np.float64(1315.1699462890624)}",51.536510189217154,1443.168961631081,1321.5353331129215,1325.3349440327127,1407.4211083256062,True,2025-08-22T10:06:36.661885
OFSS,I.T,STRONG_SELL,29.0,8699.0,9149.625,"[8023.0625, 7797.75, 7347.125]",9059.5,4,34796.0,1802.5,1.8025,2.1666666666666665,0.9343858667560864,1.2158938856245274,180.25,2.0720772502586504,"{'buy_score': 0.0, 'sell_score': 290.0}","{'signal': 'NONE', 'strength': 0, 'fast_ema': np.float64(8617.308903925305), 'slow_ema': np.float64(8626.10114977069), 'trend': 'BEARISH', 'crossover': np.False_}","{'signal': 'SELL', 'strength': 65, 'rsi': np.float64(60.36077705827937), 'vwap': np.float64(8959.343991080175), 'vwap_trend': 'FALLING', 'price_vs_vwap': 'BELOW'}","{'signal': 'NONE', 'strength': 0, 'short_ma': np.float64(8570.5), 'long_ma': np.float64(8732.575), 'crossover': 'NONE', 'ma_distance': np.float64(1.8559817694093748)}","{'signal': 'STRONG_SELL', 'strength': 80, 'supertrend': np.float64(10702.501825990925), 'direction': 'BULLISH', 'distance_pct': np.float64(23.031403908390903), 'atr': np.float64(186.57142857142858)}","{'signal': 'SELL', 'strength': 65, 'bb_position': np.float64(0.7242025379180382), 'upper_band': np.float64(8840.24926451608), 'lower_band': np.float64(8328.100735483918), 'sma': np.float64(8584.175)}",60.36077705827937,8959.343991080175,8617.308903925305,8626.10114977069,10702.501825990925,True,2025-08-22T10:06:36.839148
UNIONBANK,Bank,STRONG_BUY,23.0,136.52999877929688,129.51035499572754,"[147.05946445465088, 150.56928634643555, 157.58893013000488]",130.9142837524414,284,38774.51965332031,1993.5788345336914,1.9935788345336916,2.1666666666666665,0.6538446464626998,0.6190554372296904,2.8078575134277344,2.0565864927360655,"{'buy_score': 230.0, 'sell_score': 125.0}","{'signal': 'BUY', 'strength': 70, 'fast_ema': np.float64(135.49622888137787), 'slow_ema': np.float64(135.3417112311911), 'trend': 'BULLISH', 'crossover': np.False_}","{'signal': 'NONE', 'strength': 0, 'rsi': np.float64(63.89026298405779), 'vwap': np.float64(124.63980047303947), 'vwap_trend': 'RISING', 'price_vs_vwap': 'ABOVE'}","{'signal': 'SELL', 'strength': 60, 'short_ma': np.float64(135.10399780273437), 'long_ma': np.float64(138.39696445465088), 'crossover': 'NONE', 'ma_distance': np.float64(2.3793633515679713)}","{'signal': 'STRONG_BUY', 'strength': 80, 'supertrend': np.float64(103.68686372371693), 'direction': 'BULLISH', 'distance_pct': np.float64(24.055618068723085), 'atr': np.float64(2.524285452706473)}","{'signal': 'SELL', 'strength': 65, 'bb_position': np.float64(0.7196716670188275), 'upper_band': np.float64(140.30030704329099), 'lower_band': np.float64(126.85069164445318), 'sma': np.float64(133.57549934387208)}",63.89026298405779,124.63980047303947,135.49622888137787,135.3417112311911,103.68686372371693,True,2025-08-22T10:06:36.894394
GRANULES,Pharmaceuticals,STRONG_SELL,22.0,462.0,498.32142748151506,"[407.5178587777274, 389.3571450369699, 353.0357175554548]",485.1,55,25410.0,1997.6785114833283,1.9976785114833282,2.166666666666667,1.0024281642244082,0.3584216084735649,14.528570992606026,3.1447123360619105,"{'buy_score': 0.0, 'sell_score': 220.0}","{'signal': 'NONE', 'strength': 0, 'fast_ema': np.float64(458.5193216442608), 'slow_ema': np.float64(462.0951578710465), 'trend': 'BEARISH', 'crossover': np.False_}","{'signal': 'NONE', 'strength': 0, 'rsi': np.float64(42.9967510897352), 'vwap': np.float64(513.026104675165), 'vwap_trend': 'FALLING', 'price_vs_vwap': 'BELOW'}","{'signal': 'SELL', 'strength': 60, 'short_ma': np.float64(454.76999816894534), 'long_ma': np.float64(473.5844017028809), 'crossover': 'NONE', 'ma_distance': np.float64(3.9727667267511473)}","{'signal': 'STRONG_SELL', 'strength': 80, 'supertrend': np.float64(544.8841927858599), 'direction': 'BULLISH', 'distance_pct': np.float64(17.940301468800847), 'atr': np.float64(13.064287458147321)}","{'signal': 'NONE', 'strength': 0, 'bb_position': np.float64(0.5343956445522922), 'upper_band': np.float64(488.62609378890375), 'lower_band': np.float64(431.4400011817994), 'sma': np.float64(460.0330474853516)}",42.9967510897352,513.026104675165,458.5193216442608,462.0951578710465,544.8841927858599,True,2025-08-22T10:06:36.947503
CANBK,Bank,STRONG_BUY,23.0,111.06999969482422,106.18964494977679,"[118.39053181239535, 120.83070918491907, 125.7110639299665]",107.16571589878627,409,45427.629875183105,1996.0650907243976,1.9960650907243975,2.166666666666666,0.5465324225910104,1.9084336836620142,1.9521418980189733,1.7575780169106652,"{'buy_score': 230.0, 'sell_score': 65.0}","{'signal': 'BUY', 'strength': 70, 'fast_ema': np.float64(110.30254435247484), 'slow_ema': np.float64(110.05881858442429), 'trend': 'BULLISH', 'crossover': np.False_}","{'signal': 'NONE', 'strength': 0, 'rsi': np.float64(65.30446312801041), 'vwap': np.float64(98.46530459387003), 'vwap_trend': 'RISING', 'price_vs_vwap': 'ABOVE'}","{'signal': 'NONE', 'strength': 0, 'short_ma': np.float64(109.83300018310547), 'long_ma': np.float64(111.31499996185303), 'crossover': 'NONE', 'ma_distance': np.float64(1.3313567616722244)}","{'signal': 'STRONG_BUY', 'strength': 80, 'supertrend': np.float64(89.22594037702491), 'direction': 'BULLISH', 'distance_pct': np.float64(19.66693020421177), 'atr': np.float64(1.6899980817522322)}","{'signal': 'SELL', 'strength': 65, 'bb_position': np.float64(0.7235891362408524), 'upper_band': np.float64(113.1085667869217), 'lower_band': np.float64(105.73343302997284), 'sma': np.float64(109.42099990844727)}",65.30446312801041,98.46530459387003,110.30254435247484,110.05881858442429,89.22594037702491,True,2025-08-22T10:06:36.998821
DIVISLAB,Pharmaceuticals,STRONG_SELL,29.0,6028.0,6457.821428571428,"[5383.267857142857, 5168.357142857143, 4738.535714285715]",6329.400000000001,4,24112.0,1719.2857142857138,1.7192857142857139,2.166666666666667,0.5351914758365706,-1.1884271781001556,171.92857142857142,2.852166082093089,"{'buy_score': 65.0, 'sell_score': 290.0}","{'signal': 'SELL', 'strength': 70, 'fast_ema': np.float64(6097.95043334749), 'slow_ema': np.float64(6240.4681388464805), 'trend': 'BEARISH', 'crossover': np.False_}","{'signal': 'NONE', 'strength': 0, 'rsi': np.float64(30.1781348236116), 'vwap': np.float64(6103.43812795856), 'vwap_trend': 'FALLING', 'price_vs_vwap': 'BELOW'}","{'signal': 'SELL', 'strength': 60, 'short_ma': np.float64(6050.9), 'long_ma': np.float64(6523.607153320312), 'crossover': 'NONE', 'ma_distance': np.float64(7.24610084897156)}","{'signal': 'STRONG_SELL', 'strength': 80, 'supertrend': np.float64(6159.033908298751), 'direction': 'BEARISH', 'distance_pct': np.float64(2.1737542849826004), 'atr': np.float64(114.42857142857143)}","{'signal': 'BUY', 'strength': 65, 'bb_position': np.float64(0.26476386348431746), 'upper_band': np.float64(6817.741718877937), 'lower_band': np.float64(5743.608281122063), 'sma': np.float64(6280.675)}",30.1781348236116,6103.43812795856,6097.95043334749,6240.4681388464805,6159.033908298751,True,2025-08-22T10:06:37.047492
MARUTI,Auto,STRONG_BUY,29.0,14280.0,13521.964285714286,"[15417.05357142857, 15796.071428571428, 16554.10714285714]",13673.57142857143,2,28560.0,1516.0714285714275,1.5160714285714276,2.1666666666666665,1.2017151109484774,11.266947171575502,303.2142857142857,2.1233493397358942,"{'buy_score': 290.0, 'sell_score': 160.0}","{'signal': 'BUY', 'strength': 70, 'fast_ema': np.float64(13594.142020083525), 'slow_ema': np.float64(13108.576982897042), 'trend': 'BULLISH', 'crossover': np.False_}","{'signal': 'NONE', 'strength': 0, 'rsi': np.float64(88.79347359381708), 'vwap': np.float64(12155.671100022448), 'vwap_trend': 'RISING', 'price_vs_vwap': 'ABOVE'}","{'signal': 'BUY', 'strength': 60, 'short_ma': np.float64(13324.8), 'long_ma': np.float64(12634.06708984375), 'crossover': 'NONE', 'ma_distance': np.float64(5.46722528259736)}","{'signal': 'STRONG_BUY', 'strength': 80, 'supertrend': np.float64(12826.071428571428), 'direction': 'BULLISH', 'distance_pct': np.float64(10.181572629051628), 'atr': np.float64(364.7142857142857)}","{'signal': 'STRONG_SELL', 'strength': 80, 'bb_position': np.float64(0.9957278356938287), 'upper_band': np.float64(14292.25087417771), 'lower_band': np.float64(11424.647172697292), 'sma': np.float64(12858.4490234375)}",88.79347359381708,12155.671100022448,13594.142020083525,13108.576982897042,12826.071428571428,True,2025-08-22T10:06:37.096229
JSL,Metals,STRONG_BUY,29.0,772.2999877929688,702.4006392438064,"[877.1490106167123, 912.0986848912935, 981.9980334404559]",733.6849884033203,28,21624.399658203125,1957.1817593765463,1.9571817593765461,2.1666666666666665,1.8625849268033745,7.280911752217624,27.95973941966497,3.620321100815577,"{'buy_score': 290.0, 'sell_score': 160.0}","{'signal': 'BUY', 'strength': 70, 'fast_ema': np.float64(740.0592861164193), 'slow_ema': np.float64(719.7097711108836), 'trend': 'BULLISH', 'crossover': np.False_}","{'signal': 'NONE', 'strength': 0, 'rsi': np.float64(70.41752544395476), 'vwap': np.float64(644.2114716835512), 'vwap_trend': 'RISING', 'price_vs_vwap': 'ABOVE'}","{'signal': 'BUY', 'strength': 60, 'short_ma': np.float64(727.6905395507813), 'long_ma': np.float64(697.7019348144531), 'crossover': 'NONE', 'ma_distance': np.float64(4.298197158404519)}","{'signal': 'STRONG_BUY', 'strength': 80, 'supertrend': np.float64(653.8674374339288), 'direction': 'BULLISH', 'distance_pct': np.float64(15.33504496063624), 'atr': np.float64(23.638787567910622)}","{'signal': 'STRONG_SELL', 'strength': 80, 'bb_position': np.float64(0.9432609194323222), 'upper_band': np.float64(780.3654188104156), 'lower_band': np.float64(638.21593494935), 'sma': np.float64(709.2906768798828)}",70.41752544395476,644.2114716835512,740.0592861164193,719.7097711108836,653.8674374339288,True,2025-08-22T10:06:37.228077
PETRONET,Industrials,STRONG_SELL,29.0,278.20001220703125,295.20000893729076,"[252.70001711164198, 244.20001874651223, 227.20002201625272]",291.80000959123885,117,32549.401428222656,1988.9996174403627,1.9889996174403628,2.166666666666667,0.47758856884139494,1.1820330444476657,6.799998692103794,2.444284109895496,"{'buy_score': 0.0, 'sell_score': 290.0}","{'signal': 'SELL', 'strength': 70, 'fast_ema': np.float64(278.4006954540729), 'slow_ema': np.float64(282.8623905560928), 'trend': 'BEARISH', 'crossover': np.False_}","{'signal': 'NONE', 'strength': 0, 'rsi': np.float64(41.43835079560003), 'vwap': np.float64(305.3933112293084), 'vwap_trend': 'FALLING', 'price_vs_vwap': 'BELOW'}","{'signal': 'SELL', 'strength': 60, 'short_ma': np.float64(276.575), 'long_ma': np.float64(293.21961517333983), 'crossover': 'NONE', 'ma_distance': np.float64(5.676501268000166)}","{'signal': 'STRONG_SELL', 'strength': 80, 'supertrend': np.float64(316.48072690912466), 'direction': 'BULLISH', 'distance_pct': np.float64(13.760141273324464), 'atr': np.float64(6.407135009765625)}","{'signal': 'NONE', 'strength': 0, 'bb_position': np.float64(0.38670937704103625), 'upper_band': np.float64(304.57687703647997), 'lower_band': np.float64(261.5681241842231), 'sma': np.float64(283.07250061035154)}",41.43835079560003,305.3933112293084,278.4006954540729,282.8623905560928,316.48072690912466,True,2025-08-22T10:06:37.301330
BIOCON,Pharmaceuticals,STRONG_BUY,22.5,357.75,328.7142791748047,"[401.30358123779297, 415.8214416503906, 444.85716247558594]",339.8625,68,24327.0,1974.4290161132812,1.9744290161132814,2.1666666666666665,0.6116627897771493,-0.6939625260235947,11.614288330078125,3.24648171350891,"{'buy_score': 225.0, 'sell_score': 130.0}","{'signal': 'SELL', 'strength': 70, 'fast_ema': np.float64(361.11698000129604), 'slow_ema': np.float64(366.6820542183871), 'trend': 'BEARISH', 'crossover': np.False_}","{'signal': 'BUY', 'strength': 65, 'rsi': np.float64(30.80433757004856), 'vwap': np.float64(357.65886690857866), 'vwap_trend': 'RISING', 'price_vs_vwap': 'ABOVE'}","{'signal': 'SELL', 'strength': 60, 'short_ma': np.float64(356.94000244140625), 'long_ma': np.float64(374.43269271850585), 'crossover': 'NONE', 'ma_distance': np.float64(4.671784974249136)}","{'signal': 'STRONG_BUY', 'strength': 80, 'supertrend': np.float64(305.7804578870999), 'direction': 'BULLISH', 'distance_pct': np.float64(14.526776271949718), 'atr': np.float64(8.664289202008929)}","{'signal': 'NONE', 'strength': 0, 'bb_position': np.float64(0.3087438587884469), 'upper_band': np.float64(408.11520494804574), 'lower_band': np.float64(335.25479627265736), 'sma': np.float64(371.68500061035155)}",30.80433757004856,357.65886690857866,361.11698000129604,366.6820542183871,305.7804578870999,True,2025-08-22T10:06:37.379309
UNOMINDA,Auto,STRONG_BUY,29.0,1230.5999755859375,1133.2071140834264,"[1376.6892678397041, 1425.3856985909597, 1522.7785600934708]",1169.0699768066406,20,24611.99951171875,1947.857230050222,1.947857230050222,2.1666666666666665,0.9172979017008359,10.427131068394536,38.957144601004465,3.165703345837905,"{'buy_score': 290.0, 'sell_score': 160.0}","{'signal': 'BUY', 'strength': 70, 'fast_ema': np.float64(1175.0586364154703), 'slow_ema': np.float64(1134.455673018992), 'trend': 'BULLISH', 'crossover': np.False_}","{'signal': 'NONE', 'strength': 0, 'rsi': np.float64(80.77423735813392), 'vwap': np.float64(999.0696358300605), 'vwap_trend': 'RISING', 'price_vs_vwap': 'ABOVE'}","{'signal': 'BUY', 'strength': 60, 'short_ma': np.float64(1151.4400146484375), 'long_ma': np.float64(1102.2800079345702), 'crossover': 'NONE', 'ma_distance': np.float64(4.459847439851717)}","{'signal': 'STRONG_BUY', 'strength': 80, 'supertrend': np.float64(921.4918333597935), 'direction': 'BULLISH', 'distance_pct': np.float64(25.11849084662669), 'atr': np.float64(38.642857142857146)}","{'signal': 'STRONG_SELL', 'strength': 80, 'bb_position': np.float64(0.9674814700617866), 'upper_band': np.float64(1238.9031350974549), 'lower_band': np.float64(983.5668844337949), 'sma': np.float64(1111.235009765625)}",80.77423735813392,999.0696358300605,1175.0586364154703,1134.455673018992,921.4918333597935,True,2025-08-22T10:06:37.456315
TCS,I.T,STRONG_SELL,35.0,3102.60009765625,3214.385724748884,"[2934.921657017299, 2879.028843470982, 2767.243216378348]",3192.0285993303573,17,52744.20166015625,1900.355660574779,1.9003556605747791,2.1666666666666665,1.1273062451223557,2.1869490663402025,44.71425083705357,1.4411864059061745,"{'buy_score': 0.0, 'sell_score': 350.0}","{'signal': 'NONE', 'strength': 0, 'fast_ema': np.float64(3057.3993084220842), 'slow_ema': np.float64(3083.2741262235295), 'trend': 'BEARISH', 'crossover': np.False_}","{'signal': 'SELL', 'strength': 65, 'rsi': np.float64(60.981304032145694), 'vwap': np.float64(3513.0220772998764), 'vwap_trend': 'FALLING', 'price_vs_vwap': 'BELOW'}","{'signal': 'SELL', 'strength': 60, 'short_ma': np.float64(3044.6699951171877), 'long_ma': np.float64(3186.0493896484377), 'crossover': 'NONE', 'ma_distance': np.float64(4.437451440351036)}","{'signal': 'STRONG_SELL', 'strength': 80, 'supertrend': np.float64(3806.9580863999176), 'direction': 'BULLISH', 'distance_pct': np.float64(22.702184186603684), 'atr': np.float64(45.85707310267857)}","{'signal': 'SELL', 'strength': 65, 'bb_position': np.float64(0.7913589802983144), 'upper_band': np.float64(3135.619355460889), 'lower_band': np.float64(2977.360649421924), 'sma': np.float64(3056.4900024414064)}",60.981304032145694,3513.0220772998764,3057.3993084220842,3083.2741262235295,3806.9580863999176,True,2025-08-22T10:06:37.528519
COFORGE,I.T,STRONG_SELL,28.5,1728.199951171875,1861.46781703404,"[1528.2981523786275, 1461.6642194475448, 1328.3963535853798]",1814.609948730469,15,25922.999267578125,1999.0179879324762,1.9990179879324763,2.1666666666666665,0.9031597905381545,6.567182783907764,53.30714634486607,3.0845473817262308,"{'buy_score': 0.0, 'sell_score': 285.0}","{'signal': 'NONE', 'strength': 0, 'fast_ema': np.float64(1678.1750002779763), 'slow_ema': np.float64(1700.9929682769227), 'trend': 'BEARISH', 'crossover': np.False_}","{'signal': 'NONE', 'strength': 0, 'rsi': np.float64(47.94997867897747), 'vwap': np.float64(1619.5828886060556), 'vwap_trend': 'RISING', 'price_vs_vwap': 'ABOVE'}","{'signal': 'SELL', 'strength': 60, 'short_ma': np.float64(1655.8699951171875), 'long_ma': np.float64(1788.5919921875), 'crossover': 'NONE', 'ma_distance': np.float64(7.4204736267431)}","{'signal': 'STRONG_SELL', 'strength': 80, 'supertrend': np.float64(1917.762471151706), 'direction': 'BEARISH', 'distance_pct': np.float64(10.968784014331822), 'atr': np.float64(41.81431361607143)}","{'signal': 'SELL', 'strength': 65, 'bb_position': np.float64(0.7441406015186524), 'upper_band': np.float64(1776.374909591786), 'lower_band': np.float64(1588.0880664824326), 'sma': np.float64(1682.2314880371093)}",47.94997867897747,1619.5828886060556,1678.1750002779763,1700.9929682769227,1917.762471151706,True,2025-08-22T10:06:37.591568
NTPC,Miscellaneous,STRONG_BUY,23.0,338.79998779296875,325.04105595179965,"[359.4383855547224, 366.31785147530695, 380.07678331647605]",327.79284232003346,145,49125.99822998047,1995.0451169695198,1.9950451169695196,2.166666666666667,1.246688488199116,-0.3382922114331708,5.503572736467634,1.6244312086075734,"{'buy_score': 230.0, 'sell_score': 65.0}","{'signal': 'BUY', 'strength': 70, 'fast_ema': np.float64(337.75851040870754), 'slow_ema': np.float64(337.1056363430816), 'trend': 'BULLISH', 'crossover': np.False_}","{'signal': 'NONE', 'strength': 0, 'rsi': np.float64(56.41745894554883), 'vwap': np.float64(334.81452896027326), 'vwap_trend': 'RISING', 'price_vs_vwap': 'ABOVE'}","{'signal': 'NONE', 'strength': 0, 'short_ma': np.float64(337.1949981689453), 'long_ma': np.float64(337.64000091552737), 'crossover': 'NONE', 'ma_distance': np.float64(0.13179799353614205)}","{'signal': 'STRONG_BUY', 'strength': 80, 'supertrend': np.float64(307.36672909587276), 'direction': 'BULLISH', 'distance_pct': np.float64(9.277821673448225), 'atr': np.float64(6.107147216796875)}","{'signal': 'SELL', 'strength': 65, 'bb_position': np.float64(0.726357090793675), 'upper_band': np.float64(342.5928943206899), 'lower_band': np.float64(328.73210567931017), 'sma': np.float64(335.6625)}",56.41745894554883,334.81452896027326,337.75851040870754,337.1056363430816,307.36672909587276,True,2025-08-22T10:06:37.628445
IIFL,Finance,STRONG_BUY,22.5,459.75,414.1517846243722,"[528.1473230634417, 550.9464307512555, 596.5446461268833]",436.7625,43,19769.25,1960.7232611519944,1.9607232611519945,2.166666666666667,0.34268182700628314,3.140773976444195,18.239286150251115,3.9672183034803945,"{'buy_score': 225.0, 'sell_score': 60.0}","{'signal': 'NONE', 'strength': 0, 'fast_ema': np.float64(459.3003359817272), 'slow_ema': np.float64(466.8209082534437), 'trend': 'BEARISH', 'crossover': np.False_}","{'signal': 'BUY', 'strength': 65, 'rsi': np.float64(44.312496185302734), 'vwap': np.float64(403.2325003591859), 'vwap_trend': 'RISING', 'price_vs_vwap': 'ABOVE'}","{'signal': 'SELL', 'strength': 60, 'short_ma': np.float64(454.2450012207031), 'long_ma': np.float64(485.30750274658203), 'crossover': 'NONE', 'ma_distance': np.float64(6.400581353076495)}","{'signal': 'STRONG_BUY', 'strength': 80, 'supertrend': np.float64(423.7749764578683), 'direction': 'BULLISH', 'distance_pct': np.float64(7.8249099602244), 'atr': np.float64(13.764286586216517)}","{'signal': 'NONE', 'strength': 0, 'bb_position': np.float64(0.4352817808402783), 'upper_band': np.float64(526.4151445419197), 'lower_band': np.float64(408.3648633926506), 'sma': np.float64(467.39000396728517)}",44.312496185302734,403.2325003591859,459.3003359817272,466.8209082534437,423.7749764578683,True,2025-08-22T10:06:37.662832
YESBANK,Bank,STRONG_SELL,28.5,19.43000030517578,20.251428604125977,"[18.19785785675049, 17.78714370727539, 16.965715408325195]",20.087142944335938,2434,47292.62074279785,1999.3564796447754,1.9993564796447754,2.1666666666666665,0.9291203818468429,3.1864067121654913,0.3285713195800781,1.6910515410159463,"{'buy_score': 0.0, 'sell_score': 285.0}","{'signal': 'NONE', 'strength': 0, 'fast_ema': np.float64(19.13025982518293), 'slow_ema': np.float64(19.18911328254437), 'trend': 'BEARISH', 'crossover': np.False_}","{'signal': 'NONE', 'strength': 0, 'rsi': np.float64(61.971841075709236), 'vwap': np.float64(19.31597663665354), 'vwap_trend': 'RISING', 'price_vs_vwap': 'ABOVE'}","{'signal': 'SELL', 'strength': 60, 'short_ma': np.float64(18.96400032043457), 'long_ma': np.float64(19.57849998474121), 'crossover': 'NONE', 'ma_distance': np.float64(3.1386452730574748)}","{'signal': 'STRONG_SELL', 'strength': 80, 'supertrend': np.float64(20.544287136622838), 'direction': 'BULLISH', 'distance_pct': np.float64(5.7348780954482645), 'atr': np.float64(0.25857135227748324)}","{'signal': 'SELL', 'strength': 65, 'bb_position': np.float64(0.7403313455708189), 'upper_band': np.float64(19.829771073677406), 'lower_band': np.float64(18.2902291933514), 'sma': np.float64(19.060000133514404)}",61.971841075709236,19.31597663665354,19.13025982518293,19.18911328254437,20.544287136622838,True,2025-08-22T10:06:37.722575
GMRAIRPORT,Miscellaneous,STRONG_BUY,22.5,88.95999908447266,83.88499941144671,"[96.57249859401156, 99.10999843052454, 104.18499810355048]",84.8999993460519,394,35050.23963928223,1999.5498711722214,1.9995498711722213,2.166666666666666,0.6631651943766403,0.3496870313118436,2.0299998692103793,2.281924336895257,"{'buy_score': 225.0, 'sell_score': 70.0}","{'signal': 'SELL', 'strength': 70, 'fast_ema': np.float64(89.99695952806735), 'slow_ema': np.float64(90.13650357457706), 'trend': 'BEARISH', 'crossover': np.False_}","{'signal': 'NONE', 'strength': 0, 'rsi': np.float64(46.278758008159016), 'vwap': np.float64(81.63345097155775), 'vwap_trend': 'RISING', 'price_vs_vwap': 'ABOVE'}","{'signal': 'NONE', 'strength': 0, 'short_ma': np.float64(89.74300003051758), 'long_ma': np.float64(90.29625034332275), 'crossover': 'NONE', 'ma_distance': np.float64(0.6127057443710204)}","{'signal': 'STRONG_BUY', 'strength': 80, 'supertrend': np.float64(85.94286182948521), 'direction': 'BEARISH', 'distance_pct': np.float64(3.391566193837862), 'atr': np.float64(1.8314285278320312)}","{'signal': 'BUY', 'strength': 65, 'bb_position': np.float64(0.22562938898171006), 'upper_band': np.float64(92.46677414444507), 'lower_band': np.float64(87.93822539779127), 'sma': np.float64(90.20249977111817)}",46.278758008159016,81.63345097155775,89.99695952806735,90.13650357457706,85.94286182948521,True,2025-08-22T10:06:37.894334
TECHM,I.T,STRONG_SELL,28.5,1521.300048828125,1610.6035940987724,"[1387.3447309221538, 1342.6929582868302, 1253.3894130161827]",1592.742885044643,22,33468.60107421875,1964.6779959542432,1.964677995954243,2.166666666666667,0.7746092331074036,0.9958175339415103,35.72141810825893,2.3480849905825973,"{'buy_score': 160.0, 'sell_score': 285.0}","{'signal': 'NONE', 'strength': 0, 'fast_ema': np.float64(1500.0553713174636), 'slow_ema': np.float64(1503.3160432989948), 'trend': 'BEARISH', 'crossover': np.False_}","{'signal': 'SELL', 'strength': 65, 'rsi': np.float64(61.745536118780606), 'vwap': np.float64(1536.1082753283345), 'vwap_trend': 'FALLING', 'price_vs_vwap': 'BELOW'}","{'signal': 'SELL', 'strength': 60, 'short_ma': np.float64(1495.9099975585937), 'long_ma': np.float64(1543.6468688964844), 'crossover': 'NONE', 'ma_distance': np.float64(3.092473563724888)}","{'signal': 'STRONG_BUY', 'strength': 80, 'supertrend': np.float64(1423.9886357327136), 'direction': 'BULLISH', 'distance_pct': np.float64(6.396595672916165), 'atr': np.float64(33.5714111328125)}","{'signal': 'STRONG_SELL', 'strength': 80, 'bb_position': np.float64(0.9329713734999592), 'upper_band': np.float64(1527.6233019844879), 'lower_band': np.float64(1433.2866955741058), 'sma': np.float64(1480.4549987792968)}",61.745536118780606,1536.1082753283345,1500.0553713174636,1503.3160432989948,1423.9886357327136,True,2025-08-22T10:06:37.946018
TORNTPOWER,Miscellaneous,STRONG_SELL,29.0,1291.800048828125,1380.050083705357,"[1159.4249965122767, 1115.2999790736608, 1027.0499441964287]",1356.3900512695313,22,28419.60107421875,1941.5007672991064,1.9415007672991065,2.166666666666667,2.7146970989761092,-5.161142942357915,35.300013950892854,2.732622125453221,"{'buy_score': 65.0, 'sell_score': 290.0}","{'signal': 'SELL', 'strength': 70, 'fast_ema': np.float64(1312.5234247508663), 'slow_ema': np.float64(1330.170036512913), 'trend': 'BEARISH', 'crossover': np.False_}","{'signal': 'NONE', 'strength': 0, 'rsi': np.float64(45.90828256216038), 'vwap': np.float64(1405.3594189207736), 'vwap_trend': 'FALLING', 'price_vs_vwap': 'BELOW'}","{'signal': 'SELL', 'strength': 60, 'short_ma': np.float64(1326.4200073242187), 'long_ma': np.float64(1370.929998779297), 'crossover': 'NONE', 'ma_distance': np.float64(3.2467005240756914)}","{'signal': 'STRONG_SELL', 'strength': 80, 'supertrend': np.float64(1713.9770473503784), 'direction': 'BEARISH', 'distance_pct': np.float64(32.68129606476152), 'atr': np.float64(28.157156808035715)}","{'signal': 'BUY', 'strength': 65, 'bb_position': np.float64(0.16416508888376055), 'upper_band': np.float64(1373.1472388141176), 'lower_band': np.float64(1275.8227685101012), 'sma': np.float64(1324.4850036621094)}",45.90828256216038,1405.3594189207736,1312.5234247508663,1330.170036512913,1713.9770473503784,True,2025-08-22T10:06:38.030090
NAUKRI,I.T,STRONG_SELL,28.5,1412.800048828125,1518.3358285086495,"[1254.4963793073384, 1201.728489467076, 1096.1927097865516]",1483.4400512695313,18,25430.40087890625,1899.6440342494402,1.89964403424944,2.1666666666666665,1.2148412344776134,6.554040486760311,42.21431187220982,2.9879891289093115,"{'buy_score': 0.0, 'sell_score': 285.0}","{'signal': 'NONE', 'strength': 0, 'fast_ema': np.float64(1373.2797685859393), 'slow_ema': np.float64(1376.5014552640032), 'trend': 'BEARISH', 'crossover': np.False_}","{'signal': 'NONE', 'strength': 0, 'rsi': np.float64(53.766996075447594), 'vwap': np.float64(1457.2493748467182), 'vwap_trend': 'FALLING', 'price_vs_vwap': 'BELOW'}","{'signal': 'SELL', 'strength': 60, 'short_ma': np.float64(1356.95), 'long_ma': np.float64(1403.7442474365234), 'crossover': 'NONE', 'ma_distance': np.float64(3.3335308423865437)}","{'signal': 'STRONG_SELL', 'strength': 80, 'supertrend': np.float64(1585.0044200263005), 'direction': 'BULLISH', 'distance_pct': np.float64(12.188870699786133), 'atr': np.float64(43.157174246651785)}","{'signal': 'SELL', 'strength': 65, 'bb_position': np.float64(0.7488224604328704), 'upper_band': np.float64(1452.5073974050451), 'lower_band': np.float64(1294.4226074777675), 'sma': np.float64(1373.4650024414063)}",53.766996075447594,1457.2493748467182,1373.2797685859393,1376.5014552640032,1585.0044200263005,True,2025-08-22T10:06:38.110315
PFC,Finance,STRONG_SELL,23.0,400.25,423.27106365390006,"[365.7184045191499, 354.2078726921999, 331.1868090382998]",418.66685092312,86,34421.5,1979.811474235405,1.9798114742354052,2.166666666666667,1.308565140344233,-3.330341565008089,9.208425461560015,2.3006684476102475,"{'buy_score': 65.0, 'sell_score': 230.0}","{'signal': 'SELL', 'strength': 70, 'fast_ema': np.float64(407.18783369656416), 'slow_ema': np.float64(409.0035208608336), 'trend': 'BEARISH', 'crossover': np.False_}","{'signal': 'NONE', 'strength': 0, 'rsi': np.float64(45.32938631597126), 'vwap': np.float64(404.351086428119), 'vwap_trend': 'FALLING', 'price_vs_vwap': 'BELOW'}","{'signal': 'NONE', 'strength': 0, 'short_ma': np.float64(408.2647979736328), 'long_ma': np.float64(412.8642181396484), 'crossover': 'NONE', 'ma_distance': np.float64(1.114027315503488)}","{'signal': 'STRONG_SELL', 'strength': 80, 'supertrend': np.float64(485.5524182812373), 'direction': 'BEARISH', 'distance_pct': np.float64(21.31228439256397), 'atr': np.float64(8.080932160155498)}","{'signal': 'BUY', 'strength': 65, 'bb_position': np.float64(0.1086073043615364), 'upper_band': np.float64(418.7811026305391), 'lower_band': np.float64(397.99217007453905), 'sma': np.float64(408.3866363525391)}",45.32938631597126,404.351086428119,407.18783369656416,409.0035208608336,485.5524182812373,True,2025-08-22T10:06:38.131812
INDIANB,Bank,STRONG_BUY,29.0,670.8499755859375,638.1714150565011,"[719.8678163800921, 736.2070966448102, 768.8856571742466]",644.7071271623884,61,40921.84851074219,1993.3921922956183,1.9933921922956184,2.1666666666666674,0.32982494565304293,0.022359233066475536,13.071424211774554,1.9484869475261795,"{'buy_score': 290.0, 'sell_score': 65.0}","{'signal': 'BUY', 'strength': 70, 'fast_ema': np.float64(665.82300321798), 'slow_ema': np.float64(655.0804250249267), 'trend': 'BULLISH', 'crossover': np.False_}","{'signal': 'NONE', 'strength': 0, 'rsi': np.float64(80.35821863325002), 'vwap': np.float64(574.9135543009962), 'vwap_trend': 'RISING', 'price_vs_vwap': 'ABOVE'}","{'signal': 'BUY', 'strength': 60, 'short_ma': np.float64(667.1700012207032), 'long_ma': np.float64(643.5162551879882), 'crossover': 'NONE', 'ma_distance': np.float64(3.6757029588638823)}","{'signal': 'STRONG_BUY', 'strength': 80, 'supertrend': np.float64(474.13774474007226), 'direction': 'BULLISH', 'distance_pct': np.float64(29.322834911643508), 'atr': np.float64(9.178562709263392)}","{'signal': 'SELL', 'strength': 65, 'bb_position': np.float64(0.7576950149127764), 'upper_band': np.float64(691.0894363712487), 'lower_band': np.float64(607.5605697322669), 'sma': np.float64(649.3250030517578)}",80.35821863325002,574.9135543009962,665.82300321798,655.0804250249267,474.13774474007226,True,2025-08-22T10:06:38.180058
FORTIS,Pharmaceuticals,STRONG_BUY,29.0,947.5499877929688,892.7910657610212,"[1029.68837084089, 1057.067831856864, 1111.8267538888115]",903.7428501674107,36,34111.799560546875,1971.3211931501128,1.9713211931501127,2.166666666666666,0.803425343808836,0.18502854964966092,21.903568812779017,2.311600347734346,"{'buy_score': 290.0, 'sell_score': 65.0}","{'signal': 'BUY', 'strength': 70, 'fast_ema': np.float64(932.346593058623), 'slow_ema': np.float64(897.985502663731), 'trend': 'BULLISH', 'crossover': np.False_}","{'signal': 'NONE', 'strength': 0, 'rsi': np.float64(76.49999281939338), 'vwap': np.float64(721.43197149552), 'vwap_trend': 'RISING', 'price_vs_vwap': 'ABOVE'}","{'signal': 'BUY', 'strength': 60, 'short_ma': np.float64(931.0100036621094), 'long_ma': np.float64(842.5986282348633), 'crossover': 'NONE', 'ma_distance': np.float64(10.492703461012823)}","{'signal': 'STRONG_BUY', 'strength': 80, 'supertrend': np.float64(621.9965150657949), 'direction': 'BULLISH', 'distance_pct': np.float64(34.357392952476545), 'atr': np.float64(19.678571428571427)}","{'signal': 'SELL', 'strength': 65, 'bb_position': np.float64(0.8171866681014452), 'upper_band': np.float64(979.4110935423727), 'lower_band': np.float64(805.1289150025492), 'sma': np.float64(892.2700042724609)}",76.49999281939338,721.43197149552,932.346593058623,897.985502663731,621.9965150657949,True,2025-08-22T10:06:38.404702
POWERGRID,Miscellaneous,STRONG_SELL,29.0,284.0,293.70800548693205,"[269.4379917696019, 264.5839890261359, 254.87598353920384]",291.76640438954564,206,58504.0,1999.8491303080027,1.9998491303080026,2.1666666666666665,0.8142920524737488,-1.031257623830144,3.883202194772825,1.3673247164693045,"{'buy_score': 65.0, 'sell_score': 290.0}","{'signal': 'SELL', 'strength': 70, 'fast_ema': np.float64(286.62802044922626), 'slow_ema': np.float64(287.93768259652035), 'trend': 'BEARISH', 'crossover': np.False_}","{'signal': 'NONE', 'strength': 0, 'rsi': np.float64(35.55211518721451), 'vwap': np.float64(288.4528402763395), 'vwap_trend': 'FALLING', 'price_vs_vwap': 'BELOW'}","{'signal': 'SELL', 'strength': 60, 'short_ma': np.float64(285.8908966064453), 'long_ma': np.float64(291.7291427612305), 'crossover': 'NONE', 'ma_distance': np.float64(2.001255719440946)}","{'signal': 'STRONG_SELL', 'strength': 80, 'supertrend': np.float64(330.95327996737007), 'direction': 'BEARISH', 'distance_pct': np.float64(16.53284505893312), 'atr': np.float64(3.655612225029334)}","{'signal': 'BUY', 'strength': 65, 'bb_position': np.float64(0.2534325996213914), 'upper_band': np.float64(295.02083417964496), 'lower_band': np.float64(280.2588258545347), 'sma': np.float64(287.6398300170898)}",35.55211518721451,288.4528402763395,286.62802044922626,287.93768259652035,330.95327996737007,True,2025-08-22T10:06:38.512452
IRB,Realty,STRONG_SELL,29.0,44.61000061035156,47.46357263837542,"[40.329642568315776, 38.90285655430385, 36.04928452628]",46.840500640869145,700,31227.000427246094,1997.5004196166985,1.9975004196166986,2.166666666666667,0.7975154919816262,-0.4018760917537302,1.1414288112095423,2.558683693325659,"{'buy_score': 0.0, 'sell_score': 290.0}","{'signal': 'SELL', 'strength': 70, 'fast_ema': np.float64(44.843317535081205), 'slow_ema': np.float64(45.43516789663211), 'trend': 'BEARISH', 'crossover': np.False_}","{'signal': 'NONE', 'strength': 0, 'rsi': np.float64(46.45062200799203), 'vwap': np.float64(49.79980578679253), 'vwap_trend': 'FALLING', 'price_vs_vwap': 'BELOW'}","{'signal': 'SELL', 'strength': 60, 'short_ma': np.float64(44.66899948120117), 'long_ma': np.float64(47.025250148773196), 'crossover': 'NONE', 'ma_distance': np.float64(5.010607407972496)}","{'signal': 'STRONG_SELL', 'strength': 80, 'supertrend': np.float64(59.5154727105962), 'direction': 'BEARISH', 'distance_pct': np.float64(33.41284890452542), 'atr': np.float64(1.0628580365862166)}","{'signal': 'NONE', 'strength': 0, 'bb_position': np.float64(0.3501831805915291), 'upper_band': np.float64(46.958705493844306), 'lower_band': np.float64(43.344294765555105), 'sma': np.float64(45.151500129699706)}",46.45062200799203,49.79980578679253,44.843317535081205,45.43516789663211,59.5154727105962,True,2025-08-22T10:06:38.631352
TITAGARH,FMCG,STRONG_SELL,22.0,855.0999755859375,926.4749668666294,"[748.0374886648997, 712.3499930245537, 640.9750017438618]",897.8549743652344,28,23942.79931640625,1998.4997558593736,1.9984997558593736,2.1666666666666665,1.1386707047588223,5.107244596694941,28.549996512276785,3.338790472156611,"{'buy_score': 0.0, 'sell_score': 220.0}","{'signal': 'NONE', 'strength': 0, 'fast_ema': np.float64(831.4116799276347), 'slow_ema': np.float64(845.7729433016642), 'trend': 'BEARISH', 'crossover': np.False_}","{'signal': 'NONE', 'strength': 0, 'rsi': np.float64(48.92803061318618), 'vwap': np.float64(887.4081378641855), 'vwap_trend': 'FALLING', 'price_vs_vwap': 'BELOW'}","{'signal': 'SELL', 'strength': 60, 'short_ma': np.float64(819.6549987792969), 'long_ma': np.float64(890.7374984741211), 'crossover': 'NONE', 'ma_distance': np.float64(7.980184938502333)}","{'signal': 'STRONG_SELL', 'strength': 80, 'supertrend': np.float64(1416.921377999442), 'direction': 'BEARISH', 'distance_pct': np.float64(65.70242292762661), 'atr': np.float64(24.028573172433035)}","{'signal': 'NONE', 'strength': 0, 'bb_position': np.float64(0.6188849049244942), 'upper_band': np.float64(901.6072963091202), 'lower_band': np.float64(779.5777012494735), 'sma': np.float64(840.5924987792969)}",48.92803061318618,887.4081378641855,831.4116799276347,845.7729433016642,1416.921377999442,True,2025-08-22T10:06:38.724567
RECLTD,Finance,STRONG_SELL,23.0,380.6000061035156,395.97471553640037,"[357.5379419541885, 349.85058723774614, 334.4758778048614]",392.8997736498234,130,49478.00079345703,1998.7122262750165,1.9987122262750165,2.166666666666667,0.5296055550941015,-1.0271777451435151,6.149883773153887,1.6158391157464251,"{'buy_score': 65.0, 'sell_score': 230.0}","{'signal': 'SELL', 'strength': 70, 'fast_ema': np.float64(382.22289900206937), 'slow_ema': np.float64(384.83844960950296), 'trend': 'BEARISH', 'crossover': np.False_}","{'signal': 'NONE', 'strength': 0, 'rsi': np.float64(41.217211467820235), 'vwap': np.float64(409.50505831775945), 'vwap_trend': 'FALLING', 'price_vs_vwap': 'BELOW'}","{'signal': 'NONE', 'strength': 0, 'short_ma': np.float64(381.69142456054686), 'long_ma': np.float64(388.4866027832031), 'crossover': 'NONE', 'ma_distance': np.float64(1.749140941791587)}","{'signal': 'STRONG_SELL', 'strength': 80, 'supertrend': np.float64(539.151008908364), 'direction': 'BEARISH', 'distance_pct': np.float64(41.658171377360844), 'atr': np.float64(4.970749393457928)}","{'signal': 'BUY', 'strength': 65, 'bb_position': np.float64(0.24739802469728026), 'upper_band': np.float64(396.9728598473344), 'lower_band': np.float64(375.21786280891564), 'sma': np.float64(386.095361328125)}",41.217211467820235,409.50505831775945,382.22289900206937,384.83844960950296,539.151008908364,True,2025-08-22T10:06:38.771136
BAJAJ-AUTO,Auto,STRONG_SELL,32.0,8684.5,9145.839285714286,"[7992.491071428571, 7761.8214285714275, 7300.482142857141]",9053.57142857143,4,34738.0,1845.357142857145,1.8453571428571447,2.166666666666667,1.2827549871998105,5.28580954112869,184.53571428571428,2.124885880427362,"{'buy_score': 70.0, 'sell_score': 320.0}","{'signal': 'BUY', 'strength': 70, 'fast_ema': np.float64(8518.000531005522), 'slow_ema': np.float64(8385.02746604806), 'trend': 'BULLISH', 'crossover': np.False_}","{'signal': 'NONE', 'strength': 0, 'rsi': np.float64(75.94936708860759), 'vwap': np.float64(8185.17489879886), 'vwap_trend': 'RISING', 'price_vs_vwap': 'ABOVE'}","{'signal': 'NONE', 'strength': 0, 'short_ma': np.float64(8428.25), 'long_ma': np.float64(8309.925), 'crossover': 'NONE', 'ma_distance': np.float64(1.4238997343538087)}","{'signal': 'STRONG_SELL', 'strength': 80, 'supertrend': np.float64(9113.442931897107), 'direction': 'BEARISH', 'distance_pct': np.float64(4.939178212874742), 'atr': np.float64(196.85714285714286)}","{'signal': 'STRONG_SELL', 'strength': 80, 'bb_position': np.float64(0.9131942206005813), 'upper_band': np.float64(8769.94144308318), 'lower_band': np.float64(7785.658556916819), 'sma': np.float64(8277.8)}",75.94936708860759,8185.17489879886,8518.000531005522,8385.02746604806,9113.442931897107,True,2025-08-22T10:06:38.859522
NHPC,Miscellaneous,STRONG_BUY,22.5,81.83000183105469,77.2902916957697,"[88.63956703398217, 90.90942210162467, 95.44913223690966]",78.1982337228267,440,36005.20080566406,1997.4724595253963,1.9974724595253963,2.1666666666666665,0.7264451478966928,-3.2742277695356465,1.815884054113995,2.219093258561877,"{'buy_score': 225.0, 'sell_score': 130.0}","{'signal': 'SELL', 'strength': 70, 'fast_ema': np.float64(82.69074213528307), 'slow_ema': np.float64(83.34989763884438), 'trend': 'BEARISH', 'crossover': np.False_}","{'signal': 'NONE', 'strength': 0, 'rsi': np.float64(46.65219247896807), 'vwap': np.float64(81.59960232093007), 'vwap_trend': 'RISING', 'price_vs_vwap': 'ABOVE'}","{'signal': 'SELL', 'strength': 60, 'short_ma': np.float64(82.69372863769532), 'long_ma': np.float64(84.65224494934083), 'crossover': 'NONE', 'ma_distance': np.float64(2.3136023301184307)}","{'signal': 'STRONG_BUY', 'strength': 80, 'supertrend': np.float64(74.09083017836598), 'direction': 'BULLISH', 'distance_pct': np.float64(9.457621263001947), 'atr': np.float64(1.7545152613421695)}","{'signal': 'BUY', 'strength': 65, 'bb_position': np.float64(0.16631443548607333), 'upper_band': np.float64(85.08037378301213), 'lower_band': np.float64(81.1815753747027), 'sma': np.float64(83.13097457885742)}",46.65219247896807,81.59960232093007,82.69074213528307,83.34989763884438,74.09083017836598,True,2025-08-22T10:06:39.086145
OIL,Oils,STRONG_BUY,22.5,410.79998779296875,384.3267735072545,"[450.5098092215402, 463.7464163643973, 490.2196306501116]",390.2599884033203,75,30809.999084472656,1985.4910714285709,1.985491071428571,2.166666666666667,0.7731968173341677,0.9336579343903563,10.589285714285714,2.577722986599115,"{'buy_score': 225.0, 'sell_score': 130.0}","{'signal': 'SELL', 'strength': 70, 'fast_ema': np.float64(413.2560863820092), 'slow_ema': np.float64(422.46758719621204), 'trend': 'BEARISH', 'crossover': np.False_}","{'signal': 'NONE', 'strength': 0, 'rsi': np.float64(26.413546460205353), 'vwap': np.float64(425.9281073009817), 'vwap_trend': 'FALLING', 'price_vs_vwap': 'BELOW'}","{'signal': 'SELL', 'strength': 60, 'short_ma': np.float64(414.9200012207031), 'long_ma': np.float64(434.47500076293943), 'crossover': 'NONE', 'ma_distance': np.float64(4.500834227032091)}","{'signal': 'STRONG_BUY', 'strength': 80, 'supertrend': np.float64(375.24290167154214), 'direction': 'BULLISH', 'distance_pct': np.float64(8.65557136757909), 'atr': np.float64(10.728572300502233)}","{'signal': 'BUY', 'strength': 65, 'bb_position': np.float64(0.24611851186371916), 'upper_band': np.float64(454.53962329962616), 'lower_band': np.float64(396.52037731072545), 'sma': np.float64(425.5300003051758)}",26.413546460205353,425.9281073009817,413.2560863820092,422.46758719621204,375.24290167154214,True,2025-08-22T10:06:39.116681
GODREJPROP,Realty,STRONG_SELL,22.0,2053.60009765625,2196.8322143554688,"[1838.7519226074219, 1767.1358642578125, 1623.9037475585938]",2156.2801025390627,13,26696.80126953125,1862.0175170898438,1.8620175170898436,2.166666666666667,1.4597284357940112,4.770171074685223,57.2928466796875,2.7898735856642762,"{'buy_score': 0.0, 'sell_score': 220.0}","{'signal': 'NONE', 'strength': 0, 'fast_ema': np.float64(2022.253260143409), 'slow_ema': np.float64(2072.5924343521015), 'trend': 'BEARISH', 'crossover': np.False_}","{'signal': 'NONE', 'strength': 0, 'rsi': np.float64(44.78087814157371), 'vwap': np.float64(2218.834542124732), 'vwap_trend': 'FALLING', 'price_vs_vwap': 'BELOW'}","{'signal': 'SELL', 'strength': 60, 'short_ma': np.float64(1995.9900268554688), 'long_ma': np.float64(2188.5725189208983), 'crossover': 'NONE', 'ma_distance': np.float64(8.799456741802853)}","{'signal': 'STRONG_SELL', 'strength': 80, 'supertrend': np.float64(3116.085728236607), 'direction': 'BEARISH', 'distance_pct': np.float64(51.73770841718207), 'atr': np.float64(50.11427525111607)}","{'signal': 'NONE', 'strength': 0, 'bb_position': np.float64(0.46561627873420103), 'upper_band': np.float64(2257.584721937646), 'lower_band': np.float64(1875.86533909751), 'sma': np.float64(2066.725030517578)}",44.78087814157371,2218.834542124732,2022.253260143409,2072.5924343521015,3116.085728236607,True,2025-08-22T10:06:39.318146
JUBLFOOD,Quick Service Restaurant,STRONG_SELL,20.0,627.3499755859375,669.1803327287946,"[564.6044398716518, 543.6892613002233, 501.85890415736617]",658.7174743652344,47,29485.448852539062,1966.0267857142842,1.9660267857142841,2.166666666666667,0.8000237335612761,-1.9382609478800314,16.732142857142858,2.667114610391948,"{'buy_score': 65.0, 'sell_score': 200.0}","{'signal': 'SELL', 'strength': 70, 'fast_ema': np.float64(633.9949068943602), 'slow_ema': np.float64(642.5803025543554), 'trend': 'BEARISH', 'crossover': np.False_}","{'signal': 'NONE', 'strength': 0, 'rsi': np.float64(34.4903655378821), 'vwap': np.float64(680.5133537430003), 'vwap_trend': 'FALLING', 'price_vs_vwap': 'BELOW'}","{'signal': 'SELL', 'strength': 60, 'short_ma': np.float64(632.5849975585937), 'long_ma': np.float64(665.0230285644532), 'crossover': 'NONE', 'ma_distance': np.float64(4.877730486398576)}","{'signal': 'SELL', 'strength': 70, 'supertrend': np.float64(637.6775139494148), 'direction': 'BULLISH', 'distance_pct': np.float64(1.6462164286898215), 'atr': np.float64(17.092860630580358)}","{'signal': 'BUY', 'strength': 65, 'bb_position': np.float64(0.18248609366074076), 'upper_band': np.float64(660.3581258809168), 'lower_band': np.float64(619.9818704569739), 'sma': np.float64(640.1699981689453)}",34.4903655378821,680.5133537430003,633.9949068943602,642.5803025543554,637.6775139494148,True,2025-08-22T10:06:39.370947
PERSISTENT,I.T,STRONG_SELL,44.5,5347.5,5652.767857142857,"[4889.598214285715, 4736.964285714286, 4431.696428571429]",5591.714285714285,6,32085.0,1831.6071428571413,1.8316071428571414,2.1666666666666665,0.514501197128233,1.9056693663649358,122.10714285714286,2.283443531690376,"{'buy_score': 0.0, 'sell_score': 445.0}","{'signal': 'NONE', 'strength': 0, 'fast_ema': np.float64(5266.722536880276), 'slow_ema': np.float64(5291.736909455107), 'trend': 'BEARISH', 'crossover': np.False_}","{'signal': 'SELL', 'strength': 65, 'rsi': np.float64(59.93623804463337), 'vwap': np.float64(5534.568822961863), 'vwap_trend': 'FALLING', 'price_vs_vwap': 'BELOW'}","{'signal': 'SELL', 'strength': 60, 'short_ma': np.float64(5238.95), 'long_ma': np.float64(5479.603125), 'crossover': 'NONE', 'ma_distance': np.float64(4.391798447994349)}","{'signal': 'STRONG_SELL', 'strength': 80, 'supertrend': np.float64(5968.928571428572), 'direction': 'BEARISH', 'distance_pct': np.float64(11.620917651773194), 'atr': np.float64(105.85714285714286)}","{'signal': 'STRONG_SELL', 'strength': 80, 'bb_position': np.float64(0.9941083721603015), 'upper_band': np.float64(5349.353846018379), 'lower_band': np.float64(5034.69615398162), 'sma': np.float64(5192.025)}",59.93623804463337,5534.568822961863,5266.722536880276,5291.736909455107,5968.928571428572,True,2025-08-22T10:06:39.473876
OBEROIRLTY,Realty,STRONG_SELL,28.5,1659.699951171875,1745.7713579450335,"[1530.5928410121373, 1487.557137625558, 1401.4857308523995]",1728.5570765904017,23,38173.098876953125,1979.6423557826458,1.979642355782646,2.166666666666666,0.599697079818621,2.0286470148490996,34.428562709263396,2.0743847515904426,"{'buy_score': 0.0, 'sell_score': 285.0}","{'signal': 'NONE', 'strength': 0, 'fast_ema': np.float64(1640.6085052318701), 'slow_ema': np.float64(1660.6744669589177), 'trend': 'BEARISH', 'crossover': np.False_}","{'signal': 'SELL', 'strength': 65, 'rsi': np.float64(56.89655466635116), 'vwap': np.float64(1801.9367766985963), 'vwap_trend': 'FALLING', 'price_vs_vwap': 'BELOW'}","{'signal': 'SELL', 'strength': 60, 'short_ma': np.float64(1626.4799926757812), 'long_ma': np.float64(1744.111346435547), 'crossover': 'NONE', 'ma_distance': np.float64(6.7444864687205754)}","{'signal': 'STRONG_SELL', 'strength': 80, 'supertrend': np.float64(2029.2369065919727), 'direction': 'BULLISH', 'distance_pct': np.float64(22.2652868766536), 'atr': np.float64(29.428571428571427)}","{'signal': 'NONE', 'strength': 0, 'bb_position': np.float64(0.6594515367876619), 'upper_band': np.float64(1713.3071602902949), 'lower_band': np.float64(1555.892827502674), 'sma': np.float64(1634.5999938964844)}",56.89655466635116,1801.9367766985963,1640.6085052318701,1660.6744669589177,2029.2369065919727,True,2025-08-22T10:06:39.601408
SJVN,Miscellaneous,STRONG_SELL,28.5,97.3499984741211,104.75535855974469,"[86.2419583456857, 82.5392783028739, 75.1339182172503]",102.21749839782716,270,26284.499588012695,1999.4472231183718,1.9994472231183718,2.1666666666666665,1.2368452594494264,4.173356504269277,2.962144034249442,3.0427776894489416,"{'buy_score': 0.0, 'sell_score': 285.0}","{'signal': 'NONE', 'strength': 0, 'fast_ema': np.float64(95.1250312695858), 'slow_ema': np.float64(95.18594405732618), 'trend': 'BEARISH', 'crossover': np.False_}","{'signal': 'NONE', 'strength': 0, 'rsi': np.float64(57.912594364021615), 'vwap': np.float64(97.18629161709231), 'vwap_trend': 'RISING', 'price_vs_vwap': 'ABOVE'}","{'signal': 'SELL', 'strength': 60, 'short_ma': np.float64(94.42999877929688), 'long_ma': np.float64(96.73499965667725), 'crossover': 'NONE', 'ma_distance': np.float64(2.382799282122352)}","{'signal': 'STRONG_SELL', 'strength': 80, 'supertrend': np.float64(118.67388831202518), 'direction': 'BEARISH', 'distance_pct': np.float64(21.904355595416572), 'atr': np.float64(3.6271438598632812)}","{'signal': 'SELL', 'strength': 65, 'bb_position': np.float64(0.8223343919288474), 'upper_band': np.float64(98.90819546272773), 'lower_band': np.float64(90.13780368278007), 'sma': np.float64(94.5229995727539)}",57.912594364021615,97.18629161709231,95.1250312695858,95.18594405732618,118.67388831202518,True,2025-08-22T10:06:39.603406
PRESTIGE,Realty,STRONG_SELL,22.0,1630.5999755859375,1753.653564453125,"[1446.0195922851562, 1384.4927978515625, 1261.439208984375]",1712.1299743652344,16,26089.599609375,1968.857421875,1.9688574218750001,2.1666666666666665,1.6519457603052146,0.10436190965657918,49.221435546875,3.018608873043055,"{'buy_score': 0.0, 'sell_score': 220.0}","{'signal': 'NONE', 'strength': 0, 'fast_ema': np.float64(1627.9062859670507), 'slow_ema': np.float64(1638.201679083203), 'trend': 'BEARISH', 'crossover': np.False_}","{'signal': 'NONE', 'strength': 0, 'rsi': np.float64(50.6932653340087), 'vwap': np.float64(1460.4801400407534), 'vwap_trend': 'RISING', 'price_vs_vwap': 'ABOVE'}","{'signal': 'SELL', 'strength': 60, 'short_ma': np.float64(1626.4800048828124), 'long_ma': np.float64(1661.770001220703), 'crossover': 'NONE', 'ma_distance': np.float64(2.1236390301887353)}","{'signal': 'STRONG_SELL', 'strength': 80, 'supertrend': np.float64(1976.2000732421875), 'direction': 'BEARISH', 'distance_pct': np.float64(21.194658581548335), 'atr': np.float64(41.05712890625)}","{'signal': 'NONE', 'strength': 0, 'bb_position': np.float64(0.5179327005351441), 'upper_band': np.float64(1676.9706478904632), 'lower_band': np.float64(1580.7793643165683), 'sma': np.float64(1628.8750061035157)}",50.6932653340087,1460.4801400407534,1627.9062859670507,1638.201679083203,1976.2000732421875,True,2025-08-22T10:06:39.669581
DALBHARAT,Industrials,STRONG_BUY,29.0,2348.89990234375,2233.3106079101562,"[2522.2838439941406, 2580.0784912109375, 2695.6677856445312]",2256.428466796875,17,39931.29833984375,1965.0180053710938,1.9650180053710937,2.166666666666667,0.2688050801545681,3.4393100156893786,46.2357177734375,1.9683988120269897,"{'buy_score': 290.0, 'sell_score': 160.0}","{'signal': 'BUY', 'strength': 70, 'fast_ema': np.float64(2306.0846046235197), 'slow_ema': np.float64(2270.9825083536975), 'trend': 'BULLISH', 'crossover': np.False_}","{'signal': 'NONE', 'strength': 0, 'rsi': np.float64(71.33178655997237), 'vwap': np.float64(1961.7667190166112), 'vwap_trend': 'RISING', 'price_vs_vwap': 'ABOVE'}","{'signal': 'BUY', 'strength': 60, 'short_ma': np.float64(2290.0199951171876), 'long_ma': np.float64(2231.0200073242186), 'crossover': 'NONE', 'ma_distance': np.float64(2.644529748692431)}","{'signal': 'STRONG_BUY', 'strength': 80, 'supertrend': np.float64(1903.7799835262053), 'direction': 'BEARISH', 'distance_pct': np.float64(18.950144208929494), 'atr': np.float64(50.257114955357146)}","{'signal': 'STRONG_SELL', 'strength': 80, 'bb_position': np.float64(0.9680279696135875), 'upper_band': np.float64(2354.9615804916507), 'lower_band': np.float64(2165.3684243911616), 'sma': np.float64(2260.165002441406)}",71.33178655997237,1961.7667190166112,2306.0846046235197,2270.9825083536975,1903.7799835262053,True,2025-08-22T10:06:39.761308
MUTHOOTFIN,Finance,STRONG_BUY,23.0,2675.800048828125,2464.068045479911,"[2993.3980538504466, 3099.2640555245534, 3310.9960588727677]",2542.010046386719,9,24082.200439453125,1905.588030133928,1.905588030133928,2.166666666666667,0.5177573585170009,6.609831186074675,84.69280133928571,3.1651393898575186,"{'buy_score': 230.0, 'sell_score': 0.0}","{'signal': 'BUY', 'strength': 70, 'fast_ema': np.float64(2673.135129467512), 'slow_ema': np.float64(2653.3791979021266), 'trend': 'BULLISH', 'crossover': np.False_}","{'signal': 'NONE', 'strength': 0, 'rsi': np.float64(55.12674954743567), 'vwap': np.float64(2303.62291955578), 'vwap_trend': 'RISING', 'price_vs_vwap': 'ABOVE'}","{'signal': 'NONE', 'strength': 0, 'short_ma': np.float64(2651.789990234375), 'long_ma': np.float64(2644.975), 'crossover': 'NONE', 'ma_distance': np.float64(0.25765802075162425)}","{'signal': 'STRONG_BUY', 'strength': 80, 'supertrend': np.float64(2440.4930071149556), 'direction': 'BULLISH', 'distance_pct': np.float64(8.793894813486638), 'atr': np.float64(102.22848074776786)}","{'signal': 'NONE', 'strength': 0, 'bb_position': np.float64(0.6221574521121473), 'upper_band': np.float64(2774.778701155076), 'lower_band': np.float64(2512.8212988449245), 'sma': np.float64(2643.8)}",55.12674954743567,2303.62291955578,2673.135129467512,2653.3791979021266,2440.4930071149556,True,2025-08-22T10:06:39.947061
LTF,Finance,STRONG_BUY,30.0,221.7899932861328,207.52213723318917,"[243.19177736554826, 250.3257053920201, 264.5935614449637]",210.70049362182615,140,31050.599060058594,1997.4998474121098,1.9974998474121097,2.1666666666666656,1.665231534454795,10.156947114433644,5.707142421177456,2.573219078380435,"{'buy_score': 300.0, 'sell_score': 160.0}","{'signal': 'BUY', 'strength': 70, 'fast_ema': np.float64(210.57343032589185), 'slow_ema': np.float64(206.79893141205633), 'trend': 'BULLISH', 'crossover': np.False_}","{'signal': 'NONE', 'strength': 0, 'rsi': np.float64(73.7154137533421), 'vwap': np.float64(171.81581432507656), 'vwap_trend': 'RISING', 'price_vs_vwap': 'ABOVE'}","{'signal': 'BUY', 'strength': 70, 'short_ma': np.float64(206.097998046875), 'long_ma': np.float64(205.65800018310546), 'crossover': 'GOLDEN', 'ma_distance': np.float64(0.21394638836213556)}","{'signal': 'STRONG_BUY', 'strength': 80, 'supertrend': np.float64(123.93599970858233), 'direction': 'BULLISH', 'distance_pct': np.float64(44.12011206083061), 'atr': np.float64(6.447141374860491)}","{'signal': 'STRONG_SELL', 'strength': 80, 'bb_position': np.float64(1.110358868789569), 'upper_band': np.float64(218.7640519549893), 'lower_band': np.float64(191.34494767879974), 'sma': np.float64(205.05449981689452)}",73.7154137533421,171.81581432507656,210.57343032589185,206.79893141205633,123.93599970858233,True,2025-08-22T10:06:40.089739
PGEL,FMCG,STRONG_SELL,29.0,559.1500244140625,686.6500407627651,"[367.8999998910086, 304.14999171665727, 176.64997536795465]",587.1075256347657,15,8387.250366210938,1912.5002452305393,1.9125002452305393,2.1666666666666665,0.8742296513001061,15.027775641498506,51.00000653948103,9.120987984025273,"{'buy_score': 65.0, 'sell_score': 290.0}","{'signal': 'SELL', 'strength': 70, 'fast_ema': np.float64(565.1314971412447), 'slow_ema': np.float64(632.3135371432592), 'trend': 'BEARISH', 'crossover': np.False_}","{'signal': 'NONE', 'strength': 0, 'rsi': np.float64(21.875701499664373), 'vwap': np.float64(728.5985692872866), 'vwap_trend': 'FALLING', 'price_vs_vwap': 'BELOW'}","{'signal': 'SELL', 'strength': 60, 'short_ma': np.float64(548.7249938964844), 'long_ma': np.float64(723.501254272461), 'crossover': 'NONE', 'ma_distance': np.float64(24.15700862215204)}","{'signal': 'STRONG_SELL', 'strength': 80, 'supertrend': np.float64(818.9035906110491), 'direction': 'BEARISH', 'distance_pct': np.float64(46.45507553526164), 'atr': np.float64(37.035718645368306)}","{'signal': 'BUY', 'strength': 65, 'bb_position': np.float64(0.2940677794113201), 'upper_band': np.float64(941.4300787075804), 'lower_band': np.float64(399.90492495452895), 'sma': np.float64(670.6675018310547)}",21.875701499664373,728.5985692872866,565.1314971412447,632.3135371432592,818.9035906110491,True,2025-08-22T10:06:40.156177
APLAPOLLO,Metals,STRONG_SELL,28.5,1647.449951171875,1738.4715694022555,"[1510.9175238263042, 1465.406714711114, 1374.3850964807336]",1720.2672457561794,21,34596.448974609375,1911.4539828379895,1.9114539828379895,2.166666666666667,0.6759937250360534,4.461016724555608,36.408647292152196,2.210000204634669,"{'buy_score': 0.0, 'sell_score': 285.0}","{'signal': 'NONE', 'strength': 0, 'fast_ema': np.float64(1610.1483064235342), 'slow_ema': np.float64(1612.297374064801), 'trend': 'BEARISH', 'crossover': np.False_}","{'signal': 'NONE', 'strength': 0, 'rsi': np.float64(63.69861510719399), 'vwap': np.float64(1601.6565077645175), 'vwap_trend': 'RISING', 'price_vs_vwap': 'ABOVE'}","{'signal': 'SELL', 'strength': 60, 'short_ma': np.float64(1599.80625), 'long_ma': np.float64(1649.071826171875), 'crossover': 'NONE', 'ma_distance': np.float64(2.9874730372563065)}","{'signal': 'STRONG_SELL', 'strength': 80, 'supertrend': np.float64(1765.7300780817516), 'direction': 'BEARISH', 'distance_pct': np.float64(7.179588480107743), 'atr': np.float64(32.98486735216063)}","{'signal': 'SELL', 'strength': 65, 'bb_position': np.float64(0.8702773638379451), 'upper_band': np.float64(1669.1006548593828), 'lower_band': np.float64(1502.200687914055), 'sma': np.float64(1585.6506713867188)}",63.69861510719399,1601.6565077645175,1610.1483064235342,1612.297374064801,1765.7300780817516,True,2025-08-22T10:06:40.221103
IRFC,Finance,STRONG_SELL,29.0,125.44000244140625,132.16321699959892,"[115.35518060411725, 111.99357332502092, 105.27035876682825]",130.81857408796037,297,37255.680725097656,1996.7947237832218,1.996794723783222,2.1666666666666665,1.1837179899739962,-0.16713018855746276,2.6892858232770647,2.143882151575408,"{'buy_score': 65.0, 'sell_score': 290.0}","{'signal': 'SELL', 'strength': 70, 'fast_ema': np.float64(126.22694771591958), 'slow_ema': np.float64(128.09795310258926), 'trend': 'BEARISH', 'crossover': np.False_}","{'signal': 'NONE', 'strength': 0, 'rsi': np.float64(41.723770937264845), 'vwap': np.float64(134.1915361843138), 'vwap_trend': 'FALLING', 'price_vs_vwap': 'BELOW'}","{'signal': 'SELL', 'strength': 60, 'short_ma': np.float64(125.82700042724609), 'long_ma': np.float64(132.5999994277954), 'crossover': 'NONE', 'ma_distance': np.float64(5.107842405563067)}","{'signal': 'STRONG_SELL', 'strength': 80, 'supertrend': np.float64(160.23634578862993), 'direction': 'BEARISH', 'distance_pct': np.float64(27.73943133768453), 'atr': np.float64(2.4471424647739957)}","{'signal': 'BUY', 'strength': 65, 'bb_position': np.float64(0.2825346783599875), 'upper_band': np.float64(134.10703601276754), 'lower_band': np.float64(122.02696285808207), 'sma': np.float64(128.0669994354248)}",41.723770937264845,134.1915361843138,126.22694771591958,128.09795310258926,160.23634578862993,True,2025-08-22T10:06:40.460522
NBCC,Realty,STRONG_BUY,29.0,104.33000183105469,96.3861511401378,"[116.24577786743002, 120.21770321288847, 128.16155390380536]",99.11350173950194,251,26186.830459594727,1993.9065234201391,1.993906523420139,2.166666666666667,0.9286939067236859,-1.3707666524628275,3.1775402763667557,3.045663012171955,"{'buy_score': 290.0, 'sell_score': 130.0}","{'signal': 'SELL', 'strength': 70, 'fast_ema': np.float64(106.04190674228002), 'slow_ema': np.float64(108.02239212845869), 'trend': 'BEARISH', 'crossover': np.False_}","{'signal': 'BUY', 'strength': 65, 'rsi': np.float64(42.297166688155386), 'vwap': np.float64(99.98797347528645), 'vwap_trend': 'RISING', 'price_vs_vwap': 'ABOVE'}","{'signal': 'SELL', 'strength': 60, 'short_ma': np.float64(106.17119140625), 'long_ma': np.float64(112.19882106781006), 'crossover': 'NONE', 'ma_distance': np.float64(5.372275398434991)}","{'signal': 'STRONG_BUY', 'strength': 80, 'supertrend': np.float64(100.84347738785854), 'direction': 'BEARISH', 'distance_pct': np.float64(3.3418234275908474), 'atr': np.float64(2.804931730460532)}","{'signal': 'BUY', 'strength': 65, 'bb_position': np.float64(0.14282352162437004), 'upper_band': np.float64(112.6882406739861), 'lower_band': np.float64(102.93734450057444), 'sma': np.float64(107.81279258728027)}",42.297166688155386,99.98797347528645,106.04190674228002,108.02239212845869,100.84347738785854,True,2025-08-22T10:06:40.496277
INDUSTOWER,Telecom,STRONG_SELL,22.0,348.04998779296875,371.8178460257394,"[312.39820044381275, 300.5142713274274, 276.74641309465676]",365.4524871826172,84,29236.198974609375,1996.5000915527357,1.9965000915527358,2.166666666666667,0.42092421350077336,3.1870739368654344,9.507143293108259,2.731545360307098,"{'buy_score': 0.0, 'sell_score': 220.0}","{'signal': 'NONE', 'strength': 0, 'fast_ema': np.float64(343.84726003841666), 'slow_ema': np.float64(354.26514482470617), 'trend': 'BEARISH', 'crossover': np.False_}","{'signal': 'NONE', 'strength': 0, 'rsi': np.float64(38.03041690570876), 'vwap': np.float64(366.41813415611625), 'vwap_trend': 'FALLING', 'price_vs_vwap': 'BELOW'}","{'signal': 'SELL', 'strength': 60, 'short_ma': np.float64(338.9099975585938), 'long_ma': np.float64(382.06624908447264), 'crossover': 'NONE', 'ma_distance': np.float64(11.295489101508485)}","{'signal': 'STRONG_SELL', 'strength': 80, 'supertrend': np.float64(363.69641767229353), 'direction': 'BEARISH', 'distance_pct': np.float64(4.49545479904794), 'atr': np.float64(8.992850167410714)}","{'signal': 'NONE', 'strength': 0, 'bb_position': np.float64(0.43493695223534046), 'upper_band': np.float64(400.09405544451926), 'lower_band': np.float64(307.9909390623167), 'sma': np.float64(354.042497253418)}",38.03041690570876,366.41813415611625,343.84726003841666,354.26514482470617,363.69641767229353,True,2025-08-22T10:06:40.544987
KALYANKJIL,Miscellaneous,STRONG_SELL,29.0,511.0,572.4017922537668,"[418.89731161934986, 388.1964154924665, 326.7946232386997]",536.5500000000001,32,16352.0,1964.8573521205362,1.9648573521205364,2.1666666666666665,0.51651711245618,-0.9017791513432705,24.560716901506698,4.806402524756692,"{'buy_score': 65.0, 'sell_score': 290.0}","{'signal': 'SELL', 'strength': 70, 'fast_ema': np.float64(527.0612970822153), 'slow_ema': np.float64(548.1005467883903), 'trend': 'BEARISH', 'crossover': np.False_}","{'signal': 'NONE', 'strength': 0, 'rsi': np.float64(26.91671548131241), 'vwap': np.float64(526.1441325863948), 'vwap_trend': 'FALLING', 'price_vs_vwap': 'BELOW'}","{'signal': 'SELL', 'strength': 60, 'short_ma': np.float64(527.7550048828125), 'long_ma': np.float64(572.3125), 'crossover': 'NONE', 'ma_distance': np.float64(7.785518421699246)}","{'signal': 'STRONG_SELL', 'strength': 80, 'supertrend': np.float64(656.7607291085379), 'direction': 'BEARISH', 'distance_pct': np.float64(28.524604522218773), 'atr': np.float64(17.592860630580358)}","{'signal': 'BUY', 'strength': 65, 'bb_position': np.float64(0.17719452081234915), 'upper_band': np.float64(643.1169288164602), 'lower_band': np.float64(482.5480797284617), 'sma': np.float64(562.8325042724609)}",26.91671548131241,526.1441325863948,527.0612970822153,548.1005467883903,656.7607291085379,True,2025-08-22T10:06:40.610411
ABFRL,FMCG,STRONG_SELL,29.5,75.6500015258789,80.73393031529018,"[68.024108341762, 65.48214394705636, 60.39821515764508]",79.43250160217285,393,29730.45059967041,1997.9840142386308,1.997984014238631,2.166666666666666,3.3083086229051015,1.2988768301275675,2.033571515764509,2.6881314933864875,"{'buy_score': 0.0, 'sell_score': 295.0}","{'signal': 'SELL', 'strength': 70, 'fast_ema': np.float64(75.69148522698974), 'slow_ema': np.float64(75.80350088354119), 'trend': 'BEARISH', 'crossover': np.False_}","{'signal': 'SELL', 'strength': 65, 'rsi': np.float64(60.69230299729567), 'vwap': np.float64(129.03598501165854), 'vwap_trend': 'FALLING', 'price_vs_vwap': 'BELOW'}","{'signal': 'NONE', 'strength': 0, 'short_ma': np.float64(75.42100067138672), 'long_ma': np.float64(75.79174976348877), 'crossover': 'NONE', 'ma_distance': np.float64(0.4891681393541945)}","{'signal': 'STRONG_SELL', 'strength': 80, 'supertrend': np.float64(89.37429101126534), 'direction': 'BEARISH', 'distance_pct': np.float64(18.141823144169443), 'atr': np.float64(2.001428876604353)}","{'signal': 'NONE', 'strength': 0, 'bb_position': np.float64(0.6282116231476254), 'upper_band': np.float64(77.37248930429753), 'lower_band': np.float64(72.73951020742122), 'sma': np.float64(75.05599975585938)}",60.69230299729567,129.03598501165854,75.69148522698974,75.80350088354119,89.37429101126534,True,2025-08-22T10:06:40.700052
LODHA,Realty,STRONG_SELL,28.5,1289.3499755859375,1371.436571871312,"[1166.2200811578757, 1125.1767830151884, 1043.090186729814]",1353.8174743652344,24,30944.3994140625,1970.0783108489886,1.9700783108489888,2.1666666666666665,0.9169201282931497,5.531073120624397,32.83463851414982,2.5466040358226487,"{'buy_score': 0.0, 'sell_score': 285.0}","{'signal': 'NONE', 'strength': 0, 'fast_ema': np.float64(1255.3385685697308), 'slow_ema': np.float64(1265.8343819501795), 'trend': 'BEARISH', 'crossover': np.False_}","{'signal': 'NONE', 'strength': 0, 'rsi': np.float64(63.69255919553256), 'vwap': np.float64(1278.0420347332238), 'vwap_trend': 'RISING', 'price_vs_vwap': 'ABOVE'}","{'signal': 'SELL', 'strength': 60, 'short_ma': np.float64(1237.9095581054687), 'long_ma': np.float64(1320.4425140380858), 'crossover': 'NONE', 'ma_distance': np.float64(6.250401290111493)}","{'signal': 'STRONG_SELL', 'strength': 80, 'supertrend': np.float64(1465.8041352836995), 'direction': 'BEARISH', 'distance_pct': np.float64(13.685513091011103), 'atr': np.float64(30.029586455048925)}","{'signal': 'SELL', 'strength': 65, 'bb_position': np.float64(0.879180965166507), 'upper_band': np.float64(1305.4467520080152), 'lower_band': np.float64(1172.21628510136), 'sma': np.float64(1238.8315185546876)}",63.69255919553256,1278.0420347332238,1255.3385685697308,1265.8343819501795,1465.8041352836995,True,2025-08-22T10:06:40.742590
SONACOMS,Auto,STRONG_SELL,29.0,442.6499938964844,478.92677307128906,"[388.23482513427734, 370.096435546875, 333.8196563720703]",464.7824935913086,55,24345.74966430664,1995.2228546142578,1.9952228546142579,2.166666666666667,1.7348730321018535,-1.3593328364380222,14.510711669921875,3.278145683949849,"{'buy_score': 0.0, 'sell_score': 290.0}","{'signal': 'SELL', 'strength': 70, 'fast_ema': np.float64(448.30137309404034), 'slow_ema': np.float64(452.88033276206806), 'trend': 'BEARISH', 'crossover': np.False_}","{'signal': 'NONE', 'strength': 0, 'rsi': np.float64(45.54264276519027), 'vwap': np.float64(492.9902936530779), 'vwap_trend': 'FALLING', 'price_vs_vwap': 'BELOW'}","{'signal': 'SELL', 'strength': 60, 'short_ma': np.float64(447.3850036621094), 'long_ma': np.float64(461.51659393310547), 'crossover': 'NONE', 'ma_distance': np.float64(3.0619896352078677)}","{'signal': 'STRONG_SELL', 'strength': 80, 'supertrend': np.float64(527.1412142789255), 'direction': 'BULLISH', 'distance_pct': np.float64(19.08759099682712), 'atr': np.float64(13.735713413783483)}","{'signal': 'NONE', 'strength': 0, 'bb_position': np.float64(0.3046075566854687), 'upper_band': np.float64(478.5331540786523), 'lower_band': np.float64(426.9318453109962), 'sma': np.float64(452.73249969482424)}",45.54264276519027,492.9902936530779,448.30137309404034,452.88033276206806,527.1412142789255,True,2025-08-22T10:06:40.860716
POLICYBZR,I.T,STRONG_SELL,32.0,1907.9000244140625,2050.0250723702566,"[1694.7124524797714, 1623.6499285016744, 1481.5248805454803]",2003.2950256347658,14,26710.600341796875,1989.750671386717,1.9897506713867168,2.1666666666666665,0.602191164273212,3.0183598495714095,56.85001918247768,2.9797168853193425,"{'buy_score': 70.0, 'sell_score': 320.0}","{'signal': 'BUY', 'strength': 70, 'fast_ema': np.float64(1868.372276188916), 'slow_ema': np.float64(1839.2268435060387), 'trend': 'BULLISH', 'crossover': np.False_}","{'signal': 'NONE', 'strength': 0, 'rsi': np.float64(62.37086783373225), 'vwap': np.float64(1713.3970158579295), 'vwap_trend': 'RISING', 'price_vs_vwap': 'ABOVE'}","{'signal': 'NONE', 'strength': 0, 'short_ma': np.float64(1852.8), 'long_ma': np.float64(1818.6750030517578), 'crossover': 'NONE', 'ma_distance': np.float64(1.876365864763083)}","{'signal': 'STRONG_SELL', 'strength': 80, 'supertrend': np.float64(2307.682163783482), 'direction': 'BEARISH', 'distance_pct': np.float64(20.954040266978716), 'atr': np.float64(53.642892020089285)}","{'signal': 'STRONG_SELL', 'strength': 80, 'bb_position': np.float64(0.9134523525577227), 'upper_band': np.float64(1926.8024556825512), 'lower_band': np.float64(1708.3975443174486), 'sma': np.float64(1817.6)}",62.37086783373225,1713.3970158579295,1868.372276188916,1839.2268435060387,2307.682163783482,True,2025-08-22T10:06:41.010790
PAYTM,I.T,STRONG_BUY,29.0,1245.5999755859375,1148.2428196498327,"[1391.6357094900948, 1440.3142874581472, 1537.671443394252]",1183.3199768066406,20,24911.99951171875,1947.143118722097,1.9471431187220969,2.1666666666666665,0.520397770938414,7.844153730384199,38.942862374441965,3.1264340990471693,"{'buy_score': 290.0, 'sell_score': 160.0}","{'signal': 'BUY', 'strength': 70, 'fast_ema': np.float64(1180.1540130849105), 'slow_ema': np.float64(1123.9416476378628), 'trend': 'BULLISH', 'crossover': np.False_}","{'signal': 'NONE', 'strength': 0, 'rsi': np.float64(80.69143977380409), 'vwap': np.float64(898.0696272107558), 'vwap_trend': 'RISING', 'price_vs_vwap': 'ABOVE'}","{'signal': 'BUY', 'strength': 60, 'short_ma': np.float64(1156.960009765625), 'long_ma': np.float64(1038.5987503051758), 'crossover': 'NONE', 'ma_distance': np.float64(11.396245126009504)}","{'signal': 'STRONG_BUY', 'strength': 80, 'supertrend': np.float64(840.9178684779577), 'direction': 'BULLISH', 'distance_pct': np.float64(32.48893023762424), 'atr': np.float64(41.700020926339285)}","{'signal': 'STRONG_SELL', 'strength': 80, 'bb_position': np.float64(1.0089114687304235), 'upper_band': np.float64(1243.3405957007199), 'lower_band': np.float64(989.8043994164676), 'sma': np.float64(1116.5724975585938)}",80.69143977380409,898.0696272107558,1180.1540130849105,1123.9416476378628,840.9178684779577,True,2025-08-22T10:06:41.104290
ADANIENSOL,Miscellaneous,STRONG_SELL,22.0,815.1500244140625,865.6679295131138,"[739.3731667654856, 714.1142142159599, 663.5963091169086]",855.5643484933036,39,31790.850952148438,1970.1982988630002,1.970198298863,2.166666666666666,0.23198312015468445,3.669087761538909,20.207162039620535,2.4789500624925616,"{'buy_score': 0.0, 'sell_score': 220.0}","{'signal': 'NONE', 'strength': 0, 'fast_ema': np.float64(809.3007246943542), 'slow_ema': np.float64(814.8847329635021), 'trend': 'BEARISH', 'crossover': np.False_}","{'signal': 'NONE', 'strength': 0, 'rsi': np.float64(52.66272189349112), 'vwap': np.float64(829.4049321182997), 'vwap_trend': 'FALLING', 'price_vs_vwap': 'BELOW'}","{'signal': 'SELL', 'strength': 60, 'short_ma': np.float64(801.1900024414062), 'long_ma': np.float64(841.85625), 'crossover': 'NONE', 'ma_distance': np.float64(4.830545304925134)}","{'signal': 'STRONG_SELL', 'strength': 80, 'supertrend': np.float64(860.3714338030134), 'direction': 'BEARISH', 'distance_pct': np.float64(5.547617988658766), 'atr': np.float64(19.9000244140625)}","{'signal': 'NONE', 'strength': 0, 'bb_position': np.float64(0.6100522594189884), 'upper_band': np.float64(844.1962719738735), 'lower_band': np.float64(769.708732908939), 'sma': np.float64(806.9525024414063)}",52.66272189349112,829.4049321182997,809.3007246943542,814.8847329635021,860.3714338030134,True,2025-08-22T10:06:41.213102
SYNGENE,Pharmaceuticals,STRONG_SELL,23.0,667.7999877929688,710.5499703543527,"[603.6750139508929, 582.3000226702009, 539.5500401088169]",701.1899871826172,46,30718.799438476562,1966.4991978236615,1.9664991978236612,2.1666666666666665,0.32155021660620725,1.3122905345555365,17.099993024553573,2.5606459025355526,"{'buy_score': 0.0, 'sell_score': 230.0}","{'signal': 'SELL', 'strength': 70, 'fast_ema': np.float64(669.0037010167999), 'slow_ema': np.float64(670.5904706050268), 'trend': 'BEARISH', 'crossover': np.False_}","{'signal': 'NONE', 'strength': 0, 'rsi': np.float64(33.73238307571758), 'vwap': np.float64(689.1045290841843), 'vwap_trend': 'FALLING', 'price_vs_vwap': 'BELOW'}","{'signal': 'NONE', 'strength': 0, 'short_ma': np.float64(662.8700012207031), 'long_ma': np.float64(664.0774993896484), 'crossover': 'NONE', 'ma_distance': np.float64(0.18183091131007195)}","{'signal': 'STRONG_SELL', 'strength': 80, 'supertrend': np.float64(763.2054170175318), 'direction': 'BEARISH', 'distance_pct': np.float64(14.286527548446227), 'atr': np.float64(16.135707310267858)}","{'signal': 'NONE', 'strength': 0, 'bb_position': np.float64(0.36893778646972314), 'upper_band': np.float64(725.3029645483617), 'lower_band': np.float64(634.182033010232), 'sma': np.float64(679.7424987792969)}",33.73238307571758,689.1045290841843,669.0037010167999,670.5904706050268,763.2054170175318,True,2025-08-22T10:06:41.320700
INDIGO,Services,STRONG_BUY,23.0,6099.0,5777.505002933509,"[6581.242495599737, 6741.989994132982, 7063.484991199473]",5841.8040023468075,6,36594.0,1928.9699823989467,1.9289699823989468,2.166666666666667,0.874793600991464,2.1693609179998323,128.59799882659647,2.1085095724970726,"{'buy_score': 230.0, 'sell_score': 65.0}","{'signal': 'BUY', 'strength': 70, 'fast_ema': np.float64(6017.937855546906), 'slow_ema': np.float64(5933.548758962134), 'trend': 'BULLISH', 'crossover': np.False_}","{'signal': 'NONE', 'strength': 0, 'rsi': np.float64(61.01866294524622), 'vwap': np.float64(5154.886175566375), 'vwap_trend': 'RISING', 'price_vs_vwap': 'ABOVE'}","{'signal': 'NONE', 'strength': 0, 'short_ma': np.float64(5977.346484375), 'long_ma': np.float64(5870.553747558593), 'crossover': 'NONE', 'ma_distance': np.float64(1.8191254421411043)}","{'signal': 'STRONG_BUY', 'strength': 80, 'supertrend': np.float64(4103.53673655999), 'direction': 'BULLISH', 'distance_pct': np.float64(32.71787610165618), 'atr': np.float64(139.32376333072247)}","{'signal': 'SELL', 'strength': 65, 'bb_position': np.float64(0.8959892027077598), 'upper_band': np.float64(6154.749526289824), 'lower_band': np.float64(5618.752036210176), 'sma': np.float64(5886.75078125)}",61.01866294524622,5154.886175566375,6017.937855546906,5933.548758962134,4103.53673655999,True,2025-08-22T10:06:41.374894
ALKEM,Pharmaceuticals,STRONG_SELL,22.5,5422.0,5774.672557851558,"[4892.991163222663, 4716.654884296884, 4363.982326445326]",5693.1,5,27110.0,1763.3627892577897,1.7633627892577897,2.1666666666666665,0.708828939601203,0.6216943490767375,141.06902314062322,2.6017894345374994,"{'buy_score': 130.0, 'sell_score': 225.0}","{'signal': 'BUY', 'strength': 70, 'fast_ema': np.float64(5270.146758699252), 'slow_ema': np.float64(5137.467992745629), 'trend': 'BULLISH', 'crossover': np.False_}","{'signal': 'NONE', 'strength': 0, 'rsi': np.float64(69.04824262985711), 'vwap': np.float64(4983.176451442438), 'vwap_trend': 'RISING', 'price_vs_vwap': 'ABOVE'}","{'signal': 'BUY', 'strength': 60, 'short_ma': np.float64(5191.05), 'long_ma': np.float64(4985.057800292969), 'crossover': 'NONE', 'ma_distance': np.float64(4.1321928041621785)}","{'signal': 'STRONG_SELL', 'strength': 80, 'supertrend': np.float64(5733.795862121519), 'direction': 'BEARISH', 'distance_pct': np.float64(5.750569201798586), 'atr': np.float64(157.35714285714286)}","{'signal': 'SELL', 'strength': 65, 'bb_position': np.float64(0.88380763254), 'upper_band': np.float64(5524.3029690812455), 'lower_band': np.float64(4643.840927403129), 'sma': np.float64(5084.071948242187)}",69.04824262985711,4983.176451442438,5270.146758699252,5137.467992745629,5733.795862121519,True,2025-08-22T10:06:41.441614
CROMPTON,FMCG,STRONG_SELL,29.0,320.8500061035156,337.6714314052037,"[295.61786815098355, 287.2071555001395, 270.3857301984514]",334.30714634486606,118,37860.300720214844,1984.9281855991917,1.9849281855991916,2.166666666666666,1.23104343162911,0.7378355113078885,6.728570120675223,2.097107680435695,"{'buy_score': 0.0, 'sell_score': 290.0}","{'signal': 'SELL', 'strength': 70, 'fast_ema': np.float64(323.50428984623585), 'slow_ema': np.float64(325.6796740488543), 'trend': 'BEARISH', 'crossover': np.False_}","{'signal': 'NONE', 'strength': 0, 'rsi': np.float64(47.288784076363996), 'vwap': np.float64(341.9814272841185), 'vwap_trend': 'FALLING', 'price_vs_vwap': 'BELOW'}","{'signal': 'SELL', 'strength': 60, 'short_ma': np.float64(321.6700042724609), 'long_ma': np.float64(333.9348762512207), 'crossover': 'NONE', 'ma_distance': np.float64(3.672833492699601)}","{'signal': 'STRONG_SELL', 'strength': 80, 'supertrend': np.float64(359.3899502129193), 'direction': 'BULLISH', 'distance_pct': np.float64(12.011825892554155), 'atr': np.float64(7.028568812779018)}","{'signal': 'NONE', 'strength': 0, 'bb_position': np.float64(0.35034359897924605), 'upper_band': np.float64(333.74272775334117), 'lower_band': np.float64(313.8972807915807), 'sma': np.float64(323.82000427246095)}",47.288784076363996,341.9814272841185,323.50428984623585,325.6796740488543,359.3899502129193,True,2025-08-22T10:06:41.492399
LTIM,I.T,STRONG_SELL,32.0,5235.0,5516.160714285715,"[4813.2589285714275, 4672.678571428571, 4391.517857142856]",5459.928571428572,7,36645.0,1968.1250000000027,1.9681250000000028,2.1666666666666674,0.8600597648504482,2.3560465343630854,112.46428571428571,2.1483149133578934,"{'buy_score': 70.0, 'sell_score': 320.0}","{'signal': 'BUY', 'strength': 70, 'fast_ema': np.float64(5135.873548962189), 'slow_ema': np.float64(5131.503058519112), 'trend': 'BULLISH', 'crossover': np.True_}","{'signal': 'NONE', 'strength': 0, 'rsi': np.float64(60.76794657762938), 'vwap': np.float64(5072.215411191233), 'vwap_trend': 'RISING', 'price_vs_vwap': 'ABOVE'}","{'signal': 'NONE', 'strength': 0, 'short_ma': np.float64(5106.15), 'long_ma': np.float64(5186.85), 'crossover': 'NONE', 'ma_distance': np.float64(1.5558576014344105)}","{'signal': 'STRONG_SELL', 'strength': 80, 'supertrend': np.float64(6326.1297254209385), 'direction': 'BEARISH', 'distance_pct': np.float64(20.842974697630154), 'atr': np.float64(116.78571428571429)}","{'signal': 'STRONG_SELL', 'strength': 80, 'bb_position': np.float64(1.0685351228919255), 'upper_band': np.float64(5218.641791330098), 'lower_band': np.float64(4979.958208669902), 'sma': np.float64(5099.3)}",60.76794657762938,5072.215411191233,5135.873548962189,5131.503058519112,6326.1297254209385,True,2025-08-22T10:06:41.599221
ICICIPRULI,Services,STRONG_BUY,23.0,629.2000122070312,593.7178453717913,"[682.4232624598911, 700.1643458775111, 735.646512712751]",600.8142787388393,56,35235.20068359375,1987.0013427734357,1.9870013427734357,2.1666666666666665,1.5821078851389638,1.2715313969545685,14.192866734095983,2.2557003271999267,"{'buy_score': 230.0, 'sell_score': 125.0}","{'signal': 'BUY', 'strength': 70, 'fast_ema': np.float64(626.5628273673556), 'slow_ema': np.float64(625.8912387149935), 'trend': 'BULLISH', 'crossover': np.False_}","{'signal': 'NONE', 'strength': 0, 'rsi': np.float64(58.60947848502875), 'vwap': np.float64(613.1679091957435), 'vwap_trend': 'RISING', 'price_vs_vwap': 'ABOVE'}","{'signal': 'SELL', 'strength': 60, 'short_ma': np.float64(623.4200012207032), 'long_ma': np.float64(636.3775009155273), 'crossover': 'NONE', 'ma_distance': np.float64(2.0361341619059106)}","{'signal': 'STRONG_BUY', 'strength': 80, 'supertrend': np.float64(613.076703196183), 'direction': 'BULLISH', 'distance_pct': np.float64(2.5625093289958634), 'atr': np.float64(13.68572998046875)}","{'signal': 'SELL', 'strength': 65, 'bb_position': np.float64(0.7781986359955446), 'upper_band': np.float64(636.9874212827779), 'lower_band': np.float64(601.8775872621441), 'sma': np.float64(619.432504272461)}",58.60947848502875,613.1679091957435,626.5628273673556,625.8912387149935,613.076703196183,True,2025-08-22T10:06:41.659579
PNBHOUSING,Finance,STRONG_SELL,22.0,804.25,886.9464351109096,"[680.2053473336355, 638.8571297781807, 556.1606946672711]",844.4625000000001,24,19302.0,1984.7144426618315,1.9847144426618315,2.166666666666667,0.3472539869159532,4.035963094198633,33.07857404436384,4.112971593952606,"{'buy_score': 0.0, 'sell_score': 220.0}","{'signal': 'NONE', 'strength': 0, 'fast_ema': np.float64(801.9651940626544), 'slow_ema': np.float64(849.7619949156591), 'trend': 'BEARISH', 'crossover': np.False_}","{'signal': 'NONE', 'strength': 0, 'rsi': np.float64(23.506502407503703), 'vwap': np.float64(920.2471755561428), 'vwap_trend': 'FALLING', 'price_vs_vwap': 'BELOW'}","{'signal': 'SELL', 'strength': 60, 'short_ma': np.float64(782.6850036621094), 'long_ma': np.float64(967.2046005249024), 'crossover': 'NONE', 'ma_distance': np.float64(19.077617782489263)}","{'signal': 'STRONG_SELL', 'strength': 80, 'supertrend': np.float64(1005.9484210024629), 'direction': 'BEARISH', 'distance_pct': np.float64(25.079070065584443), 'atr': np.float64(17.97857666015625)}","{'signal': 'NONE', 'strength': 0, 'bb_position': np.float64(0.3944180961233728), 'upper_band': np.float64(1060.6653868549863), 'lower_band': np.float64(637.2455567485292), 'sma': np.float64(848.9554718017578)}",23.506502407503703,920.2471755561428,801.9651940626544,849.7619949156591,1005.9484210024629,True,2025-08-22T10:06:41.739362
RBLBANK,Bank,STRONG_BUY,29.0,254.14999389648438,233.45356369018555,"[285.1946392059326, 295.54285430908203, 316.23928451538086]",241.44249420166014,96,24398.3994140625,1986.8572998046875,1.9868572998046876,2.166666666666667,0.41729705946669227,0.13790025237122963,8.278572082519531,3.257356789822078,"{'buy_score': 290.0, 'sell_score': 70.0}","{'signal': 'SELL', 'strength': 70, 'fast_ema': np.float64(257.34724877847873), 'slow_ema': np.float64(257.68144952223474), 'trend': 'BEARISH', 'crossover': np.True_}","{'signal': 'BUY', 'strength': 65, 'rsi': np.float64(39.551756897508156), 'vwap': np.float64(202.89994620111997), 'vwap_trend': 'RISING', 'price_vs_vwap': 'ABOVE'}","{'signal': 'NONE', 'strength': 0, 'short_ma': np.float64(257.8050033569336), 'long_ma': np.float64(257.6142505645752), 'crossover': 'NONE', 'ma_distance': np.float64(0.07404590077620514)}","{'signal': 'STRONG_BUY', 'strength': 80, 'supertrend': np.float64(137.65355791364397), 'direction': 'BULLISH', 'distance_pct': np.float64(45.83767018711382), 'atr': np.float64(6.964283534458706)}","{'signal': 'BUY', 'strength': 65, 'bb_position': np.float64(0.25806701390767417), 'upper_band': np.float64(268.52051512518267), 'lower_band': np.float64(249.1514865227665), 'sma': np.float64(258.8360008239746)}",39.551756897508156,202.89994620111997,257.34724877847873,257.68144952223474,137.65355791364397,True,2025-08-22T10:06:41.772538
VBL,FMCG,STRONG_BUY,29.0,517.25,486.41962759835377,"[563.4955586024694, 578.9107448032925, 609.7411172049387]",492.585702078683,64,33104.0,1973.1438337053587,1.9731438337053586,2.166666666666668,0.44945243019612785,1.2032858194172642,12.332148960658483,2.3841757294651487,"{'buy_score': 290.0, 'sell_score': 65.0}","{'signal': 'BUY', 'strength': 70, 'fast_ema': np.float64(509.31727120870727), 'slow_ema': np.float64(503.01374371503425), 'trend': 'BULLISH', 'crossover': np.False_}","{'signal': 'NONE', 'strength': 0, 'rsi': np.float64(47.1182565782316), 'vwap': np.float64(504.9512569437447), 'vwap_trend': 'RISING', 'price_vs_vwap': 'ABOVE'}","{'signal': 'BUY', 'strength': 60, 'short_ma': np.float64(507.6700042724609), 'long_ma': np.float64(485.9209861755371), 'crossover': 'NONE', 'ma_distance': np.float64(4.475834284931883)}","{'signal': 'STRONG_BUY', 'strength': 80, 'supertrend': np.float64(457.5011125326314), 'direction': 'BULLISH', 'distance_pct': np.float64(11.55125905604033), 'atr': np.float64(12.250004359654017)}","{'signal': 'SELL', 'strength': 65, 'bb_position': np.float64(0.7422162887397158), 'upper_band': np.float64(529.841744251116), 'lower_band': np.float64(480.99558485044656), 'sma': np.float64(505.4186645507813)}",47.1182565782316,504.9512569437447,509.31727120870727,503.01374371503425,457.5011125326314,True,2025-08-22T10:06:41.870657
