ticker,sector,signal_type,signal_strength,long_score,short_score,current_price,entry_price,target_price,stop_loss,volume_ratio,rsi,trend_direction,supertrend_direction,macd_line,macd_signal,macd_histogram,wave_trend_wt1,wave_trend_wt2,stochastic_k,stochastic_d,hma_value,ema200_value,supertrend_value,psar_value,upper_bb,lower_bb,rvi_value,cmf_value,vwap_value,bars_analyzed,timestamp,position_series
LAURUSLABS,Pharmaceuticals,HOLD,NONE,3,7,877.4500122070312,877.4500122070312,877.4500122070312,877.4500122070312,2.25929798486053,29.112182013952477,BEARISH,BEAR,-1.0002220304741058,-0.9708117550630113,-0.029410275411094533,-63.655933639758075,-51.316316793993,28.42227236976632,31.39844495491847,879.7782397259672,881.1054970313419,881.5806509218579,880.0,881.9027526227483,877.8772461565486,34.19675184019944,0.2232155676426567,877.5999959309896,1650,16:22:45,1
BAJFINANCE,Finance,HOLD,NONE,4,5,895.0499877929688,895.0499877929688,895.0499877929688,895.0499877929688,1.6033784972725673,52.34847270082535,BEARISH,BEAR,-0.25889995505508523,-0.5222396605723796,0.26333970551729435,27.217898639902568,0.010222329737004543,66.55765983213676,61.476308129646874,893.916890486636,895.0899465717998,896.2943814959577,892.9365383827851,895.8636652829227,892.7163334963741,51.84887081475055,0.10340849017920263,895.6833292643229,1650,16:22:45,1
ABB,FMCG,HOLD,NONE,7,3,5066.5,5066.5,5066.5,5066.5,2.0573002032387073,38.81653372653474,BEARISH,BEAR,-8.340334973390782,-7.095420364848973,-1.2449146085418086,-67.0865938710391,-68.40063387478264,17.454126921038647,9.074122596904603,5073.581513421931,5108.18919679594,5081.367971919549,5083.834458480001,5102.572137649425,5054.077862350575,44.15440942889891,-0.07800325089696826,5062.666666666667,1650,16:22:46,1
BEL,Aerospace & Defence,HOLD,NONE,9,3,375.5,375.5,375.5,375.5,1.8266799066677755,44.0692773378503,BEARISH,BEAR,-0.6060617653718623,-0.5916199248803453,-0.014441840491516977,-60.81225846479406,-68.03611913939997,30.232360080055646,18.84089439937757,376.30108690604817,376.87748157247034,376.21236304091116,375.94472853553714,377.04523828408196,374.43975927451174,48.3279632173686,0.02304917025889304,375.1666666666667,1650,16:22:46,-1
BLUESTARCO,FMCG,HOLD,NONE,6,1,1920.0,1920.0,1920.0,1920.0,1.1855225770749305,44.450309816137256,BULLISH,BEAR,-0.5698880554796233,1.0806538547172524,-1.6505419101968757,-53.2264887476213,-54.76428701957016,29.733870520968836,20.94361049117281,1928.3572848007484,1914.3495438927366,1929.7827223706454,1926.943334502135,1938.0912560102993,1916.0087317826697,42.44699309002272,0.16219587225942525,1919.3666585286458,1650,16:22:48,-1
CESC,Miscellaneous,HOLD,NONE,4,4,166.80999755859375,166.80999755859375,166.80999755859375,166.80999755859375,1.0544609725302743,51.487031092132064,BULLISH,BEAR,0.03712845368929152,0.05947603152057852,-0.022347577831287005,-10.053667133311315,1.5119723422166134,54.66312586088244,58.424466969287515,167.3135531339931,165.3671045371933,167.63313862595382,166.14329471015665,167.31338928733564,166.2996096750667,65.00753046174883,0.04373772878230692,166.7300008138021,1650,16:22:48,-1
EXIDEIND,Auto,HOLD,NONE,0,3,394.3500061035156,394.3500061035156,394.3500061035156,394.3500061035156,3.317842739491316,26.00284414643275,BEARISH,BEAR,-0.723689661586775,-0.3237670046537149,-0.39992265693306006,-66.05022885019535,-52.785136431584164,3.7012630389965033,7.781303843640693,398.205022062751,395.53581396885016,397.58555557597,398.3039132253631,400.2550947649677,394.92490706608703,21.410229961441825,-0.24094842658268387,394.7333272298177,1650,16:22:49,1
CHAMBLFERT,Industrials,HOLD,NONE,2,2,561.0,561.0,561.0,561.0,1.3962395353028232,45.11044918242776,BULLISH,BULL,-0.23071499904381199,-0.11158731144555584,-0.11912768759825615,-33.744102775392754,-26.97344910729135,26.587030551397756,27.24840429053297,563.2486844271571,559.0895911237711,558.8090420486153,567.2610241699218,564.152562014646,559.6924392060571,39.484791313897716,-0.09073434972531431,561.0333455403646,1650,16:22:49,1
CGPOWER,FMCG,HOLD,NONE,5,0,680.0,680.0,680.0,680.0,0.8516510757018652,54.831207348600046,BULLISH,BULL,0.6082965347898153,0.5528926664255481,0.05540386836426714,29.397395898849318,42.16570943956934,46.610321450492755,46.53063036155336,677.2641441839569,677.8239530922731,676.6409495499227,682.3039795166015,682.1510119724929,675.4289868068039,60.96990422272768,0.044270708914314824,679.5666707356771,1650,16:22:50,1
CIPLA,Pharmaceuticals,HOLD,NONE,2,4,1592.4000244140625,1592.4000244140625,1592.4000244140625,1592.4000244140625,1.1156841418316292,47.69838105501627,BULLISH,BEAR,-0.06966706240905296,-0.06930273875321726,-0.0003643236558357049,-4.114522585651447,7.2892287132097415,47.92102812209824,53.362312558048735,1593.912553870716,1578.0378721865468,1595.260060296568,1590.264878346352,1594.5841012275857,1590.475896331008,59.82689266951429,-0.0441854378764237,1592.3333333333333,1650,16:22:51,1
DABUR,FMCG,HOLD,NONE,3,3,516.0499877929688,516.0499877929688,516.0499877929688,516.0499877929688,1.6856330891757727,38.32958850527575,BEARISH,BEAR,-0.5514633390409927,-0.3817857945597818,-0.16967754448121086,-53.348678929921306,-62.55395753172624,15.411607709304127,11.915389194477273,517.3620757060382,520.3657333733452,517.7708031592076,518.1922876301975,519.2934436726765,515.0515514445109,31.418955488162986,-0.22694408859685058,516.3166707356771,1650,16:22:52,-1
BHEL,FMCG,HOLD,NONE,3,4,218.07000732421875,218.07000732421875,218.07000732421875,218.07000732421875,1.365072424496231,43.939935316864435,BEARISH,BULL,0.08967304942058263,0.1450580325084025,-0.05538498308781986,-10.642542728595718,14.805249069258366,28.394957072954753,44.49569944632035,218.18088521667178,219.30517695329993,217.85195841747827,217.97547962566927,219.5206203493704,217.4743808713327,32.7437933209503,-0.015173010862785089,218.1866709391276,1650,16:22:52,1
HINDPETRO,Industrials,HOLD,NONE,4,6,390.75,390.75,390.75,390.75,1.3277073987294736,49.59868773523048,BEARISH,BEAR,-0.03843445325730954,-0.0081078894666612,-0.030326563790648343,-17.853881602068135,3.4047152152509987,21.763594176276087,28.247686480836126,390.7625402084736,392.12138054861737,391.56988929640255,391.5782744995117,391.5110857813906,390.0239087254453,46.969726224748925,-0.07132398188207396,390.43332926432294,1650,16:22:53,-1
SBIN,Bank,HOLD,NONE,3,3,816.25,816.25,816.25,816.25,1.558519971526359,34.646920462734954,BEARISH,BEAR,-0.8116369167522635,-0.8381231985153363,0.026486281763072883,-51.52288066744079,-56.50765983897838,16.983391305728176,16.337970061470337,816.4412807534416,823.8442706943014,818.3266121649656,816.9068408443457,818.9552419315823,815.1597727168551,42.92869429716528,-0.1286901244705597,816.3666585286459,1650,16:22:54,1
SAIL,Metals,HOLD,NONE,3,4,121.93000030517578,121.93000030517578,121.93000030517578,121.93000030517578,5.034580965164927,51.573187392186064,BEARISH,BULL,-0.02346030125221432,-0.05621634166783075,0.03275604041561643,9.547136629819232,-5.313628812987075,70.07161026145918,79.73378227080443,121.73802861843804,122.74442760506989,121.51760702089283,121.49931798198365,122.14152702890087,121.56547446646047,47.715668880084884,0.020814357080497274,122.00333150227864,1650,16:22:55,1
TITAN,Miscellaneous,HOLD,NONE,3,3,3621.0,3621.0,3621.0,3621.0,1.983188638734318,48.70360102151939,BULLISH,BEAR,0.2701165390776623,0.7863536370416899,-0.5162370979640276,-17.711124361167915,0.31461807877676407,22.12701816197684,25.735594727571605,3623.700906188281,3604.6996632470787,3628.8806741798844,3629.828095703125,3628.65158515634,3615.1784441405352,52.367482091317406,0.15274713386741223,3620.0,1650,16:22:56,1
DRREDDY,Pharmaceuticals,HOLD,NONE,2,2,1275.0,1275.0,1275.0,1275.0,2.8253882254746197,35.792607373843595,BULLISH,BEAR,-1.0443547757809029,-0.5286051615090378,-0.515749614271865,-73.1441971383165,-74.8679214831206,33.61111111111109,35.009053548177036,1281.0828331735115,1269.5641477549655,1280.824151230211,1281.1878891670851,1283.3224392370948,1275.3175632043112,34.86254825143746,-0.030562869416817715,1276.566650390625,1650,16:22:56,1
HDFCBANK,Bank,HOLD,NONE,6,3,1965.5,1965.5,1965.5,1965.5,2.0794146524315065,44.41736571540132,BEARISH,BEAR,-1.0337031678607218,-0.9258176793794428,-0.10788548848127899,-44.65639595971458,-46.29519454352495,37.410642043813006,31.89124205509071,1965.6546623094323,1978.7444934758441,1969.9133365617884,1967.6736721744135,1970.8465367094789,1962.0934779389588,47.69555687236544,0.3108880799010297,1964.6999918619792,1650,16:22:57,-1
HEROMOTOCO,Auto,HOLD,NONE,1,2,4995.0,4995.0,4995.0,4995.0,1.5060803202458009,42.23069096305144,BEARISH,BEAR,-2.849610025959919,-2.845143989391035,-0.00446603656888378,-42.2420378317903,-31.039268832923753,30.62037510172409,38.372540484616756,4993.246520731611,5045.139884097419,5016.737357014714,4992.017793258517,5005.907072135792,4992.762849739208,41.026800995124205,-0.05719621056780739,4995.066731770833,1650,16:22:57,-1
HFCL,Telecom,HOLD,NONE,4,3,73.62000274658203,73.62000274658203,73.62000274658203,73.62000274658203,1.3873499998426435,41.75174832994591,BEARISH,BEAR,-0.0758246493835486,-0.015336409386594202,-0.0604882399969544,-47.37562403098873,-49.96229576651615,13.703615792388648,12.592353976166029,74.17249923279269,73.92366152146569,74.10756299621134,74.16443884760427,74.50271148739463,73.35728836001746,55.58638559751201,0.05244702214882744,73.66000111897786,1650,16:22:59,-1
INFY,I.T,HOLD,NONE,2,1,1487.9000244140625,1487.9000244140625,1487.9000244140625,1487.9000244140625,1.131047296164878,40.805605107326556,BULLISH,BEAR,-1.3441881247792935,-1.3990605207092885,0.054872395929995044,-42.01177875376248,-55.79995932349566,41.22400941455357,31.73706102273765,1490.2490879933036,1487.3067069833148,1490.9950787174018,1489.6269653878596,1492.0036032439964,1486.3863869903787,46.58037821730069,-0.1286338573485691,1488.4000244140625,1650,16:22:59,1
HINDZINC,Metals,HOLD,NONE,6,2,425.20001220703125,425.20001220703125,425.20001220703125,425.20001220703125,2.56586500694906,42.4695903758217,BEARISH,BEAR,-0.4105975831610067,-0.38663857598002,-0.023959007180986702,-58.7703585300868,-61.619721398334335,18.282753718045242,18.188003508018138,425.15481860636805,428.2037900189553,426.20694255606224,425.94527585769674,426.74806285731495,424.4219383633882,44.520917698800694,-0.005718323584304926,424.98333740234375,1650,16:23:00,1
JSWSTEEL,Metals,HOLD,NONE,3,2,1054.5999755859375,1054.5999755859375,1054.5999755859375,1054.5999755859375,2.2938713841906924,42.42469243677274,BEARISH,BULL,-0.2575227520617318,0.020561426984062645,-0.27808417904579447,-58.07101914181009,-44.914256854549485,16.683133941198847,15.746072847760248,1053.2618442221149,1066.1357916142479,1053.992801909353,1057.254092800101,1058.0311758137686,1054.0188119792,49.91757559032102,0.1082655956525045,1053.7333170572917,1650,16:23:01,-1
KOTAKBANK,Bank,HOLD,NONE,0,8,1983.5999755859375,1983.5999755859375,1983.5999755859375,1983.5999755859375,1.7436468894758321,34.167808692551716,BEARISH,BEAR,-2.0608425891825846,-2.1679658355479035,0.10712324636531889,-15.656839493086935,-25.474658572507593,46.344395562817674,48.89003606975066,1984.8960856315582,2005.1199965669327,1990.5844168440076,1980.7559765625,1995.7281442968288,1980.5418630273898,48.75899818192856,-0.004031946321410407,1986.5333251953125,1650,16:23:01,-1
LICHSGFIN,Finance,HOLD,NONE,4,2,564.0,564.0,564.0,564.0,1.7438926342680732,47.62789026468836,BEARISH,BEAR,-0.4767235652384443,-0.5122003942302474,0.035476828991803155,-52.863709962665276,-50.385315075173025,43.51064520232652,35.385467528958216,563.290754940865,571.4597204390657,565.0079015955771,564.2659420603087,565.38309132864,562.6469013471411,52.97037099512032,0.054664801292677624,563.3666585286459,1650,16:23:02,-1
TRENT,FMCG,HOLD,NONE,0,5,5418.0,5418.0,5418.0,5418.0,1.603692782467129,44.251772408176016,BEARISH,BEAR,-5.4172857716012,-7.135516637755443,1.7182308661542427,-17.910830523205664,-38.36858701264402,74.31805782869613,60.144541928636805,5421.365611161116,5458.0981937842425,5435.473548775962,5407.6089,5436.4178840746445,5406.382115925355,49.277029702144134,-0.05314307994966468,5420.5,1650,16:23:03,1
LUPIN,Pharmaceuticals,HOLD,NONE,3,2,1974.699951171875,1974.699951171875,1974.699951171875,1974.699951171875,3.5784212882849085,52.09919214209426,BULLISH,BULL,0.6171697443066932,0.7764609519840947,-0.15929120767740146,-2.2504832845277143,17.807971197949882,50.48193859995663,53.57986695319067,1975.381680942023,1965.1283461759572,1970.0456170777818,1977.361438256836,1977.2617849312762,1971.818219951536,40.192842545309624,0.08689380502476507,1973.8666585286458,1650,16:23:03,-1
MFSL,Finance,HOLD,NONE,3,3,1638.699951171875,1638.699951171875,1638.699951171875,1638.699951171875,2.094959824689554,35.49619008375922,BEARISH,BEAR,-2.072829431192986,-1.9833638446293402,-0.08946558656364556,-65.07985364404524,-66.01779290590606,25.925473077969105,21.328656315727397,1641.6633443355827,1645.7055203599868,1643.7615404354253,1640.4803215921515,1647.6203276838914,1635.6496674332961,27.43156661428688,0.030683802819248495,1637.13330078125,1650,16:23:04,1
NCC,Realty,HOLD,NONE,6,2,217.05999755859375,217.05999755859375,217.05999755859375,217.05999755859375,2.2507095235261705,47.12511137321095,BEARISH,BEAR,-0.10466566768423036,-0.10934077352934586,0.004675105845115504,-23.1265725537962,-33.64820054771242,43.75003311345997,31.68235385152506,216.83228722882774,218.913029851565,217.67620573125967,217.4495535488688,217.532188397579,216.75781251794834,39.39204959174135,-0.3628993521199288,217.15333048502603,1650,16:23:05,-1
VEDL,Industrials,HOLD,NONE,9,2,444.5,444.5,444.5,444.5,2.3701380684337527,49.520890389011335,BEARISH,BULL,-0.11550067053212842,-0.13173696564386272,0.0162362951117343,-17.886158909648646,-37.971366950901015,42.42474684422252,40.90935713074709,444.2189971811454,445.04132127137206,443.76504883305915,445.1976751061319,444.81780938009734,444.06218939919955,44.81678066158948,-0.03964249542709511,444.5833333333333,1650,16:23:05,1
GRASIM,Miscellaneous,HOLD,NONE,0,3,2808.0,2808.0,2808.0,2808.0,1.2965476821505988,34.82232004733115,BEARISH,BEAR,-2.7572114965487344,-2.460100554092617,-0.2971109424561176,-60.172320445514714,-48.99742019347495,31.18082853664264,33.126258158969705,2808.951711238875,2839.7778319340446,2820.355171393483,2816.2879497701706,2824.499228232585,2807.6507717674144,37.72908903936727,0.1056407748293477,2808.5999348958335,1650,16:23:06,-1
PEL,Finance,HOLD,NONE,3,7,1164.300048828125,1164.300048828125,1164.300048828125,1164.300048828125,0.900226834140231,38.22368290963155,BEARISH,BEAR,-0.22370789453179896,0.6090517123934512,-0.8327596069252502,-29.53143635000432,-12.232186943186873,9.818236191231318,11.691575406727308,1170.2017041248557,1168.4976940154925,1173.6798674362308,1174.8526153696093,1174.5864510325355,1164.2935660573085,29.427813299697327,-0.17746272674261085,1165.1000162760417,1650,16:23:07,-1
ONGC,Oils,HOLD,NONE,4,2,236.19000244140625,236.19000244140625,236.19000244140625,236.19000244140625,1.4898392606928903,44.14360840675028,BEARISH,BEAR,-0.13541906383423452,-0.15460352245795086,0.019184458623716344,-26.41959668111273,-9.191254667510776,19.309744994776942,34.28854726305841,235.97601055561563,237.6980621566386,236.76118815455544,236.68599700927734,236.66541005739418,235.93159159055506,43.59548442478764,-0.17885945665619246,236.1000010172526,1650,16:23:08,-1
RELIANCE,Industrials,HOLD,NONE,0,3,1410.0,1410.0,1410.0,1410.0,1.6661991135993937,40.6727594517963,BEARISH,BEAR,-1.3389679144891034,-1.185415793638863,-0.1535521208502404,-49.49328479738818,-57.384230785866606,24.859343980398886,17.641051271409406,1410.4906368982713,1416.5417521032343,1412.9391336614694,1412.5139885584215,1416.8342354037206,1406.7957694790919,60.65029792124575,-0.05511651367982908,1409.8000081380208,1650,16:23:08,1
PIDILITIND,Industrials,HOLD,NONE,7,1,3087.199951171875,3087.199951171875,3087.199951171875,3087.199951171875,2.3621516222199417,41.02677238537066,BULLISH,BEAR,-1.2684894813960454,0.17869806754640366,-1.447187548942449,-74.55475408352558,-69.02188177121211,19.154342028594233,17.518999971371624,3098.652941972856,3087.072136202961,3096.0062463636855,3095.1067040032044,3102.3929851616585,3084.956990424279,37.25298160975086,0.37393125225798496,3084.4666341145835,1650,16:23:09,1
PATANJALI,FMCG,HOLD,NONE,7,2,1801.199951171875,1801.199951171875,1801.199951171875,1801.199951171875,3.456078480514133,51.82175132203613,BEARISH,BULL,0.00500091607318609,0.10821188996538611,-0.10321097389220002,-8.968226310111225,-2.1524416342625297,24.216372621643476,23.551539896339435,1798.4391249055338,1802.3265890170987,1796.7104705928707,1807.7682883544921,1805.695266065944,1796.16473149265,48.87062888682013,-0.16708033892482685,1800.5999755859375,1650,16:23:10,1
TATAPOWER,Miscellaneous,HOLD,NONE,0,3,385.04998779296875,385.04998779296875,385.04998779296875,385.04998779296875,1.2431176772262043,26.280120329374228,BEARISH,BEAR,-0.38288359595537713,-0.22754670503942842,-0.1553368909159487,-67.24868500106746,-67.78377982468314,7.0921801614613615,10.638270242192059,386.4866794301485,387.7094498064937,386.78745495374864,386.77292175356433,387.8286066506944,384.8063848043837,20.005230290494072,3.099859366402456e-05,385.2333272298177,1650,16:23:11,-1
SHREECEM,Industrials,HOLD,NONE,4,3,30020.0,30020.0,30020.0,30020.0,1.2570023227216833,38.14752034696081,BEARISH,BEAR,-40.10515547106479,-30.19379800730352,-9.91135746376127,-63.06057914997083,-71.56920278353938,19.291754756871068,14.898989898989923,30037.327991387374,30436.208890526712,30126.787677830605,30107.77201295534,30232.51879573057,29952.48120426943,40.28451665324667,-0.00589385032586011,30018.333333333332,1647,16:23:11,-1
TATAELXSI,I.T,HOLD,NONE,6,2,5577.5,5577.5,5577.5,5577.5,2.4761904761904763,53.381516811565184,BEARISH,BULL,1.1527246944069702,-0.26451606069957406,1.4172407551065442,27.835715601841976,27.269196194779756,72.58064516129038,76.79358364181218,5562.265338275005,5637.797049416641,5559.021537598791,5560.4672614277115,5586.229557099381,5558.47044290062,30.333625607824725,-0.021935971234670296,5577.0,1650,16:23:12,1
ACC,Industrials,HOLD,NONE,1,4,1821.0999755859375,1821.0999755859375,1821.0999755859375,1821.0999755859375,1.2357817037754115,41.774210554999726,BEARISH,BEAR,-1.6142598879312118,-1.9905969096671698,0.37633702173595807,-18.15513823012039,-33.0641028964564,59.73979306044371,51.74553586585923,1819.2954331761505,1841.5436052552598,1825.4473107088127,1818.6049668945313,1828.040685138934,1817.2493050954413,40.04773943137526,-0.19383067498910225,1821.8000081380208,1650,16:23:13,1
TORNTPHARM,Pharmaceuticals,HOLD,NONE,3,3,3688.0,3688.0,3688.0,3688.0,1.1722767115253023,70.10374196688073,BULLISH,BULL,6.632253443964146,6.446616687101539,0.18563675686260694,58.756343778741424,59.02430051773524,74.69389804417875,74.57139742335441,3674.3304413009946,3661.3067014889143,3673.898003326023,3679.4670810535367,3697.0649589543223,3659.6950508113027,72.4272470090299,0.1465338716435795,3689.566650390625,1650,16:23:14,-1
AMBUJACEM,Industrials,HOLD,NONE,6,3,577.4000244140625,577.4000244140625,577.4000244140625,577.4000244140625,1.3856207480685194,39.59793045317041,BEARISH,BEAR,-0.9689943573910114,-0.8610318584926472,-0.10796249889836418,-42.40682287980185,-54.39515737234318,18.513300500730633,12.245653480859305,577.8254256305887,584.4437284429741,579.1251369077529,576.0499877929688,582.1346270217889,575.0503766403206,44.628207834081174,-0.15194917735819546,577.8666788736979,1650,16:23:15,-1
HINDALCO,Metals,HOLD,NONE,0,3,704.2000122070312,704.2000122070312,704.2000122070312,704.2000122070312,1.2659433542499539,34.936161352209865,BEARISH,BEAR,-0.8084008370985885,-0.6088157844771387,-0.19958505262144977,-75.33329499835732,-72.44359881004645,20.173702650704627,16.625976934879898,706.8885483601942,705.3808358843862,705.8225359106461,706.7556434126856,708.3508069981289,703.2741930018711,48.408680636603144,-0.04075189508231105,703.3166707356771,1650,16:23:16,1
FEDERALBNK,Bank,HOLD,NONE,5,2,196.5,196.5,196.5,196.5,1.7560904765304037,44.11589031317233,BEARISH,BEAR,-0.14852532285360098,-0.16763391563531974,0.019108592781718753,-46.629333004061934,-43.02701245090674,49.13620951430204,48.631711728115135,196.37176653891478,198.1705959171568,196.9663936572083,196.72623975830078,196.9038489234401,196.1791527855443,37.926219593840635,0.028917666833482156,196.3999989827474,1650,16:23:16,1
ASHOKLEY,Auto,STRONG_BUY,STRONG,11,1,131.49000549316406,132.49000549316406,135.53001403808594,130.97000122070312,4.787859137469644,59.20668783546341,BULLISH,BEAR,-0.03766576253374865,-0.009315915764757297,-0.02834984676899135,-52.19638219786509,-72.65400759051379,47.497617720016585,34.525911930600905,131.56802659395507,131.36894440067775,131.54666532521523,130.8000030517578,131.7169286829045,130.92406710566974,51.80885909568861,0.14116230910560915,131.36333719889322,1650,16:23:17,1
TATASTEEL,Metals,HOLD,NONE,0,8,158.35000610351562,158.35000610351562,158.35000610351562,158.35000610351562,2.2238367822293927,28.977707196720928,BEARISH,BEAR,-0.30716530152776045,-0.3086922254913705,0.0015269239636100385,-54.81102266509416,-54.82164732700869,26.866529457328344,30.84027743149944,158.84000052847261,160.2426409141034,159.1297965562835,158.84702979286058,159.60417998492042,158.1778161698647,54.03297171115066,0.13065358520611423,158.41000366210938,1650,16:23:17,1
CUMMINSIND,FMCG,HOLD,NONE,7,1,3916.0,3916.0,3916.0,3916.0,1.42818226977251,52.53574987934131,BULLISH,BULL,2.5605934289260404,3.889100973362363,-1.3285075444363228,-24.859053217609443,-9.487012718185136,38.30787858813007,35.787139079353175,3920.857577359517,3869.9079750572578,3905.8875192322266,3925.311586763693,3925.388759382755,3912.501206437558,44.12412357745957,0.23733780732437645,3913.566650390625,1650,16:23:19,-1
TATACOMM,Telecom,HOLD,NONE,5,3,1604.5,1604.5,1604.5,1604.5,1.2710723898569203,51.32725351893955,BEARISH,BULL,0.14087071665062467,0.2832785725294112,-0.14240785587878652,24.364142882022325,2.614445602876737,30.47035507727887,30.650745059130287,1607.4606478252374,1616.5139119754597,1599.4096714859688,1601.0,1605.7399694563487,1603.3700403092762,53.64200368005074,-0.02429298504914877,1605.4666748046875,1650,16:23:19,-1
BHARATFORG,Industrials,HOLD,NONE,5,2,1123.0,1123.0,1123.0,1123.0,0.9241246520186475,39.97784258082314,BEARISH,BEAR,-1.817452082675345,-1.917441971430723,0.09998988875537784,-38.23209367148431,-41.188927738151904,23.129717744949037,19.01164727530677,1120.9084283008178,1148.7169338084893,1128.604240855927,1129.2571014331054,1128.8194640504694,1120.3705383909369,33.710409206920176,-0.1856528825945755,1123.7666422526042,1650,16:23:20,1
LT,Realty,HOLD,NONE,3,7,3595.800048828125,3595.800048828125,3595.800048828125,3595.800048828125,2.5251881043578277,55.53408283122133,BEARISH,BEAR,0.13385695518627472,-0.9305381654381246,1.0643951206243993,42.74813062616339,36.11423319415312,80.69659337500396,81.32710445026248,3584.5814847193415,3610.298236567933,3597.22443296839,3588.256240886797,3597.513218444321,3586.976771790054,56.77643372894627,-0.014088646065717055,3595.6000162760415,1650,16:23:21,1
M&M,Auto,HOLD,NONE,2,4,3403.0,3403.0,3403.0,3403.0,1.190262702922279,44.433773671561205,BULLISH,BEAR,-0.4646888546644732,0.7829202546944105,-1.2476091093588837,-50.27864026516097,-48.041025104630535,21.555447048611125,23.749129853371304,3411.331046748218,3390.184292853948,3414.371393131607,3411.6669732949313,3418.794649786142,3399.005325799795,51.8387737003392,0.17165018744036073,3402.1000162760415,1650,16:23:22,-1
BOSCHLTD,Auto,HOLD,NONE,3,7,39300.0,39300.0,39300.0,39300.0,1.8875927889713682,49.964624867357735,BEARISH,BEAR,-10.361779011967883,-18.900091151199856,8.538312139231973,15.222222286305826,-5.941434742574822,64.29629629629628,58.65993265993266,39228.18123153492,39532.46111647699,39375.002759995026,39176.865,39388.4097583147,39204.0902416853,57.55273331977014,0.04774462650922056,39321.666666666664,1650,16:23:22,1
BPCL,Industrials,HOLD,NONE,5,2,317.0,317.0,317.0,317.0,1.5597522562914725,61.25224341544074,BEARISH,BULL,0.054571596865230276,-0.16457156370365336,0.21914316056888364,44.835429323976086,37.82729947148192,90.69755338225623,87.85523113779631,315.4940052764274,318.4102051394195,315.43708274664493,315.194606817679,317.1607242608454,314.439269635639,63.33385810019625,0.12847918825382718,316.8333333333333,1650,16:23:23,1
SIEMENS,FMCG,HOLD,NONE,4,3,3162.60009765625,3162.60009765625,3162.60009765625,3162.60009765625,1.0398947054074084,21.311678912665414,BEARISH,BEAR,-9.81134601694066,-6.211180264126077,-3.6001657528145836,-90.48426720870526,-85.97696519456568,4.721130732736394,3.938453463060712,3191.372845718206,3190.9360952787765,3180.122077223655,3194.3002349085814,3219.6076070610898,3162.102378290473,34.39909628297265,-0.38485407123200477,3163.2000325520835,1650,16:23:24,1
TATAMOTORS,Auto,HOLD,NONE,6,2,680.9500122070312,680.9500122070312,680.9500122070312,680.9500122070312,1.2874531859122738,53.32384436410696,BEARISH,BEAR,-0.10586206743209914,-0.1216843966251665,0.015822329193067364,-18.799325072190772,-18.721282023088666,27.531615992948385,28.338103721321726,679.4257544071,684.9185000438216,681.7679668118013,681.5008652671044,681.5411948254687,679.5788186022658,65.55992448034897,-0.030344021775580262,680.5833333333334,1650,16:23:24,1
VOLTAS,FMCG,STRONG_BUY,STRONG,10,2,1353.199951171875,1354.199951171875,1360.7998046875,1350.9000244140625,1.9241589729365614,43.03767904955004,BEARISH,BEAR,-0.9712685384449742,-0.93364580780657,-0.037622730638404156,-41.081508657871204,-41.75932660270596,21.491344831518116,18.44401394057495,1351.676759244097,1359.1719797672176,1357.9894929872496,1356.5683114286317,1358.210559672147,1351.4194452106656,42.606950317935855,0.030195157930996756,1353.7333170572917,1650,16:23:25,1
HINDUNILVR,FMCG,HOLD,NONE,1,7,2630.0,2630.0,2630.0,2630.0,1.1643789578313377,54.35261529761806,BEARISH,BEAR,0.5502229836906736,0.1745278414020179,0.37569514228865564,26.24530882072368,31.488919332580203,83.06852677129753,84.03840771598958,2624.8133452462203,2630.370731786997,2630.892129453595,2621.061533503207,2632.9662483777347,2622.8337272082026,49.729812299866346,-0.19034655075599777,2628.63330078125,1650,16:23:26,1
NESTLEIND,FMCG,HOLD,NONE,1,3,1160.5,1160.5,1160.5,1160.5,1.330600350677895,38.13809227224721,BEARISH,BEAR,-1.4898923558512251,-1.1453332423950289,-0.3445591134561963,-53.87217432665279,-45.11206557267664,9.657700782955441,13.269007366135583,1162.5108250153428,1168.2769496450994,1166.20878874907,1164.634346542759,1169.3098590072086,1158.4301434341978,59.38359644008615,-0.06802533348985827,1159.9666748046875,1650,16:23:27,1
TATACHEM,Industrials,HOLD,NONE,3,2,938.9000244140625,938.9000244140625,938.9000244140625,938.9000244140625,1.1719799250724534,51.063214500392654,BEARISH,BULL,0.2413601280251214,0.39530547759495277,-0.15394534956983136,-14.769601475331026,5.413684787960728,31.958931807815958,33.448058689572534,938.1388356043913,940.1861742319259,936.1953900587384,942.7590234375,941.0761532389672,936.588849202439,64.12656427159362,0.08591862852935911,938.2000122070312,1650,16:23:27,-1
TATACONSUM,FMCG,HOLD,NONE,1,4,1083.800048828125,1083.800048828125,1083.800048828125,1083.800048828125,1.6503692852346945,36.703430068467895,BEARISH,BEAR,-0.8014355392715515,-0.24247530592381622,-0.5589602333477353,-47.76413186238446,-46.78559511394902,18.82419960171571,21.38969446016975,1087.303570094423,1086.9356876533125,1088.7280633014207,1088.3517069724273,1092.2470237437483,1082.452988463283,21.66664320843704,0.11452075789367426,1084.1000162760417,1650,16:23:28,-1
ASIANPAINT,Industrials,HOLD,NONE,0,3,2503.5,2503.5,2503.5,2503.5,2.4419469864615446,31.679626599260544,BEARISH,BEAR,-3.327882299486646,-2.7877467785479295,-0.5401355209387164,-71.31808558484556,-75.484825165426,12.954372815850457,10.606434579830202,2504.314331971375,2540.7547560560834,2512.7902496617653,2513.156676716398,2518.7440332854553,2501.2259862457945,23.88121185771399,-0.034603002877052806,2503.6000162760415,1650,16:23:29,1
BRITANNIA,FMCG,HOLD,NONE,5,2,5562.0,5562.0,5562.0,5562.0,2.165320376556332,60.343929848050756,BEARISH,BULL,0.3864467266939755,-0.688094741817481,1.0745414685114565,21.49285732518474,-2.700457243287329,71.43990929705218,54.879062736205604,5540.267361959726,5574.669548109385,5535.565908936309,5541.601226040005,5560.49792220954,5541.50207779046,57.82946096682019,-0.11759016810256154,5560.166666666667,1650,16:23:29,-1
COLPAL,FMCG,HOLD,NONE,0,3,2294.0,2294.0,2294.0,2294.0,2.6593633706739697,34.113283256255016,BEARISH,BEAR,-4.110101443553049,-3.71973898192666,-0.39036246162638877,-64.25166181884724,-64.77714843739514,12.820111533666166,14.315747739852114,2301.3475721816035,2316.5424586178324,2309.817635145259,2303.1220769060046,2312.8424626775254,2293.0675226740373,35.79903619150209,-0.15657682316803495,2296.2333170572915,1650,16:23:30,1
INDHOTEL,Services,HOLD,NONE,9,2,789.7000122070312,789.7000122070312,789.7000122070312,789.7000122070312,2.6191212559249673,49.12791148625978,BEARISH,BEAR,-0.5941515036309966,-0.6652245126489862,0.07107300901798963,-28.51804954440537,-40.45965369355421,44.378037194970695,26.24695963622496,787.8405362415707,795.030587067895,791.4576420171826,791.0040856218736,792.0026716279118,787.36731738576,62.44543304447563,-0.05879390942490719,789.4666544596354,1650,16:23:31,1
ITC,FMCG,HOLD,NONE,1,2,398.29998779296875,398.29998779296875,398.29998779296875,398.29998779296875,2.247813833782296,42.763773964513426,BEARISH,BEAR,-0.21296984751325,-0.24095036148521892,0.027980513971968934,-33.56529756723336,-25.436722518029516,53.65119061337456,53.807057856506496,397.6752702252008,403.0966940794723,399.00451506221094,398.6545091023363,399.1444190587129,397.90558094128704,58.992110419618896,0.07214187841937025,398.26666259765625,1650,16:23:32,1
BALKRISIND,Auto,STRONG_SELL,STRONG,0,10,2391.10009765625,2390.10009765625,2367.900390625,2401.199951171875,6.5317676074101065,39.61064695250231,BEARISH,BEAR,-1.0170627126931322,-0.36569786995929104,-0.6513648427338412,-19.34979157742419,-17.632473740121963,35.335213417294874,28.047977587781332,2395.5224397275088,2407.999690354087,2400.339051993604,2401.343587960466,2404.9111873851007,2390.9488467945866,51.43589538780039,-0.10819697866212326,2393.60009765625,1650,16:23:32,-1
PHOENIXLTD,Realty,HOLD,NONE,9,1,1578.0,1578.0,1578.0,1578.0,1.0256466776145392,38.818638518015575,BULLISH,BEAR,-1.8354601033031486,-0.6407549374172334,-1.1947051658859151,-68.3988486801876,-71.0672202916829,17.458133577019026,10.765286062788554,1588.008644505854,1563.4728503148626,1585.6606735783826,1585.4875806086375,1593.215365190811,1574.3046421334075,29.654980219952197,0.19386029007453176,1576.6333414713542,1650,16:23:34,1
SRF,Industrials,HOLD,NONE,4,3,2918.0,2918.0,2918.0,2918.0,3.003263551699435,42.6781040460483,BEARISH,BEAR,-2.3528077337909963,-1.4592392169993753,-0.893568516791621,-52.57093549553996,-47.313966997852404,18.563242348616804,14.692755743349508,2927.252682839573,2922.538428069446,2930.3687384870996,2928.818283611875,2932.498911526883,2914.251064059054,44.3833364410945,0.09457631724055468,2916.9666341145835,1650,16:23:34,1
EICHERMOT,Auto,HOLD,NONE,4,6,5924.5,5924.5,5924.5,5924.5,3.10196589866203,42.944861901136306,BEARISH,BEAR,-4.982572997054376,-5.077236861504028,0.09466386444965202,-30.37636209245898,-54.12639648850553,40.777666999002996,32.63724309766513,5930.682671078874,5933.14111010742,5934.777809723695,5915.5,5949.339921514696,5912.860078485305,55.42102054352581,-0.07322851847659745,5931.333333333333,1650,16:23:35,1
WIPRO,I.T,HOLD,NONE,0,3,248.74000549316406,248.74000549316406,248.74000549316406,248.74000549316406,1.6067272153304022,41.667338321855105,BEARISH,BEAR,-0.22710003021236957,-0.1995045788759006,-0.027595451336468985,-57.04761797585096,-64.21037613212526,16.626187783389103,14.617156518112699,249.34895027482054,249.40098066565128,249.30203134059286,249.35703143271243,249.78064285282474,248.26535781856197,62.7542743399072,0.004173770581744379,248.70667012532553,1650,16:23:35,-1
APOLLOHOSP,Pharmaceuticals,HOLD,NONE,2,3,7922.5,7922.5,7922.5,7922.5,1.5316398382488408,48.25466758311246,BULLISH,BEAR,-1.9747611988059361,-3.062868946715604,1.088107747909668,8.082466224475693,-1.7095037987036639,61.7777777777778,56.74074074074077,7930.908357918145,7905.7522812268035,7936.22526745374,7912.509960349797,7935.277252280074,7905.772747719925,45.77687092335066,0.002261802217197568,7924.333333333333,1650,16:23:37,1
SUPREMEIND,FMCG,HOLD,NONE,2,1,4602.0,4602.0,4602.0,4602.0,0.612726962263077,33.46879157382699,BULLISH,BEAR,4.0020837954898525,9.795516998832131,-5.793433203342278,-19.063689392878135,8.102929572558523,8.607759757383938,18.31281546938651,4639.586576915229,4574.132847194606,4643.4842218290305,4654.5719127675,4660.243024751883,4611.037004544992,19.702111310350755,0.2839290619536539,4609.333333333333,1650,16:23:37,1
SHRIRAMFIN,Finance,HOLD,NONE,1,2,616.25,616.25,616.25,616.25,1.6313117130518597,59.94342943147416,BEARISH,BEAR,0.21562318712506112,-0.052931577727850634,0.26855476485291174,35.48728824848171,26.648147532551274,93.4346890586371,90.2666827847827,614.1316447345647,617.3706834956042,616.3569474112579,613.3061719173145,616.764613689323,613.0353802071614,56.847291181104886,0.1041153608437078,616.1666666666666,1650,16:23:38,1
CHOLAFIN,Finance,HOLD,NONE,3,4,1524.0999755859375,1524.0999755859375,1524.0999755859375,1524.0999755859375,1.5176428073617099,57.811157794815294,BULLISH,BULL,1.0449708015460146,0.6873677934661361,0.35760300807987855,62.7260303099724,68.56802294670624,73.28476880268539,80.47482247770468,1521.4253255573287,1520.3884907370652,1519.6643045838302,1519.789195427037,1526.11228193164,1517.607725392579,41.365710151778934,0.23667908249935843,1523.8000081380208,1650,16:23:38,1
UPL,Industrials,HOLD,NONE,5,1,713.7000122070312,713.7000122070312,713.7000122070312,713.7000122070312,1.161998946216512,35.894227530150246,BULLISH,BEAR,-0.31298017516587606,0.37511497987808556,-0.6880951550439616,-60.50470844642205,-41.62108957079044,5.820254472647416,12.274476439561042,719.5110557844115,712.8129351593564,719.5655086224053,720.290170313487,722.6720512466735,713.9329414291077,32.80861704557843,-0.07899779428677225,714.2333374023438,1650,16:23:40,1
ADANIENT,Services,HOLD,NONE,1,3,2322.0,2322.0,2322.0,2322.0,1.3573549986500086,33.55605246871788,BEARISH,BEAR,-2.651669675418816,-2.597142336532988,-0.05452733888582806,-55.1793312204805,-52.83981357458035,17.507074873751186,18.918058543965493,2320.5742855500907,2355.9771316691094,2333.490044570781,2330.8633962508925,2333.948996047254,2321.1310088355585,37.719685575286235,-0.09793867442486974,2323.566650390625,1650,16:23:40,1
LICI,Services,HOLD,NONE,3,4,889.2000122070312,889.2000122070312,889.2000122070312,889.2000122070312,1.1008033587662993,55.40536228679127,BEARISH,BULL,0.26567691690581796,-0.03757695802243399,0.30325387492825195,48.50808464618613,45.70661828037203,74.5517549156013,80.4059946855211,886.8131837658218,893.6142522796852,887.1905301125637,886.989778637169,890.25394410092,886.1110522369707,48.99439374079336,0.15158448917647033,889.4333292643229,1650,16:23:41,1
DELHIVERY,Services,HOLD,NONE,3,1,473.6000061035156,473.6000061035156,473.6000061035156,473.6000061035156,1.45311327831958,43.12815766770286,BULLISH,BEAR,-0.2229482103459759,-0.11341856920382626,-0.10952964114214964,-57.4520228805763,-58.139127937374866,23.50516644194001,21.757969445582603,475.35991072077536,472.0231597846368,475.2649556530897,474.8682075588132,475.6506916959184,472.8443095247847,53.302610633590575,-0.08955020722311735,473.4666748046875,1650,16:23:41,-1
HINDCOPPER,Metals,HOLD,NONE,0,3,236.8800048828125,236.8800048828125,236.8800048828125,236.8800048828125,1.4223648675094915,35.83190651077226,BEARISH,BEAR,-0.1847443608313597,-0.12160106016000641,-0.06314330067135329,-45.833849212298034,-25.395573607496836,3.0725078029534765,8.245545456559306,237.40053272461716,239.23250856366928,238.09926069112495,239.8208649536133,238.18878721531425,236.89021211329904,24.117143718636235,-0.15760770252155146,236.83333333333334,1650,16:23:43,-1
MOTHERSON,Auto,HOLD,NONE,7,2,95.25,95.25,95.25,95.25,1.9347043953937306,41.38519752942776,BEARISH,BEAR,-0.14708028153074792,-0.13055681287935,-0.01652346865139792,-58.44825616117035,-56.57004094712403,14.130899687396566,8.870218534623513,95.11687483778893,96.66406222482715,95.47789253796084,95.51960288705105,95.78911727124415,95.04288346117772,43.33899638091822,-0.190384240221635,95.1999994913737,1650,16:23:43,1
HAVELLS,FMCG,HOLD,NONE,0,4,1555.0,1555.0,1555.0,1555.0,1.0363904709301799,45.76672820231132,BEARISH,BEAR,-0.21786744461724084,0.07365125139385706,-0.2915186960110979,-24.87284823887999,-22.18935493823178,30.458587598322595,32.84696801720681,1556.6906476115644,1556.8134467259354,1560.2619036680837,1560.6833267728,1560.2670898828676,1553.3829223241635,44.710377028557694,-0.15087011779722279,1555.9666748046875,1650,16:23:44,1
PPLPHARMA,Pharmaceuticals,HOLD,NONE,8,3,192.75,192.75,192.75,192.75,2.2246060171919773,38.839435951236,BEARISH,BEAR,-0.19596122731303467,-0.0886899263359532,-0.10727130097708147,-61.541050712462166,-61.82958550420118,6.593035118788134,4.660093724167186,193.4388014800245,193.16868964259518,193.5935002568793,193.65717131900976,194.39399611873054,192.36000473576163,37.34343289849919,-0.19127716011816764,192.75333658854166,1650,16:23:45,-1
KEI,Industrials,HOLD,NONE,9,3,3954.800048828125,3954.800048828125,3954.800048828125,3954.800048828125,1.831397269687719,27.470102753925104,BEARISH,BEAR,-11.957183733412876,-8.166153629412392,-3.791030104000484,-78.07457000278953,-78.13052693099314,14.537262323150344,12.585207972281552,3996.4944274045965,3968.11797997965,3973.281142410034,3983.0723963298788,4018.388395145863,3944.9815755572617,37.20007649826817,0.01588999048559712,3951.6000162760415,1650,16:23:46,-1
KAYNES,FMCG,HOLD,NONE,8,3,6213.0,6213.0,6213.0,6213.0,1.4543438724798927,50.99490259256427,BULLISH,BEAR,2.5677489427353066,7.126340448188433,-4.558591505453126,-53.71682118545555,-48.44148384914557,19.134199134199115,17.904405207775994,6235.423223381162,6195.465730685228,6241.685374375044,6232.100082378506,6241.8051854683235,6202.494814531676,42.220031821230116,0.08256624236327037,6208.5,1650,16:23:46,-1
KFINTECH,Financial Services,HOLD,NONE,3,3,1123.0,1123.0,1123.0,1123.0,2.361809834417845,30.981064608653995,BEARISH,BEAR,-2.4214546036803313,-1.569336135007953,-0.8521184686723782,-71.83398569652668,-67.58307239192796,3.158547980087393,7.044648593613431,1133.4546328041324,1126.167892092098,1131.6338307599542,1131.5666351091536,1139.5839605957058,1122.2360223144506,34.33416067990384,0.05451081976042382,1124.066650390625,1650,16:23:47,1
MANKIND,Pharmaceuticals,HOLD,NONE,3,3,2611.800048828125,2611.800048828125,2611.800048828125,2611.800048828125,1.480073035790283,61.862427098326705,BULLISH,BULL,1.665969387280711,0.9138843268818948,0.7520850603988163,74.80517175382843,60.04764542417784,89.19089327165541,76.07597979718867,2601.8689701918606,2575.842885206262,2597.52759260903,2604.739295795221,2611.101892221052,2599.7481077789485,53.41949156488002,0.16323769378087535,2610.6666666666665,1650,16:23:48,1
PIIND,Industrials,HOLD,NONE,7,0,3876.0,3876.0,3876.0,3876.0,2.1088040121097213,61.794564168741644,BULLISH,BULL,2.5766073780705483,2.942339866953067,-0.36573248888251886,5.77035934714491,3.953078987275183,40.36198588084739,29.36307219084625,3863.1562799617395,3834.6820087055567,3857.677954262942,3876.431625006797,3876.8036443012543,3856.0563166362454,51.62502109195181,0.09648702720769581,3870.0333658854165,1650,16:23:48,-1
POONAWALLA,Finance,HOLD,NONE,2,9,464.25,464.25,464.25,464.25,2.3796890902121763,49.585302461122104,BULLISH,BULL,0.4834142074033707,0.49315613970399924,-0.00974193230062853,52.48947803212725,52.45286283522938,62.64359953837681,76.98586128764525,466.5233742938488,461.0634143395197,463.45268864497575,463.80809049822994,465.8193846517275,463.1856141275694,59.27476330031596,0.06017132712543596,464.93332926432294,1650,16:23:49,1
JIOFIN,Finance,HOLD,NONE,3,3,320.6000061035156,320.6000061035156,320.6000061035156,320.6000061035156,1.813780467706135,31.62644926724461,BEARISH,BEAR,-0.5591133066044449,-0.5803469127747903,0.02123360617034542,-61.42926609096212,-57.97894384520623,16.6415242783792,17.43441459717913,321.14927891088666,324.9553842421137,321.7479688264495,321.14804273681636,322.0427952268412,320.25220294210413,35.59193483364644,-0.22177848333088634,320.4666748046875,1650,16:23:50,1
AARTIIND,Industrials,HOLD,NONE,3,3,382.1499938964844,382.1499938964844,382.1499938964844,382.1499938964844,1.193712696478235,40.377598695386546,BEARISH,BEAR,-0.2978068300337213,-0.08650155778847445,-0.21130527224524687,-43.36362662600597,-33.528861553931755,22.26312278190547,14.718381763045912,383.58109640141475,385.5066424665682,385.0265901817129,385.2576045846777,385.29277002548355,381.79222448135243,29.524449003558377,0.031019454152105944,382.09999593098956,1650,16:23:51,-1
BSE,Financial Services,HOLD,NONE,3,2,2332.800048828125,2332.800048828125,2332.800048828125,2332.800048828125,1.3955680533905395,53.81282635339562,BEARISH,BULL,1.3494210962021498,1.3412628810283111,0.008158215173838634,28.72534624419329,23.371704841485876,72.45374294982648,70.84153731549655,2325.511215168995,2389.6439325807223,2323.802787760507,2341.1389764167707,2339.969777891398,2323.3301976945395,47.567332096047316,-0.009129396835872479,2333.0,1650,16:23:51,-1
DMART,FMCG,HOLD,NONE,3,1,4698.7998046875,4698.7998046875,4698.7998046875,4698.7998046875,0.733716495224486,52.81261191162123,BULLISH,BEAR,3.3218376711092787,4.759415809383219,-1.43757813827394,-11.864160295736013,-3.9297739703500367,54.624183854765015,47.17784235065708,4699.704551012856,4678.140592536842,4720.736522822266,4713.809993245874,4716.385534257179,4688.374573164696,38.107325050775316,0.04062175486248381,4698.599934895833,1650,16:23:52,1
HUDCO,Finance,HOLD,NONE,0,4,211.10000610351562,211.10000610351562,211.10000610351562,211.10000610351562,1.8190785533611875,23.66069362197682,BEARISH,BEAR,-0.5690147420473295,-0.44254892288335923,-0.12646581916397026,-81.59980593999303,-80.0297033423359,6.000303810825254,10.085318299901635,212.94100362212808,213.55960744202952,212.61701917767888,212.9180406331301,214.0364503836211,211.19654979948436,45.12550707600852,-0.11481919662627002,211.2933349609375,1650,16:23:53,-1
AUBANK,Bank,HOLD,NONE,3,3,742.0499877929688,742.0499877929688,742.0499877929688,742.0499877929688,4.179768182149539,34.330091815238404,BEARISH,BEAR,-1.7741051245038761,-1.9113367669071166,0.13723164240324048,-57.049268886707296,-44.788206396656044,17.627624618932817,17.86968100740574,743.0436765142621,753.4560389315471,744.9932486355546,744.7699614746093,745.649794906301,741.3352026522927,38.6365757580327,-0.3222614857746169,741.3333333333334,1650,16:23:54,1
CDSL,Financial Services,HOLD,NONE,4,3,1575.0,1575.0,1575.0,1575.0,1.6604567414828946,43.25485231570561,BEARISH,BEAR,-1.3040771647713427,-0.6819495537580154,-0.6221276110133274,-53.70838620380266,-57.97912092759235,18.348582755647158,13.126585270837245,1578.8663640903383,1578.646301983124,1580.983482800059,1581.6765742364194,1586.3700475208097,1571.3999353893464,35.32275267264367,0.029101321227385374,1574.933349609375,1650,16:23:54,1
DIXON,FMCG,HOLD,NONE,2,4,16893.0,16893.0,16893.0,16893.0,1.5776859302012767,49.32493245690449,BULLISH,BULL,1.3359772880357923,2.637550575825321,-1.3015732877895285,-14.755563548571136,-7.194317433581533,39.02043711139248,50.52307460249087,16930.806061029634,16842.989727396987,16827.793470487544,16835.968276544663,16968.795006913326,16812.504993086677,38.56765961892949,0.12921946528543002,16890.0,1650,16:23:55,-1
SUNPHARMA,Pharmaceuticals,HOLD,NONE,4,1,1641.800048828125,1641.800048828125,1641.800048828125,1641.800048828125,1.5234175875354588,42.012995912823655,BULLISH,BEAR,-1.116291540932707,-0.6407655038365562,-0.4755260370961508,-69.25701317055037,-61.1873064601468,13.303148268770352,11.256621350866432,1645.1489010089458,1639.962923702487,1646.2626278341036,1647.7688098245003,1648.386386423483,1640.063601369486,50.73282479563683,-0.062073167456981236,1640.4000244140625,1650,16:23:56,1
AUROPHARMA,Pharmaceuticals,HOLD,NONE,3,1,1053.0,1053.0,1053.0,1053.0,1.2823631780950047,54.25747780397194,BULLISH,BEAR,-0.06171457448090223,0.19142504953064196,-0.2531396240115442,-31.33576700391587,-45.82406064163695,39.798556900239305,26.349399085010493,1054.8987873075107,1052.8687869873904,1055.302947366986,1054.3127310066175,1055.8210670051249,1049.388930553469,61.383632968570254,0.3133187337563309,1052.3999837239583,1650,16:23:56,-1
ABCAPITAL,Finance,HOLD,NONE,0,7,286.3500061035156,286.3500061035156,286.3500061035156,286.3500061035156,1.480426640105415,43.85326262499249,BEARISH,BEAR,-0.36467263073024014,-0.41497644563430736,0.05030381490406721,-29.67369570559139,-35.142831510851096,63.24786538313259,58.69109508282717,286.74567176093547,287.0048064327086,287.4352143224853,284.84198791503906,288.0808895468849,285.2891055703026,52.80330018283151,0.04722585641568452,286.25001017252606,1650,16:23:57,1
MPHASIS,I.T,HOLD,NONE,3,1,2844.0,2844.0,2844.0,2844.0,1.6102270621899253,23.267391329688166,BULLISH,BEAR,-5.567291589549768,-3.21916391072871,-2.348127678821058,-68.96126277362362,-68.058307218104,0.3588542050592119,1.3864530415601912,2867.3149360576394,2841.1864009649044,2859.036587927093,2869.1830604191227,2883.3694017760613,2841.2906079895633,20.403455446382075,-0.17179397045188977,2846.0,1650,16:23:58,1
IREDA,Finance,HOLD,NONE,3,3,147.2100067138672,147.2100067138672,147.2100067138672,147.2100067138672,3.385423950273533,28.72863451753139,BEARISH,BEAR,-0.19137606936763518,-0.12593149535494982,-0.06544457401268536,-75.31561091432854,-60.129133180933,5.612432772905557,10.509937065967334,147.9882550670469,148.37732405856676,148.01529687518524,148.0782057830614,148.4507415154414,147.33525701971485,27.85183923555199,-0.2387105406942759,147.3000030517578,1650,16:23:59,1
NMDC,Industrials,HOLD,NONE,1,3,70.19000244140625,70.19000244140625,70.19000244140625,70.19000244140625,2.4889773029333835,33.83996611656765,BEARISH,BEAR,-0.15537353909478213,-0.14864931744174,-0.006724221653042123,-65.47898171635455,-70.4193874870387,12.5054700596207,9.27245080843221,70.4112791812205,70.97494296133473,70.45304424843816,70.29479072145888,70.74776525453395,70.01323556944065,50.889822724081,0.04102492323335285,70.16000111897786,1650,16:24:00,1
TATATECH,I.T,HOLD,NONE,4,3,683.5999755859375,683.5999755859375,683.5999755859375,683.5999755859375,2.7617924803604574,41.24819964853188,BEARISH,BEAR,-0.600129037631973,-0.3698298871770914,-0.23029915045488158,-61.903397171689164,-56.607778126957655,23.411965511367896,23.52434992172354,685.5757412552663,685.6857700579495,686.5879833597498,686.5069848807054,688.1618653880895,682.4281431568323,43.273822992552006,0.09018371677234686,683.1666463216146,1650,16:24:00,1
SBILIFE,Services,STRONG_SELL,STRONG,0,11,1857.0,1856.0,1848.0,1860.0,5.704580735397337,39.653407651930934,BEARISH,BEAR,-0.9804851524645528,-0.8546941907311335,-0.1257909617334193,-53.835565157492944,-40.97550533030154,22.47596404938727,30.97929338178353,1860.0845938403556,1864.3161466870656,1865.1090073332184,1862.199951171875,1863.0006947867237,1857.3593149789012,46.53122649243529,-0.15148742148006195,1857.8666585286458,1650,16:24:02,-1
IEX,Financial Services,HOLD,NONE,5,3,143.8000030517578,143.8000030517578,143.8000030517578,143.8000030517578,1.6418459038486959,28.767274646998132,BEARISH,BEAR,-0.3494289154731689,-0.25225198194768716,-0.09717693352548173,-89.90296161813573,-86.32246107869484,13.820994488845892,10.821698863059304,144.85328192186068,144.317751315464,144.50259955599762,144.61284551428292,145.43900979161387,143.67498862147207,43.67048185877018,0.039578315583489176,143.6933339436849,1650,16:24:02,1
ICICIGI,Services,HOLD,NONE,7,2,1914.9000244140625,1914.9000244140625,1914.9000244140625,1914.9000244140625,1.2283199162248837,50.673890548822506,BEARISH,BEAR,-2.1697296471199934,-3.08997778704725,0.9202481399272564,-9.919506171292412,-34.99669183438991,61.08090017848243,37.43091486503762,1903.3575543296115,1945.774898390341,1919.0726237107856,1908.0,1919.279593415816,1906.470406584184,54.99963543989388,-0.14862426662223052,1914.0333251953125,1650,16:24:02,1
TIINDIA,Metals,STRONG_BUY,STRONG,10,2,3081.800048828125,3082.800048828125,3107.400146484375,3070.5,2.4685644925749615,53.80148698247925,BEARISH,BEAR,-4.165357147492614,-6.00973245780269,1.8443753103100757,3.15991321104865,-27.70688982297269,50.167712117935245,41.489572453701776,3064.398596338448,3117.027388684686,3083.4670292943283,3063.5,3084.584026972726,3063.2960267382114,45.815878686336816,-0.14986284363352145,3081.2666829427085,1650,16:24:04,1
HDFCLIFE,Services,HOLD,NONE,0,3,788.75,788.75,788.75,788.75,3.0076307967310125,41.11115375227234,BEARISH,BEAR,-0.43577241647312803,-0.3105216536215727,-0.12525076285155534,-53.393120798338714,-56.358494691374986,30.02644544207573,23.204132616751497,789.5262984523206,792.5348152479528,791.3072137999694,791.3396876612004,791.7376957753463,788.0923091074662,39.038411765950144,0.1861615153810507,788.8666585286459,1650,16:24:05,-1
BDL,Aerospace & Defence,HOLD,NONE,0,6,1517.5,1517.5,1517.5,1517.5,1.958275965496182,40.02154580146557,BEARISH,BEAR,-1.566136559943061,-1.3659774994378606,-0.20015906050520038,-53.6745638559427,-55.91788733285693,38.42584743368033,30.516783168022616,1521.8486945089528,1531.933269143914,1524.982367779283,1522.4091832890647,1525.5846981137909,1515.105279913553,59.65411854744118,0.07079335408157422,1517.6000162760417,1650,16:24:05,-1
AMBER,FMCG,HOLD,NONE,6,3,7260.5,7260.5,7260.5,7260.5,1.2122895973698222,34.292581317680984,BEARISH,BEAR,-16.584736407117816,-14.100739416899359,-2.4839969902184578,-61.01058235890106,-61.27027282779074,27.047720797720785,25.28077292043768,7285.572715765695,7337.070505284643,7312.658556326947,7297.986322905972,7334.956021324336,7242.793978675664,48.05013784626869,-0.08951602956151179,7260.166666666667,1650,16:24:05,1
BANDHANBNK,Bank,HOLD,NONE,1,4,173.1999969482422,173.1999969482422,173.1999969482422,173.1999969482422,1.305067912468374,40.58212045060988,BEARISH,BEAR,-0.1743524495642248,-0.18656359761929647,0.012211148055071674,-38.70214208223445,-40.995762438787445,39.54213166581892,42.70130016921147,173.14183139152968,174.07796856940266,173.82049346589307,173.5258065870397,174.02040573768738,172.90559371299622,47.212847656495775,0.13866965724779431,173.163330078125,1650,16:24:06,1
HDFCAMC,Finance,HOLD,NONE,2,4,5828.0,5828.0,5828.0,5828.0,1.45175223553034,39.23117381580331,BULLISH,BEAR,-6.684348485060582,-5.193697563996557,-1.4906509210640246,-60.812685439010515,-62.24503168967112,15.64105075712481,13.153107531229777,5857.32457630469,5778.3756103653795,5850.543824450897,5843.787187629338,5869.149312327329,5813.90068767267,53.270714286566175,0.0869669840790314,5825.5,1650,16:24:08,1
HAL,Aerospace & Defence,HOLD,NONE,0,3,4473.0,4473.0,4473.0,4473.0,1.1040690204635337,34.382898925608714,BEARISH,BEAR,-8.293555068195019,-7.154832111305891,-1.1387229568891284,-68.43502559475131,-80.42940351136349,31.655366269938256,23.430723741704394,4491.144715096177,4496.148677791007,4489.847626200901,4481.3776609428905,4510.555553338739,4463.524427130012,35.25030497888752,-0.1350265591691319,4475.333333333333,1650,16:24:08,1
ADANIGREEN,Miscellaneous,HOLD,NONE,2,5,961.5,961.5,961.5,961.5,1.5355257614433346,63.22063541783648,BEARISH,BULL,0.020788041614196118,-0.6931370198981941,0.7139250615123902,32.31071370868311,0.9886317368448978,76.32694108810684,54.50216627978396,955.0052506002926,964.3171698020251,953.7126291751666,954.19798828125,961.3695372580365,952.3254639626665,67.3384094759376,0.17920046388198024,960.7833251953125,1650,16:24:08,1
ATGL,Industrials,HOLD,NONE,1,8,616.5,616.5,616.5,616.5,3.930214115781126,48.433948229577524,BEARISH,BULL,0.04118095760372853,-0.1694537814782283,0.21063473908195682,40.8631648526752,32.389418633183546,72.22015705929898,83.09500392679074,615.4636369081862,621.3888646864897,614.4709297071222,614.3474991834116,618.343682421669,614.6113285646591,54.61139797651221,-0.136747749157053,617.5,1650,16:24:09,-1
IOC,Industrials,HOLD,NONE,5,5,140.35000610351562,140.35000610351562,140.35000610351562,140.35000610351562,1.982642719324665,64.91551480270908,BEARISH,BULL,-0.011180112833216072,-0.0888146514197979,0.07763453858658183,35.874217153000174,3.812694346862852,84.32896049411468,69.90367486270243,139.68636113584935,140.9646303755726,139.7768151407994,139.5491270561085,140.29311273568396,139.37788946158167,73.42307362694476,0.051228937805867514,140.32333374023438,1650,16:24:11,1
CONCOR,Services,HOLD,NONE,5,3,547.4000244140625,547.4000244140625,547.4000244140625,547.4000244140625,1.1401189279108164,28.48606564278775,BEARISH,BEAR,-1.0641315779691922,-0.9319676840870512,-0.132163893882141,-73.0628129014112,-71.68574538937882,4.623518693634051,3.2445880844872033,549.5993366375628,552.4772580895868,549.783771378876,550.066547122588,551.3150196723219,547.0499827690843,42.19793630238251,-0.02914667662466029,547.5500081380209,1650,16:24:11,-1
MANAPPURAM,Finance,HOLD,NONE,6,1,266.75,266.75,266.75,266.75,2.0378276904674886,42.210926025006565,BULLISH,BEAR,-0.17078581243799817,-0.10532467030020323,-0.06546114213779494,-54.929005634295535,-45.626880043862286,30.661309148639884,32.01448149389847,267.9986552087797,266.47257207958324,267.91918763993124,267.3341205874392,268.16135388074224,266.2936510020703,46.68136897000651,0.11338720435174461,266.65000406901044,1650,16:24:11,1
RVNL,Realty,HOLD,NONE,1,3,323.95001220703125,323.95001220703125,323.95001220703125,323.95001220703125,2.1823622113257035,48.61960078397788,BEARISH,BEAR,-0.15092704063840756,-0.19746535290692102,0.04653831226851346,-11.7272824908815,-11.680483690508552,61.869332572313624,64.64694337708359,323.66927554762026,326.54726287175754,324.5955070745035,323.27556797429685,324.5710253236252,323.2089856627029,53.519525813494425,0.3229225167380025,323.8333333333333,1650,16:24:12,1
KPITTECH,I.T,HOLD,NONE,4,3,1197.0999755859375,1197.0999755859375,1197.0999755859375,1197.0999755859375,1.3606311905696626,42.98562157775936,BEARISH,BEAR,-1.644919507529039,-1.5183199272219943,-0.12659958030704477,-40.64105785186496,-38.34104579945095,17.2114961958425,18.645442134195445,1199.7254713559937,1207.1071097613558,1203.3909962777948,1198.9401088549682,1202.8171438512857,1193.9628366174645,40.0434978183804,-0.03833998418490937,1196.6666666666667,1650,16:24:14,-1
POLYCAB,Industrials,HOLD,NONE,0,3,7082.0,7082.0,7082.0,7082.0,1.6198304795494622,30.21260470729338,BEARISH,BEAR,-9.833868510754655,-5.795843254962536,-4.038025255792119,-75.09665540399536,-63.792080628064454,8.427815570672704,15.169206083993041,7131.757575122218,7121.216094215579,7132.962361064269,7130.309176862256,7150.660449126658,7089.989550873342,32.97260781421598,-0.15408656924688235,7089.5,1650,16:24:14,-1
MARICO,FMCG,HOLD,NONE,6,3,730.3499755859375,730.3499755859375,730.3499755859375,730.3499755859375,1.3002543279527987,41.411014976107474,BEARISH,BEAR,-0.47454628415891875,-0.3136291301538774,-0.16091715400504136,-41.201092140115115,-54.69637096852871,29.03380269874502,22.094818179370293,731.7550759887428,734.7538698887264,733.1035186854247,729.4500122070312,733.5950129256623,729.2549809708221,34.78287773922453,0.05036394927534267,731.066650390625,1650,16:24:14,1
360ONE,Finance,HOLD,NONE,12,0,1080.0,1080.0,1080.0,1080.0,2.638234104487014,58.616903827604276,BULLISH,BEAR,-0.3575263249285854,-0.5689759931526126,0.21144966822402722,-9.874056146735267,-28.000203277631023,59.02036072251775,48.289851343023685,1077.5826010648,1079.4997997134828,1080.2506591142946,1075.800048828125,1080.457953746148,1075.9520560194771,49.62573973947947,0.10147438212549313,1079.1333414713542,1650,16:24:16,1
IRCTC,Miscellaneous,HOLD,NONE,3,5,724.0,724.0,724.0,724.0,0.5463010196602696,47.338037565373874,BEARISH,BULL,0.04467901338887259,0.0671170837445327,-0.022438070355660103,-3.494726114026859,13.779164109144485,58.619915533667346,72.9878445183409,724.3936323746359,726.3891784677758,722.8845963359091,723.0014910314848,725.3521879086667,723.2228120913334,47.107902533225335,-0.07046113553181015,723.6833292643229,1650,16:24:16,-1
SBICARD,Finance,HOLD,NONE,5,3,820.0499877929688,820.0499877929688,820.0499877929688,820.0499877929688,2.302682460210852,28.968185834396635,BEARISH,BEAR,-1.3134640773429282,-0.8547943482511267,-0.4586697290918016,-89.7341129907378,-85.56118565446168,9.234148782325166,5.824335746470861,823.3210465131215,822.0445121365616,823.164422741497,823.8300439511157,827.3154455140669,819.48955326523,41.34532878373484,-0.20883784132662672,819.6333211263021,1650,16:24:17,1
MAXHEALTH,Pharmaceuticals,HOLD,NONE,0,4,1234.699951171875,1234.699951171875,1234.699951171875,1234.699951171875,2.813377974454029,40.10517890252255,BEARISH,BEAR,-0.980409989333566,-1.0377494135438092,0.057339424210243184,-59.52465874242674,-44.3530750636486,63.68392499022277,52.50740976707286,1235.3379787420695,1237.8929146268174,1240.4548417957112,1240.0846941360446,1239.2897269252533,1233.6202828403718,49.150905646387194,0.019062017549981162,1233.0999755859375,1650,16:24:18,1
BANKBARODA,Bank,HOLD,NONE,1,2,240.30999755859375,240.30999755859375,240.30999755859375,240.30999755859375,1.642931532374717,37.664237475338055,BEARISH,BEAR,-0.3089944045110258,-0.35839009995372945,0.04939569544270367,-31.394194800015732,-39.14737714785986,29.668216157872337,24.95147491366193,240.15585641057822,243.1902222900967,240.93860138307582,240.60858693678142,241.26131859292295,239.66468085776066,55.36359873074635,-0.028125678692592936,240.27666727701822,1650,16:24:19,1
CAMS,Financial Services,HOLD,NONE,5,8,3895.0,3895.0,3895.0,3895.0,2.036834044670414,34.0074867584715,BULLISH,BEAR,-0.5591540264622381,0.6205806127505273,-1.1797346392127654,-49.70480159916191,-27.70454431134742,39.46345638478481,53.71843093354511,3906.6305286132424,3890.6530459185524,3913.982101330923,3909.1460816929552,3915.2129910344784,3898.9369601373965,28.55288118432135,-0.01045182535202958,3898.8333333333335,1650,16:24:19,1
BANKINDIA,Bank,HOLD,NONE,2,3,115.4000015258789,115.4000015258789,115.4000015258789,115.4000015258789,1.220339185257466,34.80349345063415,BEARISH,BEAR,-0.17620738891119458,-0.14920536542917806,-0.027002023482016524,-67.96814287183696,-66.60050014555385,13.073411350152078,8.244764087662887,115.74855210084374,116.06597384931472,115.81981145109162,115.71856662984179,116.25878605402566,115.15521464787862,51.40592638897071,-0.34427423152995157,115.3499984741211,1650,16:24:20,1
GAIL,Industrials,HOLD,NONE,0,6,176.3000030517578,176.3000030517578,176.3000030517578,176.3000030517578,1.487437385166716,35.83580810585964,BEARISH,BEAR,-0.08322550559000774,-0.010070172130981254,-0.07315533345902649,-49.47135860488879,-24.987811901756665,7.259156496623791,20.622753409914814,176.92840396497283,176.84856984918943,177.35476465326855,177.11654512722424,177.33360681113786,176.46339483681137,35.53628669601441,-0.0457234280882889,176.47333272298178,1650,16:24:21,-1
ICICIBANK,Bank,HOLD,NONE,4,3,1435.9000244140625,1435.9000244140625,1435.9000244140625,1435.9000244140625,1.916192020113527,37.66100028301093,BEARISH,BEAR,-0.704592329562729,-0.33224498462922347,-0.3723473449335055,-62.87921038238251,-50.58457499307261,15.563656643071175,18.290353906454037,1439.56496841157,1437.3570062860933,1439.4803563681558,1438.9043829877103,1440.9260388003854,1435.4539538753957,42.15463052804683,0.13044629974597619,1435.3666585286458,1650,16:24:22,-1
CYIENT,I.T,HOLD,NONE,5,2,1230.0999755859375,1230.0999755859375,1230.0999755859375,1230.0999755859375,3.091823645561593,42.93568455955256,BULLISH,BEAR,-0.3529542407302415,-0.04510280285428511,-0.30785143787595637,-39.85059049672989,-36.8704878550343,13.252507458442112,13.264422931737016,1232.2201246782624,1226.5686988547302,1234.8396904226786,1233.76636698537,1234.359233197226,1229.2507521543364,32.52396115396275,-0.2438263554395507,1230.4333089192708,1650,16:24:22,1
ANGELONE,Services,HOLD,NONE,3,2,2522.0,2522.0,2522.0,2522.0,2.373561366148693,53.1170561108715,BEARISH,BULL,-1.495296377923296,-3.1718258057160202,1.6765294277927243,15.043393500890433,-4.983343985016527,85.11909086945785,81.98732709241939,2511.945965355187,2583.6709272521016,2508.141629982178,2508.8652331054686,2527.29842520474,2506.63155526401,45.59621583944594,-0.1264087682683879,2522.0,1650,16:24:23,1
MAZDOCK,Aerospace & Defence,HOLD,NONE,0,3,2699.89990234375,2699.89990234375,2699.89990234375,2699.89990234375,1.524074724263593,27.145160177332983,BEARISH,BEAR,-7.7397559766218365,-6.819407623209932,-0.9203483534119048,-72.8922395756021,-78.8967384791807,15.914507478759921,14.807393418757103,2711.87008977674,2746.9649279251007,2714.091704818308,2709.3696724032307,2730.6564374014406,2693.743513770434,35.608541976601046,0.014087573580877161,2698.9666341145835,1650,16:24:24,1
INDUSINDBK,Bank,HOLD,NONE,4,3,760.0999755859375,760.0999755859375,760.0999755859375,760.0999755859375,2.489146904892492,38.23973666020354,BEARISH,BEAR,-1.1964021985818363,-1.1956509697487334,-0.0007512288331028572,-42.36537224060819,-50.35942959765352,12.906242942338261,9.52998784001943,760.3543892319323,770.2120023252646,762.6304549324232,762.4373441515062,765.1887067212094,757.8512896166812,54.03938119854561,-0.25915905796763206,760.6166585286459,1650,16:24:25,-1
AXISBANK,Bank,HOLD,NONE,3,3,1069.5999755859375,1069.5999755859375,1069.5999755859375,1069.5999755859375,0.9408865264592048,32.94147627785698,BEARISH,BEAR,-0.6581861005263363,-0.4444414060330858,-0.2137446944932505,-51.56974164046396,-45.27374260924076,5.334165451368301,6.8596711993569075,1070.9506685033075,1076.7846031122644,1073.0133025319778,1073.0193926074628,1074.5064187152714,1068.9935690776972,32.96554597475168,0.09265327353744297,1069.9666341145833,1650,16:24:25,1
NATIONALUM,Metals,HOLD,NONE,4,3,188.8800048828125,188.8800048828125,188.8800048828125,188.8800048828125,3.9024912104958593,34.63300178715369,BEARISH,BEAR,-0.27292589805259126,-0.21453996216519383,-0.05838593588739743,-77.21273151388546,-79.58057105628463,19.60828312520805,13.636346825474737,189.26146228015926,190.55208531906783,189.46215322141705,189.62584326587643,190.18850102244113,188.633502151387,53.05002623875807,-0.04087322812923333,188.8500010172526,1650,16:24:26,1
HCLTECH,I.T,HOLD,NONE,0,6,1467.0999755859375,1467.0999755859375,1467.0999755859375,1467.0999755859375,1.5774779183854204,41.60842979168676,BEARISH,BULL,-1.1962778608872213,-1.0669176092041948,-0.12936025168302656,-53.0272835350599,-55.45976350517816,32.53032130286007,29.049785438584493,1467.2977054248709,1479.773726908383,1465.9181479436752,1472.4000244140625,1472.7066019882368,1464.7633809219196,52.11624772932676,0.21787844227119574,1466.4333089192708,1650,16:24:27,1
JINDALSTEL,Metals,HOLD,NONE,0,3,997.0,997.0,997.0,997.0,1.0146421814961715,42.891094490580265,BEARISH,BEAR,-0.4657933093186557,-0.4584183684100044,-0.007374940908651317,-47.264327031174645,-48.05805980734579,48.867835820678806,42.372855203952376,997.2677289548549,1003.6097577891092,999.9264592171281,999.4765413642577,999.6185997228973,996.0064063806184,39.552752996729886,0.08461708608284069,996.6999918619791,1650,16:24:28,1
GLENMARK,Pharmaceuticals,HOLD,NONE,6,2,1942.0,1942.0,1942.0,1942.0,3.751891994675794,61.98384254970075,BEARISH,BULL,0.6888459695055644,0.12896275130182122,0.5598832182037432,37.06179982821965,35.35343696935442,62.59857313023522,55.51028901657284,1932.8491896655316,1943.6890164164092,1932.0868717849517,1933.5,1940.939744909614,1932.6202404419482,66.9982042041104,0.10148320630336355,1939.3666585286458,1650,16:24:28,-1
ZYDUSLIFE,Pharmaceuticals,HOLD,NONE,0,4,988.0,988.0,988.0,988.0,2.124098685140676,37.174835912202646,BEARISH,BEAR,-0.618516811329755,-0.2736357829691943,-0.3448810283605607,-52.57054953803005,-56.30462414049985,21.617875092726024,23.639255794615924,991.2933688840147,988.4916174445596,992.8085409537969,992.8182124324651,994.2244809860209,987.1405214553853,43.482417624621014,-0.0780880878214711,989.0,1650,16:24:30,-1
TVSMOTOR,Auto,HOLD,NONE,9,4,3294.60009765625,3294.60009765625,3294.60009765625,3294.60009765625,1.1171043340173785,49.233864101462004,BULLISH,BULL,0.17059239318359687,0.5716947831496437,-0.40110238996604686,-25.574422094891776,-30.09998680327376,40.30646399124195,29.091970011383115,3298.178086400006,3267.756747218894,3288.674959773396,3291.300048828125,3299.6680274089026,3291.76197747391,46.7586920800966,-0.026803859083085708,3294.9667154947915,1650,16:24:30,-1
BSOFT,I.T,HOLD,NONE,1,2,375.8999938964844,375.8999938964844,375.8999938964844,375.8999938964844,2.2361944630680424,45.122112425843646,BEARISH,BEAR,-0.4090983942146522,-0.3983730694346778,-0.010725324779974399,-67.19919611040368,-67.5170186750854,46.86912347182667,34.23268873310801,375.7176539365003,378.6372991348547,377.5811760621411,376.65616109622823,377.54217580731626,375.0028254133869,66.12013098855302,0.10576494627918885,375.26666259765625,1650,16:24:30,1
GODREJCP,FMCG,HOLD,NONE,6,1,1257.0,1257.0,1257.0,1257.0,0.6432320194287615,39.35751949731852,BULLISH,BEAR,-0.8337833425307508,-0.3174615532940601,-0.5163217892366907,-63.701080175325735,-63.71660158593414,27.90656022780729,29.414678243931316,1263.352454424929,1247.5358138571203,1262.4942036618052,1261.7760531086487,1263.3968782928728,1255.953158328221,36.13322993763308,0.15460387349102575,1256.6333414713542,1650,16:24:31,-1
UNITDSPR,FMCG,HOLD,NONE,6,1,1331.0,1331.0,1331.0,1331.0,1.9269949402042115,45.43670321000861,BULLISH,BEAR,-0.6766380370245315,-0.5248360345291011,-0.1518020024954304,-54.631481807383636,-60.89334533643324,34.704397686346766,26.423244513159755,1332.9850119382227,1330.6433294715932,1333.9285988763975,1332.507651112627,1334.647942865918,1329.112066899707,51.91806227303768,0.07799456558722119,1330.6666666666667,1650,16:24:33,1
BHARTIARTL,Telecom,HOLD,NONE,6,5,1933.300048828125,1933.300048828125,1933.300048828125,1933.300048828125,1.411958841178615,49.53064320756082,BULLISH,BEAR,0.4431309939873245,0.9696410692191955,-0.526510075231871,-22.706963214420533,-16.501645687987732,36.73509213356252,37.04999077330758,1935.1563754472786,1927.8964080136827,1942.0366604251424,1940.198507183074,1938.4009263781757,1931.119068739012,39.03493804586076,0.07481521750204702,1933.1667073567708,1650,16:24:33,1
PNB,Bank,HOLD,NONE,3,3,105.38999938964844,105.38999938964844,105.38999938964844,105.38999938964844,1.0706612933297002,36.74898556221569,BEARISH,BEAR,-0.19081384069963292,-0.18752211092021753,-0.0032917297794153866,-61.053274726228075,-71.18459213968272,31.648311593478297,24.12860146071537,105.49479768270943,106.6751466849508,105.63882227966711,105.1654035949707,106.09947020003052,105.11252931168822,47.25123486908543,0.17674930083128398,105.36666615804036,1650,16:24:33,1
OFSS,I.T,HOLD,NONE,0,6,8624.0,8624.0,8624.0,8624.0,2.5521429200035204,38.973983059791344,BEARISH,BEAR,-9.947077081418684,-9.43947454020306,-0.5076025412156238,-26.720759513875418,-38.40270613162108,27.03489058458632,23.97994253029624,8635.56813967279,8686.24384143779,8653.472864179686,8661.593540953007,8687.939997568024,8595.410002431974,54.44691422690388,-0.13383185946960607,8629.0,1650,16:24:35,1
UNIONBANK,Bank,HOLD,NONE,5,3,134.85000610351562,134.85000610351562,134.85000610351562,134.85000610351562,1.4474170498210395,31.38549858294087,BEARISH,BEAR,-0.3900760791210587,-0.34302263025619634,-0.047053448864862346,-59.712100647052274,-64.79619010330721,8.67028405235999,6.6579380922154385,135.38659684137826,136.56901154962205,135.43157314448217,135.56730089222413,136.73309889631642,134.190901653,37.01983412902721,-0.046752554506023405,134.8300018310547,1650,16:24:36,-1
CANBK,Bank,HOLD,NONE,0,3,109.93000030517578,109.93000030517578,109.93000030517578,109.93000030517578,1.9965048423553062,35.58640377213848,BEARISH,BEAR,-0.1334132747932415,-0.12881144273995815,-0.00460183205328335,-66.24476896620229,-68.01945806005185,19.712273201877455,13.28275708880401,110.00907729135108,110.9653070592336,110.24697202360846,110.04724640101557,110.45324080488912,109.77075974442728,39.28108221676058,0.024558745893533677,109.9066670735677,1650,16:24:36,1
GRANULES,Pharmaceuticals,HOLD,NONE,3,3,456.79998779296875,456.79998779296875,456.79998779296875,456.79998779296875,1.5733041202881193,24.488784655214815,BEARISH,BEAR,-0.9048451282992573,-0.5494063024223592,-0.3554388258768981,-77.68998230429656,-67.58990405919488,8.792766530163028,7.862367491377564,461.2139647718405,460.3702208511103,460.04500102967404,461.5406737335469,463.61218296735717,457.1828121498303,26.796295397939744,-0.16433655944652809,457.01666259765625,1650,16:24:36,-1
JSL,Metals,HOLD,NONE,4,0,779.5,779.5,779.5,779.5,1.1223133976879807,58.0055350109587,BULLISH,BULL,-0.07546504226650086,-0.24485021060077292,0.16938516833427206,9.039056236841498,-18.765888508569468,75.13962485733354,62.641716808346814,778.2964297886102,774.2080152237529,776.1612499974756,775.8948685383594,779.3942031958682,776.3407882592101,60.676288676201885,0.10159389670146683,778.8000081380209,1650,16:24:38,1
DIVISLAB,Pharmaceuticals,HOLD,NONE,3,1,6152.0,6152.0,6152.0,6152.0,1.1257945706921155,59.25419421781679,BULLISH,BULL,4.473711699275555,4.538867743987947,-0.065156044712392,37.23133377157025,41.07483082529387,62.96296296296293,66.97530864197525,6148.686914562045,6095.43296649765,6137.3754369289645,6155.894284668403,6160.992501858426,6134.607498141574,48.92188288325628,-0.15718607796646028,6152.333333333333,1650,16:24:38,1
MARUTI,Auto,HOLD,NONE,4,0,14360.0,14360.0,14360.0,14360.0,1.9761476710723012,61.85179124324963,BULLISH,BULL,4.84350838271348,3.562882947253735,1.2806254354597453,60.808197207787316,52.22323981697336,82.68270944741533,82.20142602495544,14354.172430137132,14246.402575050244,14312.860008573141,14328.409892809239,14360.002002173613,14325.497997826387,62.288124722630656,0.16499848431449687,14356.666666666666,1650,16:24:38,1
IGL,Industrials,HOLD,NONE,2,1,207.0,207.0,207.0,207.0,3.844292723449547,37.90896543870276,BULLISH,BEAR,-0.12677214381236013,-0.047504442543872066,-0.07926770126848806,-56.80260712874257,-42.781066254480756,7.396757644960125,18.979853874452374,208.10111934458183,206.6828585300962,208.17430910270343,207.924147076416,208.21999764240587,206.9570027848402,46.824556330762896,-0.1193202301987109,207.06666564941406,1650,16:24:39,-1
BIOCON,Pharmaceuticals,HOLD,NONE,0,7,358.6499938964844,358.6499938964844,358.6499938964844,358.6499938964844,1.4198107568398075,40.63986522754277,BEARISH,BEAR,-0.03443449133021659,0.09427748334446494,-0.12871197467468154,-25.277655471352432,-11.607984034158399,17.117280590334484,27.92834899530598,359.7483632861254,359.503957655514,360.4541999377511,360.6499938964844,360.6310490129091,358.54894671463,38.436592969522124,-0.27279755141392553,359.0,1650,16:24:41,-1
PETRONET,Industrials,HOLD,NONE,0,3,277.1499938964844,277.1499938964844,277.1499938964844,277.1499938964844,3.2108948087431695,35.93189663589061,BEARISH,BEAR,-0.4215532463928753,-0.3067680956260014,-0.1147851507668739,-75.10834784074122,-82.78705461536526,18.076057382445835,13.411830057997284,278.2295369042182,278.59165162388916,277.97931912391743,278.11860909871154,279.37217668124975,276.4678227083987,52.42916241863851,0.04880408295697708,276.9833272298177,1650,16:24:41,-1
ULTRACEMCO,Industrials,HOLD,NONE,4,2,12589.0,12589.0,12589.0,12589.0,1.6528744850716344,35.25159359514804,BEARISH,BEAR,-18.919736130175806,-17.77514705284856,-1.1445890773272467,-68.0449888238479,-80.20792099900986,27.027027027027028,19.36415323512099,12582.100483507174,12742.274394835977,12618.114576928616,12625.786864502787,12651.246140602432,12570.65385939757,39.3775361542401,-0.2592342953480451,12596.666666666666,1650,16:24:42,1
UNOMINDA,Auto,HOLD,NONE,3,1,1266.300048828125,1266.300048828125,1266.300048828125,1266.300048828125,1.1725226377796747,58.09469305780155,BULLISH,BULL,2.6186566994381337,3.4186406920049204,-0.7999839925667867,10.727274603202439,15.564269824833707,29.251421050227748,37.03762420469503,1269.35018230536,1240.217295763388,1262.9931605736692,1271.3076154705298,1272.079200741974,1260.080809023651,63.445689976617004,0.16716814102872204,1266.4666748046875,1650,16:24:43,1
TCS,I.T,HOLD,NONE,5,3,3051.0,3051.0,3051.0,3051.0,2.046097536848353,18.846781194528276,BEARISH,BEAR,-4.67554641722063,-4.0094572733161105,-0.6660891439045198,-67.14196602222279,-69.02882404105627,3.075472127588142,2.711054685064434,3059.5038160957756,3073.2930351382925,3058.831461211841,3059.8346406675355,3071.673184247192,3047.326864580933,10.711414093750438,-0.18905352469318068,3052.0333658854165,1650,16:24:43,1
COFORGE,I.T,HOLD,NONE,5,0,1747.699951171875,1747.699951171875,1747.699951171875,1747.699951171875,0.7616438734488787,55.997606736651754,BULLISH,BULL,2.2841626610743333,3.119555103826118,-0.8353924427517847,-10.97655258316424,-1.2318681273731946,34.36781830230206,40.82264944466732,1743.9767347160066,1717.673772254519,1741.0718036756034,1752.1720239257813,1752.7683153891787,1743.1016797280088,53.6684338678561,0.16890653902792657,1746.066650390625,1650,16:24:44,1
NTPC,Miscellaneous,HOLD,NONE,4,3,337.0,337.0,337.0,337.0,3.4604530420930137,42.32483169446069,BEARISH,BEAR,-0.0773266156830914,0.023620368697516533,-0.10094698438060794,-71.77448874086434,-46.65061509221488,21.837111998783623,18.725980706080303,337.55091478015345,338.0981235820536,337.68801668500873,338.0503758916068,338.1966222089888,336.8833735185503,38.986067009256544,0.05182678188898058,336.6666666666667,1650,16:24:45,1
IIFL,Finance,HOLD,NONE,8,3,451.1000061035156,451.1000061035156,451.1000061035156,451.1000061035156,3.199435601216985,33.22142135803756,BEARISH,BEAR,-1.2613585357894976,-1.0366446564101934,-0.2247138793793042,-71.82909617320377,-76.25590105575048,13.212931632156925,12.72397950112849,452.48835317178754,460.11733180031786,453.9758843149637,453.94853536959533,456.9558306037402,450.0191693962598,39.16149921911012,-0.1582147090036279,451.4500020345052,1650,16:24:46,1
YESBANK,Bank,HOLD,NONE,9,3,19.290000915527344,19.290000915527344,19.290000915527344,19.290000915527344,1.7064688976418196,36.25051395649774,BEARISH,BEAR,-0.017766655793440833,-0.011563212753444166,-0.006203443039996667,-69.26788022077449,-69.7296723567516,20.202531049117706,18.013826093997153,19.324256374860635,19.362533284466593,19.351177033509533,19.35361853739381,19.401331359833904,19.265669220000078,29.462086766805907,-0.02345870253946373,19.286666870117188,1650,16:24:46,1
M&MFIN,Finance,HOLD,NONE,1,3,262.45001220703125,262.45001220703125,262.45001220703125,262.45001220703125,1.6960555201472984,35.371343028174806,BEARISH,BEAR,-0.22536845374492032,-0.17326671878620062,-0.0521017349587197,-71.90500509104612,-56.07839179277231,12.06903344789439,11.219521925585076,263.61148791764373,263.38194438806846,264.0834941053925,264.1170013671875,263.6838707544595,262.4911322972983,38.81249715739041,0.04004600918238761,262.50001017252606,1650,16:24:48,1
SOLARINDS,Aerospace & Defence,HOLD,NONE,3,1,14845.0,14845.0,14845.0,14845.0,2.182694705344527,40.63765389428159,BULLISH,BEAR,-11.023632072585315,-7.993646747389455,-3.0299853251958595,-65.40863623082453,-55.92504913309915,31.76470588235294,35.66966139856165,14890.420769206334,14798.20924524666,14910.87429443108,14940.331242243074,14920.251583380099,14825.8484166199,49.43142448742274,0.020146605442622846,14837.0,1650,16:24:48,1
GMRAIRPORT,Miscellaneous,HOLD,NONE,2,5,89.63999938964844,89.63999938964844,89.63999938964844,89.63999938964844,2.5077716840381568,54.85728467207815,BEARISH,BULL,-0.0011457401485444052,-0.0052152987987932435,0.004069558650248838,4.153449957074166,-14.471706122598919,69.46209019924446,58.47075645211041,89.59782973014997,89.8788121372491,89.33446168207035,89.32894998214189,89.71650307856284,89.43949667729653,71.02830554291945,-0.027625321326993038,89.60333251953125,1650,16:24:48,-1
TECHM,I.T,HOLD,NONE,8,3,1503.0,1503.0,1503.0,1503.0,4.280154009169211,26.875022907656202,BEARISH,BEAR,-1.9196538856278949,-0.9458623324954086,-0.9737915531324862,-73.91751724242725,-75.94165554050818,4.575229885407324,6.337697150848645,1510.6468793224883,1511.0268927923116,1508.7255024902552,1509.7673912465136,1516.9618763430753,1501.858106567081,41.029467850872834,-0.04972483490152413,1504.1999918619792,1650,16:24:50,1
TORNTPOWER,Miscellaneous,HOLD,NONE,1,2,1282.0,1282.0,1282.0,1282.0,4.207240787793585,53.660961720370466,BEARISH,BULL,0.06017756720871148,-0.0626362859102642,0.12281385311897568,9.596786042903158,-23.998241554987466,67.30465291169267,53.495133067017726,1280.0406328256245,1289.1684810554923,1278.5914513357345,1278.5040234375,1283.1882091988102,1278.7217883597834,45.52448999467324,0.1957147977153332,1283.3333333333333,1650,16:24:50,1
NAUKRI,I.T,HOLD,NONE,3,5,1382.0,1382.0,1382.0,1382.0,0.8605860473880915,52.81579004526483,BEARISH,BEAR,-0.18239052496232944,-0.5479540030086346,0.3655634780463052,39.980297733154195,29.89374855480819,72.53080889944324,68.31348869914565,1375.006916792768,1390.8809852031932,1387.2294274984333,1382.5711684933844,1382.900170482721,1377.6698246344663,64.44131288697402,0.17686751207541174,1381.6666666666667,1650,16:24:51,1
PFC,Finance,HOLD,NONE,0,5,399.8500061035156,399.8500061035156,399.8500061035156,399.8500061035156,2.2191871844045923,48.4667463282695,BEARISH,BEAR,-0.0671737352394075,-0.13642268831749374,0.06924895307808623,-2.5731256004873604,7.324471857291181,78.04904675420056,82.65615333975121,400.46954876477923,402.76745478673786,400.4949900159866,398.62034715056416,400.72642387012564,398.8185773505775,47.904135168440334,0.1504573931523676,399.5833333333333,1650,16:24:51,-1
INDIANB,Bank,HOLD,NONE,3,5,669.8499755859375,669.8499755859375,669.8499755859375,669.8499755859375,2.495731514172918,43.215021594115946,BEARISH,BEAR,-0.3282805078773663,-0.23694499970051952,-0.09133550817684677,-47.78493070340916,-47.3096201445536,68.80340542739991,72.46484148700472,671.3372778217936,670.8297747507961,672.3218986576716,671.6963671698213,672.3240810233011,669.310910431777,30.66710879837467,0.11838815854666372,669.6499837239584,1650,16:24:53,1
IDEA,Telecom,HOLD,NONE,5,4,7.019999980926514,7.019999980926514,7.019999980926514,7.019999980926514,0.43721007462801015,48.57056084024613,BULLISH,BULL,0.03757523133913132,0.0624280508742527,-0.024852819535121376,-32.93866211253008,-16.797058793660106,6.915624675876013,9.995953360458333,7.113623712848256,6.763608222308854,6.994444942828258,7.255180544868061,7.207818602347862,7.009181357597816,29.332455548639576,0.23124776375739967,7.023333390553792,1650,16:24:54,1
PAGEIND,FMCG,HOLD,NONE,0,8,45570.0,45570.0,45570.0,45570.0,2.0799581917951397,41.24471953280415,BEARISH,BEAR,-13.002998562646098,-14.265201007018101,1.2622024443720026,9.450413140364907,18.90615419681725,27.77777777777779,38.08808808808812,45581.03089956055,45675.82755136146,45735.79174531579,45750.0,45693.6383355101,45578.8616644899,38.90512846927861,0.08057156232921647,45630.0,1649,16:24:54,-1
ASTRAL,FMCG,HOLD,NONE,2,1,1421.0,1421.0,1421.0,1421.0,1.0235701749533574,30.01064734057705,BULLISH,BEAR,-1.886772919665873,-1.0872733884484744,-0.7994995312173985,-81.79015191982852,-66.89638965705615,9.589472717813784,18.13195839488464,1430.6774424905495,1411.3473670751068,1428.4064561132118,1431.2869359752253,1433.2017415940425,1421.538273054395,24.000861952376518,-0.06851798451708749,1421.1333414713542,1650,16:24:54,-1
FORTIS,Pharmaceuticals,HOLD,NONE,3,4,934.4000244140625,934.4000244140625,934.4000244140625,934.4000244140625,1.14817488844216,48.3788146035554,BEARISH,BEAR,-0.417125362615252,-0.7112693603815142,0.2941439977662622,24.162334542839012,14.853080259256371,52.22235785590277,58.64391489771657,933.6983213771343,942.7650139793935,936.8052398963065,932.8272960451707,935.0412347169704,932.3987616209201,44.43990971213423,-0.2707363225070313,934.433349609375,1650,16:24:56,1
POWERGRID,Miscellaneous,HOLD,NONE,1,2,283.79998779296875,283.79998779296875,283.79998779296875,283.79998779296875,1.7673853020356682,59.35580804050066,BEARISH,BULL,0.1334329054494674,0.11476083006615978,0.018672075383307618,38.62815695851969,21.83288877436182,70.46767871792247,57.15979235265348,283.20224443130274,284.79145914016846,282.9497048815687,283.9441316821289,284.0219145028276,282.8280854971724,59.87319001653159,0.39244858984928005,283.6666564941406,1650,16:24:57,1
DLF,Realty,HOLD,NONE,0,3,762.0,762.0,762.0,762.0,3.46858122012885,30.64394627761321,BEARISH,BEAR,-1.3779669878351797,-1.2377967721356473,-0.14017021569953236,-63.728375095908504,-67.22815154421922,20.118310214771025,18.547668135693854,764.7625552727076,770.376586224304,765.9631867526135,763.6404673933978,768.7749215818576,760.5950735353299,33.690712937552746,-0.147826327517898,762.1499837239584,1650,16:24:57,-1
ADANIPORTS,Industrials,HOLD,NONE,5,5,1341.199951171875,1341.199951171875,1341.199951171875,1341.199951171875,3.288573753983253,42.11184700387235,BEARISH,BEAR,-1.0751283042668547,-1.095951127367224,0.020822823100369314,-41.928124149029806,-58.5507314902826,47.058964324608944,39.72805775261367,1340.2979516365956,1352.0937877265135,1344.3545910746946,1338.199951171875,1346.3951550747581,1338.504844925242,50.39669092899188,0.11119666424679013,1341.2666422526042,1650,16:24:58,1
IRB,Realty,HOLD,NONE,5,2,43.790000915527344,43.790000915527344,43.790000915527344,43.790000915527344,2.5417299943154186,43.81509027176543,BEARISH,BULL,-0.030631841752146727,-0.025283427016737192,-0.005348414735409535,-52.15843782307998,-45.006011419252935,30.55546725159212,36.40359658637996,43.712626251213436,44.34797172952458,43.74194776218127,43.923791704836205,43.93744845673372,43.75055165007781,40.057233988151644,0.006750549446873269,43.78666687011719,1650,16:24:59,1
RECLTD,Finance,HOLD,NONE,5,3,376.1000061035156,376.1000061035156,376.1000061035156,376.1000061035156,1.279904290528619,41.34085406089049,BEARISH,BEAR,-0.5814962790200298,-0.5683153208343859,-0.01318095818564391,-60.25078548254357,-69.39952556322149,19.82623867187311,15.184362889939415,376.69540204686547,379.4567454746711,376.82725536268777,376.2611564079319,377.97025948929837,375.00974539351415,45.35050336530316,-0.025691473177380533,375.8833414713542,1650,16:25:00,1
TITAGARH,FMCG,HOLD,NONE,2,9,857.0,857.0,857.0,857.0,1.1566814420007163,48.42777986741876,BULLISH,BULL,0.8539923949272179,1.2249084911330803,-0.3709160962058624,0.2298620090945871,15.198761973652376,41.74420610551035,54.36146444462846,858.3796116436107,847.5692408524093,854.864692276268,861.5239008881422,862.2458612315276,855.6441412098787,38.475492610553275,0.10110975974228247,857.1833292643229,1650,16:25:00,-1
BAJAJ-AUTO,Auto,HOLD,NONE,0,5,8679.5,8679.5,8679.5,8679.5,1.1362229416361367,47.39221918909755,BEARISH,BULL,-0.7345219697763241,2.1589627406837577,-2.893484710460082,-49.49311658572542,-48.988355573217866,14.023125996810236,15.021172557892264,8703.508808633804,8690.202679620857,8668.929502124354,8695.978868368407,8709.946554317014,8668.603445682986,61.221573431449926,0.1517305688504126,8680.5,1650,16:25:01,1
BAJAJFINSV,Finance,HOLD,NONE,5,2,1967.5999755859375,1967.5999755859375,1967.5999755859375,1967.5999755859375,2.6223231873927686,50.77128954451783,BEARISH,BEAR,-0.5959116781480134,-0.4425508175472968,-0.15336086060071658,-41.1850771946251,-50.456393053677886,37.414779568687045,28.57150765772873,1966.3644884718367,1970.3480360804842,1969.471284716544,1968.463352727985,1970.792372126974,1964.597654728495,55.3307559460074,0.11909065224800795,1966.8666585286458,1650,16:25:02,1
NHPC,Miscellaneous,HOLD,NONE,9,3,80.83999633789062,80.83999633789062,80.83999633789062,80.83999633789062,1.9047959603509466,42.564381726478615,BEARISH,BEAR,-0.12701745828339028,-0.11538962755329643,-0.011627830730093852,-67.43905342250929,-75.9278627454543,29.16232477531952,19.649724292012326,80.96711206542982,81.77627024333948,81.01521759200457,80.93101748580185,81.25447941079524,80.62252025351141,49.367069511201784,-0.03652211049615177,80.79666646321614,1650,16:25:03,1
OIL,Oils,HOLD,NONE,2,6,409.1000061035156,409.1000061035156,409.1000061035156,409.1000061035156,1.3449875377938132,37.34749335419826,BEARISH,BEAR,-0.13556143194489323,0.024100194415945,-0.15966162636083822,-48.5524925068013,-39.006575453965965,20.516446155910675,18.514900352304867,409.9295326658548,409.24989257042824,410.4794122097482,410.50444990539063,410.8046581210554,408.9403369961321,52.01859680178692,0.010377703633357438,409.2000020345052,1650,16:25:03,1
JSWENERGY,Miscellaneous,HOLD,NONE,4,3,517.5,517.5,517.5,517.5,1.9469058197601714,52.5209399553539,BEARISH,BULL,0.4511941029826403,0.4703451741881816,-0.019151071205541326,23.516321587994703,38.05339918734433,48.08351544516511,50.58297413754284,515.8869228465987,522.4931397560753,516.2478149659305,516.9690053198057,519.3020149479624,515.3579887141469,29.936596135525033,0.027649232760883387,517.5999959309896,1650,16:25:04,1
GODREJPROP,Realty,HOLD,NONE,5,1,2053.699951171875,2053.699951171875,2053.699951171875,2053.699951171875,1.937455491569332,47.23655086110951,BULLISH,BEAR,-0.9321626527639637,-1.0548236583184565,0.12266100555449277,-5.562131711431948,-13.617649002480391,52.86084598915887,47.87743917578509,2055.227249236783,2048.595313443476,2057.3358694960816,2055.401024018353,2060.485596946472,2048.154344459778,43.239689626512416,-0.1955443404972299,2053.4666341145835,1650,16:25:04,1
JUBLFOOD,Quick Service Restaurant,HOLD,NONE,5,3,619.1500244140625,619.1500244140625,619.1500244140625,619.1500244140625,3.1958809233543923,35.31034580485441,BEARISH,BEAR,-1.4465153853758466,-0.9450991776153435,-0.5014162077605031,-87.74386267037656,-86.8906686102496,12.620646074866324,5.574486859357122,621.7352707593341,627.7676002569876,621.491323644009,622.2581868303841,626.8470040667241,617.6229910504633,46.259708764802234,-0.32860221981930815,618.2833455403646,1650,16:25:06,1
PERSISTENT,I.T,HOLD,NONE,7,1,5369.0,5369.0,5369.0,5369.0,1.2166313779217006,44.19253918543541,BULLISH,BEAR,-6.070720533609347,-1.3116402060697632,-4.759080327539584,-68.91836011456806,-62.49946075000324,18.167212904054974,7.704676635067099,5391.194215174459,5348.7568200650685,5381.371598673364,5402.3444765222275,5422.020824208118,5352.829175791882,36.63718547008143,0.11169254763265385,5359.0,1650,16:25:06,1
SJVN,Miscellaneous,HOLD,NONE,5,3,99.44999694824219,99.44999694824219,99.44999694824219,99.44999694824219,1.4922276425599228,44.653554575808386,BULLISH,BEAR,-0.012697740754944675,0.027473520820343263,-0.04017126157528794,-47.76482805291633,-32.03629713145905,13.093197397494244,24.490532348111344,100.12784535239503,98.20175254830592,99.96237300144482,99.3116082255602,99.89144055561128,99.40255816265044,46.35507710616782,0.03250210911075778,99.4499994913737,1650,16:25:07,-1
OBEROIRLTY,Realty,HOLD,NONE,3,3,1657.4000244140625,1657.4000244140625,1657.4000244140625,1657.4000244140625,1.4608435454950377,50.58001964850467,BULLISH,BULL,0.3111723539586819,0.6799214310508535,-0.36874907709217153,-27.6566491965987,-25.793281012565977,36.72350473327585,30.907798742110487,1659.0133495545326,1655.3408501350748,1655.4442898764203,1660.3610440708082,1662.5315370326891,1654.758453201686,37.39110770966339,-0.030954674521444753,1656.5999755859375,1650,16:25:08,1
PRESTIGE,Realty,HOLD,NONE,0,3,1635.300048828125,1635.300048828125,1635.300048828125,1635.300048828125,1.492829372537913,48.10472368187923,BEARISH,BULL,-0.034442705345554714,0.03812851468305188,-0.0725712200286066,-8.753792147058883,0.11260978288575885,18.293423441986935,32.80124881669749,1635.9723298196834,1635.7438824269725,1633.5177306928822,1633.7709132963255,1639.1787085854392,1633.0512962973733,50.662485080342904,-0.3455877889154434,1635.433349609375,1650,16:25:08,1
COALINDIA,Industrials,HOLD,NONE,4,2,374.45001220703125,374.45001220703125,374.45001220703125,374.45001220703125,1.610639641190892,41.89228082279289,BEARISH,BULL,-0.18831429677271672,-0.18007896034830045,-0.008235336424416262,-64.48177796335594,-65.55383812176183,25.605576359493124,22.42374192451851,374.29485883387355,378.55160404144215,374.0571306298359,375.0550044587581,375.20910555567144,374.1458993271411,45.13244679429997,0.07610141257667492,374.3333435058594,1650,16:25:09,1
DALBHARAT,Industrials,HOLD,NONE,5,3,2326.39990234375,2326.39990234375,2326.39990234375,2326.39990234375,3.648758412624739,33.301108598663674,BEARISH,BEAR,-4.575751533189759,-2.6041017693199437,-1.9716497638698156,-81.07288579739011,-75.34132746939146,13.519497866043368,11.67844131611576,2342.081181660963,2339.8437639125245,2337.6219652272716,2344.9130659775547,2355.6710061779704,2323.4589254626544,38.694332512586236,0.356092220123229,2323.89990234375,1650,16:25:10,-1
MUTHOOTFIN,Finance,HOLD,NONE,3,4,2671.39990234375,2671.39990234375,2671.39990234375,2671.39990234375,1.681640478159537,24.103836298869922,BEARISH,BEAR,-3.083692148022692,-1.744818609644058,-1.3388735383786339,-87.25070381256482,-76.57771749374793,8.799443325609632,17.011524950086685,2689.2073552757674,2690.0284629558155,2685.9911171280273,2685.704348858389,2693.3948560832437,2675.975065791756,30.667204075003795,-0.19351580152729284,2673.4666341145835,1650,16:25:10,-1
LTF,Finance,HOLD,NONE,2,2,222.7100067138672,222.7100067138672,222.7100067138672,222.7100067138672,1.7900987303575997,36.8964113587758,BULLISH,BEAR,-0.3183757920434118,-0.3165686195685368,-0.0018071724748749962,-53.29554470513913,-56.65228275952786,28.301311713460738,28.509815191618618,223.59063157549025,220.84976074030024,223.61740016327215,223.3959059297339,224.08643171517113,222.14657151969217,39.76393312610073,0.07719627567413996,222.63666788736978,1650,16:25:11,1
PGEL,FMCG,STRONG_BUY,STRONG,12,1,565.5,566.5,573.5999755859375,562.9500122070312,2.1244289734721544,49.91696554848265,BULLISH,BEAR,-0.9747442656971543,-1.0331862740431053,0.058442008345950924,-33.887584333370285,-50.35353781976478,53.70614390021291,42.99825520803114,566.3488693585854,558.5555059519318,567.7764871434633,561.25,569.0726237644404,561.5273823390752,44.9158025576062,-0.049543031292209425,565.1000162760416,1650,16:25:12,1
APLAPOLLO,Metals,HOLD,NONE,10,1,1650.0,1650.0,1650.0,1650.0,2.1839392549177488,52.86961121199548,BULLISH,BULL,0.6310110971803624,0.9234271537984701,-0.29241605661810766,-14.098701477057457,-20.30441945202825,62.85691034226189,47.77731459069034,1650.5986789657768,1642.7329403535884,1645.879126490563,1645.5,1652.0288848348232,1648.4411102823642,39.98406338243111,0.155865233348275,1650.566650390625,1650,16:25:13,1
MCX,Financial Services,HOLD,NONE,3,3,7960.0,7960.0,7960.0,7960.0,2.072428778367938,40.078370572294006,BEARISH,BEAR,-11.776535532118942,-12.789268138556526,1.0127326064375843,-35.14846392545516,-46.91463334091701,47.44719147858001,38.22192118677643,7974.638455374949,8076.287874691608,7992.412967331629,7945.5,8003.048985772898,7939.351014227102,35.27919557598485,-0.1650479751314323,7964.0,1650,16:25:13,1
NBCC,Realty,HOLD,NONE,5,3,103.69000244140625,103.69000244140625,103.69000244140625,103.69000244140625,2.3364581337819943,42.244069343789974,BEARISH,BEAR,-0.13877260958840054,-0.12825668332959658,-0.01051592625880396,-52.25869066809812,-54.02215296188048,21.065543285139952,17.233482364562324,103.75276876826422,104.8754801836421,104.04576791547301,103.93665786313099,104.36896601900891,103.34503315701649,50.41682873017742,-0.16765660721050787,103.62666829427083,1650,16:25:14,-1
IRFC,Finance,HOLD,NONE,8,3,125.0,125.0,125.0,125.0,1.8565943295964895,39.85972101817728,BEARISH,BEAR,-0.0755807460704716,-0.05900754020523764,-0.01657320586523397,-69.78236290992736,-71.08892576274252,20.42536641234639,23.289138782183045,125.14673707856088,125.7568250846043,125.33479347038586,125.27960888695226,125.3850535186122,124.89094822088977,45.634610060854676,0.03756234865222661,124.96666717529297,1650,16:25:15,1
INDUSTOWER,Telecom,HOLD,NONE,2,2,352.1000061035156,352.1000061035156,352.1000061035156,352.1000061035156,1.5919403860465686,42.50600727856448,BULLISH,BEAR,-0.13645768920326873,0.20716322171032175,-0.3436209109135905,-35.661624921496454,-25.433596918427767,23.629921395330655,28.813635484940722,354.8943140517263,350.0488238307215,357.37559381322205,358.10603364368586,359.00596146396214,350.7540391463894,37.4482493867416,0.11388664876755068,352.6666666666667,1650,16:25:15,-1
KALYANKJIL,Miscellaneous,HOLD,NONE,8,0,513.0999755859375,513.0999755859375,513.0999755859375,513.0999755859375,1.9936504735088976,61.711566604569164,BULLISH,BULL,0.0940114528963818,-0.16064414645702751,0.2546555993534093,34.85409906408552,13.898989359626295,61.82315127506205,59.0976193938371,510.4207107880452,512.1042750311909,509.1993543127878,509.54998779296875,512.4293834038427,508.87561842721203,59.123197182730806,0.00645667757595129,512.5166625976562,1650,16:25:16,1
ABFRL,FMCG,HOLD,NONE,2,5,81.19999694824219,81.19999694824219,81.19999694824219,81.19999694824219,2.4387861670241358,58.2578938713783,BULLISH,BULL,0.1481056403196277,0.10232846646306643,0.04577717385656127,55.40577803096952,38.698284551174616,77.00267720198879,68.91364790430737,81.66012708490089,78.29689841458867,80.38982264763064,80.35108678588868,81.40434640908505,80.33965307211612,55.361789909616036,0.15157490767270004,81.28333028157552,1650,16:25:17,-1
SONACOMS,Auto,HOLD,NONE,3,5,449.0,449.0,449.0,449.0,1.544959065579159,43.92316315953727,BEARISH,BEAR,0.23417155389103073,0.5167460804593806,-0.2825745265683499,-24.24320592472956,-1.4066023251159745,10.198474001458974,11.605059724761214,450.4354410592412,449.06884760228144,451.23741315339447,451.75805414428714,451.4076235097923,449.00737893161397,30.559189983030482,0.03571369381956606,448.98333740234375,1650,16:25:18,-1
LODHA,Realty,HOLD,NONE,3,3,1261.0,1261.0,1261.0,1261.0,2.318114410632099,29.91070922700628,BEARISH,BEAR,-3.4361107093050123,-3.0142139542320745,-0.4218967550729378,-63.74438259750265,-70.77205131490268,5.9730024432008735,3.6781012234142114,1265.5241122894515,1279.2903776590906,1266.355583966782,1265.764208529965,1277.091339822496,1256.5586601775042,27.816217351047147,-0.12088163117624041,1261.3333333333333,1650,16:25:18,-1
ETERNAL,I.T,HOLD,NONE,4,3,318.75,318.75,318.75,318.75,1.3533748553384224,29.896493493213,BEARISH,BEAR,-0.7013947978750252,-0.6255957046237056,-0.07579909325131962,-66.29230164353096,-61.58703962831823,18.203800805839975,16.61638915866213,320.7911694453999,321.81650190923745,320.8052182578179,319.59528222727556,321.27617755058617,318.4788242804685,28.321218642253676,-0.07520615429777257,318.71666463216144,1650,16:25:19,-1
NYKAA,I.T,HOLD,NONE,0,3,224.5,224.5,224.5,224.5,1.5648082489036057,31.90696546981387,BEARISH,BEAR,-0.2368072904450571,-0.15800053476948972,-0.07880675567556739,-60.51420925446568,-52.431113574002744,8.653656073686909,14.182083826605291,225.23269636241756,225.22405081329478,225.75871230713724,225.6314135334834,226.02249623550324,224.5875028489694,20.77679518397555,0.06230676760886831,224.64666748046875,1650,16:25:20,1
PAYTM,I.T,HOLD,NONE,2,2,1263.199951171875,1263.199951171875,1263.199951171875,1263.199951171875,1.7546008035011667,42.458584051069614,BULLISH,BEAR,-1.4402822648398796,-1.1791803187772953,-0.2611019460625843,-44.275667038030306,-60.698614248984285,44.308313732495726,32.992602590940976,1273.1654114240182,1247.8537181089246,1270.4326276260374,1261.9540478515626,1273.1078703969545,1261.0521149546082,43.84085216455524,0.01145121488584423,1265.13330078125,1650,16:25:21,1
POLICYBZR,I.T,STRONG_SELL,STRONG,6,12,1909.0,1908.0,1894.60009765625,1914.699951171875,1.3379438487518405,47.225791592875666,BULLISH,BULL,0.9593384620859524,0.9289789859617841,0.03035947612416834,8.072388588845392,20.763212226805297,48.888888888888886,44.75106709815634,1907.6883025048542,1908.815729953946,1903.6498429322091,1919.199951171875,1916.4129672483596,1905.6670254274218,30.53623848506507,-0.1591955210198397,1908.1000162760417,1650,16:25:21,-1
ADANIENSOL,Miscellaneous,HOLD,NONE,1,3,800.1500244140625,800.1500244140625,800.1500244140625,800.1500244140625,5.3781995233931665,31.042895220095076,BEARISH,BEAR,-1.0275391016064077,-0.9970234910408592,-0.030515610565548523,-80.47003196915855,-67.69296339524148,28.061875297055934,21.355932266005325,800.4563820939653,811.6134718524683,802.3121680713131,802.4352604530495,803.7492823468388,799.7257298601926,17.78124794674451,0.11065117498391648,798.6833292643229,1650,16:25:23,1
INOXWIND,FMCG,HOLD,NONE,2,2,144.0,144.0,144.0,144.0,2.05806756590651,48.601235376616785,BEARISH,BEAR,-0.03588558042429213,-0.019433861827928306,-0.016451718596363823,-14.2764685584361,-7.207628300129386,22.49011857707507,22.490118577075084,143.97443087214282,144.00706962408816,144.87481422584503,145.10218739624023,144.820196548306,143.3318069306979,50.44413104421469,-0.17393543473621642,143.99000040690103,1650,16:25:23,-1
SYNGENE,Pharmaceuticals,STRONG_BUY,STRONG,10,3,669.1500244140625,670.1500244140625,676.4500732421875,667.0,4.755049466369363,52.345712232178684,BEARISH,BEAR,-0.2292370926498961,0.0034700019056366216,-0.23270709455553273,-29.598365742118823,-31.7103740362389,32.58398712532691,26.716318282401573,669.5935915210949,669.7050333253951,669.9334791411094,670.0996258363165,671.7509623463313,666.8440327708561,51.02231332312217,0.09874724472477633,668.5166829427084,1650,16:25:23,1
IDFCFIRSTB,Bank,HOLD,NONE,0,4,69.5999984741211,69.5999984741211,69.5999984741211,69.5999984741211,1.5217768039440267,32.335824386099716,BEARISH,BEAR,-0.0960134823212826,-0.07039140753056941,-0.025622074790713184,-62.84205145924365,-60.82410684930987,7.327434429294509,9.823332546574898,69.8870762806096,70.30255839352319,69.94180568794346,69.98298436857213,70.22843042160592,69.52656835769095,24.003276041639783,0.00695410064595766,69.62999979654948,1650,16:25:25,-1
ALKEM,Pharmaceuticals,HOLD,NONE,10,1,5427.0,5427.0,5427.0,5427.0,2.3376437125032865,38.133244133099836,BULLISH,BEAR,-4.831783330221697,-2.972004983586529,-1.8597783466351676,-55.73468992554539,-56.405753696723465,19.03225806451613,17.756624948586857,5441.146987769365,5424.981085180144,5445.636339947219,5450.841228550599,5459.1529297849675,5420.3470702150325,37.00308821848519,-0.2811786665952445,5428.166666666667,1650,16:25:25,1
INDIGO,Services,HOLD,NONE,0,5,6080.0,6080.0,6080.0,6080.0,1.228788281503795,37.27405595222654,BEARISH,BEAR,-3.767874274695714,-4.3320767512660785,0.5642024765703644,-7.300857426554064,-12.360022661182057,51.802124358515336,54.513585551179496,6086.995447485926,6095.441847614735,6097.290331997789,6073.617352,6098.483794697336,6072.966205302665,46.1298211432478,-0.2604296463109185,6085.0,1650,16:25:26,1
CROMPTON,FMCG,HOLD,NONE,5,3,316.54998779296875,316.54998779296875,316.54998779296875,316.54998779296875,1.2076519407336668,39.2048233205947,BEARISH,BEAR,-0.3510173876165368,-0.2798707689088509,-0.0711466187076859,-77.32628804480984,-78.10748399836203,18.07946916505263,16.29961291970162,317.05925761964266,321.2006625041458,317.91402723116414,317.14643314965025,318.2518425113267,316.27314833339983,34.11846584693908,-0.3871680859684254,316.51666259765625,1650,16:25:27,-1
MGL,Industrials,HOLD,NONE,1,2,1326.0,1326.0,1326.0,1326.0,1.1524822695035462,55.609658142057704,BEARISH,BULL,1.0726388990069609,0.9481042490459609,0.12453464996099994,46.36340934332784,64.04512443966871,59.00389592774996,69.41755155534365,1323.6181177246688,1329.8394161130902,1323.0303413149118,1324.0210570532722,1328.875473101557,1320.9845122500055,36.266072854090616,0.20689955236421667,1325.7333170572917,1650,16:25:27,1
LTIM,I.T,HOLD,NONE,5,1,5224.5,5224.5,5224.5,5224.5,1.3865376864167673,39.61669532795707,BULLISH,BEAR,-2.901312565859371,-2.1935493898223433,-0.7077631760370275,-60.244974390003094,-54.97768910113258,24.56740346077231,13.51821185430517,5235.061859550661,5207.579247698055,5235.618605316785,5239.625504326519,5244.371151378882,5217.878848621118,30.382956642992546,-0.09235360073151934,5220.166666666667,1650,16:25:28,1
RBLBANK,Bank,HOLD,NONE,7,2,254.5,254.5,254.5,254.5,2.498256013715888,58.2199673918366,BEARISH,BEAR,-0.06872481682353282,0.01993926478428202,-0.08866408160781483,-23.409388537906043,-35.72689563011523,33.462682716660915,18.974872874343504,253.4798856010863,254.95617766094156,254.59372761920358,255.89367664748715,256.7436646090476,251.4813338650735,54.73710305558305,0.047450918331379814,253.95000203450522,1650,16:25:29,1
ICICIPRULI,Services,HOLD,NONE,3,2,626.5,626.5,626.5,626.5,2.5830498223331064,52.242134145818625,BEARISH,BULL,-0.05260581763013761,-0.14008761565393996,0.08748179802380235,15.641913542692397,-6.508395104208894,69.15190398368979,62.06772999730936,625.9707212556117,629.1503281626053,624.3402327083649,624.3652417114258,627.760604048502,624.6493996136073,39.71573364504607,0.28161637797329425,626.7666625976562,1650,16:25:29,1
PNBHOUSING,Finance,HOLD,NONE,6,2,800.0499877929688,800.0499877929688,800.0499877929688,800.0499877929688,1.6992485669310047,48.30096432406336,BEARISH,BULL,0.09277483873256642,0.35147901022062045,-0.258704171488054,-23.46531900673332,-12.647233872084765,24.69498866064268,19.634434220860975,799.4694732538326,803.3498955266763,798.6904582023633,803.4375056484374,802.9878250820631,798.95717613864,48.7138911976692,-0.03539199504234975,799.8666788736979,1650,16:25:30,-1
VBL,FMCG,HOLD,NONE,3,3,516.5999755859375,516.5999755859375,516.5999755859375,516.5999755859375,1.187974241014682,50.40648874227524,BULLISH,BULL,0.3001590332141859,0.5928993165092449,-0.29274028329505897,-34.535761055074246,-32.44428900260827,22.88580781120001,19.7350920983111,516.9337887746682,514.819329845936,515.5229078756186,518.6491389256768,518.6458519879128,516.0941504534934,54.81912571233708,0.18552613905206825,516.5333251953125,1650,16:25:30,1
