ticker,sector,signal_type,current_price,entry_price,target_price,stop_loss,risk_reward_ratio,volume,position_size,risk_per_share,ema_20,ema_trend,rsi,inside_bar_data,timestamp,ist_time,bars_in_session
BAJFINANCE,Finance,SHORT_ENTRY,895.9000244140625,895.7000122070312,893.7999877929688,896.6500244140625,2.0,12014,1052,0.95001220703125,896.3367323479331,BEARISH,58.88943142361111,"{'has_inside_bar': True, 'inside_bar_type': 'BEARISH', 'mother_bar_high': 896.6500244140625, 'mother_bar_low': 895.7000122070312, 'inside_bar_high': 896.4000244140625, 'inside_bar_low': 895.8499755859375, 'entry_signal': 'SHORT_ENTRY', 'bars_since_inside': 4, 'entry_long_price': 896.6500244140625, 'entry_short_price': 895.7000122070312, 'stop_loss_long': 895.7000122070312, 'stop_loss_short': 896.6500244140625}",08:54:05,13:24:05,50
BEL,Aerospace & Defence,HOLD,377.29998779296875,377.29998779296875,377.29998779296875,377.29998779296875,0.0,273732,0,0.0,377.9835032632866,BEARISH,29.99965122767857,"{'has_inside_bar': True, 'inside_bar_type': 'BULLISH', 'mother_bar_high': 377.8999938964844, 'mother_bar_low': 377.25, 'inside_bar_high': 377.6499938964844, 'inside_bar_low': 377.29998779296875, 'entry_signal': 'LONG_ENTRY', 'bars_since_inside': 3, 'entry_long_price': 377.8999938964844, 'entry_short_price': 377.25, 'stop_loss_long': 377.25, 'stop_loss_short': 377.8999938964844}",08:54:05,13:24:05,50
EXIDEIND,Auto,HOLD,398.29998779296875,398.29998779296875,398.29998779296875,398.29998779296875,0.0,2434,0,0.0,398.2165512484523,BULLISH,39.130377093118916,"{'has_inside_bar': False, 'inside_bar_type': 'NONE', 'mother_bar_high': 0, 'mother_bar_low': 0, 'inside_bar_high': 0, 'inside_bar_low': 0, 'entry_signal': 'NONE', 'bars_since_inside': 999, 'entry_long_price': 0, 'entry_short_price': 0, 'stop_loss_long': 0, 'stop_loss_short': 0}",08:54:05,13:24:05,50
CHAMBLFERT,Industrials,HOLD,562.7000122070312,562.7000122070312,562.7000122070312,562.7000122070312,0.0,3612,0,0.0,562.5249220054261,BULLISH,46.66684750912124,"{'has_inside_bar': True, 'inside_bar_type': 'BEARISH', 'mother_bar_high': 562.9500122070312, 'mother_bar_low': 561.7999877929688, 'inside_bar_high': 562.4500122070312, 'inside_bar_low': 561.8499755859375, 'entry_signal': 'SHORT_ENTRY', 'bars_since_inside': 3, 'entry_long_price': 562.9500122070312, 'entry_short_price': 561.7999877929688, 'stop_loss_long': 561.7999877929688, 'stop_loss_short': 562.9500122070312}",08:54:05,13:24:05,50
LAURUSLABS,Pharmaceuticals,HOLD,882.7000122070312,882.7000122070312,882.7000122070312,882.7000122070312,0.0,6111,0,0.0,883.6879281895477,BEARISH,45.36073392648151,"{'has_inside_bar': False, 'inside_bar_type': 'NONE', 'mother_bar_high': 0, 'mother_bar_low': 0, 'inside_bar_high': 0, 'inside_bar_low': 0, 'entry_signal': 'NONE', 'bars_since_inside': 999, 'entry_long_price': 0, 'entry_short_price': 0, 'stop_loss_long': 0, 'stop_loss_short': 0}",08:54:05,13:24:05,50
ABB,FMCG,SHORT_ENTRY,5097.0,5085.0,5070.0,5092.5,2.0,947,133,7.5,5097.710629189926,BEARISH,42.5531914893617,"{'has_inside_bar': True, 'inside_bar_type': 'BEARISH', 'mother_bar_high': 5092.5, 'mother_bar_low': 5085.0, 'inside_bar_high': 5089.0, 'inside_bar_low': 5085.5, 'entry_signal': 'SHORT_ENTRY', 'bars_since_inside': 3, 'entry_long_price': 5092.5, 'entry_short_price': 5085.0, 'stop_loss_long': 5085.0, 'stop_loss_short': 5092.5}",08:54:05,13:24:05,50
BLUESTARCO,FMCG,HOLD,1926.800048828125,1926.800048828125,1926.800048828125,1926.800048828125,0.0,3804,0,0.0,1912.9403082237698,BULLISH,79.7814080072575,"{'has_inside_bar': False, 'inside_bar_type': 'NONE', 'mother_bar_high': 0, 'mother_bar_low': 0, 'inside_bar_high': 0, 'inside_bar_low': 0, 'entry_signal': 'NONE', 'bars_since_inside': 999, 'entry_long_price': 0, 'entry_short_price': 0, 'stop_loss_long': 0, 'stop_loss_short': 0}",08:54:05,13:24:05,50
CESC,Miscellaneous,HOLD,166.88999938964844,166.88999938964844,166.88999938964844,166.88999938964844,0.0,13677,0,0.0,166.5509275365552,BULLISH,72.07170055122548,"{'has_inside_bar': True, 'inside_bar_type': 'BEARISH', 'mother_bar_high': 166.8300018310547, 'mother_bar_low': 166.67999267578125, 'inside_bar_high': 166.80999755859375, 'inside_bar_low': 166.69000244140625, 'entry_signal': 'SHORT_ENTRY', 'bars_since_inside': 5, 'entry_long_price': 166.8300018310547, 'entry_short_price': 166.67999267578125, 'stop_loss_long': 166.67999267578125, 'stop_loss_short': 166.8300018310547}",08:54:05,13:24:05,50
DABUR,FMCG,HOLD,518.2000122070312,518.2000122070312,518.2000122070312,518.2000122070312,0.0,1814,0,0.0,517.58231950363,BULLISH,61.76465308320618,"{'has_inside_bar': True, 'inside_bar_type': 'BEARISH', 'mother_bar_high': 518.1500244140625, 'mother_bar_low': 517.4500122070312, 'inside_bar_high': 518.0499877929688, 'inside_bar_low': 517.75, 'entry_signal': 'SHORT_ENTRY', 'bars_since_inside': 5, 'entry_long_price': 518.1500244140625, 'entry_short_price': 517.4500122070312, 'stop_loss_long': 517.4500122070312, 'stop_loss_short': 518.1500244140625}",08:54:05,13:24:05,50
CGPOWER,FMCG,SHORT_ENTRY,676.75,674.5999755859375,669.7999267578125,677.0,2.0,15110,416,2.4000244140625,677.0710062180169,BEARISH,37.68111668720846,"{'has_inside_bar': True, 'inside_bar_type': 'BEARISH', 'mother_bar_high': 677.0, 'mother_bar_low': 674.5999755859375, 'inside_bar_high': 676.9000244140625, 'inside_bar_low': 676.1500244140625, 'entry_signal': 'SHORT_ENTRY', 'bars_since_inside': 2, 'entry_long_price': 677.0, 'entry_short_price': 674.5999755859375, 'stop_loss_long': 674.5999755859375, 'stop_loss_short': 677.0}",08:54:05,13:24:05,50
HINDPETRO,Industrials,HOLD,390.54998779296875,390.54998779296875,390.54998779296875,390.54998779296875,0.0,5947,0,0.0,390.9899410237733,BEARISH,37.87857770379618,"{'has_inside_bar': True, 'inside_bar_type': 'BULLISH', 'mother_bar_high': 391.20001220703125, 'mother_bar_low': 390.5, 'inside_bar_high': 390.8500061035156, 'inside_bar_low': 390.54998779296875, 'entry_signal': 'LONG_ENTRY', 'bars_since_inside': 5, 'entry_long_price': 391.20001220703125, 'entry_short_price': 390.5, 'stop_loss_long': 390.5, 'stop_loss_short': 391.20001220703125}",08:54:05,13:24:05,50
TITAN,Miscellaneous,HOLD,3623.800048828125,3623.800048828125,3623.800048828125,3623.800048828125,0.0,9878,0,0.0,3620.069388960616,BULLISH,44.44462174280745,"{'has_inside_bar': False, 'inside_bar_type': 'NONE', 'mother_bar_high': 0, 'mother_bar_low': 0, 'inside_bar_high': 0, 'inside_bar_low': 0, 'entry_signal': 'NONE', 'bars_since_inside': 999, 'entry_long_price': 0, 'entry_short_price': 0, 'stop_loss_long': 0, 'stop_loss_short': 0}",08:54:05,13:24:05,50
BHEL,FMCG,LONG_ENTRY,218.32000732421875,218.6699981689453,220.4099884033203,217.8000030517578,2.0,13012,1149,0.8699951171875,218.29620796441992,BULLISH,52.41953842651555,"{'has_inside_bar': True, 'inside_bar_type': 'BULLISH', 'mother_bar_high': 218.6699981689453, 'mother_bar_low': 217.8000030517578, 'inside_bar_high': 218.0800018310547, 'inside_bar_low': 217.89999389648438, 'entry_signal': 'LONG_ENTRY', 'bars_since_inside': 4, 'entry_long_price': 218.6699981689453, 'entry_short_price': 217.8000030517578, 'stop_loss_long': 217.8000030517578, 'stop_loss_short': 218.6699981689453}",08:54:05,13:24:05,50
SBIN,Bank,HOLD,819.5499877929688,819.5499877929688,819.5499877929688,819.5499877929688,0.0,24655,0,0.0,819.8262391967352,BEARISH,50.0,"{'has_inside_bar': False, 'inside_bar_type': 'NONE', 'mother_bar_high': 0, 'mother_bar_low': 0, 'inside_bar_high': 0, 'inside_bar_low': 0, 'entry_signal': 'NONE', 'bars_since_inside': 999, 'entry_long_price': 0, 'entry_short_price': 0, 'stop_loss_long': 0, 'stop_loss_short': 0}",08:54:05,13:24:05,50
SAIL,Metals,HOLD,122.0199966430664,122.0199966430664,122.0199966430664,122.0199966430664,0.0,7271,0,0.0,122.08078939771313,BEARISH,41.332831478505014,"{'has_inside_bar': True, 'inside_bar_type': 'BULLISH', 'mother_bar_high': 122.0999984741211, 'mother_bar_low': 121.91999816894531, 'inside_bar_high': 122.08000183105469, 'inside_bar_low': 121.93000030517578, 'entry_signal': 'LONG_ENTRY', 'bars_since_inside': 2, 'entry_long_price': 122.0999984741211, 'entry_short_price': 121.91999816894531, 'stop_loss_long': 121.91999816894531, 'stop_loss_short': 122.0999984741211}",08:54:05,13:24:05,50
CIPLA,Pharmaceuticals,HOLD,1594.0999755859375,1594.0999755859375,1594.0999755859375,1594.0999755859375,0.0,3440,0,0.0,1594.1210089705685,BEARISH,23.21416893732969,"{'has_inside_bar': False, 'inside_bar_type': 'NONE', 'mother_bar_high': 0, 'mother_bar_low': 0, 'inside_bar_high': 0, 'inside_bar_low': 0, 'entry_signal': 'NONE', 'bars_since_inside': 999, 'entry_long_price': 0, 'entry_short_price': 0, 'stop_loss_long': 0, 'stop_loss_short': 0}",08:54:05,13:24:05,50
HDFCBANK,Bank,LONG_ENTRY,1971.699951171875,1968.5,1973.5,1966.0,2.0,62157,400,2.5,1968.2257562172845,BULLISH,71.71674825217939,"{'has_inside_bar': True, 'inside_bar_type': 'BULLISH', 'mother_bar_high': 1968.5, 'mother_bar_low': 1966.0, 'inside_bar_high': 1967.4000244140625, 'inside_bar_low': 1966.0999755859375, 'entry_signal': 'LONG_ENTRY', 'bars_since_inside': 5, 'entry_long_price': 1968.5, 'entry_short_price': 1966.0, 'stop_loss_long': 1966.0, 'stop_loss_short': 1968.5}",08:54:05,13:24:05,50
DRREDDY,Pharmaceuticals,HOLD,1282.199951171875,1282.199951171875,1282.199951171875,1282.199951171875,0.0,9650,0,0.0,1280.0053219366853,BULLISH,65.71421097605636,"{'has_inside_bar': False, 'inside_bar_type': 'NONE', 'mother_bar_high': 0, 'mother_bar_low': 0, 'inside_bar_high': 0, 'inside_bar_low': 0, 'entry_signal': 'NONE', 'bars_since_inside': 999, 'entry_long_price': 0, 'entry_short_price': 0, 'stop_loss_long': 0, 'stop_loss_short': 0}",08:54:05,13:24:05,50
HINDZINC,Metals,HOLD,426.3999938964844,426.3999938964844,426.3999938964844,426.3999938964844,0.0,2146,0,0.0,426.6461002143347,BEARISH,36.170378546847616,"{'has_inside_bar': False, 'inside_bar_type': 'NONE', 'mother_bar_high': 0, 'mother_bar_low': 0, 'inside_bar_high': 0, 'inside_bar_low': 0, 'entry_signal': 'NONE', 'bars_since_inside': 999, 'entry_long_price': 0, 'entry_short_price': 0, 'stop_loss_long': 0, 'stop_loss_short': 0}",08:54:05,13:24:05,50
HEROMOTOCO,Auto,HOLD,5006.5,5006.5,5006.5,5006.5,0.0,8615,0,0.0,5006.479783468852,BULLISH,38.77553562531141,"{'has_inside_bar': False, 'inside_bar_type': 'NONE', 'mother_bar_high': 0, 'mother_bar_low': 0, 'inside_bar_high': 0, 'inside_bar_low': 0, 'entry_signal': 'NONE', 'bars_since_inside': 999, 'entry_long_price': 0, 'entry_short_price': 0, 'stop_loss_long': 0, 'stop_loss_short': 0}",08:54:05,13:24:05,50
HFCL,Telecom,HOLD,73.91999816894531,73.91999816894531,73.91999816894531,73.91999816894531,0.0,51848,0,0.0,73.67220274123059,BULLISH,71.21191103712951,"{'has_inside_bar': False, 'inside_bar_type': 'NONE', 'mother_bar_high': 0, 'mother_bar_low': 0, 'inside_bar_high': 0, 'inside_bar_low': 0, 'entry_signal': 'NONE', 'bars_since_inside': 999, 'entry_long_price': 0, 'entry_short_price': 0, 'stop_loss_long': 0, 'stop_loss_short': 0}",08:54:05,13:24:05,50
LICHSGFIN,Finance,HOLD,565.9000244140625,565.9000244140625,565.9000244140625,565.9000244140625,0.0,2342,0,0.0,565.6524567252997,BULLISH,51.250476844434274,"{'has_inside_bar': False, 'inside_bar_type': 'NONE', 'mother_bar_high': 0, 'mother_bar_low': 0, 'inside_bar_high': 0, 'inside_bar_low': 0, 'entry_signal': 'NONE', 'bars_since_inside': 999, 'entry_long_price': 0, 'entry_short_price': 0, 'stop_loss_long': 0, 'stop_loss_short': 0}",08:54:05,13:24:05,50
KOTAKBANK,Bank,HOLD,1993.0,1993.0,1993.0,1993.0,0.0,5848,0,0.0,1993.1763910350264,BEARISH,53.84642471477534,"{'has_inside_bar': True, 'inside_bar_type': 'BULLISH', 'mother_bar_high': 1991.800048828125, 'mother_bar_low': 1990.5999755859375, 'inside_bar_high': 1991.4000244140625, 'inside_bar_low': 1991.0, 'entry_signal': 'LONG_ENTRY', 'bars_since_inside': 4, 'entry_long_price': 1991.800048828125, 'entry_short_price': 1990.5999755859375, 'stop_loss_long': 1990.5999755859375, 'stop_loss_short': 1991.800048828125}",08:54:05,13:24:05,50
INFY,I.T,HOLD,1492.800048828125,1492.800048828125,1492.800048828125,1492.800048828125,0.0,19587,0,0.0,1494.3906713588633,BEARISH,47.407541369020706,"{'has_inside_bar': True, 'inside_bar_type': 'BULLISH', 'mother_bar_high': 1496.0, 'mother_bar_low': 1494.0, 'inside_bar_high': 1495.5999755859375, 'inside_bar_low': 1494.199951171875, 'entry_signal': 'LONG_ENTRY', 'bars_since_inside': 5, 'entry_long_price': 1496.0, 'entry_short_price': 1494.0, 'stop_loss_long': 1494.0, 'stop_loss_short': 1496.0}",08:54:05,13:24:05,50
TRENT,FMCG,HOLD,5426.0,5426.0,5426.0,5426.0,0.0,4039,0,0.0,5450.568291885489,BEARISH,19.327731092436963,"{'has_inside_bar': False, 'inside_bar_type': 'NONE', 'mother_bar_high': 0, 'mother_bar_low': 0, 'inside_bar_high': 0, 'inside_bar_low': 0, 'entry_signal': 'NONE', 'bars_since_inside': 999, 'entry_long_price': 0, 'entry_short_price': 0, 'stop_loss_long': 0, 'stop_loss_short': 0}",08:54:05,13:24:05,50
MFSL,Finance,HOLD,1644.300048828125,1644.300048828125,1644.300048828125,1644.300048828125,0.0,1291,0,0.0,1647.6303010925596,BEARISH,29.16687859213671,"{'has_inside_bar': False, 'inside_bar_type': 'NONE', 'mother_bar_high': 0, 'mother_bar_low': 0, 'inside_bar_high': 0, 'inside_bar_low': 0, 'entry_signal': 'NONE', 'bars_since_inside': 999, 'entry_long_price': 0, 'entry_short_price': 0, 'stop_loss_long': 0, 'stop_loss_short': 0}",08:54:05,13:24:05,50
JSWSTEEL,Metals,LONG_ENTRY,1054.199951171875,1055.9000244140625,1065.0999755859375,1051.300048828125,2.0,4321,217,4.5999755859375,1053.931478575717,BULLISH,51.612585650153584,"{'has_inside_bar': True, 'inside_bar_type': 'BULLISH', 'mother_bar_high': 1055.9000244140625, 'mother_bar_low': 1051.300048828125, 'inside_bar_high': 1054.4000244140625, 'inside_bar_low': 1053.0, 'entry_signal': 'LONG_ENTRY', 'bars_since_inside': 3, 'entry_long_price': 1055.9000244140625, 'entry_short_price': 1051.300048828125, 'stop_loss_long': 1051.300048828125, 'stop_loss_short': 1055.9000244140625}",08:54:05,13:24:05,50
LUPIN,Pharmaceuticals,HOLD,1974.300048828125,1974.300048828125,1974.300048828125,1974.300048828125,0.0,875,0,0.0,1971.7663572671586,BULLISH,70.19261241593014,"{'has_inside_bar': False, 'inside_bar_type': 'NONE', 'mother_bar_high': 0, 'mother_bar_low': 0, 'inside_bar_high': 0, 'inside_bar_low': 0, 'entry_signal': 'NONE', 'bars_since_inside': 999, 'entry_long_price': 0, 'entry_short_price': 0, 'stop_loss_long': 0, 'stop_loss_short': 0}",08:54:05,13:24:05,50
NCC,Realty,HOLD,217.27999877929688,217.27999877929688,217.27999877929688,217.27999877929688,0.0,1050,0,0.0,217.47589359302142,BEARISH,39.175233405957265,"{'has_inside_bar': True, 'inside_bar_type': 'BULLISH', 'mother_bar_high': 217.3000030517578, 'mother_bar_low': 217.1199951171875, 'inside_bar_high': 217.27999877929688, 'inside_bar_low': 217.25, 'entry_signal': 'LONG_ENTRY', 'bars_since_inside': 1, 'entry_long_price': 217.3000030517578, 'entry_short_price': 217.1199951171875, 'stop_loss_long': 217.1199951171875, 'stop_loss_short': 217.3000030517578}",08:54:05,13:24:05,50
PEL,Finance,LONG_ENTRY,1167.800048828125,1168.5,1175.10009765625,1165.199951171875,2.0,391,303,3.300048828125,1166.3869830986914,BULLISH,67.83244839772591,"{'has_inside_bar': True, 'inside_bar_type': 'BULLISH', 'mother_bar_high': 1168.5, 'mother_bar_low': 1165.199951171875, 'inside_bar_high': 1168.300048828125, 'inside_bar_low': 1166.199951171875, 'entry_signal': 'LONG_ENTRY', 'bars_since_inside': 2, 'entry_long_price': 1168.5, 'entry_short_price': 1165.199951171875, 'stop_loss_long': 1165.199951171875, 'stop_loss_short': 1168.5}",08:54:05,13:24:05,50
ONGC,Oils,HOLD,236.55999755859375,236.55999755859375,236.55999755859375,236.55999755859375,0.0,24132,0,0.0,236.81230904649402,BEARISH,44.973519343796426,"{'has_inside_bar': False, 'inside_bar_type': 'NONE', 'mother_bar_high': 0, 'mother_bar_low': 0, 'inside_bar_high': 0, 'inside_bar_low': 0, 'entry_signal': 'NONE', 'bars_since_inside': 999, 'entry_long_price': 0, 'entry_short_price': 0, 'stop_loss_long': 0, 'stop_loss_short': 0}",08:54:05,13:24:05,50
VEDL,Industrials,LONG_ENTRY,445.1499938964844,445.8500061035156,447.6499938964844,444.95001220703125,2.0,21060,1111,0.899993896484375,444.9194181894602,BULLISH,63.52924281046925,"{'has_inside_bar': True, 'inside_bar_type': 'BULLISH', 'mother_bar_high': 445.8500061035156, 'mother_bar_low': 444.95001220703125, 'inside_bar_high': 445.20001220703125, 'inside_bar_low': 445.0, 'entry_signal': 'LONG_ENTRY', 'bars_since_inside': 1, 'entry_long_price': 445.8500061035156, 'entry_short_price': 444.95001220703125, 'stop_loss_long': 444.95001220703125, 'stop_loss_short': 445.8500061035156}",08:54:06,13:24:06,50
GRASIM,Miscellaneous,HOLD,2818.5,2818.5,2818.5,2818.5,0.0,1559,0,0.0,2821.4464475973205,BEARISH,40.602055800293684,"{'has_inside_bar': True, 'inside_bar_type': 'BULLISH', 'mother_bar_high': 2821.89990234375, 'mother_bar_low': 2819.300048828125, 'inside_bar_high': 2821.800048828125, 'inside_bar_low': 2821.0, 'entry_signal': 'LONG_ENTRY', 'bars_since_inside': 4, 'entry_long_price': 2821.89990234375, 'entry_short_price': 2819.300048828125, 'stop_loss_long': 2819.300048828125, 'stop_loss_short': 2821.89990234375}",08:54:06,13:24:06,50
PIDILITIND,Industrials,HOLD,3097.89990234375,3097.89990234375,3097.89990234375,3097.89990234375,0.0,2300,0,0.0,3087.288746262074,BULLISH,77.10827425949348,"{'has_inside_bar': False, 'inside_bar_type': 'NONE', 'mother_bar_high': 0, 'mother_bar_low': 0, 'inside_bar_high': 0, 'inside_bar_low': 0, 'entry_signal': 'NONE', 'bars_since_inside': 999, 'entry_long_price': 0, 'entry_short_price': 0, 'stop_loss_long': 0, 'stop_loss_short': 0}",08:54:06,13:24:06,50
PATANJALI,FMCG,HOLD,1794.4000244140625,1794.4000244140625,1794.4000244140625,1794.4000244140625,0.0,143,0,0.0,1798.38939972869,BEARISH,21.105740329526085,"{'has_inside_bar': False, 'inside_bar_type': 'NONE', 'mother_bar_high': 0, 'mother_bar_low': 0, 'inside_bar_high': 0, 'inside_bar_low': 0, 'entry_signal': 'NONE', 'bars_since_inside': 999, 'entry_long_price': 0, 'entry_short_price': 0, 'stop_loss_long': 0, 'stop_loss_short': 0}",08:54:06,13:24:06,50
RELIANCE,Industrials,LONG_ENTRY,1414.300048828125,1413.9000244140625,1417.5001220703125,1412.0999755859375,2.0,32903,555,1.800048828125,1413.4395904303499,BULLISH,53.333720862640234,"{'has_inside_bar': True, 'inside_bar_type': 'BULLISH', 'mother_bar_high': 1413.9000244140625, 'mother_bar_low': 1412.0999755859375, 'inside_bar_high': 1413.5999755859375, 'inside_bar_low': 1413.0999755859375, 'entry_signal': 'LONG_ENTRY', 'bars_since_inside': 2, 'entry_long_price': 1413.9000244140625, 'entry_short_price': 1412.0999755859375, 'stop_loss_long': 1412.0999755859375, 'stop_loss_short': 1413.9000244140625}",08:54:06,13:24:06,50
SHREECEM,Industrials,SHORT_ENTRY,30080.0,30075.0,29985.0,30120.0,2.0,116,22,45.0,30122.0724513157,BEARISH,39.743589743589745,"{'has_inside_bar': True, 'inside_bar_type': 'BEARISH', 'mother_bar_high': 30120.0, 'mother_bar_low': 30075.0, 'inside_bar_high': 30100.0, 'inside_bar_low': 30085.0, 'entry_signal': 'SHORT_ENTRY', 'bars_since_inside': 4, 'entry_long_price': 30120.0, 'entry_short_price': 30075.0, 'stop_loss_long': 30075.0, 'stop_loss_short': 30120.0}",08:54:06,13:24:06,50
TATAELXSI,I.T,HOLD,5575.0,5575.0,5575.0,5575.0,0.0,403,0,0.0,5573.8725281515835,BULLISH,52.17391304347826,"{'has_inside_bar': False, 'inside_bar_type': 'NONE', 'mother_bar_high': 0, 'mother_bar_low': 0, 'inside_bar_high': 0, 'inside_bar_low': 0, 'entry_signal': 'NONE', 'bars_since_inside': 999, 'entry_long_price': 0, 'entry_short_price': 0, 'stop_loss_long': 0, 'stop_loss_short': 0}",08:54:06,13:24:06,50
TATAPOWER,Miscellaneous,HOLD,386.95001220703125,386.95001220703125,386.95001220703125,386.95001220703125,0.0,26902,0,0.0,386.46589133615896,BULLISH,73.01588839372215,"{'has_inside_bar': False, 'inside_bar_type': 'NONE', 'mother_bar_high': 0, 'mother_bar_low': 0, 'inside_bar_high': 0, 'inside_bar_low': 0, 'entry_signal': 'NONE', 'bars_since_inside': 999, 'entry_long_price': 0, 'entry_short_price': 0, 'stop_loss_long': 0, 'stop_loss_short': 0}",08:54:06,13:24:06,50
ACC,Industrials,HOLD,1824.5999755859375,1824.5999755859375,1824.5999755859375,1824.5999755859375,0.0,100,0,0.0,1828.446702320815,BEARISH,37.72467783081275,"{'has_inside_bar': True, 'inside_bar_type': 'BULLISH', 'mother_bar_high': 1829.800048828125, 'mother_bar_low': 1822.0, 'inside_bar_high': 1825.9000244140625, 'inside_bar_low': 1823.9000244140625, 'entry_signal': 'LONG_ENTRY', 'bars_since_inside': 3, 'entry_long_price': 1829.800048828125, 'entry_short_price': 1822.0, 'stop_loss_long': 1822.0, 'stop_loss_short': 1829.800048828125}",08:54:06,13:24:06,50
TORNTPHARM,Pharmaceuticals,HOLD,3659.300048828125,3659.300048828125,3659.300048828125,3659.300048828125,0.0,1112,0,0.0,3657.292164399911,BULLISH,57.57575757575758,"{'has_inside_bar': True, 'inside_bar_type': 'BEARISH', 'mother_bar_high': 3660.0, 'mother_bar_low': 3656.89990234375, 'inside_bar_high': 3659.699951171875, 'inside_bar_low': 3657.699951171875, 'entry_signal': 'SHORT_ENTRY', 'bars_since_inside': 3, 'entry_long_price': 3660.0, 'entry_short_price': 3656.89990234375, 'stop_loss_long': 3656.89990234375, 'stop_loss_short': 3660.0}",08:54:06,13:24:06,50
HINDALCO,Metals,HOLD,708.5999755859375,708.5999755859375,708.5999755859375,708.5999755859375,0.0,36005,0,0.0,707.6993830343828,BULLISH,72.88132086402383,"{'has_inside_bar': False, 'inside_bar_type': 'NONE', 'mother_bar_high': 0, 'mother_bar_low': 0, 'inside_bar_high': 0, 'inside_bar_low': 0, 'entry_signal': 'NONE', 'bars_since_inside': 999, 'entry_long_price': 0, 'entry_short_price': 0, 'stop_loss_long': 0, 'stop_loss_short': 0}",08:54:06,13:24:06,50
FEDERALBNK,Bank,HOLD,196.99000549316406,196.99000549316406,196.99000549316406,196.99000549316406,0.0,7608,0,0.0,197.16722932628068,BEARISH,39.39404448143524,"{'has_inside_bar': False, 'inside_bar_type': 'NONE', 'mother_bar_high': 0, 'mother_bar_low': 0, 'inside_bar_high': 0, 'inside_bar_low': 0, 'entry_signal': 'NONE', 'bars_since_inside': 999, 'entry_long_price': 0, 'entry_short_price': 0, 'stop_loss_long': 0, 'stop_loss_short': 0}",08:54:06,13:24:06,50
AMBUJACEM,Industrials,HOLD,580.0,580.0,580.0,580.0,0.0,23315,0,0.0,580.0931303212401,BEARISH,50.0,"{'has_inside_bar': False, 'inside_bar_type': 'NONE', 'mother_bar_high': 0, 'mother_bar_low': 0, 'inside_bar_high': 0, 'inside_bar_low': 0, 'entry_signal': 'NONE', 'bars_since_inside': 999, 'entry_long_price': 0, 'entry_short_price': 0, 'stop_loss_long': 0, 'stop_loss_short': 0}",08:54:06,13:24:06,50
ASHOKLEY,Auto,LONG_ENTRY,131.60000610351562,131.64999389648438,131.94998168945312,131.5,2.0,29406,6666,0.149993896484375,131.21302398416483,BULLISH,78.94715708319949,"{'has_inside_bar': True, 'inside_bar_type': 'BULLISH', 'mother_bar_high': 131.64999389648438, 'mother_bar_low': 131.5, 'inside_bar_high': 131.60000610351562, 'inside_bar_low': 131.50999450683594, 'entry_signal': 'LONG_ENTRY', 'bars_since_inside': 1, 'entry_long_price': 131.64999389648438, 'entry_short_price': 131.5, 'stop_loss_long': 131.5, 'stop_loss_short': 131.64999389648438}",08:54:06,13:24:06,50
TATASTEEL,Metals,HOLD,159.97000122070312,159.97000122070312,159.97000122070312,159.97000122070312,0.0,26301,0,0.0,160.0121949678439,BEARISH,41.5097598894455,"{'has_inside_bar': False, 'inside_bar_type': 'NONE', 'mother_bar_high': 0, 'mother_bar_low': 0, 'inside_bar_high': 0, 'inside_bar_low': 0, 'entry_signal': 'NONE', 'bars_since_inside': 999, 'entry_long_price': 0, 'entry_short_price': 0, 'stop_loss_long': 0, 'stop_loss_short': 0}",08:54:06,13:24:06,50
CUMMINSIND,FMCG,HOLD,3905.0,3905.0,3905.0,3905.0,0.0,6638,0,0.0,3898.694015320158,BULLISH,76.78571428571429,"{'has_inside_bar': True, 'inside_bar_type': 'BEARISH', 'mother_bar_high': 3905.0, 'mother_bar_low': 3900.199951171875, 'inside_bar_high': 3902.0, 'inside_bar_low': 3901.699951171875, 'entry_signal': 'SHORT_ENTRY', 'bars_since_inside': 2, 'entry_long_price': 3905.0, 'entry_short_price': 3900.199951171875, 'stop_loss_long': 3900.199951171875, 'stop_loss_short': 3905.0}",08:54:06,13:24:06,50
BHARATFORG,Industrials,HOLD,1128.5999755859375,1128.5999755859375,1128.5999755859375,1128.5999755859375,0.0,1987,0,0.0,1131.2734426468026,BEARISH,22.429981176202162,"{'has_inside_bar': True, 'inside_bar_type': 'BULLISH', 'mother_bar_high': 1130.5, 'mother_bar_low': 1129.300048828125, 'inside_bar_high': 1130.199951171875, 'inside_bar_low': 1129.5, 'entry_signal': 'LONG_ENTRY', 'bars_since_inside': 5, 'entry_long_price': 1130.5, 'entry_short_price': 1129.300048828125, 'stop_loss_long': 1129.300048828125, 'stop_loss_short': 1130.5}",08:54:06,13:24:06,50
TATACOMM,Telecom,HOLD,1604.9000244140625,1604.9000244140625,1604.9000244140625,1604.9000244140625,0.0,1768,0,0.0,1603.4052060522806,BULLISH,59.01650279493576,"{'has_inside_bar': False, 'inside_bar_type': 'NONE', 'mother_bar_high': 0, 'mother_bar_low': 0, 'inside_bar_high': 0, 'inside_bar_low': 0, 'entry_signal': 'NONE', 'bars_since_inside': 999, 'entry_long_price': 0, 'entry_short_price': 0, 'stop_loss_long': 0, 'stop_loss_short': 0}",08:54:06,13:24:06,50
M&M,Auto,LONG_ENTRY,3400.699951171875,3400.5,3407.2998046875,3397.10009765625,2.0,8583,294,3.39990234375,3398.4783062893102,BULLISH,62.68629523011333,"{'has_inside_bar': True, 'inside_bar_type': 'BULLISH', 'mother_bar_high': 3400.5, 'mother_bar_low': 3397.10009765625, 'inside_bar_high': 3400.39990234375, 'inside_bar_low': 3399.300048828125, 'entry_signal': 'LONG_ENTRY', 'bars_since_inside': 2, 'entry_long_price': 3400.5, 'entry_short_price': 3397.10009765625, 'stop_loss_long': 3397.10009765625, 'stop_loss_short': 3400.5}",08:54:06,13:24:06,50
BOSCHLTD,Auto,HOLD,39175.0,39175.0,39175.0,39175.0,0.0,144,0,0.0,39323.785985954615,BEARISH,16.17647058823529,"{'has_inside_bar': True, 'inside_bar_type': 'BULLISH', 'mother_bar_high': 39275.0, 'mother_bar_low': 39205.0, 'inside_bar_high': 39260.0, 'inside_bar_low': 39235.0, 'entry_signal': 'LONG_ENTRY', 'bars_since_inside': 2, 'entry_long_price': 39275.0, 'entry_short_price': 39205.0, 'stop_loss_long': 39205.0, 'stop_loss_short': 39275.0}",08:54:06,13:24:06,50
LT,Realty,HOLD,3595.0,3595.0,3595.0,3595.0,0.0,34676,0,0.0,3595.329967213367,BEARISH,40.773976036678846,"{'has_inside_bar': True, 'inside_bar_type': 'BULLISH', 'mother_bar_high': 3596.10009765625, 'mother_bar_low': 3587.0, 'inside_bar_high': 3594.60009765625, 'inside_bar_low': 3588.199951171875, 'entry_signal': 'LONG_ENTRY', 'bars_since_inside': 2, 'entry_long_price': 3596.10009765625, 'entry_short_price': 3587.0, 'stop_loss_long': 3587.0, 'stop_loss_short': 3596.10009765625}",08:54:06,13:24:06,50
VOLTAS,FMCG,SHORT_ENTRY,1352.5999755859375,1351.5,1343.5,1355.5,2.0,4068,250,4.0,1356.5890632872763,BEARISH,17.77779787147469,"{'has_inside_bar': True, 'inside_bar_type': 'BEARISH', 'mother_bar_high': 1355.5, 'mother_bar_low': 1351.5, 'inside_bar_high': 1353.9000244140625, 'inside_bar_low': 1352.0, 'entry_signal': 'SHORT_ENTRY', 'bars_since_inside': 2, 'entry_long_price': 1355.5, 'entry_short_price': 1351.5, 'stop_loss_long': 1351.5, 'stop_loss_short': 1355.5}",08:54:06,13:24:06,50
BPCL,Industrials,HOLD,316.0,316.0,316.0,316.0,0.0,66457,0,0.0,317.29664360964017,BEARISH,17.307918026244735,"{'has_inside_bar': False, 'inside_bar_type': 'NONE', 'mother_bar_high': 0, 'mother_bar_low': 0, 'inside_bar_high': 0, 'inside_bar_low': 0, 'entry_signal': 'NONE', 'bars_since_inside': 999, 'entry_long_price': 0, 'entry_short_price': 0, 'stop_loss_long': 0, 'stop_loss_short': 0}",08:54:06,13:24:06,50
SIEMENS,FMCG,HOLD,3200.0,3200.0,3200.0,3200.0,0.0,2738,0,0.0,3206.79846461641,BEARISH,21.48770891481992,"{'has_inside_bar': False, 'inside_bar_type': 'NONE', 'mother_bar_high': 0, 'mother_bar_low': 0, 'inside_bar_high': 0, 'inside_bar_low': 0, 'entry_signal': 'NONE', 'bars_since_inside': 999, 'entry_long_price': 0, 'entry_short_price': 0, 'stop_loss_long': 0, 'stop_loss_short': 0}",08:54:06,13:24:06,50
HINDUNILVR,FMCG,HOLD,2629.300048828125,2629.300048828125,2629.300048828125,2629.300048828125,0.0,6575,0,0.0,2626.8456819927155,BULLISH,51.125311059998275,"{'has_inside_bar': True, 'inside_bar_type': 'BEARISH', 'mother_bar_high': 2630.0, 'mother_bar_low': 2626.10009765625, 'inside_bar_high': 2629.800048828125, 'inside_bar_low': 2628.39990234375, 'entry_signal': 'SHORT_ENTRY', 'bars_since_inside': 3, 'entry_long_price': 2630.0, 'entry_short_price': 2626.10009765625, 'stop_loss_long': 2626.10009765625, 'stop_loss_short': 2630.0}",08:54:06,13:24:06,50
TATAMOTORS,Auto,HOLD,680.7000122070312,680.7000122070312,680.7000122070312,680.7000122070312,0.0,27037,0,0.0,680.4766220988334,BULLISH,51.35155940702943,"{'has_inside_bar': False, 'inside_bar_type': 'NONE', 'mother_bar_high': 0, 'mother_bar_low': 0, 'inside_bar_high': 0, 'inside_bar_low': 0, 'entry_signal': 'NONE', 'bars_since_inside': 999, 'entry_long_price': 0, 'entry_short_price': 0, 'stop_loss_long': 0, 'stop_loss_short': 0}",08:54:06,13:24:06,50
TATACONSUM,FMCG,LONG_ENTRY,1086.5999755859375,1089.0,1095.60009765625,1085.699951171875,2.0,1674,303,3.300048828125,1085.8045063667407,BULLISH,70.93015003335651,"{'has_inside_bar': True, 'inside_bar_type': 'BULLISH', 'mother_bar_high': 1089.0, 'mother_bar_low': 1085.699951171875, 'inside_bar_high': 1086.800048828125, 'inside_bar_low': 1086.0, 'entry_signal': 'LONG_ENTRY', 'bars_since_inside': 1, 'entry_long_price': 1089.0, 'entry_short_price': 1085.699951171875, 'stop_loss_long': 1085.699951171875, 'stop_loss_short': 1089.0}",08:54:06,13:24:06,50
TATACHEM,Industrials,SHORT_ENTRY,937.0,936.4500122070312,934.8500366210938,937.25,2.0,107,1250,0.79998779296875,937.1773172952647,BEARISH,54.30101528506081,"{'has_inside_bar': True, 'inside_bar_type': 'BEARISH', 'mother_bar_high': 937.25, 'mother_bar_low': 936.4500122070312, 'inside_bar_high': 937.1500244140625, 'inside_bar_low': 936.6500244140625, 'entry_signal': 'SHORT_ENTRY', 'bars_since_inside': 1, 'entry_long_price': 937.25, 'entry_short_price': 936.4500122070312, 'stop_loss_long': 936.4500122070312, 'stop_loss_short': 937.25}",08:54:06,13:24:06,50
BRITANNIA,FMCG,LONG_ENTRY,5550.0,5550.0,5582.0,5534.0,2.0,802,62,16.0,5548.915982494373,BULLISH,50.0,"{'has_inside_bar': True, 'inside_bar_type': 'BULLISH', 'mother_bar_high': 5550.0, 'mother_bar_low': 5534.0, 'inside_bar_high': 5549.5, 'inside_bar_low': 5545.5, 'entry_signal': 'LONG_ENTRY', 'bars_since_inside': 4, 'entry_long_price': 5550.0, 'entry_short_price': 5534.0, 'stop_loss_long': 5534.0, 'stop_loss_short': 5550.0}",08:54:06,13:24:06,50
ASIANPAINT,Industrials,HOLD,2511.39990234375,2511.39990234375,2511.39990234375,2511.39990234375,0.0,8886,0,0.0,2516.0581604790636,BEARISH,14.58433995371665,"{'has_inside_bar': False, 'inside_bar_type': 'NONE', 'mother_bar_high': 0, 'mother_bar_low': 0, 'inside_bar_high': 0, 'inside_bar_low': 0, 'entry_signal': 'NONE', 'bars_since_inside': 999, 'entry_long_price': 0, 'entry_short_price': 0, 'stop_loss_long': 0, 'stop_loss_short': 0}",08:54:06,13:24:06,50
NESTLEIND,FMCG,HOLD,1165.300048828125,1165.300048828125,1165.300048828125,1165.300048828125,0.0,1920,0,0.0,1165.5992308380928,BEARISH,30.70860086892999,"{'has_inside_bar': True, 'inside_bar_type': 'BULLISH', 'mother_bar_high': 1165.9000244140625, 'mother_bar_low': 1164.0, 'inside_bar_high': 1165.5999755859375, 'inside_bar_low': 1164.199951171875, 'entry_signal': 'LONG_ENTRY', 'bars_since_inside': 1, 'entry_long_price': 1165.9000244140625, 'entry_short_price': 1164.0, 'stop_loss_long': 1164.0, 'stop_loss_short': 1165.9000244140625}",08:54:06,13:24:06,50
INDHOTEL,Services,HOLD,788.4000244140625,788.4000244140625,788.4000244140625,788.4000244140625,0.0,11994,0,0.0,790.8162541448357,BEARISH,20.437676536367604,"{'has_inside_bar': True, 'inside_bar_type': 'BULLISH', 'mother_bar_high': 789.0999755859375, 'mother_bar_low': 788.0, 'inside_bar_high': 788.9000244140625, 'inside_bar_low': 788.3499755859375, 'entry_signal': 'LONG_ENTRY', 'bars_since_inside': 3, 'entry_long_price': 789.0999755859375, 'entry_short_price': 788.0, 'stop_loss_long': 788.0, 'stop_loss_short': 789.0999755859375}",08:54:06,13:24:06,50
COLPAL,FMCG,SHORT_ENTRY,2311.10009765625,2311.10009765625,2300.900390625,2316.199951171875,2.0,458,196,5.099853515625,2315.4851014630594,BEARISH,25.471589469562616,"{'has_inside_bar': True, 'inside_bar_type': 'BEARISH', 'mother_bar_high': 2316.199951171875, 'mother_bar_low': 2311.10009765625, 'inside_bar_high': 2314.89990234375, 'inside_bar_low': 2312.89990234375, 'entry_signal': 'SHORT_ENTRY', 'bars_since_inside': 3, 'entry_long_price': 2316.199951171875, 'entry_short_price': 2311.10009765625, 'stop_loss_long': 2311.10009765625, 'stop_loss_short': 2316.199951171875}",08:54:06,13:24:06,50
BALKRISIND,Auto,HOLD,2396.199951171875,2396.199951171875,2396.199951171875,2396.199951171875,0.0,124,0,0.0,2397.390198582646,BEARISH,41.935526212164966,"{'has_inside_bar': True, 'inside_bar_type': 'BULLISH', 'mother_bar_high': 2398.39990234375, 'mother_bar_low': 2397.0, 'inside_bar_high': 2397.699951171875, 'inside_bar_low': 2397.5, 'entry_signal': 'LONG_ENTRY', 'bars_since_inside': 2, 'entry_long_price': 2398.39990234375, 'entry_short_price': 2397.0, 'stop_loss_long': 2397.0, 'stop_loss_short': 2398.39990234375}",08:54:06,13:24:06,50
ITC,FMCG,HOLD,398.79998779296875,398.79998779296875,398.79998779296875,398.79998779296875,0.0,58662,0,0.0,399.1587690172687,BEARISH,32.30764896993371,"{'has_inside_bar': False, 'inside_bar_type': 'NONE', 'mother_bar_high': 0, 'mother_bar_low': 0, 'inside_bar_high': 0, 'inside_bar_low': 0, 'entry_signal': 'NONE', 'bars_since_inside': 999, 'entry_long_price': 0, 'entry_short_price': 0, 'stop_loss_long': 0, 'stop_loss_short': 0}",08:54:06,13:24:06,50
SRF,Industrials,HOLD,2926.89990234375,2926.89990234375,2926.89990234375,2926.89990234375,0.0,260,0,0.0,2928.123145119109,BEARISH,32.96006328768618,"{'has_inside_bar': False, 'inside_bar_type': 'NONE', 'mother_bar_high': 0, 'mother_bar_low': 0, 'inside_bar_high': 0, 'inside_bar_low': 0, 'entry_signal': 'NONE', 'bars_since_inside': 999, 'entry_long_price': 0, 'entry_short_price': 0, 'stop_loss_long': 0, 'stop_loss_short': 0}",08:54:06,13:24:06,50
EICHERMOT,Auto,LONG_ENTRY,5948.0,5950.5,5977.5,5937.0,2.0,950,74,13.5,5944.173281920849,BULLISH,60.0,"{'has_inside_bar': True, 'inside_bar_type': 'BULLISH', 'mother_bar_high': 5950.5, 'mother_bar_low': 5937.0, 'inside_bar_high': 5948.0, 'inside_bar_low': 5943.0, 'entry_signal': 'LONG_ENTRY', 'bars_since_inside': 2, 'entry_long_price': 5950.5, 'entry_short_price': 5937.0, 'stop_loss_long': 5937.0, 'stop_loss_short': 5950.5}",08:54:06,13:24:06,50
SUPREMEIND,FMCG,HOLD,4613.60009765625,4613.60009765625,4613.60009765625,4613.60009765625,0.0,335,0,0.0,4591.763413753327,BULLISH,89.27307286166842,"{'has_inside_bar': True, 'inside_bar_type': 'BEARISH', 'mother_bar_high': 4615.5, 'mother_bar_low': 4605.7001953125, 'inside_bar_high': 4615.0, 'inside_bar_low': 4611.89990234375, 'entry_signal': 'SHORT_ENTRY', 'bars_since_inside': 1, 'entry_long_price': 4615.5, 'entry_short_price': 4605.7001953125, 'stop_loss_long': 4605.7001953125, 'stop_loss_short': 4615.5}",08:54:06,13:24:06,50
PHOENIXLTD,Realty,HOLD,1590.699951171875,1590.699951171875,1590.699951171875,1590.699951171875,0.0,9619,0,0.0,1581.518517200679,BULLISH,71.30442782232097,"{'has_inside_bar': False, 'inside_bar_type': 'NONE', 'mother_bar_high': 0, 'mother_bar_low': 0, 'inside_bar_high': 0, 'inside_bar_low': 0, 'entry_signal': 'NONE', 'bars_since_inside': 999, 'entry_long_price': 0, 'entry_short_price': 0, 'stop_loss_long': 0, 'stop_loss_short': 0}",08:54:06,13:24:06,50
WIPRO,I.T,HOLD,249.35000610351562,249.35000610351562,249.35000610351562,249.35000610351562,0.0,27021,0,0.0,249.56265353679152,BEARISH,41.57919674909051,"{'has_inside_bar': False, 'inside_bar_type': 'NONE', 'mother_bar_high': 0, 'mother_bar_low': 0, 'inside_bar_high': 0, 'inside_bar_low': 0, 'entry_signal': 'NONE', 'bars_since_inside': 999, 'entry_long_price': 0, 'entry_short_price': 0, 'stop_loss_long': 0, 'stop_loss_short': 0}",08:54:06,13:24:06,50
APOLLOHOSP,Pharmaceuticals,HOLD,7941.0,7941.0,7941.0,7941.0,0.0,3936,0,0.0,7942.617056948925,BEARISH,41.89189189189189,"{'has_inside_bar': False, 'inside_bar_type': 'NONE', 'mother_bar_high': 0, 'mother_bar_low': 0, 'inside_bar_high': 0, 'inside_bar_low': 0, 'entry_signal': 'NONE', 'bars_since_inside': 999, 'entry_long_price': 0, 'entry_short_price': 0, 'stop_loss_long': 0, 'stop_loss_short': 0}",08:54:06,13:24:06,50
UPL,Industrials,LONG_ENTRY,715.7999877929688,716.0,717.699951171875,715.1500244140625,2.0,3048,1176,0.8499755859375,714.3898155982201,BULLISH,67.1873658913398,"{'has_inside_bar': True, 'inside_bar_type': 'BULLISH', 'mother_bar_high': 716.0, 'mother_bar_low': 715.1500244140625, 'inside_bar_high': 715.75, 'inside_bar_low': 715.25, 'entry_signal': 'LONG_ENTRY', 'bars_since_inside': 2, 'entry_long_price': 716.0, 'entry_short_price': 715.1500244140625, 'stop_loss_long': 715.1500244140625, 'stop_loss_short': 716.0}",08:54:06,13:24:06,50
SHRIRAMFIN,Finance,SHORT_ENTRY,615.3499755859375,615.0,613.0999755859375,615.9500122070312,2.0,17030,1052,0.95001220703125,615.506352943748,BEARISH,52.8299424184261,"{'has_inside_bar': True, 'inside_bar_type': 'BEARISH', 'mother_bar_high': 615.9500122070312, 'mother_bar_low': 615.0, 'inside_bar_high': 615.9000244140625, 'inside_bar_low': 615.0999755859375, 'entry_signal': 'SHORT_ENTRY', 'bars_since_inside': 4, 'entry_long_price': 615.9500122070312, 'entry_short_price': 615.0, 'stop_loss_long': 615.0, 'stop_loss_short': 615.9500122070312}",08:54:06,13:24:06,50
ADANIENT,Services,HOLD,2333.0,2333.0,2333.0,2333.0,0.0,3223,0,0.0,2334.061304233913,BEARISH,54.585385615898,"{'has_inside_bar': True, 'inside_bar_type': 'BULLISH', 'mother_bar_high': 2331.5, 'mother_bar_low': 2328.0, 'inside_bar_high': 2331.39990234375, 'inside_bar_low': 2330.0, 'entry_signal': 'LONG_ENTRY', 'bars_since_inside': 2, 'entry_long_price': 2331.5, 'entry_short_price': 2328.0, 'stop_loss_long': 2328.0, 'stop_loss_short': 2331.5}",08:54:06,13:24:06,50
CHOLAFIN,Finance,SHORT_ENTRY,1521.0999755859375,1520.0,1516.0,1522.0,2.0,5137,500,2.0,1521.3155077114204,BEARISH,46.031776787444294,"{'has_inside_bar': True, 'inside_bar_type': 'BEARISH', 'mother_bar_high': 1522.0, 'mother_bar_low': 1520.0, 'inside_bar_high': 1521.9000244140625, 'inside_bar_low': 1520.699951171875, 'entry_signal': 'SHORT_ENTRY', 'bars_since_inside': 1, 'entry_long_price': 1522.0, 'entry_short_price': 1520.0, 'stop_loss_long': 1520.0, 'stop_loss_short': 1522.0}",08:54:06,13:24:06,50
DELHIVERY,Services,HOLD,475.29998779296875,475.29998779296875,475.29998779296875,475.29998779296875,0.0,7271,0,0.0,474.3129132898007,BULLISH,71.7743245438302,"{'has_inside_bar': False, 'inside_bar_type': 'NONE', 'mother_bar_high': 0, 'mother_bar_low': 0, 'inside_bar_high': 0, 'inside_bar_low': 0, 'entry_signal': 'NONE', 'bars_since_inside': 999, 'entry_long_price': 0, 'entry_short_price': 0, 'stop_loss_long': 0, 'stop_loss_short': 0}",08:54:06,13:24:06,50
LICI,Services,HOLD,888.2999877929688,888.2999877929688,888.2999877929688,888.2999877929688,0.0,1687,0,0.0,888.6822637288664,BEARISH,50.0,"{'has_inside_bar': False, 'inside_bar_type': 'NONE', 'mother_bar_high': 0, 'mother_bar_low': 0, 'inside_bar_high': 0, 'inside_bar_low': 0, 'entry_signal': 'NONE', 'bars_since_inside': 999, 'entry_long_price': 0, 'entry_short_price': 0, 'stop_loss_long': 0, 'stop_loss_short': 0}",08:54:07,13:24:07,50
MOTHERSON,Auto,HOLD,95.69000244140625,95.69000244140625,95.69000244140625,95.69000244140625,0.0,22537,0,0.0,95.81756937168036,BEARISH,38.46244131455399,"{'has_inside_bar': False, 'inside_bar_type': 'NONE', 'mother_bar_high': 0, 'mother_bar_low': 0, 'inside_bar_high': 0, 'inside_bar_low': 0, 'entry_signal': 'NONE', 'bars_since_inside': 999, 'entry_long_price': 0, 'entry_short_price': 0, 'stop_loss_long': 0, 'stop_loss_short': 0}",08:54:07,13:24:07,50
HINDCOPPER,Metals,HOLD,237.66000366210938,237.66000366210938,237.66000366210938,237.66000366210938,0.0,398,0,0.0,237.84907494602692,BEARISH,45.65213785782997,"{'has_inside_bar': False, 'inside_bar_type': 'NONE', 'mother_bar_high': 0, 'mother_bar_low': 0, 'inside_bar_high': 0, 'inside_bar_low': 0, 'entry_signal': 'NONE', 'bars_since_inside': 999, 'entry_long_price': 0, 'entry_short_price': 0, 'stop_loss_long': 0, 'stop_loss_short': 0}",08:54:07,13:24:07,50
HAVELLS,FMCG,HOLD,1556.300048828125,1556.300048828125,1556.300048828125,1556.300048828125,0.0,1161,0,0.0,1555.1908040504818,BULLISH,56.25023841312226,"{'has_inside_bar': True, 'inside_bar_type': 'BEARISH', 'mother_bar_high': 1556.0999755859375, 'mother_bar_low': 1555.0, 'inside_bar_high': 1556.0, 'inside_bar_low': 1555.0999755859375, 'entry_signal': 'SHORT_ENTRY', 'bars_since_inside': 3, 'entry_long_price': 1556.0999755859375, 'entry_short_price': 1555.0, 'stop_loss_long': 1555.0, 'stop_loss_short': 1556.0999755859375}",08:54:07,13:24:07,50
PPLPHARMA,Pharmaceuticals,HOLD,192.97999572753906,192.97999572753906,192.97999572753906,192.97999572753906,0.0,16517,0,0.0,193.16865868291129,BEARISH,50.972813470364365,"{'has_inside_bar': False, 'inside_bar_type': 'NONE', 'mother_bar_high': 0, 'mother_bar_low': 0, 'inside_bar_high': 0, 'inside_bar_low': 0, 'entry_signal': 'NONE', 'bars_since_inside': 999, 'entry_long_price': 0, 'entry_short_price': 0, 'stop_loss_long': 0, 'stop_loss_short': 0}",08:54:07,13:24:07,50
KEI,Industrials,HOLD,4007.60009765625,4007.60009765625,4007.60009765625,4007.60009765625,0.0,543,0,0.0,4000.183114243714,BULLISH,69.85802095056705,"{'has_inside_bar': True, 'inside_bar_type': 'BEARISH', 'mother_bar_high': 4009.0, 'mother_bar_low': 3999.10009765625, 'inside_bar_high': 4006.10009765625, 'inside_bar_low': 4001.39990234375, 'entry_signal': 'SHORT_ENTRY', 'bars_since_inside': 2, 'entry_long_price': 4009.0, 'entry_short_price': 3999.10009765625, 'stop_loss_long': 3999.10009765625, 'stop_loss_short': 4009.0}",08:54:07,13:24:07,50
KAYNES,FMCG,HOLD,6224.0,6224.0,6224.0,6224.0,0.0,6200,0,0.0,6175.963550285521,BULLISH,79.11646586345381,"{'has_inside_bar': True, 'inside_bar_type': 'BEARISH', 'mother_bar_high': 6209.0, 'mother_bar_low': 6172.0, 'inside_bar_high': 6202.0, 'inside_bar_low': 6190.5, 'entry_signal': 'SHORT_ENTRY', 'bars_since_inside': 5, 'entry_long_price': 6209.0, 'entry_short_price': 6172.0, 'stop_loss_long': 6172.0, 'stop_loss_short': 6209.0}",08:54:07,13:24:07,50
PIIND,Industrials,HOLD,3849.199951171875,3849.199951171875,3849.199951171875,3849.199951171875,0.0,0,0,0.0,3851.1925376278873,BEARISH,41.21625522719212,"{'has_inside_bar': True, 'inside_bar_type': 'BULLISH', 'mother_bar_high': 3851.300048828125, 'mother_bar_low': 3849.10009765625, 'inside_bar_high': 3849.199951171875, 'inside_bar_low': 3849.199951171875, 'entry_signal': 'LONG_ENTRY', 'bars_since_inside': 1, 'entry_long_price': 3851.300048828125, 'entry_short_price': 3849.10009765625, 'stop_loss_long': 3849.10009765625, 'stop_loss_short': 3851.300048828125}",08:54:07,13:24:07,50
MANKIND,Pharmaceuticals,HOLD,2599.199951171875,2599.199951171875,2599.199951171875,2599.199951171875,0.0,2434,0,0.0,2601.014503656726,BEARISH,42.69966708141373,"{'has_inside_bar': True, 'inside_bar_type': 'BULLISH', 'mother_bar_high': 2596.5, 'mother_bar_low': 2590.89990234375, 'inside_bar_high': 2595.60009765625, 'inside_bar_low': 2591.60009765625, 'entry_signal': 'LONG_ENTRY', 'bars_since_inside': 3, 'entry_long_price': 2596.5, 'entry_short_price': 2590.89990234375, 'stop_loss_long': 2590.89990234375, 'stop_loss_short': 2596.5}",08:54:07,13:24:07,50
KFINTECH,Financial Services,LONG_ENTRY,1136.4000244140625,1138.5,1152.10009765625,1131.699951171875,2.0,6268,147,6.800048828125,1134.1089792976181,BULLISH,68.26923641229394,"{'has_inside_bar': True, 'inside_bar_type': 'BULLISH', 'mother_bar_high': 1138.5, 'mother_bar_low': 1131.699951171875, 'inside_bar_high': 1135.0, 'inside_bar_low': 1132.4000244140625, 'entry_signal': 'LONG_ENTRY', 'bars_since_inside': 3, 'entry_long_price': 1138.5, 'entry_short_price': 1131.699951171875, 'stop_loss_long': 1131.699951171875, 'stop_loss_short': 1138.5}",08:54:07,13:24:07,50
JIOFIN,Finance,HOLD,322.79998779296875,322.79998779296875,322.79998779296875,322.79998779296875,0.0,45845,0,0.0,323.32382909432687,BEARISH,26.314690481544545,"{'has_inside_bar': False, 'inside_bar_type': 'NONE', 'mother_bar_high': 0, 'mother_bar_low': 0, 'inside_bar_high': 0, 'inside_bar_low': 0, 'entry_signal': 'NONE', 'bars_since_inside': 999, 'entry_long_price': 0, 'entry_short_price': 0, 'stop_loss_long': 0, 'stop_loss_short': 0}",08:54:07,13:24:07,50
AARTIIND,Industrials,SHORT_ENTRY,382.8999938964844,382.6499938964844,380.6499938964844,383.6499938964844,2.0,280,1000,1.0,383.4603044390888,BEARISH,30.000261576960312,"{'has_inside_bar': True, 'inside_bar_type': 'BEARISH', 'mother_bar_high': 383.6499938964844, 'mother_bar_low': 382.6499938964844, 'inside_bar_high': 383.0, 'inside_bar_low': 382.8500061035156, 'entry_signal': 'SHORT_ENTRY', 'bars_since_inside': 1, 'entry_long_price': 383.6499938964844, 'entry_short_price': 382.6499938964844, 'stop_loss_long': 382.6499938964844, 'stop_loss_short': 383.6499938964844}",08:54:07,13:24:07,50
POONAWALLA,Finance,LONG_ENTRY,464.54998779296875,465.3999938964844,468.6000061035156,463.79998779296875,2.0,13372,624,1.600006103515625,463.1165600850829,BULLISH,56.66665697851847,"{'has_inside_bar': True, 'inside_bar_type': 'BULLISH', 'mother_bar_high': 465.3999938964844, 'mother_bar_low': 463.79998779296875, 'inside_bar_high': 464.6000061035156, 'inside_bar_low': 464.0, 'entry_signal': 'LONG_ENTRY', 'bars_since_inside': 1, 'entry_long_price': 465.3999938964844, 'entry_short_price': 463.79998779296875, 'stop_loss_long': 463.79998779296875, 'stop_loss_short': 465.3999938964844}",08:54:07,13:24:07,50
HUDCO,Finance,HOLD,213.8000030517578,213.8000030517578,213.8000030517578,213.8000030517578,0.0,7974,0,0.0,214.12567985849597,BEARISH,42.05621470537905,"{'has_inside_bar': True, 'inside_bar_type': 'BULLISH', 'mother_bar_high': 213.88999938964844, 'mother_bar_low': 213.61000061035156, 'inside_bar_high': 213.8300018310547, 'inside_bar_low': 213.67999267578125, 'entry_signal': 'LONG_ENTRY', 'bars_since_inside': 1, 'entry_long_price': 213.88999938964844, 'entry_short_price': 213.61000061035156, 'stop_loss_long': 213.61000061035156, 'stop_loss_short': 213.88999938964844}",08:54:07,13:24:07,50
DMART,FMCG,HOLD,4680.39990234375,4680.39990234375,4680.39990234375,4680.39990234375,0.0,1008,0,0.0,4672.521318544271,BULLISH,58.104422365088645,"{'has_inside_bar': True, 'inside_bar_type': 'BEARISH', 'mother_bar_high': 4680.60009765625, 'mother_bar_low': 4674.0, 'inside_bar_high': 4680.10009765625, 'inside_bar_low': 4675.39990234375, 'entry_signal': 'SHORT_ENTRY', 'bars_since_inside': 2, 'entry_long_price': 4680.60009765625, 'entry_short_price': 4674.0, 'stop_loss_long': 4674.0, 'stop_loss_short': 4680.60009765625}",08:54:07,13:24:07,50
BSE,Financial Services,LONG_ENTRY,2325.39990234375,2327.0,2348.0,2316.5,2.0,36028,95,10.5,2320.8215968145396,BULLISH,72.28873135864929,"{'has_inside_bar': True, 'inside_bar_type': 'BULLISH', 'mother_bar_high': 2327.0, 'mother_bar_low': 2316.5, 'inside_bar_high': 2325.89990234375, 'inside_bar_low': 2320.5, 'entry_signal': 'LONG_ENTRY', 'bars_since_inside': 2, 'entry_long_price': 2327.0, 'entry_short_price': 2316.5, 'stop_loss_long': 2316.5, 'stop_loss_short': 2327.0}",08:54:07,13:24:07,50
AUBANK,Bank,HOLD,749.9500122070312,749.9500122070312,749.9500122070312,749.9500122070312,0.0,19507,0,0.0,753.1289300096536,BEARISH,8.411385545604915,"{'has_inside_bar': False, 'inside_bar_type': 'NONE', 'mother_bar_high': 0, 'mother_bar_low': 0, 'inside_bar_high': 0, 'inside_bar_low': 0, 'entry_signal': 'NONE', 'bars_since_inside': 999, 'entry_long_price': 0, 'entry_short_price': 0, 'stop_loss_long': 0, 'stop_loss_short': 0}",08:54:07,13:24:07,50
DIXON,FMCG,HOLD,16890.0,16890.0,16890.0,16890.0,0.0,8913,0,0.0,16919.400337612067,BEARISH,30.41666666666667,"{'has_inside_bar': False, 'inside_bar_type': 'NONE', 'mother_bar_high': 0, 'mother_bar_low': 0, 'inside_bar_high': 0, 'inside_bar_low': 0, 'entry_signal': 'NONE', 'bars_since_inside': 999, 'entry_long_price': 0, 'entry_short_price': 0, 'stop_loss_long': 0, 'stop_loss_short': 0}",08:54:07,13:24:07,50
CDSL,Financial Services,HOLD,1578.199951171875,1578.199951171875,1578.199951171875,1578.199951171875,0.0,9780,0,0.0,1576.4318684880284,BULLISH,54.87789447045426,"{'has_inside_bar': True, 'inside_bar_type': 'BEARISH', 'mother_bar_high': 1577.0, 'mother_bar_low': 1574.4000244140625, 'inside_bar_high': 1576.5, 'inside_bar_low': 1575.5999755859375, 'entry_signal': 'SHORT_ENTRY', 'bars_since_inside': 2, 'entry_long_price': 1577.0, 'entry_short_price': 1574.4000244140625, 'stop_loss_long': 1574.4000244140625, 'stop_loss_short': 1577.0}",08:54:07,13:24:07,50
SUNPHARMA,Pharmaceuticals,HOLD,1645.300048828125,1645.300048828125,1645.300048828125,1645.300048828125,0.0,30395,0,0.0,1645.4058775234923,BEARISH,43.01127488941683,"{'has_inside_bar': True, 'inside_bar_type': 'BULLISH', 'mother_bar_high': 1644.5, 'mother_bar_low': 1642.4000244140625, 'inside_bar_high': 1643.699951171875, 'inside_bar_low': 1642.5, 'entry_signal': 'LONG_ENTRY', 'bars_since_inside': 2, 'entry_long_price': 1644.5, 'entry_short_price': 1642.4000244140625, 'stop_loss_long': 1642.4000244140625, 'stop_loss_short': 1644.5}",08:54:07,13:24:07,50
AUROPHARMA,Pharmaceuticals,LONG_ENTRY,1052.0999755859375,1052.9000244140625,1055.0999755859375,1051.800048828125,2.0,2813,909,1.0999755859375,1050.7525197148386,BULLISH,53.33322482992091,"{'has_inside_bar': True, 'inside_bar_type': 'BULLISH', 'mother_bar_high': 1052.9000244140625, 'mother_bar_low': 1051.800048828125, 'inside_bar_high': 1052.5999755859375, 'inside_bar_low': 1052.0999755859375, 'entry_signal': 'LONG_ENTRY', 'bars_since_inside': 3, 'entry_long_price': 1052.9000244140625, 'entry_short_price': 1051.800048828125, 'stop_loss_long': 1051.800048828125, 'stop_loss_short': 1052.9000244140625}",08:54:07,13:24:07,50
ABCAPITAL,Finance,HOLD,288.29998779296875,288.29998779296875,288.29998779296875,288.29998779296875,0.0,3907,0,0.0,288.1156407290981,BULLISH,55.10214250124564,"{'has_inside_bar': False, 'inside_bar_type': 'NONE', 'mother_bar_high': 0, 'mother_bar_low': 0, 'inside_bar_high': 0, 'inside_bar_low': 0, 'entry_signal': 'NONE', 'bars_since_inside': 999, 'entry_long_price': 0, 'entry_short_price': 0, 'stop_loss_long': 0, 'stop_loss_short': 0}",08:54:07,13:24:07,50
IREDA,Finance,HOLD,148.1199951171875,148.1199951171875,148.1199951171875,148.1199951171875,0.0,7475,0,0.0,148.30866950117561,BEARISH,35.513818772995634,"{'has_inside_bar': False, 'inside_bar_type': 'NONE', 'mother_bar_high': 0, 'mother_bar_low': 0, 'inside_bar_high': 0, 'inside_bar_low': 0, 'entry_signal': 'NONE', 'bars_since_inside': 999, 'entry_long_price': 0, 'entry_short_price': 0, 'stop_loss_long': 0, 'stop_loss_short': 0}",08:54:07,13:24:07,50
MPHASIS,I.T,SHORT_ENTRY,2865.0,2862.800048828125,2852.600341796875,2867.89990234375,2.0,2283,196,5.099853515625,2866.2697367292853,BEARISH,42.666956002821024,"{'has_inside_bar': True, 'inside_bar_type': 'BEARISH', 'mother_bar_high': 2867.89990234375, 'mother_bar_low': 2862.800048828125, 'inside_bar_high': 2867.60009765625, 'inside_bar_low': 2863.10009765625, 'entry_signal': 'SHORT_ENTRY', 'bars_since_inside': 4, 'entry_long_price': 2867.89990234375, 'entry_short_price': 2862.800048828125, 'stop_loss_long': 2862.800048828125, 'stop_loss_short': 2867.89990234375}",08:54:07,13:24:07,50
NMDC,Industrials,HOLD,70.83999633789062,70.83999633789062,70.83999633789062,70.83999633789062,0.0,42302,0,0.0,70.90075927648877,BEARISH,34.99993642155056,"{'has_inside_bar': True, 'inside_bar_type': 'BULLISH', 'mother_bar_high': 70.87000274658203, 'mother_bar_low': 70.6500015258789, 'inside_bar_high': 70.80000305175781, 'inside_bar_low': 70.68000030517578, 'entry_signal': 'LONG_ENTRY', 'bars_since_inside': 2, 'entry_long_price': 70.87000274658203, 'entry_short_price': 70.6500015258789, 'stop_loss_long': 70.6500015258789, 'stop_loss_short': 70.87000274658203}",08:54:07,13:24:07,50
TATATECH,I.T,HOLD,685.75,685.75,685.75,685.75,0.0,362,0,0.0,685.1358349455812,BULLISH,55.39572136157656,"{'has_inside_bar': True, 'inside_bar_type': 'BEARISH', 'mother_bar_high': 686.4000244140625, 'mother_bar_low': 683.75, 'inside_bar_high': 686.3499755859375, 'inside_bar_low': 685.2000122070312, 'entry_signal': 'SHORT_ENTRY', 'bars_since_inside': 3, 'entry_long_price': 686.4000244140625, 'entry_short_price': 683.75, 'stop_loss_long': 683.75, 'stop_loss_short': 686.4000244140625}",08:54:07,13:24:07,50
IEX,Financial Services,HOLD,145.14999389648438,145.14999389648438,145.14999389648438,145.14999389648438,0.0,42067,0,0.0,145.4706884061528,BEARISH,20.1833834954854,"{'has_inside_bar': True, 'inside_bar_type': 'BULLISH', 'mother_bar_high': 145.33999633789062, 'mother_bar_low': 145.11000061035156, 'inside_bar_high': 145.32000732421875, 'inside_bar_low': 145.22000122070312, 'entry_signal': 'LONG_ENTRY', 'bars_since_inside': 2, 'entry_long_price': 145.33999633789062, 'entry_short_price': 145.11000061035156, 'stop_loss_long': 145.11000061035156, 'stop_loss_short': 145.33999633789062}",08:54:07,13:24:07,50
ICICIGI,Services,HOLD,1918.5,1918.5,1918.5,1918.5,0.0,25261,0,0.0,1922.0210624035446,BEARISH,29.956933405944085,"{'has_inside_bar': False, 'inside_bar_type': 'NONE', 'mother_bar_high': 0, 'mother_bar_low': 0, 'inside_bar_high': 0, 'inside_bar_low': 0, 'entry_signal': 'NONE', 'bars_since_inside': 999, 'entry_long_price': 0, 'entry_short_price': 0, 'stop_loss_long': 0, 'stop_loss_short': 0}",08:54:07,13:24:07,50
SBILIFE,Services,HOLD,1863.0,1863.0,1863.0,1863.0,0.0,2415,0,0.0,1863.301397273961,BEARISH,32.63906549344726,"{'has_inside_bar': False, 'inside_bar_type': 'NONE', 'mother_bar_high': 0, 'mother_bar_low': 0, 'inside_bar_high': 0, 'inside_bar_low': 0, 'entry_signal': 'NONE', 'bars_since_inside': 999, 'entry_long_price': 0, 'entry_short_price': 0, 'stop_loss_long': 0, 'stop_loss_short': 0}",08:54:07,13:24:07,50
HDFCLIFE,Services,HOLD,790.0499877929688,790.0499877929688,790.0499877929688,790.0499877929688,0.0,11629,0,0.0,790.0884923774311,BEARISH,51.6479094286979,"{'has_inside_bar': True, 'inside_bar_type': 'BULLISH', 'mother_bar_high': 790.9000244140625, 'mother_bar_low': 789.9000244140625, 'inside_bar_high': 790.75, 'inside_bar_low': 790.0, 'entry_signal': 'LONG_ENTRY', 'bars_since_inside': 2, 'entry_long_price': 790.9000244140625, 'entry_short_price': 789.9000244140625, 'stop_loss_long': 789.9000244140625, 'stop_loss_short': 790.9000244140625}",08:54:07,13:24:07,50
TIINDIA,Metals,SHORT_ENTRY,3083.300048828125,3083.10009765625,3065.50048828125,3091.89990234375,2.0,729,113,8.7998046875,3096.60501458603,BEARISH,27.88595983923983,"{'has_inside_bar': True, 'inside_bar_type': 'BEARISH', 'mother_bar_high': 3091.89990234375, 'mother_bar_low': 3083.10009765625, 'inside_bar_high': 3091.5, 'inside_bar_low': 3085.199951171875, 'entry_signal': 'SHORT_ENTRY', 'bars_since_inside': 2, 'entry_long_price': 3091.89990234375, 'entry_short_price': 3083.10009765625, 'stop_loss_long': 3083.10009765625, 'stop_loss_short': 3091.89990234375}",08:54:07,13:24:07,50
AMBER,FMCG,HOLD,7320.5,7320.5,7320.5,7320.5,0.0,5119,0,0.0,7327.5949412530645,BEARISH,38.86010362694301,"{'has_inside_bar': True, 'inside_bar_type': 'BULLISH', 'mother_bar_high': 7311.5, 'mother_bar_low': 7283.5, 'inside_bar_high': 7295.5, 'inside_bar_low': 7288.0, 'entry_signal': 'LONG_ENTRY', 'bars_since_inside': 4, 'entry_long_price': 7311.5, 'entry_short_price': 7283.5, 'stop_loss_long': 7283.5, 'stop_loss_short': 7311.5}",08:54:07,13:24:07,50
HDFCAMC,Finance,LONG_ENTRY,5855.5,5857.5,5870.5,5851.0,2.0,4622,153,6.5,5852.40427128101,BULLISH,44.96124031007753,"{'has_inside_bar': True, 'inside_bar_type': 'BULLISH', 'mother_bar_high': 5857.5, 'mother_bar_low': 5851.0, 'inside_bar_high': 5855.0, 'inside_bar_low': 5854.5, 'entry_signal': 'LONG_ENTRY', 'bars_since_inside': 3, 'entry_long_price': 5857.5, 'entry_short_price': 5851.0, 'stop_loss_long': 5851.0, 'stop_loss_short': 5857.5}",08:54:07,13:24:07,50
BANDHANBNK,Bank,SHORT_ENTRY,173.75,173.61000061035156,172.5699920654297,174.1300048828125,2.0,26448,1923,0.5200042724609375,174.0170534999581,BEARISH,38.80595315364556,"{'has_inside_bar': True, 'inside_bar_type': 'BEARISH', 'mother_bar_high': 174.1300048828125, 'mother_bar_low': 173.61000061035156, 'inside_bar_high': 174.0800018310547, 'inside_bar_low': 173.6300048828125, 'entry_signal': 'SHORT_ENTRY', 'bars_since_inside': 1, 'entry_long_price': 174.1300048828125, 'entry_short_price': 173.61000061035156, 'stop_loss_long': 173.61000061035156, 'stop_loss_short': 174.1300048828125}",08:54:07,13:24:07,50
ADANIGREEN,Miscellaneous,SHORT_ENTRY,959.2000122070312,958.0,954.4000244140625,959.7999877929688,2.0,1060,555,1.79998779296875,959.2786228402165,BEARISH,38.98319988413713,"{'has_inside_bar': True, 'inside_bar_type': 'BEARISH', 'mother_bar_high': 959.7999877929688, 'mother_bar_low': 958.0, 'inside_bar_high': 959.2000122070312, 'inside_bar_low': 958.1500244140625, 'entry_signal': 'SHORT_ENTRY', 'bars_since_inside': 2, 'entry_long_price': 959.7999877929688, 'entry_short_price': 958.0, 'stop_loss_long': 958.0, 'stop_loss_short': 959.7999877929688}",08:54:07,13:24:07,50
BDL,Aerospace & Defence,LONG_ENTRY,1526.5,1527.0999755859375,1531.2999267578125,1525.0,2.0,5127,476,2.0999755859375,1525.002037237216,BULLISH,62.672839575621886,"{'has_inside_bar': True, 'inside_bar_type': 'BULLISH', 'mother_bar_high': 1527.0999755859375, 'mother_bar_low': 1525.0, 'inside_bar_high': 1526.300048828125, 'inside_bar_low': 1525.0999755859375, 'entry_signal': 'LONG_ENTRY', 'bars_since_inside': 2, 'entry_long_price': 1527.0999755859375, 'entry_short_price': 1525.0, 'stop_loss_long': 1525.0, 'stop_loss_short': 1527.0999755859375}",08:54:07,13:24:07,50
IOC,Industrials,SHORT_ENTRY,140.14999389648438,140.1199951171875,139.8599853515625,140.25,2.0,18715,7692,0.1300048828125,140.25558413006368,BEARISH,43.243298969072164,"{'has_inside_bar': True, 'inside_bar_type': 'BEARISH', 'mother_bar_high': 140.25, 'mother_bar_low': 140.1199951171875, 'inside_bar_high': 140.1999969482422, 'inside_bar_low': 140.13999938964844, 'entry_signal': 'SHORT_ENTRY', 'bars_since_inside': 2, 'entry_long_price': 140.25, 'entry_short_price': 140.1199951171875, 'stop_loss_long': 140.1199951171875, 'stop_loss_short': 140.25}",08:54:07,13:24:07,50
HAL,Aerospace & Defence,HOLD,4496.0,4496.0,4496.0,4496.0,0.0,6497,0,0.0,4508.11688584692,BEARISH,25.231426536909566,"{'has_inside_bar': True, 'inside_bar_type': 'BULLISH', 'mother_bar_high': 4501.0, 'mother_bar_low': 4497.0, 'inside_bar_high': 4500.0, 'inside_bar_low': 4497.2998046875, 'entry_signal': 'LONG_ENTRY', 'bars_since_inside': 2, 'entry_long_price': 4501.0, 'entry_short_price': 4497.0, 'stop_loss_long': 4497.0, 'stop_loss_short': 4501.0}",08:54:07,13:24:07,50
ATGL,Industrials,HOLD,616.5999755859375,616.5999755859375,616.5999755859375,616.5999755859375,0.0,639,0,0.0,617.2040401805764,BEARISH,33.683277222379274,"{'has_inside_bar': True, 'inside_bar_type': 'BULLISH', 'mother_bar_high': 616.8499755859375, 'mother_bar_low': 615.4500122070312, 'inside_bar_high': 616.5499877929688, 'inside_bar_low': 616.0999755859375, 'entry_signal': 'LONG_ENTRY', 'bars_since_inside': 2, 'entry_long_price': 616.8499755859375, 'entry_short_price': 615.4500122070312, 'stop_loss_long': 615.4500122070312, 'stop_loss_short': 616.8499755859375}",08:54:07,13:24:07,50
MANAPPURAM,Finance,HOLD,267.6499938964844,267.6499938964844,267.6499938964844,267.6499938964844,0.0,3335,0,0.0,267.49220827771273,BULLISH,57.1426495378713,"{'has_inside_bar': False, 'inside_bar_type': 'NONE', 'mother_bar_high': 0, 'mother_bar_low': 0, 'inside_bar_high': 0, 'inside_bar_low': 0, 'entry_signal': 'NONE', 'bars_since_inside': 999, 'entry_long_price': 0, 'entry_short_price': 0, 'stop_loss_long': 0, 'stop_loss_short': 0}",08:54:07,13:24:07,50
CONCOR,Services,SHORT_ENTRY,552.4500122070312,552.2000122070312,550.2999877929688,553.1500244140625,2.0,3493,1052,0.95001220703125,552.6813557584371,BEARISH,44.96162908430246,"{'has_inside_bar': True, 'inside_bar_type': 'BEARISH', 'mother_bar_high': 553.1500244140625, 'mother_bar_low': 552.2000122070312, 'inside_bar_high': 553.0499877929688, 'inside_bar_low': 552.7999877929688, 'entry_signal': 'SHORT_ENTRY', 'bars_since_inside': 4, 'entry_long_price': 553.1500244140625, 'entry_short_price': 552.2000122070312, 'stop_loss_long': 552.2000122070312, 'stop_loss_short': 553.1500244140625}",08:54:07,13:24:07,50
RVNL,Realty,HOLD,324.20001220703125,324.20001220703125,324.20001220703125,324.20001220703125,0.0,12267,0,0.0,324.54916993376304,BEARISH,25.641266413133636,"{'has_inside_bar': False, 'inside_bar_type': 'NONE', 'mother_bar_high': 0, 'mother_bar_low': 0, 'inside_bar_high': 0, 'inside_bar_low': 0, 'entry_signal': 'NONE', 'bars_since_inside': 999, 'entry_long_price': 0, 'entry_short_price': 0, 'stop_loss_long': 0, 'stop_loss_short': 0}",08:54:07,13:24:07,50
POLYCAB,Industrials,HOLD,7139.5,7139.5,7139.5,7139.5,0.0,895,0,0.0,7139.792479164462,BEARISH,51.40845070422536,"{'has_inside_bar': True, 'inside_bar_type': 'BULLISH', 'mother_bar_high': 7146.0, 'mother_bar_low': 7133.0, 'inside_bar_high': 7142.5, 'inside_bar_low': 7136.0, 'entry_signal': 'LONG_ENTRY', 'bars_since_inside': 4, 'entry_long_price': 7146.0, 'entry_short_price': 7133.0, 'stop_loss_long': 7133.0, 'stop_loss_short': 7146.0}",08:54:07,13:24:07,50
KPITTECH,I.T,HOLD,1207.300048828125,1207.300048828125,1207.300048828125,1207.300048828125,0.0,11292,0,0.0,1203.624735257157,BULLISH,79.24502228312816,"{'has_inside_bar': False, 'inside_bar_type': 'NONE', 'mother_bar_high': 0, 'mother_bar_low': 0, 'inside_bar_high': 0, 'inside_bar_low': 0, 'entry_signal': 'NONE', 'bars_since_inside': 999, 'entry_long_price': 0, 'entry_short_price': 0, 'stop_loss_long': 0, 'stop_loss_short': 0}",08:54:07,13:24:07,50
SBICARD,Finance,HOLD,825.2000122070312,825.2000122070312,825.2000122070312,825.2000122070312,0.0,1560,0,0.0,825.3578776052495,BEARISH,39.21587400368607,"{'has_inside_bar': True, 'inside_bar_type': 'BULLISH', 'mother_bar_high': 825.5499877929688, 'mother_bar_low': 824.0999755859375, 'inside_bar_high': 825.4000244140625, 'inside_bar_low': 824.25, 'entry_signal': 'LONG_ENTRY', 'bars_since_inside': 1, 'entry_long_price': 825.5499877929688, 'entry_short_price': 824.0999755859375, 'stop_loss_long': 824.0999755859375, 'stop_loss_short': 825.5499877929688}",08:54:07,13:24:07,50
IRCTC,Miscellaneous,HOLD,724.9000244140625,724.9000244140625,724.9000244140625,724.9000244140625,0.0,2540,0,0.0,724.2919837168005,BULLISH,68.96558981374304,"{'has_inside_bar': False, 'inside_bar_type': 'NONE', 'mother_bar_high': 0, 'mother_bar_low': 0, 'inside_bar_high': 0, 'inside_bar_low': 0, 'entry_signal': 'NONE', 'bars_since_inside': 999, 'entry_long_price': 0, 'entry_short_price': 0, 'stop_loss_long': 0, 'stop_loss_short': 0}",08:54:07,13:24:07,50
MARICO,FMCG,HOLD,733.4500122070312,733.4500122070312,733.4500122070312,733.4500122070312,0.0,2605,0,0.0,731.7398018446938,BULLISH,69.09077458015832,"{'has_inside_bar': False, 'inside_bar_type': 'NONE', 'mother_bar_high': 0, 'mother_bar_low': 0, 'inside_bar_high': 0, 'inside_bar_low': 0, 'entry_signal': 'NONE', 'bars_since_inside': 999, 'entry_long_price': 0, 'entry_short_price': 0, 'stop_loss_long': 0, 'stop_loss_short': 0}",08:54:07,13:24:07,50
360ONE,Finance,HOLD,1079.5999755859375,1079.5999755859375,1079.5999755859375,1079.5999755859375,0.0,1722,0,0.0,1079.930902570957,BEARISH,60.4160309225918,"{'has_inside_bar': False, 'inside_bar_type': 'NONE', 'mother_bar_high': 0, 'mother_bar_low': 0, 'inside_bar_high': 0, 'inside_bar_low': 0, 'entry_signal': 'NONE', 'bars_since_inside': 999, 'entry_long_price': 0, 'entry_short_price': 0, 'stop_loss_long': 0, 'stop_loss_short': 0}",08:54:07,13:24:07,50
MAXHEALTH,Pharmaceuticals,HOLD,1240.9000244140625,1240.9000244140625,1240.9000244140625,1240.9000244140625,0.0,8846,0,0.0,1239.2064981014364,BULLISH,56.86281549563781,"{'has_inside_bar': False, 'inside_bar_type': 'NONE', 'mother_bar_high': 0, 'mother_bar_low': 0, 'inside_bar_high': 0, 'inside_bar_low': 0, 'entry_signal': 'NONE', 'bars_since_inside': 999, 'entry_long_price': 0, 'entry_short_price': 0, 'stop_loss_long': 0, 'stop_loss_short': 0}",08:54:07,13:24:07,50
BANKINDIA,Bank,HOLD,116.0999984741211,116.0999984741211,116.0999984741211,116.0999984741211,0.0,27040,0,0.0,116.1187766830217,BEARISH,43.58934230603702,"{'has_inside_bar': False, 'inside_bar_type': 'NONE', 'mother_bar_high': 0, 'mother_bar_low': 0, 'inside_bar_high': 0, 'inside_bar_low': 0, 'entry_signal': 'NONE', 'bars_since_inside': 999, 'entry_long_price': 0, 'entry_short_price': 0, 'stop_loss_long': 0, 'stop_loss_short': 0}",08:54:08,13:24:08,50
BANKBARODA,Bank,SHORT_ENTRY,241.25999450683594,241.0,240.0,241.5,2.0,22469,2000,0.5,241.68682609641962,BEARISH,28.275419358912302,"{'has_inside_bar': True, 'inside_bar_type': 'BEARISH', 'mother_bar_high': 241.5, 'mother_bar_low': 241.0, 'inside_bar_high': 241.33999633789062, 'inside_bar_low': 241.1300048828125, 'entry_signal': 'SHORT_ENTRY', 'bars_since_inside': 4, 'entry_long_price': 241.5, 'entry_short_price': 241.0, 'stop_loss_long': 241.0, 'stop_loss_short': 241.5}",08:54:08,13:24:08,50
CAMS,Financial Services,LONG_ENTRY,3905.0,3908.0,3924.0,3900.0,2.0,611,125,8.0,3900.601878800023,BULLISH,62.95283756673127,"{'has_inside_bar': True, 'inside_bar_type': 'BULLISH', 'mother_bar_high': 3908.0, 'mother_bar_low': 3900.0, 'inside_bar_high': 3907.300048828125, 'inside_bar_low': 3904.0, 'entry_signal': 'LONG_ENTRY', 'bars_since_inside': 3, 'entry_long_price': 3908.0, 'entry_short_price': 3900.0, 'stop_loss_long': 3900.0, 'stop_loss_short': 3908.0}",08:54:08,13:24:08,50
ANGELONE,Services,SHORT_ENTRY,2522.300048828125,2519.60009765625,2509.00048828125,2524.89990234375,2.0,3075,188,5.2998046875,2528.2650539595525,BEARISH,28.839208156174266,"{'has_inside_bar': True, 'inside_bar_type': 'BEARISH', 'mother_bar_high': 2524.89990234375, 'mother_bar_low': 2519.60009765625, 'inside_bar_high': 2523.39990234375, 'inside_bar_low': 2520.199951171875, 'entry_signal': 'SHORT_ENTRY', 'bars_since_inside': 2, 'entry_long_price': 2524.89990234375, 'entry_short_price': 2519.60009765625, 'stop_loss_long': 2519.60009765625, 'stop_loss_short': 2524.89990234375}",08:54:08,13:24:08,50
ICICIBANK,Bank,LONG_ENTRY,1440.300048828125,1441.0,1443.39990234375,1439.800048828125,2.0,33516,833,1.199951171875,1438.958899862767,BULLISH,67.47018075390113,"{'has_inside_bar': True, 'inside_bar_type': 'BULLISH', 'mother_bar_high': 1441.0, 'mother_bar_low': 1439.800048828125, 'inside_bar_high': 1440.699951171875, 'inside_bar_low': 1440.0, 'entry_signal': 'LONG_ENTRY', 'bars_since_inside': 5, 'entry_long_price': 1441.0, 'entry_short_price': 1439.800048828125, 'stop_loss_long': 1439.800048828125, 'stop_loss_short': 1441.0}",08:54:08,13:24:08,50
GAIL,Industrials,HOLD,176.75,176.75,176.75,176.75,0.0,25389,0,0.0,176.88639824193098,BEARISH,36.55947497949139,"{'has_inside_bar': False, 'inside_bar_type': 'NONE', 'mother_bar_high': 0, 'mother_bar_low': 0, 'inside_bar_high': 0, 'inside_bar_low': 0, 'entry_signal': 'NONE', 'bars_since_inside': 999, 'entry_long_price': 0, 'entry_short_price': 0, 'stop_loss_long': 0, 'stop_loss_short': 0}",08:54:08,13:24:08,50
CYIENT,I.T,LONG_ENTRY,1231.5,1233.0,1237.60009765625,1230.699951171875,2.0,332,434,2.300048828125,1230.960123766119,BULLISH,58.427058758983925,"{'has_inside_bar': True, 'inside_bar_type': 'BULLISH', 'mother_bar_high': 1233.0, 'mother_bar_low': 1230.699951171875, 'inside_bar_high': 1232.199951171875, 'inside_bar_low': 1230.9000244140625, 'entry_signal': 'LONG_ENTRY', 'bars_since_inside': 1, 'entry_long_price': 1233.0, 'entry_short_price': 1230.699951171875, 'stop_loss_long': 1230.699951171875, 'stop_loss_short': 1233.0}",08:54:08,13:24:08,50
MAZDOCK,Aerospace & Defence,HOLD,2732.0,2732.0,2732.0,2732.0,0.0,1348,0,0.0,2732.902617759773,BEARISH,53.456267860759205,"{'has_inside_bar': True, 'inside_bar_type': 'BULLISH', 'mother_bar_high': 2732.89990234375, 'mother_bar_low': 2729.800048828125, 'inside_bar_high': 2732.39990234375, 'inside_bar_low': 2730.5, 'entry_signal': 'LONG_ENTRY', 'bars_since_inside': 2, 'entry_long_price': 2732.89990234375, 'entry_short_price': 2729.800048828125, 'stop_loss_long': 2729.800048828125, 'stop_loss_short': 2732.89990234375}",08:54:08,13:24:08,50
INDUSINDBK,Bank,SHORT_ENTRY,762.6500244140625,761.4500122070312,757.6500854492188,763.3499755859375,2.0,15119,526,1.89996337890625,764.5691654465791,BEARISH,27.638600925028527,"{'has_inside_bar': True, 'inside_bar_type': 'BEARISH', 'mother_bar_high': 763.3499755859375, 'mother_bar_low': 761.4500122070312, 'inside_bar_high': 763.2000122070312, 'inside_bar_low': 762.2000122070312, 'entry_signal': 'SHORT_ENTRY', 'bars_since_inside': 3, 'entry_long_price': 763.3499755859375, 'entry_short_price': 761.4500122070312, 'stop_loss_long': 761.4500122070312, 'stop_loss_short': 763.3499755859375}",08:54:08,13:24:08,50
NATIONALUM,Metals,SHORT_ENTRY,189.5,189.39999389648438,188.29998779296875,189.9499969482422,2.0,10350,1818,0.5500030517578125,189.99369078880565,BEARISH,29.45129598662207,"{'has_inside_bar': True, 'inside_bar_type': 'BEARISH', 'mother_bar_high': 189.9499969482422, 'mother_bar_low': 189.39999389648438, 'inside_bar_high': 189.72000122070312, 'inside_bar_low': 189.60000610351562, 'entry_signal': 'SHORT_ENTRY', 'bars_since_inside': 3, 'entry_long_price': 189.9499969482422, 'entry_short_price': 189.39999389648438, 'stop_loss_long': 189.39999389648438, 'stop_loss_short': 189.9499969482422}",08:54:08,13:24:08,50
AXISBANK,Bank,HOLD,1071.4000244140625,1071.4000244140625,1071.4000244140625,1071.4000244140625,0.0,11975,0,0.0,1071.8731887262977,BEARISH,30.769953051643185,"{'has_inside_bar': True, 'inside_bar_type': 'BULLISH', 'mother_bar_high': 1071.5999755859375, 'mother_bar_low': 1070.0999755859375, 'inside_bar_high': 1071.5, 'inside_bar_low': 1070.300048828125, 'entry_signal': 'LONG_ENTRY', 'bars_since_inside': 4, 'entry_long_price': 1071.5999755859375, 'entry_short_price': 1070.0999755859375, 'stop_loss_long': 1070.0999755859375, 'stop_loss_short': 1071.5999755859375}",08:54:08,13:24:08,50
GLENMARK,Pharmaceuticals,HOLD,1932.5,1932.5,1932.5,1932.5,0.0,1949,0,0.0,1937.1202495953983,BEARISH,36.5515267336235,"{'has_inside_bar': False, 'inside_bar_type': 'NONE', 'mother_bar_high': 0, 'mother_bar_low': 0, 'inside_bar_high': 0, 'inside_bar_low': 0, 'entry_signal': 'NONE', 'bars_since_inside': 999, 'entry_long_price': 0, 'entry_short_price': 0, 'stop_loss_long': 0, 'stop_loss_short': 0}",08:54:08,13:24:08,50
HCLTECH,I.T,HOLD,1470.5999755859375,1470.5999755859375,1470.5999755859375,1470.5999755859375,0.0,8603,0,0.0,1471.7508298028488,BEARISH,48.83753938740171,"{'has_inside_bar': True, 'inside_bar_type': 'BULLISH', 'mother_bar_high': 1472.0999755859375, 'mother_bar_low': 1470.5, 'inside_bar_high': 1471.9000244140625, 'inside_bar_low': 1470.9000244140625, 'entry_signal': 'LONG_ENTRY', 'bars_since_inside': 3, 'entry_long_price': 1472.0999755859375, 'entry_short_price': 1470.5, 'stop_loss_long': 1470.5, 'stop_loss_short': 1472.0999755859375}",08:54:08,13:24:08,50
ZYDUSLIFE,Pharmaceuticals,LONG_ENTRY,990.2000122070312,990.5,992.0999755859375,989.7000122070312,2.0,428,1250,0.79998779296875,990.1524411394103,BULLISH,46.55189347701028,"{'has_inside_bar': True, 'inside_bar_type': 'BULLISH', 'mother_bar_high': 990.5, 'mother_bar_low': 989.7000122070312, 'inside_bar_high': 990.4500122070312, 'inside_bar_low': 989.75, 'entry_signal': 'LONG_ENTRY', 'bars_since_inside': 5, 'entry_long_price': 990.5, 'entry_short_price': 989.7000122070312, 'stop_loss_long': 989.7000122070312, 'stop_loss_short': 990.5}",08:54:08,13:24:08,50
JINDALSTEL,Metals,SHORT_ENTRY,998.7999877929688,998.5999755859375,997.0999755859375,999.3499755859375,2.0,4243,1333,0.75,999.0477163018024,BEARISH,41.89176928596762,"{'has_inside_bar': True, 'inside_bar_type': 'BEARISH', 'mother_bar_high': 999.3499755859375, 'mother_bar_low': 998.5999755859375, 'inside_bar_high': 999.2999877929688, 'inside_bar_low': 998.7000122070312, 'entry_signal': 'SHORT_ENTRY', 'bars_since_inside': 4, 'entry_long_price': 999.3499755859375, 'entry_short_price': 998.5999755859375, 'stop_loss_long': 998.5999755859375, 'stop_loss_short': 999.3499755859375}",08:54:08,13:24:08,50
TVSMOTOR,Auto,LONG_ENTRY,3295.699951171875,3294.300048828125,3300.699951171875,3291.10009765625,2.0,6902,312,3.199951171875,3291.9585400179244,BULLISH,54.42194947767019,"{'has_inside_bar': True, 'inside_bar_type': 'BULLISH', 'mother_bar_high': 3294.300048828125, 'mother_bar_low': 3291.10009765625, 'inside_bar_high': 3293.89990234375, 'inside_bar_low': 3291.300048828125, 'entry_signal': 'LONG_ENTRY', 'bars_since_inside': 2, 'entry_long_price': 3294.300048828125, 'entry_short_price': 3291.10009765625, 'stop_loss_long': 3291.10009765625, 'stop_loss_short': 3294.300048828125}",08:54:08,13:24:08,50
GODREJCP,FMCG,HOLD,1262.0,1262.0,1262.0,1262.0,0.0,8008,0,0.0,1259.7756605505344,BULLISH,57.142857142857146,"{'has_inside_bar': False, 'inside_bar_type': 'NONE', 'mother_bar_high': 0, 'mother_bar_low': 0, 'inside_bar_high': 0, 'inside_bar_low': 0, 'entry_signal': 'NONE', 'bars_since_inside': 999, 'entry_long_price': 0, 'entry_short_price': 0, 'stop_loss_long': 0, 'stop_loss_short': 0}",08:54:08,13:24:08,50
UNITDSPR,FMCG,LONG_ENTRY,1337.199951171875,1335.300048828125,1338.300048828125,1333.800048828125,2.0,5187,666,1.5,1333.6775046949915,BULLISH,86.8861316790074,"{'has_inside_bar': True, 'inside_bar_type': 'BULLISH', 'mother_bar_high': 1335.300048828125, 'mother_bar_low': 1333.800048828125, 'inside_bar_high': 1335.199951171875, 'inside_bar_low': 1334.0999755859375, 'entry_signal': 'LONG_ENTRY', 'bars_since_inside': 4, 'entry_long_price': 1335.300048828125, 'entry_short_price': 1333.800048828125, 'stop_loss_long': 1333.800048828125, 'stop_loss_short': 1335.300048828125}",08:54:08,13:24:08,50
BSOFT,I.T,HOLD,376.25,376.25,376.25,376.25,0.0,1172,0,0.0,377.2533515989455,BEARISH,32.7591286962012,"{'has_inside_bar': True, 'inside_bar_type': 'BULLISH', 'mother_bar_high': 377.3500061035156, 'mother_bar_low': 376.29998779296875, 'inside_bar_high': 376.75, 'inside_bar_low': 376.3999938964844, 'entry_signal': 'LONG_ENTRY', 'bars_since_inside': 4, 'entry_long_price': 377.3500061035156, 'entry_short_price': 376.29998779296875, 'stop_loss_long': 376.29998779296875, 'stop_loss_short': 377.3500061035156}",08:54:08,13:24:08,50
UNIONBANK,Bank,SHORT_ENTRY,136.07000732421875,136.02999877929688,135.489990234375,136.3000030517578,2.0,41431,3703,0.2700042724609375,136.29666315911282,BEARISH,37.50023841766961,"{'has_inside_bar': True, 'inside_bar_type': 'BEARISH', 'mother_bar_high': 136.3000030517578, 'mother_bar_low': 136.02999877929688, 'inside_bar_high': 136.1300048828125, 'inside_bar_low': 136.0500030517578, 'entry_signal': 'SHORT_ENTRY', 'bars_since_inside': 5, 'entry_long_price': 136.3000030517578, 'entry_short_price': 136.02999877929688, 'stop_loss_long': 136.02999877929688, 'stop_loss_short': 136.3000030517578}",08:54:08,13:24:08,50
PNB,Bank,HOLD,106.02999877929688,106.02999877929688,106.02999877929688,106.02999877929688,0.0,10343,0,0.0,106.17540499730707,BEARISH,35.5549150588315,"{'has_inside_bar': False, 'inside_bar_type': 'NONE', 'mother_bar_high': 0, 'mother_bar_low': 0, 'inside_bar_high': 0, 'inside_bar_low': 0, 'entry_signal': 'NONE', 'bars_since_inside': 999, 'entry_long_price': 0, 'entry_short_price': 0, 'stop_loss_long': 0, 'stop_loss_short': 0}",08:54:08,13:24:08,50
BHARTIARTL,Telecom,HOLD,1928.9000244140625,1928.9000244140625,1928.9000244140625,1928.9000244140625,0.0,16115,0,0.0,1927.831784959528,BULLISH,62.744886846419895,"{'has_inside_bar': False, 'inside_bar_type': 'NONE', 'mother_bar_high': 0, 'mother_bar_low': 0, 'inside_bar_high': 0, 'inside_bar_low': 0, 'entry_signal': 'NONE', 'bars_since_inside': 999, 'entry_long_price': 0, 'entry_short_price': 0, 'stop_loss_long': 0, 'stop_loss_short': 0}",08:54:08,13:24:08,50
OFSS,I.T,SHORT_ENTRY,8651.5,8650.0,8628.0,8661.0,2.0,57,90,11.0,8656.993624301,BEARISH,33.66336633663367,"{'has_inside_bar': True, 'inside_bar_type': 'BEARISH', 'mother_bar_high': 8661.0, 'mother_bar_low': 8650.0, 'inside_bar_high': 8659.5, 'inside_bar_low': 8650.5, 'entry_signal': 'SHORT_ENTRY', 'bars_since_inside': 2, 'entry_long_price': 8661.0, 'entry_short_price': 8650.0, 'stop_loss_long': 8650.0, 'stop_loss_short': 8661.0}",08:54:08,13:24:08,50
DIVISLAB,Pharmaceuticals,SHORT_ENTRY,6126.0,6115.0,6083.0,6131.0,2.0,1274,62,16.0,6133.408515359041,BEARISH,23.94366197183099,"{'has_inside_bar': True, 'inside_bar_type': 'BEARISH', 'mother_bar_high': 6131.0, 'mother_bar_low': 6115.0, 'inside_bar_high': 6129.0, 'inside_bar_low': 6125.0, 'entry_signal': 'SHORT_ENTRY', 'bars_since_inside': 3, 'entry_long_price': 6131.0, 'entry_short_price': 6115.0, 'stop_loss_long': 6115.0, 'stop_loss_short': 6131.0}",08:54:08,13:24:08,50
CANBK,Bank,HOLD,110.47000122070312,110.47000122070312,110.47000122070312,110.47000122070312,0.0,43990,0,0.0,110.51527489264568,BEARISH,52.38147138964578,"{'has_inside_bar': False, 'inside_bar_type': 'NONE', 'mother_bar_high': 0, 'mother_bar_low': 0, 'inside_bar_high': 0, 'inside_bar_low': 0, 'entry_signal': 'NONE', 'bars_since_inside': 999, 'entry_long_price': 0, 'entry_short_price': 0, 'stop_loss_long': 0, 'stop_loss_short': 0}",08:54:08,13:24:08,50
MARUTI,Auto,HOLD,14340.0,14340.0,14340.0,14340.0,0.0,5066,0,0.0,14338.952832924377,BULLISH,55.99999999999999,"{'has_inside_bar': True, 'inside_bar_type': 'BEARISH', 'mother_bar_high': 14355.0, 'mother_bar_low': 14332.0, 'inside_bar_high': 14345.0, 'inside_bar_low': 14335.0, 'entry_signal': 'SHORT_ENTRY', 'bars_since_inside': 1, 'entry_long_price': 14355.0, 'entry_short_price': 14332.0, 'stop_loss_long': 14332.0, 'stop_loss_short': 14355.0}",08:54:08,13:24:08,50
GRANULES,Pharmaceuticals,HOLD,461.54998779296875,461.54998779296875,461.54998779296875,461.54998779296875,0.0,716,0,0.0,461.39154146682387,BULLISH,31.355905902799336,"{'has_inside_bar': True, 'inside_bar_type': 'BEARISH', 'mother_bar_high': 461.79998779296875, 'mother_bar_low': 461.0, 'inside_bar_high': 461.6499938964844, 'inside_bar_low': 461.1499938964844, 'entry_signal': 'SHORT_ENTRY', 'bars_since_inside': 2, 'entry_long_price': 461.79998779296875, 'entry_short_price': 461.0, 'stop_loss_long': 461.0, 'stop_loss_short': 461.79998779296875}",08:54:08,13:24:08,50
JSL,Metals,SHORT_ENTRY,778.6500244140625,777.75,774.449951171875,779.4000244140625,2.0,1916,606,1.6500244140625,778.6767885049867,BEARISH,42.261943687556766,"{'has_inside_bar': True, 'inside_bar_type': 'BEARISH', 'mother_bar_high': 779.4000244140625, 'mother_bar_low': 777.75, 'inside_bar_high': 779.2999877929688, 'inside_bar_low': 778.2000122070312, 'entry_signal': 'SHORT_ENTRY', 'bars_since_inside': 3, 'entry_long_price': 779.4000244140625, 'entry_short_price': 777.75, 'stop_loss_long': 777.75, 'stop_loss_short': 779.4000244140625}",08:54:08,13:24:08,50
PETRONET,Industrials,HOLD,278.3999938964844,278.3999938964844,278.3999938964844,278.3999938964844,0.0,2450,0,0.0,278.5046877049764,BEARISH,52.500038145226505,"{'has_inside_bar': True, 'inside_bar_type': 'BULLISH', 'mother_bar_high': 278.75, 'mother_bar_low': 278.04998779296875, 'inside_bar_high': 278.70001220703125, 'inside_bar_low': 278.3500061035156, 'entry_signal': 'LONG_ENTRY', 'bars_since_inside': 4, 'entry_long_price': 278.75, 'entry_short_price': 278.04998779296875, 'stop_loss_long': 278.04998779296875, 'stop_loss_short': 278.75}",08:54:08,13:24:08,50
IGL,Industrials,HOLD,207.9499969482422,207.9499969482422,207.9499969482422,207.9499969482422,0.0,4286,0,0.0,207.6531023580943,BULLISH,47.49022010651835,"{'has_inside_bar': False, 'inside_bar_type': 'NONE', 'mother_bar_high': 0, 'mother_bar_low': 0, 'inside_bar_high': 0, 'inside_bar_low': 0, 'entry_signal': 'NONE', 'bars_since_inside': 999, 'entry_long_price': 0, 'entry_short_price': 0, 'stop_loss_long': 0, 'stop_loss_short': 0}",08:54:08,13:24:08,50
BIOCON,Pharmaceuticals,HOLD,359.45001220703125,359.45001220703125,359.45001220703125,359.45001220703125,0.0,4877,0,0.0,358.87295628847977,BULLISH,61.90490030808579,"{'has_inside_bar': False, 'inside_bar_type': 'NONE', 'mother_bar_high': 0, 'mother_bar_low': 0, 'inside_bar_high': 0, 'inside_bar_low': 0, 'entry_signal': 'NONE', 'bars_since_inside': 999, 'entry_long_price': 0, 'entry_short_price': 0, 'stop_loss_long': 0, 'stop_loss_short': 0}",08:54:08,13:24:08,50
ULTRACEMCO,Industrials,HOLD,12641.0,12641.0,12641.0,12641.0,0.0,555,0,0.0,12667.77156415888,BEARISH,25.0,"{'has_inside_bar': False, 'inside_bar_type': 'NONE', 'mother_bar_high': 0, 'mother_bar_low': 0, 'inside_bar_high': 0, 'inside_bar_low': 0, 'entry_signal': 'NONE', 'bars_since_inside': 999, 'entry_long_price': 0, 'entry_short_price': 0, 'stop_loss_long': 0, 'stop_loss_short': 0}",08:54:08,13:24:08,50
UNOMINDA,Auto,LONG_ENTRY,1256.4000244140625,1256.5999755859375,1260.4000244140625,1254.699951171875,2.0,10807,526,1.9000244140625,1251.4085787002089,BULLISH,74.11203370925764,"{'has_inside_bar': True, 'inside_bar_type': 'BULLISH', 'mother_bar_high': 1256.5999755859375, 'mother_bar_low': 1254.699951171875, 'inside_bar_high': 1256.5, 'inside_bar_low': 1255.199951171875, 'entry_signal': 'LONG_ENTRY', 'bars_since_inside': 1, 'entry_long_price': 1256.5999755859375, 'entry_short_price': 1254.699951171875, 'stop_loss_long': 1254.699951171875, 'stop_loss_short': 1256.5999755859375}",08:54:08,13:24:08,50
TCS,I.T,HOLD,3071.0,3071.0,3071.0,3071.0,0.0,31948,0,0.0,3070.5841897141977,BULLISH,58.21603777910229,"{'has_inside_bar': True, 'inside_bar_type': 'BEARISH', 'mother_bar_high': 3074.300048828125, 'mother_bar_low': 3072.0, 'inside_bar_high': 3074.0, 'inside_bar_low': 3072.89990234375, 'entry_signal': 'SHORT_ENTRY', 'bars_since_inside': 5, 'entry_long_price': 3074.300048828125, 'entry_short_price': 3072.0, 'stop_loss_long': 3072.0, 'stop_loss_short': 3074.300048828125}",08:54:08,13:24:08,50
NTPC,Miscellaneous,SHORT_ENTRY,336.8500061035156,336.95001220703125,335.95001220703125,337.45001220703125,2.0,44497,2000,0.5,337.02274825424325,BEARISH,55.8824585337833,"{'has_inside_bar': True, 'inside_bar_type': 'BEARISH', 'mother_bar_high': 337.45001220703125, 'mother_bar_low': 336.95001220703125, 'inside_bar_high': 337.25, 'inside_bar_low': 337.04998779296875, 'entry_signal': 'SHORT_ENTRY', 'bars_since_inside': 5, 'entry_long_price': 337.45001220703125, 'entry_short_price': 336.95001220703125, 'stop_loss_long': 336.95001220703125, 'stop_loss_short': 337.45001220703125}",08:54:08,13:24:08,50
COFORGE,I.T,HOLD,1728.0999755859375,1728.0999755859375,1728.0999755859375,1728.0999755859375,0.0,7707,0,0.0,1731.1503300113675,BEARISH,51.651630735618106,"{'has_inside_bar': False, 'inside_bar_type': 'NONE', 'mother_bar_high': 0, 'mother_bar_low': 0, 'inside_bar_high': 0, 'inside_bar_low': 0, 'entry_signal': 'NONE', 'bars_since_inside': 999, 'entry_long_price': 0, 'entry_short_price': 0, 'stop_loss_long': 0, 'stop_loss_short': 0}",08:54:08,13:24:08,50
M&MFIN,Finance,HOLD,263.5,263.5,263.5,263.5,0.0,1531,0,0.0,263.85618467730797,BEARISH,37.83774867209924,"{'has_inside_bar': False, 'inside_bar_type': 'NONE', 'mother_bar_high': 0, 'mother_bar_low': 0, 'inside_bar_high': 0, 'inside_bar_low': 0, 'entry_signal': 'NONE', 'bars_since_inside': 999, 'entry_long_price': 0, 'entry_short_price': 0, 'stop_loss_long': 0, 'stop_loss_short': 0}",08:54:08,13:24:08,50
GMRAIRPORT,Miscellaneous,SHORT_ENTRY,89.58000183105469,89.54000091552734,89.34000396728516,89.63999938964844,2.0,2512,10000,0.09999847412109375,89.58339418574475,BEARISH,50.0,"{'has_inside_bar': True, 'inside_bar_type': 'BEARISH', 'mother_bar_high': 89.63999938964844, 'mother_bar_low': 89.54000091552734, 'inside_bar_high': 89.62000274658203, 'inside_bar_low': 89.55999755859375, 'entry_signal': 'SHORT_ENTRY', 'bars_since_inside': 2, 'entry_long_price': 89.63999938964844, 'entry_short_price': 89.54000091552734, 'stop_loss_long': 89.54000091552734, 'stop_loss_short': 89.63999938964844}",08:54:08,13:24:08,50
IIFL,Finance,HOLD,454.04998779296875,454.04998779296875,454.04998779296875,454.04998779296875,0.0,6893,0,0.0,456.03014210506063,BEARISH,22.429981176202162,"{'has_inside_bar': False, 'inside_bar_type': 'NONE', 'mother_bar_high': 0, 'mother_bar_low': 0, 'inside_bar_high': 0, 'inside_bar_low': 0, 'entry_signal': 'NONE', 'bars_since_inside': 999, 'entry_long_price': 0, 'entry_short_price': 0, 'stop_loss_long': 0, 'stop_loss_short': 0}",08:54:08,13:24:08,50
SOLARINDS,Aerospace & Defence,HOLD,14888.0,14888.0,14888.0,14888.0,0.0,205,0,0.0,14893.420946219505,BEARISH,49.09090909090909,"{'has_inside_bar': False, 'inside_bar_type': 'NONE', 'mother_bar_high': 0, 'mother_bar_low': 0, 'inside_bar_high': 0, 'inside_bar_low': 0, 'entry_signal': 'NONE', 'bars_since_inside': 999, 'entry_long_price': 0, 'entry_short_price': 0, 'stop_loss_long': 0, 'stop_loss_short': 0}",08:54:08,13:24:08,50
YESBANK,Bank,HOLD,19.34000015258789,19.34000015258789,19.34000015258789,19.34000015258789,0.0,115844,0,0.0,19.345235749685752,BEARISH,42.857142857142854,"{'has_inside_bar': False, 'inside_bar_type': 'NONE', 'mother_bar_high': 0, 'mother_bar_low': 0, 'inside_bar_high': 0, 'inside_bar_low': 0, 'entry_signal': 'NONE', 'bars_since_inside': 999, 'entry_long_price': 0, 'entry_short_price': 0, 'stop_loss_long': 0, 'stop_loss_short': 0}",08:54:08,13:24:08,50
TORNTPOWER,Miscellaneous,LONG_ENTRY,1284.0,1284.0999755859375,1287.4998779296875,1282.4000244140625,2.0,1464,588,1.699951171875,1280.2621371107255,BULLISH,68.21180274858528,"{'has_inside_bar': True, 'inside_bar_type': 'BULLISH', 'mother_bar_high': 1284.0999755859375, 'mother_bar_low': 1282.4000244140625, 'inside_bar_high': 1283.5999755859375, 'inside_bar_low': 1282.5, 'entry_signal': 'LONG_ENTRY', 'bars_since_inside': 2, 'entry_long_price': 1284.0999755859375, 'entry_short_price': 1282.4000244140625, 'stop_loss_long': 1282.4000244140625, 'stop_loss_short': 1284.0999755859375}",08:54:08,13:24:08,50
TECHM,I.T,LONG_ENTRY,1510.699951171875,1511.5,1514.5,1510.0,2.0,6521,666,1.5,1509.4217794266135,BULLISH,67.44166240844831,"{'has_inside_bar': True, 'inside_bar_type': 'BULLISH', 'mother_bar_high': 1511.5, 'mother_bar_low': 1510.0, 'inside_bar_high': 1510.699951171875, 'inside_bar_low': 1510.5, 'entry_signal': 'LONG_ENTRY', 'bars_since_inside': 1, 'entry_long_price': 1511.5, 'entry_short_price': 1510.0, 'stop_loss_long': 1510.0, 'stop_loss_short': 1511.5}",08:54:08,13:24:08,50
NAUKRI,I.T,HOLD,1381.800048828125,1381.800048828125,1381.800048828125,1381.800048828125,0.0,2418,0,0.0,1382.354431816478,BEARISH,49.2892804868877,"{'has_inside_bar': True, 'inside_bar_type': 'BULLISH', 'mother_bar_high': 1383.5, 'mother_bar_low': 1379.300048828125, 'inside_bar_high': 1381.800048828125, 'inside_bar_low': 1380.5, 'entry_signal': 'LONG_ENTRY', 'bars_since_inside': 1, 'entry_long_price': 1383.5, 'entry_short_price': 1379.300048828125, 'stop_loss_long': 1379.300048828125, 'stop_loss_short': 1383.5}",08:54:08,13:24:08,50
PAGEIND,FMCG,HOLD,45645.0,45645.0,45645.0,45645.0,0.0,3,0,0.0,45692.85891583681,BEARISH,37.234042553191486,"{'has_inside_bar': False, 'inside_bar_type': 'NONE', 'mother_bar_high': 0, 'mother_bar_low': 0, 'inside_bar_high': 0, 'inside_bar_low': 0, 'entry_signal': 'NONE', 'bars_since_inside': 999, 'entry_long_price': 0, 'entry_short_price': 0, 'stop_loss_long': 0, 'stop_loss_short': 0}",08:54:08,13:24:08,50
INDIANB,Bank,HOLD,671.5499877929688,671.5499877929688,671.5499877929688,671.5499877929688,0.0,1308,0,0.0,671.2925357443172,BULLISH,53.62311148851856,"{'has_inside_bar': False, 'inside_bar_type': 'NONE', 'mother_bar_high': 0, 'mother_bar_low': 0, 'inside_bar_high': 0, 'inside_bar_low': 0, 'entry_signal': 'NONE', 'bars_since_inside': 999, 'entry_long_price': 0, 'entry_short_price': 0, 'stop_loss_long': 0, 'stop_loss_short': 0}",08:54:09,13:24:09,50
IDEA,Telecom,HOLD,6.769999980926514,6.769999980926514,6.769999980926514,6.769999980926514,0.0,4214960,0,0.0,6.742668924969601,BULLISH,52.3808766930439,"{'has_inside_bar': False, 'inside_bar_type': 'NONE', 'mother_bar_high': 0, 'mother_bar_low': 0, 'inside_bar_high': 0, 'inside_bar_low': 0, 'entry_signal': 'NONE', 'bars_since_inside': 999, 'entry_long_price': 0, 'entry_short_price': 0, 'stop_loss_long': 0, 'stop_loss_short': 0}",08:54:09,13:24:09,50
PFC,Finance,HOLD,400.3999938964844,400.3999938964844,400.3999938964844,400.3999938964844,0.0,65903,0,0.0,400.723603237142,BEARISH,39.024481015861674,"{'has_inside_bar': False, 'inside_bar_type': 'NONE', 'mother_bar_high': 0, 'mother_bar_low': 0, 'inside_bar_high': 0, 'inside_bar_low': 0, 'entry_signal': 'NONE', 'bars_since_inside': 999, 'entry_long_price': 0, 'entry_short_price': 0, 'stop_loss_long': 0, 'stop_loss_short': 0}",08:54:09,13:24:09,50
DLF,Realty,HOLD,767.7999877929688,767.7999877929688,767.7999877929688,767.7999877929688,0.0,8138,0,0.0,768.0965144966447,BEARISH,51.18080719730101,"{'has_inside_bar': True, 'inside_bar_type': 'BULLISH', 'mother_bar_high': 768.1500244140625, 'mother_bar_low': 767.2000122070312, 'inside_bar_high': 767.75, 'inside_bar_low': 767.2999877929688, 'entry_signal': 'LONG_ENTRY', 'bars_since_inside': 5, 'entry_long_price': 768.1500244140625, 'entry_short_price': 767.2000122070312, 'stop_loss_long': 767.2000122070312, 'stop_loss_short': 768.1500244140625}",08:54:09,13:24:09,50
POWERGRID,Miscellaneous,HOLD,283.0,283.0,283.0,283.0,0.0,151333,0,0.0,282.82661826538174,BULLISH,74.41804349060354,"{'has_inside_bar': False, 'inside_bar_type': 'NONE', 'mother_bar_high': 0, 'mother_bar_low': 0, 'inside_bar_high': 0, 'inside_bar_low': 0, 'entry_signal': 'NONE', 'bars_since_inside': 999, 'entry_long_price': 0, 'entry_short_price': 0, 'stop_loss_long': 0, 'stop_loss_short': 0}",08:54:09,13:24:09,50
FORTIS,Pharmaceuticals,HOLD,936.4500122070312,936.4500122070312,936.4500122070312,936.4500122070312,0.0,8329,0,0.0,937.878293211409,BEARISH,38.559258473809166,"{'has_inside_bar': True, 'inside_bar_type': 'BULLISH', 'mother_bar_high': 936.9500122070312, 'mother_bar_low': 935.3499755859375, 'inside_bar_high': 936.8499755859375, 'inside_bar_low': 936.25, 'entry_signal': 'LONG_ENTRY', 'bars_since_inside': 1, 'entry_long_price': 936.9500122070312, 'entry_short_price': 935.3499755859375, 'stop_loss_long': 935.3499755859375, 'stop_loss_short': 936.9500122070312}",08:54:09,13:24:09,50
ASTRAL,FMCG,HOLD,1433.300048828125,1433.300048828125,1433.300048828125,1433.300048828125,0.0,6465,0,0.0,1430.5345999709825,BULLISH,57.26500185191947,"{'has_inside_bar': True, 'inside_bar_type': 'BEARISH', 'mother_bar_high': 1433.9000244140625, 'mother_bar_low': 1428.300048828125, 'inside_bar_high': 1433.0999755859375, 'inside_bar_low': 1431.300048828125, 'entry_signal': 'SHORT_ENTRY', 'bars_since_inside': 4, 'entry_long_price': 1433.9000244140625, 'entry_short_price': 1428.300048828125, 'stop_loss_long': 1428.300048828125, 'stop_loss_short': 1433.9000244140625}",08:54:09,13:24:09,50
RECLTD,Finance,HOLD,377.6000061035156,377.6000061035156,377.6000061035156,377.6000061035156,0.0,26209,0,0.0,378.3659894091048,BEARISH,32.72779732114124,"{'has_inside_bar': True, 'inside_bar_type': 'BULLISH', 'mother_bar_high': 378.25, 'mother_bar_low': 377.3500061035156, 'inside_bar_high': 377.75, 'inside_bar_low': 377.5, 'entry_signal': 'LONG_ENTRY', 'bars_since_inside': 2, 'entry_long_price': 378.25, 'entry_short_price': 377.3500061035156, 'stop_loss_long': 377.3500061035156, 'stop_loss_short': 378.25}",08:54:09,13:24:09,50
IRB,Realty,HOLD,44.02000045776367,44.02000045776367,44.02000045776367,44.02000045776367,0.0,9481,0,0.0,43.894759087572474,BULLISH,71.42857142857143,"{'has_inside_bar': True, 'inside_bar_type': 'BEARISH', 'mother_bar_high': 44.040000915527344, 'mother_bar_low': 43.95000076293945, 'inside_bar_high': 44.029998779296875, 'inside_bar_low': 44.0, 'entry_signal': 'SHORT_ENTRY', 'bars_since_inside': 2, 'entry_long_price': 44.040000915527344, 'entry_short_price': 43.95000076293945, 'stop_loss_long': 43.95000076293945, 'stop_loss_short': 44.040000915527344}",08:54:09,13:24:09,50
ADANIPORTS,Industrials,LONG_ENTRY,1345.0,1345.800048828125,1349.60009765625,1343.9000244140625,2.0,4919,526,1.9000244140625,1344.8464918260313,BULLISH,62.069062285145016,"{'has_inside_bar': True, 'inside_bar_type': 'BULLISH', 'mother_bar_high': 1345.800048828125, 'mother_bar_low': 1343.9000244140625, 'inside_bar_high': 1345.0, 'inside_bar_low': 1344.0999755859375, 'entry_signal': 'LONG_ENTRY', 'bars_since_inside': 2, 'entry_long_price': 1345.800048828125, 'entry_short_price': 1343.9000244140625, 'stop_loss_long': 1343.9000244140625, 'stop_loss_short': 1345.800048828125}",08:54:09,13:24:09,50
TITAGARH,FMCG,HOLD,853.5999755859375,853.5999755859375,853.5999755859375,853.5999755859375,0.0,4028,0,0.0,853.0276706038676,BULLISH,56.395134275819,"{'has_inside_bar': False, 'inside_bar_type': 'NONE', 'mother_bar_high': 0, 'mother_bar_low': 0, 'inside_bar_high': 0, 'inside_bar_low': 0, 'entry_signal': 'NONE', 'bars_since_inside': 999, 'entry_long_price': 0, 'entry_short_price': 0, 'stop_loss_long': 0, 'stop_loss_short': 0}",08:54:09,13:24:09,50
BAJAJ-AUTO,Auto,HOLD,8697.0,8697.0,8697.0,8697.0,0.0,3792,0,0.0,8670.300553601857,BULLISH,58.421052631578945,"{'has_inside_bar': True, 'inside_bar_type': 'BEARISH', 'mother_bar_high': 8684.0, 'mother_bar_low': 8672.0, 'inside_bar_high': 8683.0, 'inside_bar_low': 8676.0, 'entry_signal': 'SHORT_ENTRY', 'bars_since_inside': 4, 'entry_long_price': 8684.0, 'entry_short_price': 8672.0, 'stop_loss_long': 8672.0, 'stop_loss_short': 8684.0}",08:54:09,13:24:09,50
BAJAJFINSV,Finance,LONG_ENTRY,1967.800048828125,1967.9000244140625,1971.0999755859375,1966.300048828125,2.0,1433,625,1.5999755859375,1967.3153327380935,BULLISH,59.42111036410601,"{'has_inside_bar': True, 'inside_bar_type': 'BULLISH', 'mother_bar_high': 1967.9000244140625, 'mother_bar_low': 1966.300048828125, 'inside_bar_high': 1967.5, 'inside_bar_low': 1966.4000244140625, 'entry_signal': 'LONG_ENTRY', 'bars_since_inside': 5, 'entry_long_price': 1967.9000244140625, 'entry_short_price': 1966.300048828125, 'stop_loss_long': 1966.300048828125, 'stop_loss_short': 1967.9000244140625}",08:54:09,13:24:09,50
NHPC,Miscellaneous,HOLD,81.30000305175781,81.30000305175781,81.30000305175781,81.30000305175781,0.0,5878,0,0.0,81.3194242368066,BEARISH,52.63210729200129,"{'has_inside_bar': False, 'inside_bar_type': 'NONE', 'mother_bar_high': 0, 'mother_bar_low': 0, 'inside_bar_high': 0, 'inside_bar_low': 0, 'entry_signal': 'NONE', 'bars_since_inside': 999, 'entry_long_price': 0, 'entry_short_price': 0, 'stop_loss_long': 0, 'stop_loss_short': 0}",08:54:09,13:24:09,50
OIL,Oils,HOLD,410.20001220703125,410.20001220703125,410.20001220703125,410.20001220703125,0.0,7146,0,0.0,409.44099800375614,BULLISH,83.33276820832768,"{'has_inside_bar': False, 'inside_bar_type': 'NONE', 'mother_bar_high': 0, 'mother_bar_low': 0, 'inside_bar_high': 0, 'inside_bar_low': 0, 'entry_signal': 'NONE', 'bars_since_inside': 999, 'entry_long_price': 0, 'entry_short_price': 0, 'stop_loss_long': 0, 'stop_loss_short': 0}",08:54:09,13:24:09,50
GODREJPROP,Realty,LONG_ENTRY,2057.5,2057.0,2061.0,2055.0,2.0,1648,500,2.0,2056.8328561074286,BULLISH,61.99951171875,"{'has_inside_bar': True, 'inside_bar_type': 'BULLISH', 'mother_bar_high': 2057.0, 'mother_bar_low': 2055.0, 'inside_bar_high': 2056.800048828125, 'inside_bar_low': 2055.10009765625, 'entry_signal': 'LONG_ENTRY', 'bars_since_inside': 3, 'entry_long_price': 2057.0, 'entry_short_price': 2055.0, 'stop_loss_long': 2055.0, 'stop_loss_short': 2057.0}",08:54:09,13:24:09,50
JSWENERGY,Miscellaneous,HOLD,515.3499755859375,515.3499755859375,515.3499755859375,515.3499755859375,0.0,4130,0,0.0,515.7701852519971,BEARISH,35.57678764261233,"{'has_inside_bar': True, 'inside_bar_type': 'BULLISH', 'mother_bar_high': 515.25, 'mother_bar_low': 514.5499877929688, 'inside_bar_high': 515.0, 'inside_bar_low': 514.5999755859375, 'entry_signal': 'LONG_ENTRY', 'bars_since_inside': 2, 'entry_long_price': 515.25, 'entry_short_price': 514.5499877929688, 'stop_loss_long': 514.5499877929688, 'stop_loss_short': 515.25}",08:54:09,13:24:09,50
PERSISTENT,I.T,HOLD,5375.5,5375.5,5375.5,5375.5,0.0,1720,0,0.0,5379.631650944902,BEARISH,55.2,"{'has_inside_bar': True, 'inside_bar_type': 'BULLISH', 'mother_bar_high': 5381.5, 'mother_bar_low': 5369.5, 'inside_bar_high': 5375.5, 'inside_bar_low': 5371.0, 'entry_signal': 'LONG_ENTRY', 'bars_since_inside': 1, 'entry_long_price': 5381.5, 'entry_short_price': 5369.5, 'stop_loss_long': 5369.5, 'stop_loss_short': 5381.5}",08:54:09,13:24:09,50
OBEROIRLTY,Realty,LONG_ENTRY,1657.5999755859375,1653.300048828125,1658.7001953125,1650.5999755859375,2.0,1040,370,2.7000732421875,1652.6757267965763,BULLISH,69.93888922173626,"{'has_inside_bar': True, 'inside_bar_type': 'BULLISH', 'mother_bar_high': 1653.300048828125, 'mother_bar_low': 1650.5999755859375, 'inside_bar_high': 1652.5, 'inside_bar_low': 1651.0, 'entry_signal': 'LONG_ENTRY', 'bars_since_inside': 3, 'entry_long_price': 1653.300048828125, 'entry_short_price': 1650.5999755859375, 'stop_loss_long': 1650.5999755859375, 'stop_loss_short': 1653.300048828125}",08:54:09,13:24:09,50
JUBLFOOD,Quick Service Restaurant,SHORT_ENTRY,623.0999755859375,622.75,620.75,623.75,2.0,1544,1000,1.0,623.5511240480677,BEARISH,44.44414301991211,"{'has_inside_bar': True, 'inside_bar_type': 'BEARISH', 'mother_bar_high': 623.75, 'mother_bar_low': 622.75, 'inside_bar_high': 623.4500122070312, 'inside_bar_low': 623.0, 'entry_signal': 'SHORT_ENTRY', 'bars_since_inside': 2, 'entry_long_price': 623.75, 'entry_short_price': 622.75, 'stop_loss_long': 622.75, 'stop_loss_short': 623.75}",08:54:09,13:24:09,50
SJVN,Miscellaneous,HOLD,99.7300033569336,99.7300033569336,99.7300033569336,99.7300033569336,0.0,189392,0,0.0,99.52673036185332,BULLISH,46.76257413297692,"{'has_inside_bar': True, 'inside_bar_type': 'BEARISH', 'mother_bar_high': 99.76000213623047, 'mother_bar_low': 99.54000091552734, 'inside_bar_high': 99.70999908447266, 'inside_bar_low': 99.62000274658203, 'entry_signal': 'SHORT_ENTRY', 'bars_since_inside': 4, 'entry_long_price': 99.76000213623047, 'entry_short_price': 99.54000091552734, 'stop_loss_long': 99.54000091552734, 'stop_loss_short': 99.76000213623047}",08:54:09,13:24:09,50
PRESTIGE,Realty,HOLD,1635.199951171875,1635.199951171875,1635.199951171875,1635.199951171875,0.0,1326,0,0.0,1635.8387670326877,BEARISH,51.162493612672456,"{'has_inside_bar': False, 'inside_bar_type': 'NONE', 'mother_bar_high': 0, 'mother_bar_low': 0, 'inside_bar_high': 0, 'inside_bar_low': 0, 'entry_signal': 'NONE', 'bars_since_inside': 999, 'entry_long_price': 0, 'entry_short_price': 0, 'stop_loss_long': 0, 'stop_loss_short': 0}",08:54:09,13:24:09,50
MUTHOOTFIN,Finance,LONG_ENTRY,2693.300048828125,2693.89990234375,2702.2998046875,2689.699951171875,2.0,678,238,4.199951171875,2690.7116339532204,BULLISH,77.14320591517857,"{'has_inside_bar': True, 'inside_bar_type': 'BULLISH', 'mother_bar_high': 2693.89990234375, 'mother_bar_low': 2689.699951171875, 'inside_bar_high': 2693.39990234375, 'inside_bar_low': 2691.800048828125, 'entry_signal': 'LONG_ENTRY', 'bars_since_inside': 4, 'entry_long_price': 2693.89990234375, 'entry_short_price': 2689.699951171875, 'stop_loss_long': 2689.699951171875, 'stop_loss_short': 2693.89990234375}",08:54:09,13:24:09,50
COALINDIA,Industrials,HOLD,375.04998779296875,375.04998779296875,375.04998779296875,375.04998779296875,0.0,30290,0,0.0,375.13082302250297,BEARISH,59.67672074342416,"{'has_inside_bar': False, 'inside_bar_type': 'NONE', 'mother_bar_high': 0, 'mother_bar_low': 0, 'inside_bar_high': 0, 'inside_bar_low': 0, 'entry_signal': 'NONE', 'bars_since_inside': 999, 'entry_long_price': 0, 'entry_short_price': 0, 'stop_loss_long': 0, 'stop_loss_short': 0}",08:54:09,13:24:09,50
DALBHARAT,Industrials,HOLD,2341.5,2341.5,2341.5,2341.5,0.0,46,0,0.0,2343.3387917228083,BEARISH,50.66675346939662,"{'has_inside_bar': True, 'inside_bar_type': 'BULLISH', 'mother_bar_high': 2342.0, 'mother_bar_low': 2338.699951171875, 'inside_bar_high': 2341.5, 'inside_bar_low': 2340.300048828125, 'entry_signal': 'LONG_ENTRY', 'bars_since_inside': 1, 'entry_long_price': 2342.0, 'entry_short_price': 2338.699951171875, 'stop_loss_long': 2338.699951171875, 'stop_loss_short': 2342.0}",08:54:09,13:24:09,50
LTF,Finance,HOLD,224.02000427246094,224.02000427246094,224.02000427246094,224.02000427246094,0.0,23950,0,0.0,224.21839874683954,BEARISH,22.307385323254607,"{'has_inside_bar': True, 'inside_bar_type': 'BULLISH', 'mother_bar_high': 224.17999267578125, 'mother_bar_low': 223.9600067138672, 'inside_bar_high': 224.14999389648438, 'inside_bar_low': 224.0, 'entry_signal': 'LONG_ENTRY', 'bars_since_inside': 2, 'entry_long_price': 224.17999267578125, 'entry_short_price': 223.9600067138672, 'stop_loss_long': 223.9600067138672, 'stop_loss_short': 224.17999267578125}",08:54:09,13:24:09,50
APLAPOLLO,Metals,HOLD,1646.300048828125,1646.300048828125,1646.300048828125,1646.300048828125,0.0,106,0,0.0,1644.78441674609,BULLISH,54.09837705869404,"{'has_inside_bar': True, 'inside_bar_type': 'BEARISH', 'mother_bar_high': 1647.5, 'mother_bar_low': 1644.0999755859375, 'inside_bar_high': 1647.0, 'inside_bar_low': 1646.0, 'entry_signal': 'SHORT_ENTRY', 'bars_since_inside': 1, 'entry_long_price': 1647.5, 'entry_short_price': 1644.0999755859375, 'stop_loss_long': 1644.0999755859375, 'stop_loss_short': 1647.5}",08:54:09,13:24:09,50
MCX,Financial Services,HOLD,8010.0,8010.0,8010.0,8010.0,0.0,733,0,0.0,8018.217218822796,BEARISH,46.889952153110045,"{'has_inside_bar': False, 'inside_bar_type': 'NONE', 'mother_bar_high': 0, 'mother_bar_low': 0, 'inside_bar_high': 0, 'inside_bar_low': 0, 'entry_signal': 'NONE', 'bars_since_inside': 999, 'entry_long_price': 0, 'entry_short_price': 0, 'stop_loss_long': 0, 'stop_loss_short': 0}",08:54:09,13:24:09,50
IRFC,Finance,HOLD,125.16999816894531,125.16999816894531,125.16999816894531,125.16999816894531,0.0,14141,0,0.0,125.2592652678806,BEARISH,35.8026203012122,"{'has_inside_bar': False, 'inside_bar_type': 'NONE', 'mother_bar_high': 0, 'mother_bar_low': 0, 'inside_bar_high': 0, 'inside_bar_low': 0, 'entry_signal': 'NONE', 'bars_since_inside': 999, 'entry_long_price': 0, 'entry_short_price': 0, 'stop_loss_long': 0, 'stop_loss_short': 0}",08:54:09,13:24:09,50
PGEL,FMCG,HOLD,568.7999877929688,568.7999877929688,568.7999877929688,568.7999877929688,0.0,15881,0,0.0,568.0838892932619,BULLISH,48.87634670379032,"{'has_inside_bar': True, 'inside_bar_type': 'BEARISH', 'mother_bar_high': 567.9500122070312, 'mother_bar_low': 566.5499877929688, 'inside_bar_high': 567.5499877929688, 'inside_bar_low': 566.9500122070312, 'entry_signal': 'SHORT_ENTRY', 'bars_since_inside': 2, 'entry_long_price': 567.9500122070312, 'entry_short_price': 566.5499877929688, 'stop_loss_long': 566.5499877929688, 'stop_loss_short': 567.9500122070312}",08:54:09,13:24:09,50
KALYANKJIL,Miscellaneous,HOLD,511.6499938964844,511.6499938964844,511.6499938964844,511.6499938964844,0.0,65493,0,0.0,511.8959585982431,BEARISH,41.237282056767484,"{'has_inside_bar': True, 'inside_bar_type': 'BULLISH', 'mother_bar_high': 511.79998779296875, 'mother_bar_low': 510.8999938964844, 'inside_bar_high': 511.5, 'inside_bar_low': 511.20001220703125, 'entry_signal': 'LONG_ENTRY', 'bars_since_inside': 4, 'entry_long_price': 511.79998779296875, 'entry_short_price': 510.8999938964844, 'stop_loss_long': 510.8999938964844, 'stop_loss_short': 511.79998779296875}",08:54:09,13:24:09,50
NBCC,Realty,HOLD,103.94999694824219,103.94999694824219,103.94999694824219,103.94999694824219,0.0,10054,0,0.0,104.10397390778961,BEARISH,41.53833513310484,"{'has_inside_bar': True, 'inside_bar_type': 'BULLISH', 'mother_bar_high': 104.05999755859375, 'mother_bar_low': 103.91999816894531, 'inside_bar_high': 104.01000213623047, 'inside_bar_low': 103.94000244140625, 'entry_signal': 'LONG_ENTRY', 'bars_since_inside': 5, 'entry_long_price': 104.05999755859375, 'entry_short_price': 103.91999816894531, 'stop_loss_long': 103.91999816894531, 'stop_loss_short': 104.05999755859375}",08:54:09,13:24:09,50
ABFRL,FMCG,HOLD,80.70999908447266,80.70999908447266,80.70999908447266,80.70999908447266,0.0,1030255,0,0.0,80.65333061558863,BULLISH,37.948667788254625,"{'has_inside_bar': True, 'inside_bar_type': 'BEARISH', 'mother_bar_high': 80.98999786376953, 'mother_bar_low': 80.68000030517578, 'inside_bar_high': 80.87000274658203, 'inside_bar_low': 80.69000244140625, 'entry_signal': 'SHORT_ENTRY', 'bars_since_inside': 4, 'entry_long_price': 80.98999786376953, 'entry_short_price': 80.68000030517578, 'stop_loss_long': 80.68000030517578, 'stop_loss_short': 80.98999786376953}",08:54:09,13:24:09,50
INDUSTOWER,Telecom,HOLD,350.95001220703125,350.95001220703125,350.95001220703125,350.95001220703125,0.0,11748,0,0.0,351.34307182358185,BEARISH,48.18185096920785,"{'has_inside_bar': True, 'inside_bar_type': 'BULLISH', 'mother_bar_high': 351.45001220703125, 'mother_bar_low': 350.45001220703125, 'inside_bar_high': 351.04998779296875, 'inside_bar_low': 350.79998779296875, 'entry_signal': 'LONG_ENTRY', 'bars_since_inside': 1, 'entry_long_price': 351.45001220703125, 'entry_short_price': 350.45001220703125, 'stop_loss_long': 350.45001220703125, 'stop_loss_short': 351.45001220703125}",08:54:09,13:24:09,50
LODHA,Realty,SHORT_ENTRY,1273.9000244140625,1273.0,1269.60009765625,1274.699951171875,2.0,6857,588,1.699951171875,1274.6783804499396,BEARISH,48.66659613772675,"{'has_inside_bar': True, 'inside_bar_type': 'BEARISH', 'mother_bar_high': 1274.699951171875, 'mother_bar_low': 1273.0, 'inside_bar_high': 1274.199951171875, 'inside_bar_low': 1273.199951171875, 'entry_signal': 'SHORT_ENTRY', 'bars_since_inside': 4, 'entry_long_price': 1274.699951171875, 'entry_short_price': 1273.0, 'stop_loss_long': 1273.0, 'stop_loss_short': 1274.699951171875}",08:54:09,13:24:09,50
SONACOMS,Auto,LONG_ENTRY,448.3999938964844,448.5,449.29998779296875,448.1000061035156,2.0,7144,2500,0.399993896484375,447.5150330106166,BULLISH,58.19667210309877,"{'has_inside_bar': True, 'inside_bar_type': 'BULLISH', 'mother_bar_high': 448.5, 'mother_bar_low': 448.1000061035156, 'inside_bar_high': 448.45001220703125, 'inside_bar_low': 448.29998779296875, 'entry_signal': 'LONG_ENTRY', 'bars_since_inside': 2, 'entry_long_price': 448.5, 'entry_short_price': 448.1000061035156, 'stop_loss_long': 448.1000061035156, 'stop_loss_short': 448.5}",08:54:09,13:24:09,50
NYKAA,I.T,HOLD,225.14999389648438,225.14999389648438,225.14999389648438,225.14999389648438,0.0,20127,0,0.0,225.7232934827914,BEARISH,32.07520009212875,"{'has_inside_bar': False, 'inside_bar_type': 'NONE', 'mother_bar_high': 0, 'mother_bar_low': 0, 'inside_bar_high': 0, 'inside_bar_low': 0, 'entry_signal': 'NONE', 'bars_since_inside': 999, 'entry_long_price': 0, 'entry_short_price': 0, 'stop_loss_long': 0, 'stop_loss_short': 0}",08:54:09,13:24:09,50
PAYTM,I.T,LONG_ENTRY,1273.5,1273.4000244140625,1279.5999755859375,1270.300048828125,2.0,33022,322,3.0999755859375,1271.176657959657,BULLISH,56.682136528562985,"{'has_inside_bar': True, 'inside_bar_type': 'BULLISH', 'mother_bar_high': 1273.4000244140625, 'mother_bar_low': 1270.300048828125, 'inside_bar_high': 1272.5, 'inside_bar_low': 1270.9000244140625, 'entry_signal': 'LONG_ENTRY', 'bars_since_inside': 4, 'entry_long_price': 1273.4000244140625, 'entry_short_price': 1270.300048828125, 'stop_loss_long': 1270.300048828125, 'stop_loss_short': 1273.4000244140625}",08:54:09,13:24:09,50
ETERNAL,I.T,HOLD,322.25,322.25,322.25,322.25,0.0,84549,0,0.0,322.24387812296936,BULLISH,47.142632928169085,"{'has_inside_bar': False, 'inside_bar_type': 'NONE', 'mother_bar_high': 0, 'mother_bar_low': 0, 'inside_bar_high': 0, 'inside_bar_low': 0, 'entry_signal': 'NONE', 'bars_since_inside': 999, 'entry_long_price': 0, 'entry_short_price': 0, 'stop_loss_long': 0, 'stop_loss_short': 0}",08:54:09,13:24:09,50
POLICYBZR,I.T,HOLD,1896.0999755859375,1896.0999755859375,1896.0999755859375,1896.0999755859375,0.0,3016,0,0.0,1907.5014745331966,BEARISH,10.18281838637914,"{'has_inside_bar': False, 'inside_bar_type': 'NONE', 'mother_bar_high': 0, 'mother_bar_low': 0, 'inside_bar_high': 0, 'inside_bar_low': 0, 'entry_signal': 'NONE', 'bars_since_inside': 999, 'entry_long_price': 0, 'entry_short_price': 0, 'stop_loss_long': 0, 'stop_loss_short': 0}",08:54:09,13:24:09,50
ADANIENSOL,Miscellaneous,HOLD,803.5999755859375,803.5999755859375,803.5999755859375,803.5999755859375,0.0,3010,0,0.0,805.0971483879093,BEARISH,35.051533418068786,"{'has_inside_bar': False, 'inside_bar_type': 'NONE', 'mother_bar_high': 0, 'mother_bar_low': 0, 'inside_bar_high': 0, 'inside_bar_low': 0, 'entry_signal': 'NONE', 'bars_since_inside': 999, 'entry_long_price': 0, 'entry_short_price': 0, 'stop_loss_long': 0, 'stop_loss_short': 0}",08:54:09,13:24:09,50
INOXWIND,FMCG,SHORT_ENTRY,144.05999755859375,143.88999938964844,143.4499969482422,144.11000061035156,2.0,25307,4545,0.220001220703125,144.06230279312138,BEARISH,38.96100035670406,"{'has_inside_bar': True, 'inside_bar_type': 'BEARISH', 'mother_bar_high': 144.11000061035156, 'mother_bar_low': 143.88999938964844, 'inside_bar_high': 144.0, 'inside_bar_low': 143.89999389648438, 'entry_signal': 'SHORT_ENTRY', 'bars_since_inside': 2, 'entry_long_price': 144.11000061035156, 'entry_short_price': 143.88999938964844, 'stop_loss_long': 143.88999938964844, 'stop_loss_short': 144.11000061035156}",08:54:09,13:24:09,50
SYNGENE,Pharmaceuticals,LONG_ENTRY,668.8499755859375,668.9500122070312,670.2500610351562,668.2999877929688,2.0,31,1538,0.6500244140625,668.3014464279131,BULLISH,54.68764902241297,"{'has_inside_bar': True, 'inside_bar_type': 'BULLISH', 'mother_bar_high': 668.9500122070312, 'mother_bar_low': 668.2999877929688, 'inside_bar_high': 668.8499755859375, 'inside_bar_low': 668.5999755859375, 'entry_signal': 'LONG_ENTRY', 'bars_since_inside': 1, 'entry_long_price': 668.9500122070312, 'entry_short_price': 668.2999877929688, 'stop_loss_long': 668.2999877929688, 'stop_loss_short': 668.9500122070312}",08:54:09,13:24:09,50
CROMPTON,FMCG,LONG_ENTRY,318.25,317.95001220703125,318.75006103515625,317.54998779296875,2.0,11814,2499,0.4000244140625,317.95871038879085,BULLISH,47.69233658550328,"{'has_inside_bar': True, 'inside_bar_type': 'BULLISH', 'mother_bar_high': 317.95001220703125, 'mother_bar_low': 317.54998779296875, 'inside_bar_high': 317.8500061035156, 'inside_bar_low': 317.6000061035156, 'entry_signal': 'LONG_ENTRY', 'bars_since_inside': 2, 'entry_long_price': 317.95001220703125, 'entry_short_price': 317.54998779296875, 'stop_loss_long': 317.54998779296875, 'stop_loss_short': 317.95001220703125}",08:54:09,13:24:09,50
INDIGO,Services,HOLD,6100.5,6100.5,6100.5,6100.5,0.0,3295,0,0.0,6101.64725787996,BEARISH,43.95604395604395,"{'has_inside_bar': False, 'inside_bar_type': 'NONE', 'mother_bar_high': 0, 'mother_bar_low': 0, 'inside_bar_high': 0, 'inside_bar_low': 0, 'entry_signal': 'NONE', 'bars_since_inside': 999, 'entry_long_price': 0, 'entry_short_price': 0, 'stop_loss_long': 0, 'stop_loss_short': 0}",08:54:09,13:24:09,50
MGL,Industrials,HOLD,1320.699951171875,1320.699951171875,1320.699951171875,1320.699951171875,0.0,564,0,0.0,1322.5805368895683,BEARISH,32.202969016707186,"{'has_inside_bar': False, 'inside_bar_type': 'NONE', 'mother_bar_high': 0, 'mother_bar_low': 0, 'inside_bar_high': 0, 'inside_bar_low': 0, 'entry_signal': 'NONE', 'bars_since_inside': 999, 'entry_long_price': 0, 'entry_short_price': 0, 'stop_loss_long': 0, 'stop_loss_short': 0}",08:54:09,13:24:09,50
IDFCFIRSTB,Bank,SHORT_ENTRY,69.9000015258789,69.8499984741211,69.6500015258789,69.94999694824219,2.0,123152,10000,0.09999847412109375,70.01578983222458,BEARISH,44.06801577552207,"{'has_inside_bar': True, 'inside_bar_type': 'BEARISH', 'mother_bar_high': 69.94999694824219, 'mother_bar_low': 69.8499984741211, 'inside_bar_high': 69.93000030517578, 'inside_bar_low': 69.86000061035156, 'entry_signal': 'SHORT_ENTRY', 'bars_since_inside': 1, 'entry_long_price': 69.94999694824219, 'entry_short_price': 69.8499984741211, 'stop_loss_long': 69.8499984741211, 'stop_loss_short': 69.94999694824219}",08:54:09,13:24:09,50
ICICIPRULI,Services,HOLD,625.8499755859375,625.8499755859375,625.8499755859375,625.8499755859375,0.0,1258,0,0.0,626.316862971661,BEARISH,50.39989843849182,"{'has_inside_bar': True, 'inside_bar_type': 'BULLISH', 'mother_bar_high': 627.3499755859375, 'mother_bar_low': 626.4500122070312, 'inside_bar_high': 627.1500244140625, 'inside_bar_low': 626.6500244140625, 'entry_signal': 'LONG_ENTRY', 'bars_since_inside': 5, 'entry_long_price': 627.3499755859375, 'entry_short_price': 626.4500122070312, 'stop_loss_long': 626.4500122070312, 'stop_loss_short': 627.3499755859375}",08:54:09,13:24:09,50
ALKEM,Pharmaceuticals,HOLD,5440.0,5440.0,5440.0,5440.0,0.0,184,0,0.0,5445.315706750468,BEARISH,27.77777777777777,"{'has_inside_bar': False, 'inside_bar_type': 'NONE', 'mother_bar_high': 0, 'mother_bar_low': 0, 'inside_bar_high': 0, 'inside_bar_low': 0, 'entry_signal': 'NONE', 'bars_since_inside': 999, 'entry_long_price': 0, 'entry_short_price': 0, 'stop_loss_long': 0, 'stop_loss_short': 0}",08:54:10,13:24:10,50
LTIM,I.T,HOLD,5236.0,5236.0,5236.0,5236.0,0.0,342,0,0.0,5234.110669094228,BULLISH,55.88235294117647,"{'has_inside_bar': True, 'inside_bar_type': 'BEARISH', 'mother_bar_high': 5240.0, 'mother_bar_low': 5234.0, 'inside_bar_high': 5238.0, 'inside_bar_low': 5235.5, 'entry_signal': 'SHORT_ENTRY', 'bars_since_inside': 1, 'entry_long_price': 5240.0, 'entry_short_price': 5234.0, 'stop_loss_long': 5234.0, 'stop_loss_short': 5240.0}",08:54:10,13:24:10,50
RBLBANK,Bank,HOLD,252.25,252.25,252.25,252.25,0.0,9258,0,0.0,252.34697549743,BEARISH,39.13023286671532,"{'has_inside_bar': False, 'inside_bar_type': 'NONE', 'mother_bar_high': 0, 'mother_bar_low': 0, 'inside_bar_high': 0, 'inside_bar_low': 0, 'entry_signal': 'NONE', 'bars_since_inside': 999, 'entry_long_price': 0, 'entry_short_price': 0, 'stop_loss_long': 0, 'stop_loss_short': 0}",08:54:10,13:24:10,50
VBL,FMCG,HOLD,515.8499755859375,515.8499755859375,515.8499755859375,515.8499755859375,0.0,98692,0,0.0,513.4663372092812,BULLISH,74.62762710783555,"{'has_inside_bar': False, 'inside_bar_type': 'NONE', 'mother_bar_high': 0, 'mother_bar_low': 0, 'inside_bar_high': 0, 'inside_bar_low': 0, 'entry_signal': 'NONE', 'bars_since_inside': 999, 'entry_long_price': 0, 'entry_short_price': 0, 'stop_loss_long': 0, 'stop_loss_short': 0}",08:54:10,13:24:10,50
PNBHOUSING,Finance,HOLD,798.9500122070312,798.9500122070312,798.9500122070312,798.9500122070312,0.0,11129,0,0.0,798.1279211353295,BULLISH,58.47961565643226,"{'has_inside_bar': True, 'inside_bar_type': 'BEARISH', 'mother_bar_high': 798.4500122070312, 'mother_bar_low': 797.0, 'inside_bar_high': 798.4000244140625, 'inside_bar_low': 797.6500244140625, 'entry_signal': 'SHORT_ENTRY', 'bars_since_inside': 3, 'entry_long_price': 798.4500122070312, 'entry_short_price': 797.0, 'stop_loss_long': 797.0, 'stop_loss_short': 798.4500122070312}",08:54:10,13:24:10,50
