2025-04-28 21:56:05,225 - INFO - Starting Nuvama sector data scraper with 30-minute refresh
2025-04-28 21:56:05,226 - INFO - Running Nuvama sector data scraper job at 2025-04-28 21:56:05
2025-04-28 21:56:05,227 - INFO - Setting up Chrome driver...
2025-04-28 21:56:05,228 - INFO - ====== WebDriver manager ======
2025-04-28 21:56:07,485 - INFO - Get LATEST chromedriver version for google-chrome
2025-04-28 21:56:07,673 - INFO - Get LATEST chromedriver version for google-chrome
2025-04-28 21:56:07,719 - INFO - Get LATEST chromedriver version for google-chrome
2025-04-28 21:56:07,851 - INFO - WebDriver version 135.0.7049.114 selected
2025-04-28 21:56:07,856 - INFO - Modern chrome version https://storage.googleapis.com/chrome-for-testing-public/135.0.7049.114/win32/chromedriver-win32.zip
2025-04-28 21:56:07,857 - INFO - About to download new driver from https://storage.googleapis.com/chrome-for-testing-public/135.0.7049.114/win32/chromedriver-win32.zip
2025-04-28 21:56:07,924 - INFO - Driver downloading response is 200
2025-04-28 21:56:08,368 - INFO - Get LATEST chromedriver version for google-chrome
2025-04-28 21:56:09,418 - INFO - Driver has been saved in cache [C:\Users\Rajee\.wdm\drivers\chromedriver\win64\135.0.7049.114]
2025-04-28 21:56:17,337 - INFO - Navigating to https://www.nuvamawealth.com/market/stock-market-index/#key-indices
2025-04-28 21:56:22,060 - INFO - Waiting for page to load...
2025-04-28 21:56:42,724 - INFO - Refreshed page to get latest data
2025-04-28 21:56:52,767 - WARNING - Could not click on SECTOR INDICES tab: Message: no such element: Unable to locate element: {"method":"xpath","selector":"//a[text()='SECTOR INDICES']"}
  (Session info: chrome=135.0.7049.115); For documentation on this error, please visit: https://www.selenium.dev/documentation/webdriver/troubleshooting/errors#no-such-element-exception
Stacktrace:
	GetHandleVerifier [0x00F8D363+60275]
	GetHandleVerifier [0x00F8D3A4+60340]
	(No symbol) [0x00DC06F3]
	(No symbol) [0x00E08690]
	(No symbol) [0x00E08A2B]
	(No symbol) [0x00E50EE2]
	(No symbol) [0x00E2D0D4]
	(No symbol) [0x00E4E6EB]
	(No symbol) [0x00E2CE86]
	(No symbol) [0x00DFC623]
	(No symbol) [0x00DFD474]
	GetHandleVerifier [0x011D8FE3+2467827]
	GetHandleVerifier [0x011D45E6+2448886]
	GetHandleVerifier [0x011EF80C+2560028]
	GetHandleVerifier [0x00FA3DF5+153093]
	GetHandleVerifier [0x00FAA3BD+179149]
	GetHandleVerifier [0x00F94BB8+91080]
	GetHandleVerifier [0x00F94D60+91504]
	GetHandleVerifier [0x00F7FA10+4640]
	BaseThreadInitThunk [0x75C9FCC9+25]
	RtlGetAppContainerNamedObjectPath [0x777082AE+286]
	RtlGetAppContainerNamedObjectPath [0x7770827E+238]

2025-04-28 21:56:52,787 - WARNING - Could not click on second tab: Message: no such element: Unable to locate element: {"method":"css selector","selector":".tab-links li:nth-child(2) a"}
  (Session info: chrome=135.0.7049.115); For documentation on this error, please visit: https://www.selenium.dev/documentation/webdriver/troubleshooting/errors#no-such-element-exception
Stacktrace:
	GetHandleVerifier [0x00F8D363+60275]
	GetHandleVerifier [0x00F8D3A4+60340]
	(No symbol) [0x00DC06F3]
	(No symbol) [0x00E08690]
	(No symbol) [0x00E08A2B]
	(No symbol) [0x00E50EE2]
	(No symbol) [0x00E2D0D4]
	(No symbol) [0x00E4E6EB]
	(No symbol) [0x00E2CE86]
	(No symbol) [0x00DFC623]
	(No symbol) [0x00DFD474]
	GetHandleVerifier [0x011D8FE3+2467827]
	GetHandleVerifier [0x011D45E6+2448886]
	GetHandleVerifier [0x011EF80C+2560028]
	GetHandleVerifier [0x00FA3DF5+153093]
	GetHandleVerifier [0x00FAA3BD+179149]
	GetHandleVerifier [0x00F94BB8+91080]
	GetHandleVerifier [0x00F94D60+91504]
	GetHandleVerifier [0x00F7FA10+4640]
	BaseThreadInitThunk [0x75C9FCC9+25]
	RtlGetAppContainerNamedObjectPath [0x777082AE+286]
	RtlGetAppContainerNamedObjectPath [0x7770827E+238]

2025-04-28 21:56:53,077 - INFO - Saved screenshot of sector tab
2025-04-28 21:56:53,166 - INFO - Found 6 tables on page
2025-04-28 21:56:53,184 - INFO - Checking table 1
2025-04-28 21:56:53,725 - INFO - Checking table 2
2025-04-28 21:56:53,913 - INFO - Found likely sector table (table #2)
2025-04-28 21:56:54,945 - WARNING - Could not find percent change for 
2025-04-28 21:56:55,380 - INFO - Found percent change: 1.63% in '358.45 (1.63%)'
2025-04-28 21:56:55,383 - INFO - Added sector: Auto, Change: 1.63%
2025-04-28 21:56:56,047 - INFO - Found percent change: 1.71% in '582.35 (1.71%)'
2025-04-28 21:56:56,054 - INFO - Added sector: Energy, Change: 1.71%
2025-04-28 21:56:56,443 - INFO - Found percent change: 0.98% in '255.55 (0.98%)'
2025-04-28 21:56:56,444 - INFO - Added sector: Financial Services, Change: 0.98%
2025-04-28 21:56:56,912 - INFO - Found percent change: 0.16% in '87.95 (0.16%)'
2025-04-28 21:56:56,919 - INFO - Added sector: FMCG, Change: 0.16%
2025-04-28 21:56:57,145 - INFO - Found percent change: -0.22% in '-79.30 (-0.22%)'
2025-04-28 21:56:57,146 - INFO - Added sector: IT, Change: -0.22%
2025-04-28 21:56:57,821 - INFO - Found percent change: 0.79% in '12.20 (0.79%)'
2025-04-28 21:56:57,822 - INFO - Added sector: Media, Change: 0.79%
2025-04-28 21:56:58,109 - INFO - Found percent change: 1.4% in '120.15 (1.40%)'
2025-04-28 21:56:58,110 - INFO - Added sector: Metal, Change: 1.4%
2025-04-28 21:56:58,358 - INFO - Found percent change: 1.98% in '425.55 (1.98%)'
2025-04-28 21:56:58,358 - INFO - Added sector: Pharma, Change: 1.98%
2025-04-28 21:56:58,629 - INFO - Found percent change: 2.44% in '159.50 (2.44%)'
2025-04-28 21:56:58,644 - INFO - Added sector: PSU Bank, Change: 2.44%
2025-04-28 21:57:00,229 - INFO - Found percent change: 1.41% in '12.15 (1.41%)'
2025-04-28 21:57:00,239 - INFO - Added sector: Realty, Change: 1.41%
2025-04-28 21:57:04,729 - INFO - Saved sector data to sector.csv
2025-04-28 21:58:05,523 - INFO - Running Nuvama sector data scraper job at 2025-04-28 21:58:05
2025-04-28 21:58:05,525 - INFO - Setting up Chrome driver...
2025-04-28 21:58:05,526 - INFO - ====== WebDriver manager ======
2025-04-28 21:58:07,962 - INFO - Get LATEST chromedriver version for google-chrome
2025-04-28 21:58:08,025 - INFO - Get LATEST chromedriver version for google-chrome
2025-04-28 21:58:08,078 - INFO - Driver [C:\Users\Rajee\.wdm\drivers\chromedriver\win64\135.0.7049.114\chromedriver-win32/chromedriver.exe] found in cache
2025-04-28 21:58:12,468 - INFO - Navigating to https://www.nuvamawealth.com/market/stock-market-index/#key-indices
2025-04-28 21:58:17,785 - INFO - Waiting for page to load...
2025-04-28 21:58:35,774 - INFO - Refreshed page to get latest data
2025-04-28 21:58:45,814 - WARNING - Could not click on SECTOR INDICES tab: Message: no such element: Unable to locate element: {"method":"xpath","selector":"//a[text()='SECTOR INDICES']"}
  (Session info: chrome=135.0.7049.115); For documentation on this error, please visit: https://www.selenium.dev/documentation/webdriver/troubleshooting/errors#no-such-element-exception
Stacktrace:
	GetHandleVerifier [0x00C9D363+60275]
	GetHandleVerifier [0x00C9D3A4+60340]
	(No symbol) [0x00AD06F3]
	(No symbol) [0x00B18690]
	(No symbol) [0x00B18A2B]
	(No symbol) [0x00B60EE2]
	(No symbol) [0x00B3D0D4]
	(No symbol) [0x00B5E6EB]
	(No symbol) [0x00B3CE86]
	(No symbol) [0x00B0C623]
	(No symbol) [0x00B0D474]
	GetHandleVerifier [0x00EE8FE3+2467827]
	GetHandleVerifier [0x00EE45E6+2448886]
	GetHandleVerifier [0x00EFF80C+2560028]
	GetHandleVerifier [0x00CB3DF5+153093]
	GetHandleVerifier [0x00CBA3BD+179149]
	GetHandleVerifier [0x00CA4BB8+91080]
	GetHandleVerifier [0x00CA4D60+91504]
	GetHandleVerifier [0x00C8FA10+4640]
	BaseThreadInitThunk [0x75C9FCC9+25]
	RtlGetAppContainerNamedObjectPath [0x777082AE+286]
	RtlGetAppContainerNamedObjectPath [0x7770827E+238]

2025-04-28 21:58:45,828 - WARNING - Could not click on second tab: Message: no such element: Unable to locate element: {"method":"css selector","selector":".tab-links li:nth-child(2) a"}
  (Session info: chrome=135.0.7049.115); For documentation on this error, please visit: https://www.selenium.dev/documentation/webdriver/troubleshooting/errors#no-such-element-exception
Stacktrace:
	GetHandleVerifier [0x00C9D363+60275]
	GetHandleVerifier [0x00C9D3A4+60340]
	(No symbol) [0x00AD06F3]
	(No symbol) [0x00B18690]
	(No symbol) [0x00B18A2B]
	(No symbol) [0x00B60EE2]
	(No symbol) [0x00B3D0D4]
	(No symbol) [0x00B5E6EB]
	(No symbol) [0x00B3CE86]
	(No symbol) [0x00B0C623]
	(No symbol) [0x00B0D474]
	GetHandleVerifier [0x00EE8FE3+2467827]
	GetHandleVerifier [0x00EE45E6+2448886]
	GetHandleVerifier [0x00EFF80C+2560028]
	GetHandleVerifier [0x00CB3DF5+153093]
	GetHandleVerifier [0x00CBA3BD+179149]
	GetHandleVerifier [0x00CA4BB8+91080]
	GetHandleVerifier [0x00CA4D60+91504]
	GetHandleVerifier [0x00C8FA10+4640]
	BaseThreadInitThunk [0x75C9FCC9+25]
	RtlGetAppContainerNamedObjectPath [0x777082AE+286]
	RtlGetAppContainerNamedObjectPath [0x7770827E+238]

2025-04-28 21:58:46,054 - INFO - Saved screenshot of sector tab
2025-04-28 21:58:46,071 - INFO - Found 6 tables on page
2025-04-28 21:58:46,072 - INFO - Checking table 1
2025-04-28 21:58:46,086 - INFO - Checking table 2
2025-04-28 21:58:46,099 - INFO - Found likely sector table (table #2)
2025-04-28 21:58:46,193 - WARNING - Could not find percent change for 
2025-04-28 21:58:46,251 - INFO - Found percent change: 1.63% in '358.45 (1.63%)'
2025-04-28 21:58:46,251 - INFO - Added sector: Auto, Change: 1.63%
2025-04-28 21:58:46,303 - INFO - Found percent change: 1.71% in '582.35 (1.71%)'
2025-04-28 21:58:46,303 - INFO - Added sector: Energy, Change: 1.71%
2025-04-28 21:58:46,376 - INFO - Found percent change: 0.98% in '255.55 (0.98%)'
2025-04-28 21:58:46,376 - INFO - Added sector: Financial Services, Change: 0.98%
2025-04-28 21:58:46,428 - INFO - Found percent change: 0.16% in '87.95 (0.16%)'
2025-04-28 21:58:46,429 - INFO - Added sector: FMCG, Change: 0.16%
2025-04-28 21:58:46,502 - INFO - Found percent change: -0.22% in '-79.30 (-0.22%)'
2025-04-28 21:58:46,502 - INFO - Added sector: IT, Change: -0.22%
2025-04-28 21:58:46,588 - INFO - Found percent change: 0.79% in '12.20 (0.79%)'
2025-04-28 21:58:46,588 - INFO - Added sector: Media, Change: 0.79%
2025-04-28 21:58:46,651 - INFO - Found percent change: 1.4% in '120.15 (1.40%)'
2025-04-28 21:58:46,651 - INFO - Added sector: Metal, Change: 1.4%
2025-04-28 21:58:46,743 - INFO - Found percent change: 1.98% in '425.55 (1.98%)'
2025-04-28 21:58:46,744 - INFO - Added sector: Pharma, Change: 1.98%
2025-04-28 21:58:46,869 - INFO - Found percent change: 2.44% in '159.50 (2.44%)'
2025-04-28 21:58:46,870 - INFO - Added sector: PSU Bank, Change: 2.44%
2025-04-28 21:58:46,949 - INFO - Found percent change: 1.41% in '12.15 (1.41%)'
2025-04-28 21:58:46,949 - INFO - Added sector: Realty, Change: 1.41%
2025-04-28 21:58:49,511 - INFO - Saved sector data to sector.csv
2025-04-28 21:59:11,959 - INFO - Scraper stopped by user
2025-04-28 22:43:28,380 - INFO - Starting Nuvama sector data scraper with 30-minute refresh
2025-04-28 22:43:28,380 - INFO - Running Nuvama sector data scraper job at 2025-04-28 22:43:28
2025-04-28 22:43:28,380 - INFO - Setting up Chrome driver...
2025-04-28 22:43:28,380 - INFO - ====== WebDriver manager ======
2025-04-28 22:43:30,648 - INFO - Get LATEST chromedriver version for google-chrome
2025-04-28 22:43:30,723 - INFO - Get LATEST chromedriver version for google-chrome
2025-04-28 22:43:30,765 - INFO - Driver [C:\Users\Rajee\.wdm\drivers\chromedriver\win64\135.0.7049.114\chromedriver-win32/chromedriver.exe] found in cache
2025-04-28 22:43:34,375 - INFO - Navigating to https://www.nuvamawealth.com/market/stock-market-index/#key-indices
2025-04-28 22:43:38,524 - INFO - Waiting for page to load...
2025-04-28 22:43:55,525 - INFO - Refreshed page to get latest data
2025-04-28 22:44:05,567 - WARNING - Could not click on SECTOR INDICES tab: Message: no such element: Unable to locate element: {"method":"xpath","selector":"//a[text()='SECTOR INDICES']"}
  (Session info: chrome=135.0.7049.115); For documentation on this error, please visit: https://www.selenium.dev/documentation/webdriver/troubleshooting/errors#no-such-element-exception
Stacktrace:
	GetHandleVerifier [0x0085D363+60275]
	GetHandleVerifier [0x0085D3A4+60340]
	(No symbol) [0x006906F3]
	(No symbol) [0x006D8690]
	(No symbol) [0x006D8A2B]
	(No symbol) [0x00720EE2]
	(No symbol) [0x006FD0D4]
	(No symbol) [0x0071E6EB]
	(No symbol) [0x006FCE86]
	(No symbol) [0x006CC623]
	(No symbol) [0x006CD474]
	GetHandleVerifier [0x00AA8FE3+2467827]
	GetHandleVerifier [0x00AA45E6+2448886]
	GetHandleVerifier [0x00ABF80C+2560028]
	GetHandleVerifier [0x00873DF5+153093]
	GetHandleVerifier [0x0087A3BD+179149]
	GetHandleVerifier [0x00864BB8+91080]
	GetHandleVerifier [0x00864D60+91504]
	GetHandleVerifier [0x0084FA10+4640]
	BaseThreadInitThunk [0x75C9FCC9+25]
	RtlGetAppContainerNamedObjectPath [0x777082AE+286]
	RtlGetAppContainerNamedObjectPath [0x7770827E+238]

2025-04-28 22:44:05,587 - WARNING - Could not click on second tab: Message: no such element: Unable to locate element: {"method":"css selector","selector":".tab-links li:nth-child(2) a"}
  (Session info: chrome=135.0.7049.115); For documentation on this error, please visit: https://www.selenium.dev/documentation/webdriver/troubleshooting/errors#no-such-element-exception
Stacktrace:
	GetHandleVerifier [0x0085D363+60275]
	GetHandleVerifier [0x0085D3A4+60340]
	(No symbol) [0x006906F3]
	(No symbol) [0x006D8690]
	(No symbol) [0x006D8A2B]
	(No symbol) [0x00720EE2]
	(No symbol) [0x006FD0D4]
	(No symbol) [0x0071E6EB]
	(No symbol) [0x006FCE86]
	(No symbol) [0x006CC623]
	(No symbol) [0x006CD474]
	GetHandleVerifier [0x00AA8FE3+2467827]
	GetHandleVerifier [0x00AA45E6+2448886]
	GetHandleVerifier [0x00ABF80C+2560028]
	GetHandleVerifier [0x00873DF5+153093]
	GetHandleVerifier [0x0087A3BD+179149]
	GetHandleVerifier [0x00864BB8+91080]
	GetHandleVerifier [0x00864D60+91504]
	GetHandleVerifier [0x0084FA10+4640]
	BaseThreadInitThunk [0x75C9FCC9+25]
	RtlGetAppContainerNamedObjectPath [0x777082AE+286]
	RtlGetAppContainerNamedObjectPath [0x7770827E+238]

2025-04-28 22:44:06,036 - INFO - Saved screenshot of sector tab
2025-04-28 22:44:06,189 - INFO - Found 6 tables on page
2025-04-28 22:44:06,189 - INFO - Checking table 1
2025-04-28 22:44:06,292 - INFO - Checking table 2
2025-04-28 22:44:06,319 - INFO - Found likely sector table (table #2)
2025-04-28 22:44:06,537 - WARNING - Could not find percent change for 
2025-04-28 22:44:06,721 - INFO - Found percent change: 1.63% in '358.45 (1.63%)'
2025-04-28 22:44:06,721 - INFO - Added sector: Auto, Change: 1.63%
2025-04-28 22:44:06,777 - INFO - Found percent change: 1.71% in '582.35 (1.71%)'
2025-04-28 22:44:06,777 - INFO - Added sector: Energy, Change: 1.71%
2025-04-28 22:44:06,833 - INFO - Found percent change: 0.98% in '255.55 (0.98%)'
2025-04-28 22:44:06,834 - INFO - Added sector: Financial Services, Change: 0.98%
2025-04-28 22:44:06,881 - INFO - Found percent change: 0.16% in '87.95 (0.16%)'
2025-04-28 22:44:06,881 - INFO - Added sector: FMCG, Change: 0.16%
2025-04-28 22:44:06,936 - INFO - Found percent change: -0.22% in '-79.30 (-0.22%)'
2025-04-28 22:44:06,937 - INFO - Added sector: IT, Change: -0.22%
2025-04-28 22:44:06,989 - INFO - Found percent change: 0.79% in '12.20 (0.79%)'
2025-04-28 22:44:06,989 - INFO - Added sector: Media, Change: 0.79%
2025-04-28 22:44:07,042 - INFO - Found percent change: 1.4% in '120.15 (1.40%)'
2025-04-28 22:44:07,042 - INFO - Added sector: Metal, Change: 1.4%
2025-04-28 22:44:07,091 - INFO - Found percent change: 1.98% in '425.55 (1.98%)'
2025-04-28 22:44:07,091 - INFO - Added sector: Pharma, Change: 1.98%
2025-04-28 22:44:07,154 - INFO - Found percent change: 2.44% in '159.50 (2.44%)'
2025-04-28 22:44:07,154 - INFO - Added sector: PSU Bank, Change: 2.44%
2025-04-28 22:44:07,258 - INFO - Found percent change: 1.41% in '12.15 (1.41%)'
2025-04-28 22:44:07,258 - INFO - Added sector: Realty, Change: 1.41%
2025-04-28 22:44:09,856 - INFO - Saved sector data to sector.csv
2025-04-28 22:45:10,516 - INFO - Running Nuvama sector data scraper job at 2025-04-28 22:45:10
2025-04-28 22:45:10,516 - INFO - Setting up Chrome driver...
2025-04-28 22:45:10,517 - INFO - ====== WebDriver manager ======
2025-04-28 22:45:12,030 - INFO - Get LATEST chromedriver version for google-chrome
2025-04-28 22:45:12,070 - INFO - Get LATEST chromedriver version for google-chrome
2025-04-28 22:45:12,109 - INFO - Driver [C:\Users\Rajee\.wdm\drivers\chromedriver\win64\135.0.7049.114\chromedriver-win32/chromedriver.exe] found in cache
2025-04-28 22:45:14,667 - INFO - Navigating to https://www.nuvamawealth.com/market/stock-market-index/#key-indices
2025-04-28 22:45:20,494 - INFO - Waiting for page to load...
2025-04-28 22:45:37,825 - INFO - Refreshed page to get latest data
2025-04-28 22:45:47,859 - WARNING - Could not click on SECTOR INDICES tab: Message: no such element: Unable to locate element: {"method":"xpath","selector":"//a[text()='SECTOR INDICES']"}
  (Session info: chrome=135.0.7049.115); For documentation on this error, please visit: https://www.selenium.dev/documentation/webdriver/troubleshooting/errors#no-such-element-exception
Stacktrace:
	GetHandleVerifier [0x0085D363+60275]
	GetHandleVerifier [0x0085D3A4+60340]
	(No symbol) [0x006906F3]
	(No symbol) [0x006D8690]
	(No symbol) [0x006D8A2B]
	(No symbol) [0x00720EE2]
	(No symbol) [0x006FD0D4]
	(No symbol) [0x0071E6EB]
	(No symbol) [0x006FCE86]
	(No symbol) [0x006CC623]
	(No symbol) [0x006CD474]
	GetHandleVerifier [0x00AA8FE3+2467827]
	GetHandleVerifier [0x00AA45E6+2448886]
	GetHandleVerifier [0x00ABF80C+2560028]
	GetHandleVerifier [0x00873DF5+153093]
	GetHandleVerifier [0x0087A3BD+179149]
	GetHandleVerifier [0x00864BB8+91080]
	GetHandleVerifier [0x00864D60+91504]
	GetHandleVerifier [0x0084FA10+4640]
	BaseThreadInitThunk [0x75C9FCC9+25]
	RtlGetAppContainerNamedObjectPath [0x777082AE+286]
	RtlGetAppContainerNamedObjectPath [0x7770827E+238]

2025-04-28 22:45:47,874 - WARNING - Could not click on second tab: Message: no such element: Unable to locate element: {"method":"css selector","selector":".tab-links li:nth-child(2) a"}
  (Session info: chrome=135.0.7049.115); For documentation on this error, please visit: https://www.selenium.dev/documentation/webdriver/troubleshooting/errors#no-such-element-exception
Stacktrace:
	GetHandleVerifier [0x0085D363+60275]
	GetHandleVerifier [0x0085D3A4+60340]
	(No symbol) [0x006906F3]
	(No symbol) [0x006D8690]
	(No symbol) [0x006D8A2B]
	(No symbol) [0x00720EE2]
	(No symbol) [0x006FD0D4]
	(No symbol) [0x0071E6EB]
	(No symbol) [0x006FCE86]
	(No symbol) [0x006CC623]
	(No symbol) [0x006CD474]
	GetHandleVerifier [0x00AA8FE3+2467827]
	GetHandleVerifier [0x00AA45E6+2448886]
	GetHandleVerifier [0x00ABF80C+2560028]
	GetHandleVerifier [0x00873DF5+153093]
	GetHandleVerifier [0x0087A3BD+179149]
	GetHandleVerifier [0x00864BB8+91080]
	GetHandleVerifier [0x00864D60+91504]
	GetHandleVerifier [0x0084FA10+4640]
	BaseThreadInitThunk [0x75C9FCC9+25]
	RtlGetAppContainerNamedObjectPath [0x777082AE+286]
	RtlGetAppContainerNamedObjectPath [0x7770827E+238]

2025-04-28 22:45:48,138 - INFO - Saved screenshot of sector tab
2025-04-28 22:45:48,161 - INFO - Found 6 tables on page
2025-04-28 22:45:48,162 - INFO - Checking table 1
2025-04-28 22:45:48,177 - INFO - Checking table 2
2025-04-28 22:45:48,196 - INFO - Found likely sector table (table #2)
2025-04-28 22:45:48,318 - WARNING - Could not find percent change for 
2025-04-28 22:45:48,390 - INFO - Found percent change: 1.63% in '358.45 (1.63%)'
2025-04-28 22:45:48,391 - INFO - Added sector: Auto, Change: 1.63%
2025-04-28 22:45:48,484 - INFO - Found percent change: 1.71% in '582.35 (1.71%)'
2025-04-28 22:45:48,484 - INFO - Added sector: Energy, Change: 1.71%
2025-04-28 22:45:48,560 - INFO - Found percent change: 0.98% in '255.55 (0.98%)'
2025-04-28 22:45:48,560 - INFO - Added sector: Financial Services, Change: 0.98%
2025-04-28 22:45:48,608 - INFO - Found percent change: 0.16% in '87.95 (0.16%)'
2025-04-28 22:45:48,608 - INFO - Added sector: FMCG, Change: 0.16%
2025-04-28 22:45:48,661 - INFO - Found percent change: -0.22% in '-79.30 (-0.22%)'
2025-04-28 22:45:48,661 - INFO - Added sector: IT, Change: -0.22%
2025-04-28 22:45:48,707 - INFO - Found percent change: 0.79% in '12.20 (0.79%)'
2025-04-28 22:45:48,707 - INFO - Added sector: Media, Change: 0.79%
2025-04-28 22:45:48,763 - INFO - Found percent change: 1.4% in '120.15 (1.40%)'
2025-04-28 22:45:48,763 - INFO - Added sector: Metal, Change: 1.4%
2025-04-28 22:45:48,811 - INFO - Found percent change: 1.98% in '425.55 (1.98%)'
2025-04-28 22:45:48,811 - INFO - Added sector: Pharma, Change: 1.98%
2025-04-28 22:45:48,877 - INFO - Found percent change: 2.44% in '159.50 (2.44%)'
2025-04-28 22:45:48,877 - INFO - Added sector: PSU Bank, Change: 2.44%
2025-04-28 22:47:07,185 - INFO - Found percent change: 1.41% in '12.15 (1.41%)'
2025-04-28 22:47:07,185 - INFO - Added sector: Realty, Change: 1.41%
2025-04-28 22:47:09,804 - INFO - Saved sector data to sector.csv
2025-04-28 22:47:16,461 - INFO - Scraper stopped by user
2025-04-28 22:47:43,354 - INFO - Starting Nuvama sector data scraper with 30-minute refresh
2025-04-28 22:47:43,354 - INFO - Running Nuvama sector data scraper job at 2025-04-28 22:47:43
2025-04-28 22:47:43,354 - INFO - Setting up Chrome driver...
2025-04-28 22:47:43,355 - INFO - ====== WebDriver manager ======
2025-04-28 22:47:44,715 - INFO - Get LATEST chromedriver version for google-chrome
2025-04-28 22:47:44,775 - INFO - Get LATEST chromedriver version for google-chrome
2025-04-28 22:47:44,819 - INFO - Driver [C:\Users\Rajee\.wdm\drivers\chromedriver\win64\135.0.7049.114\chromedriver-win32/chromedriver.exe] found in cache
2025-04-28 22:47:46,614 - INFO - Navigating to https://www.nuvamawealth.com/market/stock-market-index/#key-indices
2025-04-28 22:47:50,032 - INFO - Waiting for page to load...
2025-04-28 22:48:07,104 - INFO - Refreshed page to get latest data
2025-04-28 22:48:17,129 - WARNING - Could not click on SECTOR INDICES tab: Message: no such element: Unable to locate element: {"method":"xpath","selector":"//a[text()='SECTOR INDICES']"}
  (Session info: chrome=135.0.7049.115); For documentation on this error, please visit: https://www.selenium.dev/documentation/webdriver/troubleshooting/errors#no-such-element-exception
Stacktrace:
	GetHandleVerifier [0x0085D363+60275]
	GetHandleVerifier [0x0085D3A4+60340]
	(No symbol) [0x006906F3]
	(No symbol) [0x006D8690]
	(No symbol) [0x006D8A2B]
	(No symbol) [0x00720EE2]
	(No symbol) [0x006FD0D4]
	(No symbol) [0x0071E6EB]
	(No symbol) [0x006FCE86]
	(No symbol) [0x006CC623]
	(No symbol) [0x006CD474]
	GetHandleVerifier [0x00AA8FE3+2467827]
	GetHandleVerifier [0x00AA45E6+2448886]
	GetHandleVerifier [0x00ABF80C+2560028]
	GetHandleVerifier [0x00873DF5+153093]
	GetHandleVerifier [0x0087A3BD+179149]
	GetHandleVerifier [0x00864BB8+91080]
	GetHandleVerifier [0x00864D60+91504]
	GetHandleVerifier [0x0084FA10+4640]
	BaseThreadInitThunk [0x75C9FCC9+25]
	RtlGetAppContainerNamedObjectPath [0x777082AE+286]
	RtlGetAppContainerNamedObjectPath [0x7770827E+238]

2025-04-28 22:48:17,148 - WARNING - Could not click on second tab: Message: no such element: Unable to locate element: {"method":"css selector","selector":".tab-links li:nth-child(2) a"}
  (Session info: chrome=135.0.7049.115); For documentation on this error, please visit: https://www.selenium.dev/documentation/webdriver/troubleshooting/errors#no-such-element-exception
Stacktrace:
	GetHandleVerifier [0x0085D363+60275]
	GetHandleVerifier [0x0085D3A4+60340]
	(No symbol) [0x006906F3]
	(No symbol) [0x006D8690]
	(No symbol) [0x006D8A2B]
	(No symbol) [0x00720EE2]
	(No symbol) [0x006FD0D4]
	(No symbol) [0x0071E6EB]
	(No symbol) [0x006FCE86]
	(No symbol) [0x006CC623]
	(No symbol) [0x006CD474]
	GetHandleVerifier [0x00AA8FE3+2467827]
	GetHandleVerifier [0x00AA45E6+2448886]
	GetHandleVerifier [0x00ABF80C+2560028]
	GetHandleVerifier [0x00873DF5+153093]
	GetHandleVerifier [0x0087A3BD+179149]
	GetHandleVerifier [0x00864BB8+91080]
	GetHandleVerifier [0x00864D60+91504]
	GetHandleVerifier [0x0084FA10+4640]
	BaseThreadInitThunk [0x75C9FCC9+25]
	RtlGetAppContainerNamedObjectPath [0x777082AE+286]
	RtlGetAppContainerNamedObjectPath [0x7770827E+238]

2025-04-28 22:48:17,349 - INFO - Saved screenshot of sector tab
2025-04-28 22:48:17,367 - INFO - Found 6 tables on page
2025-04-28 22:48:17,368 - INFO - Checking table 1
2025-04-28 22:48:17,387 - INFO - Checking table 2
2025-04-28 22:48:17,399 - INFO - Found likely sector table (table #2)
2025-04-28 22:48:17,495 - WARNING - Could not find percent change for 
2025-04-28 22:48:17,577 - INFO - Found percent change: 1.63% in '358.45 (1.63%)'
2025-04-28 22:48:17,579 - INFO - Added sector: Auto, Change: 1.63%
2025-04-28 22:48:17,657 - INFO - Found percent change: 1.71% in '582.35 (1.71%)'
2025-04-28 22:48:17,658 - INFO - Added sector: Energy, Change: 1.71%
2025-04-28 22:48:17,796 - INFO - Found percent change: 0.98% in '255.55 (0.98%)'
2025-04-28 22:48:17,796 - INFO - Added sector: Financial Services, Change: 0.98%
2025-04-28 22:48:17,881 - INFO - Found percent change: 0.16% in '87.95 (0.16%)'
2025-04-28 22:48:17,882 - INFO - Added sector: FMCG, Change: 0.16%
2025-04-28 22:48:17,953 - INFO - Found percent change: -0.22% in '-79.30 (-0.22%)'
2025-04-28 22:48:17,954 - INFO - Added sector: IT, Change: -0.22%
2025-04-28 22:48:18,009 - INFO - Found percent change: 0.79% in '12.20 (0.79%)'
2025-04-28 22:48:18,009 - INFO - Added sector: Media, Change: 0.79%
2025-04-28 22:48:18,070 - INFO - Found percent change: 1.4% in '120.15 (1.40%)'
2025-04-28 22:48:18,071 - INFO - Added sector: Metal, Change: 1.4%
2025-04-28 22:48:18,150 - INFO - Found percent change: 1.98% in '425.55 (1.98%)'
2025-04-28 22:48:18,152 - INFO - Added sector: Pharma, Change: 1.98%
2025-04-28 22:48:18,228 - INFO - Found percent change: 2.44% in '159.50 (2.44%)'
2025-04-28 22:48:18,228 - INFO - Added sector: PSU Bank, Change: 2.44%
2025-04-28 22:48:18,329 - INFO - Found percent change: 1.41% in '12.15 (1.41%)'
2025-04-28 22:48:18,331 - INFO - Added sector: Realty, Change: 1.41%
2025-04-28 22:48:21,105 - INFO - Saved sector data to sector.csv
2025-04-28 22:49:21,797 - INFO - Running Nuvama sector data scraper job at 2025-04-28 22:49:21
2025-04-28 22:49:21,823 - INFO - Setting up Chrome driver...
2025-04-28 22:49:21,835 - INFO - ====== WebDriver manager ======
2025-04-28 22:49:24,239 - INFO - Get LATEST chromedriver version for google-chrome
2025-04-28 22:49:24,286 - INFO - Get LATEST chromedriver version for google-chrome
2025-04-28 22:49:24,339 - INFO - Driver [C:\Users\Rajee\.wdm\drivers\chromedriver\win64\135.0.7049.114\chromedriver-win32/chromedriver.exe] found in cache
2025-04-28 22:49:26,179 - INFO - Navigating to https://www.nuvamawealth.com/market/stock-market-index/#key-indices
2025-04-28 22:49:32,816 - INFO - Waiting for page to load...
2025-04-28 22:49:49,755 - INFO - Refreshed page to get latest data
2025-04-28 22:49:59,823 - WARNING - Could not click on SECTOR INDICES tab: Message: no such element: Unable to locate element: {"method":"xpath","selector":"//a[text()='SECTOR INDICES']"}
  (Session info: chrome=135.0.7049.115); For documentation on this error, please visit: https://www.selenium.dev/documentation/webdriver/troubleshooting/errors#no-such-element-exception
Stacktrace:
	GetHandleVerifier [0x0085D363+60275]
	GetHandleVerifier [0x0085D3A4+60340]
	(No symbol) [0x006906F3]
	(No symbol) [0x006D8690]
	(No symbol) [0x006D8A2B]
	(No symbol) [0x00720EE2]
	(No symbol) [0x006FD0D4]
	(No symbol) [0x0071E6EB]
	(No symbol) [0x006FCE86]
	(No symbol) [0x006CC623]
	(No symbol) [0x006CD474]
	GetHandleVerifier [0x00AA8FE3+2467827]
	GetHandleVerifier [0x00AA45E6+2448886]
	GetHandleVerifier [0x00ABF80C+2560028]
	GetHandleVerifier [0x00873DF5+153093]
	GetHandleVerifier [0x0087A3BD+179149]
	GetHandleVerifier [0x00864BB8+91080]
	GetHandleVerifier [0x00864D60+91504]
	GetHandleVerifier [0x0084FA10+4640]
	BaseThreadInitThunk [0x75C9FCC9+25]
	RtlGetAppContainerNamedObjectPath [0x777082AE+286]
	RtlGetAppContainerNamedObjectPath [0x7770827E+238]

2025-04-28 22:49:59,874 - WARNING - Could not click on second tab: Message: no such element: Unable to locate element: {"method":"css selector","selector":".tab-links li:nth-child(2) a"}
  (Session info: chrome=135.0.7049.115); For documentation on this error, please visit: https://www.selenium.dev/documentation/webdriver/troubleshooting/errors#no-such-element-exception
Stacktrace:
	GetHandleVerifier [0x0085D363+60275]
	GetHandleVerifier [0x0085D3A4+60340]
	(No symbol) [0x006906F3]
	(No symbol) [0x006D8690]
	(No symbol) [0x006D8A2B]
	(No symbol) [0x00720EE2]
	(No symbol) [0x006FD0D4]
	(No symbol) [0x0071E6EB]
	(No symbol) [0x006FCE86]
	(No symbol) [0x006CC623]
	(No symbol) [0x006CD474]
	GetHandleVerifier [0x00AA8FE3+2467827]
	GetHandleVerifier [0x00AA45E6+2448886]
	GetHandleVerifier [0x00ABF80C+2560028]
	GetHandleVerifier [0x00873DF5+153093]
	GetHandleVerifier [0x0087A3BD+179149]
	GetHandleVerifier [0x00864BB8+91080]
	GetHandleVerifier [0x00864D60+91504]
	GetHandleVerifier [0x0084FA10+4640]
	BaseThreadInitThunk [0x75C9FCC9+25]
	RtlGetAppContainerNamedObjectPath [0x777082AE+286]
	RtlGetAppContainerNamedObjectPath [0x7770827E+238]

2025-04-28 22:50:00,470 - INFO - Saved screenshot of sector tab
2025-04-28 22:50:00,538 - INFO - Found 6 tables on page
2025-04-28 22:50:00,539 - INFO - Checking table 1
2025-04-28 22:50:00,595 - INFO - Checking table 2
2025-04-28 22:50:00,630 - INFO - Found likely sector table (table #2)
2025-04-28 22:50:00,791 - WARNING - Could not find percent change for 
2025-04-28 22:50:00,895 - INFO - Found percent change: 1.63% in '358.45 (1.63%)'
2025-04-28 22:50:00,896 - INFO - Added sector: Auto, Change: 1.63%
2025-04-28 22:50:01,017 - INFO - Found percent change: 1.71% in '582.35 (1.71%)'
2025-04-28 22:50:01,018 - INFO - Added sector: Energy, Change: 1.71%
2025-04-28 22:50:01,104 - INFO - Found percent change: 0.98% in '255.55 (0.98%)'
2025-04-28 22:50:01,104 - INFO - Added sector: Financial Services, Change: 0.98%
2025-04-28 22:50:01,199 - INFO - Found percent change: 0.16% in '87.95 (0.16%)'
2025-04-28 22:50:01,201 - INFO - Added sector: FMCG, Change: 0.16%
2025-04-28 22:50:01,348 - INFO - Found percent change: -0.22% in '-79.30 (-0.22%)'
2025-04-28 22:50:01,349 - INFO - Added sector: IT, Change: -0.22%
2025-04-28 22:50:01,434 - INFO - Found percent change: 0.79% in '12.20 (0.79%)'
2025-04-28 22:50:01,435 - INFO - Added sector: Media, Change: 0.79%
2025-04-28 22:50:01,523 - INFO - Found percent change: 1.4% in '120.15 (1.40%)'
2025-04-28 22:50:01,523 - INFO - Added sector: Metal, Change: 1.4%
2025-04-28 22:50:01,624 - INFO - Found percent change: 1.98% in '425.55 (1.98%)'
2025-04-28 22:50:01,625 - INFO - Added sector: Pharma, Change: 1.98%
2025-04-28 22:50:01,776 - INFO - Found percent change: 2.44% in '159.50 (2.44%)'
2025-04-28 22:50:01,778 - INFO - Added sector: PSU Bank, Change: 2.44%
2025-04-28 22:50:02,013 - INFO - Found percent change: 1.41% in '12.15 (1.41%)'
2025-04-28 22:50:02,018 - INFO - Added sector: Realty, Change: 1.41%
2025-04-28 22:50:05,149 - INFO - Saved sector data to sector.csv
2025-04-28 22:51:05,941 - INFO - Running Nuvama sector data scraper job at 2025-04-28 22:51:05
2025-04-28 22:51:05,941 - INFO - Setting up Chrome driver...
2025-04-28 22:51:05,942 - INFO - ====== WebDriver manager ======
2025-04-28 22:51:07,919 - INFO - Get LATEST chromedriver version for google-chrome
2025-04-28 22:51:07,967 - INFO - Get LATEST chromedriver version for google-chrome
2025-04-28 22:51:08,017 - INFO - Driver [C:\Users\Rajee\.wdm\drivers\chromedriver\win64\135.0.7049.114\chromedriver-win32/chromedriver.exe] found in cache
2025-04-28 22:51:09,652 - INFO - Navigating to https://www.nuvamawealth.com/market/stock-market-index/#key-indices
2025-04-28 22:51:14,459 - INFO - Waiting for page to load...
2025-04-28 22:51:32,976 - INFO - Refreshed page to get latest data
2025-04-28 22:51:43,003 - WARNING - Could not click on SECTOR INDICES tab: Message: no such element: Unable to locate element: {"method":"xpath","selector":"//a[text()='SECTOR INDICES']"}
  (Session info: chrome=135.0.7049.115); For documentation on this error, please visit: https://www.selenium.dev/documentation/webdriver/troubleshooting/errors#no-such-element-exception
Stacktrace:
	GetHandleVerifier [0x0085D363+60275]
	GetHandleVerifier [0x0085D3A4+60340]
	(No symbol) [0x006906F3]
	(No symbol) [0x006D8690]
	(No symbol) [0x006D8A2B]
	(No symbol) [0x00720EE2]
	(No symbol) [0x006FD0D4]
	(No symbol) [0x0071E6EB]
	(No symbol) [0x006FCE86]
	(No symbol) [0x006CC623]
	(No symbol) [0x006CD474]
	GetHandleVerifier [0x00AA8FE3+2467827]
	GetHandleVerifier [0x00AA45E6+2448886]
	GetHandleVerifier [0x00ABF80C+2560028]
	GetHandleVerifier [0x00873DF5+153093]
	GetHandleVerifier [0x0087A3BD+179149]
	GetHandleVerifier [0x00864BB8+91080]
	GetHandleVerifier [0x00864D60+91504]
	GetHandleVerifier [0x0084FA10+4640]
	BaseThreadInitThunk [0x75C9FCC9+25]
	RtlGetAppContainerNamedObjectPath [0x777082AE+286]
	RtlGetAppContainerNamedObjectPath [0x7770827E+238]

2025-04-28 22:51:43,035 - WARNING - Could not click on second tab: Message: no such element: Unable to locate element: {"method":"css selector","selector":".tab-links li:nth-child(2) a"}
  (Session info: chrome=135.0.7049.115); For documentation on this error, please visit: https://www.selenium.dev/documentation/webdriver/troubleshooting/errors#no-such-element-exception
Stacktrace:
	GetHandleVerifier [0x0085D363+60275]
	GetHandleVerifier [0x0085D3A4+60340]
	(No symbol) [0x006906F3]
	(No symbol) [0x006D8690]
	(No symbol) [0x006D8A2B]
	(No symbol) [0x00720EE2]
	(No symbol) [0x006FD0D4]
	(No symbol) [0x0071E6EB]
	(No symbol) [0x006FCE86]
	(No symbol) [0x006CC623]
	(No symbol) [0x006CD474]
	GetHandleVerifier [0x00AA8FE3+2467827]
	GetHandleVerifier [0x00AA45E6+2448886]
	GetHandleVerifier [0x00ABF80C+2560028]
	GetHandleVerifier [0x00873DF5+153093]
	GetHandleVerifier [0x0087A3BD+179149]
	GetHandleVerifier [0x00864BB8+91080]
	GetHandleVerifier [0x00864D60+91504]
	GetHandleVerifier [0x0084FA10+4640]
	BaseThreadInitThunk [0x75C9FCC9+25]
	RtlGetAppContainerNamedObjectPath [0x777082AE+286]
	RtlGetAppContainerNamedObjectPath [0x7770827E+238]

2025-04-28 22:51:43,232 - INFO - Saved screenshot of sector tab
2025-04-28 22:51:43,263 - INFO - Found 6 tables on page
2025-04-28 22:51:43,263 - INFO - Checking table 1
2025-04-28 22:51:43,280 - INFO - Checking table 2
2025-04-28 22:51:43,295 - INFO - Found likely sector table (table #2)
2025-04-28 22:51:43,393 - WARNING - Could not find percent change for 
2025-04-28 22:51:43,463 - INFO - Found percent change: 1.63% in '358.45 (1.63%)'
2025-04-28 22:51:43,463 - INFO - Added sector: Auto, Change: 1.63%
2025-04-28 22:51:43,538 - INFO - Found percent change: 1.71% in '582.35 (1.71%)'
2025-04-28 22:51:43,540 - INFO - Added sector: Energy, Change: 1.71%
2025-04-28 22:51:43,610 - INFO - Found percent change: 0.98% in '255.55 (0.98%)'
2025-04-28 22:51:43,612 - INFO - Added sector: Financial Services, Change: 0.98%
2025-04-28 22:51:43,695 - INFO - Found percent change: 0.16% in '87.95 (0.16%)'
2025-04-28 22:51:43,695 - INFO - Added sector: FMCG, Change: 0.16%
2025-04-28 22:51:43,764 - INFO - Found percent change: -0.22% in '-79.30 (-0.22%)'
2025-04-28 22:51:43,765 - INFO - Added sector: IT, Change: -0.22%
2025-04-28 22:51:43,829 - INFO - Found percent change: 0.79% in '12.20 (0.79%)'
2025-04-28 22:51:43,829 - INFO - Added sector: Media, Change: 0.79%
2025-04-28 22:51:43,918 - INFO - Found percent change: 1.4% in '120.15 (1.40%)'
2025-04-28 22:51:43,920 - INFO - Added sector: Metal, Change: 1.4%
2025-04-28 22:51:44,003 - INFO - Found percent change: 1.98% in '425.55 (1.98%)'
2025-04-28 22:51:44,004 - INFO - Added sector: Pharma, Change: 1.98%
2025-04-28 22:51:44,083 - INFO - Found percent change: 2.44% in '159.50 (2.44%)'
2025-04-28 22:51:44,085 - INFO - Added sector: PSU Bank, Change: 2.44%
2025-04-28 22:51:44,157 - INFO - Found percent change: 1.41% in '12.15 (1.41%)'
2025-04-28 22:51:44,158 - INFO - Added sector: Realty, Change: 1.41%
2025-04-28 22:51:47,059 - INFO - Saved sector data to sector.csv
2025-04-28 22:52:47,752 - INFO - Running Nuvama sector data scraper job at 2025-04-28 22:52:47
2025-04-28 22:52:47,753 - INFO - Setting up Chrome driver...
2025-04-28 22:52:47,754 - INFO - ====== WebDriver manager ======
2025-04-28 22:52:49,708 - INFO - Get LATEST chromedriver version for google-chrome
2025-04-28 22:52:49,755 - INFO - Get LATEST chromedriver version for google-chrome
2025-04-28 22:52:49,804 - INFO - Driver [C:\Users\Rajee\.wdm\drivers\chromedriver\win64\135.0.7049.114\chromedriver-win32/chromedriver.exe] found in cache
2025-04-28 22:52:51,496 - INFO - Navigating to https://www.nuvamawealth.com/market/stock-market-index/#key-indices
2025-04-28 22:52:56,315 - INFO - Waiting for page to load...
2025-04-28 22:53:13,705 - INFO - Refreshed page to get latest data
2025-04-28 22:53:23,733 - WARNING - Could not click on SECTOR INDICES tab: Message: no such element: Unable to locate element: {"method":"xpath","selector":"//a[text()='SECTOR INDICES']"}
  (Session info: chrome=135.0.7049.115); For documentation on this error, please visit: https://www.selenium.dev/documentation/webdriver/troubleshooting/errors#no-such-element-exception
Stacktrace:
	GetHandleVerifier [0x0085D363+60275]
	GetHandleVerifier [0x0085D3A4+60340]
	(No symbol) [0x006906F3]
	(No symbol) [0x006D8690]
	(No symbol) [0x006D8A2B]
	(No symbol) [0x00720EE2]
	(No symbol) [0x006FD0D4]
	(No symbol) [0x0071E6EB]
	(No symbol) [0x006FCE86]
	(No symbol) [0x006CC623]
	(No symbol) [0x006CD474]
	GetHandleVerifier [0x00AA8FE3+2467827]
	GetHandleVerifier [0x00AA45E6+2448886]
	GetHandleVerifier [0x00ABF80C+2560028]
	GetHandleVerifier [0x00873DF5+153093]
	GetHandleVerifier [0x0087A3BD+179149]
	GetHandleVerifier [0x00864BB8+91080]
	GetHandleVerifier [0x00864D60+91504]
	GetHandleVerifier [0x0084FA10+4640]
	BaseThreadInitThunk [0x75C9FCC9+25]
	RtlGetAppContainerNamedObjectPath [0x777082AE+286]
	RtlGetAppContainerNamedObjectPath [0x7770827E+238]

2025-04-28 22:53:23,758 - WARNING - Could not click on second tab: Message: no such element: Unable to locate element: {"method":"css selector","selector":".tab-links li:nth-child(2) a"}
  (Session info: chrome=135.0.7049.115); For documentation on this error, please visit: https://www.selenium.dev/documentation/webdriver/troubleshooting/errors#no-such-element-exception
Stacktrace:
	GetHandleVerifier [0x0085D363+60275]
	GetHandleVerifier [0x0085D3A4+60340]
	(No symbol) [0x006906F3]
	(No symbol) [0x006D8690]
	(No symbol) [0x006D8A2B]
	(No symbol) [0x00720EE2]
	(No symbol) [0x006FD0D4]
	(No symbol) [0x0071E6EB]
	(No symbol) [0x006FCE86]
	(No symbol) [0x006CC623]
	(No symbol) [0x006CD474]
	GetHandleVerifier [0x00AA8FE3+2467827]
	GetHandleVerifier [0x00AA45E6+2448886]
	GetHandleVerifier [0x00ABF80C+2560028]
	GetHandleVerifier [0x00873DF5+153093]
	GetHandleVerifier [0x0087A3BD+179149]
	GetHandleVerifier [0x00864BB8+91080]
	GetHandleVerifier [0x00864D60+91504]
	GetHandleVerifier [0x0084FA10+4640]
	BaseThreadInitThunk [0x75C9FCC9+25]
	RtlGetAppContainerNamedObjectPath [0x777082AE+286]
	RtlGetAppContainerNamedObjectPath [0x7770827E+238]

2025-04-28 22:53:23,992 - INFO - Saved screenshot of sector tab
2025-04-28 22:53:24,005 - INFO - Found 6 tables on page
2025-04-28 22:53:24,006 - INFO - Checking table 1
2025-04-28 22:53:24,015 - INFO - Checking table 2
2025-04-28 22:53:24,025 - INFO - Found likely sector table (table #2)
2025-04-28 22:53:24,105 - WARNING - Could not find percent change for 
2025-04-28 22:53:24,156 - INFO - Found percent change: 1.63% in '358.45 (1.63%)'
2025-04-28 22:53:24,156 - INFO - Added sector: Auto, Change: 1.63%
2025-04-28 22:53:24,207 - INFO - Found percent change: 1.71% in '582.35 (1.71%)'
2025-04-28 22:53:24,208 - INFO - Added sector: Energy, Change: 1.71%
2025-04-28 22:53:24,256 - INFO - Found percent change: 0.98% in '255.55 (0.98%)'
2025-04-28 22:53:24,257 - INFO - Added sector: Financial Services, Change: 0.98%
2025-04-28 22:53:24,318 - INFO - Found percent change: 0.16% in '87.95 (0.16%)'
2025-04-28 22:53:24,318 - INFO - Added sector: FMCG, Change: 0.16%
2025-04-28 22:53:24,370 - INFO - Found percent change: -0.22% in '-79.30 (-0.22%)'
2025-04-28 22:53:24,371 - INFO - Added sector: IT, Change: -0.22%
2025-04-28 22:53:24,427 - INFO - Found percent change: 0.79% in '12.20 (0.79%)'
2025-04-28 22:53:24,427 - INFO - Added sector: Media, Change: 0.79%
2025-04-28 22:53:24,480 - INFO - Found percent change: 1.4% in '120.15 (1.40%)'
2025-04-28 22:53:24,480 - INFO - Added sector: Metal, Change: 1.4%
2025-04-28 22:53:24,530 - INFO - Found percent change: 1.98% in '425.55 (1.98%)'
2025-04-28 22:53:24,530 - INFO - Added sector: Pharma, Change: 1.98%
2025-04-28 22:53:24,576 - INFO - Found percent change: 2.44% in '159.50 (2.44%)'
2025-04-28 22:53:24,576 - INFO - Added sector: PSU Bank, Change: 2.44%
2025-04-28 22:53:24,636 - INFO - Found percent change: 1.41% in '12.15 (1.41%)'
2025-04-28 22:53:24,636 - INFO - Added sector: Realty, Change: 1.41%
2025-04-28 22:53:27,148 - INFO - Saved sector data to sector.csv
2025-04-28 22:54:27,827 - INFO - Running Nuvama sector data scraper job at 2025-04-28 22:54:27
2025-04-28 22:54:27,828 - INFO - Setting up Chrome driver...
2025-04-28 22:54:27,828 - INFO - ====== WebDriver manager ======
2025-04-28 22:54:29,069 - INFO - Get LATEST chromedriver version for google-chrome
2025-04-28 22:54:29,109 - INFO - Get LATEST chromedriver version for google-chrome
2025-04-28 22:54:29,155 - INFO - Driver [C:\Users\Rajee\.wdm\drivers\chromedriver\win64\135.0.7049.114\chromedriver-win32/chromedriver.exe] found in cache
2025-04-28 22:54:30,587 - INFO - Navigating to https://www.nuvamawealth.com/market/stock-market-index/#key-indices
2025-04-28 22:54:34,732 - INFO - Waiting for page to load...
2025-04-28 22:54:51,979 - INFO - Refreshed page to get latest data
2025-04-28 22:55:02,001 - WARNING - Could not click on SECTOR INDICES tab: Message: no such element: Unable to locate element: {"method":"xpath","selector":"//a[text()='SECTOR INDICES']"}
  (Session info: chrome=135.0.7049.115); For documentation on this error, please visit: https://www.selenium.dev/documentation/webdriver/troubleshooting/errors#no-such-element-exception
Stacktrace:
	GetHandleVerifier [0x0085D363+60275]
	GetHandleVerifier [0x0085D3A4+60340]
	(No symbol) [0x006906F3]
	(No symbol) [0x006D8690]
	(No symbol) [0x006D8A2B]
	(No symbol) [0x00720EE2]
	(No symbol) [0x006FD0D4]
	(No symbol) [0x0071E6EB]
	(No symbol) [0x006FCE86]
	(No symbol) [0x006CC623]
	(No symbol) [0x006CD474]
	GetHandleVerifier [0x00AA8FE3+2467827]
	GetHandleVerifier [0x00AA45E6+2448886]
	GetHandleVerifier [0x00ABF80C+2560028]
	GetHandleVerifier [0x00873DF5+153093]
	GetHandleVerifier [0x0087A3BD+179149]
	GetHandleVerifier [0x00864BB8+91080]
	GetHandleVerifier [0x00864D60+91504]
	GetHandleVerifier [0x0084FA10+4640]
	BaseThreadInitThunk [0x75C9FCC9+25]
	RtlGetAppContainerNamedObjectPath [0x777082AE+286]
	RtlGetAppContainerNamedObjectPath [0x7770827E+238]

2025-04-28 22:55:02,023 - WARNING - Could not click on second tab: Message: no such element: Unable to locate element: {"method":"css selector","selector":".tab-links li:nth-child(2) a"}
  (Session info: chrome=135.0.7049.115); For documentation on this error, please visit: https://www.selenium.dev/documentation/webdriver/troubleshooting/errors#no-such-element-exception
Stacktrace:
	GetHandleVerifier [0x0085D363+60275]
	GetHandleVerifier [0x0085D3A4+60340]
	(No symbol) [0x006906F3]
	(No symbol) [0x006D8690]
	(No symbol) [0x006D8A2B]
	(No symbol) [0x00720EE2]
	(No symbol) [0x006FD0D4]
	(No symbol) [0x0071E6EB]
	(No symbol) [0x006FCE86]
	(No symbol) [0x006CC623]
	(No symbol) [0x006CD474]
	GetHandleVerifier [0x00AA8FE3+2467827]
	GetHandleVerifier [0x00AA45E6+2448886]
	GetHandleVerifier [0x00ABF80C+2560028]
	GetHandleVerifier [0x00873DF5+153093]
	GetHandleVerifier [0x0087A3BD+179149]
	GetHandleVerifier [0x00864BB8+91080]
	GetHandleVerifier [0x00864D60+91504]
	GetHandleVerifier [0x0084FA10+4640]
	BaseThreadInitThunk [0x75C9FCC9+25]
	RtlGetAppContainerNamedObjectPath [0x777082AE+286]
	RtlGetAppContainerNamedObjectPath [0x7770827E+238]

2025-04-28 22:55:02,202 - INFO - Saved screenshot of sector tab
2025-04-28 22:55:02,223 - INFO - Found 6 tables on page
2025-04-28 22:55:02,223 - INFO - Checking table 1
2025-04-28 22:55:02,237 - INFO - Checking table 2
2025-04-28 22:55:02,249 - INFO - Found likely sector table (table #2)
2025-04-28 22:55:02,330 - WARNING - Could not find percent change for 
2025-04-28 22:55:02,376 - INFO - Found percent change: 1.63% in '358.45 (1.63%)'
2025-04-28 22:55:02,376 - INFO - Added sector: Auto, Change: 1.63%
2025-04-28 22:55:02,428 - INFO - Found percent change: 1.71% in '582.35 (1.71%)'
2025-04-28 22:55:02,428 - INFO - Added sector: Energy, Change: 1.71%
2025-04-28 22:55:02,472 - INFO - Found percent change: 0.98% in '255.55 (0.98%)'
2025-04-28 22:55:02,473 - INFO - Added sector: Financial Services, Change: 0.98%
2025-04-28 22:55:02,524 - INFO - Found percent change: 0.16% in '87.95 (0.16%)'
2025-04-28 22:55:02,524 - INFO - Added sector: FMCG, Change: 0.16%
2025-04-28 22:55:02,590 - INFO - Found percent change: -0.22% in '-79.30 (-0.22%)'
2025-04-28 22:55:02,590 - INFO - Added sector: IT, Change: -0.22%
2025-04-28 22:55:02,659 - INFO - Found percent change: 0.79% in '12.20 (0.79%)'
2025-04-28 22:55:02,660 - INFO - Added sector: Media, Change: 0.79%
2025-04-28 22:55:02,723 - INFO - Found percent change: 1.4% in '120.15 (1.40%)'
2025-04-28 22:55:02,724 - INFO - Added sector: Metal, Change: 1.4%
2025-04-28 22:55:02,791 - INFO - Found percent change: 1.98% in '425.55 (1.98%)'
2025-04-28 22:55:02,791 - INFO - Added sector: Pharma, Change: 1.98%
2025-04-28 22:55:02,853 - INFO - Found percent change: 2.44% in '159.50 (2.44%)'
2025-04-28 22:55:02,854 - INFO - Added sector: PSU Bank, Change: 2.44%
2025-04-28 22:55:02,909 - INFO - Found percent change: 1.41% in '12.15 (1.41%)'
2025-04-28 22:55:02,909 - INFO - Added sector: Realty, Change: 1.41%
2025-04-28 22:55:05,948 - INFO - Saved sector data to sector.csv
2025-04-28 22:56:06,639 - INFO - Running Nuvama sector data scraper job at 2025-04-28 22:56:06
2025-04-28 22:56:06,639 - INFO - Setting up Chrome driver...
2025-04-28 22:56:06,640 - INFO - ====== WebDriver manager ======
2025-04-28 22:56:07,909 - INFO - Get LATEST chromedriver version for google-chrome
2025-04-28 22:56:07,950 - INFO - Get LATEST chromedriver version for google-chrome
2025-04-28 22:56:07,996 - INFO - Driver [C:\Users\Rajee\.wdm\drivers\chromedriver\win64\135.0.7049.114\chromedriver-win32/chromedriver.exe] found in cache
2025-04-28 22:56:09,629 - INFO - Navigating to https://www.nuvamawealth.com/market/stock-market-index/#key-indices
2025-04-28 22:56:13,345 - INFO - Waiting for page to load...
2025-04-28 22:56:30,343 - INFO - Refreshed page to get latest data
2025-04-28 22:56:40,375 - WARNING - Could not click on SECTOR INDICES tab: Message: no such element: Unable to locate element: {"method":"xpath","selector":"//a[text()='SECTOR INDICES']"}
  (Session info: chrome=135.0.7049.115); For documentation on this error, please visit: https://www.selenium.dev/documentation/webdriver/troubleshooting/errors#no-such-element-exception
Stacktrace:
	GetHandleVerifier [0x0085D363+60275]
	GetHandleVerifier [0x0085D3A4+60340]
	(No symbol) [0x006906F3]
	(No symbol) [0x006D8690]
	(No symbol) [0x006D8A2B]
	(No symbol) [0x00720EE2]
	(No symbol) [0x006FD0D4]
	(No symbol) [0x0071E6EB]
	(No symbol) [0x006FCE86]
	(No symbol) [0x006CC623]
	(No symbol) [0x006CD474]
	GetHandleVerifier [0x00AA8FE3+2467827]
	GetHandleVerifier [0x00AA45E6+2448886]
	GetHandleVerifier [0x00ABF80C+2560028]
	GetHandleVerifier [0x00873DF5+153093]
	GetHandleVerifier [0x0087A3BD+179149]
	GetHandleVerifier [0x00864BB8+91080]
	GetHandleVerifier [0x00864D60+91504]
	GetHandleVerifier [0x0084FA10+4640]
	BaseThreadInitThunk [0x75C9FCC9+25]
	RtlGetAppContainerNamedObjectPath [0x777082AE+286]
	RtlGetAppContainerNamedObjectPath [0x7770827E+238]

2025-04-28 22:56:40,394 - WARNING - Could not click on second tab: Message: no such element: Unable to locate element: {"method":"css selector","selector":".tab-links li:nth-child(2) a"}
  (Session info: chrome=135.0.7049.115); For documentation on this error, please visit: https://www.selenium.dev/documentation/webdriver/troubleshooting/errors#no-such-element-exception
Stacktrace:
	GetHandleVerifier [0x0085D363+60275]
	GetHandleVerifier [0x0085D3A4+60340]
	(No symbol) [0x006906F3]
	(No symbol) [0x006D8690]
	(No symbol) [0x006D8A2B]
	(No symbol) [0x00720EE2]
	(No symbol) [0x006FD0D4]
	(No symbol) [0x0071E6EB]
	(No symbol) [0x006FCE86]
	(No symbol) [0x006CC623]
	(No symbol) [0x006CD474]
	GetHandleVerifier [0x00AA8FE3+2467827]
	GetHandleVerifier [0x00AA45E6+2448886]
	GetHandleVerifier [0x00ABF80C+2560028]
	GetHandleVerifier [0x00873DF5+153093]
	GetHandleVerifier [0x0087A3BD+179149]
	GetHandleVerifier [0x00864BB8+91080]
	GetHandleVerifier [0x00864D60+91504]
	GetHandleVerifier [0x0084FA10+4640]
	BaseThreadInitThunk [0x75C9FCC9+25]
	RtlGetAppContainerNamedObjectPath [0x777082AE+286]
	RtlGetAppContainerNamedObjectPath [0x7770827E+238]

2025-04-28 22:56:40,577 - INFO - Saved screenshot of sector tab
2025-04-28 22:56:40,593 - INFO - Found 6 tables on page
2025-04-28 22:56:40,593 - INFO - Checking table 1
2025-04-28 22:56:40,606 - INFO - Checking table 2
2025-04-28 22:56:40,617 - INFO - Found likely sector table (table #2)
2025-04-28 22:56:40,706 - WARNING - Could not find percent change for 
2025-04-28 22:56:40,762 - INFO - Found percent change: 1.63% in '358.45 (1.63%)'
2025-04-28 22:56:40,764 - INFO - Added sector: Auto, Change: 1.63%
2025-04-28 22:56:40,828 - INFO - Found percent change: 1.71% in '582.35 (1.71%)'
2025-04-28 22:56:40,828 - INFO - Added sector: Energy, Change: 1.71%
2025-04-28 22:56:40,937 - INFO - Found percent change: 0.98% in '255.55 (0.98%)'
2025-04-28 22:56:40,937 - INFO - Added sector: Financial Services, Change: 0.98%
2025-04-28 22:56:41,007 - INFO - Found percent change: 0.16% in '87.95 (0.16%)'
2025-04-28 22:56:41,007 - INFO - Added sector: FMCG, Change: 0.16%
2025-04-28 22:56:41,079 - INFO - Found percent change: -0.22% in '-79.30 (-0.22%)'
2025-04-28 22:56:41,079 - INFO - Added sector: IT, Change: -0.22%
2025-04-28 22:56:41,152 - INFO - Found percent change: 0.79% in '12.20 (0.79%)'
2025-04-28 22:56:41,152 - INFO - Added sector: Media, Change: 0.79%
2025-04-28 22:56:41,223 - INFO - Found percent change: 1.4% in '120.15 (1.40%)'
2025-04-28 22:56:41,224 - INFO - Added sector: Metal, Change: 1.4%
2025-04-28 22:56:41,292 - INFO - Found percent change: 1.98% in '425.55 (1.98%)'
2025-04-28 22:56:41,292 - INFO - Added sector: Pharma, Change: 1.98%
2025-04-28 22:56:41,346 - INFO - Found percent change: 2.44% in '159.50 (2.44%)'
2025-04-28 22:56:41,348 - INFO - Added sector: PSU Bank, Change: 2.44%
2025-04-28 22:56:41,407 - INFO - Found percent change: 1.41% in '12.15 (1.41%)'
2025-04-28 22:56:41,407 - INFO - Added sector: Realty, Change: 1.41%
2025-04-28 22:56:44,056 - INFO - Saved sector data to sector.csv
2025-04-28 22:57:44,932 - INFO - Running Nuvama sector data scraper job at 2025-04-28 22:57:44
2025-04-28 22:57:44,932 - INFO - Setting up Chrome driver...
2025-04-28 22:57:44,932 - INFO - ====== WebDriver manager ======
2025-04-28 22:57:46,383 - INFO - Get LATEST chromedriver version for google-chrome
2025-04-28 22:57:46,431 - INFO - Get LATEST chromedriver version for google-chrome
2025-04-28 22:57:46,477 - INFO - Driver [C:\Users\Rajee\.wdm\drivers\chromedriver\win64\135.0.7049.114\chromedriver-win32/chromedriver.exe] found in cache
2025-04-28 22:57:48,043 - INFO - Navigating to https://www.nuvamawealth.com/market/stock-market-index/#key-indices
2025-04-28 22:57:53,043 - INFO - Waiting for page to load...
2025-04-28 22:58:10,800 - INFO - Refreshed page to get latest data
2025-04-28 22:58:20,829 - WARNING - Could not click on SECTOR INDICES tab: Message: no such element: Unable to locate element: {"method":"xpath","selector":"//a[text()='SECTOR INDICES']"}
  (Session info: chrome=135.0.7049.115); For documentation on this error, please visit: https://www.selenium.dev/documentation/webdriver/troubleshooting/errors#no-such-element-exception
Stacktrace:
	GetHandleVerifier [0x0085D363+60275]
	GetHandleVerifier [0x0085D3A4+60340]
	(No symbol) [0x006906F3]
	(No symbol) [0x006D8690]
	(No symbol) [0x006D8A2B]
	(No symbol) [0x00720EE2]
	(No symbol) [0x006FD0D4]
	(No symbol) [0x0071E6EB]
	(No symbol) [0x006FCE86]
	(No symbol) [0x006CC623]
	(No symbol) [0x006CD474]
	GetHandleVerifier [0x00AA8FE3+2467827]
	GetHandleVerifier [0x00AA45E6+2448886]
	GetHandleVerifier [0x00ABF80C+2560028]
	GetHandleVerifier [0x00873DF5+153093]
	GetHandleVerifier [0x0087A3BD+179149]
	GetHandleVerifier [0x00864BB8+91080]
	GetHandleVerifier [0x00864D60+91504]
	GetHandleVerifier [0x0084FA10+4640]
	BaseThreadInitThunk [0x75C9FCC9+25]
	RtlGetAppContainerNamedObjectPath [0x777082AE+286]
	RtlGetAppContainerNamedObjectPath [0x7770827E+238]

2025-04-28 22:58:20,849 - WARNING - Could not click on second tab: Message: no such element: Unable to locate element: {"method":"css selector","selector":".tab-links li:nth-child(2) a"}
  (Session info: chrome=135.0.7049.115); For documentation on this error, please visit: https://www.selenium.dev/documentation/webdriver/troubleshooting/errors#no-such-element-exception
Stacktrace:
	GetHandleVerifier [0x0085D363+60275]
	GetHandleVerifier [0x0085D3A4+60340]
	(No symbol) [0x006906F3]
	(No symbol) [0x006D8690]
	(No symbol) [0x006D8A2B]
	(No symbol) [0x00720EE2]
	(No symbol) [0x006FD0D4]
	(No symbol) [0x0071E6EB]
	(No symbol) [0x006FCE86]
	(No symbol) [0x006CC623]
	(No symbol) [0x006CD474]
	GetHandleVerifier [0x00AA8FE3+2467827]
	GetHandleVerifier [0x00AA45E6+2448886]
	GetHandleVerifier [0x00ABF80C+2560028]
	GetHandleVerifier [0x00873DF5+153093]
	GetHandleVerifier [0x0087A3BD+179149]
	GetHandleVerifier [0x00864BB8+91080]
	GetHandleVerifier [0x00864D60+91504]
	GetHandleVerifier [0x0084FA10+4640]
	BaseThreadInitThunk [0x75C9FCC9+25]
	RtlGetAppContainerNamedObjectPath [0x777082AE+286]
	RtlGetAppContainerNamedObjectPath [0x7770827E+238]

2025-04-28 22:58:21,045 - INFO - Saved screenshot of sector tab
2025-04-28 22:58:21,072 - INFO - Found 6 tables on page
2025-04-28 22:58:21,073 - INFO - Checking table 1
2025-04-28 22:58:21,089 - INFO - Checking table 2
2025-04-28 22:58:21,109 - INFO - Found likely sector table (table #2)
2025-04-28 22:58:21,228 - WARNING - Could not find percent change for 
2025-04-28 22:58:21,288 - INFO - Found percent change: 1.63% in '358.45 (1.63%)'
2025-04-28 22:58:21,289 - INFO - Added sector: Auto, Change: 1.63%
2025-04-28 22:58:21,341 - INFO - Found percent change: 1.71% in '582.35 (1.71%)'
2025-04-28 22:58:21,342 - INFO - Added sector: Energy, Change: 1.71%
2025-04-28 22:58:21,399 - INFO - Found percent change: 0.98% in '255.55 (0.98%)'
2025-04-28 22:58:21,400 - INFO - Added sector: Financial Services, Change: 0.98%
2025-04-28 22:58:21,450 - INFO - Found percent change: 0.16% in '87.95 (0.16%)'
2025-04-28 22:58:21,451 - INFO - Added sector: FMCG, Change: 0.16%
2025-04-28 22:58:21,505 - INFO - Found percent change: -0.22% in '-79.30 (-0.22%)'
2025-04-28 22:58:21,505 - INFO - Added sector: IT, Change: -0.22%
2025-04-28 22:58:21,564 - INFO - Found percent change: 0.79% in '12.20 (0.79%)'
2025-04-28 22:58:21,568 - INFO - Added sector: Media, Change: 0.79%
2025-04-28 22:58:21,636 - INFO - Found percent change: 1.4% in '120.15 (1.40%)'
2025-04-28 22:58:21,636 - INFO - Added sector: Metal, Change: 1.4%
2025-04-28 22:58:21,690 - INFO - Found percent change: 1.98% in '425.55 (1.98%)'
2025-04-28 22:58:21,690 - INFO - Added sector: Pharma, Change: 1.98%
2025-04-28 22:58:21,745 - INFO - Found percent change: 2.44% in '159.50 (2.44%)'
2025-04-28 22:58:21,745 - INFO - Added sector: PSU Bank, Change: 2.44%
2025-04-28 22:58:21,801 - INFO - Found percent change: 1.41% in '12.15 (1.41%)'
2025-04-28 22:58:21,801 - INFO - Added sector: Realty, Change: 1.41%
2025-04-28 22:58:24,360 - INFO - Saved sector data to sector.csv
2025-04-28 22:59:25,040 - INFO - Running Nuvama sector data scraper job at 2025-04-28 22:59:25
2025-04-28 22:59:25,040 - INFO - Setting up Chrome driver...
2025-04-28 22:59:25,042 - INFO - ====== WebDriver manager ======
2025-04-28 22:59:27,556 - INFO - Get LATEST chromedriver version for google-chrome
2025-04-28 22:59:27,600 - INFO - Get LATEST chromedriver version for google-chrome
2025-04-28 22:59:27,641 - INFO - Driver [C:\Users\Rajee\.wdm\drivers\chromedriver\win64\135.0.7049.114\chromedriver-win32/chromedriver.exe] found in cache
2025-04-28 22:59:29,207 - INFO - Navigating to https://www.nuvamawealth.com/market/stock-market-index/#key-indices
2025-04-28 22:59:33,684 - INFO - Waiting for page to load...
2025-04-28 22:59:51,367 - INFO - Refreshed page to get latest data
2025-04-28 23:00:01,422 - WARNING - Could not click on SECTOR INDICES tab: Message: no such element: Unable to locate element: {"method":"xpath","selector":"//a[text()='SECTOR INDICES']"}
  (Session info: chrome=135.0.7049.115); For documentation on this error, please visit: https://www.selenium.dev/documentation/webdriver/troubleshooting/errors#no-such-element-exception
Stacktrace:
	GetHandleVerifier [0x0085D363+60275]
	GetHandleVerifier [0x0085D3A4+60340]
	(No symbol) [0x006906F3]
	(No symbol) [0x006D8690]
	(No symbol) [0x006D8A2B]
	(No symbol) [0x00720EE2]
	(No symbol) [0x006FD0D4]
	(No symbol) [0x0071E6EB]
	(No symbol) [0x006FCE86]
	(No symbol) [0x006CC623]
	(No symbol) [0x006CD474]
	GetHandleVerifier [0x00AA8FE3+2467827]
	GetHandleVerifier [0x00AA45E6+2448886]
	GetHandleVerifier [0x00ABF80C+2560028]
	GetHandleVerifier [0x00873DF5+153093]
	GetHandleVerifier [0x0087A3BD+179149]
	GetHandleVerifier [0x00864BB8+91080]
	GetHandleVerifier [0x00864D60+91504]
	GetHandleVerifier [0x0084FA10+4640]
	BaseThreadInitThunk [0x75C9FCC9+25]
	RtlGetAppContainerNamedObjectPath [0x777082AE+286]
	RtlGetAppContainerNamedObjectPath [0x7770827E+238]

2025-04-28 23:00:01,446 - WARNING - Could not click on second tab: Message: no such element: Unable to locate element: {"method":"css selector","selector":".tab-links li:nth-child(2) a"}
  (Session info: chrome=135.0.7049.115); For documentation on this error, please visit: https://www.selenium.dev/documentation/webdriver/troubleshooting/errors#no-such-element-exception
Stacktrace:
	GetHandleVerifier [0x0085D363+60275]
	GetHandleVerifier [0x0085D3A4+60340]
	(No symbol) [0x006906F3]
	(No symbol) [0x006D8690]
	(No symbol) [0x006D8A2B]
	(No symbol) [0x00720EE2]
	(No symbol) [0x006FD0D4]
	(No symbol) [0x0071E6EB]
	(No symbol) [0x006FCE86]
	(No symbol) [0x006CC623]
	(No symbol) [0x006CD474]
	GetHandleVerifier [0x00AA8FE3+2467827]
	GetHandleVerifier [0x00AA45E6+2448886]
	GetHandleVerifier [0x00ABF80C+2560028]
	GetHandleVerifier [0x00873DF5+153093]
	GetHandleVerifier [0x0087A3BD+179149]
	GetHandleVerifier [0x00864BB8+91080]
	GetHandleVerifier [0x00864D60+91504]
	GetHandleVerifier [0x0084FA10+4640]
	BaseThreadInitThunk [0x75C9FCC9+25]
	RtlGetAppContainerNamedObjectPath [0x777082AE+286]
	RtlGetAppContainerNamedObjectPath [0x7770827E+238]

2025-04-28 23:00:01,771 - INFO - Saved screenshot of sector tab
2025-04-28 23:00:01,795 - INFO - Found 6 tables on page
2025-04-28 23:00:01,800 - INFO - Checking table 1
2025-04-28 23:00:01,815 - INFO - Checking table 2
2025-04-28 23:00:01,832 - INFO - Found likely sector table (table #2)
2025-04-28 23:00:01,939 - WARNING - Could not find percent change for 
2025-04-28 23:00:02,046 - INFO - Found percent change: 1.63% in '358.45 (1.63%)'
2025-04-28 23:00:02,050 - INFO - Added sector: Auto, Change: 1.63%
2025-04-28 23:00:02,126 - INFO - Found percent change: 1.71% in '582.35 (1.71%)'
2025-04-28 23:00:02,127 - INFO - Added sector: Energy, Change: 1.71%
2025-04-28 23:00:02,210 - INFO - Found percent change: 0.98% in '255.55 (0.98%)'
2025-04-28 23:00:02,211 - INFO - Added sector: Financial Services, Change: 0.98%
2025-04-28 23:00:02,302 - INFO - Found percent change: 0.16% in '87.95 (0.16%)'
2025-04-28 23:00:02,302 - INFO - Added sector: FMCG, Change: 0.16%
2025-04-28 23:00:02,416 - INFO - Found percent change: -0.22% in '-79.30 (-0.22%)'
2025-04-28 23:00:02,419 - INFO - Added sector: IT, Change: -0.22%
2025-04-28 23:00:02,554 - INFO - Found percent change: 0.79% in '12.20 (0.79%)'
2025-04-28 23:00:02,554 - INFO - Added sector: Media, Change: 0.79%
2025-04-28 23:00:02,660 - INFO - Found percent change: 1.4% in '120.15 (1.40%)'
2025-04-28 23:00:02,661 - INFO - Added sector: Metal, Change: 1.4%
2025-04-28 23:00:02,736 - INFO - Found percent change: 1.98% in '425.55 (1.98%)'
2025-04-28 23:00:02,736 - INFO - Added sector: Pharma, Change: 1.98%
2025-04-28 23:00:03,042 - INFO - Found percent change: 2.44% in '159.50 (2.44%)'
2025-04-28 23:00:03,042 - INFO - Added sector: PSU Bank, Change: 2.44%
2025-04-28 23:00:03,159 - INFO - Found percent change: 1.41% in '12.15 (1.41%)'
2025-04-28 23:00:03,160 - INFO - Added sector: Realty, Change: 1.41%
2025-04-28 23:00:06,127 - INFO - Saved sector data to sector.csv
2025-04-28 23:01:06,770 - INFO - Running Nuvama sector data scraper job at 2025-04-28 23:01:06
2025-04-28 23:01:06,770 - INFO - Setting up Chrome driver...
2025-04-28 23:01:06,771 - INFO - ====== WebDriver manager ======
2025-04-28 23:01:08,062 - INFO - Get LATEST chromedriver version for google-chrome
2025-04-28 23:01:08,123 - INFO - Get LATEST chromedriver version for google-chrome
2025-04-28 23:01:08,164 - INFO - Driver [C:\Users\Rajee\.wdm\drivers\chromedriver\win64\135.0.7049.114\chromedriver-win32/chromedriver.exe] found in cache
2025-04-28 23:01:09,562 - INFO - Navigating to https://www.nuvamawealth.com/market/stock-market-index/#key-indices
2025-04-28 23:01:13,373 - INFO - Waiting for page to load...
2025-04-28 23:01:30,579 - INFO - Refreshed page to get latest data
2025-04-28 23:01:40,598 - WARNING - Could not click on SECTOR INDICES tab: Message: no such element: Unable to locate element: {"method":"xpath","selector":"//a[text()='SECTOR INDICES']"}
  (Session info: chrome=135.0.7049.115); For documentation on this error, please visit: https://www.selenium.dev/documentation/webdriver/troubleshooting/errors#no-such-element-exception
Stacktrace:
	GetHandleVerifier [0x0085D363+60275]
	GetHandleVerifier [0x0085D3A4+60340]
	(No symbol) [0x006906F3]
	(No symbol) [0x006D8690]
	(No symbol) [0x006D8A2B]
	(No symbol) [0x00720EE2]
	(No symbol) [0x006FD0D4]
	(No symbol) [0x0071E6EB]
	(No symbol) [0x006FCE86]
	(No symbol) [0x006CC623]
	(No symbol) [0x006CD474]
	GetHandleVerifier [0x00AA8FE3+2467827]
	GetHandleVerifier [0x00AA45E6+2448886]
	GetHandleVerifier [0x00ABF80C+2560028]
	GetHandleVerifier [0x00873DF5+153093]
	GetHandleVerifier [0x0087A3BD+179149]
	GetHandleVerifier [0x00864BB8+91080]
	GetHandleVerifier [0x00864D60+91504]
	GetHandleVerifier [0x0084FA10+4640]
	BaseThreadInitThunk [0x75C9FCC9+25]
	RtlGetAppContainerNamedObjectPath [0x777082AE+286]
	RtlGetAppContainerNamedObjectPath [0x7770827E+238]

2025-04-28 23:01:40,621 - WARNING - Could not click on second tab: Message: no such element: Unable to locate element: {"method":"css selector","selector":".tab-links li:nth-child(2) a"}
  (Session info: chrome=135.0.7049.115); For documentation on this error, please visit: https://www.selenium.dev/documentation/webdriver/troubleshooting/errors#no-such-element-exception
Stacktrace:
	GetHandleVerifier [0x0085D363+60275]
	GetHandleVerifier [0x0085D3A4+60340]
	(No symbol) [0x006906F3]
	(No symbol) [0x006D8690]
	(No symbol) [0x006D8A2B]
	(No symbol) [0x00720EE2]
	(No symbol) [0x006FD0D4]
	(No symbol) [0x0071E6EB]
	(No symbol) [0x006FCE86]
	(No symbol) [0x006CC623]
	(No symbol) [0x006CD474]
	GetHandleVerifier [0x00AA8FE3+2467827]
	GetHandleVerifier [0x00AA45E6+2448886]
	GetHandleVerifier [0x00ABF80C+2560028]
	GetHandleVerifier [0x00873DF5+153093]
	GetHandleVerifier [0x0087A3BD+179149]
	GetHandleVerifier [0x00864BB8+91080]
	GetHandleVerifier [0x00864D60+91504]
	GetHandleVerifier [0x0084FA10+4640]
	BaseThreadInitThunk [0x75C9FCC9+25]
	RtlGetAppContainerNamedObjectPath [0x777082AE+286]
	RtlGetAppContainerNamedObjectPath [0x7770827E+238]

2025-04-28 23:01:40,770 - INFO - Saved screenshot of sector tab
2025-04-28 23:01:40,787 - INFO - Found 6 tables on page
2025-04-28 23:01:40,788 - INFO - Checking table 1
2025-04-28 23:01:40,798 - INFO - Checking table 2
2025-04-28 23:01:40,808 - INFO - Found likely sector table (table #2)
2025-04-28 23:01:40,881 - WARNING - Could not find percent change for 
2025-04-28 23:01:40,932 - INFO - Found percent change: 1.63% in '358.45 (1.63%)'
2025-04-28 23:01:40,932 - INFO - Added sector: Auto, Change: 1.63%
2025-04-28 23:01:41,041 - INFO - Found percent change: 1.71% in '582.35 (1.71%)'
2025-04-28 23:01:41,041 - INFO - Added sector: Energy, Change: 1.71%
2025-04-28 23:01:41,090 - INFO - Found percent change: 0.98% in '255.55 (0.98%)'
2025-04-28 23:01:41,090 - INFO - Added sector: Financial Services, Change: 0.98%
2025-04-28 23:01:41,150 - INFO - Found percent change: 0.16% in '87.95 (0.16%)'
2025-04-28 23:01:41,151 - INFO - Added sector: FMCG, Change: 0.16%
2025-04-28 23:01:41,204 - INFO - Found percent change: -0.22% in '-79.30 (-0.22%)'
2025-04-28 23:01:41,204 - INFO - Added sector: IT, Change: -0.22%
2025-04-28 23:01:41,261 - INFO - Found percent change: 0.79% in '12.20 (0.79%)'
2025-04-28 23:01:41,262 - INFO - Added sector: Media, Change: 0.79%
2025-04-28 23:01:41,311 - INFO - Found percent change: 1.4% in '120.15 (1.40%)'
2025-04-28 23:01:41,311 - INFO - Added sector: Metal, Change: 1.4%
2025-04-28 23:01:41,365 - INFO - Found percent change: 1.98% in '425.55 (1.98%)'
2025-04-28 23:01:41,365 - INFO - Added sector: Pharma, Change: 1.98%
2025-04-28 23:01:41,411 - INFO - Found percent change: 2.44% in '159.50 (2.44%)'
2025-04-28 23:01:41,412 - INFO - Added sector: PSU Bank, Change: 2.44%
2025-04-28 23:01:41,460 - INFO - Found percent change: 1.41% in '12.15 (1.41%)'
2025-04-28 23:01:41,460 - INFO - Added sector: Realty, Change: 1.41%
2025-04-28 23:01:44,180 - INFO - Saved sector data to sector.csv
2025-04-28 23:02:44,850 - INFO - Running Nuvama sector data scraper job at 2025-04-28 23:02:44
2025-04-28 23:02:44,853 - INFO - Setting up Chrome driver...
2025-04-28 23:02:44,855 - INFO - ====== WebDriver manager ======
2025-04-28 23:02:46,815 - INFO - Get LATEST chromedriver version for google-chrome
2025-04-28 23:02:46,861 - INFO - Get LATEST chromedriver version for google-chrome
2025-04-28 23:02:46,914 - INFO - Driver [C:\Users\Rajee\.wdm\drivers\chromedriver\win64\135.0.7049.114\chromedriver-win32/chromedriver.exe] found in cache
2025-04-28 23:02:48,504 - INFO - Navigating to https://www.nuvamawealth.com/market/stock-market-index/#key-indices
2025-04-28 23:02:52,450 - INFO - Waiting for page to load...
2025-04-28 23:03:11,381 - INFO - Refreshed page to get latest data
2025-04-28 23:03:21,414 - WARNING - Could not click on SECTOR INDICES tab: Message: no such element: Unable to locate element: {"method":"xpath","selector":"//a[text()='SECTOR INDICES']"}
  (Session info: chrome=135.0.7049.115); For documentation on this error, please visit: https://www.selenium.dev/documentation/webdriver/troubleshooting/errors#no-such-element-exception
Stacktrace:
	GetHandleVerifier [0x0085D363+60275]
	GetHandleVerifier [0x0085D3A4+60340]
	(No symbol) [0x006906F3]
	(No symbol) [0x006D8690]
	(No symbol) [0x006D8A2B]
	(No symbol) [0x00720EE2]
	(No symbol) [0x006FD0D4]
	(No symbol) [0x0071E6EB]
	(No symbol) [0x006FCE86]
	(No symbol) [0x006CC623]
	(No symbol) [0x006CD474]
	GetHandleVerifier [0x00AA8FE3+2467827]
	GetHandleVerifier [0x00AA45E6+2448886]
	GetHandleVerifier [0x00ABF80C+2560028]
	GetHandleVerifier [0x00873DF5+153093]
	GetHandleVerifier [0x0087A3BD+179149]
	GetHandleVerifier [0x00864BB8+91080]
	GetHandleVerifier [0x00864D60+91504]
	GetHandleVerifier [0x0084FA10+4640]
	BaseThreadInitThunk [0x75C9FCC9+25]
	RtlGetAppContainerNamedObjectPath [0x777082AE+286]
	RtlGetAppContainerNamedObjectPath [0x7770827E+238]

2025-04-28 23:03:21,443 - WARNING - Could not click on second tab: Message: no such element: Unable to locate element: {"method":"css selector","selector":".tab-links li:nth-child(2) a"}
  (Session info: chrome=135.0.7049.115); For documentation on this error, please visit: https://www.selenium.dev/documentation/webdriver/troubleshooting/errors#no-such-element-exception
Stacktrace:
	GetHandleVerifier [0x0085D363+60275]
	GetHandleVerifier [0x0085D3A4+60340]
	(No symbol) [0x006906F3]
	(No symbol) [0x006D8690]
	(No symbol) [0x006D8A2B]
	(No symbol) [0x00720EE2]
	(No symbol) [0x006FD0D4]
	(No symbol) [0x0071E6EB]
	(No symbol) [0x006FCE86]
	(No symbol) [0x006CC623]
	(No symbol) [0x006CD474]
	GetHandleVerifier [0x00AA8FE3+2467827]
	GetHandleVerifier [0x00AA45E6+2448886]
	GetHandleVerifier [0x00ABF80C+2560028]
	GetHandleVerifier [0x00873DF5+153093]
	GetHandleVerifier [0x0087A3BD+179149]
	GetHandleVerifier [0x00864BB8+91080]
	GetHandleVerifier [0x00864D60+91504]
	GetHandleVerifier [0x0084FA10+4640]
	BaseThreadInitThunk [0x75C9FCC9+25]
	RtlGetAppContainerNamedObjectPath [0x777082AE+286]
	RtlGetAppContainerNamedObjectPath [0x7770827E+238]

2025-04-28 23:03:21,682 - INFO - Saved screenshot of sector tab
2025-04-28 23:03:21,702 - INFO - Found 6 tables on page
2025-04-28 23:03:21,702 - INFO - Checking table 1
2025-04-28 23:03:21,719 - INFO - Checking table 2
2025-04-28 23:03:21,744 - INFO - Found likely sector table (table #2)
2025-04-28 23:03:21,875 - WARNING - Could not find percent change for 
2025-04-28 23:03:21,974 - INFO - Found percent change: 1.63% in '358.45 (1.63%)'
2025-04-28 23:03:21,975 - INFO - Added sector: Auto, Change: 1.63%
2025-04-28 23:03:22,069 - INFO - Found percent change: 1.71% in '582.35 (1.71%)'
2025-04-28 23:03:22,069 - INFO - Added sector: Energy, Change: 1.71%
2025-04-28 23:03:22,174 - INFO - Found percent change: 0.98% in '255.55 (0.98%)'
2025-04-28 23:03:22,212 - INFO - Added sector: Financial Services, Change: 0.98%
2025-04-28 23:03:22,343 - INFO - Found percent change: 0.16% in '87.95 (0.16%)'
2025-04-28 23:03:22,354 - INFO - Added sector: FMCG, Change: 0.16%
2025-04-28 23:03:22,430 - INFO - Found percent change: -0.22% in '-79.30 (-0.22%)'
2025-04-28 23:03:22,433 - INFO - Added sector: IT, Change: -0.22%
2025-04-28 23:03:22,544 - INFO - Found percent change: 0.79% in '12.20 (0.79%)'
2025-04-28 23:03:22,546 - INFO - Added sector: Media, Change: 0.79%
2025-04-28 23:03:22,710 - INFO - Found percent change: 1.4% in '120.15 (1.40%)'
2025-04-28 23:03:22,711 - INFO - Added sector: Metal, Change: 1.4%
2025-04-28 23:03:22,880 - INFO - Found percent change: 1.98% in '425.55 (1.98%)'
2025-04-28 23:03:22,900 - INFO - Added sector: Pharma, Change: 1.98%
2025-04-28 23:03:22,986 - INFO - Found percent change: 2.44% in '159.50 (2.44%)'
2025-04-28 23:03:22,986 - INFO - Added sector: PSU Bank, Change: 2.44%
2025-04-28 23:03:23,090 - INFO - Found percent change: 1.41% in '12.15 (1.41%)'
2025-04-28 23:03:23,090 - INFO - Added sector: Realty, Change: 1.41%
2025-04-28 23:03:27,646 - INFO - Saved sector data to sector.csv
2025-04-28 23:04:28,295 - INFO - Running Nuvama sector data scraper job at 2025-04-28 23:04:28
2025-04-28 23:04:28,299 - INFO - Setting up Chrome driver...
2025-04-28 23:04:28,300 - INFO - ====== WebDriver manager ======
2025-04-28 23:04:30,233 - INFO - Get LATEST chromedriver version for google-chrome
2025-04-28 23:04:30,284 - INFO - Get LATEST chromedriver version for google-chrome
2025-04-28 23:04:30,330 - INFO - Driver [C:\Users\Rajee\.wdm\drivers\chromedriver\win64\135.0.7049.114\chromedriver-win32/chromedriver.exe] found in cache
2025-04-28 23:04:31,956 - INFO - Navigating to https://www.nuvamawealth.com/market/stock-market-index/#key-indices
2025-04-28 23:04:36,634 - INFO - Waiting for page to load...
2025-04-28 23:04:55,214 - INFO - Refreshed page to get latest data
2025-04-28 23:05:05,263 - WARNING - Could not click on SECTOR INDICES tab: Message: no such element: Unable to locate element: {"method":"xpath","selector":"//a[text()='SECTOR INDICES']"}
  (Session info: chrome=135.0.7049.115); For documentation on this error, please visit: https://www.selenium.dev/documentation/webdriver/troubleshooting/errors#no-such-element-exception
Stacktrace:
	GetHandleVerifier [0x0085D363+60275]
	GetHandleVerifier [0x0085D3A4+60340]
	(No symbol) [0x006906F3]
	(No symbol) [0x006D8690]
	(No symbol) [0x006D8A2B]
	(No symbol) [0x00720EE2]
	(No symbol) [0x006FD0D4]
	(No symbol) [0x0071E6EB]
	(No symbol) [0x006FCE86]
	(No symbol) [0x006CC623]
	(No symbol) [0x006CD474]
	GetHandleVerifier [0x00AA8FE3+2467827]
	GetHandleVerifier [0x00AA45E6+2448886]
	GetHandleVerifier [0x00ABF80C+2560028]
	GetHandleVerifier [0x00873DF5+153093]
	GetHandleVerifier [0x0087A3BD+179149]
	GetHandleVerifier [0x00864BB8+91080]
	GetHandleVerifier [0x00864D60+91504]
	GetHandleVerifier [0x0084FA10+4640]
	BaseThreadInitThunk [0x75C9FCC9+25]
	RtlGetAppContainerNamedObjectPath [0x777082AE+286]
	RtlGetAppContainerNamedObjectPath [0x7770827E+238]

2025-04-28 23:05:05,339 - WARNING - Could not click on second tab: Message: no such element: Unable to locate element: {"method":"css selector","selector":".tab-links li:nth-child(2) a"}
  (Session info: chrome=135.0.7049.115); For documentation on this error, please visit: https://www.selenium.dev/documentation/webdriver/troubleshooting/errors#no-such-element-exception
Stacktrace:
	GetHandleVerifier [0x0085D363+60275]
	GetHandleVerifier [0x0085D3A4+60340]
	(No symbol) [0x006906F3]
	(No symbol) [0x006D8690]
	(No symbol) [0x006D8A2B]
	(No symbol) [0x00720EE2]
	(No symbol) [0x006FD0D4]
	(No symbol) [0x0071E6EB]
	(No symbol) [0x006FCE86]
	(No symbol) [0x006CC623]
	(No symbol) [0x006CD474]
	GetHandleVerifier [0x00AA8FE3+2467827]
	GetHandleVerifier [0x00AA45E6+2448886]
	GetHandleVerifier [0x00ABF80C+2560028]
	GetHandleVerifier [0x00873DF5+153093]
	GetHandleVerifier [0x0087A3BD+179149]
	GetHandleVerifier [0x00864BB8+91080]
	GetHandleVerifier [0x00864D60+91504]
	GetHandleVerifier [0x0084FA10+4640]
	BaseThreadInitThunk [0x75C9FCC9+25]
	RtlGetAppContainerNamedObjectPath [0x777082AE+286]
	RtlGetAppContainerNamedObjectPath [0x7770827E+238]

2025-04-28 23:05:05,577 - INFO - Saved screenshot of sector tab
2025-04-28 23:05:05,592 - INFO - Found 6 tables on page
2025-04-28 23:05:05,593 - INFO - Checking table 1
2025-04-28 23:05:05,605 - INFO - Checking table 2
2025-04-28 23:05:05,633 - INFO - Found likely sector table (table #2)
2025-04-28 23:05:05,757 - WARNING - Could not find percent change for 
2025-04-28 23:05:05,841 - INFO - Found percent change: 1.63% in '358.45 (1.63%)'
2025-04-28 23:05:05,842 - INFO - Added sector: Auto, Change: 1.63%
2025-04-28 23:05:05,904 - INFO - Found percent change: 1.71% in '582.35 (1.71%)'
2025-04-28 23:05:05,904 - INFO - Added sector: Energy, Change: 1.71%
2025-04-28 23:05:06,013 - INFO - Found percent change: 0.98% in '255.55 (0.98%)'
2025-04-28 23:05:06,040 - INFO - Added sector: Financial Services, Change: 0.98%
2025-04-28 23:05:06,197 - INFO - Found percent change: 0.16% in '87.95 (0.16%)'
2025-04-28 23:05:06,197 - INFO - Added sector: FMCG, Change: 0.16%
2025-04-28 23:05:06,282 - INFO - Found percent change: -0.22% in '-79.30 (-0.22%)'
2025-04-28 23:05:06,284 - INFO - Added sector: IT, Change: -0.22%
2025-04-28 23:05:06,376 - INFO - Found percent change: 0.79% in '12.20 (0.79%)'
2025-04-28 23:05:06,377 - INFO - Added sector: Media, Change: 0.79%
2025-04-28 23:05:06,498 - INFO - Found percent change: 1.4% in '120.15 (1.40%)'
2025-04-28 23:05:06,503 - INFO - Added sector: Metal, Change: 1.4%
2025-04-28 23:05:06,581 - INFO - Found percent change: 1.98% in '425.55 (1.98%)'
2025-04-28 23:05:06,582 - INFO - Added sector: Pharma, Change: 1.98%
2025-04-28 23:05:06,680 - INFO - Found percent change: 2.44% in '159.50 (2.44%)'
2025-04-28 23:05:06,684 - INFO - Added sector: PSU Bank, Change: 2.44%
2025-04-28 23:05:06,781 - INFO - Found percent change: 1.41% in '12.15 (1.41%)'
2025-04-28 23:05:06,783 - INFO - Added sector: Realty, Change: 1.41%
2025-04-28 23:05:09,947 - INFO - Saved sector data to sector.csv
2025-04-28 23:06:10,623 - INFO - Running Nuvama sector data scraper job at 2025-04-28 23:06:10
2025-04-28 23:06:10,623 - INFO - Setting up Chrome driver...
2025-04-28 23:06:10,624 - INFO - ====== WebDriver manager ======
2025-04-28 23:06:12,243 - INFO - Get LATEST chromedriver version for google-chrome
2025-04-28 23:06:12,284 - INFO - Get LATEST chromedriver version for google-chrome
2025-04-28 23:06:12,332 - INFO - Driver [C:\Users\Rajee\.wdm\drivers\chromedriver\win64\135.0.7049.114\chromedriver-win32/chromedriver.exe] found in cache
2025-04-28 23:06:13,808 - INFO - Navigating to https://www.nuvamawealth.com/market/stock-market-index/#key-indices
2025-04-28 23:06:18,185 - INFO - Waiting for page to load...
2025-04-28 23:06:34,972 - INFO - Refreshed page to get latest data
2025-04-28 23:06:44,999 - WARNING - Could not click on SECTOR INDICES tab: Message: no such element: Unable to locate element: {"method":"xpath","selector":"//a[text()='SECTOR INDICES']"}
  (Session info: chrome=135.0.7049.115); For documentation on this error, please visit: https://www.selenium.dev/documentation/webdriver/troubleshooting/errors#no-such-element-exception
Stacktrace:
	GetHandleVerifier [0x0085D363+60275]
	GetHandleVerifier [0x0085D3A4+60340]
	(No symbol) [0x006906F3]
	(No symbol) [0x006D8690]
	(No symbol) [0x006D8A2B]
	(No symbol) [0x00720EE2]
	(No symbol) [0x006FD0D4]
	(No symbol) [0x0071E6EB]
	(No symbol) [0x006FCE86]
	(No symbol) [0x006CC623]
	(No symbol) [0x006CD474]
	GetHandleVerifier [0x00AA8FE3+2467827]
	GetHandleVerifier [0x00AA45E6+2448886]
	GetHandleVerifier [0x00ABF80C+2560028]
	GetHandleVerifier [0x00873DF5+153093]
	GetHandleVerifier [0x0087A3BD+179149]
	GetHandleVerifier [0x00864BB8+91080]
	GetHandleVerifier [0x00864D60+91504]
	GetHandleVerifier [0x0084FA10+4640]
	BaseThreadInitThunk [0x75C9FCC9+25]
	RtlGetAppContainerNamedObjectPath [0x777082AE+286]
	RtlGetAppContainerNamedObjectPath [0x7770827E+238]

2025-04-28 23:06:45,023 - WARNING - Could not click on second tab: Message: no such element: Unable to locate element: {"method":"css selector","selector":".tab-links li:nth-child(2) a"}
  (Session info: chrome=135.0.7049.115); For documentation on this error, please visit: https://www.selenium.dev/documentation/webdriver/troubleshooting/errors#no-such-element-exception
Stacktrace:
	GetHandleVerifier [0x0085D363+60275]
	GetHandleVerifier [0x0085D3A4+60340]
	(No symbol) [0x006906F3]
	(No symbol) [0x006D8690]
	(No symbol) [0x006D8A2B]
	(No symbol) [0x00720EE2]
	(No symbol) [0x006FD0D4]
	(No symbol) [0x0071E6EB]
	(No symbol) [0x006FCE86]
	(No symbol) [0x006CC623]
	(No symbol) [0x006CD474]
	GetHandleVerifier [0x00AA8FE3+2467827]
	GetHandleVerifier [0x00AA45E6+2448886]
	GetHandleVerifier [0x00ABF80C+2560028]
	GetHandleVerifier [0x00873DF5+153093]
	GetHandleVerifier [0x0087A3BD+179149]
	GetHandleVerifier [0x00864BB8+91080]
	GetHandleVerifier [0x00864D60+91504]
	GetHandleVerifier [0x0084FA10+4640]
	BaseThreadInitThunk [0x75C9FCC9+25]
	RtlGetAppContainerNamedObjectPath [0x777082AE+286]
	RtlGetAppContainerNamedObjectPath [0x7770827E+238]

2025-04-28 23:06:45,636 - INFO - Saved screenshot of sector tab
2025-04-28 23:06:45,658 - INFO - Found 6 tables on page
2025-04-28 23:06:45,658 - INFO - Checking table 1
2025-04-28 23:06:45,674 - INFO - Checking table 2
2025-04-28 23:06:45,695 - INFO - Found likely sector table (table #2)
2025-04-28 23:06:45,822 - WARNING - Could not find percent change for 
2025-04-28 23:06:45,907 - INFO - Found percent change: 1.63% in '358.45 (1.63%)'
2025-04-28 23:06:45,909 - INFO - Added sector: Auto, Change: 1.63%
2025-04-28 23:06:46,015 - INFO - Found percent change: 1.71% in '582.35 (1.71%)'
2025-04-28 23:06:46,016 - INFO - Added sector: Energy, Change: 1.71%
2025-04-28 23:06:46,121 - INFO - Found percent change: 0.98% in '255.55 (0.98%)'
2025-04-28 23:06:46,130 - INFO - Added sector: Financial Services, Change: 0.98%
2025-04-28 23:06:46,231 - INFO - Found percent change: 0.16% in '87.95 (0.16%)'
2025-04-28 23:06:46,232 - INFO - Added sector: FMCG, Change: 0.16%
2025-04-28 23:06:46,305 - INFO - Found percent change: -0.22% in '-79.30 (-0.22%)'
2025-04-28 23:06:46,306 - INFO - Added sector: IT, Change: -0.22%
2025-04-28 23:06:46,377 - INFO - Found percent change: 0.79% in '12.20 (0.79%)'
2025-04-28 23:06:46,377 - INFO - Added sector: Media, Change: 0.79%
2025-04-28 23:06:46,448 - INFO - Found percent change: 1.4% in '120.15 (1.40%)'
2025-04-28 23:06:46,448 - INFO - Added sector: Metal, Change: 1.4%
2025-04-28 23:06:46,516 - INFO - Found percent change: 1.98% in '425.55 (1.98%)'
2025-04-28 23:06:46,516 - INFO - Added sector: Pharma, Change: 1.98%
2025-04-28 23:06:46,579 - INFO - Found percent change: 2.44% in '159.50 (2.44%)'
2025-04-28 23:06:46,579 - INFO - Added sector: PSU Bank, Change: 2.44%
2025-04-28 23:06:46,639 - INFO - Found percent change: 1.41% in '12.15 (1.41%)'
2025-04-28 23:06:46,639 - INFO - Added sector: Realty, Change: 1.41%
2025-04-28 23:06:51,891 - INFO - Saved sector data to sector.csv
2025-04-28 23:07:52,529 - INFO - Running Nuvama sector data scraper job at 2025-04-28 23:07:52
2025-04-28 23:07:52,529 - INFO - Setting up Chrome driver...
2025-04-28 23:07:52,530 - INFO - ====== WebDriver manager ======
2025-04-28 23:07:54,821 - INFO - Get LATEST chromedriver version for google-chrome
2025-04-28 23:07:54,883 - INFO - Get LATEST chromedriver version for google-chrome
2025-04-28 23:07:54,928 - INFO - Driver [C:\Users\Rajee\.wdm\drivers\chromedriver\win64\135.0.7049.114\chromedriver-win32/chromedriver.exe] found in cache
2025-04-28 23:07:56,539 - INFO - Navigating to https://www.nuvamawealth.com/market/stock-market-index/#key-indices
2025-04-28 23:08:02,074 - INFO - Waiting for page to load...
2025-04-28 23:08:19,889 - INFO - Refreshed page to get latest data
2025-04-28 23:08:29,911 - WARNING - Could not click on SECTOR INDICES tab: Message: no such element: Unable to locate element: {"method":"xpath","selector":"//a[text()='SECTOR INDICES']"}
  (Session info: chrome=135.0.7049.115); For documentation on this error, please visit: https://www.selenium.dev/documentation/webdriver/troubleshooting/errors#no-such-element-exception
Stacktrace:
	GetHandleVerifier [0x0085D363+60275]
	GetHandleVerifier [0x0085D3A4+60340]
	(No symbol) [0x006906F3]
	(No symbol) [0x006D8690]
	(No symbol) [0x006D8A2B]
	(No symbol) [0x00720EE2]
	(No symbol) [0x006FD0D4]
	(No symbol) [0x0071E6EB]
	(No symbol) [0x006FCE86]
	(No symbol) [0x006CC623]
	(No symbol) [0x006CD474]
	GetHandleVerifier [0x00AA8FE3+2467827]
	GetHandleVerifier [0x00AA45E6+2448886]
	GetHandleVerifier [0x00ABF80C+2560028]
	GetHandleVerifier [0x00873DF5+153093]
	GetHandleVerifier [0x0087A3BD+179149]
	GetHandleVerifier [0x00864BB8+91080]
	GetHandleVerifier [0x00864D60+91504]
	GetHandleVerifier [0x0084FA10+4640]
	BaseThreadInitThunk [0x75C9FCC9+25]
	RtlGetAppContainerNamedObjectPath [0x777082AE+286]
	RtlGetAppContainerNamedObjectPath [0x7770827E+238]

2025-04-28 23:08:29,930 - WARNING - Could not click on second tab: Message: no such element: Unable to locate element: {"method":"css selector","selector":".tab-links li:nth-child(2) a"}
  (Session info: chrome=135.0.7049.115); For documentation on this error, please visit: https://www.selenium.dev/documentation/webdriver/troubleshooting/errors#no-such-element-exception
Stacktrace:
	GetHandleVerifier [0x0085D363+60275]
	GetHandleVerifier [0x0085D3A4+60340]
	(No symbol) [0x006906F3]
	(No symbol) [0x006D8690]
	(No symbol) [0x006D8A2B]
	(No symbol) [0x00720EE2]
	(No symbol) [0x006FD0D4]
	(No symbol) [0x0071E6EB]
	(No symbol) [0x006FCE86]
	(No symbol) [0x006CC623]
	(No symbol) [0x006CD474]
	GetHandleVerifier [0x00AA8FE3+2467827]
	GetHandleVerifier [0x00AA45E6+2448886]
	GetHandleVerifier [0x00ABF80C+2560028]
	GetHandleVerifier [0x00873DF5+153093]
	GetHandleVerifier [0x0087A3BD+179149]
	GetHandleVerifier [0x00864BB8+91080]
	GetHandleVerifier [0x00864D60+91504]
	GetHandleVerifier [0x0084FA10+4640]
	BaseThreadInitThunk [0x75C9FCC9+25]
	RtlGetAppContainerNamedObjectPath [0x777082AE+286]
	RtlGetAppContainerNamedObjectPath [0x7770827E+238]

2025-04-28 23:08:30,479 - INFO - Saved screenshot of sector tab
2025-04-28 23:08:30,495 - INFO - Found 6 tables on page
2025-04-28 23:08:30,495 - INFO - Checking table 1
2025-04-28 23:08:30,505 - INFO - Checking table 2
2025-04-28 23:08:30,516 - INFO - Found likely sector table (table #2)
2025-04-28 23:08:30,598 - WARNING - Could not find percent change for 
2025-04-28 23:08:30,649 - INFO - Found percent change: 1.63% in '358.45 (1.63%)'
2025-04-28 23:08:30,649 - INFO - Added sector: Auto, Change: 1.63%
2025-04-28 23:08:30,697 - INFO - Found percent change: 1.71% in '582.35 (1.71%)'
2025-04-28 23:08:30,697 - INFO - Added sector: Energy, Change: 1.71%
2025-04-28 23:08:30,753 - INFO - Found percent change: 0.98% in '255.55 (0.98%)'
2025-04-28 23:08:30,753 - INFO - Added sector: Financial Services, Change: 0.98%
2025-04-28 23:08:30,818 - INFO - Found percent change: 0.16% in '87.95 (0.16%)'
2025-04-28 23:08:30,818 - INFO - Added sector: FMCG, Change: 0.16%
2025-04-28 23:08:30,864 - INFO - Found percent change: -0.22% in '-79.30 (-0.22%)'
2025-04-28 23:08:30,864 - INFO - Added sector: IT, Change: -0.22%
2025-04-28 23:08:30,911 - INFO - Found percent change: 0.79% in '12.20 (0.79%)'
2025-04-28 23:08:30,911 - INFO - Added sector: Media, Change: 0.79%
2025-04-28 23:08:30,962 - INFO - Found percent change: 1.4% in '120.15 (1.40%)'
2025-04-28 23:08:30,962 - INFO - Added sector: Metal, Change: 1.4%
2025-04-28 23:08:31,011 - INFO - Found percent change: 1.98% in '425.55 (1.98%)'
2025-04-28 23:08:31,012 - INFO - Added sector: Pharma, Change: 1.98%
2025-04-28 23:08:31,059 - INFO - Found percent change: 2.44% in '159.50 (2.44%)'
2025-04-28 23:08:31,060 - INFO - Added sector: PSU Bank, Change: 2.44%
2025-04-28 23:08:31,109 - INFO - Found percent change: 1.41% in '12.15 (1.41%)'
2025-04-28 23:08:31,110 - INFO - Added sector: Realty, Change: 1.41%
2025-04-28 23:08:33,909 - INFO - Saved sector data to sector.csv
2025-04-28 23:09:34,554 - INFO - Running Nuvama sector data scraper job at 2025-04-28 23:09:34
2025-04-28 23:09:34,555 - INFO - Setting up Chrome driver...
2025-04-28 23:09:34,555 - INFO - ====== WebDriver manager ======
2025-04-28 23:09:35,789 - INFO - Get LATEST chromedriver version for google-chrome
2025-04-28 23:09:35,841 - INFO - Get LATEST chromedriver version for google-chrome
2025-04-28 23:09:35,887 - INFO - Driver [C:\Users\Rajee\.wdm\drivers\chromedriver\win64\135.0.7049.114\chromedriver-win32/chromedriver.exe] found in cache
2025-04-28 23:09:37,317 - INFO - Navigating to https://www.nuvamawealth.com/market/stock-market-index/#key-indices
2025-04-28 23:09:42,081 - INFO - Waiting for page to load...
2025-04-28 23:09:59,102 - INFO - Refreshed page to get latest data
2025-04-28 23:10:09,126 - WARNING - Could not click on SECTOR INDICES tab: Message: no such element: Unable to locate element: {"method":"xpath","selector":"//a[text()='SECTOR INDICES']"}
  (Session info: chrome=135.0.7049.115); For documentation on this error, please visit: https://www.selenium.dev/documentation/webdriver/troubleshooting/errors#no-such-element-exception
Stacktrace:
	GetHandleVerifier [0x0085D363+60275]
	GetHandleVerifier [0x0085D3A4+60340]
	(No symbol) [0x006906F3]
	(No symbol) [0x006D8690]
	(No symbol) [0x006D8A2B]
	(No symbol) [0x00720EE2]
	(No symbol) [0x006FD0D4]
	(No symbol) [0x0071E6EB]
	(No symbol) [0x006FCE86]
	(No symbol) [0x006CC623]
	(No symbol) [0x006CD474]
	GetHandleVerifier [0x00AA8FE3+2467827]
	GetHandleVerifier [0x00AA45E6+2448886]
	GetHandleVerifier [0x00ABF80C+2560028]
	GetHandleVerifier [0x00873DF5+153093]
	GetHandleVerifier [0x0087A3BD+179149]
	GetHandleVerifier [0x00864BB8+91080]
	GetHandleVerifier [0x00864D60+91504]
	GetHandleVerifier [0x0084FA10+4640]
	BaseThreadInitThunk [0x75C9FCC9+25]
	RtlGetAppContainerNamedObjectPath [0x777082AE+286]
	RtlGetAppContainerNamedObjectPath [0x7770827E+238]

2025-04-28 23:10:09,145 - WARNING - Could not click on second tab: Message: no such element: Unable to locate element: {"method":"css selector","selector":".tab-links li:nth-child(2) a"}
  (Session info: chrome=135.0.7049.115); For documentation on this error, please visit: https://www.selenium.dev/documentation/webdriver/troubleshooting/errors#no-such-element-exception
Stacktrace:
	GetHandleVerifier [0x0085D363+60275]
	GetHandleVerifier [0x0085D3A4+60340]
	(No symbol) [0x006906F3]
	(No symbol) [0x006D8690]
	(No symbol) [0x006D8A2B]
	(No symbol) [0x00720EE2]
	(No symbol) [0x006FD0D4]
	(No symbol) [0x0071E6EB]
	(No symbol) [0x006FCE86]
	(No symbol) [0x006CC623]
	(No symbol) [0x006CD474]
	GetHandleVerifier [0x00AA8FE3+2467827]
	GetHandleVerifier [0x00AA45E6+2448886]
	GetHandleVerifier [0x00ABF80C+2560028]
	GetHandleVerifier [0x00873DF5+153093]
	GetHandleVerifier [0x0087A3BD+179149]
	GetHandleVerifier [0x00864BB8+91080]
	GetHandleVerifier [0x00864D60+91504]
	GetHandleVerifier [0x0084FA10+4640]
	BaseThreadInitThunk [0x75C9FCC9+25]
	RtlGetAppContainerNamedObjectPath [0x777082AE+286]
	RtlGetAppContainerNamedObjectPath [0x7770827E+238]

2025-04-28 23:10:09,322 - INFO - Saved screenshot of sector tab
2025-04-28 23:10:09,335 - INFO - Found 6 tables on page
2025-04-28 23:10:09,336 - INFO - Checking table 1
2025-04-28 23:10:09,348 - INFO - Checking table 2
2025-04-28 23:10:09,361 - INFO - Found likely sector table (table #2)
2025-04-28 23:10:09,446 - WARNING - Could not find percent change for 
2025-04-28 23:10:09,498 - INFO - Found percent change: 1.63% in '358.45 (1.63%)'
2025-04-28 23:10:09,498 - INFO - Added sector: Auto, Change: 1.63%
2025-04-28 23:10:09,552 - INFO - Found percent change: 1.71% in '582.35 (1.71%)'
2025-04-28 23:10:09,552 - INFO - Added sector: Energy, Change: 1.71%
2025-04-28 23:10:09,609 - INFO - Found percent change: 0.98% in '255.55 (0.98%)'
2025-04-28 23:10:09,609 - INFO - Added sector: Financial Services, Change: 0.98%
2025-04-28 23:10:09,658 - INFO - Found percent change: 0.16% in '87.95 (0.16%)'
2025-04-28 23:10:09,658 - INFO - Added sector: FMCG, Change: 0.16%
2025-04-28 23:10:09,702 - INFO - Found percent change: -0.22% in '-79.30 (-0.22%)'
2025-04-28 23:10:09,702 - INFO - Added sector: IT, Change: -0.22%
2025-04-28 23:10:09,758 - INFO - Found percent change: 0.79% in '12.20 (0.79%)'
2025-04-28 23:10:09,758 - INFO - Added sector: Media, Change: 0.79%
2025-04-28 23:10:09,848 - INFO - Found percent change: 1.4% in '120.15 (1.40%)'
2025-04-28 23:10:09,848 - INFO - Added sector: Metal, Change: 1.4%
2025-04-28 23:10:09,901 - INFO - Found percent change: 1.98% in '425.55 (1.98%)'
2025-04-28 23:10:09,901 - INFO - Added sector: Pharma, Change: 1.98%
2025-04-28 23:10:09,954 - INFO - Found percent change: 2.44% in '159.50 (2.44%)'
2025-04-28 23:10:09,956 - INFO - Added sector: PSU Bank, Change: 2.44%
2025-04-28 23:10:10,008 - INFO - Found percent change: 1.41% in '12.15 (1.41%)'
2025-04-28 23:10:10,009 - INFO - Added sector: Realty, Change: 1.41%
2025-04-28 23:10:12,522 - INFO - Saved sector data to sector.csv
2025-04-28 23:11:13,149 - INFO - Running Nuvama sector data scraper job at 2025-04-28 23:11:13
2025-04-28 23:11:13,150 - INFO - Setting up Chrome driver...
2025-04-28 23:11:13,151 - INFO - ====== WebDriver manager ======
2025-04-28 23:11:15,449 - INFO - Get LATEST chromedriver version for google-chrome
2025-04-28 23:11:15,496 - INFO - Get LATEST chromedriver version for google-chrome
2025-04-28 23:11:15,543 - INFO - Driver [C:\Users\Rajee\.wdm\drivers\chromedriver\win64\135.0.7049.114\chromedriver-win32/chromedriver.exe] found in cache
2025-04-28 23:11:17,155 - INFO - Navigating to https://www.nuvamawealth.com/market/stock-market-index/#key-indices
2025-04-28 23:11:21,474 - INFO - Waiting for page to load...
2025-04-28 23:11:39,741 - INFO - Refreshed page to get latest data
2025-04-28 23:11:49,783 - WARNING - Could not click on SECTOR INDICES tab: Message: no such element: Unable to locate element: {"method":"xpath","selector":"//a[text()='SECTOR INDICES']"}
  (Session info: chrome=135.0.7049.115); For documentation on this error, please visit: https://www.selenium.dev/documentation/webdriver/troubleshooting/errors#no-such-element-exception
Stacktrace:
	GetHandleVerifier [0x0085D363+60275]
	GetHandleVerifier [0x0085D3A4+60340]
	(No symbol) [0x006906F3]
	(No symbol) [0x006D8690]
	(No symbol) [0x006D8A2B]
	(No symbol) [0x00720EE2]
	(No symbol) [0x006FD0D4]
	(No symbol) [0x0071E6EB]
	(No symbol) [0x006FCE86]
	(No symbol) [0x006CC623]
	(No symbol) [0x006CD474]
	GetHandleVerifier [0x00AA8FE3+2467827]
	GetHandleVerifier [0x00AA45E6+2448886]
	GetHandleVerifier [0x00ABF80C+2560028]
	GetHandleVerifier [0x00873DF5+153093]
	GetHandleVerifier [0x0087A3BD+179149]
	GetHandleVerifier [0x00864BB8+91080]
	GetHandleVerifier [0x00864D60+91504]
	GetHandleVerifier [0x0084FA10+4640]
	BaseThreadInitThunk [0x75C9FCC9+25]
	RtlGetAppContainerNamedObjectPath [0x777082AE+286]
	RtlGetAppContainerNamedObjectPath [0x7770827E+238]

2025-04-28 23:11:49,808 - WARNING - Could not click on second tab: Message: no such element: Unable to locate element: {"method":"css selector","selector":".tab-links li:nth-child(2) a"}
  (Session info: chrome=135.0.7049.115); For documentation on this error, please visit: https://www.selenium.dev/documentation/webdriver/troubleshooting/errors#no-such-element-exception
Stacktrace:
	GetHandleVerifier [0x0085D363+60275]
	GetHandleVerifier [0x0085D3A4+60340]
	(No symbol) [0x006906F3]
	(No symbol) [0x006D8690]
	(No symbol) [0x006D8A2B]
	(No symbol) [0x00720EE2]
	(No symbol) [0x006FD0D4]
	(No symbol) [0x0071E6EB]
	(No symbol) [0x006FCE86]
	(No symbol) [0x006CC623]
	(No symbol) [0x006CD474]
	GetHandleVerifier [0x00AA8FE3+2467827]
	GetHandleVerifier [0x00AA45E6+2448886]
	GetHandleVerifier [0x00ABF80C+2560028]
	GetHandleVerifier [0x00873DF5+153093]
	GetHandleVerifier [0x0087A3BD+179149]
	GetHandleVerifier [0x00864BB8+91080]
	GetHandleVerifier [0x00864D60+91504]
	GetHandleVerifier [0x0084FA10+4640]
	BaseThreadInitThunk [0x75C9FCC9+25]
	RtlGetAppContainerNamedObjectPath [0x777082AE+286]
	RtlGetAppContainerNamedObjectPath [0x7770827E+238]

2025-04-28 23:11:50,082 - INFO - Saved screenshot of sector tab
2025-04-28 23:11:50,135 - INFO - Found 6 tables on page
2025-04-28 23:11:50,136 - INFO - Checking table 1
2025-04-28 23:11:50,154 - INFO - Checking table 2
2025-04-28 23:11:50,169 - INFO - Found likely sector table (table #2)
2025-04-28 23:11:50,270 - WARNING - Could not find percent change for 
2025-04-28 23:11:50,347 - INFO - Found percent change: 1.63% in '358.45 (1.63%)'
2025-04-28 23:11:50,348 - INFO - Added sector: Auto, Change: 1.63%
2025-04-28 23:11:50,429 - INFO - Found percent change: 1.71% in '582.35 (1.71%)'
2025-04-28 23:11:50,430 - INFO - Added sector: Energy, Change: 1.71%
2025-04-28 23:11:50,506 - INFO - Found percent change: 0.98% in '255.55 (0.98%)'
2025-04-28 23:11:50,508 - INFO - Added sector: Financial Services, Change: 0.98%
2025-04-28 23:11:50,599 - INFO - Found percent change: 0.16% in '87.95 (0.16%)'
2025-04-28 23:11:50,600 - INFO - Added sector: FMCG, Change: 0.16%
2025-04-28 23:11:50,683 - INFO - Found percent change: -0.22% in '-79.30 (-0.22%)'
2025-04-28 23:11:50,683 - INFO - Added sector: IT, Change: -0.22%
2025-04-28 23:11:50,778 - INFO - Found percent change: 0.79% in '12.20 (0.79%)'
2025-04-28 23:11:50,778 - INFO - Added sector: Media, Change: 0.79%
2025-04-28 23:11:50,864 - INFO - Found percent change: 1.4% in '120.15 (1.40%)'
2025-04-28 23:11:50,865 - INFO - Added sector: Metal, Change: 1.4%
2025-04-28 23:11:50,938 - INFO - Found percent change: 1.98% in '425.55 (1.98%)'
2025-04-28 23:11:50,951 - INFO - Added sector: Pharma, Change: 1.98%
2025-04-28 23:11:51,044 - INFO - Found percent change: 2.44% in '159.50 (2.44%)'
2025-04-28 23:11:51,045 - INFO - Added sector: PSU Bank, Change: 2.44%
2025-04-28 23:11:51,116 - INFO - Found percent change: 1.41% in '12.15 (1.41%)'
2025-04-28 23:11:51,116 - INFO - Added sector: Realty, Change: 1.41%
2025-04-28 23:11:53,849 - INFO - Saved sector data to sector.csv
2025-04-28 23:12:54,538 - INFO - Running Nuvama sector data scraper job at 2025-04-28 23:12:54
2025-04-28 23:12:54,540 - INFO - Setting up Chrome driver...
2025-04-28 23:12:54,541 - INFO - ====== WebDriver manager ======
2025-04-28 23:12:56,566 - INFO - Get LATEST chromedriver version for google-chrome
2025-04-28 23:12:56,610 - INFO - Get LATEST chromedriver version for google-chrome
2025-04-28 23:12:56,655 - INFO - Driver [C:\Users\Rajee\.wdm\drivers\chromedriver\win64\135.0.7049.114\chromedriver-win32/chromedriver.exe] found in cache
2025-04-28 23:12:58,597 - INFO - Navigating to https://www.nuvamawealth.com/market/stock-market-index/#key-indices
2025-04-28 23:13:03,272 - INFO - Waiting for page to load...
2025-04-28 23:13:21,621 - INFO - Refreshed page to get latest data
2025-04-28 23:13:31,650 - WARNING - Could not click on SECTOR INDICES tab: Message: no such element: Unable to locate element: {"method":"xpath","selector":"//a[text()='SECTOR INDICES']"}
  (Session info: chrome=135.0.7049.115); For documentation on this error, please visit: https://www.selenium.dev/documentation/webdriver/troubleshooting/errors#no-such-element-exception
Stacktrace:
	GetHandleVerifier [0x0085D363+60275]
	GetHandleVerifier [0x0085D3A4+60340]
	(No symbol) [0x006906F3]
	(No symbol) [0x006D8690]
	(No symbol) [0x006D8A2B]
	(No symbol) [0x00720EE2]
	(No symbol) [0x006FD0D4]
	(No symbol) [0x0071E6EB]
	(No symbol) [0x006FCE86]
	(No symbol) [0x006CC623]
	(No symbol) [0x006CD474]
	GetHandleVerifier [0x00AA8FE3+2467827]
	GetHandleVerifier [0x00AA45E6+2448886]
	GetHandleVerifier [0x00ABF80C+2560028]
	GetHandleVerifier [0x00873DF5+153093]
	GetHandleVerifier [0x0087A3BD+179149]
	GetHandleVerifier [0x00864BB8+91080]
	GetHandleVerifier [0x00864D60+91504]
	GetHandleVerifier [0x0084FA10+4640]
	BaseThreadInitThunk [0x75C9FCC9+25]
	RtlGetAppContainerNamedObjectPath [0x777082AE+286]
	RtlGetAppContainerNamedObjectPath [0x7770827E+238]

2025-04-28 23:13:31,673 - WARNING - Could not click on second tab: Message: no such element: Unable to locate element: {"method":"css selector","selector":".tab-links li:nth-child(2) a"}
  (Session info: chrome=135.0.7049.115); For documentation on this error, please visit: https://www.selenium.dev/documentation/webdriver/troubleshooting/errors#no-such-element-exception
Stacktrace:
	GetHandleVerifier [0x0085D363+60275]
	GetHandleVerifier [0x0085D3A4+60340]
	(No symbol) [0x006906F3]
	(No symbol) [0x006D8690]
	(No symbol) [0x006D8A2B]
	(No symbol) [0x00720EE2]
	(No symbol) [0x006FD0D4]
	(No symbol) [0x0071E6EB]
	(No symbol) [0x006FCE86]
	(No symbol) [0x006CC623]
	(No symbol) [0x006CD474]
	GetHandleVerifier [0x00AA8FE3+2467827]
	GetHandleVerifier [0x00AA45E6+2448886]
	GetHandleVerifier [0x00ABF80C+2560028]
	GetHandleVerifier [0x00873DF5+153093]
	GetHandleVerifier [0x0087A3BD+179149]
	GetHandleVerifier [0x00864BB8+91080]
	GetHandleVerifier [0x00864D60+91504]
	GetHandleVerifier [0x0084FA10+4640]
	BaseThreadInitThunk [0x75C9FCC9+25]
	RtlGetAppContainerNamedObjectPath [0x777082AE+286]
	RtlGetAppContainerNamedObjectPath [0x7770827E+238]

2025-04-28 23:13:31,868 - INFO - Saved screenshot of sector tab
2025-04-28 23:13:31,895 - INFO - Found 6 tables on page
2025-04-28 23:13:31,896 - INFO - Checking table 1
2025-04-28 23:13:31,909 - INFO - Checking table 2
2025-04-28 23:13:31,927 - INFO - Found likely sector table (table #2)
2025-04-28 23:13:32,029 - WARNING - Could not find percent change for 
2025-04-28 23:13:32,110 - INFO - Found percent change: 1.63% in '358.45 (1.63%)'
2025-04-28 23:13:32,110 - INFO - Added sector: Auto, Change: 1.63%
2025-04-28 23:13:32,181 - INFO - Found percent change: 1.71% in '582.35 (1.71%)'
2025-04-28 23:13:32,181 - INFO - Added sector: Energy, Change: 1.71%
2025-04-28 23:13:32,254 - INFO - Found percent change: 0.98% in '255.55 (0.98%)'
2025-04-28 23:13:32,255 - INFO - Added sector: Financial Services, Change: 0.98%
2025-04-28 23:13:32,324 - INFO - Found percent change: 0.16% in '87.95 (0.16%)'
2025-04-28 23:13:32,325 - INFO - Added sector: FMCG, Change: 0.16%
2025-04-28 23:13:32,400 - INFO - Found percent change: -0.22% in '-79.30 (-0.22%)'
2025-04-28 23:13:32,400 - INFO - Added sector: IT, Change: -0.22%
2025-04-28 23:13:32,476 - INFO - Found percent change: 0.79% in '12.20 (0.79%)'
2025-04-28 23:13:32,477 - INFO - Added sector: Media, Change: 0.79%
2025-04-28 23:13:32,546 - INFO - Found percent change: 1.4% in '120.15 (1.40%)'
2025-04-28 23:13:32,546 - INFO - Added sector: Metal, Change: 1.4%
2025-04-28 23:13:32,617 - INFO - Found percent change: 1.98% in '425.55 (1.98%)'
2025-04-28 23:13:32,618 - INFO - Added sector: Pharma, Change: 1.98%
2025-04-28 23:13:32,695 - INFO - Found percent change: 2.44% in '159.50 (2.44%)'
2025-04-28 23:13:32,696 - INFO - Added sector: PSU Bank, Change: 2.44%
2025-04-28 23:13:32,763 - INFO - Found percent change: 1.41% in '12.15 (1.41%)'
2025-04-28 23:13:32,763 - INFO - Added sector: Realty, Change: 1.41%
2025-04-28 23:13:35,614 - INFO - Saved sector data to sector.csv
2025-04-28 23:14:36,334 - INFO - Running Nuvama sector data scraper job at 2025-04-28 23:14:36
2025-04-28 23:14:36,356 - INFO - Setting up Chrome driver...
2025-04-28 23:14:36,358 - INFO - ====== WebDriver manager ======
2025-04-28 23:14:38,250 - INFO - Get LATEST chromedriver version for google-chrome
2025-04-28 23:14:38,299 - INFO - Get LATEST chromedriver version for google-chrome
2025-04-28 23:14:38,361 - INFO - Driver [C:\Users\Rajee\.wdm\drivers\chromedriver\win64\135.0.7049.114\chromedriver-win32/chromedriver.exe] found in cache
2025-04-28 23:14:40,267 - INFO - Navigating to https://www.nuvamawealth.com/market/stock-market-index/#key-indices
2025-04-28 23:14:44,911 - INFO - Waiting for page to load...
2025-04-28 23:15:04,245 - INFO - Refreshed page to get latest data
2025-04-28 23:15:14,286 - WARNING - Could not click on SECTOR INDICES tab: Message: no such element: Unable to locate element: {"method":"xpath","selector":"//a[text()='SECTOR INDICES']"}
  (Session info: chrome=135.0.7049.115); For documentation on this error, please visit: https://www.selenium.dev/documentation/webdriver/troubleshooting/errors#no-such-element-exception
Stacktrace:
	GetHandleVerifier [0x0085D363+60275]
	GetHandleVerifier [0x0085D3A4+60340]
	(No symbol) [0x006906F3]
	(No symbol) [0x006D8690]
	(No symbol) [0x006D8A2B]
	(No symbol) [0x00720EE2]
	(No symbol) [0x006FD0D4]
	(No symbol) [0x0071E6EB]
	(No symbol) [0x006FCE86]
	(No symbol) [0x006CC623]
	(No symbol) [0x006CD474]
	GetHandleVerifier [0x00AA8FE3+2467827]
	GetHandleVerifier [0x00AA45E6+2448886]
	GetHandleVerifier [0x00ABF80C+2560028]
	GetHandleVerifier [0x00873DF5+153093]
	GetHandleVerifier [0x0087A3BD+179149]
	GetHandleVerifier [0x00864BB8+91080]
	GetHandleVerifier [0x00864D60+91504]
	GetHandleVerifier [0x0084FA10+4640]
	BaseThreadInitThunk [0x75C9FCC9+25]
	RtlGetAppContainerNamedObjectPath [0x777082AE+286]
	RtlGetAppContainerNamedObjectPath [0x7770827E+238]

2025-04-28 23:15:14,323 - WARNING - Could not click on second tab: Message: no such element: Unable to locate element: {"method":"css selector","selector":".tab-links li:nth-child(2) a"}
  (Session info: chrome=135.0.7049.115); For documentation on this error, please visit: https://www.selenium.dev/documentation/webdriver/troubleshooting/errors#no-such-element-exception
Stacktrace:
	GetHandleVerifier [0x0085D363+60275]
	GetHandleVerifier [0x0085D3A4+60340]
	(No symbol) [0x006906F3]
	(No symbol) [0x006D8690]
	(No symbol) [0x006D8A2B]
	(No symbol) [0x00720EE2]
	(No symbol) [0x006FD0D4]
	(No symbol) [0x0071E6EB]
	(No symbol) [0x006FCE86]
	(No symbol) [0x006CC623]
	(No symbol) [0x006CD474]
	GetHandleVerifier [0x00AA8FE3+2467827]
	GetHandleVerifier [0x00AA45E6+2448886]
	GetHandleVerifier [0x00ABF80C+2560028]
	GetHandleVerifier [0x00873DF5+153093]
	GetHandleVerifier [0x0087A3BD+179149]
	GetHandleVerifier [0x00864BB8+91080]
	GetHandleVerifier [0x00864D60+91504]
	GetHandleVerifier [0x0084FA10+4640]
	BaseThreadInitThunk [0x75C9FCC9+25]
	RtlGetAppContainerNamedObjectPath [0x777082AE+286]
	RtlGetAppContainerNamedObjectPath [0x7770827E+238]

2025-04-28 23:15:14,638 - INFO - Saved screenshot of sector tab
2025-04-28 23:15:14,667 - INFO - Found 6 tables on page
2025-04-28 23:15:14,667 - INFO - Checking table 1
2025-04-28 23:15:14,696 - INFO - Checking table 2
2025-04-28 23:15:14,714 - INFO - Found likely sector table (table #2)
2025-04-28 23:15:14,852 - WARNING - Could not find percent change for 
2025-04-28 23:15:15,023 - INFO - Found percent change: 1.63% in '358.45 (1.63%)'
2025-04-28 23:15:15,036 - INFO - Added sector: Auto, Change: 1.63%
2025-04-28 23:15:15,209 - INFO - Found percent change: 1.71% in '582.35 (1.71%)'
2025-04-28 23:15:15,213 - INFO - Added sector: Energy, Change: 1.71%
2025-04-28 23:15:15,330 - INFO - Found percent change: 0.98% in '255.55 (0.98%)'
2025-04-28 23:15:15,331 - INFO - Added sector: Financial Services, Change: 0.98%
2025-04-28 23:15:15,605 - INFO - Found percent change: 0.16% in '87.95 (0.16%)'
2025-04-28 23:15:15,606 - INFO - Added sector: FMCG, Change: 0.16%
2025-04-28 23:15:15,850 - INFO - Found percent change: -0.22% in '-79.30 (-0.22%)'
2025-04-28 23:15:15,850 - INFO - Added sector: IT, Change: -0.22%
2025-04-28 23:15:16,000 - INFO - Found percent change: 0.79% in '12.20 (0.79%)'
2025-04-28 23:15:16,000 - INFO - Added sector: Media, Change: 0.79%
2025-04-28 23:15:16,102 - INFO - Found percent change: 1.4% in '120.15 (1.40%)'
2025-04-28 23:15:16,103 - INFO - Added sector: Metal, Change: 1.4%
2025-04-28 23:15:16,212 - INFO - Found percent change: 1.98% in '425.55 (1.98%)'
2025-04-28 23:15:16,214 - INFO - Added sector: Pharma, Change: 1.98%
2025-04-28 23:15:16,310 - INFO - Found percent change: 2.44% in '159.50 (2.44%)'
2025-04-28 23:15:16,312 - INFO - Added sector: PSU Bank, Change: 2.44%
2025-04-28 23:15:16,441 - INFO - Found percent change: 1.41% in '12.15 (1.41%)'
2025-04-28 23:15:16,474 - INFO - Added sector: Realty, Change: 1.41%
2025-04-28 23:15:24,711 - INFO - Saved sector data to sector.csv
2025-04-28 23:16:25,584 - INFO - Running Nuvama sector data scraper job at 2025-04-28 23:16:25
2025-04-28 23:16:25,585 - INFO - Setting up Chrome driver...
2025-04-28 23:16:25,586 - INFO - ====== WebDriver manager ======
2025-04-28 23:16:26,857 - INFO - Get LATEST chromedriver version for google-chrome
2025-04-28 23:16:26,902 - INFO - Get LATEST chromedriver version for google-chrome
2025-04-28 23:16:26,946 - INFO - Driver [C:\Users\Rajee\.wdm\drivers\chromedriver\win64\135.0.7049.114\chromedriver-win32/chromedriver.exe] found in cache
2025-04-28 23:16:28,827 - INFO - Navigating to https://www.nuvamawealth.com/market/stock-market-index/#key-indices
2025-04-28 23:16:33,258 - INFO - Waiting for page to load...
2025-04-28 23:16:50,669 - INFO - Refreshed page to get latest data
2025-04-28 23:17:00,726 - WARNING - Could not click on SECTOR INDICES tab: Message: no such element: Unable to locate element: {"method":"xpath","selector":"//a[text()='SECTOR INDICES']"}
  (Session info: chrome=135.0.7049.115); For documentation on this error, please visit: https://www.selenium.dev/documentation/webdriver/troubleshooting/errors#no-such-element-exception
Stacktrace:
	GetHandleVerifier [0x0085D363+60275]
	GetHandleVerifier [0x0085D3A4+60340]
	(No symbol) [0x006906F3]
	(No symbol) [0x006D8690]
	(No symbol) [0x006D8A2B]
	(No symbol) [0x00720EE2]
	(No symbol) [0x006FD0D4]
	(No symbol) [0x0071E6EB]
	(No symbol) [0x006FCE86]
	(No symbol) [0x006CC623]
	(No symbol) [0x006CD474]
	GetHandleVerifier [0x00AA8FE3+2467827]
	GetHandleVerifier [0x00AA45E6+2448886]
	GetHandleVerifier [0x00ABF80C+2560028]
	GetHandleVerifier [0x00873DF5+153093]
	GetHandleVerifier [0x0087A3BD+179149]
	GetHandleVerifier [0x00864BB8+91080]
	GetHandleVerifier [0x00864D60+91504]
	GetHandleVerifier [0x0084FA10+4640]
	BaseThreadInitThunk [0x75C9FCC9+25]
	RtlGetAppContainerNamedObjectPath [0x777082AE+286]
	RtlGetAppContainerNamedObjectPath [0x7770827E+238]

2025-04-28 23:17:00,744 - WARNING - Could not click on second tab: Message: no such element: Unable to locate element: {"method":"css selector","selector":".tab-links li:nth-child(2) a"}
  (Session info: chrome=135.0.7049.115); For documentation on this error, please visit: https://www.selenium.dev/documentation/webdriver/troubleshooting/errors#no-such-element-exception
Stacktrace:
	GetHandleVerifier [0x0085D363+60275]
	GetHandleVerifier [0x0085D3A4+60340]
	(No symbol) [0x006906F3]
	(No symbol) [0x006D8690]
	(No symbol) [0x006D8A2B]
	(No symbol) [0x00720EE2]
	(No symbol) [0x006FD0D4]
	(No symbol) [0x0071E6EB]
	(No symbol) [0x006FCE86]
	(No symbol) [0x006CC623]
	(No symbol) [0x006CD474]
	GetHandleVerifier [0x00AA8FE3+2467827]
	GetHandleVerifier [0x00AA45E6+2448886]
	GetHandleVerifier [0x00ABF80C+2560028]
	GetHandleVerifier [0x00873DF5+153093]
	GetHandleVerifier [0x0087A3BD+179149]
	GetHandleVerifier [0x00864BB8+91080]
	GetHandleVerifier [0x00864D60+91504]
	GetHandleVerifier [0x0084FA10+4640]
	BaseThreadInitThunk [0x75C9FCC9+25]
	RtlGetAppContainerNamedObjectPath [0x777082AE+286]
	RtlGetAppContainerNamedObjectPath [0x7770827E+238]

2025-04-28 23:17:00,937 - INFO - Saved screenshot of sector tab
2025-04-28 23:17:00,949 - INFO - Found 6 tables on page
2025-04-28 23:17:00,949 - INFO - Checking table 1
2025-04-28 23:17:00,959 - INFO - Checking table 2
2025-04-28 23:17:00,975 - INFO - Found likely sector table (table #2)
2025-04-28 23:17:01,052 - WARNING - Could not find percent change for 
2025-04-28 23:17:01,103 - INFO - Found percent change: 1.63% in '358.45 (1.63%)'
2025-04-28 23:17:01,104 - INFO - Added sector: Auto, Change: 1.63%
2025-04-28 23:17:01,159 - INFO - Found percent change: 1.71% in '582.35 (1.71%)'
2025-04-28 23:17:01,160 - INFO - Added sector: Energy, Change: 1.71%
2025-04-28 23:17:01,207 - INFO - Found percent change: 0.98% in '255.55 (0.98%)'
2025-04-28 23:17:01,208 - INFO - Added sector: Financial Services, Change: 0.98%
2025-04-28 23:17:01,259 - INFO - Found percent change: 0.16% in '87.95 (0.16%)'
2025-04-28 23:17:01,260 - INFO - Added sector: FMCG, Change: 0.16%
2025-04-28 23:17:01,307 - INFO - Found percent change: -0.22% in '-79.30 (-0.22%)'
2025-04-28 23:17:01,307 - INFO - Added sector: IT, Change: -0.22%
2025-04-28 23:17:01,356 - INFO - Found percent change: 0.79% in '12.20 (0.79%)'
2025-04-28 23:17:01,356 - INFO - Added sector: Media, Change: 0.79%
2025-04-28 23:17:01,408 - INFO - Found percent change: 1.4% in '120.15 (1.40%)'
2025-04-28 23:17:01,408 - INFO - Added sector: Metal, Change: 1.4%
2025-04-28 23:17:01,469 - INFO - Found percent change: 1.98% in '425.55 (1.98%)'
2025-04-28 23:17:01,469 - INFO - Added sector: Pharma, Change: 1.98%
2025-04-28 23:17:01,522 - INFO - Found percent change: 2.44% in '159.50 (2.44%)'
2025-04-28 23:17:01,523 - INFO - Added sector: PSU Bank, Change: 2.44%
2025-04-28 23:17:01,575 - INFO - Found percent change: 1.41% in '12.15 (1.41%)'
2025-04-28 23:17:01,575 - INFO - Added sector: Realty, Change: 1.41%
2025-04-28 23:17:04,123 - INFO - Saved sector data to sector.csv
2025-04-28 23:18:04,834 - INFO - Running Nuvama sector data scraper job at 2025-04-28 23:18:04
2025-04-28 23:18:04,836 - INFO - Setting up Chrome driver...
2025-04-28 23:18:04,837 - INFO - ====== WebDriver manager ======
2025-04-28 23:18:06,380 - INFO - Get LATEST chromedriver version for google-chrome
2025-04-28 23:18:06,439 - INFO - Get LATEST chromedriver version for google-chrome
2025-04-28 23:18:06,479 - INFO - Driver [C:\Users\Rajee\.wdm\drivers\chromedriver\win64\135.0.7049.114\chromedriver-win32/chromedriver.exe] found in cache
2025-04-28 23:18:07,992 - INFO - Navigating to https://www.nuvamawealth.com/market/stock-market-index/#key-indices
2025-04-28 23:18:13,077 - INFO - Waiting for page to load...
2025-04-28 23:18:30,818 - INFO - Refreshed page to get latest data
2025-04-28 23:18:40,839 - WARNING - Could not click on SECTOR INDICES tab: Message: no such element: Unable to locate element: {"method":"xpath","selector":"//a[text()='SECTOR INDICES']"}
  (Session info: chrome=135.0.7049.115); For documentation on this error, please visit: https://www.selenium.dev/documentation/webdriver/troubleshooting/errors#no-such-element-exception
Stacktrace:
	GetHandleVerifier [0x0085D363+60275]
	GetHandleVerifier [0x0085D3A4+60340]
	(No symbol) [0x006906F3]
	(No symbol) [0x006D8690]
	(No symbol) [0x006D8A2B]
	(No symbol) [0x00720EE2]
	(No symbol) [0x006FD0D4]
	(No symbol) [0x0071E6EB]
	(No symbol) [0x006FCE86]
	(No symbol) [0x006CC623]
	(No symbol) [0x006CD474]
	GetHandleVerifier [0x00AA8FE3+2467827]
	GetHandleVerifier [0x00AA45E6+2448886]
	GetHandleVerifier [0x00ABF80C+2560028]
	GetHandleVerifier [0x00873DF5+153093]
	GetHandleVerifier [0x0087A3BD+179149]
	GetHandleVerifier [0x00864BB8+91080]
	GetHandleVerifier [0x00864D60+91504]
	GetHandleVerifier [0x0084FA10+4640]
	BaseThreadInitThunk [0x75C9FCC9+25]
	RtlGetAppContainerNamedObjectPath [0x777082AE+286]
	RtlGetAppContainerNamedObjectPath [0x7770827E+238]

2025-04-28 23:18:40,864 - WARNING - Could not click on second tab: Message: no such element: Unable to locate element: {"method":"css selector","selector":".tab-links li:nth-child(2) a"}
  (Session info: chrome=135.0.7049.115); For documentation on this error, please visit: https://www.selenium.dev/documentation/webdriver/troubleshooting/errors#no-such-element-exception
Stacktrace:
	GetHandleVerifier [0x0085D363+60275]
	GetHandleVerifier [0x0085D3A4+60340]
	(No symbol) [0x006906F3]
	(No symbol) [0x006D8690]
	(No symbol) [0x006D8A2B]
	(No symbol) [0x00720EE2]
	(No symbol) [0x006FD0D4]
	(No symbol) [0x0071E6EB]
	(No symbol) [0x006FCE86]
	(No symbol) [0x006CC623]
	(No symbol) [0x006CD474]
	GetHandleVerifier [0x00AA8FE3+2467827]
	GetHandleVerifier [0x00AA45E6+2448886]
	GetHandleVerifier [0x00ABF80C+2560028]
	GetHandleVerifier [0x00873DF5+153093]
	GetHandleVerifier [0x0087A3BD+179149]
	GetHandleVerifier [0x00864BB8+91080]
	GetHandleVerifier [0x00864D60+91504]
	GetHandleVerifier [0x0084FA10+4640]
	BaseThreadInitThunk [0x75C9FCC9+25]
	RtlGetAppContainerNamedObjectPath [0x777082AE+286]
	RtlGetAppContainerNamedObjectPath [0x7770827E+238]

2025-04-28 23:18:41,085 - INFO - Saved screenshot of sector tab
2025-04-28 23:18:41,107 - INFO - Found 6 tables on page
2025-04-28 23:18:41,107 - INFO - Checking table 1
2025-04-28 23:18:41,139 - INFO - Checking table 2
2025-04-28 23:18:41,149 - INFO - Found likely sector table (table #2)
2025-04-28 23:18:41,238 - WARNING - Could not find percent change for 
2025-04-28 23:18:41,304 - INFO - Found percent change: 1.63% in '358.45 (1.63%)'
2025-04-28 23:18:41,304 - INFO - Added sector: Auto, Change: 1.63%
2025-04-28 23:18:41,384 - INFO - Found percent change: 1.71% in '582.35 (1.71%)'
2025-04-28 23:18:41,385 - INFO - Added sector: Energy, Change: 1.71%
2025-04-28 23:18:41,470 - INFO - Found percent change: 0.98% in '255.55 (0.98%)'
2025-04-28 23:18:41,471 - INFO - Added sector: Financial Services, Change: 0.98%
2025-04-28 23:18:41,538 - INFO - Found percent change: 0.16% in '87.95 (0.16%)'
2025-04-28 23:18:41,538 - INFO - Added sector: FMCG, Change: 0.16%
2025-04-28 23:18:41,606 - INFO - Found percent change: -0.22% in '-79.30 (-0.22%)'
2025-04-28 23:18:41,606 - INFO - Added sector: IT, Change: -0.22%
2025-04-28 23:18:41,687 - INFO - Found percent change: 0.79% in '12.20 (0.79%)'
2025-04-28 23:18:41,688 - INFO - Added sector: Media, Change: 0.79%
2025-04-28 23:18:41,763 - INFO - Found percent change: 1.4% in '120.15 (1.40%)'
2025-04-28 23:18:41,764 - INFO - Added sector: Metal, Change: 1.4%
2025-04-28 23:18:41,829 - INFO - Found percent change: 1.98% in '425.55 (1.98%)'
2025-04-28 23:18:41,829 - INFO - Added sector: Pharma, Change: 1.98%
2025-04-28 23:18:41,903 - INFO - Found percent change: 2.44% in '159.50 (2.44%)'
2025-04-28 23:18:41,903 - INFO - Added sector: PSU Bank, Change: 2.44%
2025-04-28 23:18:41,977 - INFO - Found percent change: 1.41% in '12.15 (1.41%)'
2025-04-28 23:18:41,978 - INFO - Added sector: Realty, Change: 1.41%
2025-04-28 23:18:44,568 - INFO - Saved sector data to sector.csv
2025-04-28 23:19:45,312 - INFO - Running Nuvama sector data scraper job at 2025-04-28 23:19:45
2025-04-28 23:19:45,312 - INFO - Setting up Chrome driver...
2025-04-28 23:19:45,314 - INFO - ====== WebDriver manager ======
2025-04-28 23:19:46,705 - INFO - Get LATEST chromedriver version for google-chrome
2025-04-28 23:19:46,752 - INFO - Get LATEST chromedriver version for google-chrome
2025-04-28 23:19:46,801 - INFO - Driver [C:\Users\Rajee\.wdm\drivers\chromedriver\win64\135.0.7049.114\chromedriver-win32/chromedriver.exe] found in cache
2025-04-28 23:19:48,249 - INFO - Navigating to https://www.nuvamawealth.com/market/stock-market-index/#key-indices
2025-04-28 23:19:54,641 - INFO - Waiting for page to load...
2025-04-28 23:20:12,399 - INFO - Refreshed page to get latest data
2025-04-28 23:20:22,449 - WARNING - Could not click on SECTOR INDICES tab: Message: no such element: Unable to locate element: {"method":"xpath","selector":"//a[text()='SECTOR INDICES']"}
  (Session info: chrome=135.0.7049.115); For documentation on this error, please visit: https://www.selenium.dev/documentation/webdriver/troubleshooting/errors#no-such-element-exception
Stacktrace:
	GetHandleVerifier [0x0085D363+60275]
	GetHandleVerifier [0x0085D3A4+60340]
	(No symbol) [0x006906F3]
	(No symbol) [0x006D8690]
	(No symbol) [0x006D8A2B]
	(No symbol) [0x00720EE2]
	(No symbol) [0x006FD0D4]
	(No symbol) [0x0071E6EB]
	(No symbol) [0x006FCE86]
	(No symbol) [0x006CC623]
	(No symbol) [0x006CD474]
	GetHandleVerifier [0x00AA8FE3+2467827]
	GetHandleVerifier [0x00AA45E6+2448886]
	GetHandleVerifier [0x00ABF80C+2560028]
	GetHandleVerifier [0x00873DF5+153093]
	GetHandleVerifier [0x0087A3BD+179149]
	GetHandleVerifier [0x00864BB8+91080]
	GetHandleVerifier [0x00864D60+91504]
	GetHandleVerifier [0x0084FA10+4640]
	BaseThreadInitThunk [0x75C9FCC9+25]
	RtlGetAppContainerNamedObjectPath [0x777082AE+286]
	RtlGetAppContainerNamedObjectPath [0x7770827E+238]

2025-04-28 23:20:22,490 - WARNING - Could not click on second tab: Message: no such element: Unable to locate element: {"method":"css selector","selector":".tab-links li:nth-child(2) a"}
  (Session info: chrome=135.0.7049.115); For documentation on this error, please visit: https://www.selenium.dev/documentation/webdriver/troubleshooting/errors#no-such-element-exception
Stacktrace:
	GetHandleVerifier [0x0085D363+60275]
	GetHandleVerifier [0x0085D3A4+60340]
	(No symbol) [0x006906F3]
	(No symbol) [0x006D8690]
	(No symbol) [0x006D8A2B]
	(No symbol) [0x00720EE2]
	(No symbol) [0x006FD0D4]
	(No symbol) [0x0071E6EB]
	(No symbol) [0x006FCE86]
	(No symbol) [0x006CC623]
	(No symbol) [0x006CD474]
	GetHandleVerifier [0x00AA8FE3+2467827]
	GetHandleVerifier [0x00AA45E6+2448886]
	GetHandleVerifier [0x00ABF80C+2560028]
	GetHandleVerifier [0x00873DF5+153093]
	GetHandleVerifier [0x0087A3BD+179149]
	GetHandleVerifier [0x00864BB8+91080]
	GetHandleVerifier [0x00864D60+91504]
	GetHandleVerifier [0x0084FA10+4640]
	BaseThreadInitThunk [0x75C9FCC9+25]
	RtlGetAppContainerNamedObjectPath [0x777082AE+286]
	RtlGetAppContainerNamedObjectPath [0x7770827E+238]

2025-04-28 23:20:22,996 - INFO - Saved screenshot of sector tab
2025-04-28 23:20:23,024 - INFO - Found 6 tables on page
2025-04-28 23:20:23,025 - INFO - Checking table 1
2025-04-28 23:20:23,046 - INFO - Checking table 2
2025-04-28 23:20:23,058 - INFO - Found likely sector table (table #2)
2025-04-28 23:20:23,147 - WARNING - Could not find percent change for 
2025-04-28 23:20:23,205 - INFO - Found percent change: 1.63% in '358.45 (1.63%)'
2025-04-28 23:20:23,205 - INFO - Added sector: Auto, Change: 1.63%
2025-04-28 23:20:23,269 - INFO - Found percent change: 1.71% in '582.35 (1.71%)'
2025-04-28 23:20:23,269 - INFO - Added sector: Energy, Change: 1.71%
2025-04-28 23:20:23,333 - INFO - Found percent change: 0.98% in '255.55 (0.98%)'
2025-04-28 23:20:23,333 - INFO - Added sector: Financial Services, Change: 0.98%
2025-04-28 23:20:23,396 - INFO - Found percent change: 0.16% in '87.95 (0.16%)'
2025-04-28 23:20:23,397 - INFO - Added sector: FMCG, Change: 0.16%
2025-04-28 23:20:23,471 - INFO - Found percent change: -0.22% in '-79.30 (-0.22%)'
2025-04-28 23:20:23,472 - INFO - Added sector: IT, Change: -0.22%
2025-04-28 23:20:23,592 - INFO - Found percent change: 0.79% in '12.20 (0.79%)'
2025-04-28 23:20:23,593 - INFO - Added sector: Media, Change: 0.79%
2025-04-28 23:20:23,683 - INFO - Found percent change: 1.4% in '120.15 (1.40%)'
2025-04-28 23:20:23,684 - INFO - Added sector: Metal, Change: 1.4%
2025-04-28 23:20:23,758 - INFO - Found percent change: 1.98% in '425.55 (1.98%)'
2025-04-28 23:20:23,759 - INFO - Added sector: Pharma, Change: 1.98%
2025-04-28 23:20:23,832 - INFO - Found percent change: 2.44% in '159.50 (2.44%)'
2025-04-28 23:20:23,833 - INFO - Added sector: PSU Bank, Change: 2.44%
2025-04-28 23:20:23,914 - INFO - Found percent change: 1.41% in '12.15 (1.41%)'
2025-04-28 23:20:23,915 - INFO - Added sector: Realty, Change: 1.41%
2025-04-28 23:20:27,078 - INFO - Saved sector data to sector.csv
2025-04-28 23:21:27,853 - INFO - Running Nuvama sector data scraper job at 2025-04-28 23:21:27
2025-04-28 23:21:27,854 - INFO - Setting up Chrome driver...
2025-04-28 23:21:27,854 - INFO - ====== WebDriver manager ======
2025-04-28 23:21:29,123 - INFO - Get LATEST chromedriver version for google-chrome
2025-04-28 23:21:29,169 - INFO - Get LATEST chromedriver version for google-chrome
2025-04-28 23:21:29,216 - INFO - Driver [C:\Users\Rajee\.wdm\drivers\chromedriver\win64\135.0.7049.114\chromedriver-win32/chromedriver.exe] found in cache
2025-04-28 23:21:30,990 - INFO - Navigating to https://www.nuvamawealth.com/market/stock-market-index/#key-indices
2025-04-28 23:21:34,770 - INFO - Waiting for page to load...
2025-04-28 23:21:52,699 - INFO - Refreshed page to get latest data
2025-04-28 23:22:02,863 - WARNING - Could not click on SECTOR INDICES tab: Message: no such element: Unable to locate element: {"method":"xpath","selector":"//a[text()='SECTOR INDICES']"}
  (Session info: chrome=135.0.7049.115); For documentation on this error, please visit: https://www.selenium.dev/documentation/webdriver/troubleshooting/errors#no-such-element-exception
Stacktrace:
	GetHandleVerifier [0x0085D363+60275]
	GetHandleVerifier [0x0085D3A4+60340]
	(No symbol) [0x006906F3]
	(No symbol) [0x006D8690]
	(No symbol) [0x006D8A2B]
	(No symbol) [0x00720EE2]
	(No symbol) [0x006FD0D4]
	(No symbol) [0x0071E6EB]
	(No symbol) [0x006FCE86]
	(No symbol) [0x006CC623]
	(No symbol) [0x006CD474]
	GetHandleVerifier [0x00AA8FE3+2467827]
	GetHandleVerifier [0x00AA45E6+2448886]
	GetHandleVerifier [0x00ABF80C+2560028]
	GetHandleVerifier [0x00873DF5+153093]
	GetHandleVerifier [0x0087A3BD+179149]
	GetHandleVerifier [0x00864BB8+91080]
	GetHandleVerifier [0x00864D60+91504]
	GetHandleVerifier [0x0084FA10+4640]
	BaseThreadInitThunk [0x75C9FCC9+25]
	RtlGetAppContainerNamedObjectPath [0x777082AE+286]
	RtlGetAppContainerNamedObjectPath [0x7770827E+238]

2025-04-28 23:22:02,922 - WARNING - Could not click on second tab: Message: no such element: Unable to locate element: {"method":"css selector","selector":".tab-links li:nth-child(2) a"}
  (Session info: chrome=135.0.7049.115); For documentation on this error, please visit: https://www.selenium.dev/documentation/webdriver/troubleshooting/errors#no-such-element-exception
Stacktrace:
	GetHandleVerifier [0x0085D363+60275]
	GetHandleVerifier [0x0085D3A4+60340]
	(No symbol) [0x006906F3]
	(No symbol) [0x006D8690]
	(No symbol) [0x006D8A2B]
	(No symbol) [0x00720EE2]
	(No symbol) [0x006FD0D4]
	(No symbol) [0x0071E6EB]
	(No symbol) [0x006FCE86]
	(No symbol) [0x006CC623]
	(No symbol) [0x006CD474]
	GetHandleVerifier [0x00AA8FE3+2467827]
	GetHandleVerifier [0x00AA45E6+2448886]
	GetHandleVerifier [0x00ABF80C+2560028]
	GetHandleVerifier [0x00873DF5+153093]
	GetHandleVerifier [0x0087A3BD+179149]
	GetHandleVerifier [0x00864BB8+91080]
	GetHandleVerifier [0x00864D60+91504]
	GetHandleVerifier [0x0084FA10+4640]
	BaseThreadInitThunk [0x75C9FCC9+25]
	RtlGetAppContainerNamedObjectPath [0x777082AE+286]
	RtlGetAppContainerNamedObjectPath [0x7770827E+238]

2025-04-28 23:22:03,142 - INFO - Saved screenshot of sector tab
2025-04-28 23:22:03,161 - INFO - Found 6 tables on page
2025-04-28 23:22:03,162 - INFO - Checking table 1
2025-04-28 23:22:03,176 - INFO - Checking table 2
2025-04-28 23:22:03,187 - INFO - Found likely sector table (table #2)
2025-04-28 23:22:03,287 - WARNING - Could not find percent change for 
2025-04-28 23:22:03,350 - INFO - Found percent change: 1.63% in '358.45 (1.63%)'
2025-04-28 23:22:03,350 - INFO - Added sector: Auto, Change: 1.63%
2025-04-28 23:22:03,424 - INFO - Found percent change: 1.71% in '582.35 (1.71%)'
2025-04-28 23:22:03,424 - INFO - Added sector: Energy, Change: 1.71%
2025-04-28 23:22:03,499 - INFO - Found percent change: 0.98% in '255.55 (0.98%)'
2025-04-28 23:22:03,500 - INFO - Added sector: Financial Services, Change: 0.98%
2025-04-28 23:22:03,569 - INFO - Found percent change: 0.16% in '87.95 (0.16%)'
2025-04-28 23:22:03,570 - INFO - Added sector: FMCG, Change: 0.16%
2025-04-28 23:22:03,650 - INFO - Found percent change: -0.22% in '-79.30 (-0.22%)'
2025-04-28 23:22:03,651 - INFO - Added sector: IT, Change: -0.22%
2025-04-28 23:22:03,731 - INFO - Found percent change: 0.79% in '12.20 (0.79%)'
2025-04-28 23:22:03,732 - INFO - Added sector: Media, Change: 0.79%
2025-04-28 23:22:03,831 - INFO - Found percent change: 1.4% in '120.15 (1.40%)'
2025-04-28 23:22:03,831 - INFO - Added sector: Metal, Change: 1.4%
2025-04-28 23:22:03,932 - INFO - Found percent change: 1.98% in '425.55 (1.98%)'
2025-04-28 23:22:03,932 - INFO - Added sector: Pharma, Change: 1.98%
2025-04-28 23:22:04,013 - INFO - Found percent change: 2.44% in '159.50 (2.44%)'
2025-04-28 23:22:04,013 - INFO - Added sector: PSU Bank, Change: 2.44%
2025-04-28 23:22:04,101 - INFO - Found percent change: 1.41% in '12.15 (1.41%)'
2025-04-28 23:22:04,102 - INFO - Added sector: Realty, Change: 1.41%
2025-04-28 23:22:06,670 - INFO - Saved sector data to sector.csv
2025-04-28 23:23:07,286 - INFO - Running Nuvama sector data scraper job at 2025-04-28 23:23:07
2025-04-28 23:23:07,324 - INFO - Setting up Chrome driver...
2025-04-28 23:23:07,351 - INFO - ====== WebDriver manager ======
2025-04-28 23:23:09,201 - INFO - Get LATEST chromedriver version for google-chrome
2025-04-28 23:23:09,255 - INFO - Get LATEST chromedriver version for google-chrome
2025-04-28 23:23:09,301 - INFO - Driver [C:\Users\Rajee\.wdm\drivers\chromedriver\win64\135.0.7049.114\chromedriver-win32/chromedriver.exe] found in cache
2025-04-28 23:23:10,949 - INFO - Navigating to https://www.nuvamawealth.com/market/stock-market-index/#key-indices
2025-04-28 23:23:15,664 - INFO - Waiting for page to load...
2025-04-28 23:23:33,138 - INFO - Refreshed page to get latest data
2025-04-28 23:23:43,188 - WARNING - Could not click on SECTOR INDICES tab: Message: no such element: Unable to locate element: {"method":"xpath","selector":"//a[text()='SECTOR INDICES']"}
  (Session info: chrome=135.0.7049.115); For documentation on this error, please visit: https://www.selenium.dev/documentation/webdriver/troubleshooting/errors#no-such-element-exception
Stacktrace:
	GetHandleVerifier [0x0085D363+60275]
	GetHandleVerifier [0x0085D3A4+60340]
	(No symbol) [0x006906F3]
	(No symbol) [0x006D8690]
	(No symbol) [0x006D8A2B]
	(No symbol) [0x00720EE2]
	(No symbol) [0x006FD0D4]
	(No symbol) [0x0071E6EB]
	(No symbol) [0x006FCE86]
	(No symbol) [0x006CC623]
	(No symbol) [0x006CD474]
	GetHandleVerifier [0x00AA8FE3+2467827]
	GetHandleVerifier [0x00AA45E6+2448886]
	GetHandleVerifier [0x00ABF80C+2560028]
	GetHandleVerifier [0x00873DF5+153093]
	GetHandleVerifier [0x0087A3BD+179149]
	GetHandleVerifier [0x00864BB8+91080]
	GetHandleVerifier [0x00864D60+91504]
	GetHandleVerifier [0x0084FA10+4640]
	BaseThreadInitThunk [0x75C9FCC9+25]
	RtlGetAppContainerNamedObjectPath [0x777082AE+286]
	RtlGetAppContainerNamedObjectPath [0x7770827E+238]

2025-04-28 23:23:43,209 - WARNING - Could not click on second tab: Message: no such element: Unable to locate element: {"method":"css selector","selector":".tab-links li:nth-child(2) a"}
  (Session info: chrome=135.0.7049.115); For documentation on this error, please visit: https://www.selenium.dev/documentation/webdriver/troubleshooting/errors#no-such-element-exception
Stacktrace:
	GetHandleVerifier [0x0085D363+60275]
	GetHandleVerifier [0x0085D3A4+60340]
	(No symbol) [0x006906F3]
	(No symbol) [0x006D8690]
	(No symbol) [0x006D8A2B]
	(No symbol) [0x00720EE2]
	(No symbol) [0x006FD0D4]
	(No symbol) [0x0071E6EB]
	(No symbol) [0x006FCE86]
	(No symbol) [0x006CC623]
	(No symbol) [0x006CD474]
	GetHandleVerifier [0x00AA8FE3+2467827]
	GetHandleVerifier [0x00AA45E6+2448886]
	GetHandleVerifier [0x00ABF80C+2560028]
	GetHandleVerifier [0x00873DF5+153093]
	GetHandleVerifier [0x0087A3BD+179149]
	GetHandleVerifier [0x00864BB8+91080]
	GetHandleVerifier [0x00864D60+91504]
	GetHandleVerifier [0x0084FA10+4640]
	BaseThreadInitThunk [0x75C9FCC9+25]
	RtlGetAppContainerNamedObjectPath [0x777082AE+286]
	RtlGetAppContainerNamedObjectPath [0x7770827E+238]

2025-04-28 23:23:43,810 - INFO - Saved screenshot of sector tab
2025-04-28 23:23:43,840 - INFO - Found 6 tables on page
2025-04-28 23:23:43,840 - INFO - Checking table 1
2025-04-28 23:23:43,860 - INFO - Checking table 2
2025-04-28 23:23:43,875 - INFO - Found likely sector table (table #2)
2025-04-28 23:23:44,016 - WARNING - Could not find percent change for 
2025-04-28 23:23:44,090 - INFO - Found percent change: 1.63% in '358.45 (1.63%)'
2025-04-28 23:23:44,090 - INFO - Added sector: Auto, Change: 1.63%
2025-04-28 23:23:44,167 - INFO - Found percent change: 1.71% in '582.35 (1.71%)'
2025-04-28 23:23:44,170 - INFO - Added sector: Energy, Change: 1.71%
2025-04-28 23:23:44,260 - INFO - Found percent change: 0.98% in '255.55 (0.98%)'
2025-04-28 23:23:44,261 - INFO - Added sector: Financial Services, Change: 0.98%
2025-04-28 23:23:44,332 - INFO - Found percent change: 0.16% in '87.95 (0.16%)'
2025-04-28 23:23:44,333 - INFO - Added sector: FMCG, Change: 0.16%
2025-04-28 23:23:44,398 - INFO - Found percent change: -0.22% in '-79.30 (-0.22%)'
2025-04-28 23:23:44,400 - INFO - Added sector: IT, Change: -0.22%
2025-04-28 23:23:44,468 - INFO - Found percent change: 0.79% in '12.20 (0.79%)'
2025-04-28 23:23:44,472 - INFO - Added sector: Media, Change: 0.79%
2025-04-28 23:23:44,547 - INFO - Found percent change: 1.4% in '120.15 (1.40%)'
2025-04-28 23:23:44,549 - INFO - Added sector: Metal, Change: 1.4%
2025-04-28 23:23:44,622 - INFO - Found percent change: 1.98% in '425.55 (1.98%)'
2025-04-28 23:23:44,622 - INFO - Added sector: Pharma, Change: 1.98%
2025-04-28 23:23:44,688 - INFO - Found percent change: 2.44% in '159.50 (2.44%)'
2025-04-28 23:23:44,689 - INFO - Added sector: PSU Bank, Change: 2.44%
2025-04-28 23:23:44,804 - INFO - Found percent change: 1.41% in '12.15 (1.41%)'
2025-04-28 23:23:44,811 - INFO - Added sector: Realty, Change: 1.41%
2025-04-28 23:23:47,793 - INFO - Saved sector data to sector.csv
2025-04-28 23:24:48,386 - INFO - Running Nuvama sector data scraper job at 2025-04-28 23:24:48
2025-04-28 23:24:48,386 - INFO - Setting up Chrome driver...
2025-04-28 23:24:48,387 - INFO - ====== WebDriver manager ======
2025-04-28 23:24:50,357 - INFO - Get LATEST chromedriver version for google-chrome
2025-04-28 23:24:50,411 - INFO - Get LATEST chromedriver version for google-chrome
2025-04-28 23:24:50,464 - INFO - Driver [C:\Users\Rajee\.wdm\drivers\chromedriver\win64\135.0.7049.114\chromedriver-win32/chromedriver.exe] found in cache
2025-04-28 23:24:52,174 - INFO - Navigating to https://www.nuvamawealth.com/market/stock-market-index/#key-indices
2025-04-28 23:24:56,802 - INFO - Waiting for page to load...
2025-04-28 23:25:13,936 - INFO - Refreshed page to get latest data
2025-04-28 23:25:24,362 - WARNING - Could not click on SECTOR INDICES tab: Message: no such element: Unable to locate element: {"method":"xpath","selector":"//a[text()='SECTOR INDICES']"}
  (Session info: chrome=135.0.7049.115); For documentation on this error, please visit: https://www.selenium.dev/documentation/webdriver/troubleshooting/errors#no-such-element-exception
Stacktrace:
	GetHandleVerifier [0x0085D363+60275]
	GetHandleVerifier [0x0085D3A4+60340]
	(No symbol) [0x006906F3]
	(No symbol) [0x006D8690]
	(No symbol) [0x006D8A2B]
	(No symbol) [0x00720EE2]
	(No symbol) [0x006FD0D4]
	(No symbol) [0x0071E6EB]
	(No symbol) [0x006FCE86]
	(No symbol) [0x006CC623]
	(No symbol) [0x006CD474]
	GetHandleVerifier [0x00AA8FE3+2467827]
	GetHandleVerifier [0x00AA45E6+2448886]
	GetHandleVerifier [0x00ABF80C+2560028]
	GetHandleVerifier [0x00873DF5+153093]
	GetHandleVerifier [0x0087A3BD+179149]
	GetHandleVerifier [0x00864BB8+91080]
	GetHandleVerifier [0x00864D60+91504]
	GetHandleVerifier [0x0084FA10+4640]
	BaseThreadInitThunk [0x75C9FCC9+25]
	RtlGetAppContainerNamedObjectPath [0x777082AE+286]
	RtlGetAppContainerNamedObjectPath [0x7770827E+238]

2025-04-28 23:25:24,416 - WARNING - Could not click on second tab: Message: no such element: Unable to locate element: {"method":"css selector","selector":".tab-links li:nth-child(2) a"}
  (Session info: chrome=135.0.7049.115); For documentation on this error, please visit: https://www.selenium.dev/documentation/webdriver/troubleshooting/errors#no-such-element-exception
Stacktrace:
	GetHandleVerifier [0x0085D363+60275]
	GetHandleVerifier [0x0085D3A4+60340]
	(No symbol) [0x006906F3]
	(No symbol) [0x006D8690]
	(No symbol) [0x006D8A2B]
	(No symbol) [0x00720EE2]
	(No symbol) [0x006FD0D4]
	(No symbol) [0x0071E6EB]
	(No symbol) [0x006FCE86]
	(No symbol) [0x006CC623]
	(No symbol) [0x006CD474]
	GetHandleVerifier [0x00AA8FE3+2467827]
	GetHandleVerifier [0x00AA45E6+2448886]
	GetHandleVerifier [0x00ABF80C+2560028]
	GetHandleVerifier [0x00873DF5+153093]
	GetHandleVerifier [0x0087A3BD+179149]
	GetHandleVerifier [0x00864BB8+91080]
	GetHandleVerifier [0x00864D60+91504]
	GetHandleVerifier [0x0084FA10+4640]
	BaseThreadInitThunk [0x75C9FCC9+25]
	RtlGetAppContainerNamedObjectPath [0x777082AE+286]
	RtlGetAppContainerNamedObjectPath [0x7770827E+238]

2025-04-28 23:25:24,984 - INFO - Saved screenshot of sector tab
2025-04-28 23:25:25,009 - INFO - Found 6 tables on page
2025-04-28 23:25:25,009 - INFO - Checking table 1
2025-04-28 23:25:25,024 - INFO - Checking table 2
2025-04-28 23:25:25,045 - INFO - Found likely sector table (table #2)
2025-04-28 23:25:25,157 - WARNING - Could not find percent change for 
2025-04-28 23:25:25,245 - INFO - Found percent change: 1.63% in '358.45 (1.63%)'
2025-04-28 23:25:25,271 - INFO - Added sector: Auto, Change: 1.63%
2025-04-28 23:25:25,368 - INFO - Found percent change: 1.71% in '582.35 (1.71%)'
2025-04-28 23:25:25,368 - INFO - Added sector: Energy, Change: 1.71%
2025-04-28 23:25:25,442 - INFO - Found percent change: 0.98% in '255.55 (0.98%)'
2025-04-28 23:25:25,444 - INFO - Added sector: Financial Services, Change: 0.98%
2025-04-28 23:25:25,574 - INFO - Found percent change: 0.16% in '87.95 (0.16%)'
2025-04-28 23:25:25,575 - INFO - Added sector: FMCG, Change: 0.16%
2025-04-28 23:25:26,600 - INFO - Found percent change: -0.22% in '-79.30 (-0.22%)'
2025-04-28 23:25:26,675 - INFO - Added sector: IT, Change: -0.22%
2025-04-28 23:25:26,786 - INFO - Found percent change: 0.79% in '12.20 (0.79%)'
2025-04-28 23:25:26,787 - INFO - Added sector: Media, Change: 0.79%
2025-04-28 23:25:26,865 - INFO - Found percent change: 1.4% in '120.15 (1.40%)'
2025-04-28 23:25:26,866 - INFO - Added sector: Metal, Change: 1.4%
2025-04-28 23:25:26,927 - INFO - Found percent change: 1.98% in '425.55 (1.98%)'
2025-04-28 23:25:26,930 - INFO - Added sector: Pharma, Change: 1.98%
2025-04-28 23:25:27,069 - INFO - Found percent change: 2.44% in '159.50 (2.44%)'
2025-04-28 23:25:27,070 - INFO - Added sector: PSU Bank, Change: 2.44%
2025-04-28 23:25:27,179 - INFO - Found percent change: 1.41% in '12.15 (1.41%)'
2025-04-28 23:25:27,181 - INFO - Added sector: Realty, Change: 1.41%
2025-04-28 23:25:30,452 - INFO - Saved sector data to sector.csv
2025-04-28 23:26:31,156 - INFO - Running Nuvama sector data scraper job at 2025-04-28 23:26:31
2025-04-28 23:26:31,156 - INFO - Setting up Chrome driver...
2025-04-28 23:26:31,157 - INFO - ====== WebDriver manager ======
2025-04-28 23:26:32,817 - INFO - Get LATEST chromedriver version for google-chrome
2025-04-28 23:26:32,862 - INFO - Get LATEST chromedriver version for google-chrome
2025-04-28 23:26:32,900 - INFO - Driver [C:\Users\Rajee\.wdm\drivers\chromedriver\win64\135.0.7049.114\chromedriver-win32/chromedriver.exe] found in cache
2025-04-28 23:26:34,350 - INFO - Navigating to https://www.nuvamawealth.com/market/stock-market-index/#key-indices
2025-04-28 23:26:38,886 - INFO - Waiting for page to load...
2025-04-28 23:27:01,958 - INFO - Refreshed page to get latest data
2025-04-28 23:27:12,005 - WARNING - Could not click on SECTOR INDICES tab: Message: no such element: Unable to locate element: {"method":"xpath","selector":"//a[text()='SECTOR INDICES']"}
  (Session info: chrome=135.0.7049.115); For documentation on this error, please visit: https://www.selenium.dev/documentation/webdriver/troubleshooting/errors#no-such-element-exception
Stacktrace:
	GetHandleVerifier [0x0085D363+60275]
	GetHandleVerifier [0x0085D3A4+60340]
	(No symbol) [0x006906F3]
	(No symbol) [0x006D8690]
	(No symbol) [0x006D8A2B]
	(No symbol) [0x00720EE2]
	(No symbol) [0x006FD0D4]
	(No symbol) [0x0071E6EB]
	(No symbol) [0x006FCE86]
	(No symbol) [0x006CC623]
	(No symbol) [0x006CD474]
	GetHandleVerifier [0x00AA8FE3+2467827]
	GetHandleVerifier [0x00AA45E6+2448886]
	GetHandleVerifier [0x00ABF80C+2560028]
	GetHandleVerifier [0x00873DF5+153093]
	GetHandleVerifier [0x0087A3BD+179149]
	GetHandleVerifier [0x00864BB8+91080]
	GetHandleVerifier [0x00864D60+91504]
	GetHandleVerifier [0x0084FA10+4640]
	BaseThreadInitThunk [0x75C9FCC9+25]
	RtlGetAppContainerNamedObjectPath [0x777082AE+286]
	RtlGetAppContainerNamedObjectPath [0x7770827E+238]

2025-04-28 23:27:12,036 - WARNING - Could not click on second tab: Message: no such element: Unable to locate element: {"method":"css selector","selector":".tab-links li:nth-child(2) a"}
  (Session info: chrome=135.0.7049.115); For documentation on this error, please visit: https://www.selenium.dev/documentation/webdriver/troubleshooting/errors#no-such-element-exception
Stacktrace:
	GetHandleVerifier [0x0085D363+60275]
	GetHandleVerifier [0x0085D3A4+60340]
	(No symbol) [0x006906F3]
	(No symbol) [0x006D8690]
	(No symbol) [0x006D8A2B]
	(No symbol) [0x00720EE2]
	(No symbol) [0x006FD0D4]
	(No symbol) [0x0071E6EB]
	(No symbol) [0x006FCE86]
	(No symbol) [0x006CC623]
	(No symbol) [0x006CD474]
	GetHandleVerifier [0x00AA8FE3+2467827]
	GetHandleVerifier [0x00AA45E6+2448886]
	GetHandleVerifier [0x00ABF80C+2560028]
	GetHandleVerifier [0x00873DF5+153093]
	GetHandleVerifier [0x0087A3BD+179149]
	GetHandleVerifier [0x00864BB8+91080]
	GetHandleVerifier [0x00864D60+91504]
	GetHandleVerifier [0x0084FA10+4640]
	BaseThreadInitThunk [0x75C9FCC9+25]
	RtlGetAppContainerNamedObjectPath [0x777082AE+286]
	RtlGetAppContainerNamedObjectPath [0x7770827E+238]

2025-04-28 23:27:12,587 - INFO - Saved screenshot of sector tab
2025-04-28 23:27:12,608 - INFO - Found 6 tables on page
2025-04-28 23:27:12,608 - INFO - Checking table 1
2025-04-28 23:27:12,636 - INFO - Checking table 2
2025-04-28 23:27:12,878 - INFO - Found likely sector table (table #2)
2025-04-28 23:27:13,001 - WARNING - Could not find percent change for 
2025-04-28 23:27:13,062 - INFO - Found percent change: 1.63% in '358.45 (1.63%)'
2025-04-28 23:27:13,062 - INFO - Added sector: Auto, Change: 1.63%
2025-04-28 23:27:13,125 - INFO - Found percent change: 1.71% in '582.35 (1.71%)'
2025-04-28 23:27:13,125 - INFO - Added sector: Energy, Change: 1.71%
2025-04-28 23:27:13,189 - INFO - Found percent change: 0.98% in '255.55 (0.98%)'
2025-04-28 23:27:13,190 - INFO - Added sector: Financial Services, Change: 0.98%
2025-04-28 23:27:13,253 - INFO - Found percent change: 0.16% in '87.95 (0.16%)'
2025-04-28 23:27:13,253 - INFO - Added sector: FMCG, Change: 0.16%
2025-04-28 23:27:13,299 - INFO - Found percent change: -0.22% in '-79.30 (-0.22%)'
2025-04-28 23:27:13,299 - INFO - Added sector: IT, Change: -0.22%
2025-04-28 23:27:13,348 - INFO - Found percent change: 0.79% in '12.20 (0.79%)'
2025-04-28 23:27:13,348 - INFO - Added sector: Media, Change: 0.79%
2025-04-28 23:27:13,393 - INFO - Found percent change: 1.4% in '120.15 (1.40%)'
2025-04-28 23:27:13,393 - INFO - Added sector: Metal, Change: 1.4%
2025-04-28 23:27:13,440 - INFO - Found percent change: 1.98% in '425.55 (1.98%)'
2025-04-28 23:27:13,440 - INFO - Added sector: Pharma, Change: 1.98%
2025-04-28 23:27:13,490 - INFO - Found percent change: 2.44% in '159.50 (2.44%)'
2025-04-28 23:27:13,491 - INFO - Added sector: PSU Bank, Change: 2.44%
2025-04-28 23:27:13,544 - INFO - Found percent change: 1.41% in '12.15 (1.41%)'
2025-04-28 23:27:13,546 - INFO - Added sector: Realty, Change: 1.41%
2025-04-28 23:27:17,929 - INFO - Saved sector data to sector.csv
2025-04-28 23:27:25,341 - INFO - Scraper stopped by user
2025-04-29 04:48:18,595 - INFO - Starting Nuvama sector data scraper with 30-minute refresh
2025-04-29 04:48:18,616 - INFO - Running Nuvama sector data scraper job at 2025-04-29 04:48:18
2025-04-29 04:48:18,662 - INFO - Setting up Chrome driver...
2025-04-29 04:48:18,669 - INFO - ====== WebDriver manager ======
2025-04-29 04:48:34,240 - INFO - Get LATEST chromedriver version for google-chrome
2025-04-29 04:48:34,401 - INFO - Get LATEST chromedriver version for google-chrome
2025-04-29 04:48:34,453 - INFO - Get LATEST chromedriver version for google-chrome
2025-04-29 04:48:34,648 - INFO - WebDriver version 135.0.7049.114 selected
2025-04-29 04:48:34,703 - INFO - Modern chrome version https://storage.googleapis.com/chrome-for-testing-public/135.0.7049.114/win32/chromedriver-win32.zip
2025-04-29 04:48:34,717 - INFO - About to download new driver from https://storage.googleapis.com/chrome-for-testing-public/135.0.7049.114/win32/chromedriver-win32.zip
2025-04-29 04:48:34,861 - INFO - Driver downloading response is 200
2025-04-29 04:48:35,210 - INFO - Get LATEST chromedriver version for google-chrome
2025-04-29 04:48:35,553 - INFO - Driver has been saved in cache [C:\Users\Rajee\.wdm\drivers\chromedriver\win64\135.0.7049.114]
2025-04-29 04:48:42,086 - INFO - Navigating to https://www.nuvamawealth.com/market/stock-market-index/#key-indices
2025-04-29 04:48:51,014 - INFO - Waiting for page to load...
2025-04-29 04:49:16,361 - INFO - Refreshed page to get latest data
2025-04-29 04:49:26,392 - WARNING - Could not click on SECTOR INDICES tab: Message: no such element: Unable to locate element: {"method":"xpath","selector":"//a[text()='SECTOR INDICES']"}
  (Session info: chrome=135.0.7049.115); For documentation on this error, please visit: https://www.selenium.dev/documentation/webdriver/troubleshooting/errors#no-such-element-exception
Stacktrace:
	GetHandleVerifier [0x00CFD363+60275]
	GetHandleVerifier [0x00CFD3A4+60340]
	(No symbol) [0x00B306F3]
	(No symbol) [0x00B78690]
	(No symbol) [0x00B78A2B]
	(No symbol) [0x00BC0EE2]
	(No symbol) [0x00B9D0D4]
	(No symbol) [0x00BBE6EB]
	(No symbol) [0x00B9CE86]
	(No symbol) [0x00B6C623]
	(No symbol) [0x00B6D474]
	GetHandleVerifier [0x00F48FE3+2467827]
	GetHandleVerifier [0x00F445E6+2448886]
	GetHandleVerifier [0x00F5F80C+2560028]
	GetHandleVerifier [0x00D13DF5+153093]
	GetHandleVerifier [0x00D1A3BD+179149]
	GetHandleVerifier [0x00D04BB8+91080]
	GetHandleVerifier [0x00D04D60+91504]
	GetHandleVerifier [0x00CEFA10+4640]
	BaseThreadInitThunk [0x75C9FCC9+25]
	RtlGetAppContainerNamedObjectPath [0x777082AE+286]
	RtlGetAppContainerNamedObjectPath [0x7770827E+238]

2025-04-29 04:49:26,412 - WARNING - Could not click on second tab: Message: no such element: Unable to locate element: {"method":"css selector","selector":".tab-links li:nth-child(2) a"}
  (Session info: chrome=135.0.7049.115); For documentation on this error, please visit: https://www.selenium.dev/documentation/webdriver/troubleshooting/errors#no-such-element-exception
Stacktrace:
	GetHandleVerifier [0x00CFD363+60275]
	GetHandleVerifier [0x00CFD3A4+60340]
	(No symbol) [0x00B306F3]
	(No symbol) [0x00B78690]
	(No symbol) [0x00B78A2B]
	(No symbol) [0x00BC0EE2]
	(No symbol) [0x00B9D0D4]
	(No symbol) [0x00BBE6EB]
	(No symbol) [0x00B9CE86]
	(No symbol) [0x00B6C623]
	(No symbol) [0x00B6D474]
	GetHandleVerifier [0x00F48FE3+2467827]
	GetHandleVerifier [0x00F445E6+2448886]
	GetHandleVerifier [0x00F5F80C+2560028]
	GetHandleVerifier [0x00D13DF5+153093]
	GetHandleVerifier [0x00D1A3BD+179149]
	GetHandleVerifier [0x00D04BB8+91080]
	GetHandleVerifier [0x00D04D60+91504]
	GetHandleVerifier [0x00CEFA10+4640]
	BaseThreadInitThunk [0x75C9FCC9+25]
	RtlGetAppContainerNamedObjectPath [0x777082AE+286]
	RtlGetAppContainerNamedObjectPath [0x7770827E+238]

2025-04-29 04:49:26,607 - INFO - Saved screenshot of sector tab
2025-04-29 04:49:26,621 - INFO - Found 6 tables on page
2025-04-29 04:49:26,622 - INFO - Checking table 1
2025-04-29 04:49:26,637 - INFO - Checking table 2
2025-04-29 04:49:26,655 - INFO - Found likely sector table (table #2)
2025-04-29 04:49:26,753 - WARNING - Could not find percent change for 
2025-04-29 04:49:26,809 - INFO - Found percent change: 1.63% in '358.45 (1.63%)'
2025-04-29 04:49:26,809 - INFO - Added sector: Auto, Change: 1.63%
2025-04-29 04:49:26,872 - INFO - Found percent change: 1.71% in '582.35 (1.71%)'
2025-04-29 04:49:26,873 - INFO - Added sector: Energy, Change: 1.71%
2025-04-29 04:49:26,933 - INFO - Found percent change: 0.98% in '255.55 (0.98%)'
2025-04-29 04:49:26,933 - INFO - Added sector: Financial Services, Change: 0.98%
2025-04-29 04:49:26,997 - INFO - Found percent change: 0.16% in '87.95 (0.16%)'
2025-04-29 04:49:26,997 - INFO - Added sector: FMCG, Change: 0.16%
2025-04-29 04:49:27,055 - INFO - Found percent change: -0.22% in '-79.30 (-0.22%)'
2025-04-29 04:49:27,055 - INFO - Added sector: IT, Change: -0.22%
2025-04-29 04:49:27,122 - INFO - Found percent change: 0.79% in '12.20 (0.79%)'
2025-04-29 04:49:27,122 - INFO - Added sector: Media, Change: 0.79%
2025-04-29 04:49:27,182 - INFO - Found percent change: 1.4% in '120.15 (1.40%)'
2025-04-29 04:49:27,183 - INFO - Added sector: Metal, Change: 1.4%
2025-04-29 04:49:27,263 - INFO - Found percent change: 1.98% in '425.55 (1.98%)'
2025-04-29 04:49:27,264 - INFO - Added sector: Pharma, Change: 1.98%
2025-04-29 04:49:27,330 - INFO - Found percent change: 2.44% in '159.50 (2.44%)'
2025-04-29 04:49:27,331 - INFO - Added sector: PSU Bank, Change: 2.44%
2025-04-29 04:49:27,395 - INFO - Found percent change: 1.41% in '12.15 (1.41%)'
2025-04-29 04:49:27,395 - INFO - Added sector: Realty, Change: 1.41%
2025-04-29 04:49:30,270 - INFO - Saved sector data to sector.csv
2025-04-29 04:50:30,898 - INFO - Running Nuvama sector data scraper job at 2025-04-29 04:50:30
2025-04-29 04:50:30,917 - INFO - Setting up Chrome driver...
2025-04-29 04:50:30,951 - INFO - ====== WebDriver manager ======
2025-04-29 04:50:33,658 - INFO - Get LATEST chromedriver version for google-chrome
2025-04-29 04:50:33,732 - INFO - Get LATEST chromedriver version for google-chrome
2025-04-29 04:50:33,786 - INFO - Driver [C:\Users\Rajee\.wdm\drivers\chromedriver\win64\135.0.7049.114\chromedriver-win32/chromedriver.exe] found in cache
2025-04-29 04:50:37,276 - INFO - Navigating to https://www.nuvamawealth.com/market/stock-market-index/#key-indices
2025-04-29 04:50:41,927 - INFO - Waiting for page to load...
2025-04-29 04:50:59,840 - INFO - Refreshed page to get latest data
2025-04-29 04:51:09,869 - WARNING - Could not click on SECTOR INDICES tab: Message: no such element: Unable to locate element: {"method":"xpath","selector":"//a[text()='SECTOR INDICES']"}
  (Session info: chrome=135.0.7049.115); For documentation on this error, please visit: https://www.selenium.dev/documentation/webdriver/troubleshooting/errors#no-such-element-exception
Stacktrace:
	GetHandleVerifier [0x00CFD363+60275]
	GetHandleVerifier [0x00CFD3A4+60340]
	(No symbol) [0x00B306F3]
	(No symbol) [0x00B78690]
	(No symbol) [0x00B78A2B]
	(No symbol) [0x00BC0EE2]
	(No symbol) [0x00B9D0D4]
	(No symbol) [0x00BBE6EB]
	(No symbol) [0x00B9CE86]
	(No symbol) [0x00B6C623]
	(No symbol) [0x00B6D474]
	GetHandleVerifier [0x00F48FE3+2467827]
	GetHandleVerifier [0x00F445E6+2448886]
	GetHandleVerifier [0x00F5F80C+2560028]
	GetHandleVerifier [0x00D13DF5+153093]
	GetHandleVerifier [0x00D1A3BD+179149]
	GetHandleVerifier [0x00D04BB8+91080]
	GetHandleVerifier [0x00D04D60+91504]
	GetHandleVerifier [0x00CEFA10+4640]
	BaseThreadInitThunk [0x75C9FCC9+25]
	RtlGetAppContainerNamedObjectPath [0x777082AE+286]
	RtlGetAppContainerNamedObjectPath [0x7770827E+238]

2025-04-29 04:51:09,887 - WARNING - Could not click on second tab: Message: no such element: Unable to locate element: {"method":"css selector","selector":".tab-links li:nth-child(2) a"}
  (Session info: chrome=135.0.7049.115); For documentation on this error, please visit: https://www.selenium.dev/documentation/webdriver/troubleshooting/errors#no-such-element-exception
Stacktrace:
	GetHandleVerifier [0x00CFD363+60275]
	GetHandleVerifier [0x00CFD3A4+60340]
	(No symbol) [0x00B306F3]
	(No symbol) [0x00B78690]
	(No symbol) [0x00B78A2B]
	(No symbol) [0x00BC0EE2]
	(No symbol) [0x00B9D0D4]
	(No symbol) [0x00BBE6EB]
	(No symbol) [0x00B9CE86]
	(No symbol) [0x00B6C623]
	(No symbol) [0x00B6D474]
	GetHandleVerifier [0x00F48FE3+2467827]
	GetHandleVerifier [0x00F445E6+2448886]
	GetHandleVerifier [0x00F5F80C+2560028]
	GetHandleVerifier [0x00D13DF5+153093]
	GetHandleVerifier [0x00D1A3BD+179149]
	GetHandleVerifier [0x00D04BB8+91080]
	GetHandleVerifier [0x00D04D60+91504]
	GetHandleVerifier [0x00CEFA10+4640]
	BaseThreadInitThunk [0x75C9FCC9+25]
	RtlGetAppContainerNamedObjectPath [0x777082AE+286]
	RtlGetAppContainerNamedObjectPath [0x7770827E+238]

2025-04-29 04:51:10,094 - INFO - Saved screenshot of sector tab
2025-04-29 04:51:10,114 - INFO - Found 6 tables on page
2025-04-29 04:51:10,115 - INFO - Checking table 1
2025-04-29 04:51:10,128 - INFO - Checking table 2
2025-04-29 04:51:10,140 - INFO - Found likely sector table (table #2)
2025-04-29 04:51:10,233 - WARNING - Could not find percent change for 
2025-04-29 04:51:10,298 - INFO - Found percent change: 1.63% in '358.45 (1.63%)'
2025-04-29 04:51:10,299 - INFO - Added sector: Auto, Change: 1.63%
2025-04-29 04:51:10,370 - INFO - Found percent change: 1.71% in '582.35 (1.71%)'
2025-04-29 04:51:10,371 - INFO - Added sector: Energy, Change: 1.71%
2025-04-29 04:51:10,432 - INFO - Found percent change: 0.98% in '255.55 (0.98%)'
2025-04-29 04:51:10,432 - INFO - Added sector: Financial Services, Change: 0.98%
2025-04-29 04:51:10,489 - INFO - Found percent change: 0.16% in '87.95 (0.16%)'
2025-04-29 04:51:10,490 - INFO - Added sector: FMCG, Change: 0.16%
2025-04-29 04:51:10,568 - INFO - Found percent change: -0.22% in '-79.30 (-0.22%)'
2025-04-29 04:51:10,569 - INFO - Added sector: IT, Change: -0.22%
2025-04-29 04:51:10,650 - INFO - Found percent change: 0.79% in '12.20 (0.79%)'
2025-04-29 04:51:10,650 - INFO - Added sector: Media, Change: 0.79%
2025-04-29 04:51:10,715 - INFO - Found percent change: 1.4% in '120.15 (1.40%)'
2025-04-29 04:51:10,715 - INFO - Added sector: Metal, Change: 1.4%
2025-04-29 04:51:10,777 - INFO - Found percent change: 1.98% in '425.55 (1.98%)'
2025-04-29 04:51:10,778 - INFO - Added sector: Pharma, Change: 1.98%
2025-04-29 04:51:10,849 - INFO - Found percent change: 2.44% in '159.50 (2.44%)'
2025-04-29 04:51:10,850 - INFO - Added sector: PSU Bank, Change: 2.44%
2025-04-29 04:51:10,933 - INFO - Found percent change: 1.41% in '12.15 (1.41%)'
2025-04-29 04:51:10,933 - INFO - Added sector: Realty, Change: 1.41%
2025-04-29 04:51:13,511 - INFO - Saved sector data to sector.csv
2025-04-29 04:52:14,104 - INFO - Running Nuvama sector data scraper job at 2025-04-29 04:52:14
2025-04-29 04:52:14,104 - INFO - Setting up Chrome driver...
2025-04-29 04:52:14,105 - INFO - ====== WebDriver manager ======
2025-04-29 04:52:15,602 - INFO - Get LATEST chromedriver version for google-chrome
2025-04-29 04:52:15,651 - INFO - Get LATEST chromedriver version for google-chrome
2025-04-29 04:52:15,697 - INFO - Driver [C:\Users\Rajee\.wdm\drivers\chromedriver\win64\135.0.7049.114\chromedriver-win32/chromedriver.exe] found in cache
2025-04-29 04:52:17,206 - INFO - Navigating to https://www.nuvamawealth.com/market/stock-market-index/#key-indices
2025-04-29 04:52:21,314 - INFO - Waiting for page to load...
2025-04-29 04:52:38,699 - INFO - Refreshed page to get latest data
2025-04-29 04:52:48,736 - WARNING - Could not click on SECTOR INDICES tab: Message: no such element: Unable to locate element: {"method":"xpath","selector":"//a[text()='SECTOR INDICES']"}
  (Session info: chrome=135.0.7049.115); For documentation on this error, please visit: https://www.selenium.dev/documentation/webdriver/troubleshooting/errors#no-such-element-exception
Stacktrace:
	GetHandleVerifier [0x00CFD363+60275]
	GetHandleVerifier [0x00CFD3A4+60340]
	(No symbol) [0x00B306F3]
	(No symbol) [0x00B78690]
	(No symbol) [0x00B78A2B]
	(No symbol) [0x00BC0EE2]
	(No symbol) [0x00B9D0D4]
	(No symbol) [0x00BBE6EB]
	(No symbol) [0x00B9CE86]
	(No symbol) [0x00B6C623]
	(No symbol) [0x00B6D474]
	GetHandleVerifier [0x00F48FE3+2467827]
	GetHandleVerifier [0x00F445E6+2448886]
	GetHandleVerifier [0x00F5F80C+2560028]
	GetHandleVerifier [0x00D13DF5+153093]
	GetHandleVerifier [0x00D1A3BD+179149]
	GetHandleVerifier [0x00D04BB8+91080]
	GetHandleVerifier [0x00D04D60+91504]
	GetHandleVerifier [0x00CEFA10+4640]
	BaseThreadInitThunk [0x75C9FCC9+25]
	RtlGetAppContainerNamedObjectPath [0x777082AE+286]
	RtlGetAppContainerNamedObjectPath [0x7770827E+238]

2025-04-29 04:52:48,755 - WARNING - Could not click on second tab: Message: no such element: Unable to locate element: {"method":"css selector","selector":".tab-links li:nth-child(2) a"}
  (Session info: chrome=135.0.7049.115); For documentation on this error, please visit: https://www.selenium.dev/documentation/webdriver/troubleshooting/errors#no-such-element-exception
Stacktrace:
	GetHandleVerifier [0x00CFD363+60275]
	GetHandleVerifier [0x00CFD3A4+60340]
	(No symbol) [0x00B306F3]
	(No symbol) [0x00B78690]
	(No symbol) [0x00B78A2B]
	(No symbol) [0x00BC0EE2]
	(No symbol) [0x00B9D0D4]
	(No symbol) [0x00BBE6EB]
	(No symbol) [0x00B9CE86]
	(No symbol) [0x00B6C623]
	(No symbol) [0x00B6D474]
	GetHandleVerifier [0x00F48FE3+2467827]
	GetHandleVerifier [0x00F445E6+2448886]
	GetHandleVerifier [0x00F5F80C+2560028]
	GetHandleVerifier [0x00D13DF5+153093]
	GetHandleVerifier [0x00D1A3BD+179149]
	GetHandleVerifier [0x00D04BB8+91080]
	GetHandleVerifier [0x00D04D60+91504]
	GetHandleVerifier [0x00CEFA10+4640]
	BaseThreadInitThunk [0x75C9FCC9+25]
	RtlGetAppContainerNamedObjectPath [0x777082AE+286]
	RtlGetAppContainerNamedObjectPath [0x7770827E+238]

2025-04-29 04:52:48,924 - INFO - Saved screenshot of sector tab
2025-04-29 04:52:48,941 - INFO - Found 6 tables on page
2025-04-29 04:52:48,942 - INFO - Checking table 1
2025-04-29 04:52:48,956 - INFO - Checking table 2
2025-04-29 04:52:48,969 - INFO - Found likely sector table (table #2)
2025-04-29 04:52:49,068 - WARNING - Could not find percent change for 
2025-04-29 04:52:49,132 - INFO - Found percent change: 1.63% in '358.45 (1.63%)'
2025-04-29 04:52:49,132 - INFO - Added sector: Auto, Change: 1.63%
2025-04-29 04:52:49,189 - INFO - Found percent change: 1.71% in '582.35 (1.71%)'
2025-04-29 04:52:49,189 - INFO - Added sector: Energy, Change: 1.71%
2025-04-29 04:52:49,242 - INFO - Found percent change: 0.98% in '255.55 (0.98%)'
2025-04-29 04:52:49,242 - INFO - Added sector: Financial Services, Change: 0.98%
2025-04-29 04:52:49,298 - INFO - Found percent change: 0.16% in '87.95 (0.16%)'
2025-04-29 04:52:49,299 - INFO - Added sector: FMCG, Change: 0.16%
2025-04-29 04:52:49,364 - INFO - Found percent change: -0.22% in '-79.30 (-0.22%)'
2025-04-29 04:52:49,365 - INFO - Added sector: IT, Change: -0.22%
2025-04-29 04:52:49,430 - INFO - Found percent change: 0.79% in '12.20 (0.79%)'
2025-04-29 04:52:49,430 - INFO - Added sector: Media, Change: 0.79%
2025-04-29 04:52:49,498 - INFO - Found percent change: 1.4% in '120.15 (1.40%)'
2025-04-29 04:52:49,499 - INFO - Added sector: Metal, Change: 1.4%
2025-04-29 04:52:49,570 - INFO - Found percent change: 1.98% in '425.55 (1.98%)'
2025-04-29 04:52:49,570 - INFO - Added sector: Pharma, Change: 1.98%
2025-04-29 04:52:49,633 - INFO - Found percent change: 2.44% in '159.50 (2.44%)'
2025-04-29 04:52:49,633 - INFO - Added sector: PSU Bank, Change: 2.44%
2025-04-29 04:52:49,700 - INFO - Found percent change: 1.41% in '12.15 (1.41%)'
2025-04-29 04:52:49,700 - INFO - Added sector: Realty, Change: 1.41%
2025-04-29 04:52:52,856 - INFO - Saved sector data to sector.csv
2025-04-29 04:53:53,214 - INFO - Running Nuvama sector data scraper job at 2025-04-29 04:53:53
2025-04-29 04:53:53,215 - INFO - Setting up Chrome driver...
2025-04-29 04:53:53,215 - INFO - ====== WebDriver manager ======
2025-04-29 04:53:54,940 - INFO - Get LATEST chromedriver version for google-chrome
2025-04-29 04:53:54,984 - INFO - Get LATEST chromedriver version for google-chrome
2025-04-29 04:53:55,030 - INFO - Driver [C:\Users\Rajee\.wdm\drivers\chromedriver\win64\135.0.7049.114\chromedriver-win32/chromedriver.exe] found in cache
2025-04-29 04:53:56,871 - INFO - Navigating to https://www.nuvamawealth.com/market/stock-market-index/#key-indices
2025-04-29 04:54:03,116 - INFO - Waiting for page to load...
2025-04-29 04:54:20,325 - INFO - Refreshed page to get latest data
2025-04-29 04:54:30,359 - WARNING - Could not click on SECTOR INDICES tab: Message: no such element: Unable to locate element: {"method":"xpath","selector":"//a[text()='SECTOR INDICES']"}
  (Session info: chrome=135.0.7049.115); For documentation on this error, please visit: https://www.selenium.dev/documentation/webdriver/troubleshooting/errors#no-such-element-exception
Stacktrace:
	GetHandleVerifier [0x00CFD363+60275]
	GetHandleVerifier [0x00CFD3A4+60340]
	(No symbol) [0x00B306F3]
	(No symbol) [0x00B78690]
	(No symbol) [0x00B78A2B]
	(No symbol) [0x00BC0EE2]
	(No symbol) [0x00B9D0D4]
	(No symbol) [0x00BBE6EB]
	(No symbol) [0x00B9CE86]
	(No symbol) [0x00B6C623]
	(No symbol) [0x00B6D474]
	GetHandleVerifier [0x00F48FE3+2467827]
	GetHandleVerifier [0x00F445E6+2448886]
	GetHandleVerifier [0x00F5F80C+2560028]
	GetHandleVerifier [0x00D13DF5+153093]
	GetHandleVerifier [0x00D1A3BD+179149]
	GetHandleVerifier [0x00D04BB8+91080]
	GetHandleVerifier [0x00D04D60+91504]
	GetHandleVerifier [0x00CEFA10+4640]
	BaseThreadInitThunk [0x75C9FCC9+25]
	RtlGetAppContainerNamedObjectPath [0x777082AE+286]
	RtlGetAppContainerNamedObjectPath [0x7770827E+238]

2025-04-29 04:54:30,378 - WARNING - Could not click on second tab: Message: no such element: Unable to locate element: {"method":"css selector","selector":".tab-links li:nth-child(2) a"}
  (Session info: chrome=135.0.7049.115); For documentation on this error, please visit: https://www.selenium.dev/documentation/webdriver/troubleshooting/errors#no-such-element-exception
Stacktrace:
	GetHandleVerifier [0x00CFD363+60275]
	GetHandleVerifier [0x00CFD3A4+60340]
	(No symbol) [0x00B306F3]
	(No symbol) [0x00B78690]
	(No symbol) [0x00B78A2B]
	(No symbol) [0x00BC0EE2]
	(No symbol) [0x00B9D0D4]
	(No symbol) [0x00BBE6EB]
	(No symbol) [0x00B9CE86]
	(No symbol) [0x00B6C623]
	(No symbol) [0x00B6D474]
	GetHandleVerifier [0x00F48FE3+2467827]
	GetHandleVerifier [0x00F445E6+2448886]
	GetHandleVerifier [0x00F5F80C+2560028]
	GetHandleVerifier [0x00D13DF5+153093]
	GetHandleVerifier [0x00D1A3BD+179149]
	GetHandleVerifier [0x00D04BB8+91080]
	GetHandleVerifier [0x00D04D60+91504]
	GetHandleVerifier [0x00CEFA10+4640]
	BaseThreadInitThunk [0x75C9FCC9+25]
	RtlGetAppContainerNamedObjectPath [0x777082AE+286]
	RtlGetAppContainerNamedObjectPath [0x7770827E+238]

2025-04-29 04:54:31,075 - INFO - Saved screenshot of sector tab
2025-04-29 04:54:31,110 - INFO - Found 6 tables on page
2025-04-29 04:54:31,116 - INFO - Checking table 1
2025-04-29 04:54:31,140 - INFO - Checking table 2
2025-04-29 04:54:31,166 - INFO - Found likely sector table (table #2)
2025-04-29 04:54:31,296 - WARNING - Could not find percent change for 
2025-04-29 04:54:31,389 - INFO - Found percent change: 1.63% in '358.45 (1.63%)'
2025-04-29 04:54:31,389 - INFO - Added sector: Auto, Change: 1.63%
2025-04-29 04:54:31,475 - INFO - Found percent change: 1.71% in '582.35 (1.71%)'
2025-04-29 04:54:31,475 - INFO - Added sector: Energy, Change: 1.71%
2025-04-29 04:54:31,557 - INFO - Found percent change: 0.98% in '255.55 (0.98%)'
2025-04-29 04:54:31,557 - INFO - Added sector: Financial Services, Change: 0.98%
2025-04-29 04:54:31,628 - INFO - Found percent change: 0.16% in '87.95 (0.16%)'
2025-04-29 04:54:31,630 - INFO - Added sector: FMCG, Change: 0.16%
2025-04-29 04:54:31,707 - INFO - Found percent change: -0.22% in '-79.30 (-0.22%)'
2025-04-29 04:54:31,707 - INFO - Added sector: IT, Change: -0.22%
2025-04-29 04:54:31,770 - INFO - Found percent change: 0.79% in '12.20 (0.79%)'
2025-04-29 04:54:31,771 - INFO - Added sector: Media, Change: 0.79%
2025-04-29 04:54:31,828 - INFO - Found percent change: 1.4% in '120.15 (1.40%)'
2025-04-29 04:54:31,828 - INFO - Added sector: Metal, Change: 1.4%
2025-04-29 04:54:31,893 - INFO - Found percent change: 1.98% in '425.55 (1.98%)'
2025-04-29 04:54:31,894 - INFO - Added sector: Pharma, Change: 1.98%
2025-04-29 04:54:31,956 - INFO - Found percent change: 2.44% in '159.50 (2.44%)'
2025-04-29 04:54:31,956 - INFO - Added sector: PSU Bank, Change: 2.44%
2025-04-29 04:54:32,018 - INFO - Found percent change: 1.41% in '12.15 (1.41%)'
2025-04-29 04:54:32,019 - INFO - Added sector: Realty, Change: 1.41%
2025-04-29 04:54:35,186 - INFO - Saved sector data to sector.csv
2025-04-29 04:55:35,758 - INFO - Running Nuvama sector data scraper job at 2025-04-29 04:55:35
2025-04-29 04:55:35,759 - INFO - Setting up Chrome driver...
2025-04-29 04:55:35,762 - INFO - ====== WebDriver manager ======
2025-04-29 04:55:37,129 - INFO - Get LATEST chromedriver version for google-chrome
2025-04-29 04:55:37,174 - INFO - Get LATEST chromedriver version for google-chrome
2025-04-29 04:55:37,215 - INFO - Driver [C:\Users\Rajee\.wdm\drivers\chromedriver\win64\135.0.7049.114\chromedriver-win32/chromedriver.exe] found in cache
2025-04-29 04:55:38,676 - INFO - Navigating to https://www.nuvamawealth.com/market/stock-market-index/#key-indices
2025-04-29 04:55:45,780 - INFO - Waiting for page to load...
2025-04-29 04:56:03,326 - INFO - Refreshed page to get latest data
2025-04-29 04:56:13,373 - WARNING - Could not click on SECTOR INDICES tab: Message: no such element: Unable to locate element: {"method":"xpath","selector":"//a[text()='SECTOR INDICES']"}
  (Session info: chrome=135.0.7049.115); For documentation on this error, please visit: https://www.selenium.dev/documentation/webdriver/troubleshooting/errors#no-such-element-exception
Stacktrace:
	GetHandleVerifier [0x00CFD363+60275]
	GetHandleVerifier [0x00CFD3A4+60340]
	(No symbol) [0x00B306F3]
	(No symbol) [0x00B78690]
	(No symbol) [0x00B78A2B]
	(No symbol) [0x00BC0EE2]
	(No symbol) [0x00B9D0D4]
	(No symbol) [0x00BBE6EB]
	(No symbol) [0x00B9CE86]
	(No symbol) [0x00B6C623]
	(No symbol) [0x00B6D474]
	GetHandleVerifier [0x00F48FE3+2467827]
	GetHandleVerifier [0x00F445E6+2448886]
	GetHandleVerifier [0x00F5F80C+2560028]
	GetHandleVerifier [0x00D13DF5+153093]
	GetHandleVerifier [0x00D1A3BD+179149]
	GetHandleVerifier [0x00D04BB8+91080]
	GetHandleVerifier [0x00D04D60+91504]
	GetHandleVerifier [0x00CEFA10+4640]
	BaseThreadInitThunk [0x75C9FCC9+25]
	RtlGetAppContainerNamedObjectPath [0x777082AE+286]
	RtlGetAppContainerNamedObjectPath [0x7770827E+238]

2025-04-29 04:56:13,396 - WARNING - Could not click on second tab: Message: no such element: Unable to locate element: {"method":"css selector","selector":".tab-links li:nth-child(2) a"}
  (Session info: chrome=135.0.7049.115); For documentation on this error, please visit: https://www.selenium.dev/documentation/webdriver/troubleshooting/errors#no-such-element-exception
Stacktrace:
	GetHandleVerifier [0x00CFD363+60275]
	GetHandleVerifier [0x00CFD3A4+60340]
	(No symbol) [0x00B306F3]
	(No symbol) [0x00B78690]
	(No symbol) [0x00B78A2B]
	(No symbol) [0x00BC0EE2]
	(No symbol) [0x00B9D0D4]
	(No symbol) [0x00BBE6EB]
	(No symbol) [0x00B9CE86]
	(No symbol) [0x00B6C623]
	(No symbol) [0x00B6D474]
	GetHandleVerifier [0x00F48FE3+2467827]
	GetHandleVerifier [0x00F445E6+2448886]
	GetHandleVerifier [0x00F5F80C+2560028]
	GetHandleVerifier [0x00D13DF5+153093]
	GetHandleVerifier [0x00D1A3BD+179149]
	GetHandleVerifier [0x00D04BB8+91080]
	GetHandleVerifier [0x00D04D60+91504]
	GetHandleVerifier [0x00CEFA10+4640]
	BaseThreadInitThunk [0x75C9FCC9+25]
	RtlGetAppContainerNamedObjectPath [0x777082AE+286]
	RtlGetAppContainerNamedObjectPath [0x7770827E+238]

2025-04-29 04:56:14,000 - INFO - Saved screenshot of sector tab
2025-04-29 04:56:14,026 - INFO - Found 6 tables on page
2025-04-29 04:56:14,027 - INFO - Checking table 1
2025-04-29 04:56:14,045 - INFO - Checking table 2
2025-04-29 04:56:14,061 - INFO - Found likely sector table (table #2)
2025-04-29 04:56:14,188 - WARNING - Could not find percent change for 
2025-04-29 04:56:14,269 - INFO - Found percent change: 1.63% in '358.45 (1.63%)'
2025-04-29 04:56:14,270 - INFO - Added sector: Auto, Change: 1.63%
2025-04-29 04:56:14,355 - INFO - Found percent change: 1.71% in '582.35 (1.71%)'
2025-04-29 04:56:14,356 - INFO - Added sector: Energy, Change: 1.71%
2025-04-29 04:56:14,463 - INFO - Found percent change: 0.98% in '255.55 (0.98%)'
2025-04-29 04:56:14,475 - INFO - Added sector: Financial Services, Change: 0.98%
2025-04-29 04:56:14,580 - INFO - Found percent change: 0.16% in '87.95 (0.16%)'
2025-04-29 04:56:14,582 - INFO - Added sector: FMCG, Change: 0.16%
2025-04-29 04:56:14,676 - INFO - Found percent change: -0.22% in '-79.30 (-0.22%)'
2025-04-29 04:56:14,679 - INFO - Added sector: IT, Change: -0.22%
2025-04-29 04:56:14,785 - INFO - Found percent change: 0.79% in '12.20 (0.79%)'
2025-04-29 04:56:14,789 - INFO - Added sector: Media, Change: 0.79%
2025-04-29 04:56:14,876 - INFO - Found percent change: 1.4% in '120.15 (1.40%)'
2025-04-29 04:56:14,877 - INFO - Added sector: Metal, Change: 1.4%
2025-04-29 04:56:14,946 - INFO - Found percent change: 1.98% in '425.55 (1.98%)'
2025-04-29 04:56:14,952 - INFO - Added sector: Pharma, Change: 1.98%
2025-04-29 04:56:15,026 - INFO - Found percent change: 2.44% in '159.50 (2.44%)'
2025-04-29 04:56:15,027 - INFO - Added sector: PSU Bank, Change: 2.44%
2025-04-29 04:56:15,112 - INFO - Found percent change: 1.41% in '12.15 (1.41%)'
2025-04-29 04:56:15,113 - INFO - Added sector: Realty, Change: 1.41%
2025-04-29 04:56:17,893 - INFO - Saved sector data to sector.csv
2025-04-29 04:57:18,520 - INFO - Running Nuvama sector data scraper job at 2025-04-29 04:57:18
2025-04-29 04:57:18,521 - INFO - Setting up Chrome driver...
2025-04-29 04:57:18,524 - INFO - ====== WebDriver manager ======
2025-04-29 04:57:20,879 - INFO - Get LATEST chromedriver version for google-chrome
2025-04-29 04:57:20,924 - INFO - Get LATEST chromedriver version for google-chrome
2025-04-29 04:57:20,990 - INFO - Driver [C:\Users\Rajee\.wdm\drivers\chromedriver\win64\135.0.7049.114\chromedriver-win32/chromedriver.exe] found in cache
2025-04-29 04:57:22,525 - INFO - Navigating to https://www.nuvamawealth.com/market/stock-market-index/#key-indices
2025-04-29 04:57:29,189 - INFO - Waiting for page to load...
2025-04-29 04:57:49,456 - INFO - Refreshed page to get latest data
2025-04-29 04:57:59,486 - WARNING - Could not click on SECTOR INDICES tab: Message: no such element: Unable to locate element: {"method":"xpath","selector":"//a[text()='SECTOR INDICES']"}
  (Session info: chrome=135.0.7049.115); For documentation on this error, please visit: https://www.selenium.dev/documentation/webdriver/troubleshooting/errors#no-such-element-exception
Stacktrace:
	GetHandleVerifier [0x00CFD363+60275]
	GetHandleVerifier [0x00CFD3A4+60340]
	(No symbol) [0x00B306F3]
	(No symbol) [0x00B78690]
	(No symbol) [0x00B78A2B]
	(No symbol) [0x00BC0EE2]
	(No symbol) [0x00B9D0D4]
	(No symbol) [0x00BBE6EB]
	(No symbol) [0x00B9CE86]
	(No symbol) [0x00B6C623]
	(No symbol) [0x00B6D474]
	GetHandleVerifier [0x00F48FE3+2467827]
	GetHandleVerifier [0x00F445E6+2448886]
	GetHandleVerifier [0x00F5F80C+2560028]
	GetHandleVerifier [0x00D13DF5+153093]
	GetHandleVerifier [0x00D1A3BD+179149]
	GetHandleVerifier [0x00D04BB8+91080]
	GetHandleVerifier [0x00D04D60+91504]
	GetHandleVerifier [0x00CEFA10+4640]
	BaseThreadInitThunk [0x75C9FCC9+25]
	RtlGetAppContainerNamedObjectPath [0x777082AE+286]
	RtlGetAppContainerNamedObjectPath [0x7770827E+238]

2025-04-29 04:57:59,502 - WARNING - Could not click on second tab: Message: no such element: Unable to locate element: {"method":"css selector","selector":".tab-links li:nth-child(2) a"}
  (Session info: chrome=135.0.7049.115); For documentation on this error, please visit: https://www.selenium.dev/documentation/webdriver/troubleshooting/errors#no-such-element-exception
Stacktrace:
	GetHandleVerifier [0x00CFD363+60275]
	GetHandleVerifier [0x00CFD3A4+60340]
	(No symbol) [0x00B306F3]
	(No symbol) [0x00B78690]
	(No symbol) [0x00B78A2B]
	(No symbol) [0x00BC0EE2]
	(No symbol) [0x00B9D0D4]
	(No symbol) [0x00BBE6EB]
	(No symbol) [0x00B9CE86]
	(No symbol) [0x00B6C623]
	(No symbol) [0x00B6D474]
	GetHandleVerifier [0x00F48FE3+2467827]
	GetHandleVerifier [0x00F445E6+2448886]
	GetHandleVerifier [0x00F5F80C+2560028]
	GetHandleVerifier [0x00D13DF5+153093]
	GetHandleVerifier [0x00D1A3BD+179149]
	GetHandleVerifier [0x00D04BB8+91080]
	GetHandleVerifier [0x00D04D60+91504]
	GetHandleVerifier [0x00CEFA10+4640]
	BaseThreadInitThunk [0x75C9FCC9+25]
	RtlGetAppContainerNamedObjectPath [0x777082AE+286]
	RtlGetAppContainerNamedObjectPath [0x7770827E+238]

2025-04-29 04:58:00,087 - INFO - Saved screenshot of sector tab
2025-04-29 04:58:00,106 - INFO - Found 6 tables on page
2025-04-29 04:58:00,106 - INFO - Checking table 1
2025-04-29 04:58:00,124 - INFO - Checking table 2
2025-04-29 04:58:00,134 - INFO - Found likely sector table (table #2)
2025-04-29 04:58:00,209 - WARNING - Could not find percent change for 
2025-04-29 04:58:00,266 - INFO - Found percent change: 1.63% in '358.45 (1.63%)'
2025-04-29 04:58:00,267 - INFO - Added sector: Auto, Change: 1.63%
2025-04-29 04:58:00,322 - INFO - Found percent change: 1.71% in '582.35 (1.71%)'
2025-04-29 04:58:00,322 - INFO - Added sector: Energy, Change: 1.71%
2025-04-29 04:58:00,383 - INFO - Found percent change: 0.98% in '255.55 (0.98%)'
2025-04-29 04:58:00,383 - INFO - Added sector: Financial Services, Change: 0.98%
2025-04-29 04:58:00,440 - INFO - Found percent change: 0.16% in '87.95 (0.16%)'
2025-04-29 04:58:00,441 - INFO - Added sector: FMCG, Change: 0.16%
2025-04-29 04:58:00,491 - INFO - Found percent change: -0.22% in '-79.30 (-0.22%)'
2025-04-29 04:58:00,492 - INFO - Added sector: IT, Change: -0.22%
2025-04-29 04:58:00,562 - INFO - Found percent change: 0.79% in '12.20 (0.79%)'
2025-04-29 04:58:00,563 - INFO - Added sector: Media, Change: 0.79%
2025-04-29 04:58:00,610 - INFO - Found percent change: 1.4% in '120.15 (1.40%)'
2025-04-29 04:58:00,611 - INFO - Added sector: Metal, Change: 1.4%
2025-04-29 04:58:00,660 - INFO - Found percent change: 1.98% in '425.55 (1.98%)'
2025-04-29 04:58:00,660 - INFO - Added sector: Pharma, Change: 1.98%
2025-04-29 04:58:00,710 - INFO - Found percent change: 2.44% in '159.50 (2.44%)'
2025-04-29 04:58:00,710 - INFO - Added sector: PSU Bank, Change: 2.44%
2025-04-29 04:58:00,768 - INFO - Found percent change: 1.41% in '12.15 (1.41%)'
2025-04-29 04:58:00,769 - INFO - Added sector: Realty, Change: 1.41%
2025-04-29 04:58:09,066 - INFO - Saved sector data to sector.csv
2025-04-29 04:59:09,806 - INFO - Running Nuvama sector data scraper job at 2025-04-29 04:59:09
2025-04-29 04:59:09,816 - INFO - Setting up Chrome driver...
2025-04-29 04:59:09,880 - INFO - ====== WebDriver manager ======
2025-04-29 04:59:12,797 - INFO - Get LATEST chromedriver version for google-chrome
2025-04-29 04:59:12,849 - INFO - Get LATEST chromedriver version for google-chrome
2025-04-29 04:59:12,890 - INFO - Driver [C:\Users\Rajee\.wdm\drivers\chromedriver\win64\135.0.7049.114\chromedriver-win32/chromedriver.exe] found in cache
2025-04-29 04:59:15,259 - INFO - Navigating to https://www.nuvamawealth.com/market/stock-market-index/#key-indices
2025-04-29 04:59:28,467 - INFO - Waiting for page to load...
2025-04-29 04:59:47,650 - INFO - Refreshed page to get latest data
2025-04-29 04:59:57,678 - WARNING - Could not click on SECTOR INDICES tab: Message: no such element: Unable to locate element: {"method":"xpath","selector":"//a[text()='SECTOR INDICES']"}
  (Session info: chrome=135.0.7049.115); For documentation on this error, please visit: https://www.selenium.dev/documentation/webdriver/troubleshooting/errors#no-such-element-exception
Stacktrace:
	GetHandleVerifier [0x00CFD363+60275]
	GetHandleVerifier [0x00CFD3A4+60340]
	(No symbol) [0x00B306F3]
	(No symbol) [0x00B78690]
	(No symbol) [0x00B78A2B]
	(No symbol) [0x00BC0EE2]
	(No symbol) [0x00B9D0D4]
	(No symbol) [0x00BBE6EB]
	(No symbol) [0x00B9CE86]
	(No symbol) [0x00B6C623]
	(No symbol) [0x00B6D474]
	GetHandleVerifier [0x00F48FE3+2467827]
	GetHandleVerifier [0x00F445E6+2448886]
	GetHandleVerifier [0x00F5F80C+2560028]
	GetHandleVerifier [0x00D13DF5+153093]
	GetHandleVerifier [0x00D1A3BD+179149]
	GetHandleVerifier [0x00D04BB8+91080]
	GetHandleVerifier [0x00D04D60+91504]
	GetHandleVerifier [0x00CEFA10+4640]
	BaseThreadInitThunk [0x75C9FCC9+25]
	RtlGetAppContainerNamedObjectPath [0x777082AE+286]
	RtlGetAppContainerNamedObjectPath [0x7770827E+238]

2025-04-29 04:59:57,702 - WARNING - Could not click on second tab: Message: no such element: Unable to locate element: {"method":"css selector","selector":".tab-links li:nth-child(2) a"}
  (Session info: chrome=135.0.7049.115); For documentation on this error, please visit: https://www.selenium.dev/documentation/webdriver/troubleshooting/errors#no-such-element-exception
Stacktrace:
	GetHandleVerifier [0x00CFD363+60275]
	GetHandleVerifier [0x00CFD3A4+60340]
	(No symbol) [0x00B306F3]
	(No symbol) [0x00B78690]
	(No symbol) [0x00B78A2B]
	(No symbol) [0x00BC0EE2]
	(No symbol) [0x00B9D0D4]
	(No symbol) [0x00BBE6EB]
	(No symbol) [0x00B9CE86]
	(No symbol) [0x00B6C623]
	(No symbol) [0x00B6D474]
	GetHandleVerifier [0x00F48FE3+2467827]
	GetHandleVerifier [0x00F445E6+2448886]
	GetHandleVerifier [0x00F5F80C+2560028]
	GetHandleVerifier [0x00D13DF5+153093]
	GetHandleVerifier [0x00D1A3BD+179149]
	GetHandleVerifier [0x00D04BB8+91080]
	GetHandleVerifier [0x00D04D60+91504]
	GetHandleVerifier [0x00CEFA10+4640]
	BaseThreadInitThunk [0x75C9FCC9+25]
	RtlGetAppContainerNamedObjectPath [0x777082AE+286]
	RtlGetAppContainerNamedObjectPath [0x7770827E+238]

2025-04-29 04:59:58,314 - INFO - Saved screenshot of sector tab
2025-04-29 04:59:58,335 - INFO - Found 6 tables on page
2025-04-29 04:59:58,336 - INFO - Checking table 1
2025-04-29 04:59:58,353 - INFO - Checking table 2
2025-04-29 04:59:58,370 - INFO - Found likely sector table (table #2)
2025-04-29 04:59:58,546 - WARNING - Could not find percent change for 
2025-04-29 04:59:58,628 - INFO - Found percent change: 1.63% in '358.45 (1.63%)'
2025-04-29 04:59:58,629 - INFO - Added sector: Auto, Change: 1.63%
2025-04-29 04:59:58,717 - INFO - Found percent change: 1.71% in '582.35 (1.71%)'
2025-04-29 04:59:58,718 - INFO - Added sector: Energy, Change: 1.71%
2025-04-29 04:59:58,789 - INFO - Found percent change: 0.98% in '255.55 (0.98%)'
2025-04-29 04:59:58,789 - INFO - Added sector: Financial Services, Change: 0.98%
2025-04-29 04:59:58,863 - INFO - Found percent change: 0.16% in '87.95 (0.16%)'
2025-04-29 04:59:58,863 - INFO - Added sector: FMCG, Change: 0.16%
2025-04-29 04:59:58,927 - INFO - Found percent change: -0.22% in '-79.30 (-0.22%)'
2025-04-29 04:59:58,928 - INFO - Added sector: IT, Change: -0.22%
2025-04-29 04:59:58,998 - INFO - Found percent change: 0.79% in '12.20 (0.79%)'
2025-04-29 04:59:58,999 - INFO - Added sector: Media, Change: 0.79%
2025-04-29 04:59:59,074 - INFO - Found percent change: 1.4% in '120.15 (1.40%)'
2025-04-29 04:59:59,074 - INFO - Added sector: Metal, Change: 1.4%
2025-04-29 04:59:59,120 - INFO - Found percent change: 1.98% in '425.55 (1.98%)'
2025-04-29 04:59:59,121 - INFO - Added sector: Pharma, Change: 1.98%
2025-04-29 04:59:59,170 - INFO - Found percent change: 2.44% in '159.50 (2.44%)'
2025-04-29 04:59:59,170 - INFO - Added sector: PSU Bank, Change: 2.44%
2025-04-29 04:59:59,221 - INFO - Found percent change: 1.41% in '12.15 (1.41%)'
2025-04-29 04:59:59,221 - INFO - Added sector: Realty, Change: 1.41%
2025-04-29 05:00:07,012 - INFO - Saved sector data to sector.csv
2025-04-29 05:01:07,873 - INFO - Running Nuvama sector data scraper job at 2025-04-29 05:01:07
2025-04-29 05:01:08,064 - INFO - Setting up Chrome driver...
2025-04-29 05:01:08,106 - INFO - ====== WebDriver manager ======
2025-04-29 05:01:14,495 - INFO - Get LATEST chromedriver version for google-chrome
2025-04-29 05:01:14,541 - INFO - Get LATEST chromedriver version for google-chrome
2025-04-29 05:01:14,595 - INFO - Driver [C:\Users\Rajee\.wdm\drivers\chromedriver\win64\135.0.7049.114\chromedriver-win32/chromedriver.exe] found in cache
2025-04-29 05:01:19,709 - INFO - Navigating to https://www.nuvamawealth.com/market/stock-market-index/#key-indices
2025-04-29 05:01:20,507 - INFO - Waiting for page to load...
2025-04-29 05:01:38,763 - INFO - Refreshed page to get latest data
2025-04-29 05:01:48,819 - WARNING - Could not click on SECTOR INDICES tab: Message: no such element: Unable to locate element: {"method":"xpath","selector":"//a[text()='SECTOR INDICES']"}
  (Session info: chrome=135.0.7049.115); For documentation on this error, please visit: https://www.selenium.dev/documentation/webdriver/troubleshooting/errors#no-such-element-exception
Stacktrace:
	GetHandleVerifier [0x00CFD363+60275]
	GetHandleVerifier [0x00CFD3A4+60340]
	(No symbol) [0x00B306F3]
	(No symbol) [0x00B78690]
	(No symbol) [0x00B78A2B]
	(No symbol) [0x00BC0EE2]
	(No symbol) [0x00B9D0D4]
	(No symbol) [0x00BBE6EB]
	(No symbol) [0x00B9CE86]
	(No symbol) [0x00B6C623]
	(No symbol) [0x00B6D474]
	GetHandleVerifier [0x00F48FE3+2467827]
	GetHandleVerifier [0x00F445E6+2448886]
	GetHandleVerifier [0x00F5F80C+2560028]
	GetHandleVerifier [0x00D13DF5+153093]
	GetHandleVerifier [0x00D1A3BD+179149]
	GetHandleVerifier [0x00D04BB8+91080]
	GetHandleVerifier [0x00D04D60+91504]
	GetHandleVerifier [0x00CEFA10+4640]
	BaseThreadInitThunk [0x75C9FCC9+25]
	RtlGetAppContainerNamedObjectPath [0x777082AE+286]
	RtlGetAppContainerNamedObjectPath [0x7770827E+238]

2025-04-29 05:01:48,854 - WARNING - Could not click on second tab: Message: no such element: Unable to locate element: {"method":"css selector","selector":".tab-links li:nth-child(2) a"}
  (Session info: chrome=135.0.7049.115); For documentation on this error, please visit: https://www.selenium.dev/documentation/webdriver/troubleshooting/errors#no-such-element-exception
Stacktrace:
	GetHandleVerifier [0x00CFD363+60275]
	GetHandleVerifier [0x00CFD3A4+60340]
	(No symbol) [0x00B306F3]
	(No symbol) [0x00B78690]
	(No symbol) [0x00B78A2B]
	(No symbol) [0x00BC0EE2]
	(No symbol) [0x00B9D0D4]
	(No symbol) [0x00BBE6EB]
	(No symbol) [0x00B9CE86]
	(No symbol) [0x00B6C623]
	(No symbol) [0x00B6D474]
	GetHandleVerifier [0x00F48FE3+2467827]
	GetHandleVerifier [0x00F445E6+2448886]
	GetHandleVerifier [0x00F5F80C+2560028]
	GetHandleVerifier [0x00D13DF5+153093]
	GetHandleVerifier [0x00D1A3BD+179149]
	GetHandleVerifier [0x00D04BB8+91080]
	GetHandleVerifier [0x00D04D60+91504]
	GetHandleVerifier [0x00CEFA10+4640]
	BaseThreadInitThunk [0x75C9FCC9+25]
	RtlGetAppContainerNamedObjectPath [0x777082AE+286]
	RtlGetAppContainerNamedObjectPath [0x7770827E+238]

2025-04-29 05:01:49,209 - INFO - Saved screenshot of sector tab
2025-04-29 05:01:49,242 - INFO - Found 6 tables on page
2025-04-29 05:01:49,242 - INFO - Checking table 1
2025-04-29 05:01:49,265 - INFO - Checking table 2
2025-04-29 05:01:49,298 - INFO - Found likely sector table (table #2)
2025-04-29 05:01:49,453 - WARNING - Could not find percent change for 
2025-04-29 05:01:49,541 - INFO - Found percent change: 1.63% in '358.45 (1.63%)'
2025-04-29 05:01:49,547 - INFO - Added sector: Auto, Change: 1.63%
2025-04-29 05:01:49,653 - INFO - Found percent change: 1.71% in '582.35 (1.71%)'
2025-04-29 05:01:49,654 - INFO - Added sector: Energy, Change: 1.71%
2025-04-29 05:01:49,762 - INFO - Found percent change: 0.98% in '255.55 (0.98%)'
2025-04-29 05:01:49,763 - INFO - Added sector: Financial Services, Change: 0.98%
2025-04-29 05:01:49,892 - INFO - Found percent change: 0.16% in '87.95 (0.16%)'
2025-04-29 05:01:49,892 - INFO - Added sector: FMCG, Change: 0.16%
2025-04-29 05:01:50,005 - INFO - Found percent change: -0.22% in '-79.30 (-0.22%)'
2025-04-29 05:01:50,007 - INFO - Added sector: IT, Change: -0.22%
2025-04-29 05:01:50,158 - INFO - Found percent change: 0.79% in '12.20 (0.79%)'
2025-04-29 05:01:50,159 - INFO - Added sector: Media, Change: 0.79%
2025-04-29 05:01:50,270 - INFO - Found percent change: 1.4% in '120.15 (1.40%)'
2025-04-29 05:01:50,270 - INFO - Added sector: Metal, Change: 1.4%
2025-04-29 05:01:50,391 - INFO - Found percent change: 1.98% in '425.55 (1.98%)'
2025-04-29 05:01:50,392 - INFO - Added sector: Pharma, Change: 1.98%
2025-04-29 05:01:50,491 - INFO - Found percent change: 2.44% in '159.50 (2.44%)'
2025-04-29 05:01:50,492 - INFO - Added sector: PSU Bank, Change: 2.44%
2025-04-29 05:01:50,579 - INFO - Found percent change: 1.41% in '12.15 (1.41%)'
2025-04-29 05:01:50,580 - INFO - Added sector: Realty, Change: 1.41%
2025-04-29 05:01:54,818 - INFO - Saved sector data to sector.csv
2025-04-29 05:02:55,488 - INFO - Running Nuvama sector data scraper job at 2025-04-29 05:02:55
2025-04-29 05:02:55,489 - INFO - Setting up Chrome driver...
2025-04-29 05:02:55,490 - INFO - ====== WebDriver manager ======
2025-04-29 05:02:57,415 - INFO - Get LATEST chromedriver version for google-chrome
2025-04-29 05:02:57,471 - INFO - Get LATEST chromedriver version for google-chrome
2025-04-29 05:02:57,513 - INFO - Driver [C:\Users\Rajee\.wdm\drivers\chromedriver\win64\135.0.7049.114\chromedriver-win32/chromedriver.exe] found in cache
2025-04-29 05:02:59,568 - INFO - Navigating to https://www.nuvamawealth.com/market/stock-market-index/#key-indices
2025-04-29 05:03:08,178 - INFO - Waiting for page to load...
2025-04-29 05:03:29,910 - INFO - Refreshed page to get latest data
2025-04-29 05:03:39,937 - WARNING - Could not click on SECTOR INDICES tab: Message: no such element: Unable to locate element: {"method":"xpath","selector":"//a[text()='SECTOR INDICES']"}
  (Session info: chrome=135.0.7049.115); For documentation on this error, please visit: https://www.selenium.dev/documentation/webdriver/troubleshooting/errors#no-such-element-exception
Stacktrace:
	GetHandleVerifier [0x00CFD363+60275]
	GetHandleVerifier [0x00CFD3A4+60340]
	(No symbol) [0x00B306F3]
	(No symbol) [0x00B78690]
	(No symbol) [0x00B78A2B]
	(No symbol) [0x00BC0EE2]
	(No symbol) [0x00B9D0D4]
	(No symbol) [0x00BBE6EB]
	(No symbol) [0x00B9CE86]
	(No symbol) [0x00B6C623]
	(No symbol) [0x00B6D474]
	GetHandleVerifier [0x00F48FE3+2467827]
	GetHandleVerifier [0x00F445E6+2448886]
	GetHandleVerifier [0x00F5F80C+2560028]
	GetHandleVerifier [0x00D13DF5+153093]
	GetHandleVerifier [0x00D1A3BD+179149]
	GetHandleVerifier [0x00D04BB8+91080]
	GetHandleVerifier [0x00D04D60+91504]
	GetHandleVerifier [0x00CEFA10+4640]
	BaseThreadInitThunk [0x75C9FCC9+25]
	RtlGetAppContainerNamedObjectPath [0x777082AE+286]
	RtlGetAppContainerNamedObjectPath [0x7770827E+238]

2025-04-29 05:03:39,954 - WARNING - Could not click on second tab: Message: no such element: Unable to locate element: {"method":"css selector","selector":".tab-links li:nth-child(2) a"}
  (Session info: chrome=135.0.7049.115); For documentation on this error, please visit: https://www.selenium.dev/documentation/webdriver/troubleshooting/errors#no-such-element-exception
Stacktrace:
	GetHandleVerifier [0x00CFD363+60275]
	GetHandleVerifier [0x00CFD3A4+60340]
	(No symbol) [0x00B306F3]
	(No symbol) [0x00B78690]
	(No symbol) [0x00B78A2B]
	(No symbol) [0x00BC0EE2]
	(No symbol) [0x00B9D0D4]
	(No symbol) [0x00BBE6EB]
	(No symbol) [0x00B9CE86]
	(No symbol) [0x00B6C623]
	(No symbol) [0x00B6D474]
	GetHandleVerifier [0x00F48FE3+2467827]
	GetHandleVerifier [0x00F445E6+2448886]
	GetHandleVerifier [0x00F5F80C+2560028]
	GetHandleVerifier [0x00D13DF5+153093]
	GetHandleVerifier [0x00D1A3BD+179149]
	GetHandleVerifier [0x00D04BB8+91080]
	GetHandleVerifier [0x00D04D60+91504]
	GetHandleVerifier [0x00CEFA10+4640]
	BaseThreadInitThunk [0x75C9FCC9+25]
	RtlGetAppContainerNamedObjectPath [0x777082AE+286]
	RtlGetAppContainerNamedObjectPath [0x7770827E+238]

2025-04-29 05:03:40,490 - INFO - Saved screenshot of sector tab
2025-04-29 05:03:40,508 - INFO - Found 6 tables on page
2025-04-29 05:03:40,509 - INFO - Checking table 1
2025-04-29 05:03:40,527 - INFO - Checking table 2
2025-04-29 05:03:40,540 - INFO - Found likely sector table (table #2)
2025-04-29 05:03:40,641 - WARNING - Could not find percent change for 
2025-04-29 05:03:40,694 - INFO - Found percent change: 1.63% in '358.45 (1.63%)'
2025-04-29 05:03:40,695 - INFO - Added sector: Auto, Change: 1.63%
2025-04-29 05:03:40,750 - INFO - Found percent change: 1.71% in '582.35 (1.71%)'
2025-04-29 05:03:40,750 - INFO - Added sector: Energy, Change: 1.71%
2025-04-29 05:03:40,810 - INFO - Found percent change: 0.98% in '255.55 (0.98%)'
2025-04-29 05:03:40,813 - INFO - Added sector: Financial Services, Change: 0.98%
2025-04-29 05:03:40,875 - INFO - Found percent change: 0.16% in '87.95 (0.16%)'
2025-04-29 05:03:40,876 - INFO - Added sector: FMCG, Change: 0.16%
2025-04-29 05:03:40,927 - INFO - Found percent change: -0.22% in '-79.30 (-0.22%)'
2025-04-29 05:03:40,927 - INFO - Added sector: IT, Change: -0.22%
2025-04-29 05:03:40,990 - INFO - Found percent change: 0.79% in '12.20 (0.79%)'
2025-04-29 05:03:40,990 - INFO - Added sector: Media, Change: 0.79%
2025-04-29 05:03:41,043 - INFO - Found percent change: 1.4% in '120.15 (1.40%)'
2025-04-29 05:03:41,045 - INFO - Added sector: Metal, Change: 1.4%
2025-04-29 05:03:41,116 - INFO - Found percent change: 1.98% in '425.55 (1.98%)'
2025-04-29 05:03:41,116 - INFO - Added sector: Pharma, Change: 1.98%
2025-04-29 05:03:41,163 - INFO - Found percent change: 2.44% in '159.50 (2.44%)'
2025-04-29 05:03:41,163 - INFO - Added sector: PSU Bank, Change: 2.44%
2025-04-29 05:03:41,217 - INFO - Found percent change: 1.41% in '12.15 (1.41%)'
2025-04-29 05:03:41,218 - INFO - Added sector: Realty, Change: 1.41%
2025-04-29 05:03:44,212 - INFO - Saved sector data to sector.csv
2025-04-29 05:04:44,841 - INFO - Running Nuvama sector data scraper job at 2025-04-29 05:04:44
2025-04-29 05:04:44,844 - INFO - Setting up Chrome driver...
2025-04-29 05:04:44,845 - INFO - ====== WebDriver manager ======
2025-04-29 05:04:47,019 - INFO - Get LATEST chromedriver version for google-chrome
2025-04-29 05:04:47,081 - INFO - Get LATEST chromedriver version for google-chrome
2025-04-29 05:04:47,132 - INFO - Driver [C:\Users\Rajee\.wdm\drivers\chromedriver\win64\135.0.7049.114\chromedriver-win32/chromedriver.exe] found in cache
2025-04-29 05:04:50,777 - INFO - Navigating to https://www.nuvamawealth.com/market/stock-market-index/#key-indices
2025-04-29 05:04:58,285 - INFO - Waiting for page to load...
2025-04-29 05:05:15,950 - INFO - Refreshed page to get latest data
2025-04-29 05:05:25,991 - WARNING - Could not click on SECTOR INDICES tab: Message: no such element: Unable to locate element: {"method":"xpath","selector":"//a[text()='SECTOR INDICES']"}
  (Session info: chrome=135.0.7049.115); For documentation on this error, please visit: https://www.selenium.dev/documentation/webdriver/troubleshooting/errors#no-such-element-exception
Stacktrace:
	GetHandleVerifier [0x00CFD363+60275]
	GetHandleVerifier [0x00CFD3A4+60340]
	(No symbol) [0x00B306F3]
	(No symbol) [0x00B78690]
	(No symbol) [0x00B78A2B]
	(No symbol) [0x00BC0EE2]
	(No symbol) [0x00B9D0D4]
	(No symbol) [0x00BBE6EB]
	(No symbol) [0x00B9CE86]
	(No symbol) [0x00B6C623]
	(No symbol) [0x00B6D474]
	GetHandleVerifier [0x00F48FE3+2467827]
	GetHandleVerifier [0x00F445E6+2448886]
	GetHandleVerifier [0x00F5F80C+2560028]
	GetHandleVerifier [0x00D13DF5+153093]
	GetHandleVerifier [0x00D1A3BD+179149]
	GetHandleVerifier [0x00D04BB8+91080]
	GetHandleVerifier [0x00D04D60+91504]
	GetHandleVerifier [0x00CEFA10+4640]
	BaseThreadInitThunk [0x75C9FCC9+25]
	RtlGetAppContainerNamedObjectPath [0x777082AE+286]
	RtlGetAppContainerNamedObjectPath [0x7770827E+238]

2025-04-29 05:05:26,010 - WARNING - Could not click on second tab: Message: no such element: Unable to locate element: {"method":"css selector","selector":".tab-links li:nth-child(2) a"}
  (Session info: chrome=135.0.7049.115); For documentation on this error, please visit: https://www.selenium.dev/documentation/webdriver/troubleshooting/errors#no-such-element-exception
Stacktrace:
	GetHandleVerifier [0x00CFD363+60275]
	GetHandleVerifier [0x00CFD3A4+60340]
	(No symbol) [0x00B306F3]
	(No symbol) [0x00B78690]
	(No symbol) [0x00B78A2B]
	(No symbol) [0x00BC0EE2]
	(No symbol) [0x00B9D0D4]
	(No symbol) [0x00BBE6EB]
	(No symbol) [0x00B9CE86]
	(No symbol) [0x00B6C623]
	(No symbol) [0x00B6D474]
	GetHandleVerifier [0x00F48FE3+2467827]
	GetHandleVerifier [0x00F445E6+2448886]
	GetHandleVerifier [0x00F5F80C+2560028]
	GetHandleVerifier [0x00D13DF5+153093]
	GetHandleVerifier [0x00D1A3BD+179149]
	GetHandleVerifier [0x00D04BB8+91080]
	GetHandleVerifier [0x00D04D60+91504]
	GetHandleVerifier [0x00CEFA10+4640]
	BaseThreadInitThunk [0x75C9FCC9+25]
	RtlGetAppContainerNamedObjectPath [0x777082AE+286]
	RtlGetAppContainerNamedObjectPath [0x7770827E+238]

2025-04-29 05:05:26,593 - INFO - Saved screenshot of sector tab
2025-04-29 05:05:26,617 - INFO - Found 6 tables on page
2025-04-29 05:05:26,619 - INFO - Checking table 1
2025-04-29 05:05:26,633 - INFO - Checking table 2
2025-04-29 05:05:26,648 - INFO - Found likely sector table (table #2)
2025-04-29 05:05:26,760 - WARNING - Could not find percent change for 
2025-04-29 05:05:26,812 - INFO - Found percent change: 1.63% in '358.45 (1.63%)'
2025-04-29 05:05:26,813 - INFO - Added sector: Auto, Change: 1.63%
2025-04-29 05:05:26,874 - INFO - Found percent change: 1.71% in '582.35 (1.71%)'
2025-04-29 05:05:26,875 - INFO - Added sector: Energy, Change: 1.71%
2025-04-29 05:05:26,936 - INFO - Found percent change: 0.98% in '255.55 (0.98%)'
2025-04-29 05:05:26,936 - INFO - Added sector: Financial Services, Change: 0.98%
2025-04-29 05:05:26,992 - INFO - Found percent change: 0.16% in '87.95 (0.16%)'
2025-04-29 05:05:26,993 - INFO - Added sector: FMCG, Change: 0.16%
2025-04-29 05:05:27,065 - INFO - Found percent change: -0.22% in '-79.30 (-0.22%)'
2025-04-29 05:05:27,065 - INFO - Added sector: IT, Change: -0.22%
2025-04-29 05:05:27,191 - INFO - Found percent change: 0.79% in '12.20 (0.79%)'
2025-04-29 05:05:27,191 - INFO - Added sector: Media, Change: 0.79%
2025-04-29 05:05:27,250 - INFO - Found percent change: 1.4% in '120.15 (1.40%)'
2025-04-29 05:05:27,250 - INFO - Added sector: Metal, Change: 1.4%
2025-04-29 05:05:27,332 - INFO - Found percent change: 1.98% in '425.55 (1.98%)'
2025-04-29 05:05:27,333 - INFO - Added sector: Pharma, Change: 1.98%
2025-04-29 05:05:27,400 - INFO - Found percent change: 2.44% in '159.50 (2.44%)'
2025-04-29 05:05:27,400 - INFO - Added sector: PSU Bank, Change: 2.44%
2025-04-29 05:05:27,460 - INFO - Found percent change: 1.41% in '12.15 (1.41%)'
2025-04-29 05:05:27,461 - INFO - Added sector: Realty, Change: 1.41%
2025-04-29 05:05:30,920 - INFO - Saved sector data to sector.csv
2025-04-29 05:06:31,793 - INFO - Running Nuvama sector data scraper job at 2025-04-29 05:06:31
2025-04-29 05:06:31,793 - INFO - Setting up Chrome driver...
2025-04-29 05:06:31,794 - INFO - ====== WebDriver manager ======
2025-04-29 05:06:33,425 - INFO - Get LATEST chromedriver version for google-chrome
2025-04-29 05:06:33,470 - INFO - Get LATEST chromedriver version for google-chrome
2025-04-29 05:06:33,514 - INFO - Driver [C:\Users\Rajee\.wdm\drivers\chromedriver\win64\135.0.7049.114\chromedriver-win32/chromedriver.exe] found in cache
2025-04-29 05:06:35,164 - INFO - Navigating to https://www.nuvamawealth.com/market/stock-market-index/#key-indices
2025-04-29 05:06:41,507 - INFO - Waiting for page to load...
2025-04-29 05:07:02,158 - INFO - Refreshed page to get latest data
2025-04-29 05:07:12,219 - WARNING - Could not click on SECTOR INDICES tab: Message: no such element: Unable to locate element: {"method":"xpath","selector":"//a[text()='SECTOR INDICES']"}
  (Session info: chrome=135.0.7049.115); For documentation on this error, please visit: https://www.selenium.dev/documentation/webdriver/troubleshooting/errors#no-such-element-exception
Stacktrace:
	GetHandleVerifier [0x00CFD363+60275]
	GetHandleVerifier [0x00CFD3A4+60340]
	(No symbol) [0x00B306F3]
	(No symbol) [0x00B78690]
	(No symbol) [0x00B78A2B]
	(No symbol) [0x00BC0EE2]
	(No symbol) [0x00B9D0D4]
	(No symbol) [0x00BBE6EB]
	(No symbol) [0x00B9CE86]
	(No symbol) [0x00B6C623]
	(No symbol) [0x00B6D474]
	GetHandleVerifier [0x00F48FE3+2467827]
	GetHandleVerifier [0x00F445E6+2448886]
	GetHandleVerifier [0x00F5F80C+2560028]
	GetHandleVerifier [0x00D13DF5+153093]
	GetHandleVerifier [0x00D1A3BD+179149]
	GetHandleVerifier [0x00D04BB8+91080]
	GetHandleVerifier [0x00D04D60+91504]
	GetHandleVerifier [0x00CEFA10+4640]
	BaseThreadInitThunk [0x75C9FCC9+25]
	RtlGetAppContainerNamedObjectPath [0x777082AE+286]
	RtlGetAppContainerNamedObjectPath [0x7770827E+238]

2025-04-29 05:07:12,255 - WARNING - Could not click on second tab: Message: no such element: Unable to locate element: {"method":"css selector","selector":".tab-links li:nth-child(2) a"}
  (Session info: chrome=135.0.7049.115); For documentation on this error, please visit: https://www.selenium.dev/documentation/webdriver/troubleshooting/errors#no-such-element-exception
Stacktrace:
	GetHandleVerifier [0x00CFD363+60275]
	GetHandleVerifier [0x00CFD3A4+60340]
	(No symbol) [0x00B306F3]
	(No symbol) [0x00B78690]
	(No symbol) [0x00B78A2B]
	(No symbol) [0x00BC0EE2]
	(No symbol) [0x00B9D0D4]
	(No symbol) [0x00BBE6EB]
	(No symbol) [0x00B9CE86]
	(No symbol) [0x00B6C623]
	(No symbol) [0x00B6D474]
	GetHandleVerifier [0x00F48FE3+2467827]
	GetHandleVerifier [0x00F445E6+2448886]
	GetHandleVerifier [0x00F5F80C+2560028]
	GetHandleVerifier [0x00D13DF5+153093]
	GetHandleVerifier [0x00D1A3BD+179149]
	GetHandleVerifier [0x00D04BB8+91080]
	GetHandleVerifier [0x00D04D60+91504]
	GetHandleVerifier [0x00CEFA10+4640]
	BaseThreadInitThunk [0x75C9FCC9+25]
	RtlGetAppContainerNamedObjectPath [0x777082AE+286]
	RtlGetAppContainerNamedObjectPath [0x7770827E+238]

2025-04-29 05:07:12,871 - INFO - Saved screenshot of sector tab
2025-04-29 05:07:12,895 - INFO - Found 6 tables on page
2025-04-29 05:07:12,897 - INFO - Checking table 1
2025-04-29 05:07:12,920 - INFO - Checking table 2
2025-04-29 05:07:12,938 - INFO - Found likely sector table (table #2)
2025-04-29 05:07:13,061 - WARNING - Could not find percent change for 
2025-04-29 05:07:13,198 - INFO - Found percent change: 1.63% in '358.45 (1.63%)'
2025-04-29 05:07:13,199 - INFO - Added sector: Auto, Change: 1.63%
2025-04-29 05:07:13,304 - INFO - Found percent change: 1.71% in '582.35 (1.71%)'
2025-04-29 05:07:13,305 - INFO - Added sector: Energy, Change: 1.71%
2025-04-29 05:07:13,378 - INFO - Found percent change: 0.98% in '255.55 (0.98%)'
2025-04-29 05:07:13,379 - INFO - Added sector: Financial Services, Change: 0.98%
2025-04-29 05:07:13,470 - INFO - Found percent change: 0.16% in '87.95 (0.16%)'
2025-04-29 05:07:13,471 - INFO - Added sector: FMCG, Change: 0.16%
2025-04-29 05:07:13,596 - INFO - Found percent change: -0.22% in '-79.30 (-0.22%)'
2025-04-29 05:07:13,596 - INFO - Added sector: IT, Change: -0.22%
2025-04-29 05:07:13,671 - INFO - Found percent change: 0.79% in '12.20 (0.79%)'
2025-04-29 05:07:13,672 - INFO - Added sector: Media, Change: 0.79%
2025-04-29 05:07:13,742 - INFO - Found percent change: 1.4% in '120.15 (1.40%)'
2025-04-29 05:07:13,743 - INFO - Added sector: Metal, Change: 1.4%
2025-04-29 05:07:13,803 - INFO - Found percent change: 1.98% in '425.55 (1.98%)'
2025-04-29 05:07:13,804 - INFO - Added sector: Pharma, Change: 1.98%
2025-04-29 05:07:14,132 - INFO - Found percent change: 2.44% in '159.50 (2.44%)'
2025-04-29 05:07:14,133 - INFO - Added sector: PSU Bank, Change: 2.44%
2025-04-29 05:07:14,256 - INFO - Found percent change: 1.41% in '12.15 (1.41%)'
2025-04-29 05:07:14,257 - INFO - Added sector: Realty, Change: 1.41%
2025-04-29 05:07:16,808 - INFO - Saved sector data to sector.csv
2025-04-29 05:08:17,431 - INFO - Running Nuvama sector data scraper job at 2025-04-29 05:08:17
2025-04-29 05:08:17,432 - INFO - Setting up Chrome driver...
2025-04-29 05:08:17,433 - INFO - ====== WebDriver manager ======
2025-04-29 05:08:18,804 - INFO - Get LATEST chromedriver version for google-chrome
2025-04-29 05:08:18,847 - INFO - Get LATEST chromedriver version for google-chrome
2025-04-29 05:08:18,889 - INFO - Driver [C:\Users\Rajee\.wdm\drivers\chromedriver\win64\135.0.7049.114\chromedriver-win32/chromedriver.exe] found in cache
2025-04-29 05:08:20,356 - INFO - Navigating to https://www.nuvamawealth.com/market/stock-market-index/#key-indices
2025-04-29 05:08:23,970 - INFO - Waiting for page to load...
2025-04-29 05:08:42,111 - INFO - Refreshed page to get latest data
2025-04-29 05:08:52,158 - WARNING - Could not click on SECTOR INDICES tab: Message: no such element: Unable to locate element: {"method":"xpath","selector":"//a[text()='SECTOR INDICES']"}
  (Session info: chrome=135.0.7049.115); For documentation on this error, please visit: https://www.selenium.dev/documentation/webdriver/troubleshooting/errors#no-such-element-exception
Stacktrace:
	GetHandleVerifier [0x00CFD363+60275]
	GetHandleVerifier [0x00CFD3A4+60340]
	(No symbol) [0x00B306F3]
	(No symbol) [0x00B78690]
	(No symbol) [0x00B78A2B]
	(No symbol) [0x00BC0EE2]
	(No symbol) [0x00B9D0D4]
	(No symbol) [0x00BBE6EB]
	(No symbol) [0x00B9CE86]
	(No symbol) [0x00B6C623]
	(No symbol) [0x00B6D474]
	GetHandleVerifier [0x00F48FE3+2467827]
	GetHandleVerifier [0x00F445E6+2448886]
	GetHandleVerifier [0x00F5F80C+2560028]
	GetHandleVerifier [0x00D13DF5+153093]
	GetHandleVerifier [0x00D1A3BD+179149]
	GetHandleVerifier [0x00D04BB8+91080]
	GetHandleVerifier [0x00D04D60+91504]
	GetHandleVerifier [0x00CEFA10+4640]
	BaseThreadInitThunk [0x75C9FCC9+25]
	RtlGetAppContainerNamedObjectPath [0x777082AE+286]
	RtlGetAppContainerNamedObjectPath [0x7770827E+238]

2025-04-29 05:08:52,182 - WARNING - Could not click on second tab: Message: no such element: Unable to locate element: {"method":"css selector","selector":".tab-links li:nth-child(2) a"}
  (Session info: chrome=135.0.7049.115); For documentation on this error, please visit: https://www.selenium.dev/documentation/webdriver/troubleshooting/errors#no-such-element-exception
Stacktrace:
	GetHandleVerifier [0x00CFD363+60275]
	GetHandleVerifier [0x00CFD3A4+60340]
	(No symbol) [0x00B306F3]
	(No symbol) [0x00B78690]
	(No symbol) [0x00B78A2B]
	(No symbol) [0x00BC0EE2]
	(No symbol) [0x00B9D0D4]
	(No symbol) [0x00BBE6EB]
	(No symbol) [0x00B9CE86]
	(No symbol) [0x00B6C623]
	(No symbol) [0x00B6D474]
	GetHandleVerifier [0x00F48FE3+2467827]
	GetHandleVerifier [0x00F445E6+2448886]
	GetHandleVerifier [0x00F5F80C+2560028]
	GetHandleVerifier [0x00D13DF5+153093]
	GetHandleVerifier [0x00D1A3BD+179149]
	GetHandleVerifier [0x00D04BB8+91080]
	GetHandleVerifier [0x00D04D60+91504]
	GetHandleVerifier [0x00CEFA10+4640]
	BaseThreadInitThunk [0x75C9FCC9+25]
	RtlGetAppContainerNamedObjectPath [0x777082AE+286]
	RtlGetAppContainerNamedObjectPath [0x7770827E+238]

2025-04-29 05:08:52,801 - INFO - Saved screenshot of sector tab
2025-04-29 05:08:52,826 - INFO - Found 6 tables on page
2025-04-29 05:08:52,827 - INFO - Checking table 1
2025-04-29 05:08:52,846 - INFO - Checking table 2
2025-04-29 05:08:52,866 - INFO - Found likely sector table (table #2)
2025-04-29 05:08:52,993 - WARNING - Could not find percent change for 
2025-04-29 05:08:53,074 - INFO - Found percent change: 1.63% in '358.45 (1.63%)'
2025-04-29 05:08:53,075 - INFO - Added sector: Auto, Change: 1.63%
2025-04-29 05:08:53,155 - INFO - Found percent change: 1.71% in '582.35 (1.71%)'
2025-04-29 05:08:53,155 - INFO - Added sector: Energy, Change: 1.71%
2025-04-29 05:08:53,208 - INFO - Found percent change: 0.98% in '255.55 (0.98%)'
2025-04-29 05:08:53,209 - INFO - Added sector: Financial Services, Change: 0.98%
2025-04-29 05:08:53,259 - INFO - Found percent change: 0.16% in '87.95 (0.16%)'
2025-04-29 05:08:53,259 - INFO - Added sector: FMCG, Change: 0.16%
2025-04-29 05:08:53,313 - INFO - Found percent change: -0.22% in '-79.30 (-0.22%)'
2025-04-29 05:08:53,313 - INFO - Added sector: IT, Change: -0.22%
2025-04-29 05:08:53,370 - INFO - Found percent change: 0.79% in '12.20 (0.79%)'
2025-04-29 05:08:53,371 - INFO - Added sector: Media, Change: 0.79%
2025-04-29 05:08:53,432 - INFO - Found percent change: 1.4% in '120.15 (1.40%)'
2025-04-29 05:08:53,433 - INFO - Added sector: Metal, Change: 1.4%
2025-04-29 05:08:53,498 - INFO - Found percent change: 1.98% in '425.55 (1.98%)'
2025-04-29 05:08:53,498 - INFO - Added sector: Pharma, Change: 1.98%
2025-04-29 05:08:53,560 - INFO - Found percent change: 2.44% in '159.50 (2.44%)'
2025-04-29 05:08:53,560 - INFO - Added sector: PSU Bank, Change: 2.44%
2025-04-29 05:08:53,666 - INFO - Found percent change: 1.41% in '12.15 (1.41%)'
2025-04-29 05:08:53,669 - INFO - Added sector: Realty, Change: 1.41%
2025-04-29 05:08:57,187 - INFO - Saved sector data to sector.csv
2025-04-29 05:09:57,821 - INFO - Running Nuvama sector data scraper job at 2025-04-29 05:09:57
2025-04-29 05:09:57,826 - INFO - Setting up Chrome driver...
2025-04-29 05:09:57,827 - INFO - ====== WebDriver manager ======
2025-04-29 05:09:59,736 - INFO - Get LATEST chromedriver version for google-chrome
2025-04-29 05:09:59,783 - INFO - Get LATEST chromedriver version for google-chrome
2025-04-29 05:09:59,829 - INFO - Driver [C:\Users\Rajee\.wdm\drivers\chromedriver\win64\135.0.7049.114\chromedriver-win32/chromedriver.exe] found in cache
2025-04-29 05:10:06,326 - INFO - Navigating to https://www.nuvamawealth.com/market/stock-market-index/#key-indices
2025-04-29 05:10:07,044 - INFO - Waiting for page to load...
2025-04-29 05:10:27,362 - INFO - Refreshed page to get latest data
2025-04-29 05:10:37,406 - WARNING - Could not click on SECTOR INDICES tab: Message: no such element: Unable to locate element: {"method":"xpath","selector":"//a[text()='SECTOR INDICES']"}
  (Session info: chrome=135.0.7049.115); For documentation on this error, please visit: https://www.selenium.dev/documentation/webdriver/troubleshooting/errors#no-such-element-exception
Stacktrace:
	GetHandleVerifier [0x00CFD363+60275]
	GetHandleVerifier [0x00CFD3A4+60340]
	(No symbol) [0x00B306F3]
	(No symbol) [0x00B78690]
	(No symbol) [0x00B78A2B]
	(No symbol) [0x00BC0EE2]
	(No symbol) [0x00B9D0D4]
	(No symbol) [0x00BBE6EB]
	(No symbol) [0x00B9CE86]
	(No symbol) [0x00B6C623]
	(No symbol) [0x00B6D474]
	GetHandleVerifier [0x00F48FE3+2467827]
	GetHandleVerifier [0x00F445E6+2448886]
	GetHandleVerifier [0x00F5F80C+2560028]
	GetHandleVerifier [0x00D13DF5+153093]
	GetHandleVerifier [0x00D1A3BD+179149]
	GetHandleVerifier [0x00D04BB8+91080]
	GetHandleVerifier [0x00D04D60+91504]
	GetHandleVerifier [0x00CEFA10+4640]
	BaseThreadInitThunk [0x75C9FCC9+25]
	RtlGetAppContainerNamedObjectPath [0x777082AE+286]
	RtlGetAppContainerNamedObjectPath [0x7770827E+238]

2025-04-29 05:10:37,423 - WARNING - Could not click on second tab: Message: no such element: Unable to locate element: {"method":"css selector","selector":".tab-links li:nth-child(2) a"}
  (Session info: chrome=135.0.7049.115); For documentation on this error, please visit: https://www.selenium.dev/documentation/webdriver/troubleshooting/errors#no-such-element-exception
Stacktrace:
	GetHandleVerifier [0x00CFD363+60275]
	GetHandleVerifier [0x00CFD3A4+60340]
	(No symbol) [0x00B306F3]
	(No symbol) [0x00B78690]
	(No symbol) [0x00B78A2B]
	(No symbol) [0x00BC0EE2]
	(No symbol) [0x00B9D0D4]
	(No symbol) [0x00BBE6EB]
	(No symbol) [0x00B9CE86]
	(No symbol) [0x00B6C623]
	(No symbol) [0x00B6D474]
	GetHandleVerifier [0x00F48FE3+2467827]
	GetHandleVerifier [0x00F445E6+2448886]
	GetHandleVerifier [0x00F5F80C+2560028]
	GetHandleVerifier [0x00D13DF5+153093]
	GetHandleVerifier [0x00D1A3BD+179149]
	GetHandleVerifier [0x00D04BB8+91080]
	GetHandleVerifier [0x00D04D60+91504]
	GetHandleVerifier [0x00CEFA10+4640]
	BaseThreadInitThunk [0x75C9FCC9+25]
	RtlGetAppContainerNamedObjectPath [0x777082AE+286]
	RtlGetAppContainerNamedObjectPath [0x7770827E+238]

2025-04-29 05:10:37,912 - INFO - Saved screenshot of sector tab
2025-04-29 05:10:37,968 - INFO - Found 6 tables on page
2025-04-29 05:10:37,969 - INFO - Checking table 1
2025-04-29 05:10:38,053 - INFO - Checking table 2
2025-04-29 05:10:38,077 - INFO - Found likely sector table (table #2)
2025-04-29 05:10:38,155 - WARNING - Could not find percent change for 
2025-04-29 05:10:38,207 - INFO - Found percent change: 1.63% in '358.45 (1.63%)'
2025-04-29 05:10:38,207 - INFO - Added sector: Auto, Change: 1.63%
2025-04-29 05:10:38,266 - INFO - Found percent change: 1.71% in '582.35 (1.71%)'
2025-04-29 05:10:38,267 - INFO - Added sector: Energy, Change: 1.71%
2025-04-29 05:10:38,360 - INFO - Found percent change: 0.98% in '255.55 (0.98%)'
2025-04-29 05:10:38,361 - INFO - Added sector: Financial Services, Change: 0.98%
2025-04-29 05:10:38,461 - INFO - Found percent change: 0.16% in '87.95 (0.16%)'
2025-04-29 05:10:38,465 - INFO - Added sector: FMCG, Change: 0.16%
2025-04-29 05:10:38,538 - INFO - Found percent change: -0.22% in '-79.30 (-0.22%)'
2025-04-29 05:10:38,538 - INFO - Added sector: IT, Change: -0.22%
2025-04-29 05:10:38,615 - INFO - Found percent change: 0.79% in '12.20 (0.79%)'
2025-04-29 05:10:38,616 - INFO - Added sector: Media, Change: 0.79%
2025-04-29 05:10:38,688 - INFO - Found percent change: 1.4% in '120.15 (1.40%)'
2025-04-29 05:10:38,689 - INFO - Added sector: Metal, Change: 1.4%
2025-04-29 05:10:38,752 - INFO - Found percent change: 1.98% in '425.55 (1.98%)'
2025-04-29 05:10:38,753 - INFO - Added sector: Pharma, Change: 1.98%
2025-04-29 05:10:38,819 - INFO - Found percent change: 2.44% in '159.50 (2.44%)'
2025-04-29 05:10:38,820 - INFO - Added sector: PSU Bank, Change: 2.44%
2025-04-29 05:10:38,869 - INFO - Found percent change: 1.41% in '12.15 (1.41%)'
2025-04-29 05:10:38,870 - INFO - Added sector: Realty, Change: 1.41%
2025-04-29 05:10:41,874 - INFO - Saved sector data to sector.csv
2025-04-29 05:11:42,575 - INFO - Running Nuvama sector data scraper job at 2025-04-29 05:11:42
2025-04-29 05:11:42,575 - INFO - Setting up Chrome driver...
2025-04-29 05:11:42,577 - INFO - ====== WebDriver manager ======
2025-04-29 05:11:44,355 - INFO - Get LATEST chromedriver version for google-chrome
2025-04-29 05:11:44,401 - INFO - Get LATEST chromedriver version for google-chrome
2025-04-29 05:11:44,448 - INFO - Driver [C:\Users\Rajee\.wdm\drivers\chromedriver\win64\135.0.7049.114\chromedriver-win32/chromedriver.exe] found in cache
2025-04-29 05:11:46,108 - INFO - Navigating to https://www.nuvamawealth.com/market/stock-market-index/#key-indices
2025-04-29 05:11:46,861 - INFO - Waiting for page to load...
2025-04-29 05:12:03,604 - INFO - Refreshed page to get latest data
2025-04-29 05:12:13,633 - WARNING - Could not click on SECTOR INDICES tab: Message: no such element: Unable to locate element: {"method":"xpath","selector":"//a[text()='SECTOR INDICES']"}
  (Session info: chrome=135.0.7049.115); For documentation on this error, please visit: https://www.selenium.dev/documentation/webdriver/troubleshooting/errors#no-such-element-exception
Stacktrace:
	GetHandleVerifier [0x00CFD363+60275]
	GetHandleVerifier [0x00CFD3A4+60340]
	(No symbol) [0x00B306F3]
	(No symbol) [0x00B78690]
	(No symbol) [0x00B78A2B]
	(No symbol) [0x00BC0EE2]
	(No symbol) [0x00B9D0D4]
	(No symbol) [0x00BBE6EB]
	(No symbol) [0x00B9CE86]
	(No symbol) [0x00B6C623]
	(No symbol) [0x00B6D474]
	GetHandleVerifier [0x00F48FE3+2467827]
	GetHandleVerifier [0x00F445E6+2448886]
	GetHandleVerifier [0x00F5F80C+2560028]
	GetHandleVerifier [0x00D13DF5+153093]
	GetHandleVerifier [0x00D1A3BD+179149]
	GetHandleVerifier [0x00D04BB8+91080]
	GetHandleVerifier [0x00D04D60+91504]
	GetHandleVerifier [0x00CEFA10+4640]
	BaseThreadInitThunk [0x75C9FCC9+25]
	RtlGetAppContainerNamedObjectPath [0x777082AE+286]
	RtlGetAppContainerNamedObjectPath [0x7770827E+238]

2025-04-29 05:12:13,654 - WARNING - Could not click on second tab: Message: no such element: Unable to locate element: {"method":"css selector","selector":".tab-links li:nth-child(2) a"}
  (Session info: chrome=135.0.7049.115); For documentation on this error, please visit: https://www.selenium.dev/documentation/webdriver/troubleshooting/errors#no-such-element-exception
Stacktrace:
	GetHandleVerifier [0x00CFD363+60275]
	GetHandleVerifier [0x00CFD3A4+60340]
	(No symbol) [0x00B306F3]
	(No symbol) [0x00B78690]
	(No symbol) [0x00B78A2B]
	(No symbol) [0x00BC0EE2]
	(No symbol) [0x00B9D0D4]
	(No symbol) [0x00BBE6EB]
	(No symbol) [0x00B9CE86]
	(No symbol) [0x00B6C623]
	(No symbol) [0x00B6D474]
	GetHandleVerifier [0x00F48FE3+2467827]
	GetHandleVerifier [0x00F445E6+2448886]
	GetHandleVerifier [0x00F5F80C+2560028]
	GetHandleVerifier [0x00D13DF5+153093]
	GetHandleVerifier [0x00D1A3BD+179149]
	GetHandleVerifier [0x00D04BB8+91080]
	GetHandleVerifier [0x00D04D60+91504]
	GetHandleVerifier [0x00CEFA10+4640]
	BaseThreadInitThunk [0x75C9FCC9+25]
	RtlGetAppContainerNamedObjectPath [0x777082AE+286]
	RtlGetAppContainerNamedObjectPath [0x7770827E+238]

2025-04-29 05:12:14,304 - INFO - Saved screenshot of sector tab
2025-04-29 05:12:14,328 - INFO - Found 6 tables on page
2025-04-29 05:12:14,329 - INFO - Checking table 1
2025-04-29 05:12:14,340 - INFO - Checking table 2
2025-04-29 05:12:14,361 - INFO - Found likely sector table (table #2)
2025-04-29 05:12:14,470 - WARNING - Could not find percent change for 
2025-04-29 05:12:14,546 - INFO - Found percent change: 1.63% in '358.45 (1.63%)'
2025-04-29 05:12:14,546 - INFO - Added sector: Auto, Change: 1.63%
2025-04-29 05:12:14,607 - INFO - Found percent change: 1.71% in '582.35 (1.71%)'
2025-04-29 05:12:14,608 - INFO - Added sector: Energy, Change: 1.71%
2025-04-29 05:12:14,661 - INFO - Found percent change: 0.98% in '255.55 (0.98%)'
2025-04-29 05:12:14,662 - INFO - Added sector: Financial Services, Change: 0.98%
2025-04-29 05:12:14,720 - INFO - Found percent change: 0.16% in '87.95 (0.16%)'
2025-04-29 05:12:14,720 - INFO - Added sector: FMCG, Change: 0.16%
2025-04-29 05:12:14,778 - INFO - Found percent change: -0.22% in '-79.30 (-0.22%)'
2025-04-29 05:12:14,778 - INFO - Added sector: IT, Change: -0.22%
2025-04-29 05:12:14,833 - INFO - Found percent change: 0.79% in '12.20 (0.79%)'
2025-04-29 05:12:14,834 - INFO - Added sector: Media, Change: 0.79%
2025-04-29 05:12:14,879 - INFO - Found percent change: 1.4% in '120.15 (1.40%)'
2025-04-29 05:12:14,880 - INFO - Added sector: Metal, Change: 1.4%
2025-04-29 05:12:14,929 - INFO - Found percent change: 1.98% in '425.55 (1.98%)'
2025-04-29 05:12:14,929 - INFO - Added sector: Pharma, Change: 1.98%
2025-04-29 05:12:14,977 - INFO - Found percent change: 2.44% in '159.50 (2.44%)'
2025-04-29 05:12:14,977 - INFO - Added sector: PSU Bank, Change: 2.44%
2025-04-29 05:12:15,027 - INFO - Found percent change: 1.41% in '12.15 (1.41%)'
2025-04-29 05:12:15,027 - INFO - Added sector: Realty, Change: 1.41%
2025-04-29 05:12:19,070 - INFO - Saved sector data to sector.csv
2025-04-29 05:13:19,722 - INFO - Running Nuvama sector data scraper job at 2025-04-29 05:13:19
2025-04-29 05:13:19,723 - INFO - Setting up Chrome driver...
2025-04-29 05:13:19,724 - INFO - ====== WebDriver manager ======
2025-04-29 05:13:20,990 - INFO - Get LATEST chromedriver version for google-chrome
2025-04-29 05:13:21,053 - INFO - Get LATEST chromedriver version for google-chrome
2025-04-29 05:13:21,098 - INFO - Driver [C:\Users\Rajee\.wdm\drivers\chromedriver\win64\135.0.7049.114\chromedriver-win32/chromedriver.exe] found in cache
2025-04-29 05:13:22,462 - INFO - Navigating to https://www.nuvamawealth.com/market/stock-market-index/#key-indices
2025-04-29 05:13:26,421 - INFO - Waiting for page to load...
2025-04-29 05:13:45,279 - INFO - Refreshed page to get latest data
2025-04-29 05:13:55,309 - WARNING - Could not click on SECTOR INDICES tab: Message: no such element: Unable to locate element: {"method":"xpath","selector":"//a[text()='SECTOR INDICES']"}
  (Session info: chrome=135.0.7049.115); For documentation on this error, please visit: https://www.selenium.dev/documentation/webdriver/troubleshooting/errors#no-such-element-exception
Stacktrace:
	GetHandleVerifier [0x00CFD363+60275]
	GetHandleVerifier [0x00CFD3A4+60340]
	(No symbol) [0x00B306F3]
	(No symbol) [0x00B78690]
	(No symbol) [0x00B78A2B]
	(No symbol) [0x00BC0EE2]
	(No symbol) [0x00B9D0D4]
	(No symbol) [0x00BBE6EB]
	(No symbol) [0x00B9CE86]
	(No symbol) [0x00B6C623]
	(No symbol) [0x00B6D474]
	GetHandleVerifier [0x00F48FE3+2467827]
	GetHandleVerifier [0x00F445E6+2448886]
	GetHandleVerifier [0x00F5F80C+2560028]
	GetHandleVerifier [0x00D13DF5+153093]
	GetHandleVerifier [0x00D1A3BD+179149]
	GetHandleVerifier [0x00D04BB8+91080]
	GetHandleVerifier [0x00D04D60+91504]
	GetHandleVerifier [0x00CEFA10+4640]
	BaseThreadInitThunk [0x75C9FCC9+25]
	RtlGetAppContainerNamedObjectPath [0x777082AE+286]
	RtlGetAppContainerNamedObjectPath [0x7770827E+238]

2025-04-29 05:13:55,334 - WARNING - Could not click on second tab: Message: no such element: Unable to locate element: {"method":"css selector","selector":".tab-links li:nth-child(2) a"}
  (Session info: chrome=135.0.7049.115); For documentation on this error, please visit: https://www.selenium.dev/documentation/webdriver/troubleshooting/errors#no-such-element-exception
Stacktrace:
	GetHandleVerifier [0x00CFD363+60275]
	GetHandleVerifier [0x00CFD3A4+60340]
	(No symbol) [0x00B306F3]
	(No symbol) [0x00B78690]
	(No symbol) [0x00B78A2B]
	(No symbol) [0x00BC0EE2]
	(No symbol) [0x00B9D0D4]
	(No symbol) [0x00BBE6EB]
	(No symbol) [0x00B9CE86]
	(No symbol) [0x00B6C623]
	(No symbol) [0x00B6D474]
	GetHandleVerifier [0x00F48FE3+2467827]
	GetHandleVerifier [0x00F445E6+2448886]
	GetHandleVerifier [0x00F5F80C+2560028]
	GetHandleVerifier [0x00D13DF5+153093]
	GetHandleVerifier [0x00D1A3BD+179149]
	GetHandleVerifier [0x00D04BB8+91080]
	GetHandleVerifier [0x00D04D60+91504]
	GetHandleVerifier [0x00CEFA10+4640]
	BaseThreadInitThunk [0x75C9FCC9+25]
	RtlGetAppContainerNamedObjectPath [0x777082AE+286]
	RtlGetAppContainerNamedObjectPath [0x7770827E+238]

2025-04-29 05:13:55,567 - INFO - Saved screenshot of sector tab
2025-04-29 05:13:55,583 - INFO - Found 6 tables on page
2025-04-29 05:13:55,584 - INFO - Checking table 1
2025-04-29 05:13:55,602 - INFO - Checking table 2
2025-04-29 05:13:55,616 - INFO - Found likely sector table (table #2)
2025-04-29 05:13:55,713 - WARNING - Could not find percent change for 
2025-04-29 05:13:55,774 - INFO - Found percent change: 1.63% in '358.45 (1.63%)'
2025-04-29 05:13:55,775 - INFO - Added sector: Auto, Change: 1.63%
2025-04-29 05:13:55,853 - INFO - Found percent change: 1.71% in '582.35 (1.71%)'
2025-04-29 05:13:55,853 - INFO - Added sector: Energy, Change: 1.71%
2025-04-29 05:13:55,927 - INFO - Found percent change: 0.98% in '255.55 (0.98%)'
2025-04-29 05:13:55,928 - INFO - Added sector: Financial Services, Change: 0.98%
2025-04-29 05:13:55,987 - INFO - Found percent change: 0.16% in '87.95 (0.16%)'
2025-04-29 05:13:55,988 - INFO - Added sector: FMCG, Change: 0.16%
2025-04-29 05:13:56,073 - INFO - Found percent change: -0.22% in '-79.30 (-0.22%)'
2025-04-29 05:13:56,075 - INFO - Added sector: IT, Change: -0.22%
2025-04-29 05:13:56,154 - INFO - Found percent change: 0.79% in '12.20 (0.79%)'
2025-04-29 05:13:56,155 - INFO - Added sector: Media, Change: 0.79%
2025-04-29 05:13:56,215 - INFO - Found percent change: 1.4% in '120.15 (1.40%)'
2025-04-29 05:13:56,215 - INFO - Added sector: Metal, Change: 1.4%
2025-04-29 05:13:56,295 - INFO - Found percent change: 1.98% in '425.55 (1.98%)'
2025-04-29 05:13:56,296 - INFO - Added sector: Pharma, Change: 1.98%
2025-04-29 05:13:56,382 - INFO - Found percent change: 2.44% in '159.50 (2.44%)'
2025-04-29 05:13:56,383 - INFO - Added sector: PSU Bank, Change: 2.44%
2025-04-29 05:13:56,442 - INFO - Found percent change: 1.41% in '12.15 (1.41%)'
2025-04-29 05:13:56,443 - INFO - Added sector: Realty, Change: 1.41%
2025-04-29 05:13:59,344 - INFO - Saved sector data to sector.csv
2025-04-29 05:15:00,062 - INFO - Running Nuvama sector data scraper job at 2025-04-29 05:15:00
2025-04-29 05:15:00,066 - INFO - Setting up Chrome driver...
2025-04-29 05:15:00,068 - INFO - ====== WebDriver manager ======
2025-04-29 05:15:04,439 - INFO - Get LATEST chromedriver version for google-chrome
2025-04-29 05:15:04,496 - INFO - Get LATEST chromedriver version for google-chrome
2025-04-29 05:15:04,553 - INFO - Driver [C:\Users\Rajee\.wdm\drivers\chromedriver\win64\135.0.7049.114\chromedriver-win32/chromedriver.exe] found in cache
2025-04-29 05:15:07,758 - INFO - Navigating to https://www.nuvamawealth.com/market/stock-market-index/#key-indices
2025-04-29 05:15:11,465 - INFO - Waiting for page to load...
2025-04-29 05:15:30,059 - INFO - Refreshed page to get latest data
2025-04-29 05:15:40,089 - WARNING - Could not click on SECTOR INDICES tab: Message: no such element: Unable to locate element: {"method":"xpath","selector":"//a[text()='SECTOR INDICES']"}
  (Session info: chrome=135.0.7049.115); For documentation on this error, please visit: https://www.selenium.dev/documentation/webdriver/troubleshooting/errors#no-such-element-exception
Stacktrace:
	GetHandleVerifier [0x00CFD363+60275]
	GetHandleVerifier [0x00CFD3A4+60340]
	(No symbol) [0x00B306F3]
	(No symbol) [0x00B78690]
	(No symbol) [0x00B78A2B]
	(No symbol) [0x00BC0EE2]
	(No symbol) [0x00B9D0D4]
	(No symbol) [0x00BBE6EB]
	(No symbol) [0x00B9CE86]
	(No symbol) [0x00B6C623]
	(No symbol) [0x00B6D474]
	GetHandleVerifier [0x00F48FE3+2467827]
	GetHandleVerifier [0x00F445E6+2448886]
	GetHandleVerifier [0x00F5F80C+2560028]
	GetHandleVerifier [0x00D13DF5+153093]
	GetHandleVerifier [0x00D1A3BD+179149]
	GetHandleVerifier [0x00D04BB8+91080]
	GetHandleVerifier [0x00D04D60+91504]
	GetHandleVerifier [0x00CEFA10+4640]
	BaseThreadInitThunk [0x75C9FCC9+25]
	RtlGetAppContainerNamedObjectPath [0x777082AE+286]
	RtlGetAppContainerNamedObjectPath [0x7770827E+238]

2025-04-29 05:15:40,108 - WARNING - Could not click on second tab: Message: no such element: Unable to locate element: {"method":"css selector","selector":".tab-links li:nth-child(2) a"}
  (Session info: chrome=135.0.7049.115); For documentation on this error, please visit: https://www.selenium.dev/documentation/webdriver/troubleshooting/errors#no-such-element-exception
Stacktrace:
	GetHandleVerifier [0x00CFD363+60275]
	GetHandleVerifier [0x00CFD3A4+60340]
	(No symbol) [0x00B306F3]
	(No symbol) [0x00B78690]
	(No symbol) [0x00B78A2B]
	(No symbol) [0x00BC0EE2]
	(No symbol) [0x00B9D0D4]
	(No symbol) [0x00BBE6EB]
	(No symbol) [0x00B9CE86]
	(No symbol) [0x00B6C623]
	(No symbol) [0x00B6D474]
	GetHandleVerifier [0x00F48FE3+2467827]
	GetHandleVerifier [0x00F445E6+2448886]
	GetHandleVerifier [0x00F5F80C+2560028]
	GetHandleVerifier [0x00D13DF5+153093]
	GetHandleVerifier [0x00D1A3BD+179149]
	GetHandleVerifier [0x00D04BB8+91080]
	GetHandleVerifier [0x00D04D60+91504]
	GetHandleVerifier [0x00CEFA10+4640]
	BaseThreadInitThunk [0x75C9FCC9+25]
	RtlGetAppContainerNamedObjectPath [0x777082AE+286]
	RtlGetAppContainerNamedObjectPath [0x7770827E+238]

2025-04-29 05:15:40,288 - INFO - Saved screenshot of sector tab
2025-04-29 05:15:40,303 - INFO - Found 6 tables on page
2025-04-29 05:15:40,304 - INFO - Checking table 1
2025-04-29 05:15:40,317 - INFO - Checking table 2
2025-04-29 05:15:40,327 - INFO - Found likely sector table (table #2)
2025-04-29 05:15:40,409 - WARNING - Could not find percent change for 
2025-04-29 05:15:40,473 - INFO - Found percent change: 1.63% in '358.45 (1.63%)'
2025-04-29 05:15:40,473 - INFO - Added sector: Auto, Change: 1.63%
2025-04-29 05:15:40,542 - INFO - Found percent change: 1.71% in '582.35 (1.71%)'
2025-04-29 05:15:40,543 - INFO - Added sector: Energy, Change: 1.71%
2025-04-29 05:15:40,605 - INFO - Found percent change: 0.98% in '255.55 (0.98%)'
2025-04-29 05:15:40,605 - INFO - Added sector: Financial Services, Change: 0.98%
2025-04-29 05:15:40,652 - INFO - Found percent change: 0.16% in '87.95 (0.16%)'
2025-04-29 05:15:40,653 - INFO - Added sector: FMCG, Change: 0.16%
2025-04-29 05:15:40,713 - INFO - Found percent change: -0.22% in '-79.30 (-0.22%)'
2025-04-29 05:15:40,713 - INFO - Added sector: IT, Change: -0.22%
2025-04-29 05:15:40,758 - INFO - Found percent change: 0.79% in '12.20 (0.79%)'
2025-04-29 05:15:40,758 - INFO - Added sector: Media, Change: 0.79%
2025-04-29 05:15:40,802 - INFO - Found percent change: 1.4% in '120.15 (1.40%)'
2025-04-29 05:15:40,802 - INFO - Added sector: Metal, Change: 1.4%
2025-04-29 05:15:40,851 - INFO - Found percent change: 1.98% in '425.55 (1.98%)'
2025-04-29 05:15:40,851 - INFO - Added sector: Pharma, Change: 1.98%
2025-04-29 05:15:40,909 - INFO - Found percent change: 2.44% in '159.50 (2.44%)'
2025-04-29 05:15:40,909 - INFO - Added sector: PSU Bank, Change: 2.44%
2025-04-29 05:15:40,973 - INFO - Found percent change: 1.41% in '12.15 (1.41%)'
2025-04-29 05:15:40,973 - INFO - Added sector: Realty, Change: 1.41%
2025-04-29 05:15:43,865 - INFO - Saved sector data to sector.csv
2025-04-29 05:16:44,636 - INFO - Running Nuvama sector data scraper job at 2025-04-29 05:16:44
2025-04-29 05:16:44,637 - INFO - Setting up Chrome driver...
2025-04-29 05:16:44,638 - INFO - ====== WebDriver manager ======
2025-04-29 05:16:47,360 - INFO - Get LATEST chromedriver version for google-chrome
2025-04-29 05:16:47,410 - INFO - Get LATEST chromedriver version for google-chrome
2025-04-29 05:16:47,458 - INFO - Driver [C:\Users\Rajee\.wdm\drivers\chromedriver\win64\135.0.7049.114\chromedriver-win32/chromedriver.exe] found in cache
2025-04-29 05:16:50,355 - INFO - Navigating to https://www.nuvamawealth.com/market/stock-market-index/#key-indices
2025-04-29 05:16:57,450 - INFO - Waiting for page to load...
2025-04-29 05:17:14,731 - INFO - Refreshed page to get latest data
2025-04-29 05:17:24,757 - WARNING - Could not click on SECTOR INDICES tab: Message: no such element: Unable to locate element: {"method":"xpath","selector":"//a[text()='SECTOR INDICES']"}
  (Session info: chrome=135.0.7049.115); For documentation on this error, please visit: https://www.selenium.dev/documentation/webdriver/troubleshooting/errors#no-such-element-exception
Stacktrace:
	GetHandleVerifier [0x00CFD363+60275]
	GetHandleVerifier [0x00CFD3A4+60340]
	(No symbol) [0x00B306F3]
	(No symbol) [0x00B78690]
	(No symbol) [0x00B78A2B]
	(No symbol) [0x00BC0EE2]
	(No symbol) [0x00B9D0D4]
	(No symbol) [0x00BBE6EB]
	(No symbol) [0x00B9CE86]
	(No symbol) [0x00B6C623]
	(No symbol) [0x00B6D474]
	GetHandleVerifier [0x00F48FE3+2467827]
	GetHandleVerifier [0x00F445E6+2448886]
	GetHandleVerifier [0x00F5F80C+2560028]
	GetHandleVerifier [0x00D13DF5+153093]
	GetHandleVerifier [0x00D1A3BD+179149]
	GetHandleVerifier [0x00D04BB8+91080]
	GetHandleVerifier [0x00D04D60+91504]
	GetHandleVerifier [0x00CEFA10+4640]
	BaseThreadInitThunk [0x75C9FCC9+25]
	RtlGetAppContainerNamedObjectPath [0x777082AE+286]
	RtlGetAppContainerNamedObjectPath [0x7770827E+238]

2025-04-29 05:17:24,778 - WARNING - Could not click on second tab: Message: no such element: Unable to locate element: {"method":"css selector","selector":".tab-links li:nth-child(2) a"}
  (Session info: chrome=135.0.7049.115); For documentation on this error, please visit: https://www.selenium.dev/documentation/webdriver/troubleshooting/errors#no-such-element-exception
Stacktrace:
	GetHandleVerifier [0x00CFD363+60275]
	GetHandleVerifier [0x00CFD3A4+60340]
	(No symbol) [0x00B306F3]
	(No symbol) [0x00B78690]
	(No symbol) [0x00B78A2B]
	(No symbol) [0x00BC0EE2]
	(No symbol) [0x00B9D0D4]
	(No symbol) [0x00BBE6EB]
	(No symbol) [0x00B9CE86]
	(No symbol) [0x00B6C623]
	(No symbol) [0x00B6D474]
	GetHandleVerifier [0x00F48FE3+2467827]
	GetHandleVerifier [0x00F445E6+2448886]
	GetHandleVerifier [0x00F5F80C+2560028]
	GetHandleVerifier [0x00D13DF5+153093]
	GetHandleVerifier [0x00D1A3BD+179149]
	GetHandleVerifier [0x00D04BB8+91080]
	GetHandleVerifier [0x00D04D60+91504]
	GetHandleVerifier [0x00CEFA10+4640]
	BaseThreadInitThunk [0x75C9FCC9+25]
	RtlGetAppContainerNamedObjectPath [0x777082AE+286]
	RtlGetAppContainerNamedObjectPath [0x7770827E+238]

2025-04-29 05:17:25,356 - INFO - Saved screenshot of sector tab
2025-04-29 05:17:25,372 - INFO - Found 6 tables on page
2025-04-29 05:17:25,373 - INFO - Checking table 1
2025-04-29 05:17:25,382 - INFO - Checking table 2
2025-04-29 05:17:25,391 - INFO - Found likely sector table (table #2)
2025-04-29 05:17:25,477 - WARNING - Could not find percent change for 
2025-04-29 05:17:25,539 - INFO - Found percent change: 1.63% in '358.45 (1.63%)'
2025-04-29 05:17:25,539 - INFO - Added sector: Auto, Change: 1.63%
2025-04-29 05:17:25,597 - INFO - Found percent change: 1.71% in '582.35 (1.71%)'
2025-04-29 05:17:25,597 - INFO - Added sector: Energy, Change: 1.71%
2025-04-29 05:17:25,688 - INFO - Found percent change: 0.98% in '255.55 (0.98%)'
2025-04-29 05:17:25,688 - INFO - Added sector: Financial Services, Change: 0.98%
2025-04-29 05:17:26,207 - INFO - Found percent change: 0.16% in '87.95 (0.16%)'
2025-04-29 05:17:26,207 - INFO - Added sector: FMCG, Change: 0.16%
2025-04-29 05:17:26,311 - INFO - Found percent change: -0.22% in '-79.30 (-0.22%)'
2025-04-29 05:17:26,311 - INFO - Added sector: IT, Change: -0.22%
2025-04-29 05:17:26,375 - INFO - Found percent change: 0.79% in '12.20 (0.79%)'
2025-04-29 05:17:26,375 - INFO - Added sector: Media, Change: 0.79%
2025-04-29 05:17:26,450 - INFO - Found percent change: 1.4% in '120.15 (1.40%)'
2025-04-29 05:17:26,451 - INFO - Added sector: Metal, Change: 1.4%
2025-04-29 05:17:26,555 - INFO - Found percent change: 1.98% in '425.55 (1.98%)'
2025-04-29 05:17:26,555 - INFO - Added sector: Pharma, Change: 1.98%
2025-04-29 05:17:26,628 - INFO - Found percent change: 2.44% in '159.50 (2.44%)'
2025-04-29 05:17:26,629 - INFO - Added sector: PSU Bank, Change: 2.44%
2025-04-29 05:17:26,699 - INFO - Found percent change: 1.41% in '12.15 (1.41%)'
2025-04-29 05:17:26,699 - INFO - Added sector: Realty, Change: 1.41%
2025-04-29 05:17:29,316 - INFO - Saved sector data to sector.csv
2025-04-29 05:18:29,403 - INFO - Running Nuvama sector data scraper job at 2025-04-29 05:18:29
2025-04-29 05:18:29,405 - INFO - Setting up Chrome driver...
2025-04-29 05:18:29,406 - INFO - ====== WebDriver manager ======
2025-04-29 05:18:31,280 - INFO - Get LATEST chromedriver version for google-chrome
2025-04-29 05:18:31,340 - INFO - Get LATEST chromedriver version for google-chrome
2025-04-29 05:18:31,390 - INFO - Driver [C:\Users\Rajee\.wdm\drivers\chromedriver\win64\135.0.7049.114\chromedriver-win32/chromedriver.exe] found in cache
2025-04-29 05:18:33,842 - INFO - Navigating to https://www.nuvamawealth.com/market/stock-market-index/#key-indices
2025-04-29 05:18:38,498 - INFO - Waiting for page to load...
2025-04-29 05:18:57,016 - INFO - Refreshed page to get latest data
2025-04-29 05:19:07,464 - WARNING - Could not click on SECTOR INDICES tab: Message: no such element: Unable to locate element: {"method":"xpath","selector":"//a[text()='SECTOR INDICES']"}
  (Session info: chrome=135.0.7049.115); For documentation on this error, please visit: https://www.selenium.dev/documentation/webdriver/troubleshooting/errors#no-such-element-exception
Stacktrace:
	GetHandleVerifier [0x00CFD363+60275]
	GetHandleVerifier [0x00CFD3A4+60340]
	(No symbol) [0x00B306F3]
	(No symbol) [0x00B78690]
	(No symbol) [0x00B78A2B]
	(No symbol) [0x00BC0EE2]
	(No symbol) [0x00B9D0D4]
	(No symbol) [0x00BBE6EB]
	(No symbol) [0x00B9CE86]
	(No symbol) [0x00B6C623]
	(No symbol) [0x00B6D474]
	GetHandleVerifier [0x00F48FE3+2467827]
	GetHandleVerifier [0x00F445E6+2448886]
	GetHandleVerifier [0x00F5F80C+2560028]
	GetHandleVerifier [0x00D13DF5+153093]
	GetHandleVerifier [0x00D1A3BD+179149]
	GetHandleVerifier [0x00D04BB8+91080]
	GetHandleVerifier [0x00D04D60+91504]
	GetHandleVerifier [0x00CEFA10+4640]
	BaseThreadInitThunk [0x75C9FCC9+25]
	RtlGetAppContainerNamedObjectPath [0x777082AE+286]
	RtlGetAppContainerNamedObjectPath [0x7770827E+238]

2025-04-29 05:19:08,154 - WARNING - Could not click on second tab: Message: no such element: Unable to locate element: {"method":"css selector","selector":".tab-links li:nth-child(2) a"}
  (Session info: chrome=135.0.7049.115); For documentation on this error, please visit: https://www.selenium.dev/documentation/webdriver/troubleshooting/errors#no-such-element-exception
Stacktrace:
	GetHandleVerifier [0x00CFD363+60275]
	GetHandleVerifier [0x00CFD3A4+60340]
	(No symbol) [0x00B306F3]
	(No symbol) [0x00B78690]
	(No symbol) [0x00B78A2B]
	(No symbol) [0x00BC0EE2]
	(No symbol) [0x00B9D0D4]
	(No symbol) [0x00BBE6EB]
	(No symbol) [0x00B9CE86]
	(No symbol) [0x00B6C623]
	(No symbol) [0x00B6D474]
	GetHandleVerifier [0x00F48FE3+2467827]
	GetHandleVerifier [0x00F445E6+2448886]
	GetHandleVerifier [0x00F5F80C+2560028]
	GetHandleVerifier [0x00D13DF5+153093]
	GetHandleVerifier [0x00D1A3BD+179149]
	GetHandleVerifier [0x00D04BB8+91080]
	GetHandleVerifier [0x00D04D60+91504]
	GetHandleVerifier [0x00CEFA10+4640]
	BaseThreadInitThunk [0x75C9FCC9+25]
	RtlGetAppContainerNamedObjectPath [0x777082AE+286]
	RtlGetAppContainerNamedObjectPath [0x7770827E+238]

2025-04-29 05:19:08,946 - INFO - Saved screenshot of sector tab
2025-04-29 05:19:08,987 - INFO - Found 6 tables on page
2025-04-29 05:19:08,994 - INFO - Checking table 1
2025-04-29 05:19:09,022 - INFO - Checking table 2
2025-04-29 05:19:09,046 - INFO - Found likely sector table (table #2)
2025-04-29 05:19:09,263 - WARNING - Could not find percent change for 
2025-04-29 05:19:09,380 - INFO - Found percent change: 1.63% in '358.45 (1.63%)'
2025-04-29 05:19:09,383 - INFO - Added sector: Auto, Change: 1.63%
2025-04-29 05:19:09,589 - INFO - Found percent change: 1.71% in '582.35 (1.71%)'
2025-04-29 05:19:09,594 - INFO - Added sector: Energy, Change: 1.71%
2025-04-29 05:19:09,678 - INFO - Found percent change: 0.98% in '255.55 (0.98%)'
2025-04-29 05:19:09,679 - INFO - Added sector: Financial Services, Change: 0.98%
2025-04-29 05:19:09,779 - INFO - Found percent change: 0.16% in '87.95 (0.16%)'
2025-04-29 05:19:09,780 - INFO - Added sector: FMCG, Change: 0.16%
2025-04-29 05:19:09,876 - INFO - Found percent change: -0.22% in '-79.30 (-0.22%)'
2025-04-29 05:19:09,877 - INFO - Added sector: IT, Change: -0.22%
2025-04-29 05:19:09,993 - INFO - Found percent change: 0.79% in '12.20 (0.79%)'
2025-04-29 05:19:10,022 - INFO - Added sector: Media, Change: 0.79%
2025-04-29 05:19:10,160 - INFO - Found percent change: 1.4% in '120.15 (1.40%)'
2025-04-29 05:19:10,161 - INFO - Added sector: Metal, Change: 1.4%
2025-04-29 05:19:10,239 - INFO - Found percent change: 1.98% in '425.55 (1.98%)'
2025-04-29 05:19:10,242 - INFO - Added sector: Pharma, Change: 1.98%
2025-04-29 05:19:10,336 - INFO - Found percent change: 2.44% in '159.50 (2.44%)'
2025-04-29 05:19:10,336 - INFO - Added sector: PSU Bank, Change: 2.44%
2025-04-29 05:19:10,476 - INFO - Found percent change: 1.41% in '12.15 (1.41%)'
2025-04-29 05:19:10,478 - INFO - Added sector: Realty, Change: 1.41%
2025-04-29 05:19:14,379 - INFO - Saved sector data to sector.csv
2025-04-29 05:20:15,324 - INFO - Running Nuvama sector data scraper job at 2025-04-29 05:20:15
2025-04-29 05:20:15,324 - INFO - Setting up Chrome driver...
2025-04-29 05:20:15,325 - INFO - ====== WebDriver manager ======
2025-04-29 05:20:16,688 - INFO - Get LATEST chromedriver version for google-chrome
2025-04-29 05:20:16,732 - INFO - Get LATEST chromedriver version for google-chrome
2025-04-29 05:20:16,777 - INFO - Driver [C:\Users\Rajee\.wdm\drivers\chromedriver\win64\135.0.7049.114\chromedriver-win32/chromedriver.exe] found in cache
2025-04-29 05:20:18,425 - INFO - Navigating to https://www.nuvamawealth.com/market/stock-market-index/#key-indices
2025-04-29 05:20:19,092 - INFO - Waiting for page to load...
2025-04-29 05:20:37,248 - INFO - Refreshed page to get latest data
2025-04-29 05:20:47,397 - WARNING - Could not click on SECTOR INDICES tab: Message: no such element: Unable to locate element: {"method":"xpath","selector":"//a[text()='SECTOR INDICES']"}
  (Session info: chrome=135.0.7049.115); For documentation on this error, please visit: https://www.selenium.dev/documentation/webdriver/troubleshooting/errors#no-such-element-exception
Stacktrace:
	GetHandleVerifier [0x00CFD363+60275]
	GetHandleVerifier [0x00CFD3A4+60340]
	(No symbol) [0x00B306F3]
	(No symbol) [0x00B78690]
	(No symbol) [0x00B78A2B]
	(No symbol) [0x00BC0EE2]
	(No symbol) [0x00B9D0D4]
	(No symbol) [0x00BBE6EB]
	(No symbol) [0x00B9CE86]
	(No symbol) [0x00B6C623]
	(No symbol) [0x00B6D474]
	GetHandleVerifier [0x00F48FE3+2467827]
	GetHandleVerifier [0x00F445E6+2448886]
	GetHandleVerifier [0x00F5F80C+2560028]
	GetHandleVerifier [0x00D13DF5+153093]
	GetHandleVerifier [0x00D1A3BD+179149]
	GetHandleVerifier [0x00D04BB8+91080]
	GetHandleVerifier [0x00D04D60+91504]
	GetHandleVerifier [0x00CEFA10+4640]
	BaseThreadInitThunk [0x75C9FCC9+25]
	RtlGetAppContainerNamedObjectPath [0x777082AE+286]
	RtlGetAppContainerNamedObjectPath [0x7770827E+238]

2025-04-29 05:20:47,430 - WARNING - Could not click on second tab: Message: no such element: Unable to locate element: {"method":"css selector","selector":".tab-links li:nth-child(2) a"}
  (Session info: chrome=135.0.7049.115); For documentation on this error, please visit: https://www.selenium.dev/documentation/webdriver/troubleshooting/errors#no-such-element-exception
Stacktrace:
	GetHandleVerifier [0x00CFD363+60275]
	GetHandleVerifier [0x00CFD3A4+60340]
	(No symbol) [0x00B306F3]
	(No symbol) [0x00B78690]
	(No symbol) [0x00B78A2B]
	(No symbol) [0x00BC0EE2]
	(No symbol) [0x00B9D0D4]
	(No symbol) [0x00BBE6EB]
	(No symbol) [0x00B9CE86]
	(No symbol) [0x00B6C623]
	(No symbol) [0x00B6D474]
	GetHandleVerifier [0x00F48FE3+2467827]
	GetHandleVerifier [0x00F445E6+2448886]
	GetHandleVerifier [0x00F5F80C+2560028]
	GetHandleVerifier [0x00D13DF5+153093]
	GetHandleVerifier [0x00D1A3BD+179149]
	GetHandleVerifier [0x00D04BB8+91080]
	GetHandleVerifier [0x00D04D60+91504]
	GetHandleVerifier [0x00CEFA10+4640]
	BaseThreadInitThunk [0x75C9FCC9+25]
	RtlGetAppContainerNamedObjectPath [0x777082AE+286]
	RtlGetAppContainerNamedObjectPath [0x7770827E+238]

2025-04-29 05:20:47,700 - INFO - Saved screenshot of sector tab
2025-04-29 05:20:47,887 - INFO - Found 6 tables on page
2025-04-29 05:20:47,892 - INFO - Checking table 1
2025-04-29 05:20:47,917 - INFO - Checking table 2
2025-04-29 05:20:47,935 - INFO - Found likely sector table (table #2)
2025-04-29 05:20:48,073 - WARNING - Could not find percent change for 
2025-04-29 05:20:48,166 - INFO - Found percent change: 1.63% in '358.45 (1.63%)'
2025-04-29 05:20:48,167 - INFO - Added sector: Auto, Change: 1.63%
2025-04-29 05:20:48,245 - INFO - Found percent change: 1.71% in '582.35 (1.71%)'
2025-04-29 05:20:48,246 - INFO - Added sector: Energy, Change: 1.71%
2025-04-29 05:20:48,326 - INFO - Found percent change: 0.98% in '255.55 (0.98%)'
2025-04-29 05:20:48,327 - INFO - Added sector: Financial Services, Change: 0.98%
2025-04-29 05:20:48,472 - INFO - Found percent change: 0.16% in '87.95 (0.16%)'
2025-04-29 05:20:48,473 - INFO - Added sector: FMCG, Change: 0.16%
2025-04-29 05:20:48,543 - INFO - Found percent change: -0.22% in '-79.30 (-0.22%)'
2025-04-29 05:20:48,545 - INFO - Added sector: IT, Change: -0.22%
2025-04-29 05:20:48,630 - INFO - Found percent change: 0.79% in '12.20 (0.79%)'
2025-04-29 05:20:48,631 - INFO - Added sector: Media, Change: 0.79%
2025-04-29 05:20:48,736 - INFO - Found percent change: 1.4% in '120.15 (1.40%)'
2025-04-29 05:20:48,736 - INFO - Added sector: Metal, Change: 1.4%
2025-04-29 05:20:48,812 - INFO - Found percent change: 1.98% in '425.55 (1.98%)'
2025-04-29 05:20:48,812 - INFO - Added sector: Pharma, Change: 1.98%
2025-04-29 05:20:48,877 - INFO - Found percent change: 2.44% in '159.50 (2.44%)'
2025-04-29 05:20:48,878 - INFO - Added sector: PSU Bank, Change: 2.44%
2025-04-29 05:20:48,940 - INFO - Found percent change: 1.41% in '12.15 (1.41%)'
2025-04-29 05:20:48,941 - INFO - Added sector: Realty, Change: 1.41%
2025-04-29 05:20:52,133 - INFO - Saved sector data to sector.csv
2025-04-29 05:21:52,870 - INFO - Running Nuvama sector data scraper job at 2025-04-29 05:21:52
2025-04-29 05:21:52,871 - INFO - Setting up Chrome driver...
2025-04-29 05:21:52,871 - INFO - ====== WebDriver manager ======
2025-04-29 05:21:55,197 - INFO - Get LATEST chromedriver version for google-chrome
2025-04-29 05:21:55,249 - INFO - Get LATEST chromedriver version for google-chrome
2025-04-29 05:21:55,295 - INFO - Driver [C:\Users\Rajee\.wdm\drivers\chromedriver\win64\135.0.7049.114\chromedriver-win32/chromedriver.exe] found in cache
2025-04-29 05:21:57,156 - INFO - Navigating to https://www.nuvamawealth.com/market/stock-market-index/#key-indices
2025-04-29 05:22:01,836 - INFO - Waiting for page to load...
2025-04-29 05:22:19,861 - INFO - Refreshed page to get latest data
2025-04-29 05:22:29,903 - WARNING - Could not click on SECTOR INDICES tab: Message: no such element: Unable to locate element: {"method":"xpath","selector":"//a[text()='SECTOR INDICES']"}
  (Session info: chrome=135.0.7049.115); For documentation on this error, please visit: https://www.selenium.dev/documentation/webdriver/troubleshooting/errors#no-such-element-exception
Stacktrace:
	GetHandleVerifier [0x00CFD363+60275]
	GetHandleVerifier [0x00CFD3A4+60340]
	(No symbol) [0x00B306F3]
	(No symbol) [0x00B78690]
	(No symbol) [0x00B78A2B]
	(No symbol) [0x00BC0EE2]
	(No symbol) [0x00B9D0D4]
	(No symbol) [0x00BBE6EB]
	(No symbol) [0x00B9CE86]
	(No symbol) [0x00B6C623]
	(No symbol) [0x00B6D474]
	GetHandleVerifier [0x00F48FE3+2467827]
	GetHandleVerifier [0x00F445E6+2448886]
	GetHandleVerifier [0x00F5F80C+2560028]
	GetHandleVerifier [0x00D13DF5+153093]
	GetHandleVerifier [0x00D1A3BD+179149]
	GetHandleVerifier [0x00D04BB8+91080]
	GetHandleVerifier [0x00D04D60+91504]
	GetHandleVerifier [0x00CEFA10+4640]
	BaseThreadInitThunk [0x75C9FCC9+25]
	RtlGetAppContainerNamedObjectPath [0x777082AE+286]
	RtlGetAppContainerNamedObjectPath [0x7770827E+238]

2025-04-29 05:22:29,921 - WARNING - Could not click on second tab: Message: no such element: Unable to locate element: {"method":"css selector","selector":".tab-links li:nth-child(2) a"}
  (Session info: chrome=135.0.7049.115); For documentation on this error, please visit: https://www.selenium.dev/documentation/webdriver/troubleshooting/errors#no-such-element-exception
Stacktrace:
	GetHandleVerifier [0x00CFD363+60275]
	GetHandleVerifier [0x00CFD3A4+60340]
	(No symbol) [0x00B306F3]
	(No symbol) [0x00B78690]
	(No symbol) [0x00B78A2B]
	(No symbol) [0x00BC0EE2]
	(No symbol) [0x00B9D0D4]
	(No symbol) [0x00BBE6EB]
	(No symbol) [0x00B9CE86]
	(No symbol) [0x00B6C623]
	(No symbol) [0x00B6D474]
	GetHandleVerifier [0x00F48FE3+2467827]
	GetHandleVerifier [0x00F445E6+2448886]
	GetHandleVerifier [0x00F5F80C+2560028]
	GetHandleVerifier [0x00D13DF5+153093]
	GetHandleVerifier [0x00D1A3BD+179149]
	GetHandleVerifier [0x00D04BB8+91080]
	GetHandleVerifier [0x00D04D60+91504]
	GetHandleVerifier [0x00CEFA10+4640]
	BaseThreadInitThunk [0x75C9FCC9+25]
	RtlGetAppContainerNamedObjectPath [0x777082AE+286]
	RtlGetAppContainerNamedObjectPath [0x7770827E+238]

2025-04-29 05:22:30,247 - INFO - Saved screenshot of sector tab
2025-04-29 05:22:30,313 - INFO - Found 6 tables on page
2025-04-29 05:22:30,314 - INFO - Checking table 1
2025-04-29 05:22:30,334 - INFO - Checking table 2
2025-04-29 05:22:30,350 - INFO - Found likely sector table (table #2)
2025-04-29 05:22:30,453 - WARNING - Could not find percent change for 
2025-04-29 05:22:30,522 - INFO - Found percent change: 1.63% in '358.45 (1.63%)'
2025-04-29 05:22:30,523 - INFO - Added sector: Auto, Change: 1.63%
2025-04-29 05:22:30,618 - INFO - Found percent change: 1.71% in '582.35 (1.71%)'
2025-04-29 05:22:30,618 - INFO - Added sector: Energy, Change: 1.71%
2025-04-29 05:22:30,727 - INFO - Found percent change: 0.98% in '255.55 (0.98%)'
2025-04-29 05:22:30,727 - INFO - Added sector: Financial Services, Change: 0.98%
2025-04-29 05:22:30,795 - INFO - Found percent change: 0.16% in '87.95 (0.16%)'
2025-04-29 05:22:30,795 - INFO - Added sector: FMCG, Change: 0.16%
2025-04-29 05:22:30,871 - INFO - Found percent change: -0.22% in '-79.30 (-0.22%)'
2025-04-29 05:22:30,872 - INFO - Added sector: IT, Change: -0.22%
2025-04-29 05:22:30,949 - INFO - Found percent change: 0.79% in '12.20 (0.79%)'
2025-04-29 05:22:30,950 - INFO - Added sector: Media, Change: 0.79%
2025-04-29 05:22:31,162 - INFO - Found percent change: 1.4% in '120.15 (1.40%)'
2025-04-29 05:22:31,164 - INFO - Added sector: Metal, Change: 1.4%
2025-04-29 05:22:31,257 - INFO - Found percent change: 1.98% in '425.55 (1.98%)'
2025-04-29 05:22:31,260 - INFO - Added sector: Pharma, Change: 1.98%
2025-04-29 05:22:31,357 - INFO - Found percent change: 2.44% in '159.50 (2.44%)'
2025-04-29 05:22:31,357 - INFO - Added sector: PSU Bank, Change: 2.44%
2025-04-29 05:22:31,429 - INFO - Found percent change: 1.41% in '12.15 (1.41%)'
2025-04-29 05:22:31,446 - INFO - Added sector: Realty, Change: 1.41%
2025-04-29 05:22:34,186 - INFO - Saved sector data to sector.csv
2025-04-29 05:23:34,914 - INFO - Running Nuvama sector data scraper job at 2025-04-29 05:23:34
2025-04-29 05:23:34,915 - INFO - Setting up Chrome driver...
2025-04-29 05:23:34,916 - INFO - ====== WebDriver manager ======
2025-04-29 05:23:36,855 - INFO - Get LATEST chromedriver version for google-chrome
2025-04-29 05:23:36,896 - INFO - Get LATEST chromedriver version for google-chrome
2025-04-29 05:23:36,943 - INFO - Driver [C:\Users\Rajee\.wdm\drivers\chromedriver\win64\135.0.7049.114\chromedriver-win32/chromedriver.exe] found in cache
2025-04-29 05:23:38,735 - INFO - Navigating to https://www.nuvamawealth.com/market/stock-market-index/#key-indices
2025-04-29 05:23:47,866 - INFO - Waiting for page to load...
2025-04-29 05:24:05,633 - INFO - Refreshed page to get latest data
2025-04-29 05:24:15,681 - WARNING - Could not click on SECTOR INDICES tab: Message: no such element: Unable to locate element: {"method":"xpath","selector":"//a[text()='SECTOR INDICES']"}
  (Session info: chrome=135.0.7049.115); For documentation on this error, please visit: https://www.selenium.dev/documentation/webdriver/troubleshooting/errors#no-such-element-exception
Stacktrace:
	GetHandleVerifier [0x00CFD363+60275]
	GetHandleVerifier [0x00CFD3A4+60340]
	(No symbol) [0x00B306F3]
	(No symbol) [0x00B78690]
	(No symbol) [0x00B78A2B]
	(No symbol) [0x00BC0EE2]
	(No symbol) [0x00B9D0D4]
	(No symbol) [0x00BBE6EB]
	(No symbol) [0x00B9CE86]
	(No symbol) [0x00B6C623]
	(No symbol) [0x00B6D474]
	GetHandleVerifier [0x00F48FE3+2467827]
	GetHandleVerifier [0x00F445E6+2448886]
	GetHandleVerifier [0x00F5F80C+2560028]
	GetHandleVerifier [0x00D13DF5+153093]
	GetHandleVerifier [0x00D1A3BD+179149]
	GetHandleVerifier [0x00D04BB8+91080]
	GetHandleVerifier [0x00D04D60+91504]
	GetHandleVerifier [0x00CEFA10+4640]
	BaseThreadInitThunk [0x75C9FCC9+25]
	RtlGetAppContainerNamedObjectPath [0x777082AE+286]
	RtlGetAppContainerNamedObjectPath [0x7770827E+238]

2025-04-29 05:24:15,702 - WARNING - Could not click on second tab: Message: no such element: Unable to locate element: {"method":"css selector","selector":".tab-links li:nth-child(2) a"}
  (Session info: chrome=135.0.7049.115); For documentation on this error, please visit: https://www.selenium.dev/documentation/webdriver/troubleshooting/errors#no-such-element-exception
Stacktrace:
	GetHandleVerifier [0x00CFD363+60275]
	GetHandleVerifier [0x00CFD3A4+60340]
	(No symbol) [0x00B306F3]
	(No symbol) [0x00B78690]
	(No symbol) [0x00B78A2B]
	(No symbol) [0x00BC0EE2]
	(No symbol) [0x00B9D0D4]
	(No symbol) [0x00BBE6EB]
	(No symbol) [0x00B9CE86]
	(No symbol) [0x00B6C623]
	(No symbol) [0x00B6D474]
	GetHandleVerifier [0x00F48FE3+2467827]
	GetHandleVerifier [0x00F445E6+2448886]
	GetHandleVerifier [0x00F5F80C+2560028]
	GetHandleVerifier [0x00D13DF5+153093]
	GetHandleVerifier [0x00D1A3BD+179149]
	GetHandleVerifier [0x00D04BB8+91080]
	GetHandleVerifier [0x00D04D60+91504]
	GetHandleVerifier [0x00CEFA10+4640]
	BaseThreadInitThunk [0x75C9FCC9+25]
	RtlGetAppContainerNamedObjectPath [0x777082AE+286]
	RtlGetAppContainerNamedObjectPath [0x7770827E+238]

2025-04-29 05:24:16,626 - INFO - Saved screenshot of sector tab
2025-04-29 05:24:16,709 - INFO - Found 6 tables on page
2025-04-29 05:24:16,718 - INFO - Checking table 1
2025-04-29 05:24:16,742 - INFO - Checking table 2
2025-04-29 05:24:16,763 - INFO - Found likely sector table (table #2)
2025-04-29 05:24:16,862 - WARNING - Could not find percent change for 
2025-04-29 05:24:16,943 - INFO - Found percent change: 1.63% in '358.45 (1.63%)'
2025-04-29 05:24:16,944 - INFO - Added sector: Auto, Change: 1.63%
2025-04-29 05:24:17,107 - INFO - Found percent change: 1.71% in '582.35 (1.71%)'
2025-04-29 05:24:17,107 - INFO - Added sector: Energy, Change: 1.71%
2025-04-29 05:24:17,233 - INFO - Found percent change: 0.98% in '255.55 (0.98%)'
2025-04-29 05:24:17,235 - INFO - Added sector: Financial Services, Change: 0.98%
2025-04-29 05:24:17,357 - INFO - Found percent change: 0.16% in '87.95 (0.16%)'
2025-04-29 05:24:17,358 - INFO - Added sector: FMCG, Change: 0.16%
2025-04-29 05:24:17,458 - INFO - Found percent change: -0.22% in '-79.30 (-0.22%)'
2025-04-29 05:24:17,459 - INFO - Added sector: IT, Change: -0.22%
2025-04-29 05:24:18,157 - INFO - Found percent change: 0.79% in '12.20 (0.79%)'
2025-04-29 05:24:18,157 - INFO - Added sector: Media, Change: 0.79%
2025-04-29 05:24:18,277 - INFO - Found percent change: 1.4% in '120.15 (1.40%)'
2025-04-29 05:24:18,278 - INFO - Added sector: Metal, Change: 1.4%
2025-04-29 05:24:18,413 - INFO - Found percent change: 1.98% in '425.55 (1.98%)'
2025-04-29 05:24:18,417 - INFO - Added sector: Pharma, Change: 1.98%
2025-04-29 05:24:18,523 - INFO - Found percent change: 2.44% in '159.50 (2.44%)'
2025-04-29 05:24:18,523 - INFO - Added sector: PSU Bank, Change: 2.44%
2025-04-29 05:24:18,711 - INFO - Found percent change: 1.41% in '12.15 (1.41%)'
2025-04-29 05:24:18,711 - INFO - Added sector: Realty, Change: 1.41%
2025-04-29 05:24:22,053 - INFO - Saved sector data to sector.csv
2025-04-29 05:25:23,004 - INFO - Running Nuvama sector data scraper job at 2025-04-29 05:25:23
2025-04-29 05:25:23,005 - INFO - Setting up Chrome driver...
2025-04-29 05:25:23,006 - INFO - ====== WebDriver manager ======
2025-04-29 05:25:25,361 - INFO - Get LATEST chromedriver version for google-chrome
2025-04-29 05:25:25,421 - INFO - Get LATEST chromedriver version for google-chrome
2025-04-29 05:25:25,469 - INFO - Driver [C:\Users\Rajee\.wdm\drivers\chromedriver\win64\135.0.7049.114\chromedriver-win32/chromedriver.exe] found in cache
2025-04-29 05:25:27,524 - INFO - Navigating to https://www.nuvamawealth.com/market/stock-market-index/#key-indices
2025-04-29 05:25:31,661 - INFO - Waiting for page to load...
2025-04-29 05:25:50,395 - INFO - Refreshed page to get latest data
2025-04-29 05:26:00,421 - WARNING - Could not click on SECTOR INDICES tab: Message: no such element: Unable to locate element: {"method":"xpath","selector":"//a[text()='SECTOR INDICES']"}
  (Session info: chrome=135.0.7049.115); For documentation on this error, please visit: https://www.selenium.dev/documentation/webdriver/troubleshooting/errors#no-such-element-exception
Stacktrace:
	GetHandleVerifier [0x00CFD363+60275]
	GetHandleVerifier [0x00CFD3A4+60340]
	(No symbol) [0x00B306F3]
	(No symbol) [0x00B78690]
	(No symbol) [0x00B78A2B]
	(No symbol) [0x00BC0EE2]
	(No symbol) [0x00B9D0D4]
	(No symbol) [0x00BBE6EB]
	(No symbol) [0x00B9CE86]
	(No symbol) [0x00B6C623]
	(No symbol) [0x00B6D474]
	GetHandleVerifier [0x00F48FE3+2467827]
	GetHandleVerifier [0x00F445E6+2448886]
	GetHandleVerifier [0x00F5F80C+2560028]
	GetHandleVerifier [0x00D13DF5+153093]
	GetHandleVerifier [0x00D1A3BD+179149]
	GetHandleVerifier [0x00D04BB8+91080]
	GetHandleVerifier [0x00D04D60+91504]
	GetHandleVerifier [0x00CEFA10+4640]
	BaseThreadInitThunk [0x75C9FCC9+25]
	RtlGetAppContainerNamedObjectPath [0x777082AE+286]
	RtlGetAppContainerNamedObjectPath [0x7770827E+238]

2025-04-29 05:26:00,442 - WARNING - Could not click on second tab: Message: no such element: Unable to locate element: {"method":"css selector","selector":".tab-links li:nth-child(2) a"}
  (Session info: chrome=135.0.7049.115); For documentation on this error, please visit: https://www.selenium.dev/documentation/webdriver/troubleshooting/errors#no-such-element-exception
Stacktrace:
	GetHandleVerifier [0x00CFD363+60275]
	GetHandleVerifier [0x00CFD3A4+60340]
	(No symbol) [0x00B306F3]
	(No symbol) [0x00B78690]
	(No symbol) [0x00B78A2B]
	(No symbol) [0x00BC0EE2]
	(No symbol) [0x00B9D0D4]
	(No symbol) [0x00BBE6EB]
	(No symbol) [0x00B9CE86]
	(No symbol) [0x00B6C623]
	(No symbol) [0x00B6D474]
	GetHandleVerifier [0x00F48FE3+2467827]
	GetHandleVerifier [0x00F445E6+2448886]
	GetHandleVerifier [0x00F5F80C+2560028]
	GetHandleVerifier [0x00D13DF5+153093]
	GetHandleVerifier [0x00D1A3BD+179149]
	GetHandleVerifier [0x00D04BB8+91080]
	GetHandleVerifier [0x00D04D60+91504]
	GetHandleVerifier [0x00CEFA10+4640]
	BaseThreadInitThunk [0x75C9FCC9+25]
	RtlGetAppContainerNamedObjectPath [0x777082AE+286]
	RtlGetAppContainerNamedObjectPath [0x7770827E+238]

2025-04-29 05:26:01,138 - INFO - Saved screenshot of sector tab
2025-04-29 05:26:01,219 - INFO - Found 6 tables on page
2025-04-29 05:26:01,222 - INFO - Checking table 1
2025-04-29 05:26:01,239 - INFO - Checking table 2
2025-04-29 05:26:01,260 - INFO - Found likely sector table (table #2)
2025-04-29 05:26:01,408 - WARNING - Could not find percent change for 
2025-04-29 05:26:01,494 - INFO - Found percent change: 1.63% in '358.45 (1.63%)'
2025-04-29 05:26:01,494 - INFO - Added sector: Auto, Change: 1.63%
2025-04-29 05:26:01,609 - INFO - Found percent change: 1.71% in '582.35 (1.71%)'
2025-04-29 05:26:01,611 - INFO - Added sector: Energy, Change: 1.71%
2025-04-29 05:26:01,717 - INFO - Found percent change: 0.98% in '255.55 (0.98%)'
2025-04-29 05:26:01,717 - INFO - Added sector: Financial Services, Change: 0.98%
2025-04-29 05:26:01,851 - INFO - Found percent change: 0.16% in '87.95 (0.16%)'
2025-04-29 05:26:01,854 - INFO - Added sector: FMCG, Change: 0.16%
2025-04-29 05:26:01,978 - INFO - Found percent change: -0.22% in '-79.30 (-0.22%)'
2025-04-29 05:26:01,980 - INFO - Added sector: IT, Change: -0.22%
2025-04-29 05:26:02,330 - INFO - Found percent change: 0.79% in '12.20 (0.79%)'
2025-04-29 05:26:02,330 - INFO - Added sector: Media, Change: 0.79%
2025-04-29 05:26:02,417 - INFO - Found percent change: 1.4% in '120.15 (1.40%)'
2025-04-29 05:26:02,420 - INFO - Added sector: Metal, Change: 1.4%
2025-04-29 05:26:02,533 - INFO - Found percent change: 1.98% in '425.55 (1.98%)'
2025-04-29 05:26:02,533 - INFO - Added sector: Pharma, Change: 1.98%
2025-04-29 05:26:02,701 - INFO - Found percent change: 2.44% in '159.50 (2.44%)'
2025-04-29 05:26:02,701 - INFO - Added sector: PSU Bank, Change: 2.44%
2025-04-29 05:26:02,832 - INFO - Found percent change: 1.41% in '12.15 (1.41%)'
2025-04-29 05:26:02,833 - INFO - Added sector: Realty, Change: 1.41%
2025-04-29 05:26:06,417 - INFO - Saved sector data to sector.csv
2025-04-29 05:27:07,059 - INFO - Running Nuvama sector data scraper job at 2025-04-29 05:27:07
2025-04-29 05:27:07,061 - INFO - Setting up Chrome driver...
2025-04-29 05:27:07,061 - INFO - ====== WebDriver manager ======
2025-04-29 05:27:08,387 - INFO - Get LATEST chromedriver version for google-chrome
2025-04-29 05:27:09,596 - INFO - Get LATEST chromedriver version for google-chrome
2025-04-29 05:27:09,640 - INFO - Driver [C:\Users\Rajee\.wdm\drivers\chromedriver\win64\135.0.7049.114\chromedriver-win32/chromedriver.exe] found in cache
2025-04-29 05:27:11,062 - INFO - Navigating to https://www.nuvamawealth.com/market/stock-market-index/#key-indices
2025-04-29 05:27:14,929 - INFO - Waiting for page to load...
2025-04-29 05:27:31,937 - INFO - Refreshed page to get latest data
2025-04-29 05:27:41,965 - WARNING - Could not click on SECTOR INDICES tab: Message: no such element: Unable to locate element: {"method":"xpath","selector":"//a[text()='SECTOR INDICES']"}
  (Session info: chrome=135.0.7049.115); For documentation on this error, please visit: https://www.selenium.dev/documentation/webdriver/troubleshooting/errors#no-such-element-exception
Stacktrace:
	GetHandleVerifier [0x00CFD363+60275]
	GetHandleVerifier [0x00CFD3A4+60340]
	(No symbol) [0x00B306F3]
	(No symbol) [0x00B78690]
	(No symbol) [0x00B78A2B]
	(No symbol) [0x00BC0EE2]
	(No symbol) [0x00B9D0D4]
	(No symbol) [0x00BBE6EB]
	(No symbol) [0x00B9CE86]
	(No symbol) [0x00B6C623]
	(No symbol) [0x00B6D474]
	GetHandleVerifier [0x00F48FE3+2467827]
	GetHandleVerifier [0x00F445E6+2448886]
	GetHandleVerifier [0x00F5F80C+2560028]
	GetHandleVerifier [0x00D13DF5+153093]
	GetHandleVerifier [0x00D1A3BD+179149]
	GetHandleVerifier [0x00D04BB8+91080]
	GetHandleVerifier [0x00D04D60+91504]
	GetHandleVerifier [0x00CEFA10+4640]
	BaseThreadInitThunk [0x75C9FCC9+25]
	RtlGetAppContainerNamedObjectPath [0x777082AE+286]
	RtlGetAppContainerNamedObjectPath [0x7770827E+238]

2025-04-29 05:27:41,995 - WARNING - Could not click on second tab: Message: no such element: Unable to locate element: {"method":"css selector","selector":".tab-links li:nth-child(2) a"}
  (Session info: chrome=135.0.7049.115); For documentation on this error, please visit: https://www.selenium.dev/documentation/webdriver/troubleshooting/errors#no-such-element-exception
Stacktrace:
	GetHandleVerifier [0x00CFD363+60275]
	GetHandleVerifier [0x00CFD3A4+60340]
	(No symbol) [0x00B306F3]
	(No symbol) [0x00B78690]
	(No symbol) [0x00B78A2B]
	(No symbol) [0x00BC0EE2]
	(No symbol) [0x00B9D0D4]
	(No symbol) [0x00BBE6EB]
	(No symbol) [0x00B9CE86]
	(No symbol) [0x00B6C623]
	(No symbol) [0x00B6D474]
	GetHandleVerifier [0x00F48FE3+2467827]
	GetHandleVerifier [0x00F445E6+2448886]
	GetHandleVerifier [0x00F5F80C+2560028]
	GetHandleVerifier [0x00D13DF5+153093]
	GetHandleVerifier [0x00D1A3BD+179149]
	GetHandleVerifier [0x00D04BB8+91080]
	GetHandleVerifier [0x00D04D60+91504]
	GetHandleVerifier [0x00CEFA10+4640]
	BaseThreadInitThunk [0x75C9FCC9+25]
	RtlGetAppContainerNamedObjectPath [0x777082AE+286]
	RtlGetAppContainerNamedObjectPath [0x7770827E+238]

2025-04-29 05:27:42,703 - INFO - Saved screenshot of sector tab
2025-04-29 05:27:42,727 - INFO - Found 6 tables on page
2025-04-29 05:27:42,728 - INFO - Checking table 1
2025-04-29 05:27:42,746 - INFO - Checking table 2
2025-04-29 05:27:42,772 - INFO - Found likely sector table (table #2)
2025-04-29 05:27:43,078 - WARNING - Could not find percent change for 
2025-04-29 05:27:43,500 - INFO - Found percent change: 1.63% in '358.45 (1.63%)'
2025-04-29 05:27:43,502 - INFO - Added sector: Auto, Change: 1.63%
2025-04-29 05:27:43,607 - INFO - Found percent change: 1.71% in '582.35 (1.71%)'
2025-04-29 05:27:43,607 - INFO - Added sector: Energy, Change: 1.71%
2025-04-29 05:27:43,685 - INFO - Found percent change: 0.98% in '255.55 (0.98%)'
2025-04-29 05:27:43,686 - INFO - Added sector: Financial Services, Change: 0.98%
2025-04-29 05:27:43,733 - INFO - Found percent change: 0.16% in '87.95 (0.16%)'
2025-04-29 05:27:43,734 - INFO - Added sector: FMCG, Change: 0.16%
2025-04-29 05:27:43,793 - INFO - Found percent change: -0.22% in '-79.30 (-0.22%)'
2025-04-29 05:27:43,793 - INFO - Added sector: IT, Change: -0.22%
2025-04-29 05:27:43,846 - INFO - Found percent change: 0.79% in '12.20 (0.79%)'
2025-04-29 05:27:43,846 - INFO - Added sector: Media, Change: 0.79%
2025-04-29 05:27:43,924 - INFO - Found percent change: 1.4% in '120.15 (1.40%)'
2025-04-29 05:27:43,924 - INFO - Added sector: Metal, Change: 1.4%
2025-04-29 05:27:44,069 - INFO - Found percent change: 1.98% in '425.55 (1.98%)'
2025-04-29 05:27:44,070 - INFO - Added sector: Pharma, Change: 1.98%
2025-04-29 05:27:44,159 - INFO - Found percent change: 2.44% in '159.50 (2.44%)'
2025-04-29 05:27:44,159 - INFO - Added sector: PSU Bank, Change: 2.44%
2025-04-29 05:27:44,240 - INFO - Found percent change: 1.41% in '12.15 (1.41%)'
2025-04-29 05:27:44,240 - INFO - Added sector: Realty, Change: 1.41%
2025-04-29 05:27:46,935 - INFO - Saved sector data to sector.csv
2025-04-29 05:28:47,698 - INFO - Running Nuvama sector data scraper job at 2025-04-29 05:28:47
2025-04-29 05:28:47,699 - INFO - Setting up Chrome driver...
2025-04-29 05:28:47,699 - INFO - ====== WebDriver manager ======
2025-04-29 05:28:49,457 - INFO - Get LATEST chromedriver version for google-chrome
2025-04-29 05:28:49,503 - INFO - Get LATEST chromedriver version for google-chrome
2025-04-29 05:28:49,554 - INFO - Driver [C:\Users\Rajee\.wdm\drivers\chromedriver\win64\135.0.7049.114\chromedriver-win32/chromedriver.exe] found in cache
2025-04-29 05:28:51,278 - INFO - Navigating to https://www.nuvamawealth.com/market/stock-market-index/#key-indices
2025-04-29 05:28:52,244 - INFO - Waiting for page to load...
2025-04-29 05:29:11,788 - INFO - Refreshed page to get latest data
2025-04-29 05:29:21,817 - WARNING - Could not click on SECTOR INDICES tab: Message: no such element: Unable to locate element: {"method":"xpath","selector":"//a[text()='SECTOR INDICES']"}
  (Session info: chrome=135.0.7049.115); For documentation on this error, please visit: https://www.selenium.dev/documentation/webdriver/troubleshooting/errors#no-such-element-exception
Stacktrace:
	GetHandleVerifier [0x00CFD363+60275]
	GetHandleVerifier [0x00CFD3A4+60340]
	(No symbol) [0x00B306F3]
	(No symbol) [0x00B78690]
	(No symbol) [0x00B78A2B]
	(No symbol) [0x00BC0EE2]
	(No symbol) [0x00B9D0D4]
	(No symbol) [0x00BBE6EB]
	(No symbol) [0x00B9CE86]
	(No symbol) [0x00B6C623]
	(No symbol) [0x00B6D474]
	GetHandleVerifier [0x00F48FE3+2467827]
	GetHandleVerifier [0x00F445E6+2448886]
	GetHandleVerifier [0x00F5F80C+2560028]
	GetHandleVerifier [0x00D13DF5+153093]
	GetHandleVerifier [0x00D1A3BD+179149]
	GetHandleVerifier [0x00D04BB8+91080]
	GetHandleVerifier [0x00D04D60+91504]
	GetHandleVerifier [0x00CEFA10+4640]
	BaseThreadInitThunk [0x75C9FCC9+25]
	RtlGetAppContainerNamedObjectPath [0x777082AE+286]
	RtlGetAppContainerNamedObjectPath [0x7770827E+238]

2025-04-29 05:29:21,841 - WARNING - Could not click on second tab: Message: no such element: Unable to locate element: {"method":"css selector","selector":".tab-links li:nth-child(2) a"}
  (Session info: chrome=135.0.7049.115); For documentation on this error, please visit: https://www.selenium.dev/documentation/webdriver/troubleshooting/errors#no-such-element-exception
Stacktrace:
	GetHandleVerifier [0x00CFD363+60275]
	GetHandleVerifier [0x00CFD3A4+60340]
	(No symbol) [0x00B306F3]
	(No symbol) [0x00B78690]
	(No symbol) [0x00B78A2B]
	(No symbol) [0x00BC0EE2]
	(No symbol) [0x00B9D0D4]
	(No symbol) [0x00BBE6EB]
	(No symbol) [0x00B9CE86]
	(No symbol) [0x00B6C623]
	(No symbol) [0x00B6D474]
	GetHandleVerifier [0x00F48FE3+2467827]
	GetHandleVerifier [0x00F445E6+2448886]
	GetHandleVerifier [0x00F5F80C+2560028]
	GetHandleVerifier [0x00D13DF5+153093]
	GetHandleVerifier [0x00D1A3BD+179149]
	GetHandleVerifier [0x00D04BB8+91080]
	GetHandleVerifier [0x00D04D60+91504]
	GetHandleVerifier [0x00CEFA10+4640]
	BaseThreadInitThunk [0x75C9FCC9+25]
	RtlGetAppContainerNamedObjectPath [0x777082AE+286]
	RtlGetAppContainerNamedObjectPath [0x7770827E+238]

2025-04-29 05:29:22,034 - INFO - Saved screenshot of sector tab
2025-04-29 05:29:22,050 - INFO - Found 6 tables on page
2025-04-29 05:29:22,050 - INFO - Checking table 1
2025-04-29 05:29:22,069 - INFO - Checking table 2
2025-04-29 05:29:22,080 - INFO - Found likely sector table (table #2)
2025-04-29 05:29:22,199 - WARNING - Could not find percent change for 
2025-04-29 05:29:22,310 - INFO - Found percent change: 1.63% in '358.45 (1.63%)'
2025-04-29 05:29:22,311 - INFO - Added sector: Auto, Change: 1.63%
2025-04-29 05:29:22,403 - INFO - Found percent change: 1.71% in '582.35 (1.71%)'
2025-04-29 05:29:22,403 - INFO - Added sector: Energy, Change: 1.71%
2025-04-29 05:29:22,479 - INFO - Found percent change: 0.98% in '255.55 (0.98%)'
2025-04-29 05:29:22,479 - INFO - Added sector: Financial Services, Change: 0.98%
2025-04-29 05:29:22,546 - INFO - Found percent change: 0.16% in '87.95 (0.16%)'
2025-04-29 05:29:22,546 - INFO - Added sector: FMCG, Change: 0.16%
2025-04-29 05:29:22,629 - INFO - Found percent change: -0.22% in '-79.30 (-0.22%)'
2025-04-29 05:29:22,629 - INFO - Added sector: IT, Change: -0.22%
2025-04-29 05:29:22,707 - INFO - Found percent change: 0.79% in '12.20 (0.79%)'
2025-04-29 05:29:22,707 - INFO - Added sector: Media, Change: 0.79%
2025-04-29 05:29:22,773 - INFO - Found percent change: 1.4% in '120.15 (1.40%)'
2025-04-29 05:29:22,773 - INFO - Added sector: Metal, Change: 1.4%
2025-04-29 05:29:22,838 - INFO - Found percent change: 1.98% in '425.55 (1.98%)'
2025-04-29 05:29:22,839 - INFO - Added sector: Pharma, Change: 1.98%
2025-04-29 05:29:22,909 - INFO - Found percent change: 2.44% in '159.50 (2.44%)'
2025-04-29 05:29:22,909 - INFO - Added sector: PSU Bank, Change: 2.44%
2025-04-29 05:29:22,980 - INFO - Found percent change: 1.41% in '12.15 (1.41%)'
2025-04-29 05:29:22,980 - INFO - Added sector: Realty, Change: 1.41%
2025-04-29 05:29:26,084 - INFO - Saved sector data to sector.csv
2025-04-29 05:30:26,767 - INFO - Running Nuvama sector data scraper job at 2025-04-29 05:30:26
2025-04-29 05:30:26,768 - INFO - Setting up Chrome driver...
2025-04-29 05:30:26,768 - INFO - ====== WebDriver manager ======
2025-04-29 05:30:28,118 - INFO - Get LATEST chromedriver version for google-chrome
2025-04-29 05:30:28,159 - INFO - Get LATEST chromedriver version for google-chrome
2025-04-29 05:30:28,199 - INFO - Driver [C:\Users\Rajee\.wdm\drivers\chromedriver\win64\135.0.7049.114\chromedriver-win32/chromedriver.exe] found in cache
2025-04-29 05:30:29,591 - INFO - Navigating to https://www.nuvamawealth.com/market/stock-market-index/#key-indices
2025-04-29 05:30:35,553 - INFO - Waiting for page to load...
2025-04-29 05:30:52,871 - INFO - Refreshed page to get latest data
2025-04-29 05:31:02,927 - WARNING - Could not click on SECTOR INDICES tab: Message: no such element: Unable to locate element: {"method":"xpath","selector":"//a[text()='SECTOR INDICES']"}
  (Session info: chrome=135.0.7049.115); For documentation on this error, please visit: https://www.selenium.dev/documentation/webdriver/troubleshooting/errors#no-such-element-exception
Stacktrace:
	GetHandleVerifier [0x00CFD363+60275]
	GetHandleVerifier [0x00CFD3A4+60340]
	(No symbol) [0x00B306F3]
	(No symbol) [0x00B78690]
	(No symbol) [0x00B78A2B]
	(No symbol) [0x00BC0EE2]
	(No symbol) [0x00B9D0D4]
	(No symbol) [0x00BBE6EB]
	(No symbol) [0x00B9CE86]
	(No symbol) [0x00B6C623]
	(No symbol) [0x00B6D474]
	GetHandleVerifier [0x00F48FE3+2467827]
	GetHandleVerifier [0x00F445E6+2448886]
	GetHandleVerifier [0x00F5F80C+2560028]
	GetHandleVerifier [0x00D13DF5+153093]
	GetHandleVerifier [0x00D1A3BD+179149]
	GetHandleVerifier [0x00D04BB8+91080]
	GetHandleVerifier [0x00D04D60+91504]
	GetHandleVerifier [0x00CEFA10+4640]
	BaseThreadInitThunk [0x75C9FCC9+25]
	RtlGetAppContainerNamedObjectPath [0x777082AE+286]
	RtlGetAppContainerNamedObjectPath [0x7770827E+238]

2025-04-29 05:31:02,960 - WARNING - Could not click on second tab: Message: no such element: Unable to locate element: {"method":"css selector","selector":".tab-links li:nth-child(2) a"}
  (Session info: chrome=135.0.7049.115); For documentation on this error, please visit: https://www.selenium.dev/documentation/webdriver/troubleshooting/errors#no-such-element-exception
Stacktrace:
	GetHandleVerifier [0x00CFD363+60275]
	GetHandleVerifier [0x00CFD3A4+60340]
	(No symbol) [0x00B306F3]
	(No symbol) [0x00B78690]
	(No symbol) [0x00B78A2B]
	(No symbol) [0x00BC0EE2]
	(No symbol) [0x00B9D0D4]
	(No symbol) [0x00BBE6EB]
	(No symbol) [0x00B9CE86]
	(No symbol) [0x00B6C623]
	(No symbol) [0x00B6D474]
	GetHandleVerifier [0x00F48FE3+2467827]
	GetHandleVerifier [0x00F445E6+2448886]
	GetHandleVerifier [0x00F5F80C+2560028]
	GetHandleVerifier [0x00D13DF5+153093]
	GetHandleVerifier [0x00D1A3BD+179149]
	GetHandleVerifier [0x00D04BB8+91080]
	GetHandleVerifier [0x00D04D60+91504]
	GetHandleVerifier [0x00CEFA10+4640]
	BaseThreadInitThunk [0x75C9FCC9+25]
	RtlGetAppContainerNamedObjectPath [0x777082AE+286]
	RtlGetAppContainerNamedObjectPath [0x7770827E+238]

2025-04-29 05:31:03,586 - INFO - Saved screenshot of sector tab
2025-04-29 05:31:03,602 - INFO - Found 6 tables on page
2025-04-29 05:31:03,602 - INFO - Checking table 1
2025-04-29 05:31:03,618 - INFO - Checking table 2
2025-04-29 05:31:03,633 - INFO - Found likely sector table (table #2)
2025-04-29 05:31:03,724 - WARNING - Could not find percent change for 
2025-04-29 05:31:03,792 - INFO - Found percent change: 1.63% in '358.45 (1.63%)'
2025-04-29 05:31:03,793 - INFO - Added sector: Auto, Change: 1.63%
2025-04-29 05:31:03,875 - INFO - Found percent change: 1.71% in '582.35 (1.71%)'
2025-04-29 05:31:03,876 - INFO - Added sector: Energy, Change: 1.71%
2025-04-29 05:31:03,935 - INFO - Found percent change: 0.98% in '255.55 (0.98%)'
2025-04-29 05:31:03,935 - INFO - Added sector: Financial Services, Change: 0.98%
2025-04-29 05:31:04,007 - INFO - Found percent change: 0.16% in '87.95 (0.16%)'
2025-04-29 05:31:04,007 - INFO - Added sector: FMCG, Change: 0.16%
2025-04-29 05:31:04,065 - INFO - Found percent change: -0.22% in '-79.30 (-0.22%)'
2025-04-29 05:31:04,066 - INFO - Added sector: IT, Change: -0.22%
2025-04-29 05:31:04,149 - INFO - Found percent change: 0.79% in '12.20 (0.79%)'
2025-04-29 05:31:04,150 - INFO - Added sector: Media, Change: 0.79%
2025-04-29 05:31:04,880 - INFO - Found percent change: 1.4% in '120.15 (1.40%)'
2025-04-29 05:31:04,881 - INFO - Added sector: Metal, Change: 1.4%
2025-04-29 05:31:04,986 - INFO - Found percent change: 1.98% in '425.55 (1.98%)'
2025-04-29 05:31:04,988 - INFO - Added sector: Pharma, Change: 1.98%
2025-04-29 05:31:05,079 - INFO - Found percent change: 2.44% in '159.50 (2.44%)'
2025-04-29 05:31:05,080 - INFO - Added sector: PSU Bank, Change: 2.44%
2025-04-29 05:31:05,178 - INFO - Found percent change: 1.41% in '12.15 (1.41%)'
2025-04-29 05:31:05,179 - INFO - Added sector: Realty, Change: 1.41%
2025-04-29 05:31:08,567 - INFO - Saved sector data to sector.csv
2025-04-29 05:32:09,488 - INFO - Running Nuvama sector data scraper job at 2025-04-29 05:32:09
2025-04-29 05:32:09,508 - INFO - Setting up Chrome driver...
2025-04-29 05:32:09,509 - INFO - ====== WebDriver manager ======
2025-04-29 05:32:17,959 - INFO - Get LATEST chromedriver version for google-chrome
2025-04-29 05:32:18,026 - INFO - Get LATEST chromedriver version for google-chrome
2025-04-29 05:32:18,091 - INFO - Driver [C:\Users\Rajee\.wdm\drivers\chromedriver\win64\135.0.7049.114\chromedriver-win32/chromedriver.exe] found in cache
2025-04-29 05:32:20,388 - INFO - Navigating to https://www.nuvamawealth.com/market/stock-market-index/#key-indices
2025-04-29 05:32:31,745 - INFO - Waiting for page to load...
2025-04-29 05:32:48,839 - INFO - Refreshed page to get latest data
2025-04-29 05:32:58,866 - WARNING - Could not click on SECTOR INDICES tab: Message: no such element: Unable to locate element: {"method":"xpath","selector":"//a[text()='SECTOR INDICES']"}
  (Session info: chrome=135.0.7049.115); For documentation on this error, please visit: https://www.selenium.dev/documentation/webdriver/troubleshooting/errors#no-such-element-exception
Stacktrace:
	GetHandleVerifier [0x00CFD363+60275]
	GetHandleVerifier [0x00CFD3A4+60340]
	(No symbol) [0x00B306F3]
	(No symbol) [0x00B78690]
	(No symbol) [0x00B78A2B]
	(No symbol) [0x00BC0EE2]
	(No symbol) [0x00B9D0D4]
	(No symbol) [0x00BBE6EB]
	(No symbol) [0x00B9CE86]
	(No symbol) [0x00B6C623]
	(No symbol) [0x00B6D474]
	GetHandleVerifier [0x00F48FE3+2467827]
	GetHandleVerifier [0x00F445E6+2448886]
	GetHandleVerifier [0x00F5F80C+2560028]
	GetHandleVerifier [0x00D13DF5+153093]
	GetHandleVerifier [0x00D1A3BD+179149]
	GetHandleVerifier [0x00D04BB8+91080]
	GetHandleVerifier [0x00D04D60+91504]
	GetHandleVerifier [0x00CEFA10+4640]
	BaseThreadInitThunk [0x75C9FCC9+25]
	RtlGetAppContainerNamedObjectPath [0x777082AE+286]
	RtlGetAppContainerNamedObjectPath [0x7770827E+238]

2025-04-29 05:32:58,889 - WARNING - Could not click on second tab: Message: no such element: Unable to locate element: {"method":"css selector","selector":".tab-links li:nth-child(2) a"}
  (Session info: chrome=135.0.7049.115); For documentation on this error, please visit: https://www.selenium.dev/documentation/webdriver/troubleshooting/errors#no-such-element-exception
Stacktrace:
	GetHandleVerifier [0x00CFD363+60275]
	GetHandleVerifier [0x00CFD3A4+60340]
	(No symbol) [0x00B306F3]
	(No symbol) [0x00B78690]
	(No symbol) [0x00B78A2B]
	(No symbol) [0x00BC0EE2]
	(No symbol) [0x00B9D0D4]
	(No symbol) [0x00BBE6EB]
	(No symbol) [0x00B9CE86]
	(No symbol) [0x00B6C623]
	(No symbol) [0x00B6D474]
	GetHandleVerifier [0x00F48FE3+2467827]
	GetHandleVerifier [0x00F445E6+2448886]
	GetHandleVerifier [0x00F5F80C+2560028]
	GetHandleVerifier [0x00D13DF5+153093]
	GetHandleVerifier [0x00D1A3BD+179149]
	GetHandleVerifier [0x00D04BB8+91080]
	GetHandleVerifier [0x00D04D60+91504]
	GetHandleVerifier [0x00CEFA10+4640]
	BaseThreadInitThunk [0x75C9FCC9+25]
	RtlGetAppContainerNamedObjectPath [0x777082AE+286]
	RtlGetAppContainerNamedObjectPath [0x7770827E+238]

2025-04-29 05:32:59,472 - INFO - Saved screenshot of sector tab
2025-04-29 05:32:59,495 - INFO - Found 6 tables on page
2025-04-29 05:32:59,496 - INFO - Checking table 1
2025-04-29 05:32:59,516 - INFO - Checking table 2
2025-04-29 05:32:59,529 - INFO - Found likely sector table (table #2)
2025-04-29 05:32:59,608 - WARNING - Could not find percent change for 
2025-04-29 05:32:59,657 - INFO - Found percent change: 0.31% in '68.40 (0.31%)'
2025-04-29 05:32:59,657 - INFO - Added sector: Auto, Change: 0.31%
2025-04-29 05:32:59,713 - INFO - Found percent change: 0.4% in '139.00 (0.40%)'
2025-04-29 05:32:59,715 - INFO - Added sector: Energy, Change: 0.4%
2025-04-29 05:32:59,786 - INFO - Found percent change: -0.12% in '-31.30 (-0.12%)'
2025-04-29 05:32:59,787 - INFO - Added sector: Financial Services, Change: -0.12%
2025-04-29 05:32:59,853 - INFO - Found percent change: -0.58% in '-326.60 (-0.58%)'
2025-04-29 05:32:59,854 - INFO - Added sector: FMCG, Change: -0.58%
2025-04-29 05:32:59,915 - INFO - Found percent change: 0.16% in '56.80 (0.16%)'
2025-04-29 05:32:59,915 - INFO - Added sector: IT, Change: 0.16%
2025-04-29 05:32:59,999 - INFO - Found percent change: 0.13% in '1.95 (0.13%)'
2025-04-29 05:32:59,999 - INFO - Added sector: Media, Change: 0.13%
2025-04-29 05:33:00,081 - INFO - Found percent change: 0.03% in '2.50 (0.03%)'
2025-04-29 05:33:00,082 - INFO - Added sector: Metal, Change: 0.03%
2025-04-29 05:33:00,178 - INFO - Found percent change: -1.38% in '-303.20 (-1.38%)'
2025-04-29 05:33:00,179 - INFO - Added sector: Pharma, Change: -1.38%
2025-04-29 05:33:00,241 - INFO - Found percent change: 0.8% in '53.75 (0.80%)'
2025-04-29 05:33:00,242 - INFO - Added sector: PSU Bank, Change: 0.8%
2025-04-29 05:33:00,301 - INFO - Found percent change: 0.54% in '4.70 (0.54%)'
2025-04-29 05:33:00,301 - INFO - Added sector: Realty, Change: 0.54%
2025-04-29 05:33:03,180 - INFO - Saved sector data to sector.csv
2025-04-29 05:34:03,757 - INFO - Running Nuvama sector data scraper job at 2025-04-29 05:34:03
2025-04-29 05:34:03,757 - INFO - Setting up Chrome driver...
2025-04-29 05:34:03,758 - INFO - ====== WebDriver manager ======
2025-04-29 05:34:05,027 - INFO - Get LATEST chromedriver version for google-chrome
2025-04-29 05:34:05,082 - INFO - Get LATEST chromedriver version for google-chrome
2025-04-29 05:34:05,126 - INFO - Driver [C:\Users\Rajee\.wdm\drivers\chromedriver\win64\135.0.7049.114\chromedriver-win32/chromedriver.exe] found in cache
2025-04-29 05:34:06,607 - INFO - Navigating to https://www.nuvamawealth.com/market/stock-market-index/#key-indices
2025-04-29 05:34:10,656 - INFO - Waiting for page to load...
2025-04-29 05:34:29,438 - INFO - Refreshed page to get latest data
2025-04-29 05:34:39,467 - WARNING - Could not click on SECTOR INDICES tab: Message: no such element: Unable to locate element: {"method":"xpath","selector":"//a[text()='SECTOR INDICES']"}
  (Session info: chrome=135.0.7049.115); For documentation on this error, please visit: https://www.selenium.dev/documentation/webdriver/troubleshooting/errors#no-such-element-exception
Stacktrace:
	GetHandleVerifier [0x00CFD363+60275]
	GetHandleVerifier [0x00CFD3A4+60340]
	(No symbol) [0x00B306F3]
	(No symbol) [0x00B78690]
	(No symbol) [0x00B78A2B]
	(No symbol) [0x00BC0EE2]
	(No symbol) [0x00B9D0D4]
	(No symbol) [0x00BBE6EB]
	(No symbol) [0x00B9CE86]
	(No symbol) [0x00B6C623]
	(No symbol) [0x00B6D474]
	GetHandleVerifier [0x00F48FE3+2467827]
	GetHandleVerifier [0x00F445E6+2448886]
	GetHandleVerifier [0x00F5F80C+2560028]
	GetHandleVerifier [0x00D13DF5+153093]
	GetHandleVerifier [0x00D1A3BD+179149]
	GetHandleVerifier [0x00D04BB8+91080]
	GetHandleVerifier [0x00D04D60+91504]
	GetHandleVerifier [0x00CEFA10+4640]
	BaseThreadInitThunk [0x75C9FCC9+25]
	RtlGetAppContainerNamedObjectPath [0x777082AE+286]
	RtlGetAppContainerNamedObjectPath [0x7770827E+238]

2025-04-29 05:34:39,499 - WARNING - Could not click on second tab: Message: no such element: Unable to locate element: {"method":"css selector","selector":".tab-links li:nth-child(2) a"}
  (Session info: chrome=135.0.7049.115); For documentation on this error, please visit: https://www.selenium.dev/documentation/webdriver/troubleshooting/errors#no-such-element-exception
Stacktrace:
	GetHandleVerifier [0x00CFD363+60275]
	GetHandleVerifier [0x00CFD3A4+60340]
	(No symbol) [0x00B306F3]
	(No symbol) [0x00B78690]
	(No symbol) [0x00B78A2B]
	(No symbol) [0x00BC0EE2]
	(No symbol) [0x00B9D0D4]
	(No symbol) [0x00BBE6EB]
	(No symbol) [0x00B9CE86]
	(No symbol) [0x00B6C623]
	(No symbol) [0x00B6D474]
	GetHandleVerifier [0x00F48FE3+2467827]
	GetHandleVerifier [0x00F445E6+2448886]
	GetHandleVerifier [0x00F5F80C+2560028]
	GetHandleVerifier [0x00D13DF5+153093]
	GetHandleVerifier [0x00D1A3BD+179149]
	GetHandleVerifier [0x00D04BB8+91080]
	GetHandleVerifier [0x00D04D60+91504]
	GetHandleVerifier [0x00CEFA10+4640]
	BaseThreadInitThunk [0x75C9FCC9+25]
	RtlGetAppContainerNamedObjectPath [0x777082AE+286]
	RtlGetAppContainerNamedObjectPath [0x7770827E+238]

2025-04-29 05:34:39,726 - INFO - Saved screenshot of sector tab
2025-04-29 05:34:39,749 - INFO - Found 6 tables on page
2025-04-29 05:34:39,750 - INFO - Checking table 1
2025-04-29 05:34:39,766 - INFO - Checking table 2
2025-04-29 05:34:39,780 - INFO - Found likely sector table (table #2)
2025-04-29 05:34:39,874 - WARNING - Could not find percent change for 
2025-04-29 05:34:39,931 - INFO - Found percent change: 0.31% in '68.40 (0.31%)'
2025-04-29 05:34:39,931 - INFO - Added sector: Auto, Change: 0.31%
2025-04-29 05:34:39,987 - INFO - Found percent change: 0.4% in '139.00 (0.40%)'
2025-04-29 05:34:39,988 - INFO - Added sector: Energy, Change: 0.4%
2025-04-29 05:34:40,053 - INFO - Found percent change: -0.12% in '-31.30 (-0.12%)'
2025-04-29 05:34:40,055 - INFO - Added sector: Financial Services, Change: -0.12%
2025-04-29 05:34:40,118 - INFO - Found percent change: -0.58% in '-326.60 (-0.58%)'
2025-04-29 05:34:40,119 - INFO - Added sector: FMCG, Change: -0.58%
2025-04-29 05:34:40,201 - INFO - Found percent change: 0.16% in '56.80 (0.16%)'
2025-04-29 05:34:40,202 - INFO - Added sector: IT, Change: 0.16%
2025-04-29 05:34:40,281 - INFO - Found percent change: 0.13% in '1.95 (0.13%)'
2025-04-29 05:34:40,281 - INFO - Added sector: Media, Change: 0.13%
2025-04-29 05:34:40,353 - INFO - Found percent change: 0.03% in '2.50 (0.03%)'
2025-04-29 05:34:40,356 - INFO - Added sector: Metal, Change: 0.03%
2025-04-29 05:34:40,415 - INFO - Found percent change: -1.38% in '-303.20 (-1.38%)'
2025-04-29 05:34:40,416 - INFO - Added sector: Pharma, Change: -1.38%
2025-04-29 05:34:40,512 - INFO - Found percent change: 0.8% in '53.75 (0.80%)'
2025-04-29 05:34:40,512 - INFO - Added sector: PSU Bank, Change: 0.8%
2025-04-29 05:34:40,600 - INFO - Found percent change: 0.54% in '4.70 (0.54%)'
2025-04-29 05:34:40,600 - INFO - Added sector: Realty, Change: 0.54%
2025-04-29 05:34:43,187 - INFO - Saved sector data to sector.csv
2025-04-29 05:35:43,866 - INFO - Running Nuvama sector data scraper job at 2025-04-29 05:35:43
2025-04-29 05:35:43,867 - INFO - Setting up Chrome driver...
2025-04-29 05:35:43,867 - INFO - ====== WebDriver manager ======
2025-04-29 05:35:45,330 - INFO - Get LATEST chromedriver version for google-chrome
2025-04-29 05:35:45,371 - INFO - Get LATEST chromedriver version for google-chrome
2025-04-29 05:35:45,411 - INFO - Driver [C:\Users\Rajee\.wdm\drivers\chromedriver\win64\135.0.7049.114\chromedriver-win32/chromedriver.exe] found in cache
2025-04-29 05:35:47,604 - INFO - Navigating to https://www.nuvamawealth.com/market/stock-market-index/#key-indices
2025-04-29 05:35:52,757 - INFO - Waiting for page to load...
2025-04-29 05:36:10,207 - INFO - Refreshed page to get latest data
2025-04-29 05:36:20,232 - WARNING - Could not click on SECTOR INDICES tab: Message: no such element: Unable to locate element: {"method":"xpath","selector":"//a[text()='SECTOR INDICES']"}
  (Session info: chrome=135.0.7049.115); For documentation on this error, please visit: https://www.selenium.dev/documentation/webdriver/troubleshooting/errors#no-such-element-exception
Stacktrace:
	GetHandleVerifier [0x00CFD363+60275]
	GetHandleVerifier [0x00CFD3A4+60340]
	(No symbol) [0x00B306F3]
	(No symbol) [0x00B78690]
	(No symbol) [0x00B78A2B]
	(No symbol) [0x00BC0EE2]
	(No symbol) [0x00B9D0D4]
	(No symbol) [0x00BBE6EB]
	(No symbol) [0x00B9CE86]
	(No symbol) [0x00B6C623]
	(No symbol) [0x00B6D474]
	GetHandleVerifier [0x00F48FE3+2467827]
	GetHandleVerifier [0x00F445E6+2448886]
	GetHandleVerifier [0x00F5F80C+2560028]
	GetHandleVerifier [0x00D13DF5+153093]
	GetHandleVerifier [0x00D1A3BD+179149]
	GetHandleVerifier [0x00D04BB8+91080]
	GetHandleVerifier [0x00D04D60+91504]
	GetHandleVerifier [0x00CEFA10+4640]
	BaseThreadInitThunk [0x75C9FCC9+25]
	RtlGetAppContainerNamedObjectPath [0x777082AE+286]
	RtlGetAppContainerNamedObjectPath [0x7770827E+238]

2025-04-29 05:36:20,252 - WARNING - Could not click on second tab: Message: no such element: Unable to locate element: {"method":"css selector","selector":".tab-links li:nth-child(2) a"}
  (Session info: chrome=135.0.7049.115); For documentation on this error, please visit: https://www.selenium.dev/documentation/webdriver/troubleshooting/errors#no-such-element-exception
Stacktrace:
	GetHandleVerifier [0x00CFD363+60275]
	GetHandleVerifier [0x00CFD3A4+60340]
	(No symbol) [0x00B306F3]
	(No symbol) [0x00B78690]
	(No symbol) [0x00B78A2B]
	(No symbol) [0x00BC0EE2]
	(No symbol) [0x00B9D0D4]
	(No symbol) [0x00BBE6EB]
	(No symbol) [0x00B9CE86]
	(No symbol) [0x00B6C623]
	(No symbol) [0x00B6D474]
	GetHandleVerifier [0x00F48FE3+2467827]
	GetHandleVerifier [0x00F445E6+2448886]
	GetHandleVerifier [0x00F5F80C+2560028]
	GetHandleVerifier [0x00D13DF5+153093]
	GetHandleVerifier [0x00D1A3BD+179149]
	GetHandleVerifier [0x00D04BB8+91080]
	GetHandleVerifier [0x00D04D60+91504]
	GetHandleVerifier [0x00CEFA10+4640]
	BaseThreadInitThunk [0x75C9FCC9+25]
	RtlGetAppContainerNamedObjectPath [0x777082AE+286]
	RtlGetAppContainerNamedObjectPath [0x7770827E+238]

2025-04-29 05:36:20,542 - INFO - Saved screenshot of sector tab
2025-04-29 05:36:20,561 - INFO - Found 6 tables on page
2025-04-29 05:36:20,561 - INFO - Checking table 1
2025-04-29 05:36:20,577 - INFO - Checking table 2
2025-04-29 05:36:20,587 - INFO - Found likely sector table (table #2)
2025-04-29 05:36:20,663 - WARNING - Could not find percent change for 
2025-04-29 05:36:20,711 - INFO - Found percent change: 0.31% in '68.40 (0.31%)'
2025-04-29 05:36:20,711 - INFO - Added sector: Auto, Change: 0.31%
2025-04-29 05:36:20,760 - INFO - Found percent change: 0.4% in '139.00 (0.40%)'
2025-04-29 05:36:20,760 - INFO - Added sector: Energy, Change: 0.4%
2025-04-29 05:36:20,822 - INFO - Found percent change: -0.12% in '-31.30 (-0.12%)'
2025-04-29 05:36:20,823 - INFO - Added sector: Financial Services, Change: -0.12%
2025-04-29 05:36:20,883 - INFO - Found percent change: -0.58% in '-326.60 (-0.58%)'
2025-04-29 05:36:20,883 - INFO - Added sector: FMCG, Change: -0.58%
2025-04-29 05:36:20,940 - INFO - Found percent change: 0.16% in '56.80 (0.16%)'
2025-04-29 05:36:20,940 - INFO - Added sector: IT, Change: 0.16%
2025-04-29 05:36:20,991 - INFO - Found percent change: 0.13% in '1.95 (0.13%)'
2025-04-29 05:36:20,991 - INFO - Added sector: Media, Change: 0.13%
2025-04-29 05:36:21,042 - INFO - Found percent change: 0.03% in '2.50 (0.03%)'
2025-04-29 05:36:21,042 - INFO - Added sector: Metal, Change: 0.03%
2025-04-29 05:36:21,106 - INFO - Found percent change: -1.38% in '-303.20 (-1.38%)'
2025-04-29 05:36:21,107 - INFO - Added sector: Pharma, Change: -1.38%
2025-04-29 05:36:21,166 - INFO - Found percent change: 0.8% in '53.75 (0.80%)'
2025-04-29 05:36:21,166 - INFO - Added sector: PSU Bank, Change: 0.8%
2025-04-29 05:36:21,213 - INFO - Found percent change: 0.54% in '4.70 (0.54%)'
2025-04-29 05:36:21,213 - INFO - Added sector: Realty, Change: 0.54%
2025-04-29 05:36:24,106 - INFO - Saved sector data to sector.csv
2025-04-29 05:37:24,746 - INFO - Running Nuvama sector data scraper job at 2025-04-29 05:37:24
2025-04-29 05:37:24,746 - INFO - Setting up Chrome driver...
2025-04-29 05:37:24,747 - INFO - ====== WebDriver manager ======
2025-04-29 05:37:26,203 - INFO - Get LATEST chromedriver version for google-chrome
2025-04-29 05:37:26,247 - INFO - Get LATEST chromedriver version for google-chrome
2025-04-29 05:37:26,295 - INFO - Driver [C:\Users\Rajee\.wdm\drivers\chromedriver\win64\135.0.7049.114\chromedriver-win32/chromedriver.exe] found in cache
2025-04-29 05:37:29,720 - INFO - Navigating to https://www.nuvamawealth.com/market/stock-market-index/#key-indices
2025-04-29 05:37:34,492 - INFO - Waiting for page to load...
2025-04-29 05:37:51,332 - INFO - Refreshed page to get latest data
2025-04-29 05:38:01,355 - WARNING - Could not click on SECTOR INDICES tab: Message: no such element: Unable to locate element: {"method":"xpath","selector":"//a[text()='SECTOR INDICES']"}
  (Session info: chrome=135.0.7049.115); For documentation on this error, please visit: https://www.selenium.dev/documentation/webdriver/troubleshooting/errors#no-such-element-exception
Stacktrace:
	GetHandleVerifier [0x00CFD363+60275]
	GetHandleVerifier [0x00CFD3A4+60340]
	(No symbol) [0x00B306F3]
	(No symbol) [0x00B78690]
	(No symbol) [0x00B78A2B]
	(No symbol) [0x00BC0EE2]
	(No symbol) [0x00B9D0D4]
	(No symbol) [0x00BBE6EB]
	(No symbol) [0x00B9CE86]
	(No symbol) [0x00B6C623]
	(No symbol) [0x00B6D474]
	GetHandleVerifier [0x00F48FE3+2467827]
	GetHandleVerifier [0x00F445E6+2448886]
	GetHandleVerifier [0x00F5F80C+2560028]
	GetHandleVerifier [0x00D13DF5+153093]
	GetHandleVerifier [0x00D1A3BD+179149]
	GetHandleVerifier [0x00D04BB8+91080]
	GetHandleVerifier [0x00D04D60+91504]
	GetHandleVerifier [0x00CEFA10+4640]
	BaseThreadInitThunk [0x75C9FCC9+25]
	RtlGetAppContainerNamedObjectPath [0x777082AE+286]
	RtlGetAppContainerNamedObjectPath [0x7770827E+238]

2025-04-29 05:38:01,375 - WARNING - Could not click on second tab: Message: no such element: Unable to locate element: {"method":"css selector","selector":".tab-links li:nth-child(2) a"}
  (Session info: chrome=135.0.7049.115); For documentation on this error, please visit: https://www.selenium.dev/documentation/webdriver/troubleshooting/errors#no-such-element-exception
Stacktrace:
	GetHandleVerifier [0x00CFD363+60275]
	GetHandleVerifier [0x00CFD3A4+60340]
	(No symbol) [0x00B306F3]
	(No symbol) [0x00B78690]
	(No symbol) [0x00B78A2B]
	(No symbol) [0x00BC0EE2]
	(No symbol) [0x00B9D0D4]
	(No symbol) [0x00BBE6EB]
	(No symbol) [0x00B9CE86]
	(No symbol) [0x00B6C623]
	(No symbol) [0x00B6D474]
	GetHandleVerifier [0x00F48FE3+2467827]
	GetHandleVerifier [0x00F445E6+2448886]
	GetHandleVerifier [0x00F5F80C+2560028]
	GetHandleVerifier [0x00D13DF5+153093]
	GetHandleVerifier [0x00D1A3BD+179149]
	GetHandleVerifier [0x00D04BB8+91080]
	GetHandleVerifier [0x00D04D60+91504]
	GetHandleVerifier [0x00CEFA10+4640]
	BaseThreadInitThunk [0x75C9FCC9+25]
	RtlGetAppContainerNamedObjectPath [0x777082AE+286]
	RtlGetAppContainerNamedObjectPath [0x7770827E+238]

2025-04-29 05:38:01,996 - INFO - Saved screenshot of sector tab
2025-04-29 05:38:02,010 - INFO - Found 6 tables on page
2025-04-29 05:38:02,010 - INFO - Checking table 1
2025-04-29 05:38:02,019 - INFO - Checking table 2
2025-04-29 05:38:02,030 - INFO - Found likely sector table (table #2)
2025-04-29 05:38:02,104 - WARNING - Could not find percent change for 
2025-04-29 05:38:02,162 - INFO - Found percent change: 0.31% in '68.40 (0.31%)'
2025-04-29 05:38:02,162 - INFO - Added sector: Auto, Change: 0.31%
2025-04-29 05:38:02,203 - INFO - Found percent change: 0.4% in '139.00 (0.40%)'
2025-04-29 05:38:02,204 - INFO - Added sector: Energy, Change: 0.4%
2025-04-29 05:38:02,254 - INFO - Found percent change: -0.12% in '-31.30 (-0.12%)'
2025-04-29 05:38:02,256 - INFO - Added sector: Financial Services, Change: -0.12%
2025-04-29 05:38:02,310 - INFO - Found percent change: -0.58% in '-326.60 (-0.58%)'
2025-04-29 05:38:02,310 - INFO - Added sector: FMCG, Change: -0.58%
2025-04-29 05:38:02,359 - INFO - Found percent change: 0.16% in '56.80 (0.16%)'
2025-04-29 05:38:02,359 - INFO - Added sector: IT, Change: 0.16%
2025-04-29 05:38:02,415 - INFO - Found percent change: 0.13% in '1.95 (0.13%)'
2025-04-29 05:38:02,415 - INFO - Added sector: Media, Change: 0.13%
2025-04-29 05:38:02,474 - INFO - Found percent change: 0.03% in '2.50 (0.03%)'
2025-04-29 05:38:02,474 - INFO - Added sector: Metal, Change: 0.03%
2025-04-29 05:38:02,527 - INFO - Found percent change: -1.38% in '-303.20 (-1.38%)'
2025-04-29 05:38:02,527 - INFO - Added sector: Pharma, Change: -1.38%
2025-04-29 05:38:02,581 - INFO - Found percent change: 0.8% in '53.75 (0.80%)'
2025-04-29 05:38:02,581 - INFO - Added sector: PSU Bank, Change: 0.8%
2025-04-29 05:38:02,643 - INFO - Found percent change: 0.54% in '4.70 (0.54%)'
2025-04-29 05:38:02,643 - INFO - Added sector: Realty, Change: 0.54%
2025-04-29 05:38:06,565 - INFO - Saved sector data to sector.csv
2025-04-29 05:39:07,263 - INFO - Running Nuvama sector data scraper job at 2025-04-29 05:39:07
2025-04-29 05:39:07,264 - INFO - Setting up Chrome driver...
2025-04-29 05:39:07,265 - INFO - ====== WebDriver manager ======
2025-04-29 05:39:10,750 - INFO - Get LATEST chromedriver version for google-chrome
2025-04-29 05:39:10,820 - INFO - Get LATEST chromedriver version for google-chrome
2025-04-29 05:39:10,864 - INFO - Driver [C:\Users\Rajee\.wdm\drivers\chromedriver\win64\135.0.7049.114\chromedriver-win32/chromedriver.exe] found in cache
2025-04-29 05:39:12,657 - INFO - Navigating to https://www.nuvamawealth.com/market/stock-market-index/#key-indices
2025-04-29 05:39:22,817 - INFO - Waiting for page to load...
2025-04-29 05:39:40,103 - INFO - Refreshed page to get latest data
2025-04-29 05:39:50,140 - WARNING - Could not click on SECTOR INDICES tab: Message: no such element: Unable to locate element: {"method":"xpath","selector":"//a[text()='SECTOR INDICES']"}
  (Session info: chrome=135.0.7049.115); For documentation on this error, please visit: https://www.selenium.dev/documentation/webdriver/troubleshooting/errors#no-such-element-exception
Stacktrace:
	GetHandleVerifier [0x00CFD363+60275]
	GetHandleVerifier [0x00CFD3A4+60340]
	(No symbol) [0x00B306F3]
	(No symbol) [0x00B78690]
	(No symbol) [0x00B78A2B]
	(No symbol) [0x00BC0EE2]
	(No symbol) [0x00B9D0D4]
	(No symbol) [0x00BBE6EB]
	(No symbol) [0x00B9CE86]
	(No symbol) [0x00B6C623]
	(No symbol) [0x00B6D474]
	GetHandleVerifier [0x00F48FE3+2467827]
	GetHandleVerifier [0x00F445E6+2448886]
	GetHandleVerifier [0x00F5F80C+2560028]
	GetHandleVerifier [0x00D13DF5+153093]
	GetHandleVerifier [0x00D1A3BD+179149]
	GetHandleVerifier [0x00D04BB8+91080]
	GetHandleVerifier [0x00D04D60+91504]
	GetHandleVerifier [0x00CEFA10+4640]
	BaseThreadInitThunk [0x75C9FCC9+25]
	RtlGetAppContainerNamedObjectPath [0x777082AE+286]
	RtlGetAppContainerNamedObjectPath [0x7770827E+238]

2025-04-29 05:39:50,200 - WARNING - Could not click on second tab: Message: no such element: Unable to locate element: {"method":"css selector","selector":".tab-links li:nth-child(2) a"}
  (Session info: chrome=135.0.7049.115); For documentation on this error, please visit: https://www.selenium.dev/documentation/webdriver/troubleshooting/errors#no-such-element-exception
Stacktrace:
	GetHandleVerifier [0x00CFD363+60275]
	GetHandleVerifier [0x00CFD3A4+60340]
	(No symbol) [0x00B306F3]
	(No symbol) [0x00B78690]
	(No symbol) [0x00B78A2B]
	(No symbol) [0x00BC0EE2]
	(No symbol) [0x00B9D0D4]
	(No symbol) [0x00BBE6EB]
	(No symbol) [0x00B9CE86]
	(No symbol) [0x00B6C623]
	(No symbol) [0x00B6D474]
	GetHandleVerifier [0x00F48FE3+2467827]
	GetHandleVerifier [0x00F445E6+2448886]
	GetHandleVerifier [0x00F5F80C+2560028]
	GetHandleVerifier [0x00D13DF5+153093]
	GetHandleVerifier [0x00D1A3BD+179149]
	GetHandleVerifier [0x00D04BB8+91080]
	GetHandleVerifier [0x00D04D60+91504]
	GetHandleVerifier [0x00CEFA10+4640]
	BaseThreadInitThunk [0x75C9FCC9+25]
	RtlGetAppContainerNamedObjectPath [0x777082AE+286]
	RtlGetAppContainerNamedObjectPath [0x7770827E+238]

2025-04-29 05:39:51,089 - INFO - Saved screenshot of sector tab
2025-04-29 05:39:51,129 - INFO - Found 6 tables on page
2025-04-29 05:39:51,142 - INFO - Checking table 1
2025-04-29 05:39:51,178 - INFO - Checking table 2
2025-04-29 05:39:51,210 - INFO - Found likely sector table (table #2)
2025-04-29 05:39:51,494 - WARNING - Could not find percent change for 
2025-04-29 05:39:51,642 - INFO - Found percent change: 0.31% in '68.40 (0.31%)'
2025-04-29 05:39:51,707 - INFO - Added sector: Auto, Change: 0.31%
2025-04-29 05:39:51,893 - INFO - Found percent change: 0.4% in '139.00 (0.40%)'
2025-04-29 05:39:51,893 - INFO - Added sector: Energy, Change: 0.4%
2025-04-29 05:39:52,703 - INFO - Found percent change: -0.12% in '-31.30 (-0.12%)'
2025-04-29 05:39:52,704 - INFO - Added sector: Financial Services, Change: -0.12%
2025-04-29 05:39:53,026 - INFO - Found percent change: -0.58% in '-326.60 (-0.58%)'
2025-04-29 05:39:53,028 - INFO - Added sector: FMCG, Change: -0.58%
2025-04-29 05:39:53,228 - INFO - Found percent change: 0.16% in '56.80 (0.16%)'
2025-04-29 05:39:53,229 - INFO - Added sector: IT, Change: 0.16%
2025-04-29 05:39:53,412 - INFO - Found percent change: 0.13% in '1.95 (0.13%)'
2025-04-29 05:39:53,413 - INFO - Added sector: Media, Change: 0.13%
2025-04-29 05:39:53,504 - INFO - Found percent change: 0.03% in '2.50 (0.03%)'
2025-04-29 05:39:53,504 - INFO - Added sector: Metal, Change: 0.03%
2025-04-29 05:39:53,630 - INFO - Found percent change: -1.38% in '-303.20 (-1.38%)'
2025-04-29 05:39:53,631 - INFO - Added sector: Pharma, Change: -1.38%
2025-04-29 05:39:53,728 - INFO - Found percent change: 0.8% in '53.75 (0.80%)'
2025-04-29 05:39:53,729 - INFO - Added sector: PSU Bank, Change: 0.8%
2025-04-29 05:39:53,980 - INFO - Found percent change: 0.54% in '4.70 (0.54%)'
2025-04-29 05:39:53,981 - INFO - Added sector: Realty, Change: 0.54%
2025-04-29 05:39:56,782 - INFO - Saved sector data to sector.csv
2025-04-29 05:40:57,533 - INFO - Running Nuvama sector data scraper job at 2025-04-29 05:40:57
2025-04-29 05:40:57,534 - INFO - Setting up Chrome driver...
2025-04-29 05:40:57,534 - INFO - ====== WebDriver manager ======
2025-04-29 05:41:01,905 - INFO - Get LATEST chromedriver version for google-chrome
2025-04-29 05:41:01,959 - INFO - Get LATEST chromedriver version for google-chrome
2025-04-29 05:41:02,004 - INFO - Driver [C:\Users\Rajee\.wdm\drivers\chromedriver\win64\135.0.7049.114\chromedriver-win32/chromedriver.exe] found in cache
2025-04-29 05:41:03,696 - INFO - Navigating to https://www.nuvamawealth.com/market/stock-market-index/#key-indices
2025-04-29 05:41:04,350 - INFO - Waiting for page to load...
2025-04-29 05:41:21,920 - INFO - Refreshed page to get latest data
2025-04-29 05:41:31,977 - WARNING - Could not click on SECTOR INDICES tab: Message: no such element: Unable to locate element: {"method":"xpath","selector":"//a[text()='SECTOR INDICES']"}
  (Session info: chrome=135.0.7049.115); For documentation on this error, please visit: https://www.selenium.dev/documentation/webdriver/troubleshooting/errors#no-such-element-exception
Stacktrace:
	GetHandleVerifier [0x00CFD363+60275]
	GetHandleVerifier [0x00CFD3A4+60340]
	(No symbol) [0x00B306F3]
	(No symbol) [0x00B78690]
	(No symbol) [0x00B78A2B]
	(No symbol) [0x00BC0EE2]
	(No symbol) [0x00B9D0D4]
	(No symbol) [0x00BBE6EB]
	(No symbol) [0x00B9CE86]
	(No symbol) [0x00B6C623]
	(No symbol) [0x00B6D474]
	GetHandleVerifier [0x00F48FE3+2467827]
	GetHandleVerifier [0x00F445E6+2448886]
	GetHandleVerifier [0x00F5F80C+2560028]
	GetHandleVerifier [0x00D13DF5+153093]
	GetHandleVerifier [0x00D1A3BD+179149]
	GetHandleVerifier [0x00D04BB8+91080]
	GetHandleVerifier [0x00D04D60+91504]
	GetHandleVerifier [0x00CEFA10+4640]
	BaseThreadInitThunk [0x75C9FCC9+25]
	RtlGetAppContainerNamedObjectPath [0x777082AE+286]
	RtlGetAppContainerNamedObjectPath [0x7770827E+238]

2025-04-29 05:41:32,087 - WARNING - Could not click on second tab: Message: no such element: Unable to locate element: {"method":"css selector","selector":".tab-links li:nth-child(2) a"}
  (Session info: chrome=135.0.7049.115); For documentation on this error, please visit: https://www.selenium.dev/documentation/webdriver/troubleshooting/errors#no-such-element-exception
Stacktrace:
	GetHandleVerifier [0x00CFD363+60275]
	GetHandleVerifier [0x00CFD3A4+60340]
	(No symbol) [0x00B306F3]
	(No symbol) [0x00B78690]
	(No symbol) [0x00B78A2B]
	(No symbol) [0x00BC0EE2]
	(No symbol) [0x00B9D0D4]
	(No symbol) [0x00BBE6EB]
	(No symbol) [0x00B9CE86]
	(No symbol) [0x00B6C623]
	(No symbol) [0x00B6D474]
	GetHandleVerifier [0x00F48FE3+2467827]
	GetHandleVerifier [0x00F445E6+2448886]
	GetHandleVerifier [0x00F5F80C+2560028]
	GetHandleVerifier [0x00D13DF5+153093]
	GetHandleVerifier [0x00D1A3BD+179149]
	GetHandleVerifier [0x00D04BB8+91080]
	GetHandleVerifier [0x00D04D60+91504]
	GetHandleVerifier [0x00CEFA10+4640]
	BaseThreadInitThunk [0x75C9FCC9+25]
	RtlGetAppContainerNamedObjectPath [0x777082AE+286]
	RtlGetAppContainerNamedObjectPath [0x7770827E+238]

2025-04-29 05:41:32,528 - INFO - Saved screenshot of sector tab
2025-04-29 05:41:32,560 - INFO - Found 6 tables on page
2025-04-29 05:41:32,560 - INFO - Checking table 1
2025-04-29 05:41:32,594 - INFO - Checking table 2
2025-04-29 05:41:32,610 - INFO - Found likely sector table (table #2)
2025-04-29 05:41:32,742 - WARNING - Could not find percent change for 
2025-04-29 05:41:32,919 - INFO - Found percent change: 0.31% in '68.40 (0.31%)'
2025-04-29 05:41:32,920 - INFO - Added sector: Auto, Change: 0.31%
2025-04-29 05:41:33,002 - INFO - Found percent change: 0.4% in '139.00 (0.40%)'
2025-04-29 05:41:33,006 - INFO - Added sector: Energy, Change: 0.4%
2025-04-29 05:41:33,606 - INFO - Found percent change: -0.12% in '-31.30 (-0.12%)'
2025-04-29 05:41:33,607 - INFO - Added sector: Financial Services, Change: -0.12%
2025-04-29 05:41:33,683 - INFO - Found percent change: -0.58% in '-326.60 (-0.58%)'
2025-04-29 05:41:33,683 - INFO - Added sector: FMCG, Change: -0.58%
2025-04-29 05:41:33,753 - INFO - Found percent change: 0.16% in '56.80 (0.16%)'
2025-04-29 05:41:33,754 - INFO - Added sector: IT, Change: 0.16%
2025-04-29 05:41:33,830 - INFO - Found percent change: 0.13% in '1.95 (0.13%)'
2025-04-29 05:41:33,831 - INFO - Added sector: Media, Change: 0.13%
2025-04-29 05:41:33,910 - INFO - Found percent change: 0.03% in '2.50 (0.03%)'
2025-04-29 05:41:33,910 - INFO - Added sector: Metal, Change: 0.03%
2025-04-29 05:41:33,976 - INFO - Found percent change: -1.38% in '-303.20 (-1.38%)'
2025-04-29 05:41:33,977 - INFO - Added sector: Pharma, Change: -1.38%
2025-04-29 05:41:34,156 - INFO - Found percent change: 0.8% in '53.75 (0.80%)'
2025-04-29 05:41:34,156 - INFO - Added sector: PSU Bank, Change: 0.8%
2025-04-29 05:41:34,228 - INFO - Found percent change: 0.54% in '4.70 (0.54%)'
2025-04-29 05:41:34,228 - INFO - Added sector: Realty, Change: 0.54%
2025-04-29 05:41:37,565 - INFO - Saved sector data to sector.csv
2025-04-29 05:41:40,501 - INFO - Scraper stopped by user
2025-04-29 05:44:47,970 - INFO - Starting Nuvama sector data scraper with 30-minute refresh
2025-04-29 05:44:47,971 - INFO - Running Nuvama sector data scraper job at 2025-04-29 05:44:47
2025-04-29 05:44:47,971 - INFO - Setting up Chrome driver...
2025-04-29 05:44:47,971 - INFO - ====== WebDriver manager ======
2025-04-29 05:44:49,591 - INFO - Get LATEST chromedriver version for google-chrome
2025-04-29 05:44:49,651 - INFO - Get LATEST chromedriver version for google-chrome
2025-04-29 05:44:49,700 - INFO - Driver [C:\Users\Rajee\.wdm\drivers\chromedriver\win64\135.0.7049.114\chromedriver-win32/chromedriver.exe] found in cache
2025-04-29 05:44:51,519 - INFO - Navigating to https://www.nuvamawealth.com/market/stock-market-index/#key-indices
2025-04-29 05:44:56,691 - INFO - Waiting for page to load...
2025-04-29 05:45:13,822 - INFO - Refreshed page to get latest data
2025-04-29 05:45:23,839 - WARNING - Could not click on SECTOR INDICES tab: Message: no such element: Unable to locate element: {"method":"xpath","selector":"//a[text()='SECTOR INDICES']"}
  (Session info: chrome=135.0.7049.115); For documentation on this error, please visit: https://www.selenium.dev/documentation/webdriver/troubleshooting/errors#no-such-element-exception
Stacktrace:
	GetHandleVerifier [0x00CFD363+60275]
	GetHandleVerifier [0x00CFD3A4+60340]
	(No symbol) [0x00B306F3]
	(No symbol) [0x00B78690]
	(No symbol) [0x00B78A2B]
	(No symbol) [0x00BC0EE2]
	(No symbol) [0x00B9D0D4]
	(No symbol) [0x00BBE6EB]
	(No symbol) [0x00B9CE86]
	(No symbol) [0x00B6C623]
	(No symbol) [0x00B6D474]
	GetHandleVerifier [0x00F48FE3+2467827]
	GetHandleVerifier [0x00F445E6+2448886]
	GetHandleVerifier [0x00F5F80C+2560028]
	GetHandleVerifier [0x00D13DF5+153093]
	GetHandleVerifier [0x00D1A3BD+179149]
	GetHandleVerifier [0x00D04BB8+91080]
	GetHandleVerifier [0x00D04D60+91504]
	GetHandleVerifier [0x00CEFA10+4640]
	BaseThreadInitThunk [0x75C9FCC9+25]
	RtlGetAppContainerNamedObjectPath [0x777082AE+286]
	RtlGetAppContainerNamedObjectPath [0x7770827E+238]

2025-04-29 05:45:23,856 - WARNING - Could not click on second tab: Message: no such element: Unable to locate element: {"method":"css selector","selector":".tab-links li:nth-child(2) a"}
  (Session info: chrome=135.0.7049.115); For documentation on this error, please visit: https://www.selenium.dev/documentation/webdriver/troubleshooting/errors#no-such-element-exception
Stacktrace:
	GetHandleVerifier [0x00CFD363+60275]
	GetHandleVerifier [0x00CFD3A4+60340]
	(No symbol) [0x00B306F3]
	(No symbol) [0x00B78690]
	(No symbol) [0x00B78A2B]
	(No symbol) [0x00BC0EE2]
	(No symbol) [0x00B9D0D4]
	(No symbol) [0x00BBE6EB]
	(No symbol) [0x00B9CE86]
	(No symbol) [0x00B6C623]
	(No symbol) [0x00B6D474]
	GetHandleVerifier [0x00F48FE3+2467827]
	GetHandleVerifier [0x00F445E6+2448886]
	GetHandleVerifier [0x00F5F80C+2560028]
	GetHandleVerifier [0x00D13DF5+153093]
	GetHandleVerifier [0x00D1A3BD+179149]
	GetHandleVerifier [0x00D04BB8+91080]
	GetHandleVerifier [0x00D04D60+91504]
	GetHandleVerifier [0x00CEFA10+4640]
	BaseThreadInitThunk [0x75C9FCC9+25]
	RtlGetAppContainerNamedObjectPath [0x777082AE+286]
	RtlGetAppContainerNamedObjectPath [0x7770827E+238]

2025-04-29 05:45:24,067 - INFO - Saved screenshot of sector tab
2025-04-29 05:45:24,086 - INFO - Found 6 tables on page
2025-04-29 05:45:24,087 - INFO - Checking table 1
2025-04-29 05:45:24,175 - INFO - Checking table 2
2025-04-29 05:45:24,184 - INFO - Found likely sector table (table #2)
2025-04-29 05:45:24,275 - WARNING - Could not find percent change for 
2025-04-29 05:45:24,423 - INFO - Found percent change: 0.31% in '68.40 (0.31%)'
2025-04-29 05:45:24,424 - INFO - Added sector: Auto, Change: 0.31%
2025-04-29 05:45:24,491 - INFO - Found percent change: 0.4% in '139.00 (0.40%)'
2025-04-29 05:45:24,491 - INFO - Added sector: Energy, Change: 0.4%
2025-04-29 05:45:24,557 - INFO - Found percent change: -0.12% in '-31.30 (-0.12%)'
2025-04-29 05:45:24,557 - INFO - Added sector: Financial Services, Change: -0.12%
2025-04-29 05:45:24,616 - INFO - Found percent change: -0.58% in '-326.60 (-0.58%)'
2025-04-29 05:45:24,617 - INFO - Added sector: FMCG, Change: -0.58%
2025-04-29 05:45:24,700 - INFO - Found percent change: 0.16% in '56.80 (0.16%)'
2025-04-29 05:45:24,701 - INFO - Added sector: IT, Change: 0.16%
2025-04-29 05:45:24,761 - INFO - Found percent change: 0.13% in '1.95 (0.13%)'
2025-04-29 05:45:24,761 - INFO - Added sector: Media, Change: 0.13%
2025-04-29 05:45:24,821 - INFO - Found percent change: 0.03% in '2.50 (0.03%)'
2025-04-29 05:45:24,822 - INFO - Added sector: Metal, Change: 0.03%
2025-04-29 05:45:24,880 - INFO - Found percent change: -1.38% in '-303.20 (-1.38%)'
2025-04-29 05:45:24,882 - INFO - Added sector: Pharma, Change: -1.38%
2025-04-29 05:45:24,934 - INFO - Found percent change: 0.8% in '53.75 (0.80%)'
2025-04-29 05:45:24,934 - INFO - Added sector: PSU Bank, Change: 0.8%
2025-04-29 05:45:24,995 - INFO - Found percent change: 0.54% in '4.70 (0.54%)'
2025-04-29 05:45:24,996 - INFO - Added sector: Realty, Change: 0.54%
2025-04-29 05:45:27,562 - INFO - Saved sector data to sector.csv
2025-04-29 05:46:28,173 - INFO - Running Nuvama sector data scraper job at 2025-04-29 05:46:28
2025-04-29 05:46:28,173 - INFO - Setting up Chrome driver...
2025-04-29 05:46:28,174 - INFO - ====== WebDriver manager ======
2025-04-29 05:46:29,504 - INFO - Get LATEST chromedriver version for google-chrome
2025-04-29 05:46:29,543 - INFO - Get LATEST chromedriver version for google-chrome
2025-04-29 05:46:29,585 - INFO - Driver [C:\Users\Rajee\.wdm\drivers\chromedriver\win64\135.0.7049.114\chromedriver-win32/chromedriver.exe] found in cache
2025-04-29 05:46:30,975 - INFO - Navigating to https://www.nuvamawealth.com/market/stock-market-index/#key-indices
2025-04-29 05:46:36,903 - INFO - Waiting for page to load...
2025-04-29 05:46:54,123 - INFO - Refreshed page to get latest data
2025-04-29 05:47:04,158 - WARNING - Could not click on SECTOR INDICES tab: Message: no such element: Unable to locate element: {"method":"xpath","selector":"//a[text()='SECTOR INDICES']"}
  (Session info: chrome=135.0.7049.115); For documentation on this error, please visit: https://www.selenium.dev/documentation/webdriver/troubleshooting/errors#no-such-element-exception
Stacktrace:
	GetHandleVerifier [0x00CFD363+60275]
	GetHandleVerifier [0x00CFD3A4+60340]
	(No symbol) [0x00B306F3]
	(No symbol) [0x00B78690]
	(No symbol) [0x00B78A2B]
	(No symbol) [0x00BC0EE2]
	(No symbol) [0x00B9D0D4]
	(No symbol) [0x00BBE6EB]
	(No symbol) [0x00B9CE86]
	(No symbol) [0x00B6C623]
	(No symbol) [0x00B6D474]
	GetHandleVerifier [0x00F48FE3+2467827]
	GetHandleVerifier [0x00F445E6+2448886]
	GetHandleVerifier [0x00F5F80C+2560028]
	GetHandleVerifier [0x00D13DF5+153093]
	GetHandleVerifier [0x00D1A3BD+179149]
	GetHandleVerifier [0x00D04BB8+91080]
	GetHandleVerifier [0x00D04D60+91504]
	GetHandleVerifier [0x00CEFA10+4640]
	BaseThreadInitThunk [0x75C9FCC9+25]
	RtlGetAppContainerNamedObjectPath [0x777082AE+286]
	RtlGetAppContainerNamedObjectPath [0x7770827E+238]

2025-04-29 05:47:04,180 - WARNING - Could not click on second tab: Message: no such element: Unable to locate element: {"method":"css selector","selector":".tab-links li:nth-child(2) a"}
  (Session info: chrome=135.0.7049.115); For documentation on this error, please visit: https://www.selenium.dev/documentation/webdriver/troubleshooting/errors#no-such-element-exception
Stacktrace:
	GetHandleVerifier [0x00CFD363+60275]
	GetHandleVerifier [0x00CFD3A4+60340]
	(No symbol) [0x00B306F3]
	(No symbol) [0x00B78690]
	(No symbol) [0x00B78A2B]
	(No symbol) [0x00BC0EE2]
	(No symbol) [0x00B9D0D4]
	(No symbol) [0x00BBE6EB]
	(No symbol) [0x00B9CE86]
	(No symbol) [0x00B6C623]
	(No symbol) [0x00B6D474]
	GetHandleVerifier [0x00F48FE3+2467827]
	GetHandleVerifier [0x00F445E6+2448886]
	GetHandleVerifier [0x00F5F80C+2560028]
	GetHandleVerifier [0x00D13DF5+153093]
	GetHandleVerifier [0x00D1A3BD+179149]
	GetHandleVerifier [0x00D04BB8+91080]
	GetHandleVerifier [0x00D04D60+91504]
	GetHandleVerifier [0x00CEFA10+4640]
	BaseThreadInitThunk [0x75C9FCC9+25]
	RtlGetAppContainerNamedObjectPath [0x777082AE+286]
	RtlGetAppContainerNamedObjectPath [0x7770827E+238]

2025-04-29 05:47:04,686 - INFO - Saved screenshot of sector tab
2025-04-29 05:47:04,713 - INFO - Found 6 tables on page
2025-04-29 05:47:04,716 - INFO - Checking table 1
2025-04-29 05:47:04,734 - INFO - Checking table 2
2025-04-29 05:47:04,746 - INFO - Found likely sector table (table #2)
2025-04-29 05:47:04,855 - WARNING - Could not find percent change for 
2025-04-29 05:47:04,938 - INFO - Found percent change: 0.31% in '68.40 (0.31%)'
2025-04-29 05:47:04,939 - INFO - Added sector: Auto, Change: 0.31%
2025-04-29 05:47:05,015 - INFO - Found percent change: 0.4% in '139.00 (0.40%)'
2025-04-29 05:47:05,016 - INFO - Added sector: Energy, Change: 0.4%
2025-04-29 05:47:05,106 - INFO - Found percent change: -0.12% in '-31.30 (-0.12%)'
2025-04-29 05:47:05,106 - INFO - Added sector: Financial Services, Change: -0.12%
2025-04-29 05:47:05,167 - INFO - Found percent change: -0.58% in '-326.60 (-0.58%)'
2025-04-29 05:47:05,167 - INFO - Added sector: FMCG, Change: -0.58%
2025-04-29 05:47:05,243 - INFO - Found percent change: 0.16% in '56.80 (0.16%)'
2025-04-29 05:47:05,243 - INFO - Added sector: IT, Change: 0.16%
2025-04-29 05:47:05,304 - INFO - Found percent change: 0.13% in '1.95 (0.13%)'
2025-04-29 05:47:05,304 - INFO - Added sector: Media, Change: 0.13%
2025-04-29 05:47:05,375 - INFO - Found percent change: 0.03% in '2.50 (0.03%)'
2025-04-29 05:47:05,375 - INFO - Added sector: Metal, Change: 0.03%
2025-04-29 05:47:05,801 - INFO - Found percent change: -1.38% in '-303.20 (-1.38%)'
2025-04-29 05:47:05,803 - INFO - Added sector: Pharma, Change: -1.38%
2025-04-29 05:47:05,889 - INFO - Found percent change: 0.8% in '53.75 (0.80%)'
2025-04-29 05:47:05,889 - INFO - Added sector: PSU Bank, Change: 0.8%
2025-04-29 05:47:05,945 - INFO - Found percent change: 0.54% in '4.70 (0.54%)'
2025-04-29 05:47:05,945 - INFO - Added sector: Realty, Change: 0.54%
2025-04-29 05:47:08,475 - INFO - Saved sector data to sector.csv
2025-04-29 05:47:40,164 - INFO - Scraper stopped by user
2025-04-29 05:50:06,002 - INFO - Starting Nuvama sector data scraper with 30-minute refresh
2025-04-29 05:50:06,004 - INFO - Running Nuvama sector data scraper job at 2025-04-29 05:50:06
2025-04-29 05:50:06,005 - INFO - Setting up Chrome driver...
2025-04-29 05:50:06,006 - INFO - ====== WebDriver manager ======
2025-04-29 05:50:07,656 - INFO - Get LATEST chromedriver version for google-chrome
2025-04-29 05:50:07,724 - INFO - Get LATEST chromedriver version for google-chrome
2025-04-29 05:50:07,769 - INFO - Driver [C:\Users\Rajee\.wdm\drivers\chromedriver\win64\135.0.7049.114\chromedriver-win32/chromedriver.exe] found in cache
2025-04-29 05:50:09,355 - INFO - Navigating to https://www.nuvamawealth.com/market/stock-market-index/#key-indices
2025-04-29 05:50:15,982 - INFO - Waiting for page to load...
2025-04-29 05:50:33,403 - INFO - Refreshed page to get latest data
2025-04-29 05:50:43,441 - WARNING - Could not click on SECTOR INDICES tab: Message: no such element: Unable to locate element: {"method":"xpath","selector":"//a[text()='SECTOR INDICES']"}
  (Session info: chrome=135.0.7049.115); For documentation on this error, please visit: https://www.selenium.dev/documentation/webdriver/troubleshooting/errors#no-such-element-exception
Stacktrace:
	GetHandleVerifier [0x00CFD363+60275]
	GetHandleVerifier [0x00CFD3A4+60340]
	(No symbol) [0x00B306F3]
	(No symbol) [0x00B78690]
	(No symbol) [0x00B78A2B]
	(No symbol) [0x00BC0EE2]
	(No symbol) [0x00B9D0D4]
	(No symbol) [0x00BBE6EB]
	(No symbol) [0x00B9CE86]
	(No symbol) [0x00B6C623]
	(No symbol) [0x00B6D474]
	GetHandleVerifier [0x00F48FE3+2467827]
	GetHandleVerifier [0x00F445E6+2448886]
	GetHandleVerifier [0x00F5F80C+2560028]
	GetHandleVerifier [0x00D13DF5+153093]
	GetHandleVerifier [0x00D1A3BD+179149]
	GetHandleVerifier [0x00D04BB8+91080]
	GetHandleVerifier [0x00D04D60+91504]
	GetHandleVerifier [0x00CEFA10+4640]
	BaseThreadInitThunk [0x75C9FCC9+25]
	RtlGetAppContainerNamedObjectPath [0x777082AE+286]
	RtlGetAppContainerNamedObjectPath [0x7770827E+238]

2025-04-29 05:50:43,464 - WARNING - Could not click on second tab: Message: no such element: Unable to locate element: {"method":"css selector","selector":".tab-links li:nth-child(2) a"}
  (Session info: chrome=135.0.7049.115); For documentation on this error, please visit: https://www.selenium.dev/documentation/webdriver/troubleshooting/errors#no-such-element-exception
Stacktrace:
	GetHandleVerifier [0x00CFD363+60275]
	GetHandleVerifier [0x00CFD3A4+60340]
	(No symbol) [0x00B306F3]
	(No symbol) [0x00B78690]
	(No symbol) [0x00B78A2B]
	(No symbol) [0x00BC0EE2]
	(No symbol) [0x00B9D0D4]
	(No symbol) [0x00BBE6EB]
	(No symbol) [0x00B9CE86]
	(No symbol) [0x00B6C623]
	(No symbol) [0x00B6D474]
	GetHandleVerifier [0x00F48FE3+2467827]
	GetHandleVerifier [0x00F445E6+2448886]
	GetHandleVerifier [0x00F5F80C+2560028]
	GetHandleVerifier [0x00D13DF5+153093]
	GetHandleVerifier [0x00D1A3BD+179149]
	GetHandleVerifier [0x00D04BB8+91080]
	GetHandleVerifier [0x00D04D60+91504]
	GetHandleVerifier [0x00CEFA10+4640]
	BaseThreadInitThunk [0x75C9FCC9+25]
	RtlGetAppContainerNamedObjectPath [0x777082AE+286]
	RtlGetAppContainerNamedObjectPath [0x7770827E+238]

2025-04-29 05:50:44,030 - INFO - Saved screenshot of sector tab
2025-04-29 05:50:44,049 - INFO - Found 6 tables on page
2025-04-29 05:50:44,051 - INFO - Checking table 1
2025-04-29 05:50:44,065 - INFO - Checking table 2
2025-04-29 05:50:44,086 - INFO - Found likely sector table (table #2)
2025-04-29 05:50:44,182 - WARNING - Could not find percent change for 
2025-04-29 05:50:44,253 - INFO - Found percent change: 0.31% in '68.40 (0.31%)'
2025-04-29 05:50:44,253 - INFO - Added sector: Auto, Change: 0.31%
2025-04-29 05:50:44,334 - INFO - Found percent change: 0.4% in '139.00 (0.40%)'
2025-04-29 05:50:44,335 - INFO - Added sector: Energy, Change: 0.4%
2025-04-29 05:50:44,417 - INFO - Found percent change: -0.12% in '-31.30 (-0.12%)'
2025-04-29 05:50:44,421 - INFO - Added sector: Financial Services, Change: -0.12%
2025-04-29 05:50:44,491 - INFO - Found percent change: -0.58% in '-326.60 (-0.58%)'
2025-04-29 05:50:44,491 - INFO - Added sector: FMCG, Change: -0.58%
2025-04-29 05:50:44,563 - INFO - Found percent change: 0.16% in '56.80 (0.16%)'
2025-04-29 05:50:44,563 - INFO - Added sector: IT, Change: 0.16%
2025-04-29 05:50:44,627 - INFO - Found percent change: 0.13% in '1.95 (0.13%)'
2025-04-29 05:50:44,627 - INFO - Added sector: Media, Change: 0.13%
2025-04-29 05:50:44,678 - INFO - Found percent change: 0.03% in '2.50 (0.03%)'
2025-04-29 05:50:44,678 - INFO - Added sector: Metal, Change: 0.03%
2025-04-29 05:50:44,740 - INFO - Found percent change: -1.38% in '-303.20 (-1.38%)'
2025-04-29 05:50:44,741 - INFO - Added sector: Pharma, Change: -1.38%
2025-04-29 05:50:44,873 - INFO - Found percent change: 0.8% in '53.75 (0.80%)'
2025-04-29 05:50:44,873 - INFO - Added sector: PSU Bank, Change: 0.8%
2025-04-29 05:50:44,938 - INFO - Found percent change: 0.54% in '4.70 (0.54%)'
2025-04-29 05:50:44,939 - INFO - Added sector: Realty, Change: 0.54%
2025-04-29 05:50:48,032 - INFO - Saved sector data to sector.csv
2025-04-29 05:51:48,852 - INFO - Running Nuvama sector data scraper job at 2025-04-29 05:51:48
2025-04-29 05:51:48,853 - INFO - Setting up Chrome driver...
2025-04-29 05:51:48,853 - INFO - ====== WebDriver manager ======
2025-04-29 05:51:50,499 - INFO - Get LATEST chromedriver version for google-chrome
2025-04-29 05:51:50,542 - INFO - Get LATEST chromedriver version for google-chrome
2025-04-29 05:51:50,587 - INFO - Driver [C:\Users\Rajee\.wdm\drivers\chromedriver\win64\135.0.7049.114\chromedriver-win32/chromedriver.exe] found in cache
2025-04-29 05:51:52,623 - INFO - Navigating to https://www.nuvamawealth.com/market/stock-market-index/#key-indices
2025-04-29 05:51:58,551 - INFO - Waiting for page to load...
2025-04-29 05:52:15,406 - INFO - Refreshed page to get latest data
2025-04-29 05:52:25,434 - WARNING - Could not click on SECTOR INDICES tab: Message: no such element: Unable to locate element: {"method":"xpath","selector":"//a[text()='SECTOR INDICES']"}
  (Session info: chrome=135.0.7049.115); For documentation on this error, please visit: https://www.selenium.dev/documentation/webdriver/troubleshooting/errors#no-such-element-exception
Stacktrace:
	GetHandleVerifier [0x00CFD363+60275]
	GetHandleVerifier [0x00CFD3A4+60340]
	(No symbol) [0x00B306F3]
	(No symbol) [0x00B78690]
	(No symbol) [0x00B78A2B]
	(No symbol) [0x00BC0EE2]
	(No symbol) [0x00B9D0D4]
	(No symbol) [0x00BBE6EB]
	(No symbol) [0x00B9CE86]
	(No symbol) [0x00B6C623]
	(No symbol) [0x00B6D474]
	GetHandleVerifier [0x00F48FE3+2467827]
	GetHandleVerifier [0x00F445E6+2448886]
	GetHandleVerifier [0x00F5F80C+2560028]
	GetHandleVerifier [0x00D13DF5+153093]
	GetHandleVerifier [0x00D1A3BD+179149]
	GetHandleVerifier [0x00D04BB8+91080]
	GetHandleVerifier [0x00D04D60+91504]
	GetHandleVerifier [0x00CEFA10+4640]
	BaseThreadInitThunk [0x75C9FCC9+25]
	RtlGetAppContainerNamedObjectPath [0x777082AE+286]
	RtlGetAppContainerNamedObjectPath [0x7770827E+238]

2025-04-29 05:52:25,450 - WARNING - Could not click on second tab: Message: no such element: Unable to locate element: {"method":"css selector","selector":".tab-links li:nth-child(2) a"}
  (Session info: chrome=135.0.7049.115); For documentation on this error, please visit: https://www.selenium.dev/documentation/webdriver/troubleshooting/errors#no-such-element-exception
Stacktrace:
	GetHandleVerifier [0x00CFD363+60275]
	GetHandleVerifier [0x00CFD3A4+60340]
	(No symbol) [0x00B306F3]
	(No symbol) [0x00B78690]
	(No symbol) [0x00B78A2B]
	(No symbol) [0x00BC0EE2]
	(No symbol) [0x00B9D0D4]
	(No symbol) [0x00BBE6EB]
	(No symbol) [0x00B9CE86]
	(No symbol) [0x00B6C623]
	(No symbol) [0x00B6D474]
	GetHandleVerifier [0x00F48FE3+2467827]
	GetHandleVerifier [0x00F445E6+2448886]
	GetHandleVerifier [0x00F5F80C+2560028]
	GetHandleVerifier [0x00D13DF5+153093]
	GetHandleVerifier [0x00D1A3BD+179149]
	GetHandleVerifier [0x00D04BB8+91080]
	GetHandleVerifier [0x00D04D60+91504]
	GetHandleVerifier [0x00CEFA10+4640]
	BaseThreadInitThunk [0x75C9FCC9+25]
	RtlGetAppContainerNamedObjectPath [0x777082AE+286]
	RtlGetAppContainerNamedObjectPath [0x7770827E+238]

2025-04-29 05:52:25,994 - INFO - Saved screenshot of sector tab
2025-04-29 05:52:26,021 - INFO - Found 6 tables on page
2025-04-29 05:52:26,022 - INFO - Checking table 1
2025-04-29 05:52:26,041 - INFO - Checking table 2
2025-04-29 05:52:26,056 - INFO - Found likely sector table (table #2)
2025-04-29 05:52:26,148 - WARNING - Could not find percent change for 
2025-04-29 05:52:26,214 - INFO - Found percent change: 0.31% in '68.40 (0.31%)'
2025-04-29 05:52:26,214 - INFO - Added sector: Auto, Change: 0.31%
2025-04-29 05:52:26,291 - INFO - Found percent change: 0.4% in '139.00 (0.40%)'
2025-04-29 05:52:26,291 - INFO - Added sector: Energy, Change: 0.4%
2025-04-29 05:52:26,335 - INFO - Found percent change: -0.12% in '-31.30 (-0.12%)'
2025-04-29 05:52:26,335 - INFO - Added sector: Financial Services, Change: -0.12%
2025-04-29 05:52:26,383 - INFO - Found percent change: -0.58% in '-326.60 (-0.58%)'
2025-04-29 05:52:26,383 - INFO - Added sector: FMCG, Change: -0.58%
2025-04-29 05:52:26,426 - INFO - Found percent change: 0.16% in '56.80 (0.16%)'
2025-04-29 05:52:26,427 - INFO - Added sector: IT, Change: 0.16%
2025-04-29 05:52:26,483 - INFO - Found percent change: 0.13% in '1.95 (0.13%)'
2025-04-29 05:52:26,483 - INFO - Added sector: Media, Change: 0.13%
2025-04-29 05:52:26,529 - INFO - Found percent change: 0.03% in '2.50 (0.03%)'
2025-04-29 05:52:26,530 - INFO - Added sector: Metal, Change: 0.03%
2025-04-29 05:52:26,593 - INFO - Found percent change: -1.38% in '-303.20 (-1.38%)'
2025-04-29 05:52:26,593 - INFO - Added sector: Pharma, Change: -1.38%
2025-04-29 05:52:26,650 - INFO - Found percent change: 0.8% in '53.75 (0.80%)'
2025-04-29 05:52:26,651 - INFO - Added sector: PSU Bank, Change: 0.8%
2025-04-29 05:52:26,696 - INFO - Found percent change: 0.54% in '4.70 (0.54%)'
2025-04-29 05:52:26,697 - INFO - Added sector: Realty, Change: 0.54%
2025-04-29 05:52:30,978 - INFO - Saved sector data to sector.csv
2025-04-29 05:53:31,656 - INFO - Running Nuvama sector data scraper job at 2025-04-29 05:53:31
2025-04-29 05:53:31,656 - INFO - Setting up Chrome driver...
2025-04-29 05:53:31,657 - INFO - ====== WebDriver manager ======
2025-04-29 05:53:33,151 - INFO - Get LATEST chromedriver version for google-chrome
2025-04-29 05:53:33,193 - INFO - Get LATEST chromedriver version for google-chrome
2025-04-29 05:53:33,236 - INFO - Driver [C:\Users\Rajee\.wdm\drivers\chromedriver\win64\135.0.7049.114\chromedriver-win32/chromedriver.exe] found in cache
2025-04-29 05:53:36,135 - INFO - Navigating to https://www.nuvamawealth.com/market/stock-market-index/#key-indices
2025-04-29 05:53:40,934 - INFO - Waiting for page to load...
2025-04-29 05:53:58,657 - INFO - Refreshed page to get latest data
2025-04-29 05:54:08,684 - WARNING - Could not click on SECTOR INDICES tab: Message: no such element: Unable to locate element: {"method":"xpath","selector":"//a[text()='SECTOR INDICES']"}
  (Session info: chrome=135.0.7049.115); For documentation on this error, please visit: https://www.selenium.dev/documentation/webdriver/troubleshooting/errors#no-such-element-exception
Stacktrace:
	GetHandleVerifier [0x00CFD363+60275]
	GetHandleVerifier [0x00CFD3A4+60340]
	(No symbol) [0x00B306F3]
	(No symbol) [0x00B78690]
	(No symbol) [0x00B78A2B]
	(No symbol) [0x00BC0EE2]
	(No symbol) [0x00B9D0D4]
	(No symbol) [0x00BBE6EB]
	(No symbol) [0x00B9CE86]
	(No symbol) [0x00B6C623]
	(No symbol) [0x00B6D474]
	GetHandleVerifier [0x00F48FE3+2467827]
	GetHandleVerifier [0x00F445E6+2448886]
	GetHandleVerifier [0x00F5F80C+2560028]
	GetHandleVerifier [0x00D13DF5+153093]
	GetHandleVerifier [0x00D1A3BD+179149]
	GetHandleVerifier [0x00D04BB8+91080]
	GetHandleVerifier [0x00D04D60+91504]
	GetHandleVerifier [0x00CEFA10+4640]
	BaseThreadInitThunk [0x75C9FCC9+25]
	RtlGetAppContainerNamedObjectPath [0x777082AE+286]
	RtlGetAppContainerNamedObjectPath [0x7770827E+238]

2025-04-29 05:54:08,708 - WARNING - Could not click on second tab: Message: no such element: Unable to locate element: {"method":"css selector","selector":".tab-links li:nth-child(2) a"}
  (Session info: chrome=135.0.7049.115); For documentation on this error, please visit: https://www.selenium.dev/documentation/webdriver/troubleshooting/errors#no-such-element-exception
Stacktrace:
	GetHandleVerifier [0x00CFD363+60275]
	GetHandleVerifier [0x00CFD3A4+60340]
	(No symbol) [0x00B306F3]
	(No symbol) [0x00B78690]
	(No symbol) [0x00B78A2B]
	(No symbol) [0x00BC0EE2]
	(No symbol) [0x00B9D0D4]
	(No symbol) [0x00BBE6EB]
	(No symbol) [0x00B9CE86]
	(No symbol) [0x00B6C623]
	(No symbol) [0x00B6D474]
	GetHandleVerifier [0x00F48FE3+2467827]
	GetHandleVerifier [0x00F445E6+2448886]
	GetHandleVerifier [0x00F5F80C+2560028]
	GetHandleVerifier [0x00D13DF5+153093]
	GetHandleVerifier [0x00D1A3BD+179149]
	GetHandleVerifier [0x00D04BB8+91080]
	GetHandleVerifier [0x00D04D60+91504]
	GetHandleVerifier [0x00CEFA10+4640]
	BaseThreadInitThunk [0x75C9FCC9+25]
	RtlGetAppContainerNamedObjectPath [0x777082AE+286]
	RtlGetAppContainerNamedObjectPath [0x7770827E+238]

2025-04-29 05:54:08,934 - INFO - Saved screenshot of sector tab
2025-04-29 05:54:08,950 - INFO - Found 6 tables on page
2025-04-29 05:54:08,951 - INFO - Checking table 1
2025-04-29 05:54:08,966 - INFO - Checking table 2
2025-04-29 05:54:08,992 - INFO - Found likely sector table (table #2)
2025-04-29 05:54:09,086 - WARNING - Could not find percent change for 
2025-04-29 05:54:09,146 - INFO - Found percent change: 0.31% in '68.40 (0.31%)'
2025-04-29 05:54:09,147 - INFO - Added sector: Auto, Change: 0.31%
2025-04-29 05:54:09,212 - INFO - Found percent change: 0.4% in '139.00 (0.40%)'
2025-04-29 05:54:09,213 - INFO - Added sector: Energy, Change: 0.4%
2025-04-29 05:54:09,315 - INFO - Found percent change: -0.12% in '-31.30 (-0.12%)'
2025-04-29 05:54:09,315 - INFO - Added sector: Financial Services, Change: -0.12%
2025-04-29 05:54:09,398 - INFO - Found percent change: -0.58% in '-326.60 (-0.58%)'
2025-04-29 05:54:09,398 - INFO - Added sector: FMCG, Change: -0.58%
2025-04-29 05:54:09,477 - INFO - Found percent change: 0.16% in '56.80 (0.16%)'
2025-04-29 05:54:09,477 - INFO - Added sector: IT, Change: 0.16%
2025-04-29 05:54:09,569 - INFO - Found percent change: 0.13% in '1.95 (0.13%)'
2025-04-29 05:54:09,572 - INFO - Added sector: Media, Change: 0.13%
2025-04-29 05:54:09,644 - INFO - Found percent change: 0.03% in '2.50 (0.03%)'
2025-04-29 05:54:09,645 - INFO - Added sector: Metal, Change: 0.03%
2025-04-29 05:54:09,910 - INFO - Found percent change: -1.38% in '-303.20 (-1.38%)'
2025-04-29 05:54:09,912 - INFO - Added sector: Pharma, Change: -1.38%
2025-04-29 05:54:09,995 - INFO - Found percent change: 0.8% in '53.75 (0.80%)'
2025-04-29 05:54:09,996 - INFO - Added sector: PSU Bank, Change: 0.8%
2025-04-29 05:54:10,085 - INFO - Found percent change: 0.54% in '4.70 (0.54%)'
2025-04-29 05:54:10,085 - INFO - Added sector: Realty, Change: 0.54%
2025-04-29 05:54:12,918 - INFO - Saved sector data to sector.csv
2025-04-29 05:55:13,717 - INFO - Running Nuvama sector data scraper job at 2025-04-29 05:55:13
2025-04-29 05:55:13,733 - INFO - Setting up Chrome driver...
2025-04-29 05:55:13,734 - INFO - ====== WebDriver manager ======
2025-04-29 05:55:21,580 - INFO - Get LATEST chromedriver version for google-chrome
2025-04-29 05:55:21,659 - INFO - Get LATEST chromedriver version for google-chrome
2025-04-29 05:55:21,741 - INFO - Driver [C:\Users\Rajee\.wdm\drivers\chromedriver\win64\135.0.7049.114\chromedriver-win32/chromedriver.exe] found in cache
2025-04-29 05:55:28,499 - INFO - Navigating to https://www.nuvamawealth.com/market/stock-market-index/#key-indices
2025-04-29 05:55:38,793 - INFO - Waiting for page to load...
2025-04-29 05:56:05,845 - INFO - Refreshed page to get latest data
2025-04-29 05:56:15,974 - WARNING - Could not click on SECTOR INDICES tab: Message: no such element: Unable to locate element: {"method":"xpath","selector":"//a[text()='SECTOR INDICES']"}
  (Session info: chrome=135.0.7049.115); For documentation on this error, please visit: https://www.selenium.dev/documentation/webdriver/troubleshooting/errors#no-such-element-exception
Stacktrace:
	GetHandleVerifier [0x00CFD363+60275]
	GetHandleVerifier [0x00CFD3A4+60340]
	(No symbol) [0x00B306F3]
	(No symbol) [0x00B78690]
	(No symbol) [0x00B78A2B]
	(No symbol) [0x00BC0EE2]
	(No symbol) [0x00B9D0D4]
	(No symbol) [0x00BBE6EB]
	(No symbol) [0x00B9CE86]
	(No symbol) [0x00B6C623]
	(No symbol) [0x00B6D474]
	GetHandleVerifier [0x00F48FE3+2467827]
	GetHandleVerifier [0x00F445E6+2448886]
	GetHandleVerifier [0x00F5F80C+2560028]
	GetHandleVerifier [0x00D13DF5+153093]
	GetHandleVerifier [0x00D1A3BD+179149]
	GetHandleVerifier [0x00D04BB8+91080]
	GetHandleVerifier [0x00D04D60+91504]
	GetHandleVerifier [0x00CEFA10+4640]
	BaseThreadInitThunk [0x75C9FCC9+25]
	RtlGetAppContainerNamedObjectPath [0x777082AE+286]
	RtlGetAppContainerNamedObjectPath [0x7770827E+238]

2025-04-29 05:56:16,014 - WARNING - Could not click on second tab: Message: no such element: Unable to locate element: {"method":"css selector","selector":".tab-links li:nth-child(2) a"}
  (Session info: chrome=135.0.7049.115); For documentation on this error, please visit: https://www.selenium.dev/documentation/webdriver/troubleshooting/errors#no-such-element-exception
Stacktrace:
	GetHandleVerifier [0x00CFD363+60275]
	GetHandleVerifier [0x00CFD3A4+60340]
	(No symbol) [0x00B306F3]
	(No symbol) [0x00B78690]
	(No symbol) [0x00B78A2B]
	(No symbol) [0x00BC0EE2]
	(No symbol) [0x00B9D0D4]
	(No symbol) [0x00BBE6EB]
	(No symbol) [0x00B9CE86]
	(No symbol) [0x00B6C623]
	(No symbol) [0x00B6D474]
	GetHandleVerifier [0x00F48FE3+2467827]
	GetHandleVerifier [0x00F445E6+2448886]
	GetHandleVerifier [0x00F5F80C+2560028]
	GetHandleVerifier [0x00D13DF5+153093]
	GetHandleVerifier [0x00D1A3BD+179149]
	GetHandleVerifier [0x00D04BB8+91080]
	GetHandleVerifier [0x00D04D60+91504]
	GetHandleVerifier [0x00CEFA10+4640]
	BaseThreadInitThunk [0x75C9FCC9+25]
	RtlGetAppContainerNamedObjectPath [0x777082AE+286]
	RtlGetAppContainerNamedObjectPath [0x7770827E+238]

2025-04-29 05:56:16,334 - INFO - Saved screenshot of sector tab
2025-04-29 05:56:16,375 - INFO - Found 6 tables on page
2025-04-29 05:56:16,376 - INFO - Checking table 1
2025-04-29 05:56:16,408 - INFO - Checking table 2
2025-04-29 05:56:16,524 - INFO - Found likely sector table (table #2)
2025-04-29 05:56:16,702 - WARNING - Could not find percent change for 
2025-04-29 05:56:16,816 - INFO - Found percent change: 0.31% in '68.40 (0.31%)'
2025-04-29 05:56:16,817 - INFO - Added sector: Auto, Change: 0.31%
2025-04-29 05:56:16,919 - INFO - Found percent change: 0.4% in '139.00 (0.40%)'
2025-04-29 05:56:16,921 - INFO - Added sector: Energy, Change: 0.4%
2025-04-29 05:56:17,057 - INFO - Found percent change: -0.12% in '-31.30 (-0.12%)'
2025-04-29 05:56:17,058 - INFO - Added sector: Financial Services, Change: -0.12%
2025-04-29 05:56:17,210 - INFO - Found percent change: -0.58% in '-326.60 (-0.58%)'
2025-04-29 05:56:17,210 - INFO - Added sector: FMCG, Change: -0.58%
2025-04-29 05:56:17,315 - INFO - Found percent change: 0.16% in '56.80 (0.16%)'
2025-04-29 05:56:17,315 - INFO - Added sector: IT, Change: 0.16%
2025-04-29 05:56:17,421 - INFO - Found percent change: 0.13% in '1.95 (0.13%)'
2025-04-29 05:56:17,422 - INFO - Added sector: Media, Change: 0.13%
2025-04-29 05:56:17,514 - INFO - Found percent change: 0.03% in '2.50 (0.03%)'
2025-04-29 05:56:17,514 - INFO - Added sector: Metal, Change: 0.03%
2025-04-29 05:56:17,595 - INFO - Found percent change: -1.38% in '-303.20 (-1.38%)'
2025-04-29 05:56:17,596 - INFO - Added sector: Pharma, Change: -1.38%
2025-04-29 05:56:17,692 - INFO - Found percent change: 0.8% in '53.75 (0.80%)'
2025-04-29 05:56:17,692 - INFO - Added sector: PSU Bank, Change: 0.8%
2025-04-29 05:56:17,798 - INFO - Found percent change: 0.54% in '4.70 (0.54%)'
2025-04-29 05:56:17,799 - INFO - Added sector: Realty, Change: 0.54%
2025-04-29 05:56:23,027 - INFO - Saved sector data to sector.csv
2025-04-29 05:56:36,372 - INFO - Scraper stopped by user
2025-04-29 06:03:26,785 - INFO - Starting Nuvama sector data scraper with 30-minute refresh
2025-04-29 06:03:26,785 - INFO - Running Nuvama sector data scraper job at 2025-04-29 06:03:26
2025-04-29 06:03:26,786 - INFO - Setting up Chrome driver...
2025-04-29 06:03:26,786 - INFO - ====== WebDriver manager ======
2025-04-29 06:03:30,493 - INFO - Get LATEST chromedriver version for google-chrome
2025-04-29 06:03:30,573 - INFO - Get LATEST chromedriver version for google-chrome
2025-04-29 06:03:30,619 - INFO - Driver [C:\Users\Rajee\.wdm\drivers\chromedriver\win64\135.0.7049.114\chromedriver-win32/chromedriver.exe] found in cache
2025-04-29 06:03:33,217 - INFO - Navigating to https://www.nuvamawealth.com/market/stock-market-index/#key-indices
2025-04-29 06:03:38,201 - INFO - Waiting for page to load...
2025-04-29 06:03:57,699 - INFO - Refreshed page to get latest data
2025-04-29 06:04:07,733 - WARNING - Could not click on SECTOR INDICES tab: Message: no such element: Unable to locate element: {"method":"xpath","selector":"//a[text()='SECTOR INDICES']"}
  (Session info: chrome=135.0.7049.115); For documentation on this error, please visit: https://www.selenium.dev/documentation/webdriver/troubleshooting/errors#no-such-element-exception
Stacktrace:
	GetHandleVerifier [0x00CFD363+60275]
	GetHandleVerifier [0x00CFD3A4+60340]
	(No symbol) [0x00B306F3]
	(No symbol) [0x00B78690]
	(No symbol) [0x00B78A2B]
	(No symbol) [0x00BC0EE2]
	(No symbol) [0x00B9D0D4]
	(No symbol) [0x00BBE6EB]
	(No symbol) [0x00B9CE86]
	(No symbol) [0x00B6C623]
	(No symbol) [0x00B6D474]
	GetHandleVerifier [0x00F48FE3+2467827]
	GetHandleVerifier [0x00F445E6+2448886]
	GetHandleVerifier [0x00F5F80C+2560028]
	GetHandleVerifier [0x00D13DF5+153093]
	GetHandleVerifier [0x00D1A3BD+179149]
	GetHandleVerifier [0x00D04BB8+91080]
	GetHandleVerifier [0x00D04D60+91504]
	GetHandleVerifier [0x00CEFA10+4640]
	BaseThreadInitThunk [0x75C9FCC9+25]
	RtlGetAppContainerNamedObjectPath [0x777082AE+286]
	RtlGetAppContainerNamedObjectPath [0x7770827E+238]

2025-04-29 06:04:07,754 - WARNING - Could not click on second tab: Message: no such element: Unable to locate element: {"method":"css selector","selector":".tab-links li:nth-child(2) a"}
  (Session info: chrome=135.0.7049.115); For documentation on this error, please visit: https://www.selenium.dev/documentation/webdriver/troubleshooting/errors#no-such-element-exception
Stacktrace:
	GetHandleVerifier [0x00CFD363+60275]
	GetHandleVerifier [0x00CFD3A4+60340]
	(No symbol) [0x00B306F3]
	(No symbol) [0x00B78690]
	(No symbol) [0x00B78A2B]
	(No symbol) [0x00BC0EE2]
	(No symbol) [0x00B9D0D4]
	(No symbol) [0x00BBE6EB]
	(No symbol) [0x00B9CE86]
	(No symbol) [0x00B6C623]
	(No symbol) [0x00B6D474]
	GetHandleVerifier [0x00F48FE3+2467827]
	GetHandleVerifier [0x00F445E6+2448886]
	GetHandleVerifier [0x00F5F80C+2560028]
	GetHandleVerifier [0x00D13DF5+153093]
	GetHandleVerifier [0x00D1A3BD+179149]
	GetHandleVerifier [0x00D04BB8+91080]
	GetHandleVerifier [0x00D04D60+91504]
	GetHandleVerifier [0x00CEFA10+4640]
	BaseThreadInitThunk [0x75C9FCC9+25]
	RtlGetAppContainerNamedObjectPath [0x777082AE+286]
	RtlGetAppContainerNamedObjectPath [0x7770827E+238]

2025-04-29 06:04:07,975 - INFO - Saved screenshot of sector tab
2025-04-29 06:04:07,995 - INFO - Found 6 tables on page
2025-04-29 06:04:07,996 - INFO - Checking table 1
2025-04-29 06:04:08,148 - INFO - Checking table 2
2025-04-29 06:04:08,158 - INFO - Found likely sector table (table #2)
2025-04-29 06:04:08,266 - WARNING - Could not find percent change for 
2025-04-29 06:04:08,322 - INFO - Found percent change: 0.31% in '68.40 (0.31%)'
2025-04-29 06:04:08,323 - INFO - Added sector: Auto, Change: 0.31%
2025-04-29 06:04:08,385 - INFO - Found percent change: 0.4% in '139.00 (0.40%)'
2025-04-29 06:04:08,385 - INFO - Added sector: Energy, Change: 0.4%
2025-04-29 06:04:08,447 - INFO - Found percent change: -0.12% in '-31.30 (-0.12%)'
2025-04-29 06:04:08,448 - INFO - Added sector: Financial Services, Change: -0.12%
2025-04-29 06:04:08,514 - INFO - Found percent change: -0.58% in '-326.60 (-0.58%)'
2025-04-29 06:04:08,515 - INFO - Added sector: FMCG, Change: -0.58%
2025-04-29 06:04:08,581 - INFO - Found percent change: 0.16% in '56.80 (0.16%)'
2025-04-29 06:04:08,581 - INFO - Added sector: IT, Change: 0.16%
2025-04-29 06:04:08,638 - INFO - Found percent change: 0.13% in '1.95 (0.13%)'
2025-04-29 06:04:08,638 - INFO - Added sector: Media, Change: 0.13%
2025-04-29 06:04:08,714 - INFO - Found percent change: 0.03% in '2.50 (0.03%)'
2025-04-29 06:04:08,714 - INFO - Added sector: Metal, Change: 0.03%
2025-04-29 06:04:08,805 - INFO - Found percent change: -1.38% in '-303.20 (-1.38%)'
2025-04-29 06:04:08,805 - INFO - Added sector: Pharma, Change: -1.38%
2025-04-29 06:04:08,865 - INFO - Found percent change: 0.8% in '53.75 (0.80%)'
2025-04-29 06:04:08,866 - INFO - Added sector: PSU Bank, Change: 0.8%
2025-04-29 06:04:08,942 - INFO - Found percent change: 0.54% in '4.70 (0.54%)'
2025-04-29 06:04:08,942 - INFO - Added sector: Realty, Change: 0.54%
2025-04-29 06:04:12,060 - INFO - Saved sector data to sector.csv
2025-04-29 06:05:12,560 - INFO - Running Nuvama sector data scraper job at 2025-04-29 06:05:12
2025-04-29 06:05:12,560 - INFO - Setting up Chrome driver...
2025-04-29 06:05:12,561 - INFO - ====== WebDriver manager ======
2025-04-29 06:05:14,327 - INFO - Get LATEST chromedriver version for google-chrome
2025-04-29 06:05:14,380 - INFO - Get LATEST chromedriver version for google-chrome
2025-04-29 06:05:14,421 - INFO - Driver [C:\Users\Rajee\.wdm\drivers\chromedriver\win64\135.0.7049.114\chromedriver-win32/chromedriver.exe] found in cache
2025-04-29 06:05:17,755 - INFO - Navigating to https://www.nuvamawealth.com/market/stock-market-index/#key-indices
2025-04-29 06:05:22,860 - INFO - Waiting for page to load...
2025-04-29 06:05:40,426 - INFO - Refreshed page to get latest data
2025-04-29 06:05:50,454 - WARNING - Could not click on SECTOR INDICES tab: Message: no such element: Unable to locate element: {"method":"xpath","selector":"//a[text()='SECTOR INDICES']"}
  (Session info: chrome=135.0.7049.115); For documentation on this error, please visit: https://www.selenium.dev/documentation/webdriver/troubleshooting/errors#no-such-element-exception
Stacktrace:
	GetHandleVerifier [0x00CFD363+60275]
	GetHandleVerifier [0x00CFD3A4+60340]
	(No symbol) [0x00B306F3]
	(No symbol) [0x00B78690]
	(No symbol) [0x00B78A2B]
	(No symbol) [0x00BC0EE2]
	(No symbol) [0x00B9D0D4]
	(No symbol) [0x00BBE6EB]
	(No symbol) [0x00B9CE86]
	(No symbol) [0x00B6C623]
	(No symbol) [0x00B6D474]
	GetHandleVerifier [0x00F48FE3+2467827]
	GetHandleVerifier [0x00F445E6+2448886]
	GetHandleVerifier [0x00F5F80C+2560028]
	GetHandleVerifier [0x00D13DF5+153093]
	GetHandleVerifier [0x00D1A3BD+179149]
	GetHandleVerifier [0x00D04BB8+91080]
	GetHandleVerifier [0x00D04D60+91504]
	GetHandleVerifier [0x00CEFA10+4640]
	BaseThreadInitThunk [0x75C9FCC9+25]
	RtlGetAppContainerNamedObjectPath [0x777082AE+286]
	RtlGetAppContainerNamedObjectPath [0x7770827E+238]

2025-04-29 06:05:50,471 - WARNING - Could not click on second tab: Message: no such element: Unable to locate element: {"method":"css selector","selector":".tab-links li:nth-child(2) a"}
  (Session info: chrome=135.0.7049.115); For documentation on this error, please visit: https://www.selenium.dev/documentation/webdriver/troubleshooting/errors#no-such-element-exception
Stacktrace:
	GetHandleVerifier [0x00CFD363+60275]
	GetHandleVerifier [0x00CFD3A4+60340]
	(No symbol) [0x00B306F3]
	(No symbol) [0x00B78690]
	(No symbol) [0x00B78A2B]
	(No symbol) [0x00BC0EE2]
	(No symbol) [0x00B9D0D4]
	(No symbol) [0x00BBE6EB]
	(No symbol) [0x00B9CE86]
	(No symbol) [0x00B6C623]
	(No symbol) [0x00B6D474]
	GetHandleVerifier [0x00F48FE3+2467827]
	GetHandleVerifier [0x00F445E6+2448886]
	GetHandleVerifier [0x00F5F80C+2560028]
	GetHandleVerifier [0x00D13DF5+153093]
	GetHandleVerifier [0x00D1A3BD+179149]
	GetHandleVerifier [0x00D04BB8+91080]
	GetHandleVerifier [0x00D04D60+91504]
	GetHandleVerifier [0x00CEFA10+4640]
	BaseThreadInitThunk [0x75C9FCC9+25]
	RtlGetAppContainerNamedObjectPath [0x777082AE+286]
	RtlGetAppContainerNamedObjectPath [0x7770827E+238]

2025-04-29 06:05:50,662 - INFO - Saved screenshot of sector tab
2025-04-29 06:05:50,678 - INFO - Found 6 tables on page
2025-04-29 06:05:50,678 - INFO - Checking table 1
2025-04-29 06:05:50,688 - INFO - Checking table 2
2025-04-29 06:05:50,703 - INFO - Found likely sector table (table #2)
2025-04-29 06:05:50,771 - WARNING - Could not find percent change for 
2025-04-29 06:05:50,826 - INFO - Found percent change: 0.31% in '68.40 (0.31%)'
2025-04-29 06:05:50,826 - INFO - Added sector: Auto, Change: 0.31%
2025-04-29 06:05:50,876 - INFO - Found percent change: 0.4% in '139.00 (0.40%)'
2025-04-29 06:05:50,876 - INFO - Added sector: Energy, Change: 0.4%
2025-04-29 06:05:50,929 - INFO - Found percent change: -0.12% in '-31.30 (-0.12%)'
2025-04-29 06:05:50,929 - INFO - Added sector: Financial Services, Change: -0.12%
2025-04-29 06:05:50,982 - INFO - Found percent change: -0.58% in '-326.60 (-0.58%)'
2025-04-29 06:05:50,983 - INFO - Added sector: FMCG, Change: -0.58%
2025-04-29 06:05:51,033 - INFO - Found percent change: 0.16% in '56.80 (0.16%)'
2025-04-29 06:05:51,034 - INFO - Added sector: IT, Change: 0.16%
2025-04-29 06:05:51,092 - INFO - Found percent change: 0.13% in '1.95 (0.13%)'
2025-04-29 06:05:51,093 - INFO - Added sector: Media, Change: 0.13%
2025-04-29 06:05:51,154 - INFO - Found percent change: 0.03% in '2.50 (0.03%)'
2025-04-29 06:05:51,155 - INFO - Added sector: Metal, Change: 0.03%
2025-04-29 06:05:51,215 - INFO - Found percent change: -1.38% in '-303.20 (-1.38%)'
2025-04-29 06:05:51,216 - INFO - Added sector: Pharma, Change: -1.38%
2025-04-29 06:05:51,268 - INFO - Found percent change: 0.8% in '53.75 (0.80%)'
2025-04-29 06:05:51,268 - INFO - Added sector: PSU Bank, Change: 0.8%
2025-04-29 06:05:51,320 - INFO - Found percent change: 0.54% in '4.70 (0.54%)'
2025-04-29 06:05:51,321 - INFO - Added sector: Realty, Change: 0.54%
2025-04-29 06:05:53,852 - INFO - Saved sector data to sector.csv
2025-04-29 06:06:54,443 - INFO - Running Nuvama sector data scraper job at 2025-04-29 06:06:54
2025-04-29 06:06:54,444 - INFO - Setting up Chrome driver...
2025-04-29 06:06:54,445 - INFO - ====== WebDriver manager ======
2025-04-29 06:06:56,634 - INFO - Get LATEST chromedriver version for google-chrome
2025-04-29 06:06:56,731 - INFO - Get LATEST chromedriver version for google-chrome
2025-04-29 06:06:56,781 - INFO - Driver [C:\Users\Rajee\.wdm\drivers\chromedriver\win64\135.0.7049.114\chromedriver-win32/chromedriver.exe] found in cache
2025-04-29 06:06:58,223 - INFO - Navigating to https://www.nuvamawealth.com/market/stock-market-index/#key-indices
2025-04-29 06:07:03,190 - INFO - Waiting for page to load...
2025-04-29 06:07:20,419 - INFO - Refreshed page to get latest data
2025-04-29 06:07:30,444 - WARNING - Could not click on SECTOR INDICES tab: Message: no such element: Unable to locate element: {"method":"xpath","selector":"//a[text()='SECTOR INDICES']"}
  (Session info: chrome=135.0.7049.115); For documentation on this error, please visit: https://www.selenium.dev/documentation/webdriver/troubleshooting/errors#no-such-element-exception
Stacktrace:
	GetHandleVerifier [0x00CFD363+60275]
	GetHandleVerifier [0x00CFD3A4+60340]
	(No symbol) [0x00B306F3]
	(No symbol) [0x00B78690]
	(No symbol) [0x00B78A2B]
	(No symbol) [0x00BC0EE2]
	(No symbol) [0x00B9D0D4]
	(No symbol) [0x00BBE6EB]
	(No symbol) [0x00B9CE86]
	(No symbol) [0x00B6C623]
	(No symbol) [0x00B6D474]
	GetHandleVerifier [0x00F48FE3+2467827]
	GetHandleVerifier [0x00F445E6+2448886]
	GetHandleVerifier [0x00F5F80C+2560028]
	GetHandleVerifier [0x00D13DF5+153093]
	GetHandleVerifier [0x00D1A3BD+179149]
	GetHandleVerifier [0x00D04BB8+91080]
	GetHandleVerifier [0x00D04D60+91504]
	GetHandleVerifier [0x00CEFA10+4640]
	BaseThreadInitThunk [0x75C9FCC9+25]
	RtlGetAppContainerNamedObjectPath [0x777082AE+286]
	RtlGetAppContainerNamedObjectPath [0x7770827E+238]

2025-04-29 06:07:30,464 - WARNING - Could not click on second tab: Message: no such element: Unable to locate element: {"method":"css selector","selector":".tab-links li:nth-child(2) a"}
  (Session info: chrome=135.0.7049.115); For documentation on this error, please visit: https://www.selenium.dev/documentation/webdriver/troubleshooting/errors#no-such-element-exception
Stacktrace:
	GetHandleVerifier [0x00CFD363+60275]
	GetHandleVerifier [0x00CFD3A4+60340]
	(No symbol) [0x00B306F3]
	(No symbol) [0x00B78690]
	(No symbol) [0x00B78A2B]
	(No symbol) [0x00BC0EE2]
	(No symbol) [0x00B9D0D4]
	(No symbol) [0x00BBE6EB]
	(No symbol) [0x00B9CE86]
	(No symbol) [0x00B6C623]
	(No symbol) [0x00B6D474]
	GetHandleVerifier [0x00F48FE3+2467827]
	GetHandleVerifier [0x00F445E6+2448886]
	GetHandleVerifier [0x00F5F80C+2560028]
	GetHandleVerifier [0x00D13DF5+153093]
	GetHandleVerifier [0x00D1A3BD+179149]
	GetHandleVerifier [0x00D04BB8+91080]
	GetHandleVerifier [0x00D04D60+91504]
	GetHandleVerifier [0x00CEFA10+4640]
	BaseThreadInitThunk [0x75C9FCC9+25]
	RtlGetAppContainerNamedObjectPath [0x777082AE+286]
	RtlGetAppContainerNamedObjectPath [0x7770827E+238]

2025-04-29 06:07:30,695 - INFO - Saved screenshot of sector tab
2025-04-29 06:07:30,720 - INFO - Found 6 tables on page
2025-04-29 06:07:30,721 - INFO - Checking table 1
2025-04-29 06:07:30,737 - INFO - Checking table 2
2025-04-29 06:07:30,755 - INFO - Found likely sector table (table #2)
2025-04-29 06:07:30,886 - WARNING - Could not find percent change for 
2025-04-29 06:07:30,987 - INFO - Found percent change: 0.31% in '68.40 (0.31%)'
2025-04-29 06:07:30,988 - INFO - Added sector: Auto, Change: 0.31%
2025-04-29 06:07:31,106 - INFO - Found percent change: 0.4% in '139.00 (0.40%)'
2025-04-29 06:07:31,107 - INFO - Added sector: Energy, Change: 0.4%
2025-04-29 06:07:31,206 - INFO - Found percent change: -0.12% in '-31.30 (-0.12%)'
2025-04-29 06:07:31,208 - INFO - Added sector: Financial Services, Change: -0.12%
2025-04-29 06:07:31,304 - INFO - Found percent change: -0.58% in '-326.60 (-0.58%)'
2025-04-29 06:07:31,305 - INFO - Added sector: FMCG, Change: -0.58%
2025-04-29 06:07:31,384 - INFO - Found percent change: 0.16% in '56.80 (0.16%)'
2025-04-29 06:07:31,385 - INFO - Added sector: IT, Change: 0.16%
2025-04-29 06:07:31,450 - INFO - Found percent change: 0.13% in '1.95 (0.13%)'
2025-04-29 06:07:31,451 - INFO - Added sector: Media, Change: 0.13%
2025-04-29 06:07:31,524 - INFO - Found percent change: 0.03% in '2.50 (0.03%)'
2025-04-29 06:07:31,525 - INFO - Added sector: Metal, Change: 0.03%
2025-04-29 06:07:31,592 - INFO - Found percent change: -1.38% in '-303.20 (-1.38%)'
2025-04-29 06:07:31,592 - INFO - Added sector: Pharma, Change: -1.38%
2025-04-29 06:07:31,656 - INFO - Found percent change: 0.8% in '53.75 (0.80%)'
2025-04-29 06:07:31,656 - INFO - Added sector: PSU Bank, Change: 0.8%
2025-04-29 06:07:31,721 - INFO - Found percent change: 0.54% in '4.70 (0.54%)'
2025-04-29 06:07:31,721 - INFO - Added sector: Realty, Change: 0.54%
2025-04-29 06:07:34,942 - INFO - Saved sector data to sector.csv
2025-04-29 06:08:35,574 - INFO - Running Nuvama sector data scraper job at 2025-04-29 06:08:35
2025-04-29 06:08:35,576 - INFO - Setting up Chrome driver...
2025-04-29 06:08:35,578 - INFO - ====== WebDriver manager ======
2025-04-29 06:08:37,521 - INFO - Get LATEST chromedriver version for google-chrome
2025-04-29 06:08:37,566 - INFO - Get LATEST chromedriver version for google-chrome
2025-04-29 06:08:37,612 - INFO - Driver [C:\Users\Rajee\.wdm\drivers\chromedriver\win64\135.0.7049.114\chromedriver-win32/chromedriver.exe] found in cache
2025-04-29 06:08:39,464 - INFO - Navigating to https://www.nuvamawealth.com/market/stock-market-index/#key-indices
2025-04-29 06:08:43,806 - INFO - Waiting for page to load...
2025-04-29 06:09:01,569 - INFO - Refreshed page to get latest data
2025-04-29 06:09:11,591 - WARNING - Could not click on SECTOR INDICES tab: Message: no such element: Unable to locate element: {"method":"xpath","selector":"//a[text()='SECTOR INDICES']"}
  (Session info: chrome=135.0.7049.115); For documentation on this error, please visit: https://www.selenium.dev/documentation/webdriver/troubleshooting/errors#no-such-element-exception
Stacktrace:
	GetHandleVerifier [0x00CFD363+60275]
	GetHandleVerifier [0x00CFD3A4+60340]
	(No symbol) [0x00B306F3]
	(No symbol) [0x00B78690]
	(No symbol) [0x00B78A2B]
	(No symbol) [0x00BC0EE2]
	(No symbol) [0x00B9D0D4]
	(No symbol) [0x00BBE6EB]
	(No symbol) [0x00B9CE86]
	(No symbol) [0x00B6C623]
	(No symbol) [0x00B6D474]
	GetHandleVerifier [0x00F48FE3+2467827]
	GetHandleVerifier [0x00F445E6+2448886]
	GetHandleVerifier [0x00F5F80C+2560028]
	GetHandleVerifier [0x00D13DF5+153093]
	GetHandleVerifier [0x00D1A3BD+179149]
	GetHandleVerifier [0x00D04BB8+91080]
	GetHandleVerifier [0x00D04D60+91504]
	GetHandleVerifier [0x00CEFA10+4640]
	BaseThreadInitThunk [0x75C9FCC9+25]
	RtlGetAppContainerNamedObjectPath [0x777082AE+286]
	RtlGetAppContainerNamedObjectPath [0x7770827E+238]

2025-04-29 06:09:11,615 - WARNING - Could not click on second tab: Message: no such element: Unable to locate element: {"method":"css selector","selector":".tab-links li:nth-child(2) a"}
  (Session info: chrome=135.0.7049.115); For documentation on this error, please visit: https://www.selenium.dev/documentation/webdriver/troubleshooting/errors#no-such-element-exception
Stacktrace:
	GetHandleVerifier [0x00CFD363+60275]
	GetHandleVerifier [0x00CFD3A4+60340]
	(No symbol) [0x00B306F3]
	(No symbol) [0x00B78690]
	(No symbol) [0x00B78A2B]
	(No symbol) [0x00BC0EE2]
	(No symbol) [0x00B9D0D4]
	(No symbol) [0x00BBE6EB]
	(No symbol) [0x00B9CE86]
	(No symbol) [0x00B6C623]
	(No symbol) [0x00B6D474]
	GetHandleVerifier [0x00F48FE3+2467827]
	GetHandleVerifier [0x00F445E6+2448886]
	GetHandleVerifier [0x00F5F80C+2560028]
	GetHandleVerifier [0x00D13DF5+153093]
	GetHandleVerifier [0x00D1A3BD+179149]
	GetHandleVerifier [0x00D04BB8+91080]
	GetHandleVerifier [0x00D04D60+91504]
	GetHandleVerifier [0x00CEFA10+4640]
	BaseThreadInitThunk [0x75C9FCC9+25]
	RtlGetAppContainerNamedObjectPath [0x777082AE+286]
	RtlGetAppContainerNamedObjectPath [0x7770827E+238]

2025-04-29 06:09:11,811 - INFO - Saved screenshot of sector tab
2025-04-29 06:09:11,847 - INFO - Found 6 tables on page
2025-04-29 06:09:11,847 - INFO - Checking table 1
2025-04-29 06:09:11,865 - INFO - Checking table 2
2025-04-29 06:09:11,880 - INFO - Found likely sector table (table #2)
2025-04-29 06:09:11,984 - WARNING - Could not find percent change for 
2025-04-29 06:09:12,060 - INFO - Found percent change: 0.31% in '68.40 (0.31%)'
2025-04-29 06:09:12,060 - INFO - Added sector: Auto, Change: 0.31%
2025-04-29 06:09:12,116 - INFO - Found percent change: 0.4% in '139.00 (0.40%)'
2025-04-29 06:09:12,117 - INFO - Added sector: Energy, Change: 0.4%
2025-04-29 06:09:12,200 - INFO - Found percent change: -0.12% in '-31.30 (-0.12%)'
2025-04-29 06:09:12,200 - INFO - Added sector: Financial Services, Change: -0.12%
2025-04-29 06:09:12,280 - INFO - Found percent change: -0.58% in '-326.60 (-0.58%)'
2025-04-29 06:09:12,280 - INFO - Added sector: FMCG, Change: -0.58%
2025-04-29 06:09:12,352 - INFO - Found percent change: 0.16% in '56.80 (0.16%)'
2025-04-29 06:09:12,353 - INFO - Added sector: IT, Change: 0.16%
2025-04-29 06:09:12,419 - INFO - Found percent change: 0.13% in '1.95 (0.13%)'
2025-04-29 06:09:12,420 - INFO - Added sector: Media, Change: 0.13%
2025-04-29 06:09:12,492 - INFO - Found percent change: 0.03% in '2.50 (0.03%)'
2025-04-29 06:09:12,493 - INFO - Added sector: Metal, Change: 0.03%
2025-04-29 06:09:12,568 - INFO - Found percent change: -1.38% in '-303.20 (-1.38%)'
2025-04-29 06:09:12,569 - INFO - Added sector: Pharma, Change: -1.38%
2025-04-29 06:09:12,660 - INFO - Found percent change: 0.8% in '53.75 (0.80%)'
2025-04-29 06:09:12,661 - INFO - Added sector: PSU Bank, Change: 0.8%
2025-04-29 06:09:12,748 - INFO - Found percent change: 0.54% in '4.70 (0.54%)'
2025-04-29 06:09:12,748 - INFO - Added sector: Realty, Change: 0.54%
2025-04-29 06:09:15,902 - INFO - Saved sector data to sector.csv
2025-04-29 06:10:16,476 - INFO - Running Nuvama sector data scraper job at 2025-04-29 06:10:16
2025-04-29 06:10:16,477 - INFO - Setting up Chrome driver...
2025-04-29 06:10:16,477 - INFO - ====== WebDriver manager ======
2025-04-29 06:10:18,204 - INFO - Get LATEST chromedriver version for google-chrome
2025-04-29 06:10:18,246 - INFO - Get LATEST chromedriver version for google-chrome
2025-04-29 06:10:18,296 - INFO - Driver [C:\Users\Rajee\.wdm\drivers\chromedriver\win64\135.0.7049.114\chromedriver-win32/chromedriver.exe] found in cache
2025-04-29 06:10:19,965 - INFO - Navigating to https://www.nuvamawealth.com/market/stock-market-index/#key-indices
2025-04-29 06:10:24,255 - INFO - Waiting for page to load...
2025-04-29 06:10:42,022 - INFO - Refreshed page to get latest data
2025-04-29 06:10:52,043 - WARNING - Could not click on SECTOR INDICES tab: Message: no such element: Unable to locate element: {"method":"xpath","selector":"//a[text()='SECTOR INDICES']"}
  (Session info: chrome=135.0.7049.115); For documentation on this error, please visit: https://www.selenium.dev/documentation/webdriver/troubleshooting/errors#no-such-element-exception
Stacktrace:
	GetHandleVerifier [0x00CFD363+60275]
	GetHandleVerifier [0x00CFD3A4+60340]
	(No symbol) [0x00B306F3]
	(No symbol) [0x00B78690]
	(No symbol) [0x00B78A2B]
	(No symbol) [0x00BC0EE2]
	(No symbol) [0x00B9D0D4]
	(No symbol) [0x00BBE6EB]
	(No symbol) [0x00B9CE86]
	(No symbol) [0x00B6C623]
	(No symbol) [0x00B6D474]
	GetHandleVerifier [0x00F48FE3+2467827]
	GetHandleVerifier [0x00F445E6+2448886]
	GetHandleVerifier [0x00F5F80C+2560028]
	GetHandleVerifier [0x00D13DF5+153093]
	GetHandleVerifier [0x00D1A3BD+179149]
	GetHandleVerifier [0x00D04BB8+91080]
	GetHandleVerifier [0x00D04D60+91504]
	GetHandleVerifier [0x00CEFA10+4640]
	BaseThreadInitThunk [0x75C9FCC9+25]
	RtlGetAppContainerNamedObjectPath [0x777082AE+286]
	RtlGetAppContainerNamedObjectPath [0x7770827E+238]

2025-04-29 06:10:52,063 - WARNING - Could not click on second tab: Message: no such element: Unable to locate element: {"method":"css selector","selector":".tab-links li:nth-child(2) a"}
  (Session info: chrome=135.0.7049.115); For documentation on this error, please visit: https://www.selenium.dev/documentation/webdriver/troubleshooting/errors#no-such-element-exception
Stacktrace:
	GetHandleVerifier [0x00CFD363+60275]
	GetHandleVerifier [0x00CFD3A4+60340]
	(No symbol) [0x00B306F3]
	(No symbol) [0x00B78690]
	(No symbol) [0x00B78A2B]
	(No symbol) [0x00BC0EE2]
	(No symbol) [0x00B9D0D4]
	(No symbol) [0x00BBE6EB]
	(No symbol) [0x00B9CE86]
	(No symbol) [0x00B6C623]
	(No symbol) [0x00B6D474]
	GetHandleVerifier [0x00F48FE3+2467827]
	GetHandleVerifier [0x00F445E6+2448886]
	GetHandleVerifier [0x00F5F80C+2560028]
	GetHandleVerifier [0x00D13DF5+153093]
	GetHandleVerifier [0x00D1A3BD+179149]
	GetHandleVerifier [0x00D04BB8+91080]
	GetHandleVerifier [0x00D04D60+91504]
	GetHandleVerifier [0x00CEFA10+4640]
	BaseThreadInitThunk [0x75C9FCC9+25]
	RtlGetAppContainerNamedObjectPath [0x777082AE+286]
	RtlGetAppContainerNamedObjectPath [0x7770827E+238]

2025-04-29 06:10:52,340 - INFO - Saved screenshot of sector tab
2025-04-29 06:10:52,359 - INFO - Found 6 tables on page
2025-04-29 06:10:52,361 - INFO - Checking table 1
2025-04-29 06:10:52,380 - INFO - Checking table 2
2025-04-29 06:10:52,393 - INFO - Found likely sector table (table #2)
2025-04-29 06:10:52,518 - WARNING - Could not find percent change for 
2025-04-29 06:10:52,579 - INFO - Found percent change: 0.31% in '68.40 (0.31%)'
2025-04-29 06:10:52,579 - INFO - Added sector: Auto, Change: 0.31%
2025-04-29 06:10:52,638 - INFO - Found percent change: 0.4% in '139.00 (0.40%)'
2025-04-29 06:10:52,638 - INFO - Added sector: Energy, Change: 0.4%
2025-04-29 06:10:52,704 - INFO - Found percent change: -0.12% in '-31.30 (-0.12%)'
2025-04-29 06:10:52,704 - INFO - Added sector: Financial Services, Change: -0.12%
2025-04-29 06:10:52,774 - INFO - Found percent change: -0.58% in '-326.60 (-0.58%)'
2025-04-29 06:10:52,780 - INFO - Added sector: FMCG, Change: -0.58%
2025-04-29 06:10:52,855 - INFO - Found percent change: 0.16% in '56.80 (0.16%)'
2025-04-29 06:10:52,855 - INFO - Added sector: IT, Change: 0.16%
2025-04-29 06:10:52,922 - INFO - Found percent change: 0.13% in '1.95 (0.13%)'
2025-04-29 06:10:52,924 - INFO - Added sector: Media, Change: 0.13%
2025-04-29 06:10:52,991 - INFO - Found percent change: 0.03% in '2.50 (0.03%)'
2025-04-29 06:10:52,992 - INFO - Added sector: Metal, Change: 0.03%
2025-04-29 06:10:53,047 - INFO - Found percent change: -1.38% in '-303.20 (-1.38%)'
2025-04-29 06:10:53,048 - INFO - Added sector: Pharma, Change: -1.38%
2025-04-29 06:10:53,111 - INFO - Found percent change: 0.8% in '53.75 (0.80%)'
2025-04-29 06:10:53,111 - INFO - Added sector: PSU Bank, Change: 0.8%
2025-04-29 06:10:53,157 - INFO - Found percent change: 0.54% in '4.70 (0.54%)'
2025-04-29 06:10:53,157 - INFO - Added sector: Realty, Change: 0.54%
2025-04-29 06:10:57,046 - INFO - Saved sector data to sector.csv
2025-04-29 06:11:57,642 - INFO - Running Nuvama sector data scraper job at 2025-04-29 06:11:57
2025-04-29 06:11:57,642 - INFO - Setting up Chrome driver...
2025-04-29 06:11:57,643 - INFO - ====== WebDriver manager ======
2025-04-29 06:11:59,060 - INFO - Get LATEST chromedriver version for google-chrome
2025-04-29 06:11:59,116 - INFO - Get LATEST chromedriver version for google-chrome
2025-04-29 06:11:59,155 - INFO - Driver [C:\Users\Rajee\.wdm\drivers\chromedriver\win64\135.0.7049.114\chromedriver-win32/chromedriver.exe] found in cache
2025-04-29 06:12:00,579 - INFO - Navigating to https://www.nuvamawealth.com/market/stock-market-index/#key-indices
2025-04-29 06:12:05,575 - INFO - Waiting for page to load...
2025-04-29 06:12:22,409 - INFO - Refreshed page to get latest data
2025-04-29 06:12:32,459 - WARNING - Could not click on SECTOR INDICES tab: Message: no such element: Unable to locate element: {"method":"xpath","selector":"//a[text()='SECTOR INDICES']"}
  (Session info: chrome=135.0.7049.115); For documentation on this error, please visit: https://www.selenium.dev/documentation/webdriver/troubleshooting/errors#no-such-element-exception
Stacktrace:
	GetHandleVerifier [0x00CFD363+60275]
	GetHandleVerifier [0x00CFD3A4+60340]
	(No symbol) [0x00B306F3]
	(No symbol) [0x00B78690]
	(No symbol) [0x00B78A2B]
	(No symbol) [0x00BC0EE2]
	(No symbol) [0x00B9D0D4]
	(No symbol) [0x00BBE6EB]
	(No symbol) [0x00B9CE86]
	(No symbol) [0x00B6C623]
	(No symbol) [0x00B6D474]
	GetHandleVerifier [0x00F48FE3+2467827]
	GetHandleVerifier [0x00F445E6+2448886]
	GetHandleVerifier [0x00F5F80C+2560028]
	GetHandleVerifier [0x00D13DF5+153093]
	GetHandleVerifier [0x00D1A3BD+179149]
	GetHandleVerifier [0x00D04BB8+91080]
	GetHandleVerifier [0x00D04D60+91504]
	GetHandleVerifier [0x00CEFA10+4640]
	BaseThreadInitThunk [0x75C9FCC9+25]
	RtlGetAppContainerNamedObjectPath [0x777082AE+286]
	RtlGetAppContainerNamedObjectPath [0x7770827E+238]

2025-04-29 06:12:32,480 - WARNING - Could not click on second tab: Message: no such element: Unable to locate element: {"method":"css selector","selector":".tab-links li:nth-child(2) a"}
  (Session info: chrome=135.0.7049.115); For documentation on this error, please visit: https://www.selenium.dev/documentation/webdriver/troubleshooting/errors#no-such-element-exception
Stacktrace:
	GetHandleVerifier [0x00CFD363+60275]
	GetHandleVerifier [0x00CFD3A4+60340]
	(No symbol) [0x00B306F3]
	(No symbol) [0x00B78690]
	(No symbol) [0x00B78A2B]
	(No symbol) [0x00BC0EE2]
	(No symbol) [0x00B9D0D4]
	(No symbol) [0x00BBE6EB]
	(No symbol) [0x00B9CE86]
	(No symbol) [0x00B6C623]
	(No symbol) [0x00B6D474]
	GetHandleVerifier [0x00F48FE3+2467827]
	GetHandleVerifier [0x00F445E6+2448886]
	GetHandleVerifier [0x00F5F80C+2560028]
	GetHandleVerifier [0x00D13DF5+153093]
	GetHandleVerifier [0x00D1A3BD+179149]
	GetHandleVerifier [0x00D04BB8+91080]
	GetHandleVerifier [0x00D04D60+91504]
	GetHandleVerifier [0x00CEFA10+4640]
	BaseThreadInitThunk [0x75C9FCC9+25]
	RtlGetAppContainerNamedObjectPath [0x777082AE+286]
	RtlGetAppContainerNamedObjectPath [0x7770827E+238]

2025-04-29 06:12:33,037 - INFO - Saved screenshot of sector tab
2025-04-29 06:12:33,075 - INFO - Found 6 tables on page
2025-04-29 06:12:33,077 - INFO - Checking table 1
2025-04-29 06:12:33,091 - INFO - Checking table 2
2025-04-29 06:12:33,113 - INFO - Found likely sector table (table #2)
2025-04-29 06:12:33,211 - WARNING - Could not find percent change for 
2025-04-29 06:12:33,266 - INFO - Found percent change: 0.31% in '68.40 (0.31%)'
2025-04-29 06:12:33,266 - INFO - Added sector: Auto, Change: 0.31%
2025-04-29 06:12:33,337 - INFO - Found percent change: 0.4% in '139.00 (0.40%)'
2025-04-29 06:12:33,338 - INFO - Added sector: Energy, Change: 0.4%
2025-04-29 06:12:33,398 - INFO - Found percent change: -0.12% in '-31.30 (-0.12%)'
2025-04-29 06:12:33,399 - INFO - Added sector: Financial Services, Change: -0.12%
2025-04-29 06:12:33,477 - INFO - Found percent change: -0.58% in '-326.60 (-0.58%)'
2025-04-29 06:12:33,477 - INFO - Added sector: FMCG, Change: -0.58%
2025-04-29 06:12:33,552 - INFO - Found percent change: 0.16% in '56.80 (0.16%)'
2025-04-29 06:12:33,552 - INFO - Added sector: IT, Change: 0.16%
2025-04-29 06:12:33,632 - INFO - Found percent change: 0.13% in '1.95 (0.13%)'
2025-04-29 06:12:33,634 - INFO - Added sector: Media, Change: 0.13%
2025-04-29 06:12:33,730 - INFO - Found percent change: 0.03% in '2.50 (0.03%)'
2025-04-29 06:12:33,732 - INFO - Added sector: Metal, Change: 0.03%
2025-04-29 06:12:33,814 - INFO - Found percent change: -1.38% in '-303.20 (-1.38%)'
2025-04-29 06:12:33,816 - INFO - Added sector: Pharma, Change: -1.38%
2025-04-29 06:12:33,913 - INFO - Found percent change: 0.8% in '53.75 (0.80%)'
2025-04-29 06:12:33,914 - INFO - Added sector: PSU Bank, Change: 0.8%
2025-04-29 06:12:33,990 - INFO - Found percent change: 0.54% in '4.70 (0.54%)'
2025-04-29 06:12:33,991 - INFO - Added sector: Realty, Change: 0.54%
2025-04-29 06:12:36,764 - INFO - Saved sector data to sector.csv
2025-04-29 06:13:37,358 - INFO - Running Nuvama sector data scraper job at 2025-04-29 06:13:37
2025-04-29 06:13:37,358 - INFO - Setting up Chrome driver...
2025-04-29 06:13:37,359 - INFO - ====== WebDriver manager ======
2025-04-29 06:13:38,651 - INFO - Get LATEST chromedriver version for google-chrome
2025-04-29 06:13:38,696 - INFO - Get LATEST chromedriver version for google-chrome
2025-04-29 06:13:38,737 - INFO - Driver [C:\Users\Rajee\.wdm\drivers\chromedriver\win64\135.0.7049.114\chromedriver-win32/chromedriver.exe] found in cache
2025-04-29 06:13:40,096 - INFO - Navigating to https://www.nuvamawealth.com/market/stock-market-index/#key-indices
2025-04-29 06:13:44,155 - INFO - Waiting for page to load...
2025-04-29 06:14:01,102 - INFO - Refreshed page to get latest data
2025-04-29 06:14:11,132 - WARNING - Could not click on SECTOR INDICES tab: Message: no such element: Unable to locate element: {"method":"xpath","selector":"//a[text()='SECTOR INDICES']"}
  (Session info: chrome=135.0.7049.115); For documentation on this error, please visit: https://www.selenium.dev/documentation/webdriver/troubleshooting/errors#no-such-element-exception
Stacktrace:
	GetHandleVerifier [0x00CFD363+60275]
	GetHandleVerifier [0x00CFD3A4+60340]
	(No symbol) [0x00B306F3]
	(No symbol) [0x00B78690]
	(No symbol) [0x00B78A2B]
	(No symbol) [0x00BC0EE2]
	(No symbol) [0x00B9D0D4]
	(No symbol) [0x00BBE6EB]
	(No symbol) [0x00B9CE86]
	(No symbol) [0x00B6C623]
	(No symbol) [0x00B6D474]
	GetHandleVerifier [0x00F48FE3+2467827]
	GetHandleVerifier [0x00F445E6+2448886]
	GetHandleVerifier [0x00F5F80C+2560028]
	GetHandleVerifier [0x00D13DF5+153093]
	GetHandleVerifier [0x00D1A3BD+179149]
	GetHandleVerifier [0x00D04BB8+91080]
	GetHandleVerifier [0x00D04D60+91504]
	GetHandleVerifier [0x00CEFA10+4640]
	BaseThreadInitThunk [0x75C9FCC9+25]
	RtlGetAppContainerNamedObjectPath [0x777082AE+286]
	RtlGetAppContainerNamedObjectPath [0x7770827E+238]

2025-04-29 06:14:11,149 - WARNING - Could not click on second tab: Message: no such element: Unable to locate element: {"method":"css selector","selector":".tab-links li:nth-child(2) a"}
  (Session info: chrome=135.0.7049.115); For documentation on this error, please visit: https://www.selenium.dev/documentation/webdriver/troubleshooting/errors#no-such-element-exception
Stacktrace:
	GetHandleVerifier [0x00CFD363+60275]
	GetHandleVerifier [0x00CFD3A4+60340]
	(No symbol) [0x00B306F3]
	(No symbol) [0x00B78690]
	(No symbol) [0x00B78A2B]
	(No symbol) [0x00BC0EE2]
	(No symbol) [0x00B9D0D4]
	(No symbol) [0x00BBE6EB]
	(No symbol) [0x00B9CE86]
	(No symbol) [0x00B6C623]
	(No symbol) [0x00B6D474]
	GetHandleVerifier [0x00F48FE3+2467827]
	GetHandleVerifier [0x00F445E6+2448886]
	GetHandleVerifier [0x00F5F80C+2560028]
	GetHandleVerifier [0x00D13DF5+153093]
	GetHandleVerifier [0x00D1A3BD+179149]
	GetHandleVerifier [0x00D04BB8+91080]
	GetHandleVerifier [0x00D04D60+91504]
	GetHandleVerifier [0x00CEFA10+4640]
	BaseThreadInitThunk [0x75C9FCC9+25]
	RtlGetAppContainerNamedObjectPath [0x777082AE+286]
	RtlGetAppContainerNamedObjectPath [0x7770827E+238]

2025-04-29 06:14:11,338 - INFO - Saved screenshot of sector tab
2025-04-29 06:14:11,362 - INFO - Found 6 tables on page
2025-04-29 06:14:11,362 - INFO - Checking table 1
2025-04-29 06:14:11,372 - INFO - Checking table 2
2025-04-29 06:14:11,387 - INFO - Found likely sector table (table #2)
2025-04-29 06:14:11,462 - WARNING - Could not find percent change for 
2025-04-29 06:14:11,506 - INFO - Found percent change: 0.31% in '68.40 (0.31%)'
2025-04-29 06:14:11,506 - INFO - Added sector: Auto, Change: 0.31%
2025-04-29 06:14:11,561 - INFO - Found percent change: 0.4% in '139.00 (0.40%)'
2025-04-29 06:14:11,561 - INFO - Added sector: Energy, Change: 0.4%
2025-04-29 06:14:11,610 - INFO - Found percent change: -0.12% in '-31.30 (-0.12%)'
2025-04-29 06:14:11,610 - INFO - Added sector: Financial Services, Change: -0.12%
2025-04-29 06:14:11,653 - INFO - Found percent change: -0.58% in '-326.60 (-0.58%)'
2025-04-29 06:14:11,653 - INFO - Added sector: FMCG, Change: -0.58%
2025-04-29 06:14:11,700 - INFO - Found percent change: 0.16% in '56.80 (0.16%)'
2025-04-29 06:14:11,700 - INFO - Added sector: IT, Change: 0.16%
2025-04-29 06:14:11,755 - INFO - Found percent change: 0.13% in '1.95 (0.13%)'
2025-04-29 06:14:11,757 - INFO - Added sector: Media, Change: 0.13%
2025-04-29 06:14:11,813 - INFO - Found percent change: 0.03% in '2.50 (0.03%)'
2025-04-29 06:14:11,814 - INFO - Added sector: Metal, Change: 0.03%
2025-04-29 06:14:11,859 - INFO - Found percent change: -1.38% in '-303.20 (-1.38%)'
2025-04-29 06:14:11,860 - INFO - Added sector: Pharma, Change: -1.38%
2025-04-29 06:14:11,906 - INFO - Found percent change: 0.8% in '53.75 (0.80%)'
2025-04-29 06:14:11,907 - INFO - Added sector: PSU Bank, Change: 0.8%
2025-04-29 06:14:11,952 - INFO - Found percent change: 0.54% in '4.70 (0.54%)'
2025-04-29 06:14:11,952 - INFO - Added sector: Realty, Change: 0.54%
2025-04-29 06:14:14,876 - INFO - Saved sector data to sector.csv
2025-04-29 06:15:15,539 - INFO - Running Nuvama sector data scraper job at 2025-04-29 06:15:15
2025-04-29 06:15:15,541 - INFO - Setting up Chrome driver...
2025-04-29 06:15:15,541 - INFO - ====== WebDriver manager ======
2025-04-29 06:15:16,782 - INFO - Get LATEST chromedriver version for google-chrome
2025-04-29 06:15:16,829 - INFO - Get LATEST chromedriver version for google-chrome
2025-04-29 06:15:16,868 - INFO - Driver [C:\Users\Rajee\.wdm\drivers\chromedriver\win64\135.0.7049.114\chromedriver-win32/chromedriver.exe] found in cache
2025-04-29 06:15:18,249 - INFO - Navigating to https://www.nuvamawealth.com/market/stock-market-index/#key-indices
2025-04-29 06:15:21,367 - INFO - Waiting for page to load...
2025-04-29 06:15:38,502 - INFO - Refreshed page to get latest data
2025-04-29 06:15:48,532 - WARNING - Could not click on SECTOR INDICES tab: Message: no such element: Unable to locate element: {"method":"xpath","selector":"//a[text()='SECTOR INDICES']"}
  (Session info: chrome=135.0.7049.115); For documentation on this error, please visit: https://www.selenium.dev/documentation/webdriver/troubleshooting/errors#no-such-element-exception
Stacktrace:
	GetHandleVerifier [0x00CFD363+60275]
	GetHandleVerifier [0x00CFD3A4+60340]
	(No symbol) [0x00B306F3]
	(No symbol) [0x00B78690]
	(No symbol) [0x00B78A2B]
	(No symbol) [0x00BC0EE2]
	(No symbol) [0x00B9D0D4]
	(No symbol) [0x00BBE6EB]
	(No symbol) [0x00B9CE86]
	(No symbol) [0x00B6C623]
	(No symbol) [0x00B6D474]
	GetHandleVerifier [0x00F48FE3+2467827]
	GetHandleVerifier [0x00F445E6+2448886]
	GetHandleVerifier [0x00F5F80C+2560028]
	GetHandleVerifier [0x00D13DF5+153093]
	GetHandleVerifier [0x00D1A3BD+179149]
	GetHandleVerifier [0x00D04BB8+91080]
	GetHandleVerifier [0x00D04D60+91504]
	GetHandleVerifier [0x00CEFA10+4640]
	BaseThreadInitThunk [0x75C9FCC9+25]
	RtlGetAppContainerNamedObjectPath [0x777082AE+286]
	RtlGetAppContainerNamedObjectPath [0x7770827E+238]

2025-04-29 06:15:48,549 - WARNING - Could not click on second tab: Message: no such element: Unable to locate element: {"method":"css selector","selector":".tab-links li:nth-child(2) a"}
  (Session info: chrome=135.0.7049.115); For documentation on this error, please visit: https://www.selenium.dev/documentation/webdriver/troubleshooting/errors#no-such-element-exception
Stacktrace:
	GetHandleVerifier [0x00CFD363+60275]
	GetHandleVerifier [0x00CFD3A4+60340]
	(No symbol) [0x00B306F3]
	(No symbol) [0x00B78690]
	(No symbol) [0x00B78A2B]
	(No symbol) [0x00BC0EE2]
	(No symbol) [0x00B9D0D4]
	(No symbol) [0x00BBE6EB]
	(No symbol) [0x00B9CE86]
	(No symbol) [0x00B6C623]
	(No symbol) [0x00B6D474]
	GetHandleVerifier [0x00F48FE3+2467827]
	GetHandleVerifier [0x00F445E6+2448886]
	GetHandleVerifier [0x00F5F80C+2560028]
	GetHandleVerifier [0x00D13DF5+153093]
	GetHandleVerifier [0x00D1A3BD+179149]
	GetHandleVerifier [0x00D04BB8+91080]
	GetHandleVerifier [0x00D04D60+91504]
	GetHandleVerifier [0x00CEFA10+4640]
	BaseThreadInitThunk [0x75C9FCC9+25]
	RtlGetAppContainerNamedObjectPath [0x777082AE+286]
	RtlGetAppContainerNamedObjectPath [0x7770827E+238]

2025-04-29 06:15:48,707 - INFO - Saved screenshot of sector tab
2025-04-29 06:15:48,723 - INFO - Found 6 tables on page
2025-04-29 06:15:48,723 - INFO - Checking table 1
2025-04-29 06:15:48,734 - INFO - Checking table 2
2025-04-29 06:15:48,745 - INFO - Found likely sector table (table #2)
2025-04-29 06:15:48,820 - WARNING - Could not find percent change for 
2025-04-29 06:15:48,873 - INFO - Found percent change: 0.31% in '68.40 (0.31%)'
2025-04-29 06:15:48,873 - INFO - Added sector: Auto, Change: 0.31%
2025-04-29 06:15:48,919 - INFO - Found percent change: 0.4% in '139.00 (0.40%)'
2025-04-29 06:15:48,920 - INFO - Added sector: Energy, Change: 0.4%
2025-04-29 06:15:49,000 - INFO - Found percent change: -0.12% in '-31.30 (-0.12%)'
2025-04-29 06:15:49,000 - INFO - Added sector: Financial Services, Change: -0.12%
2025-04-29 06:15:49,053 - INFO - Found percent change: -0.58% in '-326.60 (-0.58%)'
2025-04-29 06:15:49,053 - INFO - Added sector: FMCG, Change: -0.58%
2025-04-29 06:15:49,120 - INFO - Found percent change: 0.16% in '56.80 (0.16%)'
2025-04-29 06:15:49,121 - INFO - Added sector: IT, Change: 0.16%
2025-04-29 06:15:49,169 - INFO - Found percent change: 0.13% in '1.95 (0.13%)'
2025-04-29 06:15:49,170 - INFO - Added sector: Media, Change: 0.13%
2025-04-29 06:15:49,218 - INFO - Found percent change: 0.03% in '2.50 (0.03%)'
2025-04-29 06:15:49,219 - INFO - Added sector: Metal, Change: 0.03%
2025-04-29 06:15:49,272 - INFO - Found percent change: -1.38% in '-303.20 (-1.38%)'
2025-04-29 06:15:49,272 - INFO - Added sector: Pharma, Change: -1.38%
2025-04-29 06:15:49,323 - INFO - Found percent change: 0.8% in '53.75 (0.80%)'
2025-04-29 06:15:49,323 - INFO - Added sector: PSU Bank, Change: 0.8%
2025-04-29 06:15:49,373 - INFO - Found percent change: 0.54% in '4.70 (0.54%)'
2025-04-29 06:15:49,375 - INFO - Added sector: Realty, Change: 0.54%
2025-04-29 06:15:52,406 - INFO - Saved sector data to sector.csv
2025-04-29 06:16:53,009 - INFO - Running Nuvama sector data scraper job at 2025-04-29 06:16:53
2025-04-29 06:16:53,011 - INFO - Setting up Chrome driver...
2025-04-29 06:16:53,012 - INFO - ====== WebDriver manager ======
2025-04-29 06:16:56,442 - INFO - Get LATEST chromedriver version for google-chrome
2025-04-29 06:16:56,485 - INFO - Get LATEST chromedriver version for google-chrome
2025-04-29 06:16:56,529 - INFO - Driver [C:\Users\Rajee\.wdm\drivers\chromedriver\win64\135.0.7049.114\chromedriver-win32/chromedriver.exe] found in cache
2025-04-29 06:16:58,184 - INFO - Navigating to https://www.nuvamawealth.com/market/stock-market-index/#key-indices
2025-04-29 06:17:02,626 - INFO - Waiting for page to load...
2025-04-29 06:17:20,676 - INFO - Refreshed page to get latest data
2025-04-29 06:17:30,713 - WARNING - Could not click on SECTOR INDICES tab: Message: no such element: Unable to locate element: {"method":"xpath","selector":"//a[text()='SECTOR INDICES']"}
  (Session info: chrome=135.0.7049.115); For documentation on this error, please visit: https://www.selenium.dev/documentation/webdriver/troubleshooting/errors#no-such-element-exception
Stacktrace:
	GetHandleVerifier [0x00CFD363+60275]
	GetHandleVerifier [0x00CFD3A4+60340]
	(No symbol) [0x00B306F3]
	(No symbol) [0x00B78690]
	(No symbol) [0x00B78A2B]
	(No symbol) [0x00BC0EE2]
	(No symbol) [0x00B9D0D4]
	(No symbol) [0x00BBE6EB]
	(No symbol) [0x00B9CE86]
	(No symbol) [0x00B6C623]
	(No symbol) [0x00B6D474]
	GetHandleVerifier [0x00F48FE3+2467827]
	GetHandleVerifier [0x00F445E6+2448886]
	GetHandleVerifier [0x00F5F80C+2560028]
	GetHandleVerifier [0x00D13DF5+153093]
	GetHandleVerifier [0x00D1A3BD+179149]
	GetHandleVerifier [0x00D04BB8+91080]
	GetHandleVerifier [0x00D04D60+91504]
	GetHandleVerifier [0x00CEFA10+4640]
	BaseThreadInitThunk [0x75C9FCC9+25]
	RtlGetAppContainerNamedObjectPath [0x777082AE+286]
	RtlGetAppContainerNamedObjectPath [0x7770827E+238]

2025-04-29 06:17:30,734 - WARNING - Could not click on second tab: Message: no such element: Unable to locate element: {"method":"css selector","selector":".tab-links li:nth-child(2) a"}
  (Session info: chrome=135.0.7049.115); For documentation on this error, please visit: https://www.selenium.dev/documentation/webdriver/troubleshooting/errors#no-such-element-exception
Stacktrace:
	GetHandleVerifier [0x00CFD363+60275]
	GetHandleVerifier [0x00CFD3A4+60340]
	(No symbol) [0x00B306F3]
	(No symbol) [0x00B78690]
	(No symbol) [0x00B78A2B]
	(No symbol) [0x00BC0EE2]
	(No symbol) [0x00B9D0D4]
	(No symbol) [0x00BBE6EB]
	(No symbol) [0x00B9CE86]
	(No symbol) [0x00B6C623]
	(No symbol) [0x00B6D474]
	GetHandleVerifier [0x00F48FE3+2467827]
	GetHandleVerifier [0x00F445E6+2448886]
	GetHandleVerifier [0x00F5F80C+2560028]
	GetHandleVerifier [0x00D13DF5+153093]
	GetHandleVerifier [0x00D1A3BD+179149]
	GetHandleVerifier [0x00D04BB8+91080]
	GetHandleVerifier [0x00D04D60+91504]
	GetHandleVerifier [0x00CEFA10+4640]
	BaseThreadInitThunk [0x75C9FCC9+25]
	RtlGetAppContainerNamedObjectPath [0x777082AE+286]
	RtlGetAppContainerNamedObjectPath [0x7770827E+238]

2025-04-29 06:17:31,217 - INFO - Saved screenshot of sector tab
2025-04-29 06:17:31,234 - INFO - Found 6 tables on page
2025-04-29 06:17:31,234 - INFO - Checking table 1
2025-04-29 06:17:31,244 - INFO - Checking table 2
2025-04-29 06:17:31,253 - INFO - Found likely sector table (table #2)
2025-04-29 06:17:31,346 - WARNING - Could not find percent change for 
2025-04-29 06:17:31,403 - INFO - Found percent change: 0.31% in '68.40 (0.31%)'
2025-04-29 06:17:31,403 - INFO - Added sector: Auto, Change: 0.31%
2025-04-29 06:17:31,454 - INFO - Found percent change: 0.4% in '139.00 (0.40%)'
2025-04-29 06:17:31,454 - INFO - Added sector: Energy, Change: 0.4%
2025-04-29 06:17:31,500 - INFO - Found percent change: -0.12% in '-31.30 (-0.12%)'
2025-04-29 06:17:31,501 - INFO - Added sector: Financial Services, Change: -0.12%
2025-04-29 06:17:31,552 - INFO - Found percent change: -0.58% in '-326.60 (-0.58%)'
2025-04-29 06:17:31,553 - INFO - Added sector: FMCG, Change: -0.58%
2025-04-29 06:17:31,604 - INFO - Found percent change: 0.16% in '56.80 (0.16%)'
2025-04-29 06:17:31,604 - INFO - Added sector: IT, Change: 0.16%
2025-04-29 06:17:31,650 - INFO - Found percent change: 0.13% in '1.95 (0.13%)'
2025-04-29 06:17:31,651 - INFO - Added sector: Media, Change: 0.13%
2025-04-29 06:17:31,696 - INFO - Found percent change: 0.03% in '2.50 (0.03%)'
2025-04-29 06:17:31,697 - INFO - Added sector: Metal, Change: 0.03%
2025-04-29 06:17:31,751 - INFO - Found percent change: -1.38% in '-303.20 (-1.38%)'
2025-04-29 06:17:31,752 - INFO - Added sector: Pharma, Change: -1.38%
2025-04-29 06:17:31,800 - INFO - Found percent change: 0.8% in '53.75 (0.80%)'
2025-04-29 06:17:31,801 - INFO - Added sector: PSU Bank, Change: 0.8%
2025-04-29 06:17:31,849 - INFO - Found percent change: 0.54% in '4.70 (0.54%)'
2025-04-29 06:17:31,850 - INFO - Added sector: Realty, Change: 0.54%
2025-04-29 06:17:34,665 - INFO - Saved sector data to sector.csv
2025-04-29 06:18:35,405 - INFO - Running Nuvama sector data scraper job at 2025-04-29 06:18:35
2025-04-29 06:18:35,405 - INFO - Setting up Chrome driver...
2025-04-29 06:18:35,405 - INFO - ====== WebDriver manager ======
2025-04-29 06:18:36,690 - INFO - Get LATEST chromedriver version for google-chrome
2025-04-29 06:18:36,733 - INFO - Get LATEST chromedriver version for google-chrome
2025-04-29 06:18:36,773 - INFO - Driver [C:\Users\Rajee\.wdm\drivers\chromedriver\win64\135.0.7049.114\chromedriver-win32/chromedriver.exe] found in cache
2025-04-29 06:18:38,111 - INFO - Navigating to https://www.nuvamawealth.com/market/stock-market-index/#key-indices
2025-04-29 06:18:41,831 - INFO - Waiting for page to load...
2025-04-29 06:18:59,185 - INFO - Refreshed page to get latest data
2025-04-29 06:19:09,209 - WARNING - Could not click on SECTOR INDICES tab: Message: no such element: Unable to locate element: {"method":"xpath","selector":"//a[text()='SECTOR INDICES']"}
  (Session info: chrome=135.0.7049.115); For documentation on this error, please visit: https://www.selenium.dev/documentation/webdriver/troubleshooting/errors#no-such-element-exception
Stacktrace:
	GetHandleVerifier [0x00CFD363+60275]
	GetHandleVerifier [0x00CFD3A4+60340]
	(No symbol) [0x00B306F3]
	(No symbol) [0x00B78690]
	(No symbol) [0x00B78A2B]
	(No symbol) [0x00BC0EE2]
	(No symbol) [0x00B9D0D4]
	(No symbol) [0x00BBE6EB]
	(No symbol) [0x00B9CE86]
	(No symbol) [0x00B6C623]
	(No symbol) [0x00B6D474]
	GetHandleVerifier [0x00F48FE3+2467827]
	GetHandleVerifier [0x00F445E6+2448886]
	GetHandleVerifier [0x00F5F80C+2560028]
	GetHandleVerifier [0x00D13DF5+153093]
	GetHandleVerifier [0x00D1A3BD+179149]
	GetHandleVerifier [0x00D04BB8+91080]
	GetHandleVerifier [0x00D04D60+91504]
	GetHandleVerifier [0x00CEFA10+4640]
	BaseThreadInitThunk [0x75C9FCC9+25]
	RtlGetAppContainerNamedObjectPath [0x777082AE+286]
	RtlGetAppContainerNamedObjectPath [0x7770827E+238]

2025-04-29 06:19:09,225 - WARNING - Could not click on second tab: Message: no such element: Unable to locate element: {"method":"css selector","selector":".tab-links li:nth-child(2) a"}
  (Session info: chrome=135.0.7049.115); For documentation on this error, please visit: https://www.selenium.dev/documentation/webdriver/troubleshooting/errors#no-such-element-exception
Stacktrace:
	GetHandleVerifier [0x00CFD363+60275]
	GetHandleVerifier [0x00CFD3A4+60340]
	(No symbol) [0x00B306F3]
	(No symbol) [0x00B78690]
	(No symbol) [0x00B78A2B]
	(No symbol) [0x00BC0EE2]
	(No symbol) [0x00B9D0D4]
	(No symbol) [0x00BBE6EB]
	(No symbol) [0x00B9CE86]
	(No symbol) [0x00B6C623]
	(No symbol) [0x00B6D474]
	GetHandleVerifier [0x00F48FE3+2467827]
	GetHandleVerifier [0x00F445E6+2448886]
	GetHandleVerifier [0x00F5F80C+2560028]
	GetHandleVerifier [0x00D13DF5+153093]
	GetHandleVerifier [0x00D1A3BD+179149]
	GetHandleVerifier [0x00D04BB8+91080]
	GetHandleVerifier [0x00D04D60+91504]
	GetHandleVerifier [0x00CEFA10+4640]
	BaseThreadInitThunk [0x75C9FCC9+25]
	RtlGetAppContainerNamedObjectPath [0x777082AE+286]
	RtlGetAppContainerNamedObjectPath [0x7770827E+238]

2025-04-29 06:19:09,377 - INFO - Saved screenshot of sector tab
2025-04-29 06:19:09,397 - INFO - Found 6 tables on page
2025-04-29 06:19:09,398 - INFO - Checking table 1
2025-04-29 06:19:09,410 - INFO - Checking table 2
2025-04-29 06:19:09,422 - INFO - Found likely sector table (table #2)
2025-04-29 06:19:09,543 - WARNING - Could not find percent change for 
2025-04-29 06:19:09,596 - INFO - Found percent change: 0.31% in '68.40 (0.31%)'
2025-04-29 06:19:09,597 - INFO - Added sector: Auto, Change: 0.31%
2025-04-29 06:19:09,647 - INFO - Found percent change: 0.4% in '139.00 (0.40%)'
2025-04-29 06:19:09,647 - INFO - Added sector: Energy, Change: 0.4%
2025-04-29 06:19:09,697 - INFO - Found percent change: -0.12% in '-31.30 (-0.12%)'
2025-04-29 06:19:09,697 - INFO - Added sector: Financial Services, Change: -0.12%
2025-04-29 06:19:09,746 - INFO - Found percent change: -0.58% in '-326.60 (-0.58%)'
2025-04-29 06:19:09,746 - INFO - Added sector: FMCG, Change: -0.58%
2025-04-29 06:19:09,797 - INFO - Found percent change: 0.16% in '56.80 (0.16%)'
2025-04-29 06:19:09,797 - INFO - Added sector: IT, Change: 0.16%
2025-04-29 06:19:09,859 - INFO - Found percent change: 0.13% in '1.95 (0.13%)'
2025-04-29 06:19:09,860 - INFO - Added sector: Media, Change: 0.13%
2025-04-29 06:19:09,909 - INFO - Found percent change: 0.03% in '2.50 (0.03%)'
2025-04-29 06:19:09,910 - INFO - Added sector: Metal, Change: 0.03%
2025-04-29 06:19:09,954 - INFO - Found percent change: -1.38% in '-303.20 (-1.38%)'
2025-04-29 06:19:09,955 - INFO - Added sector: Pharma, Change: -1.38%
2025-04-29 06:19:10,007 - INFO - Found percent change: 0.8% in '53.75 (0.80%)'
2025-04-29 06:19:10,008 - INFO - Added sector: PSU Bank, Change: 0.8%
2025-04-29 06:19:10,054 - INFO - Found percent change: 0.54% in '4.70 (0.54%)'
2025-04-29 06:19:10,055 - INFO - Added sector: Realty, Change: 0.54%
2025-04-29 06:19:12,933 - INFO - Saved sector data to sector.csv
2025-04-29 06:20:13,562 - INFO - Running Nuvama sector data scraper job at 2025-04-29 06:20:13
2025-04-29 06:20:13,563 - INFO - Setting up Chrome driver...
2025-04-29 06:20:13,563 - INFO - ====== WebDriver manager ======
2025-04-29 06:20:14,998 - INFO - Get LATEST chromedriver version for google-chrome
2025-04-29 06:20:15,043 - INFO - Get LATEST chromedriver version for google-chrome
2025-04-29 06:20:15,085 - INFO - Driver [C:\Users\Rajee\.wdm\drivers\chromedriver\win64\135.0.7049.114\chromedriver-win32/chromedriver.exe] found in cache
2025-04-29 06:20:16,449 - INFO - Navigating to https://www.nuvamawealth.com/market/stock-market-index/#key-indices
2025-04-29 06:20:20,208 - INFO - Waiting for page to load...
2025-04-29 06:20:37,442 - INFO - Refreshed page to get latest data
2025-04-29 06:20:47,468 - WARNING - Could not click on SECTOR INDICES tab: Message: no such element: Unable to locate element: {"method":"xpath","selector":"//a[text()='SECTOR INDICES']"}
  (Session info: chrome=135.0.7049.115); For documentation on this error, please visit: https://www.selenium.dev/documentation/webdriver/troubleshooting/errors#no-such-element-exception
Stacktrace:
	GetHandleVerifier [0x00CFD363+60275]
	GetHandleVerifier [0x00CFD3A4+60340]
	(No symbol) [0x00B306F3]
	(No symbol) [0x00B78690]
	(No symbol) [0x00B78A2B]
	(No symbol) [0x00BC0EE2]
	(No symbol) [0x00B9D0D4]
	(No symbol) [0x00BBE6EB]
	(No symbol) [0x00B9CE86]
	(No symbol) [0x00B6C623]
	(No symbol) [0x00B6D474]
	GetHandleVerifier [0x00F48FE3+2467827]
	GetHandleVerifier [0x00F445E6+2448886]
	GetHandleVerifier [0x00F5F80C+2560028]
	GetHandleVerifier [0x00D13DF5+153093]
	GetHandleVerifier [0x00D1A3BD+179149]
	GetHandleVerifier [0x00D04BB8+91080]
	GetHandleVerifier [0x00D04D60+91504]
	GetHandleVerifier [0x00CEFA10+4640]
	BaseThreadInitThunk [0x75C9FCC9+25]
	RtlGetAppContainerNamedObjectPath [0x777082AE+286]
	RtlGetAppContainerNamedObjectPath [0x7770827E+238]

2025-04-29 06:20:47,485 - WARNING - Could not click on second tab: Message: no such element: Unable to locate element: {"method":"css selector","selector":".tab-links li:nth-child(2) a"}
  (Session info: chrome=135.0.7049.115); For documentation on this error, please visit: https://www.selenium.dev/documentation/webdriver/troubleshooting/errors#no-such-element-exception
Stacktrace:
	GetHandleVerifier [0x00CFD363+60275]
	GetHandleVerifier [0x00CFD3A4+60340]
	(No symbol) [0x00B306F3]
	(No symbol) [0x00B78690]
	(No symbol) [0x00B78A2B]
	(No symbol) [0x00BC0EE2]
	(No symbol) [0x00B9D0D4]
	(No symbol) [0x00BBE6EB]
	(No symbol) [0x00B9CE86]
	(No symbol) [0x00B6C623]
	(No symbol) [0x00B6D474]
	GetHandleVerifier [0x00F48FE3+2467827]
	GetHandleVerifier [0x00F445E6+2448886]
	GetHandleVerifier [0x00F5F80C+2560028]
	GetHandleVerifier [0x00D13DF5+153093]
	GetHandleVerifier [0x00D1A3BD+179149]
	GetHandleVerifier [0x00D04BB8+91080]
	GetHandleVerifier [0x00D04D60+91504]
	GetHandleVerifier [0x00CEFA10+4640]
	BaseThreadInitThunk [0x75C9FCC9+25]
	RtlGetAppContainerNamedObjectPath [0x777082AE+286]
	RtlGetAppContainerNamedObjectPath [0x7770827E+238]

2025-04-29 06:20:47,639 - INFO - Saved screenshot of sector tab
2025-04-29 06:20:47,654 - INFO - Found 6 tables on page
2025-04-29 06:20:47,655 - INFO - Checking table 1
2025-04-29 06:20:47,667 - INFO - Checking table 2
2025-04-29 06:20:47,676 - INFO - Found likely sector table (table #2)
2025-04-29 06:20:47,763 - WARNING - Could not find percent change for 
2025-04-29 06:20:47,816 - INFO - Found percent change: 0.31% in '68.40 (0.31%)'
2025-04-29 06:20:47,816 - INFO - Added sector: Auto, Change: 0.31%
2025-04-29 06:20:47,901 - INFO - Found percent change: 0.4% in '139.00 (0.40%)'
2025-04-29 06:20:47,902 - INFO - Added sector: Energy, Change: 0.4%
2025-04-29 06:20:47,946 - INFO - Found percent change: -0.12% in '-31.30 (-0.12%)'
2025-04-29 06:20:47,947 - INFO - Added sector: Financial Services, Change: -0.12%
2025-04-29 06:20:47,997 - INFO - Found percent change: -0.58% in '-326.60 (-0.58%)'
2025-04-29 06:20:47,998 - INFO - Added sector: FMCG, Change: -0.58%
2025-04-29 06:20:48,066 - INFO - Found percent change: 0.16% in '56.80 (0.16%)'
2025-04-29 06:20:48,066 - INFO - Added sector: IT, Change: 0.16%
2025-04-29 06:20:48,123 - INFO - Found percent change: 0.13% in '1.95 (0.13%)'
2025-04-29 06:20:48,124 - INFO - Added sector: Media, Change: 0.13%
2025-04-29 06:20:48,167 - INFO - Found percent change: 0.03% in '2.50 (0.03%)'
2025-04-29 06:20:48,168 - INFO - Added sector: Metal, Change: 0.03%
2025-04-29 06:20:48,221 - INFO - Found percent change: -1.38% in '-303.20 (-1.38%)'
2025-04-29 06:20:48,221 - INFO - Added sector: Pharma, Change: -1.38%
2025-04-29 06:20:48,264 - INFO - Found percent change: 0.8% in '53.75 (0.80%)'
2025-04-29 06:20:48,264 - INFO - Added sector: PSU Bank, Change: 0.8%
2025-04-29 06:20:48,322 - INFO - Found percent change: 0.54% in '4.70 (0.54%)'
2025-04-29 06:20:48,322 - INFO - Added sector: Realty, Change: 0.54%
2025-04-29 06:20:50,953 - INFO - Saved sector data to sector.csv
2025-04-29 06:21:51,562 - INFO - Running Nuvama sector data scraper job at 2025-04-29 06:21:51
2025-04-29 06:21:51,563 - INFO - Setting up Chrome driver...
2025-04-29 06:21:51,564 - INFO - ====== WebDriver manager ======
2025-04-29 06:21:52,834 - INFO - Get LATEST chromedriver version for google-chrome
2025-04-29 06:21:52,878 - INFO - Get LATEST chromedriver version for google-chrome
2025-04-29 06:21:52,919 - INFO - Driver [C:\Users\Rajee\.wdm\drivers\chromedriver\win64\135.0.7049.114\chromedriver-win32/chromedriver.exe] found in cache
2025-04-29 06:21:54,280 - INFO - Navigating to https://www.nuvamawealth.com/market/stock-market-index/#key-indices
2025-04-29 06:21:58,021 - INFO - Waiting for page to load...
2025-04-29 06:22:15,238 - INFO - Refreshed page to get latest data
2025-04-29 06:22:25,275 - WARNING - Could not click on SECTOR INDICES tab: Message: no such element: Unable to locate element: {"method":"xpath","selector":"//a[text()='SECTOR INDICES']"}
  (Session info: chrome=135.0.7049.115); For documentation on this error, please visit: https://www.selenium.dev/documentation/webdriver/troubleshooting/errors#no-such-element-exception
Stacktrace:
	GetHandleVerifier [0x00CFD363+60275]
	GetHandleVerifier [0x00CFD3A4+60340]
	(No symbol) [0x00B306F3]
	(No symbol) [0x00B78690]
	(No symbol) [0x00B78A2B]
	(No symbol) [0x00BC0EE2]
	(No symbol) [0x00B9D0D4]
	(No symbol) [0x00BBE6EB]
	(No symbol) [0x00B9CE86]
	(No symbol) [0x00B6C623]
	(No symbol) [0x00B6D474]
	GetHandleVerifier [0x00F48FE3+2467827]
	GetHandleVerifier [0x00F445E6+2448886]
	GetHandleVerifier [0x00F5F80C+2560028]
	GetHandleVerifier [0x00D13DF5+153093]
	GetHandleVerifier [0x00D1A3BD+179149]
	GetHandleVerifier [0x00D04BB8+91080]
	GetHandleVerifier [0x00D04D60+91504]
	GetHandleVerifier [0x00CEFA10+4640]
	BaseThreadInitThunk [0x75C9FCC9+25]
	RtlGetAppContainerNamedObjectPath [0x777082AE+286]
	RtlGetAppContainerNamedObjectPath [0x7770827E+238]

2025-04-29 06:22:25,293 - WARNING - Could not click on second tab: Message: no such element: Unable to locate element: {"method":"css selector","selector":".tab-links li:nth-child(2) a"}
  (Session info: chrome=135.0.7049.115); For documentation on this error, please visit: https://www.selenium.dev/documentation/webdriver/troubleshooting/errors#no-such-element-exception
Stacktrace:
	GetHandleVerifier [0x00CFD363+60275]
	GetHandleVerifier [0x00CFD3A4+60340]
	(No symbol) [0x00B306F3]
	(No symbol) [0x00B78690]
	(No symbol) [0x00B78A2B]
	(No symbol) [0x00BC0EE2]
	(No symbol) [0x00B9D0D4]
	(No symbol) [0x00BBE6EB]
	(No symbol) [0x00B9CE86]
	(No symbol) [0x00B6C623]
	(No symbol) [0x00B6D474]
	GetHandleVerifier [0x00F48FE3+2467827]
	GetHandleVerifier [0x00F445E6+2448886]
	GetHandleVerifier [0x00F5F80C+2560028]
	GetHandleVerifier [0x00D13DF5+153093]
	GetHandleVerifier [0x00D1A3BD+179149]
	GetHandleVerifier [0x00D04BB8+91080]
	GetHandleVerifier [0x00D04D60+91504]
	GetHandleVerifier [0x00CEFA10+4640]
	BaseThreadInitThunk [0x75C9FCC9+25]
	RtlGetAppContainerNamedObjectPath [0x777082AE+286]
	RtlGetAppContainerNamedObjectPath [0x7770827E+238]

2025-04-29 06:22:25,437 - INFO - Saved screenshot of sector tab
2025-04-29 06:22:25,449 - INFO - Found 6 tables on page
2025-04-29 06:22:25,450 - INFO - Checking table 1
2025-04-29 06:22:25,462 - INFO - Checking table 2
2025-04-29 06:22:25,471 - INFO - Found likely sector table (table #2)
2025-04-29 06:22:25,544 - WARNING - Could not find percent change for 
2025-04-29 06:22:25,666 - INFO - Found percent change: 0.31% in '68.40 (0.31%)'
2025-04-29 06:22:25,666 - INFO - Added sector: Auto, Change: 0.31%
2025-04-29 06:22:25,723 - INFO - Found percent change: 0.4% in '139.00 (0.40%)'
2025-04-29 06:22:25,723 - INFO - Added sector: Energy, Change: 0.4%
2025-04-29 06:22:25,770 - INFO - Found percent change: -0.12% in '-31.30 (-0.12%)'
2025-04-29 06:22:25,771 - INFO - Added sector: Financial Services, Change: -0.12%
2025-04-29 06:22:25,817 - INFO - Found percent change: -0.58% in '-326.60 (-0.58%)'
2025-04-29 06:22:25,818 - INFO - Added sector: FMCG, Change: -0.58%
2025-04-29 06:22:25,875 - INFO - Found percent change: 0.16% in '56.80 (0.16%)'
2025-04-29 06:22:25,876 - INFO - Added sector: IT, Change: 0.16%
2025-04-29 06:22:25,931 - INFO - Found percent change: 0.13% in '1.95 (0.13%)'
2025-04-29 06:22:25,931 - INFO - Added sector: Media, Change: 0.13%
2025-04-29 06:22:25,986 - INFO - Found percent change: 0.03% in '2.50 (0.03%)'
2025-04-29 06:22:25,987 - INFO - Added sector: Metal, Change: 0.03%
2025-04-29 06:22:26,036 - INFO - Found percent change: -1.38% in '-303.20 (-1.38%)'
2025-04-29 06:22:26,036 - INFO - Added sector: Pharma, Change: -1.38%
2025-04-29 06:22:26,082 - INFO - Found percent change: 0.8% in '53.75 (0.80%)'
2025-04-29 06:22:26,083 - INFO - Added sector: PSU Bank, Change: 0.8%
2025-04-29 06:22:26,133 - INFO - Found percent change: 0.54% in '4.70 (0.54%)'
2025-04-29 06:22:26,133 - INFO - Added sector: Realty, Change: 0.54%
2025-04-29 06:22:28,775 - INFO - Saved sector data to sector.csv
2025-04-29 06:23:29,421 - INFO - Running Nuvama sector data scraper job at 2025-04-29 06:23:29
2025-04-29 06:23:29,422 - INFO - Setting up Chrome driver...
2025-04-29 06:23:29,423 - INFO - ====== WebDriver manager ======
2025-04-29 06:23:30,779 - INFO - Get LATEST chromedriver version for google-chrome
2025-04-29 06:23:30,848 - INFO - Get LATEST chromedriver version for google-chrome
2025-04-29 06:23:30,889 - INFO - Driver [C:\Users\Rajee\.wdm\drivers\chromedriver\win64\135.0.7049.114\chromedriver-win32/chromedriver.exe] found in cache
2025-04-29 06:23:32,216 - INFO - Navigating to https://www.nuvamawealth.com/market/stock-market-index/#key-indices
2025-04-29 06:23:36,181 - INFO - Waiting for page to load...
2025-04-29 06:23:53,151 - INFO - Refreshed page to get latest data
2025-04-29 06:24:03,178 - WARNING - Could not click on SECTOR INDICES tab: Message: no such element: Unable to locate element: {"method":"xpath","selector":"//a[text()='SECTOR INDICES']"}
  (Session info: chrome=135.0.7049.115); For documentation on this error, please visit: https://www.selenium.dev/documentation/webdriver/troubleshooting/errors#no-such-element-exception
Stacktrace:
	GetHandleVerifier [0x00CFD363+60275]
	GetHandleVerifier [0x00CFD3A4+60340]
	(No symbol) [0x00B306F3]
	(No symbol) [0x00B78690]
	(No symbol) [0x00B78A2B]
	(No symbol) [0x00BC0EE2]
	(No symbol) [0x00B9D0D4]
	(No symbol) [0x00BBE6EB]
	(No symbol) [0x00B9CE86]
	(No symbol) [0x00B6C623]
	(No symbol) [0x00B6D474]
	GetHandleVerifier [0x00F48FE3+2467827]
	GetHandleVerifier [0x00F445E6+2448886]
	GetHandleVerifier [0x00F5F80C+2560028]
	GetHandleVerifier [0x00D13DF5+153093]
	GetHandleVerifier [0x00D1A3BD+179149]
	GetHandleVerifier [0x00D04BB8+91080]
	GetHandleVerifier [0x00D04D60+91504]
	GetHandleVerifier [0x00CEFA10+4640]
	BaseThreadInitThunk [0x75C9FCC9+25]
	RtlGetAppContainerNamedObjectPath [0x777082AE+286]
	RtlGetAppContainerNamedObjectPath [0x7770827E+238]

2025-04-29 06:24:03,202 - WARNING - Could not click on second tab: Message: no such element: Unable to locate element: {"method":"css selector","selector":".tab-links li:nth-child(2) a"}
  (Session info: chrome=135.0.7049.115); For documentation on this error, please visit: https://www.selenium.dev/documentation/webdriver/troubleshooting/errors#no-such-element-exception
Stacktrace:
	GetHandleVerifier [0x00CFD363+60275]
	GetHandleVerifier [0x00CFD3A4+60340]
	(No symbol) [0x00B306F3]
	(No symbol) [0x00B78690]
	(No symbol) [0x00B78A2B]
	(No symbol) [0x00BC0EE2]
	(No symbol) [0x00B9D0D4]
	(No symbol) [0x00BBE6EB]
	(No symbol) [0x00B9CE86]
	(No symbol) [0x00B6C623]
	(No symbol) [0x00B6D474]
	GetHandleVerifier [0x00F48FE3+2467827]
	GetHandleVerifier [0x00F445E6+2448886]
	GetHandleVerifier [0x00F5F80C+2560028]
	GetHandleVerifier [0x00D13DF5+153093]
	GetHandleVerifier [0x00D1A3BD+179149]
	GetHandleVerifier [0x00D04BB8+91080]
	GetHandleVerifier [0x00D04D60+91504]
	GetHandleVerifier [0x00CEFA10+4640]
	BaseThreadInitThunk [0x75C9FCC9+25]
	RtlGetAppContainerNamedObjectPath [0x777082AE+286]
	RtlGetAppContainerNamedObjectPath [0x7770827E+238]

2025-04-29 06:24:03,354 - INFO - Saved screenshot of sector tab
2025-04-29 06:24:03,370 - INFO - Found 6 tables on page
2025-04-29 06:24:03,371 - INFO - Checking table 1
2025-04-29 06:24:03,382 - INFO - Checking table 2
2025-04-29 06:24:03,392 - INFO - Found likely sector table (table #2)
2025-04-29 06:24:03,467 - WARNING - Could not find percent change for 
2025-04-29 06:24:03,527 - INFO - Found percent change: 0.31% in '68.40 (0.31%)'
2025-04-29 06:24:03,542 - INFO - Added sector: Auto, Change: 0.31%
2025-04-29 06:24:03,627 - INFO - Found percent change: 0.4% in '139.00 (0.40%)'
2025-04-29 06:24:03,627 - INFO - Added sector: Energy, Change: 0.4%
2025-04-29 06:24:03,673 - INFO - Found percent change: -0.12% in '-31.30 (-0.12%)'
2025-04-29 06:24:03,673 - INFO - Added sector: Financial Services, Change: -0.12%
2025-04-29 06:24:03,721 - INFO - Found percent change: -0.58% in '-326.60 (-0.58%)'
2025-04-29 06:24:03,721 - INFO - Added sector: FMCG, Change: -0.58%
2025-04-29 06:24:03,777 - INFO - Found percent change: 0.16% in '56.80 (0.16%)'
2025-04-29 06:24:03,777 - INFO - Added sector: IT, Change: 0.16%
2025-04-29 06:24:03,840 - INFO - Found percent change: 0.13% in '1.95 (0.13%)'
2025-04-29 06:24:03,840 - INFO - Added sector: Media, Change: 0.13%
2025-04-29 06:24:03,890 - INFO - Found percent change: 0.03% in '2.50 (0.03%)'
2025-04-29 06:24:03,890 - INFO - Added sector: Metal, Change: 0.03%
2025-04-29 06:24:03,951 - INFO - Found percent change: -1.38% in '-303.20 (-1.38%)'
2025-04-29 06:24:03,952 - INFO - Added sector: Pharma, Change: -1.38%
2025-04-29 06:24:04,015 - INFO - Found percent change: 0.8% in '53.75 (0.80%)'
2025-04-29 06:24:04,016 - INFO - Added sector: PSU Bank, Change: 0.8%
2025-04-29 06:24:04,087 - INFO - Found percent change: 0.54% in '4.70 (0.54%)'
2025-04-29 06:24:04,088 - INFO - Added sector: Realty, Change: 0.54%
2025-04-29 06:24:06,749 - INFO - Saved sector data to sector.csv
2025-04-29 06:25:07,387 - INFO - Running Nuvama sector data scraper job at 2025-04-29 06:25:07
2025-04-29 06:25:07,388 - INFO - Setting up Chrome driver...
2025-04-29 06:25:07,388 - INFO - ====== WebDriver manager ======
2025-04-29 06:25:08,666 - INFO - Get LATEST chromedriver version for google-chrome
2025-04-29 06:25:08,706 - INFO - Get LATEST chromedriver version for google-chrome
2025-04-29 06:25:08,754 - INFO - Driver [C:\Users\Rajee\.wdm\drivers\chromedriver\win64\135.0.7049.114\chromedriver-win32/chromedriver.exe] found in cache
2025-04-29 06:25:10,181 - INFO - Navigating to https://www.nuvamawealth.com/market/stock-market-index/#key-indices
2025-04-29 06:25:13,292 - INFO - Waiting for page to load...
2025-04-29 06:25:30,615 - INFO - Refreshed page to get latest data
2025-04-29 06:25:40,643 - WARNING - Could not click on SECTOR INDICES tab: Message: no such element: Unable to locate element: {"method":"xpath","selector":"//a[text()='SECTOR INDICES']"}
  (Session info: chrome=135.0.7049.115); For documentation on this error, please visit: https://www.selenium.dev/documentation/webdriver/troubleshooting/errors#no-such-element-exception
Stacktrace:
	GetHandleVerifier [0x00CFD363+60275]
	GetHandleVerifier [0x00CFD3A4+60340]
	(No symbol) [0x00B306F3]
	(No symbol) [0x00B78690]
	(No symbol) [0x00B78A2B]
	(No symbol) [0x00BC0EE2]
	(No symbol) [0x00B9D0D4]
	(No symbol) [0x00BBE6EB]
	(No symbol) [0x00B9CE86]
	(No symbol) [0x00B6C623]
	(No symbol) [0x00B6D474]
	GetHandleVerifier [0x00F48FE3+2467827]
	GetHandleVerifier [0x00F445E6+2448886]
	GetHandleVerifier [0x00F5F80C+2560028]
	GetHandleVerifier [0x00D13DF5+153093]
	GetHandleVerifier [0x00D1A3BD+179149]
	GetHandleVerifier [0x00D04BB8+91080]
	GetHandleVerifier [0x00D04D60+91504]
	GetHandleVerifier [0x00CEFA10+4640]
	BaseThreadInitThunk [0x75C9FCC9+25]
	RtlGetAppContainerNamedObjectPath [0x777082AE+286]
	RtlGetAppContainerNamedObjectPath [0x7770827E+238]

2025-04-29 06:25:40,665 - WARNING - Could not click on second tab: Message: no such element: Unable to locate element: {"method":"css selector","selector":".tab-links li:nth-child(2) a"}
  (Session info: chrome=135.0.7049.115); For documentation on this error, please visit: https://www.selenium.dev/documentation/webdriver/troubleshooting/errors#no-such-element-exception
Stacktrace:
	GetHandleVerifier [0x00CFD363+60275]
	GetHandleVerifier [0x00CFD3A4+60340]
	(No symbol) [0x00B306F3]
	(No symbol) [0x00B78690]
	(No symbol) [0x00B78A2B]
	(No symbol) [0x00BC0EE2]
	(No symbol) [0x00B9D0D4]
	(No symbol) [0x00BBE6EB]
	(No symbol) [0x00B9CE86]
	(No symbol) [0x00B6C623]
	(No symbol) [0x00B6D474]
	GetHandleVerifier [0x00F48FE3+2467827]
	GetHandleVerifier [0x00F445E6+2448886]
	GetHandleVerifier [0x00F5F80C+2560028]
	GetHandleVerifier [0x00D13DF5+153093]
	GetHandleVerifier [0x00D1A3BD+179149]
	GetHandleVerifier [0x00D04BB8+91080]
	GetHandleVerifier [0x00D04D60+91504]
	GetHandleVerifier [0x00CEFA10+4640]
	BaseThreadInitThunk [0x75C9FCC9+25]
	RtlGetAppContainerNamedObjectPath [0x777082AE+286]
	RtlGetAppContainerNamedObjectPath [0x7770827E+238]

2025-04-29 06:25:40,809 - INFO - Saved screenshot of sector tab
2025-04-29 06:25:40,826 - INFO - Found 6 tables on page
2025-04-29 06:25:40,827 - INFO - Checking table 1
2025-04-29 06:25:40,838 - INFO - Checking table 2
2025-04-29 06:25:40,851 - INFO - Found likely sector table (table #2)
2025-04-29 06:25:40,923 - WARNING - Could not find percent change for 
2025-04-29 06:25:40,977 - INFO - Found percent change: 0.31% in '68.40 (0.31%)'
2025-04-29 06:25:40,978 - INFO - Added sector: Auto, Change: 0.31%
2025-04-29 06:25:41,021 - INFO - Found percent change: 0.4% in '139.00 (0.40%)'
2025-04-29 06:25:41,021 - INFO - Added sector: Energy, Change: 0.4%
2025-04-29 06:25:41,074 - INFO - Found percent change: -0.12% in '-31.30 (-0.12%)'
2025-04-29 06:25:41,074 - INFO - Added sector: Financial Services, Change: -0.12%
2025-04-29 06:25:41,121 - INFO - Found percent change: -0.58% in '-326.60 (-0.58%)'
2025-04-29 06:25:41,122 - INFO - Added sector: FMCG, Change: -0.58%
2025-04-29 06:25:41,167 - INFO - Found percent change: 0.16% in '56.80 (0.16%)'
2025-04-29 06:25:41,167 - INFO - Added sector: IT, Change: 0.16%
2025-04-29 06:25:41,210 - INFO - Found percent change: 0.13% in '1.95 (0.13%)'
2025-04-29 06:25:41,210 - INFO - Added sector: Media, Change: 0.13%
2025-04-29 06:25:41,310 - INFO - Found percent change: 0.03% in '2.50 (0.03%)'
2025-04-29 06:25:41,310 - INFO - Added sector: Metal, Change: 0.03%
2025-04-29 06:25:41,381 - INFO - Found percent change: -1.38% in '-303.20 (-1.38%)'
2025-04-29 06:25:41,382 - INFO - Added sector: Pharma, Change: -1.38%
2025-04-29 06:25:41,433 - INFO - Found percent change: 0.8% in '53.75 (0.80%)'
2025-04-29 06:25:41,434 - INFO - Added sector: PSU Bank, Change: 0.8%
2025-04-29 06:25:41,481 - INFO - Found percent change: 0.54% in '4.70 (0.54%)'
2025-04-29 06:25:41,481 - INFO - Added sector: Realty, Change: 0.54%
2025-04-29 06:25:44,278 - INFO - Saved sector data to sector.csv
2025-04-29 06:26:44,912 - INFO - Running Nuvama sector data scraper job at 2025-04-29 06:26:44
2025-04-29 06:26:44,912 - INFO - Setting up Chrome driver...
2025-04-29 06:26:44,913 - INFO - ====== WebDriver manager ======
2025-04-29 06:26:46,181 - INFO - Get LATEST chromedriver version for google-chrome
2025-04-29 06:26:46,224 - INFO - Get LATEST chromedriver version for google-chrome
2025-04-29 06:26:46,267 - INFO - Driver [C:\Users\Rajee\.wdm\drivers\chromedriver\win64\135.0.7049.114\chromedriver-win32/chromedriver.exe] found in cache
2025-04-29 06:26:47,635 - INFO - Navigating to https://www.nuvamawealth.com/market/stock-market-index/#key-indices
2025-04-29 06:26:51,371 - INFO - Waiting for page to load...
2025-04-29 06:27:08,503 - INFO - Refreshed page to get latest data
2025-04-29 06:27:18,530 - WARNING - Could not click on SECTOR INDICES tab: Message: no such element: Unable to locate element: {"method":"xpath","selector":"//a[text()='SECTOR INDICES']"}
  (Session info: chrome=135.0.7049.115); For documentation on this error, please visit: https://www.selenium.dev/documentation/webdriver/troubleshooting/errors#no-such-element-exception
Stacktrace:
	GetHandleVerifier [0x00CFD363+60275]
	GetHandleVerifier [0x00CFD3A4+60340]
	(No symbol) [0x00B306F3]
	(No symbol) [0x00B78690]
	(No symbol) [0x00B78A2B]
	(No symbol) [0x00BC0EE2]
	(No symbol) [0x00B9D0D4]
	(No symbol) [0x00BBE6EB]
	(No symbol) [0x00B9CE86]
	(No symbol) [0x00B6C623]
	(No symbol) [0x00B6D474]
	GetHandleVerifier [0x00F48FE3+2467827]
	GetHandleVerifier [0x00F445E6+2448886]
	GetHandleVerifier [0x00F5F80C+2560028]
	GetHandleVerifier [0x00D13DF5+153093]
	GetHandleVerifier [0x00D1A3BD+179149]
	GetHandleVerifier [0x00D04BB8+91080]
	GetHandleVerifier [0x00D04D60+91504]
	GetHandleVerifier [0x00CEFA10+4640]
	BaseThreadInitThunk [0x75C9FCC9+25]
	RtlGetAppContainerNamedObjectPath [0x777082AE+286]
	RtlGetAppContainerNamedObjectPath [0x7770827E+238]

2025-04-29 06:27:18,552 - WARNING - Could not click on second tab: Message: no such element: Unable to locate element: {"method":"css selector","selector":".tab-links li:nth-child(2) a"}
  (Session info: chrome=135.0.7049.115); For documentation on this error, please visit: https://www.selenium.dev/documentation/webdriver/troubleshooting/errors#no-such-element-exception
Stacktrace:
	GetHandleVerifier [0x00CFD363+60275]
	GetHandleVerifier [0x00CFD3A4+60340]
	(No symbol) [0x00B306F3]
	(No symbol) [0x00B78690]
	(No symbol) [0x00B78A2B]
	(No symbol) [0x00BC0EE2]
	(No symbol) [0x00B9D0D4]
	(No symbol) [0x00BBE6EB]
	(No symbol) [0x00B9CE86]
	(No symbol) [0x00B6C623]
	(No symbol) [0x00B6D474]
	GetHandleVerifier [0x00F48FE3+2467827]
	GetHandleVerifier [0x00F445E6+2448886]
	GetHandleVerifier [0x00F5F80C+2560028]
	GetHandleVerifier [0x00D13DF5+153093]
	GetHandleVerifier [0x00D1A3BD+179149]
	GetHandleVerifier [0x00D04BB8+91080]
	GetHandleVerifier [0x00D04D60+91504]
	GetHandleVerifier [0x00CEFA10+4640]
	BaseThreadInitThunk [0x75C9FCC9+25]
	RtlGetAppContainerNamedObjectPath [0x777082AE+286]
	RtlGetAppContainerNamedObjectPath [0x7770827E+238]

2025-04-29 06:27:18,694 - INFO - Saved screenshot of sector tab
2025-04-29 06:27:18,711 - INFO - Found 6 tables on page
2025-04-29 06:27:18,712 - INFO - Checking table 1
2025-04-29 06:27:18,722 - INFO - Checking table 2
2025-04-29 06:27:18,735 - INFO - Found likely sector table (table #2)
2025-04-29 06:27:18,818 - WARNING - Could not find percent change for 
2025-04-29 06:27:18,870 - INFO - Found percent change: 0.31% in '68.40 (0.31%)'
2025-04-29 06:27:18,871 - INFO - Added sector: Auto, Change: 0.31%
2025-04-29 06:27:18,916 - INFO - Found percent change: 0.4% in '139.00 (0.40%)'
2025-04-29 06:27:18,916 - INFO - Added sector: Energy, Change: 0.4%
2025-04-29 06:27:18,965 - INFO - Found percent change: -0.12% in '-31.30 (-0.12%)'
2025-04-29 06:27:18,966 - INFO - Added sector: Financial Services, Change: -0.12%
2025-04-29 06:27:19,055 - INFO - Found percent change: -0.58% in '-326.60 (-0.58%)'
2025-04-29 06:27:19,055 - INFO - Added sector: FMCG, Change: -0.58%
2025-04-29 06:27:19,099 - INFO - Found percent change: 0.16% in '56.80 (0.16%)'
2025-04-29 06:27:19,099 - INFO - Added sector: IT, Change: 0.16%
2025-04-29 06:27:19,147 - INFO - Found percent change: 0.13% in '1.95 (0.13%)'
2025-04-29 06:27:19,147 - INFO - Added sector: Media, Change: 0.13%
2025-04-29 06:27:19,204 - INFO - Found percent change: 0.03% in '2.50 (0.03%)'
2025-04-29 06:27:19,205 - INFO - Added sector: Metal, Change: 0.03%
2025-04-29 06:27:19,253 - INFO - Found percent change: -1.38% in '-303.20 (-1.38%)'
2025-04-29 06:27:19,253 - INFO - Added sector: Pharma, Change: -1.38%
2025-04-29 06:27:19,302 - INFO - Found percent change: 0.8% in '53.75 (0.80%)'
2025-04-29 06:27:19,302 - INFO - Added sector: PSU Bank, Change: 0.8%
2025-04-29 06:27:19,353 - INFO - Found percent change: 0.54% in '4.70 (0.54%)'
2025-04-29 06:27:19,353 - INFO - Added sector: Realty, Change: 0.54%
2025-04-29 06:27:21,955 - INFO - Saved sector data to sector.csv
2025-04-29 06:28:22,608 - INFO - Running Nuvama sector data scraper job at 2025-04-29 06:28:22
2025-04-29 06:28:22,608 - INFO - Setting up Chrome driver...
2025-04-29 06:28:22,609 - INFO - ====== WebDriver manager ======
2025-04-29 06:28:23,861 - INFO - Get LATEST chromedriver version for google-chrome
2025-04-29 06:28:23,919 - INFO - Get LATEST chromedriver version for google-chrome
2025-04-29 06:28:23,962 - INFO - Driver [C:\Users\Rajee\.wdm\drivers\chromedriver\win64\135.0.7049.114\chromedriver-win32/chromedriver.exe] found in cache
2025-04-29 06:28:25,317 - INFO - Navigating to https://www.nuvamawealth.com/market/stock-market-index/#key-indices
2025-04-29 06:28:28,597 - INFO - Waiting for page to load...
2025-04-29 06:28:45,852 - INFO - Refreshed page to get latest data
2025-04-29 06:28:55,901 - WARNING - Could not click on SECTOR INDICES tab: Message: no such element: Unable to locate element: {"method":"xpath","selector":"//a[text()='SECTOR INDICES']"}
  (Session info: chrome=135.0.7049.115); For documentation on this error, please visit: https://www.selenium.dev/documentation/webdriver/troubleshooting/errors#no-such-element-exception
Stacktrace:
	GetHandleVerifier [0x00CFD363+60275]
	GetHandleVerifier [0x00CFD3A4+60340]
	(No symbol) [0x00B306F3]
	(No symbol) [0x00B78690]
	(No symbol) [0x00B78A2B]
	(No symbol) [0x00BC0EE2]
	(No symbol) [0x00B9D0D4]
	(No symbol) [0x00BBE6EB]
	(No symbol) [0x00B9CE86]
	(No symbol) [0x00B6C623]
	(No symbol) [0x00B6D474]
	GetHandleVerifier [0x00F48FE3+2467827]
	GetHandleVerifier [0x00F445E6+2448886]
	GetHandleVerifier [0x00F5F80C+2560028]
	GetHandleVerifier [0x00D13DF5+153093]
	GetHandleVerifier [0x00D1A3BD+179149]
	GetHandleVerifier [0x00D04BB8+91080]
	GetHandleVerifier [0x00D04D60+91504]
	GetHandleVerifier [0x00CEFA10+4640]
	BaseThreadInitThunk [0x75C9FCC9+25]
	RtlGetAppContainerNamedObjectPath [0x777082AE+286]
	RtlGetAppContainerNamedObjectPath [0x7770827E+238]

2025-04-29 06:28:55,929 - WARNING - Could not click on second tab: Message: no such element: Unable to locate element: {"method":"css selector","selector":".tab-links li:nth-child(2) a"}
  (Session info: chrome=135.0.7049.115); For documentation on this error, please visit: https://www.selenium.dev/documentation/webdriver/troubleshooting/errors#no-such-element-exception
Stacktrace:
	GetHandleVerifier [0x00CFD363+60275]
	GetHandleVerifier [0x00CFD3A4+60340]
	(No symbol) [0x00B306F3]
	(No symbol) [0x00B78690]
	(No symbol) [0x00B78A2B]
	(No symbol) [0x00BC0EE2]
	(No symbol) [0x00B9D0D4]
	(No symbol) [0x00BBE6EB]
	(No symbol) [0x00B9CE86]
	(No symbol) [0x00B6C623]
	(No symbol) [0x00B6D474]
	GetHandleVerifier [0x00F48FE3+2467827]
	GetHandleVerifier [0x00F445E6+2448886]
	GetHandleVerifier [0x00F5F80C+2560028]
	GetHandleVerifier [0x00D13DF5+153093]
	GetHandleVerifier [0x00D1A3BD+179149]
	GetHandleVerifier [0x00D04BB8+91080]
	GetHandleVerifier [0x00D04D60+91504]
	GetHandleVerifier [0x00CEFA10+4640]
	BaseThreadInitThunk [0x75C9FCC9+25]
	RtlGetAppContainerNamedObjectPath [0x777082AE+286]
	RtlGetAppContainerNamedObjectPath [0x7770827E+238]

2025-04-29 06:28:56,078 - INFO - Saved screenshot of sector tab
2025-04-29 06:28:56,094 - INFO - Found 6 tables on page
2025-04-29 06:28:56,094 - INFO - Checking table 1
2025-04-29 06:28:56,104 - INFO - Checking table 2
2025-04-29 06:28:56,115 - INFO - Found likely sector table (table #2)
2025-04-29 06:28:56,200 - WARNING - Could not find percent change for 
2025-04-29 06:28:56,249 - INFO - Found percent change: 0.31% in '68.40 (0.31%)'
2025-04-29 06:28:56,249 - INFO - Added sector: Auto, Change: 0.31%
2025-04-29 06:28:56,296 - INFO - Found percent change: 0.4% in '139.00 (0.40%)'
2025-04-29 06:28:56,296 - INFO - Added sector: Energy, Change: 0.4%
2025-04-29 06:28:56,342 - INFO - Found percent change: -0.12% in '-31.30 (-0.12%)'
2025-04-29 06:28:56,342 - INFO - Added sector: Financial Services, Change: -0.12%
2025-04-29 06:28:56,389 - INFO - Found percent change: -0.58% in '-326.60 (-0.58%)'
2025-04-29 06:28:56,390 - INFO - Added sector: FMCG, Change: -0.58%
2025-04-29 06:28:56,440 - INFO - Found percent change: 0.16% in '56.80 (0.16%)'
2025-04-29 06:28:56,440 - INFO - Added sector: IT, Change: 0.16%
2025-04-29 06:28:56,491 - INFO - Found percent change: 0.13% in '1.95 (0.13%)'
2025-04-29 06:28:56,492 - INFO - Added sector: Media, Change: 0.13%
2025-04-29 06:28:56,540 - INFO - Found percent change: 0.03% in '2.50 (0.03%)'
2025-04-29 06:28:56,541 - INFO - Added sector: Metal, Change: 0.03%
2025-04-29 06:28:56,600 - INFO - Found percent change: -1.38% in '-303.20 (-1.38%)'
2025-04-29 06:28:56,601 - INFO - Added sector: Pharma, Change: -1.38%
2025-04-29 06:28:56,654 - INFO - Found percent change: 0.8% in '53.75 (0.80%)'
2025-04-29 06:28:56,654 - INFO - Added sector: PSU Bank, Change: 0.8%
2025-04-29 06:28:56,707 - INFO - Found percent change: 0.54% in '4.70 (0.54%)'
2025-04-29 06:28:56,708 - INFO - Added sector: Realty, Change: 0.54%
2025-04-29 06:28:59,438 - INFO - Saved sector data to sector.csv
2025-04-29 06:30:00,085 - INFO - Running Nuvama sector data scraper job at 2025-04-29 06:30:00
2025-04-29 06:30:00,086 - INFO - Setting up Chrome driver...
2025-04-29 06:30:00,086 - INFO - ====== WebDriver manager ======
2025-04-29 06:30:01,495 - INFO - Get LATEST chromedriver version for google-chrome
2025-04-29 06:30:01,538 - INFO - Get LATEST chromedriver version for google-chrome
2025-04-29 06:30:01,583 - INFO - Driver [C:\Users\Rajee\.wdm\drivers\chromedriver\win64\135.0.7049.114\chromedriver-win32/chromedriver.exe] found in cache
2025-04-29 06:30:02,887 - INFO - Navigating to https://www.nuvamawealth.com/market/stock-market-index/#key-indices
2025-04-29 06:30:06,822 - INFO - Waiting for page to load...
2025-04-29 06:30:23,939 - INFO - Refreshed page to get latest data
2025-04-29 06:30:33,967 - WARNING - Could not click on SECTOR INDICES tab: Message: no such element: Unable to locate element: {"method":"xpath","selector":"//a[text()='SECTOR INDICES']"}
  (Session info: chrome=135.0.7049.115); For documentation on this error, please visit: https://www.selenium.dev/documentation/webdriver/troubleshooting/errors#no-such-element-exception
Stacktrace:
	GetHandleVerifier [0x00CFD363+60275]
	GetHandleVerifier [0x00CFD3A4+60340]
	(No symbol) [0x00B306F3]
	(No symbol) [0x00B78690]
	(No symbol) [0x00B78A2B]
	(No symbol) [0x00BC0EE2]
	(No symbol) [0x00B9D0D4]
	(No symbol) [0x00BBE6EB]
	(No symbol) [0x00B9CE86]
	(No symbol) [0x00B6C623]
	(No symbol) [0x00B6D474]
	GetHandleVerifier [0x00F48FE3+2467827]
	GetHandleVerifier [0x00F445E6+2448886]
	GetHandleVerifier [0x00F5F80C+2560028]
	GetHandleVerifier [0x00D13DF5+153093]
	GetHandleVerifier [0x00D1A3BD+179149]
	GetHandleVerifier [0x00D04BB8+91080]
	GetHandleVerifier [0x00D04D60+91504]
	GetHandleVerifier [0x00CEFA10+4640]
	BaseThreadInitThunk [0x75C9FCC9+25]
	RtlGetAppContainerNamedObjectPath [0x777082AE+286]
	RtlGetAppContainerNamedObjectPath [0x7770827E+238]

2025-04-29 06:30:33,986 - WARNING - Could not click on second tab: Message: no such element: Unable to locate element: {"method":"css selector","selector":".tab-links li:nth-child(2) a"}
  (Session info: chrome=135.0.7049.115); For documentation on this error, please visit: https://www.selenium.dev/documentation/webdriver/troubleshooting/errors#no-such-element-exception
Stacktrace:
	GetHandleVerifier [0x00CFD363+60275]
	GetHandleVerifier [0x00CFD3A4+60340]
	(No symbol) [0x00B306F3]
	(No symbol) [0x00B78690]
	(No symbol) [0x00B78A2B]
	(No symbol) [0x00BC0EE2]
	(No symbol) [0x00B9D0D4]
	(No symbol) [0x00BBE6EB]
	(No symbol) [0x00B9CE86]
	(No symbol) [0x00B6C623]
	(No symbol) [0x00B6D474]
	GetHandleVerifier [0x00F48FE3+2467827]
	GetHandleVerifier [0x00F445E6+2448886]
	GetHandleVerifier [0x00F5F80C+2560028]
	GetHandleVerifier [0x00D13DF5+153093]
	GetHandleVerifier [0x00D1A3BD+179149]
	GetHandleVerifier [0x00D04BB8+91080]
	GetHandleVerifier [0x00D04D60+91504]
	GetHandleVerifier [0x00CEFA10+4640]
	BaseThreadInitThunk [0x75C9FCC9+25]
	RtlGetAppContainerNamedObjectPath [0x777082AE+286]
	RtlGetAppContainerNamedObjectPath [0x7770827E+238]

2025-04-29 06:30:34,146 - INFO - Saved screenshot of sector tab
2025-04-29 06:30:34,162 - INFO - Found 6 tables on page
2025-04-29 06:30:34,163 - INFO - Checking table 1
2025-04-29 06:30:34,175 - INFO - Checking table 2
2025-04-29 06:30:34,188 - INFO - Found likely sector table (table #2)
2025-04-29 06:30:34,345 - WARNING - Could not find percent change for 
2025-04-29 06:30:34,407 - INFO - Found percent change: 0.31% in '68.40 (0.31%)'
2025-04-29 06:30:34,408 - INFO - Added sector: Auto, Change: 0.31%
2025-04-29 06:30:34,464 - INFO - Found percent change: 0.4% in '139.00 (0.40%)'
2025-04-29 06:30:34,465 - INFO - Added sector: Energy, Change: 0.4%
2025-04-29 06:30:34,523 - INFO - Found percent change: -0.12% in '-31.30 (-0.12%)'
2025-04-29 06:30:34,523 - INFO - Added sector: Financial Services, Change: -0.12%
2025-04-29 06:30:34,574 - INFO - Found percent change: -0.58% in '-326.60 (-0.58%)'
2025-04-29 06:30:34,575 - INFO - Added sector: FMCG, Change: -0.58%
2025-04-29 06:30:34,621 - INFO - Found percent change: 0.16% in '56.80 (0.16%)'
2025-04-29 06:30:34,621 - INFO - Added sector: IT, Change: 0.16%
2025-04-29 06:30:34,678 - INFO - Found percent change: 0.13% in '1.95 (0.13%)'
2025-04-29 06:30:34,678 - INFO - Added sector: Media, Change: 0.13%
2025-04-29 06:30:34,726 - INFO - Found percent change: 0.03% in '2.50 (0.03%)'
2025-04-29 06:30:34,727 - INFO - Added sector: Metal, Change: 0.03%
2025-04-29 06:30:34,781 - INFO - Found percent change: -1.38% in '-303.20 (-1.38%)'
2025-04-29 06:30:34,782 - INFO - Added sector: Pharma, Change: -1.38%
2025-04-29 06:30:34,850 - INFO - Found percent change: 0.8% in '53.75 (0.80%)'
2025-04-29 06:30:34,850 - INFO - Added sector: PSU Bank, Change: 0.8%
2025-04-29 06:30:34,915 - INFO - Found percent change: 0.54% in '4.70 (0.54%)'
2025-04-29 06:30:34,916 - INFO - Added sector: Realty, Change: 0.54%
2025-04-29 06:30:37,677 - INFO - Saved sector data to sector.csv
2025-04-29 06:31:38,307 - INFO - Running Nuvama sector data scraper job at 2025-04-29 06:31:38
2025-04-29 06:31:38,308 - INFO - Setting up Chrome driver...
2025-04-29 06:31:38,308 - INFO - ====== WebDriver manager ======
2025-04-29 06:31:39,643 - INFO - Get LATEST chromedriver version for google-chrome
2025-04-29 06:31:39,686 - INFO - Get LATEST chromedriver version for google-chrome
2025-04-29 06:31:39,732 - INFO - Driver [C:\Users\Rajee\.wdm\drivers\chromedriver\win64\135.0.7049.114\chromedriver-win32/chromedriver.exe] found in cache
2025-04-29 06:31:41,042 - INFO - Navigating to https://www.nuvamawealth.com/market/stock-market-index/#key-indices
2025-04-29 06:31:44,970 - INFO - Waiting for page to load...
2025-04-29 06:32:03,126 - INFO - Refreshed page to get latest data
2025-04-29 06:32:13,161 - WARNING - Could not click on SECTOR INDICES tab: Message: no such element: Unable to locate element: {"method":"xpath","selector":"//a[text()='SECTOR INDICES']"}
  (Session info: chrome=135.0.7049.115); For documentation on this error, please visit: https://www.selenium.dev/documentation/webdriver/troubleshooting/errors#no-such-element-exception
Stacktrace:
	GetHandleVerifier [0x00CFD363+60275]
	GetHandleVerifier [0x00CFD3A4+60340]
	(No symbol) [0x00B306F3]
	(No symbol) [0x00B78690]
	(No symbol) [0x00B78A2B]
	(No symbol) [0x00BC0EE2]
	(No symbol) [0x00B9D0D4]
	(No symbol) [0x00BBE6EB]
	(No symbol) [0x00B9CE86]
	(No symbol) [0x00B6C623]
	(No symbol) [0x00B6D474]
	GetHandleVerifier [0x00F48FE3+2467827]
	GetHandleVerifier [0x00F445E6+2448886]
	GetHandleVerifier [0x00F5F80C+2560028]
	GetHandleVerifier [0x00D13DF5+153093]
	GetHandleVerifier [0x00D1A3BD+179149]
	GetHandleVerifier [0x00D04BB8+91080]
	GetHandleVerifier [0x00D04D60+91504]
	GetHandleVerifier [0x00CEFA10+4640]
	BaseThreadInitThunk [0x75C9FCC9+25]
	RtlGetAppContainerNamedObjectPath [0x777082AE+286]
	RtlGetAppContainerNamedObjectPath [0x7770827E+238]

2025-04-29 06:32:13,175 - WARNING - Could not click on second tab: Message: no such element: Unable to locate element: {"method":"css selector","selector":".tab-links li:nth-child(2) a"}
  (Session info: chrome=135.0.7049.115); For documentation on this error, please visit: https://www.selenium.dev/documentation/webdriver/troubleshooting/errors#no-such-element-exception
Stacktrace:
	GetHandleVerifier [0x00CFD363+60275]
	GetHandleVerifier [0x00CFD3A4+60340]
	(No symbol) [0x00B306F3]
	(No symbol) [0x00B78690]
	(No symbol) [0x00B78A2B]
	(No symbol) [0x00BC0EE2]
	(No symbol) [0x00B9D0D4]
	(No symbol) [0x00BBE6EB]
	(No symbol) [0x00B9CE86]
	(No symbol) [0x00B6C623]
	(No symbol) [0x00B6D474]
	GetHandleVerifier [0x00F48FE3+2467827]
	GetHandleVerifier [0x00F445E6+2448886]
	GetHandleVerifier [0x00F5F80C+2560028]
	GetHandleVerifier [0x00D13DF5+153093]
	GetHandleVerifier [0x00D1A3BD+179149]
	GetHandleVerifier [0x00D04BB8+91080]
	GetHandleVerifier [0x00D04D60+91504]
	GetHandleVerifier [0x00CEFA10+4640]
	BaseThreadInitThunk [0x75C9FCC9+25]
	RtlGetAppContainerNamedObjectPath [0x777082AE+286]
	RtlGetAppContainerNamedObjectPath [0x7770827E+238]

2025-04-29 06:32:13,363 - INFO - Saved screenshot of sector tab
2025-04-29 06:32:13,381 - INFO - Found 6 tables on page
2025-04-29 06:32:13,381 - INFO - Checking table 1
2025-04-29 06:32:13,398 - INFO - Checking table 2
2025-04-29 06:32:13,409 - INFO - Found likely sector table (table #2)
2025-04-29 06:32:13,491 - WARNING - Could not find percent change for 
2025-04-29 06:32:13,546 - INFO - Found percent change: 0.31% in '68.40 (0.31%)'
2025-04-29 06:32:13,546 - INFO - Added sector: Auto, Change: 0.31%
2025-04-29 06:32:13,608 - INFO - Found percent change: 0.4% in '139.00 (0.40%)'
2025-04-29 06:32:13,608 - INFO - Added sector: Energy, Change: 0.4%
2025-04-29 06:32:13,679 - INFO - Found percent change: -0.12% in '-31.30 (-0.12%)'
2025-04-29 06:32:13,679 - INFO - Added sector: Financial Services, Change: -0.12%
2025-04-29 06:32:13,728 - INFO - Found percent change: -0.58% in '-326.60 (-0.58%)'
2025-04-29 06:32:13,728 - INFO - Added sector: FMCG, Change: -0.58%
2025-04-29 06:32:13,776 - INFO - Found percent change: 0.16% in '56.80 (0.16%)'
2025-04-29 06:32:13,776 - INFO - Added sector: IT, Change: 0.16%
2025-04-29 06:32:13,839 - INFO - Found percent change: 0.13% in '1.95 (0.13%)'
2025-04-29 06:32:13,840 - INFO - Added sector: Media, Change: 0.13%
2025-04-29 06:32:13,895 - INFO - Found percent change: 0.03% in '2.50 (0.03%)'
2025-04-29 06:32:13,895 - INFO - Added sector: Metal, Change: 0.03%
2025-04-29 06:32:13,950 - INFO - Found percent change: -1.38% in '-303.20 (-1.38%)'
2025-04-29 06:32:13,950 - INFO - Added sector: Pharma, Change: -1.38%
2025-04-29 06:32:14,014 - INFO - Found percent change: 0.8% in '53.75 (0.80%)'
2025-04-29 06:32:14,015 - INFO - Added sector: PSU Bank, Change: 0.8%
2025-04-29 06:32:14,069 - INFO - Found percent change: 0.54% in '4.70 (0.54%)'
2025-04-29 06:32:14,071 - INFO - Added sector: Realty, Change: 0.54%
2025-04-29 06:32:16,622 - INFO - Saved sector data to sector.csv
2025-04-29 06:33:17,222 - INFO - Running Nuvama sector data scraper job at 2025-04-29 06:33:17
2025-04-29 06:33:17,222 - INFO - Setting up Chrome driver...
2025-04-29 06:33:17,223 - INFO - ====== WebDriver manager ======
2025-04-29 06:33:18,497 - INFO - Get LATEST chromedriver version for google-chrome
2025-04-29 06:33:18,538 - INFO - Get LATEST chromedriver version for google-chrome
2025-04-29 06:33:18,583 - INFO - Driver [C:\Users\Rajee\.wdm\drivers\chromedriver\win64\135.0.7049.114\chromedriver-win32/chromedriver.exe] found in cache
2025-04-29 06:33:19,926 - INFO - Navigating to https://www.nuvamawealth.com/market/stock-market-index/#key-indices
2025-04-29 06:33:24,232 - INFO - Waiting for page to load...
2025-04-29 06:33:41,390 - INFO - Refreshed page to get latest data
2025-04-29 06:33:51,426 - WARNING - Could not click on SECTOR INDICES tab: Message: no such element: Unable to locate element: {"method":"xpath","selector":"//a[text()='SECTOR INDICES']"}
  (Session info: chrome=135.0.7049.115); For documentation on this error, please visit: https://www.selenium.dev/documentation/webdriver/troubleshooting/errors#no-such-element-exception
Stacktrace:
	GetHandleVerifier [0x00CFD363+60275]
	GetHandleVerifier [0x00CFD3A4+60340]
	(No symbol) [0x00B306F3]
	(No symbol) [0x00B78690]
	(No symbol) [0x00B78A2B]
	(No symbol) [0x00BC0EE2]
	(No symbol) [0x00B9D0D4]
	(No symbol) [0x00BBE6EB]
	(No symbol) [0x00B9CE86]
	(No symbol) [0x00B6C623]
	(No symbol) [0x00B6D474]
	GetHandleVerifier [0x00F48FE3+2467827]
	GetHandleVerifier [0x00F445E6+2448886]
	GetHandleVerifier [0x00F5F80C+2560028]
	GetHandleVerifier [0x00D13DF5+153093]
	GetHandleVerifier [0x00D1A3BD+179149]
	GetHandleVerifier [0x00D04BB8+91080]
	GetHandleVerifier [0x00D04D60+91504]
	GetHandleVerifier [0x00CEFA10+4640]
	BaseThreadInitThunk [0x75C9FCC9+25]
	RtlGetAppContainerNamedObjectPath [0x777082AE+286]
	RtlGetAppContainerNamedObjectPath [0x7770827E+238]

2025-04-29 06:33:51,446 - WARNING - Could not click on second tab: Message: no such element: Unable to locate element: {"method":"css selector","selector":".tab-links li:nth-child(2) a"}
  (Session info: chrome=135.0.7049.115); For documentation on this error, please visit: https://www.selenium.dev/documentation/webdriver/troubleshooting/errors#no-such-element-exception
Stacktrace:
	GetHandleVerifier [0x00CFD363+60275]
	GetHandleVerifier [0x00CFD3A4+60340]
	(No symbol) [0x00B306F3]
	(No symbol) [0x00B78690]
	(No symbol) [0x00B78A2B]
	(No symbol) [0x00BC0EE2]
	(No symbol) [0x00B9D0D4]
	(No symbol) [0x00BBE6EB]
	(No symbol) [0x00B9CE86]
	(No symbol) [0x00B6C623]
	(No symbol) [0x00B6D474]
	GetHandleVerifier [0x00F48FE3+2467827]
	GetHandleVerifier [0x00F445E6+2448886]
	GetHandleVerifier [0x00F5F80C+2560028]
	GetHandleVerifier [0x00D13DF5+153093]
	GetHandleVerifier [0x00D1A3BD+179149]
	GetHandleVerifier [0x00D04BB8+91080]
	GetHandleVerifier [0x00D04D60+91504]
	GetHandleVerifier [0x00CEFA10+4640]
	BaseThreadInitThunk [0x75C9FCC9+25]
	RtlGetAppContainerNamedObjectPath [0x777082AE+286]
	RtlGetAppContainerNamedObjectPath [0x7770827E+238]

2025-04-29 06:33:51,652 - INFO - Saved screenshot of sector tab
2025-04-29 06:33:51,667 - INFO - Found 6 tables on page
2025-04-29 06:33:51,668 - INFO - Checking table 1
2025-04-29 06:33:51,681 - INFO - Checking table 2
2025-04-29 06:33:51,694 - INFO - Found likely sector table (table #2)
2025-04-29 06:33:51,767 - WARNING - Could not find percent change for 
2025-04-29 06:33:51,816 - INFO - Found percent change: 0.31% in '68.40 (0.31%)'
2025-04-29 06:33:51,816 - INFO - Added sector: Auto, Change: 0.31%
2025-04-29 06:33:51,871 - INFO - Found percent change: 0.4% in '139.00 (0.40%)'
2025-04-29 06:33:51,872 - INFO - Added sector: Energy, Change: 0.4%
2025-04-29 06:33:51,918 - INFO - Found percent change: -0.12% in '-31.30 (-0.12%)'
2025-04-29 06:33:51,919 - INFO - Added sector: Financial Services, Change: -0.12%
2025-04-29 06:33:51,966 - INFO - Found percent change: -0.58% in '-326.60 (-0.58%)'
2025-04-29 06:33:51,966 - INFO - Added sector: FMCG, Change: -0.58%
2025-04-29 06:33:52,014 - INFO - Found percent change: 0.16% in '56.80 (0.16%)'
2025-04-29 06:33:52,015 - INFO - Added sector: IT, Change: 0.16%
2025-04-29 06:33:52,071 - INFO - Found percent change: 0.13% in '1.95 (0.13%)'
2025-04-29 06:33:52,072 - INFO - Added sector: Media, Change: 0.13%
2025-04-29 06:33:52,124 - INFO - Found percent change: 0.03% in '2.50 (0.03%)'
2025-04-29 06:33:52,125 - INFO - Added sector: Metal, Change: 0.03%
2025-04-29 06:33:52,188 - INFO - Found percent change: -1.38% in '-303.20 (-1.38%)'
2025-04-29 06:33:52,189 - INFO - Added sector: Pharma, Change: -1.38%
2025-04-29 06:33:52,236 - INFO - Found percent change: 0.8% in '53.75 (0.80%)'
2025-04-29 06:33:52,237 - INFO - Added sector: PSU Bank, Change: 0.8%
2025-04-29 06:33:52,293 - INFO - Found percent change: 0.54% in '4.70 (0.54%)'
2025-04-29 06:33:52,293 - INFO - Added sector: Realty, Change: 0.54%
2025-04-29 06:33:54,822 - INFO - Saved sector data to sector.csv
2025-04-29 06:34:55,459 - INFO - Running Nuvama sector data scraper job at 2025-04-29 06:34:55
2025-04-29 06:34:55,460 - INFO - Setting up Chrome driver...
2025-04-29 06:34:55,460 - INFO - ====== WebDriver manager ======
2025-04-29 06:34:56,749 - INFO - Get LATEST chromedriver version for google-chrome
2025-04-29 06:34:56,791 - INFO - Get LATEST chromedriver version for google-chrome
2025-04-29 06:34:56,828 - INFO - Driver [C:\Users\Rajee\.wdm\drivers\chromedriver\win64\135.0.7049.114\chromedriver-win32/chromedriver.exe] found in cache
2025-04-29 06:34:58,268 - INFO - Navigating to https://www.nuvamawealth.com/market/stock-market-index/#key-indices
2025-04-29 06:35:01,945 - INFO - Waiting for page to load...
2025-04-29 06:35:19,031 - INFO - Refreshed page to get latest data
2025-04-29 06:35:29,058 - WARNING - Could not click on SECTOR INDICES tab: Message: no such element: Unable to locate element: {"method":"xpath","selector":"//a[text()='SECTOR INDICES']"}
  (Session info: chrome=135.0.7049.115); For documentation on this error, please visit: https://www.selenium.dev/documentation/webdriver/troubleshooting/errors#no-such-element-exception
Stacktrace:
	GetHandleVerifier [0x00CFD363+60275]
	GetHandleVerifier [0x00CFD3A4+60340]
	(No symbol) [0x00B306F3]
	(No symbol) [0x00B78690]
	(No symbol) [0x00B78A2B]
	(No symbol) [0x00BC0EE2]
	(No symbol) [0x00B9D0D4]
	(No symbol) [0x00BBE6EB]
	(No symbol) [0x00B9CE86]
	(No symbol) [0x00B6C623]
	(No symbol) [0x00B6D474]
	GetHandleVerifier [0x00F48FE3+2467827]
	GetHandleVerifier [0x00F445E6+2448886]
	GetHandleVerifier [0x00F5F80C+2560028]
	GetHandleVerifier [0x00D13DF5+153093]
	GetHandleVerifier [0x00D1A3BD+179149]
	GetHandleVerifier [0x00D04BB8+91080]
	GetHandleVerifier [0x00D04D60+91504]
	GetHandleVerifier [0x00CEFA10+4640]
	BaseThreadInitThunk [0x75C9FCC9+25]
	RtlGetAppContainerNamedObjectPath [0x777082AE+286]
	RtlGetAppContainerNamedObjectPath [0x7770827E+238]

2025-04-29 06:35:29,078 - WARNING - Could not click on second tab: Message: no such element: Unable to locate element: {"method":"css selector","selector":".tab-links li:nth-child(2) a"}
  (Session info: chrome=135.0.7049.115); For documentation on this error, please visit: https://www.selenium.dev/documentation/webdriver/troubleshooting/errors#no-such-element-exception
Stacktrace:
	GetHandleVerifier [0x00CFD363+60275]
	GetHandleVerifier [0x00CFD3A4+60340]
	(No symbol) [0x00B306F3]
	(No symbol) [0x00B78690]
	(No symbol) [0x00B78A2B]
	(No symbol) [0x00BC0EE2]
	(No symbol) [0x00B9D0D4]
	(No symbol) [0x00BBE6EB]
	(No symbol) [0x00B9CE86]
	(No symbol) [0x00B6C623]
	(No symbol) [0x00B6D474]
	GetHandleVerifier [0x00F48FE3+2467827]
	GetHandleVerifier [0x00F445E6+2448886]
	GetHandleVerifier [0x00F5F80C+2560028]
	GetHandleVerifier [0x00D13DF5+153093]
	GetHandleVerifier [0x00D1A3BD+179149]
	GetHandleVerifier [0x00D04BB8+91080]
	GetHandleVerifier [0x00D04D60+91504]
	GetHandleVerifier [0x00CEFA10+4640]
	BaseThreadInitThunk [0x75C9FCC9+25]
	RtlGetAppContainerNamedObjectPath [0x777082AE+286]
	RtlGetAppContainerNamedObjectPath [0x7770827E+238]

2025-04-29 06:35:29,238 - INFO - Saved screenshot of sector tab
2025-04-29 06:35:29,250 - INFO - Found 6 tables on page
2025-04-29 06:35:29,251 - INFO - Checking table 1
2025-04-29 06:35:29,263 - INFO - Checking table 2
2025-04-29 06:35:29,272 - INFO - Found likely sector table (table #2)
2025-04-29 06:35:29,354 - WARNING - Could not find percent change for 
2025-04-29 06:35:29,410 - INFO - Found percent change: 0.31% in '68.40 (0.31%)'
2025-04-29 06:35:29,410 - INFO - Added sector: Auto, Change: 0.31%
2025-04-29 06:35:29,456 - INFO - Found percent change: 0.4% in '139.00 (0.40%)'
2025-04-29 06:35:29,456 - INFO - Added sector: Energy, Change: 0.4%
2025-04-29 06:35:29,505 - INFO - Found percent change: -0.12% in '-31.30 (-0.12%)'
2025-04-29 06:35:29,505 - INFO - Added sector: Financial Services, Change: -0.12%
2025-04-29 06:35:29,559 - INFO - Found percent change: -0.58% in '-326.60 (-0.58%)'
2025-04-29 06:35:29,559 - INFO - Added sector: FMCG, Change: -0.58%
2025-04-29 06:35:29,613 - INFO - Found percent change: 0.16% in '56.80 (0.16%)'
2025-04-29 06:35:29,614 - INFO - Added sector: IT, Change: 0.16%
2025-04-29 06:35:29,663 - INFO - Found percent change: 0.13% in '1.95 (0.13%)'
2025-04-29 06:35:29,663 - INFO - Added sector: Media, Change: 0.13%
2025-04-29 06:35:29,709 - INFO - Found percent change: 0.03% in '2.50 (0.03%)'
2025-04-29 06:35:29,709 - INFO - Added sector: Metal, Change: 0.03%
2025-04-29 06:35:29,768 - INFO - Found percent change: -1.38% in '-303.20 (-1.38%)'
2025-04-29 06:35:29,769 - INFO - Added sector: Pharma, Change: -1.38%
2025-04-29 06:35:29,816 - INFO - Found percent change: 0.8% in '53.75 (0.80%)'
2025-04-29 06:35:29,816 - INFO - Added sector: PSU Bank, Change: 0.8%
2025-04-29 06:35:29,864 - INFO - Found percent change: 0.54% in '4.70 (0.54%)'
2025-04-29 06:35:29,864 - INFO - Added sector: Realty, Change: 0.54%
2025-04-29 06:35:32,616 - INFO - Saved sector data to sector.csv
2025-04-29 06:36:33,243 - INFO - Running Nuvama sector data scraper job at 2025-04-29 06:36:33
2025-04-29 06:36:33,244 - INFO - Setting up Chrome driver...
2025-04-29 06:36:33,244 - INFO - ====== WebDriver manager ======
2025-04-29 06:36:34,641 - INFO - Get LATEST chromedriver version for google-chrome
2025-04-29 06:36:34,682 - INFO - Get LATEST chromedriver version for google-chrome
2025-04-29 06:36:34,730 - INFO - Driver [C:\Users\Rajee\.wdm\drivers\chromedriver\win64\135.0.7049.114\chromedriver-win32/chromedriver.exe] found in cache
2025-04-29 06:36:36,064 - INFO - Navigating to https://www.nuvamawealth.com/market/stock-market-index/#key-indices
2025-04-29 06:36:40,390 - INFO - Waiting for page to load...
2025-04-29 06:36:57,623 - INFO - Refreshed page to get latest data
2025-04-29 06:37:07,649 - WARNING - Could not click on SECTOR INDICES tab: Message: no such element: Unable to locate element: {"method":"xpath","selector":"//a[text()='SECTOR INDICES']"}
  (Session info: chrome=135.0.7049.115); For documentation on this error, please visit: https://www.selenium.dev/documentation/webdriver/troubleshooting/errors#no-such-element-exception
Stacktrace:
	GetHandleVerifier [0x00CFD363+60275]
	GetHandleVerifier [0x00CFD3A4+60340]
	(No symbol) [0x00B306F3]
	(No symbol) [0x00B78690]
	(No symbol) [0x00B78A2B]
	(No symbol) [0x00BC0EE2]
	(No symbol) [0x00B9D0D4]
	(No symbol) [0x00BBE6EB]
	(No symbol) [0x00B9CE86]
	(No symbol) [0x00B6C623]
	(No symbol) [0x00B6D474]
	GetHandleVerifier [0x00F48FE3+2467827]
	GetHandleVerifier [0x00F445E6+2448886]
	GetHandleVerifier [0x00F5F80C+2560028]
	GetHandleVerifier [0x00D13DF5+153093]
	GetHandleVerifier [0x00D1A3BD+179149]
	GetHandleVerifier [0x00D04BB8+91080]
	GetHandleVerifier [0x00D04D60+91504]
	GetHandleVerifier [0x00CEFA10+4640]
	BaseThreadInitThunk [0x75C9FCC9+25]
	RtlGetAppContainerNamedObjectPath [0x777082AE+286]
	RtlGetAppContainerNamedObjectPath [0x7770827E+238]

2025-04-29 06:37:07,669 - WARNING - Could not click on second tab: Message: no such element: Unable to locate element: {"method":"css selector","selector":".tab-links li:nth-child(2) a"}
  (Session info: chrome=135.0.7049.115); For documentation on this error, please visit: https://www.selenium.dev/documentation/webdriver/troubleshooting/errors#no-such-element-exception
Stacktrace:
	GetHandleVerifier [0x00CFD363+60275]
	GetHandleVerifier [0x00CFD3A4+60340]
	(No symbol) [0x00B306F3]
	(No symbol) [0x00B78690]
	(No symbol) [0x00B78A2B]
	(No symbol) [0x00BC0EE2]
	(No symbol) [0x00B9D0D4]
	(No symbol) [0x00BBE6EB]
	(No symbol) [0x00B9CE86]
	(No symbol) [0x00B6C623]
	(No symbol) [0x00B6D474]
	GetHandleVerifier [0x00F48FE3+2467827]
	GetHandleVerifier [0x00F445E6+2448886]
	GetHandleVerifier [0x00F5F80C+2560028]
	GetHandleVerifier [0x00D13DF5+153093]
	GetHandleVerifier [0x00D1A3BD+179149]
	GetHandleVerifier [0x00D04BB8+91080]
	GetHandleVerifier [0x00D04D60+91504]
	GetHandleVerifier [0x00CEFA10+4640]
	BaseThreadInitThunk [0x75C9FCC9+25]
	RtlGetAppContainerNamedObjectPath [0x777082AE+286]
	RtlGetAppContainerNamedObjectPath [0x7770827E+238]

2025-04-29 06:37:07,837 - INFO - Saved screenshot of sector tab
2025-04-29 06:37:07,850 - INFO - Found 6 tables on page
2025-04-29 06:37:07,851 - INFO - Checking table 1
2025-04-29 06:37:07,859 - INFO - Checking table 2
2025-04-29 06:37:07,873 - INFO - Found likely sector table (table #2)
2025-04-29 06:37:07,943 - WARNING - Could not find percent change for 
2025-04-29 06:37:07,994 - INFO - Found percent change: 0.31% in '68.40 (0.31%)'
2025-04-29 06:37:07,995 - INFO - Added sector: Auto, Change: 0.31%
2025-04-29 06:37:08,042 - INFO - Found percent change: 0.4% in '139.00 (0.40%)'
2025-04-29 06:37:08,043 - INFO - Added sector: Energy, Change: 0.4%
2025-04-29 06:37:08,097 - INFO - Found percent change: -0.12% in '-31.30 (-0.12%)'
2025-04-29 06:37:08,097 - INFO - Added sector: Financial Services, Change: -0.12%
2025-04-29 06:37:08,144 - INFO - Found percent change: -0.58% in '-326.60 (-0.58%)'
2025-04-29 06:37:08,144 - INFO - Added sector: FMCG, Change: -0.58%
2025-04-29 06:37:08,192 - INFO - Found percent change: 0.16% in '56.80 (0.16%)'
2025-04-29 06:37:08,192 - INFO - Added sector: IT, Change: 0.16%
2025-04-29 06:37:08,241 - INFO - Found percent change: 0.13% in '1.95 (0.13%)'
2025-04-29 06:37:08,241 - INFO - Added sector: Media, Change: 0.13%
2025-04-29 06:37:08,294 - INFO - Found percent change: 0.03% in '2.50 (0.03%)'
2025-04-29 06:37:08,294 - INFO - Added sector: Metal, Change: 0.03%
2025-04-29 06:37:08,355 - INFO - Found percent change: -1.38% in '-303.20 (-1.38%)'
2025-04-29 06:37:08,356 - INFO - Added sector: Pharma, Change: -1.38%
2025-04-29 06:37:08,400 - INFO - Found percent change: 0.8% in '53.75 (0.80%)'
2025-04-29 06:37:08,400 - INFO - Added sector: PSU Bank, Change: 0.8%
2025-04-29 06:37:08,455 - INFO - Found percent change: 0.54% in '4.70 (0.54%)'
2025-04-29 06:37:08,455 - INFO - Added sector: Realty, Change: 0.54%
2025-04-29 06:37:11,227 - INFO - Saved sector data to sector.csv
2025-04-29 06:38:11,890 - INFO - Running Nuvama sector data scraper job at 2025-04-29 06:38:11
2025-04-29 06:38:11,890 - INFO - Setting up Chrome driver...
2025-04-29 06:38:11,891 - INFO - ====== WebDriver manager ======
2025-04-29 06:38:13,143 - INFO - Get LATEST chromedriver version for google-chrome
2025-04-29 06:38:13,195 - INFO - Get LATEST chromedriver version for google-chrome
2025-04-29 06:38:13,235 - INFO - Driver [C:\Users\Rajee\.wdm\drivers\chromedriver\win64\135.0.7049.114\chromedriver-win32/chromedriver.exe] found in cache
2025-04-29 06:38:14,621 - INFO - Navigating to https://www.nuvamawealth.com/market/stock-market-index/#key-indices
2025-04-29 06:38:18,162 - INFO - Waiting for page to load...
2025-04-29 06:38:35,596 - INFO - Refreshed page to get latest data
2025-04-29 06:38:45,668 - WARNING - Could not click on SECTOR INDICES tab: Message: no such element: Unable to locate element: {"method":"xpath","selector":"//a[text()='SECTOR INDICES']"}
  (Session info: chrome=135.0.7049.115); For documentation on this error, please visit: https://www.selenium.dev/documentation/webdriver/troubleshooting/errors#no-such-element-exception
Stacktrace:
	GetHandleVerifier [0x00CFD363+60275]
	GetHandleVerifier [0x00CFD3A4+60340]
	(No symbol) [0x00B306F3]
	(No symbol) [0x00B78690]
	(No symbol) [0x00B78A2B]
	(No symbol) [0x00BC0EE2]
	(No symbol) [0x00B9D0D4]
	(No symbol) [0x00BBE6EB]
	(No symbol) [0x00B9CE86]
	(No symbol) [0x00B6C623]
	(No symbol) [0x00B6D474]
	GetHandleVerifier [0x00F48FE3+2467827]
	GetHandleVerifier [0x00F445E6+2448886]
	GetHandleVerifier [0x00F5F80C+2560028]
	GetHandleVerifier [0x00D13DF5+153093]
	GetHandleVerifier [0x00D1A3BD+179149]
	GetHandleVerifier [0x00D04BB8+91080]
	GetHandleVerifier [0x00D04D60+91504]
	GetHandleVerifier [0x00CEFA10+4640]
	BaseThreadInitThunk [0x75C9FCC9+25]
	RtlGetAppContainerNamedObjectPath [0x777082AE+286]
	RtlGetAppContainerNamedObjectPath [0x7770827E+238]

2025-04-29 06:38:45,691 - WARNING - Could not click on second tab: Message: no such element: Unable to locate element: {"method":"css selector","selector":".tab-links li:nth-child(2) a"}
  (Session info: chrome=135.0.7049.115); For documentation on this error, please visit: https://www.selenium.dev/documentation/webdriver/troubleshooting/errors#no-such-element-exception
Stacktrace:
	GetHandleVerifier [0x00CFD363+60275]
	GetHandleVerifier [0x00CFD3A4+60340]
	(No symbol) [0x00B306F3]
	(No symbol) [0x00B78690]
	(No symbol) [0x00B78A2B]
	(No symbol) [0x00BC0EE2]
	(No symbol) [0x00B9D0D4]
	(No symbol) [0x00BBE6EB]
	(No symbol) [0x00B9CE86]
	(No symbol) [0x00B6C623]
	(No symbol) [0x00B6D474]
	GetHandleVerifier [0x00F48FE3+2467827]
	GetHandleVerifier [0x00F445E6+2448886]
	GetHandleVerifier [0x00F5F80C+2560028]
	GetHandleVerifier [0x00D13DF5+153093]
	GetHandleVerifier [0x00D1A3BD+179149]
	GetHandleVerifier [0x00D04BB8+91080]
	GetHandleVerifier [0x00D04D60+91504]
	GetHandleVerifier [0x00CEFA10+4640]
	BaseThreadInitThunk [0x75C9FCC9+25]
	RtlGetAppContainerNamedObjectPath [0x777082AE+286]
	RtlGetAppContainerNamedObjectPath [0x7770827E+238]

2025-04-29 06:38:45,847 - INFO - Saved screenshot of sector tab
2025-04-29 06:38:45,864 - INFO - Found 6 tables on page
2025-04-29 06:38:45,866 - INFO - Checking table 1
2025-04-29 06:38:45,876 - INFO - Checking table 2
2025-04-29 06:38:45,894 - INFO - Found likely sector table (table #2)
2025-04-29 06:38:45,961 - WARNING - Could not find percent change for 
2025-04-29 06:38:46,008 - INFO - Found percent change: 0.31% in '68.40 (0.31%)'
2025-04-29 06:38:46,008 - INFO - Added sector: Auto, Change: 0.31%
2025-04-29 06:38:46,055 - INFO - Found percent change: 0.4% in '139.00 (0.40%)'
2025-04-29 06:38:46,056 - INFO - Added sector: Energy, Change: 0.4%
2025-04-29 06:38:46,110 - INFO - Found percent change: -0.12% in '-31.30 (-0.12%)'
2025-04-29 06:38:46,112 - INFO - Added sector: Financial Services, Change: -0.12%
2025-04-29 06:38:46,165 - INFO - Found percent change: -0.58% in '-326.60 (-0.58%)'
2025-04-29 06:38:46,165 - INFO - Added sector: FMCG, Change: -0.58%
2025-04-29 06:38:46,212 - INFO - Found percent change: 0.16% in '56.80 (0.16%)'
2025-04-29 06:38:46,212 - INFO - Added sector: IT, Change: 0.16%
2025-04-29 06:38:46,260 - INFO - Found percent change: 0.13% in '1.95 (0.13%)'
2025-04-29 06:38:46,261 - INFO - Added sector: Media, Change: 0.13%
2025-04-29 06:38:46,311 - INFO - Found percent change: 0.03% in '2.50 (0.03%)'
2025-04-29 06:38:46,311 - INFO - Added sector: Metal, Change: 0.03%
2025-04-29 06:38:46,370 - INFO - Found percent change: -1.38% in '-303.20 (-1.38%)'
2025-04-29 06:38:46,370 - INFO - Added sector: Pharma, Change: -1.38%
2025-04-29 06:38:46,419 - INFO - Found percent change: 0.8% in '53.75 (0.80%)'
2025-04-29 06:38:46,420 - INFO - Added sector: PSU Bank, Change: 0.8%
2025-04-29 06:38:46,466 - INFO - Found percent change: 0.54% in '4.70 (0.54%)'
2025-04-29 06:38:46,466 - INFO - Added sector: Realty, Change: 0.54%
2025-04-29 06:38:49,217 - INFO - Saved sector data to sector.csv
2025-04-29 06:39:49,823 - INFO - Running Nuvama sector data scraper job at 2025-04-29 06:39:49
2025-04-29 06:39:49,823 - INFO - Setting up Chrome driver...
2025-04-29 06:39:49,824 - INFO - ====== WebDriver manager ======
2025-04-29 06:39:51,099 - INFO - Get LATEST chromedriver version for google-chrome
2025-04-29 06:39:51,138 - INFO - Get LATEST chromedriver version for google-chrome
2025-04-29 06:39:51,181 - INFO - Driver [C:\Users\Rajee\.wdm\drivers\chromedriver\win64\135.0.7049.114\chromedriver-win32/chromedriver.exe] found in cache
2025-04-29 06:39:52,539 - INFO - Navigating to https://www.nuvamawealth.com/market/stock-market-index/#key-indices
2025-04-29 06:39:55,813 - INFO - Waiting for page to load...
2025-04-29 06:40:13,070 - INFO - Refreshed page to get latest data
2025-04-29 06:40:23,090 - WARNING - Could not click on SECTOR INDICES tab: Message: no such element: Unable to locate element: {"method":"xpath","selector":"//a[text()='SECTOR INDICES']"}
  (Session info: chrome=135.0.7049.115); For documentation on this error, please visit: https://www.selenium.dev/documentation/webdriver/troubleshooting/errors#no-such-element-exception
Stacktrace:
	GetHandleVerifier [0x00CFD363+60275]
	GetHandleVerifier [0x00CFD3A4+60340]
	(No symbol) [0x00B306F3]
	(No symbol) [0x00B78690]
	(No symbol) [0x00B78A2B]
	(No symbol) [0x00BC0EE2]
	(No symbol) [0x00B9D0D4]
	(No symbol) [0x00BBE6EB]
	(No symbol) [0x00B9CE86]
	(No symbol) [0x00B6C623]
	(No symbol) [0x00B6D474]
	GetHandleVerifier [0x00F48FE3+2467827]
	GetHandleVerifier [0x00F445E6+2448886]
	GetHandleVerifier [0x00F5F80C+2560028]
	GetHandleVerifier [0x00D13DF5+153093]
	GetHandleVerifier [0x00D1A3BD+179149]
	GetHandleVerifier [0x00D04BB8+91080]
	GetHandleVerifier [0x00D04D60+91504]
	GetHandleVerifier [0x00CEFA10+4640]
	BaseThreadInitThunk [0x75C9FCC9+25]
	RtlGetAppContainerNamedObjectPath [0x777082AE+286]
	RtlGetAppContainerNamedObjectPath [0x7770827E+238]

2025-04-29 06:40:23,105 - WARNING - Could not click on second tab: Message: no such element: Unable to locate element: {"method":"css selector","selector":".tab-links li:nth-child(2) a"}
  (Session info: chrome=135.0.7049.115); For documentation on this error, please visit: https://www.selenium.dev/documentation/webdriver/troubleshooting/errors#no-such-element-exception
Stacktrace:
	GetHandleVerifier [0x00CFD363+60275]
	GetHandleVerifier [0x00CFD3A4+60340]
	(No symbol) [0x00B306F3]
	(No symbol) [0x00B78690]
	(No symbol) [0x00B78A2B]
	(No symbol) [0x00BC0EE2]
	(No symbol) [0x00B9D0D4]
	(No symbol) [0x00BBE6EB]
	(No symbol) [0x00B9CE86]
	(No symbol) [0x00B6C623]
	(No symbol) [0x00B6D474]
	GetHandleVerifier [0x00F48FE3+2467827]
	GetHandleVerifier [0x00F445E6+2448886]
	GetHandleVerifier [0x00F5F80C+2560028]
	GetHandleVerifier [0x00D13DF5+153093]
	GetHandleVerifier [0x00D1A3BD+179149]
	GetHandleVerifier [0x00D04BB8+91080]
	GetHandleVerifier [0x00D04D60+91504]
	GetHandleVerifier [0x00CEFA10+4640]
	BaseThreadInitThunk [0x75C9FCC9+25]
	RtlGetAppContainerNamedObjectPath [0x777082AE+286]
	RtlGetAppContainerNamedObjectPath [0x7770827E+238]

2025-04-29 06:40:23,268 - INFO - Saved screenshot of sector tab
2025-04-29 06:40:23,284 - INFO - Found 6 tables on page
2025-04-29 06:40:23,285 - INFO - Checking table 1
2025-04-29 06:40:23,296 - INFO - Checking table 2
2025-04-29 06:40:23,306 - INFO - Found likely sector table (table #2)
2025-04-29 06:40:23,381 - WARNING - Could not find percent change for 
2025-04-29 06:40:23,429 - INFO - Found percent change: 0.31% in '68.40 (0.31%)'
2025-04-29 06:40:23,429 - INFO - Added sector: Auto, Change: 0.31%
2025-04-29 06:40:23,482 - INFO - Found percent change: 0.4% in '139.00 (0.40%)'
2025-04-29 06:40:23,482 - INFO - Added sector: Energy, Change: 0.4%
2025-04-29 06:40:23,567 - INFO - Found percent change: -0.12% in '-31.30 (-0.12%)'
2025-04-29 06:40:23,567 - INFO - Added sector: Financial Services, Change: -0.12%
2025-04-29 06:40:23,618 - INFO - Found percent change: -0.58% in '-326.60 (-0.58%)'
2025-04-29 06:40:23,618 - INFO - Added sector: FMCG, Change: -0.58%
2025-04-29 06:40:23,667 - INFO - Found percent change: 0.16% in '56.80 (0.16%)'
2025-04-29 06:40:23,667 - INFO - Added sector: IT, Change: 0.16%
2025-04-29 06:40:23,714 - INFO - Found percent change: 0.13% in '1.95 (0.13%)'
2025-04-29 06:40:23,714 - INFO - Added sector: Media, Change: 0.13%
2025-04-29 06:40:23,769 - INFO - Found percent change: 0.03% in '2.50 (0.03%)'
2025-04-29 06:40:23,769 - INFO - Added sector: Metal, Change: 0.03%
2025-04-29 06:40:23,827 - INFO - Found percent change: -1.38% in '-303.20 (-1.38%)'
2025-04-29 06:40:23,827 - INFO - Added sector: Pharma, Change: -1.38%
2025-04-29 06:40:23,877 - INFO - Found percent change: 0.8% in '53.75 (0.80%)'
2025-04-29 06:40:23,877 - INFO - Added sector: PSU Bank, Change: 0.8%
2025-04-29 06:40:23,932 - INFO - Found percent change: 0.54% in '4.70 (0.54%)'
2025-04-29 06:40:23,933 - INFO - Added sector: Realty, Change: 0.54%
2025-04-29 06:40:26,711 - INFO - Saved sector data to sector.csv
2025-04-29 06:41:27,378 - INFO - Running Nuvama sector data scraper job at 2025-04-29 06:41:27
2025-04-29 06:41:27,379 - INFO - Setting up Chrome driver...
2025-04-29 06:41:27,380 - INFO - ====== WebDriver manager ======
2025-04-29 06:41:28,634 - INFO - Get LATEST chromedriver version for google-chrome
2025-04-29 06:41:28,675 - INFO - Get LATEST chromedriver version for google-chrome
2025-04-29 06:41:28,718 - INFO - Driver [C:\Users\Rajee\.wdm\drivers\chromedriver\win64\135.0.7049.114\chromedriver-win32/chromedriver.exe] found in cache
2025-04-29 06:41:30,038 - INFO - Navigating to https://www.nuvamawealth.com/market/stock-market-index/#key-indices
2025-04-29 06:41:33,641 - INFO - Waiting for page to load...
2025-04-29 06:41:50,809 - INFO - Refreshed page to get latest data
2025-04-29 06:42:00,845 - WARNING - Could not click on SECTOR INDICES tab: Message: no such element: Unable to locate element: {"method":"xpath","selector":"//a[text()='SECTOR INDICES']"}
  (Session info: chrome=135.0.7049.115); For documentation on this error, please visit: https://www.selenium.dev/documentation/webdriver/troubleshooting/errors#no-such-element-exception
Stacktrace:
	GetHandleVerifier [0x00CFD363+60275]
	GetHandleVerifier [0x00CFD3A4+60340]
	(No symbol) [0x00B306F3]
	(No symbol) [0x00B78690]
	(No symbol) [0x00B78A2B]
	(No symbol) [0x00BC0EE2]
	(No symbol) [0x00B9D0D4]
	(No symbol) [0x00BBE6EB]
	(No symbol) [0x00B9CE86]
	(No symbol) [0x00B6C623]
	(No symbol) [0x00B6D474]
	GetHandleVerifier [0x00F48FE3+2467827]
	GetHandleVerifier [0x00F445E6+2448886]
	GetHandleVerifier [0x00F5F80C+2560028]
	GetHandleVerifier [0x00D13DF5+153093]
	GetHandleVerifier [0x00D1A3BD+179149]
	GetHandleVerifier [0x00D04BB8+91080]
	GetHandleVerifier [0x00D04D60+91504]
	GetHandleVerifier [0x00CEFA10+4640]
	BaseThreadInitThunk [0x75C9FCC9+25]
	RtlGetAppContainerNamedObjectPath [0x777082AE+286]
	RtlGetAppContainerNamedObjectPath [0x7770827E+238]

2025-04-29 06:42:00,869 - WARNING - Could not click on second tab: Message: no such element: Unable to locate element: {"method":"css selector","selector":".tab-links li:nth-child(2) a"}
  (Session info: chrome=135.0.7049.115); For documentation on this error, please visit: https://www.selenium.dev/documentation/webdriver/troubleshooting/errors#no-such-element-exception
Stacktrace:
	GetHandleVerifier [0x00CFD363+60275]
	GetHandleVerifier [0x00CFD3A4+60340]
	(No symbol) [0x00B306F3]
	(No symbol) [0x00B78690]
	(No symbol) [0x00B78A2B]
	(No symbol) [0x00BC0EE2]
	(No symbol) [0x00B9D0D4]
	(No symbol) [0x00BBE6EB]
	(No symbol) [0x00B9CE86]
	(No symbol) [0x00B6C623]
	(No symbol) [0x00B6D474]
	GetHandleVerifier [0x00F48FE3+2467827]
	GetHandleVerifier [0x00F445E6+2448886]
	GetHandleVerifier [0x00F5F80C+2560028]
	GetHandleVerifier [0x00D13DF5+153093]
	GetHandleVerifier [0x00D1A3BD+179149]
	GetHandleVerifier [0x00D04BB8+91080]
	GetHandleVerifier [0x00D04D60+91504]
	GetHandleVerifier [0x00CEFA10+4640]
	BaseThreadInitThunk [0x75C9FCC9+25]
	RtlGetAppContainerNamedObjectPath [0x777082AE+286]
	RtlGetAppContainerNamedObjectPath [0x7770827E+238]

2025-04-29 06:42:01,011 - INFO - Saved screenshot of sector tab
2025-04-29 06:42:01,023 - INFO - Found 6 tables on page
2025-04-29 06:42:01,023 - INFO - Checking table 1
2025-04-29 06:42:01,035 - INFO - Checking table 2
2025-04-29 06:42:01,048 - INFO - Found likely sector table (table #2)
2025-04-29 06:42:01,134 - WARNING - Could not find percent change for 
2025-04-29 06:42:01,184 - INFO - Found percent change: 0.31% in '68.40 (0.31%)'
2025-04-29 06:42:01,184 - INFO - Added sector: Auto, Change: 0.31%
2025-04-29 06:42:01,232 - INFO - Found percent change: 0.4% in '139.00 (0.40%)'
2025-04-29 06:42:01,232 - INFO - Added sector: Energy, Change: 0.4%
2025-04-29 06:42:01,335 - INFO - Found percent change: -0.12% in '-31.30 (-0.12%)'
2025-04-29 06:42:01,336 - INFO - Added sector: Financial Services, Change: -0.12%
2025-04-29 06:42:01,386 - INFO - Found percent change: -0.58% in '-326.60 (-0.58%)'
2025-04-29 06:42:01,386 - INFO - Added sector: FMCG, Change: -0.58%
2025-04-29 06:42:01,434 - INFO - Found percent change: 0.16% in '56.80 (0.16%)'
2025-04-29 06:42:01,434 - INFO - Added sector: IT, Change: 0.16%
2025-04-29 06:42:01,484 - INFO - Found percent change: 0.13% in '1.95 (0.13%)'
2025-04-29 06:42:01,484 - INFO - Added sector: Media, Change: 0.13%
2025-04-29 06:42:01,530 - INFO - Found percent change: 0.03% in '2.50 (0.03%)'
2025-04-29 06:42:01,530 - INFO - Added sector: Metal, Change: 0.03%
2025-04-29 06:42:01,587 - INFO - Found percent change: -1.38% in '-303.20 (-1.38%)'
2025-04-29 06:42:01,587 - INFO - Added sector: Pharma, Change: -1.38%
2025-04-29 06:42:01,629 - INFO - Found percent change: 0.8% in '53.75 (0.80%)'
2025-04-29 06:42:01,630 - INFO - Added sector: PSU Bank, Change: 0.8%
2025-04-29 06:42:01,679 - INFO - Found percent change: 0.54% in '4.70 (0.54%)'
2025-04-29 06:42:01,679 - INFO - Added sector: Realty, Change: 0.54%
2025-04-29 06:42:04,488 - INFO - Saved sector data to sector.csv
2025-04-29 06:43:05,165 - INFO - Running Nuvama sector data scraper job at 2025-04-29 06:43:05
2025-04-29 06:43:05,166 - INFO - Setting up Chrome driver...
2025-04-29 06:43:05,167 - INFO - ====== WebDriver manager ======
2025-04-29 06:43:06,508 - INFO - Get LATEST chromedriver version for google-chrome
2025-04-29 06:43:06,549 - INFO - Get LATEST chromedriver version for google-chrome
2025-04-29 06:43:06,590 - INFO - Driver [C:\Users\Rajee\.wdm\drivers\chromedriver\win64\135.0.7049.114\chromedriver-win32/chromedriver.exe] found in cache
2025-04-29 06:43:07,934 - INFO - Navigating to https://www.nuvamawealth.com/market/stock-market-index/#key-indices
2025-04-29 06:43:11,474 - INFO - Waiting for page to load...
2025-04-29 06:43:28,635 - INFO - Refreshed page to get latest data
2025-04-29 06:43:38,656 - WARNING - Could not click on SECTOR INDICES tab: Message: no such element: Unable to locate element: {"method":"xpath","selector":"//a[text()='SECTOR INDICES']"}
  (Session info: chrome=135.0.7049.115); For documentation on this error, please visit: https://www.selenium.dev/documentation/webdriver/troubleshooting/errors#no-such-element-exception
Stacktrace:
	GetHandleVerifier [0x00CFD363+60275]
	GetHandleVerifier [0x00CFD3A4+60340]
	(No symbol) [0x00B306F3]
	(No symbol) [0x00B78690]
	(No symbol) [0x00B78A2B]
	(No symbol) [0x00BC0EE2]
	(No symbol) [0x00B9D0D4]
	(No symbol) [0x00BBE6EB]
	(No symbol) [0x00B9CE86]
	(No symbol) [0x00B6C623]
	(No symbol) [0x00B6D474]
	GetHandleVerifier [0x00F48FE3+2467827]
	GetHandleVerifier [0x00F445E6+2448886]
	GetHandleVerifier [0x00F5F80C+2560028]
	GetHandleVerifier [0x00D13DF5+153093]
	GetHandleVerifier [0x00D1A3BD+179149]
	GetHandleVerifier [0x00D04BB8+91080]
	GetHandleVerifier [0x00D04D60+91504]
	GetHandleVerifier [0x00CEFA10+4640]
	BaseThreadInitThunk [0x75C9FCC9+25]
	RtlGetAppContainerNamedObjectPath [0x777082AE+286]
	RtlGetAppContainerNamedObjectPath [0x7770827E+238]

2025-04-29 06:43:38,675 - WARNING - Could not click on second tab: Message: no such element: Unable to locate element: {"method":"css selector","selector":".tab-links li:nth-child(2) a"}
  (Session info: chrome=135.0.7049.115); For documentation on this error, please visit: https://www.selenium.dev/documentation/webdriver/troubleshooting/errors#no-such-element-exception
Stacktrace:
	GetHandleVerifier [0x00CFD363+60275]
	GetHandleVerifier [0x00CFD3A4+60340]
	(No symbol) [0x00B306F3]
	(No symbol) [0x00B78690]
	(No symbol) [0x00B78A2B]
	(No symbol) [0x00BC0EE2]
	(No symbol) [0x00B9D0D4]
	(No symbol) [0x00BBE6EB]
	(No symbol) [0x00B9CE86]
	(No symbol) [0x00B6C623]
	(No symbol) [0x00B6D474]
	GetHandleVerifier [0x00F48FE3+2467827]
	GetHandleVerifier [0x00F445E6+2448886]
	GetHandleVerifier [0x00F5F80C+2560028]
	GetHandleVerifier [0x00D13DF5+153093]
	GetHandleVerifier [0x00D1A3BD+179149]
	GetHandleVerifier [0x00D04BB8+91080]
	GetHandleVerifier [0x00D04D60+91504]
	GetHandleVerifier [0x00CEFA10+4640]
	BaseThreadInitThunk [0x75C9FCC9+25]
	RtlGetAppContainerNamedObjectPath [0x777082AE+286]
	RtlGetAppContainerNamedObjectPath [0x7770827E+238]

2025-04-29 06:43:38,832 - INFO - Saved screenshot of sector tab
2025-04-29 06:43:38,844 - INFO - Found 6 tables on page
2025-04-29 06:43:38,845 - INFO - Checking table 1
2025-04-29 06:43:38,858 - INFO - Checking table 2
2025-04-29 06:43:38,868 - INFO - Found likely sector table (table #2)
2025-04-29 06:43:38,938 - WARNING - Could not find percent change for 
2025-04-29 06:43:38,991 - INFO - Found percent change: 0.31% in '68.40 (0.31%)'
2025-04-29 06:43:38,991 - INFO - Added sector: Auto, Change: 0.31%
2025-04-29 06:43:39,041 - INFO - Found percent change: 0.4% in '139.00 (0.40%)'
2025-04-29 06:43:39,041 - INFO - Added sector: Energy, Change: 0.4%
2025-04-29 06:43:39,096 - INFO - Found percent change: -0.12% in '-31.30 (-0.12%)'
2025-04-29 06:43:39,096 - INFO - Added sector: Financial Services, Change: -0.12%
2025-04-29 06:43:39,174 - INFO - Found percent change: -0.58% in '-326.60 (-0.58%)'
2025-04-29 06:43:39,174 - INFO - Added sector: FMCG, Change: -0.58%
2025-04-29 06:43:39,220 - INFO - Found percent change: 0.16% in '56.80 (0.16%)'
2025-04-29 06:43:39,220 - INFO - Added sector: IT, Change: 0.16%
2025-04-29 06:43:39,264 - INFO - Found percent change: 0.13% in '1.95 (0.13%)'
2025-04-29 06:43:39,265 - INFO - Added sector: Media, Change: 0.13%
2025-04-29 06:43:39,314 - INFO - Found percent change: 0.03% in '2.50 (0.03%)'
2025-04-29 06:43:39,315 - INFO - Added sector: Metal, Change: 0.03%
2025-04-29 06:43:39,361 - INFO - Found percent change: -1.38% in '-303.20 (-1.38%)'
2025-04-29 06:43:39,361 - INFO - Added sector: Pharma, Change: -1.38%
2025-04-29 06:43:39,408 - INFO - Found percent change: 0.8% in '53.75 (0.80%)'
2025-04-29 06:43:39,408 - INFO - Added sector: PSU Bank, Change: 0.8%
2025-04-29 06:43:39,463 - INFO - Found percent change: 0.54% in '4.70 (0.54%)'
2025-04-29 06:43:39,463 - INFO - Added sector: Realty, Change: 0.54%
2025-04-29 06:43:42,459 - INFO - Saved sector data to sector.csv
2025-04-29 06:44:43,174 - INFO - Running Nuvama sector data scraper job at 2025-04-29 06:44:43
2025-04-29 06:44:43,175 - INFO - Setting up Chrome driver...
2025-04-29 06:44:43,176 - INFO - ====== WebDriver manager ======
2025-04-29 06:44:44,398 - INFO - Get LATEST chromedriver version for google-chrome
2025-04-29 06:44:44,454 - INFO - Get LATEST chromedriver version for google-chrome
2025-04-29 06:44:44,498 - INFO - Driver [C:\Users\Rajee\.wdm\drivers\chromedriver\win64\135.0.7049.114\chromedriver-win32/chromedriver.exe] found in cache
2025-04-29 06:44:46,038 - INFO - Navigating to https://www.nuvamawealth.com/market/stock-market-index/#key-indices
2025-04-29 06:44:50,938 - INFO - Waiting for page to load...
2025-04-29 06:45:08,061 - INFO - Refreshed page to get latest data
2025-04-29 06:45:18,086 - WARNING - Could not click on SECTOR INDICES tab: Message: no such element: Unable to locate element: {"method":"xpath","selector":"//a[text()='SECTOR INDICES']"}
  (Session info: chrome=135.0.7049.115); For documentation on this error, please visit: https://www.selenium.dev/documentation/webdriver/troubleshooting/errors#no-such-element-exception
Stacktrace:
	GetHandleVerifier [0x00CFD363+60275]
	GetHandleVerifier [0x00CFD3A4+60340]
	(No symbol) [0x00B306F3]
	(No symbol) [0x00B78690]
	(No symbol) [0x00B78A2B]
	(No symbol) [0x00BC0EE2]
	(No symbol) [0x00B9D0D4]
	(No symbol) [0x00BBE6EB]
	(No symbol) [0x00B9CE86]
	(No symbol) [0x00B6C623]
	(No symbol) [0x00B6D474]
	GetHandleVerifier [0x00F48FE3+2467827]
	GetHandleVerifier [0x00F445E6+2448886]
	GetHandleVerifier [0x00F5F80C+2560028]
	GetHandleVerifier [0x00D13DF5+153093]
	GetHandleVerifier [0x00D1A3BD+179149]
	GetHandleVerifier [0x00D04BB8+91080]
	GetHandleVerifier [0x00D04D60+91504]
	GetHandleVerifier [0x00CEFA10+4640]
	BaseThreadInitThunk [0x75C9FCC9+25]
	RtlGetAppContainerNamedObjectPath [0x777082AE+286]
	RtlGetAppContainerNamedObjectPath [0x7770827E+238]

2025-04-29 06:45:18,103 - WARNING - Could not click on second tab: Message: no such element: Unable to locate element: {"method":"css selector","selector":".tab-links li:nth-child(2) a"}
  (Session info: chrome=135.0.7049.115); For documentation on this error, please visit: https://www.selenium.dev/documentation/webdriver/troubleshooting/errors#no-such-element-exception
Stacktrace:
	GetHandleVerifier [0x00CFD363+60275]
	GetHandleVerifier [0x00CFD3A4+60340]
	(No symbol) [0x00B306F3]
	(No symbol) [0x00B78690]
	(No symbol) [0x00B78A2B]
	(No symbol) [0x00BC0EE2]
	(No symbol) [0x00B9D0D4]
	(No symbol) [0x00BBE6EB]
	(No symbol) [0x00B9CE86]
	(No symbol) [0x00B6C623]
	(No symbol) [0x00B6D474]
	GetHandleVerifier [0x00F48FE3+2467827]
	GetHandleVerifier [0x00F445E6+2448886]
	GetHandleVerifier [0x00F5F80C+2560028]
	GetHandleVerifier [0x00D13DF5+153093]
	GetHandleVerifier [0x00D1A3BD+179149]
	GetHandleVerifier [0x00D04BB8+91080]
	GetHandleVerifier [0x00D04D60+91504]
	GetHandleVerifier [0x00CEFA10+4640]
	BaseThreadInitThunk [0x75C9FCC9+25]
	RtlGetAppContainerNamedObjectPath [0x777082AE+286]
	RtlGetAppContainerNamedObjectPath [0x7770827E+238]

2025-04-29 06:45:18,607 - INFO - Saved screenshot of sector tab
2025-04-29 06:45:18,623 - INFO - Found 6 tables on page
2025-04-29 06:45:18,625 - INFO - Checking table 1
2025-04-29 06:45:18,636 - INFO - Checking table 2
2025-04-29 06:45:18,654 - INFO - Found likely sector table (table #2)
2025-04-29 06:45:18,730 - WARNING - Could not find percent change for 
2025-04-29 06:45:18,787 - INFO - Found percent change: 0.31% in '68.40 (0.31%)'
2025-04-29 06:45:18,788 - INFO - Added sector: Auto, Change: 0.31%
2025-04-29 06:45:18,832 - INFO - Found percent change: 0.4% in '139.00 (0.40%)'
2025-04-29 06:45:18,833 - INFO - Added sector: Energy, Change: 0.4%
2025-04-29 06:45:18,881 - INFO - Found percent change: -0.12% in '-31.30 (-0.12%)'
2025-04-29 06:45:18,881 - INFO - Added sector: Financial Services, Change: -0.12%
2025-04-29 06:45:18,933 - INFO - Found percent change: -0.58% in '-326.60 (-0.58%)'
2025-04-29 06:45:18,933 - INFO - Added sector: FMCG, Change: -0.58%
2025-04-29 06:45:18,983 - INFO - Found percent change: 0.16% in '56.80 (0.16%)'
2025-04-29 06:45:18,984 - INFO - Added sector: IT, Change: 0.16%
2025-04-29 06:45:19,026 - INFO - Found percent change: 0.13% in '1.95 (0.13%)'
2025-04-29 06:45:19,026 - INFO - Added sector: Media, Change: 0.13%
2025-04-29 06:45:19,082 - INFO - Found percent change: 0.03% in '2.50 (0.03%)'
2025-04-29 06:45:19,082 - INFO - Added sector: Metal, Change: 0.03%
2025-04-29 06:45:19,148 - INFO - Found percent change: -1.38% in '-303.20 (-1.38%)'
2025-04-29 06:45:19,148 - INFO - Added sector: Pharma, Change: -1.38%
2025-04-29 06:45:19,194 - INFO - Found percent change: 0.8% in '53.75 (0.80%)'
2025-04-29 06:45:19,194 - INFO - Added sector: PSU Bank, Change: 0.8%
2025-04-29 06:45:19,243 - INFO - Found percent change: 0.54% in '4.70 (0.54%)'
2025-04-29 06:45:19,243 - INFO - Added sector: Realty, Change: 0.54%
2025-04-29 06:45:23,263 - INFO - Saved sector data to sector.csv
2025-04-29 06:46:23,947 - INFO - Running Nuvama sector data scraper job at 2025-04-29 06:46:23
2025-04-29 06:46:23,947 - INFO - Setting up Chrome driver...
2025-04-29 06:46:23,948 - INFO - ====== WebDriver manager ======
2025-04-29 06:46:25,804 - INFO - Get LATEST chromedriver version for google-chrome
2025-04-29 06:46:25,850 - INFO - Get LATEST chromedriver version for google-chrome
2025-04-29 06:46:25,891 - INFO - Driver [C:\Users\Rajee\.wdm\drivers\chromedriver\win64\135.0.7049.114\chromedriver-win32/chromedriver.exe] found in cache
2025-04-29 06:46:27,556 - INFO - Navigating to https://www.nuvamawealth.com/market/stock-market-index/#key-indices
2025-04-29 06:46:31,814 - INFO - Waiting for page to load...
2025-04-29 06:46:49,888 - INFO - Refreshed page to get latest data
2025-04-29 06:46:59,921 - WARNING - Could not click on SECTOR INDICES tab: Message: no such element: Unable to locate element: {"method":"xpath","selector":"//a[text()='SECTOR INDICES']"}
  (Session info: chrome=135.0.7049.115); For documentation on this error, please visit: https://www.selenium.dev/documentation/webdriver/troubleshooting/errors#no-such-element-exception
Stacktrace:
	GetHandleVerifier [0x00CFD363+60275]
	GetHandleVerifier [0x00CFD3A4+60340]
	(No symbol) [0x00B306F3]
	(No symbol) [0x00B78690]
	(No symbol) [0x00B78A2B]
	(No symbol) [0x00BC0EE2]
	(No symbol) [0x00B9D0D4]
	(No symbol) [0x00BBE6EB]
	(No symbol) [0x00B9CE86]
	(No symbol) [0x00B6C623]
	(No symbol) [0x00B6D474]
	GetHandleVerifier [0x00F48FE3+2467827]
	GetHandleVerifier [0x00F445E6+2448886]
	GetHandleVerifier [0x00F5F80C+2560028]
	GetHandleVerifier [0x00D13DF5+153093]
	GetHandleVerifier [0x00D1A3BD+179149]
	GetHandleVerifier [0x00D04BB8+91080]
	GetHandleVerifier [0x00D04D60+91504]
	GetHandleVerifier [0x00CEFA10+4640]
	BaseThreadInitThunk [0x75C9FCC9+25]
	RtlGetAppContainerNamedObjectPath [0x777082AE+286]
	RtlGetAppContainerNamedObjectPath [0x7770827E+238]

2025-04-29 06:46:59,961 - WARNING - Could not click on second tab: Message: no such element: Unable to locate element: {"method":"css selector","selector":".tab-links li:nth-child(2) a"}
  (Session info: chrome=135.0.7049.115); For documentation on this error, please visit: https://www.selenium.dev/documentation/webdriver/troubleshooting/errors#no-such-element-exception
Stacktrace:
	GetHandleVerifier [0x00CFD363+60275]
	GetHandleVerifier [0x00CFD3A4+60340]
	(No symbol) [0x00B306F3]
	(No symbol) [0x00B78690]
	(No symbol) [0x00B78A2B]
	(No symbol) [0x00BC0EE2]
	(No symbol) [0x00B9D0D4]
	(No symbol) [0x00BBE6EB]
	(No symbol) [0x00B9CE86]
	(No symbol) [0x00B6C623]
	(No symbol) [0x00B6D474]
	GetHandleVerifier [0x00F48FE3+2467827]
	GetHandleVerifier [0x00F445E6+2448886]
	GetHandleVerifier [0x00F5F80C+2560028]
	GetHandleVerifier [0x00D13DF5+153093]
	GetHandleVerifier [0x00D1A3BD+179149]
	GetHandleVerifier [0x00D04BB8+91080]
	GetHandleVerifier [0x00D04D60+91504]
	GetHandleVerifier [0x00CEFA10+4640]
	BaseThreadInitThunk [0x75C9FCC9+25]
	RtlGetAppContainerNamedObjectPath [0x777082AE+286]
	RtlGetAppContainerNamedObjectPath [0x7770827E+238]

2025-04-29 06:47:00,201 - INFO - Saved screenshot of sector tab
2025-04-29 06:47:00,231 - INFO - Found 6 tables on page
2025-04-29 06:47:00,232 - INFO - Checking table 1
2025-04-29 06:47:00,254 - INFO - Checking table 2
2025-04-29 06:47:00,295 - INFO - Found likely sector table (table #2)
2025-04-29 06:47:00,405 - WARNING - Could not find percent change for 
2025-04-29 06:47:00,515 - INFO - Found percent change: 0.31% in '68.40 (0.31%)'
2025-04-29 06:47:00,532 - INFO - Added sector: Auto, Change: 0.31%
2025-04-29 06:47:00,667 - INFO - Found percent change: 0.4% in '139.00 (0.40%)'
2025-04-29 06:47:00,667 - INFO - Added sector: Energy, Change: 0.4%
2025-04-29 06:47:00,738 - INFO - Found percent change: -0.12% in '-31.30 (-0.12%)'
2025-04-29 06:47:00,738 - INFO - Added sector: Financial Services, Change: -0.12%
2025-04-29 06:47:00,805 - INFO - Found percent change: -0.58% in '-326.60 (-0.58%)'
2025-04-29 06:47:00,805 - INFO - Added sector: FMCG, Change: -0.58%
2025-04-29 06:47:00,877 - INFO - Found percent change: 0.16% in '56.80 (0.16%)'
2025-04-29 06:47:00,877 - INFO - Added sector: IT, Change: 0.16%
2025-04-29 06:47:00,945 - INFO - Found percent change: 0.13% in '1.95 (0.13%)'
2025-04-29 06:47:00,946 - INFO - Added sector: Media, Change: 0.13%
2025-04-29 06:47:01,034 - INFO - Found percent change: 0.03% in '2.50 (0.03%)'
2025-04-29 06:47:01,034 - INFO - Added sector: Metal, Change: 0.03%
2025-04-29 06:47:01,102 - INFO - Found percent change: -1.38% in '-303.20 (-1.38%)'
2025-04-29 06:47:01,103 - INFO - Added sector: Pharma, Change: -1.38%
2025-04-29 06:47:01,170 - INFO - Found percent change: 0.8% in '53.75 (0.80%)'
2025-04-29 06:47:01,171 - INFO - Added sector: PSU Bank, Change: 0.8%
2025-04-29 06:47:01,245 - INFO - Found percent change: 0.54% in '4.70 (0.54%)'
2025-04-29 06:47:01,245 - INFO - Added sector: Realty, Change: 0.54%
2025-04-29 06:47:04,149 - INFO - Saved sector data to sector.csv
2025-04-29 06:48:05,059 - INFO - Running Nuvama sector data scraper job at 2025-04-29 06:48:05
2025-04-29 06:48:05,060 - INFO - Setting up Chrome driver...
2025-04-29 06:48:05,061 - INFO - ====== WebDriver manager ======
2025-04-29 06:48:09,221 - INFO - Get LATEST chromedriver version for google-chrome
2025-04-29 06:48:09,271 - INFO - Get LATEST chromedriver version for google-chrome
2025-04-29 06:48:09,316 - INFO - Driver [C:\Users\Rajee\.wdm\drivers\chromedriver\win64\135.0.7049.114\chromedriver-win32/chromedriver.exe] found in cache
2025-04-29 06:48:11,744 - INFO - Navigating to https://www.nuvamawealth.com/market/stock-market-index/#key-indices
2025-04-29 06:48:19,411 - INFO - Waiting for page to load...
2025-04-29 06:48:38,883 - INFO - Refreshed page to get latest data
2025-04-29 06:48:48,921 - WARNING - Could not click on SECTOR INDICES tab: Message: no such element: Unable to locate element: {"method":"xpath","selector":"//a[text()='SECTOR INDICES']"}
  (Session info: chrome=135.0.7049.115); For documentation on this error, please visit: https://www.selenium.dev/documentation/webdriver/troubleshooting/errors#no-such-element-exception
Stacktrace:
	GetHandleVerifier [0x00CFD363+60275]
	GetHandleVerifier [0x00CFD3A4+60340]
	(No symbol) [0x00B306F3]
	(No symbol) [0x00B78690]
	(No symbol) [0x00B78A2B]
	(No symbol) [0x00BC0EE2]
	(No symbol) [0x00B9D0D4]
	(No symbol) [0x00BBE6EB]
	(No symbol) [0x00B9CE86]
	(No symbol) [0x00B6C623]
	(No symbol) [0x00B6D474]
	GetHandleVerifier [0x00F48FE3+2467827]
	GetHandleVerifier [0x00F445E6+2448886]
	GetHandleVerifier [0x00F5F80C+2560028]
	GetHandleVerifier [0x00D13DF5+153093]
	GetHandleVerifier [0x00D1A3BD+179149]
	GetHandleVerifier [0x00D04BB8+91080]
	GetHandleVerifier [0x00D04D60+91504]
	GetHandleVerifier [0x00CEFA10+4640]
	BaseThreadInitThunk [0x75C9FCC9+25]
	RtlGetAppContainerNamedObjectPath [0x777082AE+286]
	RtlGetAppContainerNamedObjectPath [0x7770827E+238]

2025-04-29 06:48:48,940 - WARNING - Could not click on second tab: Message: no such element: Unable to locate element: {"method":"css selector","selector":".tab-links li:nth-child(2) a"}
  (Session info: chrome=135.0.7049.115); For documentation on this error, please visit: https://www.selenium.dev/documentation/webdriver/troubleshooting/errors#no-such-element-exception
Stacktrace:
	GetHandleVerifier [0x00CFD363+60275]
	GetHandleVerifier [0x00CFD3A4+60340]
	(No symbol) [0x00B306F3]
	(No symbol) [0x00B78690]
	(No symbol) [0x00B78A2B]
	(No symbol) [0x00BC0EE2]
	(No symbol) [0x00B9D0D4]
	(No symbol) [0x00BBE6EB]
	(No symbol) [0x00B9CE86]
	(No symbol) [0x00B6C623]
	(No symbol) [0x00B6D474]
	GetHandleVerifier [0x00F48FE3+2467827]
	GetHandleVerifier [0x00F445E6+2448886]
	GetHandleVerifier [0x00F5F80C+2560028]
	GetHandleVerifier [0x00D13DF5+153093]
	GetHandleVerifier [0x00D1A3BD+179149]
	GetHandleVerifier [0x00D04BB8+91080]
	GetHandleVerifier [0x00D04D60+91504]
	GetHandleVerifier [0x00CEFA10+4640]
	BaseThreadInitThunk [0x75C9FCC9+25]
	RtlGetAppContainerNamedObjectPath [0x777082AE+286]
	RtlGetAppContainerNamedObjectPath [0x7770827E+238]

2025-04-29 06:48:49,174 - INFO - Saved screenshot of sector tab
2025-04-29 06:48:49,227 - INFO - Found 6 tables on page
2025-04-29 06:48:49,228 - INFO - Checking table 1
2025-04-29 06:48:49,242 - INFO - Checking table 2
2025-04-29 06:48:49,255 - INFO - Found likely sector table (table #2)
2025-04-29 06:48:49,368 - WARNING - Could not find percent change for 
2025-04-29 06:48:49,439 - INFO - Found percent change: 0.31% in '68.40 (0.31%)'
2025-04-29 06:48:49,440 - INFO - Added sector: Auto, Change: 0.31%
2025-04-29 06:48:49,512 - INFO - Found percent change: 0.4% in '139.00 (0.40%)'
2025-04-29 06:48:49,512 - INFO - Added sector: Energy, Change: 0.4%
2025-04-29 06:48:49,579 - INFO - Found percent change: -0.12% in '-31.30 (-0.12%)'
2025-04-29 06:48:49,579 - INFO - Added sector: Financial Services, Change: -0.12%
2025-04-29 06:48:49,654 - INFO - Found percent change: -0.58% in '-326.60 (-0.58%)'
2025-04-29 06:48:49,654 - INFO - Added sector: FMCG, Change: -0.58%
2025-04-29 06:48:49,722 - INFO - Found percent change: 0.16% in '56.80 (0.16%)'
2025-04-29 06:48:49,722 - INFO - Added sector: IT, Change: 0.16%
2025-04-29 06:48:49,788 - INFO - Found percent change: 0.13% in '1.95 (0.13%)'
2025-04-29 06:48:49,789 - INFO - Added sector: Media, Change: 0.13%
2025-04-29 06:48:49,850 - INFO - Found percent change: 0.03% in '2.50 (0.03%)'
2025-04-29 06:48:49,851 - INFO - Added sector: Metal, Change: 0.03%
2025-04-29 06:48:49,917 - INFO - Found percent change: -1.38% in '-303.20 (-1.38%)'
2025-04-29 06:48:49,918 - INFO - Added sector: Pharma, Change: -1.38%
2025-04-29 06:48:49,992 - INFO - Found percent change: 0.8% in '53.75 (0.80%)'
2025-04-29 06:48:49,993 - INFO - Added sector: PSU Bank, Change: 0.8%
2025-04-29 06:48:50,080 - INFO - Found percent change: 0.54% in '4.70 (0.54%)'
2025-04-29 06:48:50,080 - INFO - Added sector: Realty, Change: 0.54%
2025-04-29 06:48:52,938 - INFO - Saved sector data to sector.csv
2025-04-29 06:49:53,617 - INFO - Running Nuvama sector data scraper job at 2025-04-29 06:49:53
2025-04-29 06:49:53,618 - INFO - Setting up Chrome driver...
2025-04-29 06:49:53,619 - INFO - ====== WebDriver manager ======
2025-04-29 06:49:55,722 - INFO - Get LATEST chromedriver version for google-chrome
2025-04-29 06:49:55,776 - INFO - Get LATEST chromedriver version for google-chrome
2025-04-29 06:49:55,851 - INFO - Driver [C:\Users\Rajee\.wdm\drivers\chromedriver\win64\135.0.7049.114\chromedriver-win32/chromedriver.exe] found in cache
2025-04-29 06:49:57,527 - INFO - Navigating to https://www.nuvamawealth.com/market/stock-market-index/#key-indices
2025-04-29 06:50:03,848 - INFO - Waiting for page to load...
2025-04-29 06:50:22,262 - INFO - Refreshed page to get latest data
2025-04-29 06:50:32,402 - WARNING - Could not click on SECTOR INDICES tab: Message: no such element: Unable to locate element: {"method":"xpath","selector":"//a[text()='SECTOR INDICES']"}
  (Session info: chrome=135.0.7049.115); For documentation on this error, please visit: https://www.selenium.dev/documentation/webdriver/troubleshooting/errors#no-such-element-exception
Stacktrace:
	GetHandleVerifier [0x00CFD363+60275]
	GetHandleVerifier [0x00CFD3A4+60340]
	(No symbol) [0x00B306F3]
	(No symbol) [0x00B78690]
	(No symbol) [0x00B78A2B]
	(No symbol) [0x00BC0EE2]
	(No symbol) [0x00B9D0D4]
	(No symbol) [0x00BBE6EB]
	(No symbol) [0x00B9CE86]
	(No symbol) [0x00B6C623]
	(No symbol) [0x00B6D474]
	GetHandleVerifier [0x00F48FE3+2467827]
	GetHandleVerifier [0x00F445E6+2448886]
	GetHandleVerifier [0x00F5F80C+2560028]
	GetHandleVerifier [0x00D13DF5+153093]
	GetHandleVerifier [0x00D1A3BD+179149]
	GetHandleVerifier [0x00D04BB8+91080]
	GetHandleVerifier [0x00D04D60+91504]
	GetHandleVerifier [0x00CEFA10+4640]
	BaseThreadInitThunk [0x75C9FCC9+25]
	RtlGetAppContainerNamedObjectPath [0x777082AE+286]
	RtlGetAppContainerNamedObjectPath [0x7770827E+238]

2025-04-29 06:50:32,467 - WARNING - Could not click on second tab: Message: no such element: Unable to locate element: {"method":"css selector","selector":".tab-links li:nth-child(2) a"}
  (Session info: chrome=135.0.7049.115); For documentation on this error, please visit: https://www.selenium.dev/documentation/webdriver/troubleshooting/errors#no-such-element-exception
Stacktrace:
	GetHandleVerifier [0x00CFD363+60275]
	GetHandleVerifier [0x00CFD3A4+60340]
	(No symbol) [0x00B306F3]
	(No symbol) [0x00B78690]
	(No symbol) [0x00B78A2B]
	(No symbol) [0x00BC0EE2]
	(No symbol) [0x00B9D0D4]
	(No symbol) [0x00BBE6EB]
	(No symbol) [0x00B9CE86]
	(No symbol) [0x00B6C623]
	(No symbol) [0x00B6D474]
	GetHandleVerifier [0x00F48FE3+2467827]
	GetHandleVerifier [0x00F445E6+2448886]
	GetHandleVerifier [0x00F5F80C+2560028]
	GetHandleVerifier [0x00D13DF5+153093]
	GetHandleVerifier [0x00D1A3BD+179149]
	GetHandleVerifier [0x00D04BB8+91080]
	GetHandleVerifier [0x00D04D60+91504]
	GetHandleVerifier [0x00CEFA10+4640]
	BaseThreadInitThunk [0x75C9FCC9+25]
	RtlGetAppContainerNamedObjectPath [0x777082AE+286]
	RtlGetAppContainerNamedObjectPath [0x7770827E+238]

2025-04-29 06:50:32,669 - INFO - Saved screenshot of sector tab
2025-04-29 06:50:32,688 - INFO - Found 6 tables on page
2025-04-29 06:50:32,690 - INFO - Checking table 1
2025-04-29 06:50:32,699 - INFO - Checking table 2
2025-04-29 06:50:32,717 - INFO - Found likely sector table (table #2)
2025-04-29 06:50:32,819 - WARNING - Could not find percent change for 
2025-04-29 06:50:32,879 - INFO - Found percent change: 0.31% in '68.40 (0.31%)'
2025-04-29 06:50:32,880 - INFO - Added sector: Auto, Change: 0.31%
2025-04-29 06:50:32,963 - INFO - Found percent change: 0.4% in '139.00 (0.40%)'
2025-04-29 06:50:32,963 - INFO - Added sector: Energy, Change: 0.4%
2025-04-29 06:50:33,036 - INFO - Found percent change: -0.12% in '-31.30 (-0.12%)'
2025-04-29 06:50:33,036 - INFO - Added sector: Financial Services, Change: -0.12%
2025-04-29 06:50:33,121 - INFO - Found percent change: -0.58% in '-326.60 (-0.58%)'
2025-04-29 06:50:33,122 - INFO - Added sector: FMCG, Change: -0.58%
2025-04-29 06:50:33,196 - INFO - Found percent change: 0.16% in '56.80 (0.16%)'
2025-04-29 06:50:33,197 - INFO - Added sector: IT, Change: 0.16%
2025-04-29 06:50:33,263 - INFO - Found percent change: 0.13% in '1.95 (0.13%)'
2025-04-29 06:50:33,264 - INFO - Added sector: Media, Change: 0.13%
2025-04-29 06:50:33,334 - INFO - Found percent change: 0.03% in '2.50 (0.03%)'
2025-04-29 06:50:33,334 - INFO - Added sector: Metal, Change: 0.03%
2025-04-29 06:50:33,414 - INFO - Found percent change: -1.38% in '-303.20 (-1.38%)'
2025-04-29 06:50:33,414 - INFO - Added sector: Pharma, Change: -1.38%
2025-04-29 06:50:33,480 - INFO - Found percent change: 0.8% in '53.75 (0.80%)'
2025-04-29 06:50:33,481 - INFO - Added sector: PSU Bank, Change: 0.8%
2025-04-29 06:50:33,552 - INFO - Found percent change: 0.54% in '4.70 (0.54%)'
2025-04-29 06:50:33,553 - INFO - Added sector: Realty, Change: 0.54%
2025-04-29 06:50:36,477 - INFO - Saved sector data to sector.csv
2025-04-29 06:51:37,178 - INFO - Running Nuvama sector data scraper job at 2025-04-29 06:51:37
2025-04-29 06:51:37,179 - INFO - Setting up Chrome driver...
2025-04-29 06:51:37,179 - INFO - ====== WebDriver manager ======
2025-04-29 06:51:39,427 - INFO - Get LATEST chromedriver version for google-chrome
2025-04-29 06:51:39,483 - INFO - Get LATEST chromedriver version for google-chrome
2025-04-29 06:51:39,530 - INFO - Driver [C:\Users\Rajee\.wdm\drivers\chromedriver\win64\135.0.7049.114\chromedriver-win32/chromedriver.exe] found in cache
2025-04-29 06:51:41,466 - INFO - Navigating to https://www.nuvamawealth.com/market/stock-market-index/#key-indices
2025-04-29 06:51:46,268 - INFO - Waiting for page to load...
2025-04-29 06:52:04,349 - INFO - Refreshed page to get latest data
2025-04-29 06:52:14,373 - WARNING - Could not click on SECTOR INDICES tab: Message: no such element: Unable to locate element: {"method":"xpath","selector":"//a[text()='SECTOR INDICES']"}
  (Session info: chrome=135.0.7049.115); For documentation on this error, please visit: https://www.selenium.dev/documentation/webdriver/troubleshooting/errors#no-such-element-exception
Stacktrace:
	GetHandleVerifier [0x00CFD363+60275]
	GetHandleVerifier [0x00CFD3A4+60340]
	(No symbol) [0x00B306F3]
	(No symbol) [0x00B78690]
	(No symbol) [0x00B78A2B]
	(No symbol) [0x00BC0EE2]
	(No symbol) [0x00B9D0D4]
	(No symbol) [0x00BBE6EB]
	(No symbol) [0x00B9CE86]
	(No symbol) [0x00B6C623]
	(No symbol) [0x00B6D474]
	GetHandleVerifier [0x00F48FE3+2467827]
	GetHandleVerifier [0x00F445E6+2448886]
	GetHandleVerifier [0x00F5F80C+2560028]
	GetHandleVerifier [0x00D13DF5+153093]
	GetHandleVerifier [0x00D1A3BD+179149]
	GetHandleVerifier [0x00D04BB8+91080]
	GetHandleVerifier [0x00D04D60+91504]
	GetHandleVerifier [0x00CEFA10+4640]
	BaseThreadInitThunk [0x75C9FCC9+25]
	RtlGetAppContainerNamedObjectPath [0x777082AE+286]
	RtlGetAppContainerNamedObjectPath [0x7770827E+238]

2025-04-29 06:52:14,393 - WARNING - Could not click on second tab: Message: no such element: Unable to locate element: {"method":"css selector","selector":".tab-links li:nth-child(2) a"}
  (Session info: chrome=135.0.7049.115); For documentation on this error, please visit: https://www.selenium.dev/documentation/webdriver/troubleshooting/errors#no-such-element-exception
Stacktrace:
	GetHandleVerifier [0x00CFD363+60275]
	GetHandleVerifier [0x00CFD3A4+60340]
	(No symbol) [0x00B306F3]
	(No symbol) [0x00B78690]
	(No symbol) [0x00B78A2B]
	(No symbol) [0x00BC0EE2]
	(No symbol) [0x00B9D0D4]
	(No symbol) [0x00BBE6EB]
	(No symbol) [0x00B9CE86]
	(No symbol) [0x00B6C623]
	(No symbol) [0x00B6D474]
	GetHandleVerifier [0x00F48FE3+2467827]
	GetHandleVerifier [0x00F445E6+2448886]
	GetHandleVerifier [0x00F5F80C+2560028]
	GetHandleVerifier [0x00D13DF5+153093]
	GetHandleVerifier [0x00D1A3BD+179149]
	GetHandleVerifier [0x00D04BB8+91080]
	GetHandleVerifier [0x00D04D60+91504]
	GetHandleVerifier [0x00CEFA10+4640]
	BaseThreadInitThunk [0x75C9FCC9+25]
	RtlGetAppContainerNamedObjectPath [0x777082AE+286]
	RtlGetAppContainerNamedObjectPath [0x7770827E+238]

2025-04-29 06:52:14,595 - INFO - Saved screenshot of sector tab
2025-04-29 06:52:14,615 - INFO - Found 6 tables on page
2025-04-29 06:52:14,615 - INFO - Checking table 1
2025-04-29 06:52:14,629 - INFO - Checking table 2
2025-04-29 06:52:14,644 - INFO - Found likely sector table (table #2)
2025-04-29 06:52:14,727 - WARNING - Could not find percent change for 
2025-04-29 06:52:14,811 - INFO - Found percent change: 0.31% in '68.40 (0.31%)'
2025-04-29 06:52:14,812 - INFO - Added sector: Auto, Change: 0.31%
2025-04-29 06:52:14,868 - INFO - Found percent change: 0.4% in '139.00 (0.40%)'
2025-04-29 06:52:14,869 - INFO - Added sector: Energy, Change: 0.4%
2025-04-29 06:52:14,959 - INFO - Found percent change: -0.12% in '-31.30 (-0.12%)'
2025-04-29 06:52:14,963 - INFO - Added sector: Financial Services, Change: -0.12%
2025-04-29 06:52:15,043 - INFO - Found percent change: -0.58% in '-326.60 (-0.58%)'
2025-04-29 06:52:15,044 - INFO - Added sector: FMCG, Change: -0.58%
2025-04-29 06:52:15,117 - INFO - Found percent change: 0.16% in '56.80 (0.16%)'
2025-04-29 06:52:15,117 - INFO - Added sector: IT, Change: 0.16%
2025-04-29 06:52:15,182 - INFO - Found percent change: 0.13% in '1.95 (0.13%)'
2025-04-29 06:52:15,182 - INFO - Added sector: Media, Change: 0.13%
2025-04-29 06:52:15,240 - INFO - Found percent change: 0.03% in '2.50 (0.03%)'
2025-04-29 06:52:15,240 - INFO - Added sector: Metal, Change: 0.03%
2025-04-29 06:52:15,348 - INFO - Found percent change: -1.38% in '-303.20 (-1.38%)'
2025-04-29 06:52:15,349 - INFO - Added sector: Pharma, Change: -1.38%
2025-04-29 06:52:15,444 - INFO - Found percent change: 0.8% in '53.75 (0.80%)'
2025-04-29 06:52:15,445 - INFO - Added sector: PSU Bank, Change: 0.8%
2025-04-29 06:52:15,531 - INFO - Found percent change: 0.54% in '4.70 (0.54%)'
2025-04-29 06:52:15,535 - INFO - Added sector: Realty, Change: 0.54%
2025-04-29 06:52:18,442 - INFO - Saved sector data to sector.csv
2025-04-29 06:53:19,055 - INFO - Running Nuvama sector data scraper job at 2025-04-29 06:53:19
2025-04-29 06:53:19,055 - INFO - Setting up Chrome driver...
2025-04-29 06:53:19,056 - INFO - ====== WebDriver manager ======
2025-04-29 06:53:20,314 - INFO - Get LATEST chromedriver version for google-chrome
2025-04-29 06:53:20,356 - INFO - Get LATEST chromedriver version for google-chrome
2025-04-29 06:53:20,395 - INFO - Driver [C:\Users\Rajee\.wdm\drivers\chromedriver\win64\135.0.7049.114\chromedriver-win32/chromedriver.exe] found in cache
2025-04-29 06:53:21,899 - INFO - Navigating to https://www.nuvamawealth.com/market/stock-market-index/#key-indices
2025-04-29 06:53:22,596 - INFO - Waiting for page to load...
2025-04-29 06:53:40,805 - INFO - Refreshed page to get latest data
2025-04-29 06:53:50,846 - WARNING - Could not click on SECTOR INDICES tab: Message: no such element: Unable to locate element: {"method":"xpath","selector":"//a[text()='SECTOR INDICES']"}
  (Session info: chrome=135.0.7049.115); For documentation on this error, please visit: https://www.selenium.dev/documentation/webdriver/troubleshooting/errors#no-such-element-exception
Stacktrace:
	GetHandleVerifier [0x00CFD363+60275]
	GetHandleVerifier [0x00CFD3A4+60340]
	(No symbol) [0x00B306F3]
	(No symbol) [0x00B78690]
	(No symbol) [0x00B78A2B]
	(No symbol) [0x00BC0EE2]
	(No symbol) [0x00B9D0D4]
	(No symbol) [0x00BBE6EB]
	(No symbol) [0x00B9CE86]
	(No symbol) [0x00B6C623]
	(No symbol) [0x00B6D474]
	GetHandleVerifier [0x00F48FE3+2467827]
	GetHandleVerifier [0x00F445E6+2448886]
	GetHandleVerifier [0x00F5F80C+2560028]
	GetHandleVerifier [0x00D13DF5+153093]
	GetHandleVerifier [0x00D1A3BD+179149]
	GetHandleVerifier [0x00D04BB8+91080]
	GetHandleVerifier [0x00D04D60+91504]
	GetHandleVerifier [0x00CEFA10+4640]
	BaseThreadInitThunk [0x75C9FCC9+25]
	RtlGetAppContainerNamedObjectPath [0x777082AE+286]
	RtlGetAppContainerNamedObjectPath [0x7770827E+238]

2025-04-29 06:53:50,863 - WARNING - Could not click on second tab: Message: no such element: Unable to locate element: {"method":"css selector","selector":".tab-links li:nth-child(2) a"}
  (Session info: chrome=135.0.7049.115); For documentation on this error, please visit: https://www.selenium.dev/documentation/webdriver/troubleshooting/errors#no-such-element-exception
Stacktrace:
	GetHandleVerifier [0x00CFD363+60275]
	GetHandleVerifier [0x00CFD3A4+60340]
	(No symbol) [0x00B306F3]
	(No symbol) [0x00B78690]
	(No symbol) [0x00B78A2B]
	(No symbol) [0x00BC0EE2]
	(No symbol) [0x00B9D0D4]
	(No symbol) [0x00BBE6EB]
	(No symbol) [0x00B9CE86]
	(No symbol) [0x00B6C623]
	(No symbol) [0x00B6D474]
	GetHandleVerifier [0x00F48FE3+2467827]
	GetHandleVerifier [0x00F445E6+2448886]
	GetHandleVerifier [0x00F5F80C+2560028]
	GetHandleVerifier [0x00D13DF5+153093]
	GetHandleVerifier [0x00D1A3BD+179149]
	GetHandleVerifier [0x00D04BB8+91080]
	GetHandleVerifier [0x00D04D60+91504]
	GetHandleVerifier [0x00CEFA10+4640]
	BaseThreadInitThunk [0x75C9FCC9+25]
	RtlGetAppContainerNamedObjectPath [0x777082AE+286]
	RtlGetAppContainerNamedObjectPath [0x7770827E+238]

2025-04-29 06:53:51,343 - INFO - Saved screenshot of sector tab
2025-04-29 06:53:51,399 - INFO - Found 6 tables on page
2025-04-29 06:53:51,400 - INFO - Checking table 1
2025-04-29 06:53:51,462 - INFO - Checking table 2
2025-04-29 06:53:51,476 - INFO - Found likely sector table (table #2)
2025-04-29 06:53:51,573 - WARNING - Could not find percent change for 
2025-04-29 06:53:51,645 - INFO - Found percent change: 0.31% in '68.40 (0.31%)'
2025-04-29 06:53:51,645 - INFO - Added sector: Auto, Change: 0.31%
2025-04-29 06:53:51,705 - INFO - Found percent change: 0.4% in '139.00 (0.40%)'
2025-04-29 06:53:51,705 - INFO - Added sector: Energy, Change: 0.4%
2025-04-29 06:53:51,803 - INFO - Found percent change: -0.12% in '-31.30 (-0.12%)'
2025-04-29 06:53:51,828 - INFO - Added sector: Financial Services, Change: -0.12%
2025-04-29 06:53:52,008 - INFO - Found percent change: -0.58% in '-326.60 (-0.58%)'
2025-04-29 06:53:52,009 - INFO - Added sector: FMCG, Change: -0.58%
2025-04-29 06:53:52,079 - INFO - Found percent change: 0.16% in '56.80 (0.16%)'
2025-04-29 06:53:52,079 - INFO - Added sector: IT, Change: 0.16%
2025-04-29 06:53:52,137 - INFO - Found percent change: 0.13% in '1.95 (0.13%)'
2025-04-29 06:53:52,138 - INFO - Added sector: Media, Change: 0.13%
2025-04-29 06:53:52,210 - INFO - Found percent change: 0.03% in '2.50 (0.03%)'
2025-04-29 06:53:52,210 - INFO - Added sector: Metal, Change: 0.03%
2025-04-29 06:53:52,271 - INFO - Found percent change: -1.38% in '-303.20 (-1.38%)'
2025-04-29 06:53:52,272 - INFO - Added sector: Pharma, Change: -1.38%
2025-04-29 06:53:52,342 - INFO - Found percent change: 0.8% in '53.75 (0.80%)'
2025-04-29 06:53:52,343 - INFO - Added sector: PSU Bank, Change: 0.8%
2025-04-29 06:53:52,409 - INFO - Found percent change: 0.54% in '4.70 (0.54%)'
2025-04-29 06:53:52,410 - INFO - Added sector: Realty, Change: 0.54%
2025-04-29 06:53:55,533 - INFO - Saved sector data to sector.csv
2025-04-29 06:54:56,265 - INFO - Running Nuvama sector data scraper job at 2025-04-29 06:54:56
2025-04-29 06:54:56,266 - INFO - Setting up Chrome driver...
2025-04-29 06:54:56,268 - INFO - ====== WebDriver manager ======
2025-04-29 06:54:57,686 - INFO - Get LATEST chromedriver version for google-chrome
2025-04-29 06:54:57,742 - INFO - Get LATEST chromedriver version for google-chrome
2025-04-29 06:54:57,783 - INFO - Driver [C:\Users\Rajee\.wdm\drivers\chromedriver\win64\135.0.7049.114\chromedriver-win32/chromedriver.exe] found in cache
2025-04-29 06:54:59,203 - INFO - Navigating to https://www.nuvamawealth.com/market/stock-market-index/#key-indices
2025-04-29 06:55:11,624 - INFO - Waiting for page to load...
2025-04-29 06:55:29,010 - INFO - Refreshed page to get latest data
2025-04-29 06:55:39,033 - WARNING - Could not click on SECTOR INDICES tab: Message: no such element: Unable to locate element: {"method":"xpath","selector":"//a[text()='SECTOR INDICES']"}
  (Session info: chrome=135.0.7049.115); For documentation on this error, please visit: https://www.selenium.dev/documentation/webdriver/troubleshooting/errors#no-such-element-exception
Stacktrace:
	GetHandleVerifier [0x00CFD363+60275]
	GetHandleVerifier [0x00CFD3A4+60340]
	(No symbol) [0x00B306F3]
	(No symbol) [0x00B78690]
	(No symbol) [0x00B78A2B]
	(No symbol) [0x00BC0EE2]
	(No symbol) [0x00B9D0D4]
	(No symbol) [0x00BBE6EB]
	(No symbol) [0x00B9CE86]
	(No symbol) [0x00B6C623]
	(No symbol) [0x00B6D474]
	GetHandleVerifier [0x00F48FE3+2467827]
	GetHandleVerifier [0x00F445E6+2448886]
	GetHandleVerifier [0x00F5F80C+2560028]
	GetHandleVerifier [0x00D13DF5+153093]
	GetHandleVerifier [0x00D1A3BD+179149]
	GetHandleVerifier [0x00D04BB8+91080]
	GetHandleVerifier [0x00D04D60+91504]
	GetHandleVerifier [0x00CEFA10+4640]
	BaseThreadInitThunk [0x75C9FCC9+25]
	RtlGetAppContainerNamedObjectPath [0x777082AE+286]
	RtlGetAppContainerNamedObjectPath [0x7770827E+238]

2025-04-29 06:55:39,051 - WARNING - Could not click on second tab: Message: no such element: Unable to locate element: {"method":"css selector","selector":".tab-links li:nth-child(2) a"}
  (Session info: chrome=135.0.7049.115); For documentation on this error, please visit: https://www.selenium.dev/documentation/webdriver/troubleshooting/errors#no-such-element-exception
Stacktrace:
	GetHandleVerifier [0x00CFD363+60275]
	GetHandleVerifier [0x00CFD3A4+60340]
	(No symbol) [0x00B306F3]
	(No symbol) [0x00B78690]
	(No symbol) [0x00B78A2B]
	(No symbol) [0x00BC0EE2]
	(No symbol) [0x00B9D0D4]
	(No symbol) [0x00BBE6EB]
	(No symbol) [0x00B9CE86]
	(No symbol) [0x00B6C623]
	(No symbol) [0x00B6D474]
	GetHandleVerifier [0x00F48FE3+2467827]
	GetHandleVerifier [0x00F445E6+2448886]
	GetHandleVerifier [0x00F5F80C+2560028]
	GetHandleVerifier [0x00D13DF5+153093]
	GetHandleVerifier [0x00D1A3BD+179149]
	GetHandleVerifier [0x00D04BB8+91080]
	GetHandleVerifier [0x00D04D60+91504]
	GetHandleVerifier [0x00CEFA10+4640]
	BaseThreadInitThunk [0x75C9FCC9+25]
	RtlGetAppContainerNamedObjectPath [0x777082AE+286]
	RtlGetAppContainerNamedObjectPath [0x7770827E+238]

2025-04-29 06:55:39,228 - INFO - Saved screenshot of sector tab
2025-04-29 06:55:39,240 - INFO - Found 6 tables on page
2025-04-29 06:55:39,240 - INFO - Checking table 1
2025-04-29 06:55:39,251 - INFO - Checking table 2
2025-04-29 06:55:39,259 - INFO - Found likely sector table (table #2)
2025-04-29 06:55:39,340 - WARNING - Could not find percent change for 
2025-04-29 06:55:39,391 - INFO - Found percent change: 0.31% in '68.40 (0.31%)'
2025-04-29 06:55:39,391 - INFO - Added sector: Auto, Change: 0.31%
2025-04-29 06:55:39,440 - INFO - Found percent change: 0.4% in '139.00 (0.40%)'
2025-04-29 06:55:39,441 - INFO - Added sector: Energy, Change: 0.4%
2025-04-29 06:55:39,493 - INFO - Found percent change: -0.12% in '-31.30 (-0.12%)'
2025-04-29 06:55:39,495 - INFO - Added sector: Financial Services, Change: -0.12%
2025-04-29 06:55:39,542 - INFO - Found percent change: -0.58% in '-326.60 (-0.58%)'
2025-04-29 06:55:39,542 - INFO - Added sector: FMCG, Change: -0.58%
2025-04-29 06:55:39,591 - INFO - Found percent change: 0.16% in '56.80 (0.16%)'
2025-04-29 06:55:39,591 - INFO - Added sector: IT, Change: 0.16%
2025-04-29 06:55:39,638 - INFO - Found percent change: 0.13% in '1.95 (0.13%)'
2025-04-29 06:55:39,639 - INFO - Added sector: Media, Change: 0.13%
2025-04-29 06:55:39,692 - INFO - Found percent change: 0.03% in '2.50 (0.03%)'
2025-04-29 06:55:39,692 - INFO - Added sector: Metal, Change: 0.03%
2025-04-29 06:55:39,741 - INFO - Found percent change: -1.38% in '-303.20 (-1.38%)'
2025-04-29 06:55:39,742 - INFO - Added sector: Pharma, Change: -1.38%
2025-04-29 06:55:39,797 - INFO - Found percent change: 0.8% in '53.75 (0.80%)'
2025-04-29 06:55:39,797 - INFO - Added sector: PSU Bank, Change: 0.8%
2025-04-29 06:55:39,843 - INFO - Found percent change: 0.54% in '4.70 (0.54%)'
2025-04-29 06:55:39,843 - INFO - Added sector: Realty, Change: 0.54%
2025-04-29 06:55:42,476 - INFO - Saved sector data to sector.csv
2025-04-29 06:56:43,142 - INFO - Running Nuvama sector data scraper job at 2025-04-29 06:56:43
2025-04-29 06:56:43,143 - INFO - Setting up Chrome driver...
2025-04-29 06:56:43,143 - INFO - ====== WebDriver manager ======
2025-04-29 06:56:44,398 - INFO - Get LATEST chromedriver version for google-chrome
2025-04-29 06:56:44,443 - INFO - Get LATEST chromedriver version for google-chrome
2025-04-29 06:56:44,483 - INFO - Driver [C:\Users\Rajee\.wdm\drivers\chromedriver\win64\135.0.7049.114\chromedriver-win32/chromedriver.exe] found in cache
2025-04-29 06:56:45,815 - INFO - Navigating to https://www.nuvamawealth.com/market/stock-market-index/#key-indices
2025-04-29 06:56:54,193 - INFO - Waiting for page to load...
2025-04-29 06:57:11,946 - INFO - Refreshed page to get latest data
2025-04-29 06:57:21,968 - WARNING - Could not click on SECTOR INDICES tab: Message: no such element: Unable to locate element: {"method":"xpath","selector":"//a[text()='SECTOR INDICES']"}
  (Session info: chrome=135.0.7049.115); For documentation on this error, please visit: https://www.selenium.dev/documentation/webdriver/troubleshooting/errors#no-such-element-exception
Stacktrace:
	GetHandleVerifier [0x00CFD363+60275]
	GetHandleVerifier [0x00CFD3A4+60340]
	(No symbol) [0x00B306F3]
	(No symbol) [0x00B78690]
	(No symbol) [0x00B78A2B]
	(No symbol) [0x00BC0EE2]
	(No symbol) [0x00B9D0D4]
	(No symbol) [0x00BBE6EB]
	(No symbol) [0x00B9CE86]
	(No symbol) [0x00B6C623]
	(No symbol) [0x00B6D474]
	GetHandleVerifier [0x00F48FE3+2467827]
	GetHandleVerifier [0x00F445E6+2448886]
	GetHandleVerifier [0x00F5F80C+2560028]
	GetHandleVerifier [0x00D13DF5+153093]
	GetHandleVerifier [0x00D1A3BD+179149]
	GetHandleVerifier [0x00D04BB8+91080]
	GetHandleVerifier [0x00D04D60+91504]
	GetHandleVerifier [0x00CEFA10+4640]
	BaseThreadInitThunk [0x75C9FCC9+25]
	RtlGetAppContainerNamedObjectPath [0x777082AE+286]
	RtlGetAppContainerNamedObjectPath [0x7770827E+238]

2025-04-29 06:57:21,987 - WARNING - Could not click on second tab: Message: no such element: Unable to locate element: {"method":"css selector","selector":".tab-links li:nth-child(2) a"}
  (Session info: chrome=135.0.7049.115); For documentation on this error, please visit: https://www.selenium.dev/documentation/webdriver/troubleshooting/errors#no-such-element-exception
Stacktrace:
	GetHandleVerifier [0x00CFD363+60275]
	GetHandleVerifier [0x00CFD3A4+60340]
	(No symbol) [0x00B306F3]
	(No symbol) [0x00B78690]
	(No symbol) [0x00B78A2B]
	(No symbol) [0x00BC0EE2]
	(No symbol) [0x00B9D0D4]
	(No symbol) [0x00BBE6EB]
	(No symbol) [0x00B9CE86]
	(No symbol) [0x00B6C623]
	(No symbol) [0x00B6D474]
	GetHandleVerifier [0x00F48FE3+2467827]
	GetHandleVerifier [0x00F445E6+2448886]
	GetHandleVerifier [0x00F5F80C+2560028]
	GetHandleVerifier [0x00D13DF5+153093]
	GetHandleVerifier [0x00D1A3BD+179149]
	GetHandleVerifier [0x00D04BB8+91080]
	GetHandleVerifier [0x00D04D60+91504]
	GetHandleVerifier [0x00CEFA10+4640]
	BaseThreadInitThunk [0x75C9FCC9+25]
	RtlGetAppContainerNamedObjectPath [0x777082AE+286]
	RtlGetAppContainerNamedObjectPath [0x7770827E+238]

2025-04-29 06:57:22,145 - INFO - Saved screenshot of sector tab
2025-04-29 06:57:22,159 - INFO - Found 6 tables on page
2025-04-29 06:57:22,159 - INFO - Checking table 1
2025-04-29 06:57:22,171 - INFO - Checking table 2
2025-04-29 06:57:22,181 - INFO - Found likely sector table (table #2)
2025-04-29 06:57:22,250 - WARNING - Could not find percent change for 
2025-04-29 06:57:22,301 - INFO - Found percent change: 0.31% in '68.40 (0.31%)'
2025-04-29 06:57:22,302 - INFO - Added sector: Auto, Change: 0.31%
2025-04-29 06:57:22,359 - INFO - Found percent change: 0.4% in '139.00 (0.40%)'
2025-04-29 06:57:22,360 - INFO - Added sector: Energy, Change: 0.4%
2025-04-29 06:57:22,415 - INFO - Found percent change: -0.12% in '-31.30 (-0.12%)'
2025-04-29 06:57:22,416 - INFO - Added sector: Financial Services, Change: -0.12%
2025-04-29 06:57:22,465 - INFO - Found percent change: -0.58% in '-326.60 (-0.58%)'
2025-04-29 06:57:22,465 - INFO - Added sector: FMCG, Change: -0.58%
2025-04-29 06:57:22,512 - INFO - Found percent change: 0.16% in '56.80 (0.16%)'
2025-04-29 06:57:22,512 - INFO - Added sector: IT, Change: 0.16%
2025-04-29 06:57:22,567 - INFO - Found percent change: 0.13% in '1.95 (0.13%)'
2025-04-29 06:57:22,567 - INFO - Added sector: Media, Change: 0.13%
2025-04-29 06:57:22,619 - INFO - Found percent change: 0.03% in '2.50 (0.03%)'
2025-04-29 06:57:22,619 - INFO - Added sector: Metal, Change: 0.03%
2025-04-29 06:57:22,665 - INFO - Found percent change: -1.38% in '-303.20 (-1.38%)'
2025-04-29 06:57:22,665 - INFO - Added sector: Pharma, Change: -1.38%
2025-04-29 06:57:22,716 - INFO - Found percent change: 0.8% in '53.75 (0.80%)'
2025-04-29 06:57:22,716 - INFO - Added sector: PSU Bank, Change: 0.8%
2025-04-29 06:57:22,762 - INFO - Found percent change: 0.54% in '4.70 (0.54%)'
2025-04-29 06:57:22,763 - INFO - Added sector: Realty, Change: 0.54%
2025-04-29 06:57:25,423 - INFO - Saved sector data to sector.csv
2025-04-29 06:58:26,088 - INFO - Running Nuvama sector data scraper job at 2025-04-29 06:58:26
2025-04-29 06:58:26,088 - INFO - Setting up Chrome driver...
2025-04-29 06:58:26,089 - INFO - ====== WebDriver manager ======
2025-04-29 06:58:27,438 - INFO - Get LATEST chromedriver version for google-chrome
2025-04-29 06:58:27,482 - INFO - Get LATEST chromedriver version for google-chrome
2025-04-29 06:58:27,527 - INFO - Driver [C:\Users\Rajee\.wdm\drivers\chromedriver\win64\135.0.7049.114\chromedriver-win32/chromedriver.exe] found in cache
2025-04-29 06:58:28,889 - INFO - Navigating to https://www.nuvamawealth.com/market/stock-market-index/#key-indices
2025-04-29 06:58:32,984 - INFO - Waiting for page to load...
2025-04-29 06:58:50,157 - INFO - Refreshed page to get latest data
2025-04-29 06:59:00,183 - WARNING - Could not click on SECTOR INDICES tab: Message: no such element: Unable to locate element: {"method":"xpath","selector":"//a[text()='SECTOR INDICES']"}
  (Session info: chrome=135.0.7049.115); For documentation on this error, please visit: https://www.selenium.dev/documentation/webdriver/troubleshooting/errors#no-such-element-exception
Stacktrace:
	GetHandleVerifier [0x00CFD363+60275]
	GetHandleVerifier [0x00CFD3A4+60340]
	(No symbol) [0x00B306F3]
	(No symbol) [0x00B78690]
	(No symbol) [0x00B78A2B]
	(No symbol) [0x00BC0EE2]
	(No symbol) [0x00B9D0D4]
	(No symbol) [0x00BBE6EB]
	(No symbol) [0x00B9CE86]
	(No symbol) [0x00B6C623]
	(No symbol) [0x00B6D474]
	GetHandleVerifier [0x00F48FE3+2467827]
	GetHandleVerifier [0x00F445E6+2448886]
	GetHandleVerifier [0x00F5F80C+2560028]
	GetHandleVerifier [0x00D13DF5+153093]
	GetHandleVerifier [0x00D1A3BD+179149]
	GetHandleVerifier [0x00D04BB8+91080]
	GetHandleVerifier [0x00D04D60+91504]
	GetHandleVerifier [0x00CEFA10+4640]
	BaseThreadInitThunk [0x75C9FCC9+25]
	RtlGetAppContainerNamedObjectPath [0x777082AE+286]
	RtlGetAppContainerNamedObjectPath [0x7770827E+238]

2025-04-29 06:59:00,201 - WARNING - Could not click on second tab: Message: no such element: Unable to locate element: {"method":"css selector","selector":".tab-links li:nth-child(2) a"}
  (Session info: chrome=135.0.7049.115); For documentation on this error, please visit: https://www.selenium.dev/documentation/webdriver/troubleshooting/errors#no-such-element-exception
Stacktrace:
	GetHandleVerifier [0x00CFD363+60275]
	GetHandleVerifier [0x00CFD3A4+60340]
	(No symbol) [0x00B306F3]
	(No symbol) [0x00B78690]
	(No symbol) [0x00B78A2B]
	(No symbol) [0x00BC0EE2]
	(No symbol) [0x00B9D0D4]
	(No symbol) [0x00BBE6EB]
	(No symbol) [0x00B9CE86]
	(No symbol) [0x00B6C623]
	(No symbol) [0x00B6D474]
	GetHandleVerifier [0x00F48FE3+2467827]
	GetHandleVerifier [0x00F445E6+2448886]
	GetHandleVerifier [0x00F5F80C+2560028]
	GetHandleVerifier [0x00D13DF5+153093]
	GetHandleVerifier [0x00D1A3BD+179149]
	GetHandleVerifier [0x00D04BB8+91080]
	GetHandleVerifier [0x00D04D60+91504]
	GetHandleVerifier [0x00CEFA10+4640]
	BaseThreadInitThunk [0x75C9FCC9+25]
	RtlGetAppContainerNamedObjectPath [0x777082AE+286]
	RtlGetAppContainerNamedObjectPath [0x7770827E+238]

2025-04-29 06:59:00,385 - INFO - Saved screenshot of sector tab
2025-04-29 06:59:00,421 - INFO - Found 6 tables on page
2025-04-29 06:59:00,421 - INFO - Checking table 1
2025-04-29 06:59:00,480 - INFO - Checking table 2
2025-04-29 06:59:00,493 - INFO - Found likely sector table (table #2)
2025-04-29 06:59:00,585 - WARNING - Could not find percent change for 
2025-04-29 06:59:00,641 - INFO - Found percent change: 0.31% in '68.40 (0.31%)'
2025-04-29 06:59:00,641 - INFO - Added sector: Auto, Change: 0.31%
2025-04-29 06:59:00,705 - INFO - Found percent change: 0.4% in '139.00 (0.40%)'
2025-04-29 06:59:00,705 - INFO - Added sector: Energy, Change: 0.4%
2025-04-29 06:59:00,759 - INFO - Found percent change: -0.12% in '-31.30 (-0.12%)'
2025-04-29 06:59:00,759 - INFO - Added sector: Financial Services, Change: -0.12%
2025-04-29 06:59:00,815 - INFO - Found percent change: -0.58% in '-326.60 (-0.58%)'
2025-04-29 06:59:00,816 - INFO - Added sector: FMCG, Change: -0.58%
2025-04-29 06:59:00,887 - INFO - Found percent change: 0.16% in '56.80 (0.16%)'
2025-04-29 06:59:00,888 - INFO - Added sector: IT, Change: 0.16%
2025-04-29 06:59:00,951 - INFO - Found percent change: 0.13% in '1.95 (0.13%)'
2025-04-29 06:59:00,952 - INFO - Added sector: Media, Change: 0.13%
2025-04-29 06:59:01,017 - INFO - Found percent change: 0.03% in '2.50 (0.03%)'
2025-04-29 06:59:01,017 - INFO - Added sector: Metal, Change: 0.03%
2025-04-29 06:59:01,086 - INFO - Found percent change: -1.38% in '-303.20 (-1.38%)'
2025-04-29 06:59:01,087 - INFO - Added sector: Pharma, Change: -1.38%
2025-04-29 06:59:01,148 - INFO - Found percent change: 0.8% in '53.75 (0.80%)'
2025-04-29 06:59:01,148 - INFO - Added sector: PSU Bank, Change: 0.8%
2025-04-29 06:59:01,209 - INFO - Found percent change: 0.54% in '4.70 (0.54%)'
2025-04-29 06:59:01,210 - INFO - Added sector: Realty, Change: 0.54%
2025-04-29 06:59:03,902 - INFO - Saved sector data to sector.csv
2025-04-29 07:00:04,565 - INFO - Running Nuvama sector data scraper job at 2025-04-29 07:00:04
2025-04-29 07:00:04,565 - INFO - Setting up Chrome driver...
2025-04-29 07:00:04,566 - INFO - ====== WebDriver manager ======
2025-04-29 07:00:05,883 - INFO - Get LATEST chromedriver version for google-chrome
2025-04-29 07:00:06,028 - INFO - Get LATEST chromedriver version for google-chrome
2025-04-29 07:00:06,069 - INFO - Driver [C:\Users\Rajee\.wdm\drivers\chromedriver\win64\135.0.7049.114\chromedriver-win32/chromedriver.exe] found in cache
2025-04-29 07:00:07,419 - INFO - Navigating to https://www.nuvamawealth.com/market/stock-market-index/#key-indices
2025-04-29 07:00:11,271 - INFO - Waiting for page to load...
2025-04-29 07:00:28,709 - INFO - Refreshed page to get latest data
2025-04-29 07:00:38,741 - WARNING - Could not click on SECTOR INDICES tab: Message: no such element: Unable to locate element: {"method":"xpath","selector":"//a[text()='SECTOR INDICES']"}
  (Session info: chrome=135.0.7049.115); For documentation on this error, please visit: https://www.selenium.dev/documentation/webdriver/troubleshooting/errors#no-such-element-exception
Stacktrace:
	GetHandleVerifier [0x00CFD363+60275]
	GetHandleVerifier [0x00CFD3A4+60340]
	(No symbol) [0x00B306F3]
	(No symbol) [0x00B78690]
	(No symbol) [0x00B78A2B]
	(No symbol) [0x00BC0EE2]
	(No symbol) [0x00B9D0D4]
	(No symbol) [0x00BBE6EB]
	(No symbol) [0x00B9CE86]
	(No symbol) [0x00B6C623]
	(No symbol) [0x00B6D474]
	GetHandleVerifier [0x00F48FE3+2467827]
	GetHandleVerifier [0x00F445E6+2448886]
	GetHandleVerifier [0x00F5F80C+2560028]
	GetHandleVerifier [0x00D13DF5+153093]
	GetHandleVerifier [0x00D1A3BD+179149]
	GetHandleVerifier [0x00D04BB8+91080]
	GetHandleVerifier [0x00D04D60+91504]
	GetHandleVerifier [0x00CEFA10+4640]
	BaseThreadInitThunk [0x75C9FCC9+25]
	RtlGetAppContainerNamedObjectPath [0x777082AE+286]
	RtlGetAppContainerNamedObjectPath [0x7770827E+238]

2025-04-29 07:00:38,763 - WARNING - Could not click on second tab: Message: no such element: Unable to locate element: {"method":"css selector","selector":".tab-links li:nth-child(2) a"}
  (Session info: chrome=135.0.7049.115); For documentation on this error, please visit: https://www.selenium.dev/documentation/webdriver/troubleshooting/errors#no-such-element-exception
Stacktrace:
	GetHandleVerifier [0x00CFD363+60275]
	GetHandleVerifier [0x00CFD3A4+60340]
	(No symbol) [0x00B306F3]
	(No symbol) [0x00B78690]
	(No symbol) [0x00B78A2B]
	(No symbol) [0x00BC0EE2]
	(No symbol) [0x00B9D0D4]
	(No symbol) [0x00BBE6EB]
	(No symbol) [0x00B9CE86]
	(No symbol) [0x00B6C623]
	(No symbol) [0x00B6D474]
	GetHandleVerifier [0x00F48FE3+2467827]
	GetHandleVerifier [0x00F445E6+2448886]
	GetHandleVerifier [0x00F5F80C+2560028]
	GetHandleVerifier [0x00D13DF5+153093]
	GetHandleVerifier [0x00D1A3BD+179149]
	GetHandleVerifier [0x00D04BB8+91080]
	GetHandleVerifier [0x00D04D60+91504]
	GetHandleVerifier [0x00CEFA10+4640]
	BaseThreadInitThunk [0x75C9FCC9+25]
	RtlGetAppContainerNamedObjectPath [0x777082AE+286]
	RtlGetAppContainerNamedObjectPath [0x7770827E+238]

2025-04-29 07:00:38,949 - INFO - Saved screenshot of sector tab
2025-04-29 07:00:38,965 - INFO - Found 6 tables on page
2025-04-29 07:00:38,965 - INFO - Checking table 1
2025-04-29 07:00:38,979 - INFO - Checking table 2
2025-04-29 07:00:38,989 - INFO - Found likely sector table (table #2)
2025-04-29 07:00:39,086 - WARNING - Could not find percent change for 
2025-04-29 07:00:39,139 - INFO - Found percent change: 0.31% in '68.40 (0.31%)'
2025-04-29 07:00:39,139 - INFO - Added sector: Auto, Change: 0.31%
2025-04-29 07:00:39,194 - INFO - Found percent change: 0.4% in '139.00 (0.40%)'
2025-04-29 07:00:39,194 - INFO - Added sector: Energy, Change: 0.4%
2025-04-29 07:00:39,256 - INFO - Found percent change: -0.12% in '-31.30 (-0.12%)'
2025-04-29 07:00:39,256 - INFO - Added sector: Financial Services, Change: -0.12%
2025-04-29 07:00:39,319 - INFO - Found percent change: -0.58% in '-326.60 (-0.58%)'
2025-04-29 07:00:39,320 - INFO - Added sector: FMCG, Change: -0.58%
2025-04-29 07:00:39,372 - INFO - Found percent change: 0.16% in '56.80 (0.16%)'
2025-04-29 07:00:39,372 - INFO - Added sector: IT, Change: 0.16%
2025-04-29 07:00:39,429 - INFO - Found percent change: 0.13% in '1.95 (0.13%)'
2025-04-29 07:00:39,429 - INFO - Added sector: Media, Change: 0.13%
2025-04-29 07:00:39,486 - INFO - Found percent change: 0.03% in '2.50 (0.03%)'
2025-04-29 07:00:39,487 - INFO - Added sector: Metal, Change: 0.03%
2025-04-29 07:00:39,542 - INFO - Found percent change: -1.38% in '-303.20 (-1.38%)'
2025-04-29 07:00:39,543 - INFO - Added sector: Pharma, Change: -1.38%
2025-04-29 07:00:39,610 - INFO - Found percent change: 0.8% in '53.75 (0.80%)'
2025-04-29 07:00:39,610 - INFO - Added sector: PSU Bank, Change: 0.8%
2025-04-29 07:00:39,663 - INFO - Found percent change: 0.54% in '4.70 (0.54%)'
2025-04-29 07:00:39,663 - INFO - Added sector: Realty, Change: 0.54%
2025-04-29 07:00:42,519 - INFO - Saved sector data to sector.csv
2025-04-29 07:01:43,189 - INFO - Running Nuvama sector data scraper job at 2025-04-29 07:01:43
2025-04-29 07:01:43,191 - INFO - Setting up Chrome driver...
2025-04-29 07:01:43,191 - INFO - ====== WebDriver manager ======
2025-04-29 07:01:44,503 - INFO - Get LATEST chromedriver version for google-chrome
2025-04-29 07:01:44,546 - INFO - Get LATEST chromedriver version for google-chrome
2025-04-29 07:01:44,589 - INFO - Driver [C:\Users\Rajee\.wdm\drivers\chromedriver\win64\135.0.7049.114\chromedriver-win32/chromedriver.exe] found in cache
2025-04-29 07:01:46,608 - INFO - Navigating to https://www.nuvamawealth.com/market/stock-market-index/#key-indices
2025-04-29 07:01:50,109 - INFO - Waiting for page to load...
2025-04-29 07:02:07,470 - INFO - Refreshed page to get latest data
2025-04-29 07:02:17,501 - WARNING - Could not click on SECTOR INDICES tab: Message: no such element: Unable to locate element: {"method":"xpath","selector":"//a[text()='SECTOR INDICES']"}
  (Session info: chrome=135.0.7049.115); For documentation on this error, please visit: https://www.selenium.dev/documentation/webdriver/troubleshooting/errors#no-such-element-exception
Stacktrace:
	GetHandleVerifier [0x00CFD363+60275]
	GetHandleVerifier [0x00CFD3A4+60340]
	(No symbol) [0x00B306F3]
	(No symbol) [0x00B78690]
	(No symbol) [0x00B78A2B]
	(No symbol) [0x00BC0EE2]
	(No symbol) [0x00B9D0D4]
	(No symbol) [0x00BBE6EB]
	(No symbol) [0x00B9CE86]
	(No symbol) [0x00B6C623]
	(No symbol) [0x00B6D474]
	GetHandleVerifier [0x00F48FE3+2467827]
	GetHandleVerifier [0x00F445E6+2448886]
	GetHandleVerifier [0x00F5F80C+2560028]
	GetHandleVerifier [0x00D13DF5+153093]
	GetHandleVerifier [0x00D1A3BD+179149]
	GetHandleVerifier [0x00D04BB8+91080]
	GetHandleVerifier [0x00D04D60+91504]
	GetHandleVerifier [0x00CEFA10+4640]
	BaseThreadInitThunk [0x75C9FCC9+25]
	RtlGetAppContainerNamedObjectPath [0x777082AE+286]
	RtlGetAppContainerNamedObjectPath [0x7770827E+238]

2025-04-29 07:02:17,519 - WARNING - Could not click on second tab: Message: no such element: Unable to locate element: {"method":"css selector","selector":".tab-links li:nth-child(2) a"}
  (Session info: chrome=135.0.7049.115); For documentation on this error, please visit: https://www.selenium.dev/documentation/webdriver/troubleshooting/errors#no-such-element-exception
Stacktrace:
	GetHandleVerifier [0x00CFD363+60275]
	GetHandleVerifier [0x00CFD3A4+60340]
	(No symbol) [0x00B306F3]
	(No symbol) [0x00B78690]
	(No symbol) [0x00B78A2B]
	(No symbol) [0x00BC0EE2]
	(No symbol) [0x00B9D0D4]
	(No symbol) [0x00BBE6EB]
	(No symbol) [0x00B9CE86]
	(No symbol) [0x00B6C623]
	(No symbol) [0x00B6D474]
	GetHandleVerifier [0x00F48FE3+2467827]
	GetHandleVerifier [0x00F445E6+2448886]
	GetHandleVerifier [0x00F5F80C+2560028]
	GetHandleVerifier [0x00D13DF5+153093]
	GetHandleVerifier [0x00D1A3BD+179149]
	GetHandleVerifier [0x00D04BB8+91080]
	GetHandleVerifier [0x00D04D60+91504]
	GetHandleVerifier [0x00CEFA10+4640]
	BaseThreadInitThunk [0x75C9FCC9+25]
	RtlGetAppContainerNamedObjectPath [0x777082AE+286]
	RtlGetAppContainerNamedObjectPath [0x7770827E+238]

2025-04-29 07:02:17,687 - INFO - Saved screenshot of sector tab
2025-04-29 07:02:17,707 - INFO - Found 6 tables on page
2025-04-29 07:02:17,707 - INFO - Checking table 1
2025-04-29 07:02:17,721 - INFO - Checking table 2
2025-04-29 07:02:17,735 - INFO - Found likely sector table (table #2)
2025-04-29 07:02:17,829 - WARNING - Could not find percent change for 
2025-04-29 07:02:17,899 - INFO - Found percent change: 0.31% in '68.40 (0.31%)'
2025-04-29 07:02:17,900 - INFO - Added sector: Auto, Change: 0.31%
2025-04-29 07:02:17,962 - INFO - Found percent change: 0.4% in '139.00 (0.40%)'
2025-04-29 07:02:17,963 - INFO - Added sector: Energy, Change: 0.4%
2025-04-29 07:02:18,008 - INFO - Found percent change: -0.12% in '-31.30 (-0.12%)'
2025-04-29 07:02:18,009 - INFO - Added sector: Financial Services, Change: -0.12%
2025-04-29 07:02:18,434 - INFO - Found percent change: -0.58% in '-326.60 (-0.58%)'
2025-04-29 07:02:18,435 - INFO - Added sector: FMCG, Change: -0.58%
2025-04-29 07:02:18,502 - INFO - Found percent change: 0.16% in '56.80 (0.16%)'
2025-04-29 07:02:18,503 - INFO - Added sector: IT, Change: 0.16%
2025-04-29 07:02:18,567 - INFO - Found percent change: 0.13% in '1.95 (0.13%)'
2025-04-29 07:02:18,567 - INFO - Added sector: Media, Change: 0.13%
2025-04-29 07:02:18,619 - INFO - Found percent change: 0.03% in '2.50 (0.03%)'
2025-04-29 07:02:18,620 - INFO - Added sector: Metal, Change: 0.03%
2025-04-29 07:02:18,663 - INFO - Found percent change: -1.38% in '-303.20 (-1.38%)'
2025-04-29 07:02:18,663 - INFO - Added sector: Pharma, Change: -1.38%
2025-04-29 07:02:18,712 - INFO - Found percent change: 0.8% in '53.75 (0.80%)'
2025-04-29 07:02:18,713 - INFO - Added sector: PSU Bank, Change: 0.8%
2025-04-29 07:02:18,767 - INFO - Found percent change: 0.54% in '4.70 (0.54%)'
2025-04-29 07:02:18,767 - INFO - Added sector: Realty, Change: 0.54%
2025-04-29 07:02:21,418 - INFO - Saved sector data to sector.csv
2025-04-29 07:03:22,094 - INFO - Running Nuvama sector data scraper job at 2025-04-29 07:03:22
2025-04-29 07:03:22,095 - INFO - Setting up Chrome driver...
2025-04-29 07:03:22,095 - INFO - ====== WebDriver manager ======
2025-04-29 07:03:23,405 - INFO - Get LATEST chromedriver version for google-chrome
2025-04-29 07:03:23,449 - INFO - Get LATEST chromedriver version for google-chrome
2025-04-29 07:03:23,492 - INFO - Driver [C:\Users\Rajee\.wdm\drivers\chromedriver\win64\135.0.7049.114\chromedriver-win32/chromedriver.exe] found in cache
2025-04-29 07:03:25,908 - INFO - Navigating to https://www.nuvamawealth.com/market/stock-market-index/#key-indices
2025-04-29 07:03:30,050 - INFO - Waiting for page to load...
2025-04-29 07:03:47,324 - INFO - Refreshed page to get latest data
2025-04-29 07:03:57,343 - WARNING - Could not click on SECTOR INDICES tab: Message: no such element: Unable to locate element: {"method":"xpath","selector":"//a[text()='SECTOR INDICES']"}
  (Session info: chrome=135.0.7049.115); For documentation on this error, please visit: https://www.selenium.dev/documentation/webdriver/troubleshooting/errors#no-such-element-exception
Stacktrace:
	GetHandleVerifier [0x00CFD363+60275]
	GetHandleVerifier [0x00CFD3A4+60340]
	(No symbol) [0x00B306F3]
	(No symbol) [0x00B78690]
	(No symbol) [0x00B78A2B]
	(No symbol) [0x00BC0EE2]
	(No symbol) [0x00B9D0D4]
	(No symbol) [0x00BBE6EB]
	(No symbol) [0x00B9CE86]
	(No symbol) [0x00B6C623]
	(No symbol) [0x00B6D474]
	GetHandleVerifier [0x00F48FE3+2467827]
	GetHandleVerifier [0x00F445E6+2448886]
	GetHandleVerifier [0x00F5F80C+2560028]
	GetHandleVerifier [0x00D13DF5+153093]
	GetHandleVerifier [0x00D1A3BD+179149]
	GetHandleVerifier [0x00D04BB8+91080]
	GetHandleVerifier [0x00D04D60+91504]
	GetHandleVerifier [0x00CEFA10+4640]
	BaseThreadInitThunk [0x75C9FCC9+25]
	RtlGetAppContainerNamedObjectPath [0x777082AE+286]
	RtlGetAppContainerNamedObjectPath [0x7770827E+238]

2025-04-29 07:03:57,358 - WARNING - Could not click on second tab: Message: no such element: Unable to locate element: {"method":"css selector","selector":".tab-links li:nth-child(2) a"}
  (Session info: chrome=135.0.7049.115); For documentation on this error, please visit: https://www.selenium.dev/documentation/webdriver/troubleshooting/errors#no-such-element-exception
Stacktrace:
	GetHandleVerifier [0x00CFD363+60275]
	GetHandleVerifier [0x00CFD3A4+60340]
	(No symbol) [0x00B306F3]
	(No symbol) [0x00B78690]
	(No symbol) [0x00B78A2B]
	(No symbol) [0x00BC0EE2]
	(No symbol) [0x00B9D0D4]
	(No symbol) [0x00BBE6EB]
	(No symbol) [0x00B9CE86]
	(No symbol) [0x00B6C623]
	(No symbol) [0x00B6D474]
	GetHandleVerifier [0x00F48FE3+2467827]
	GetHandleVerifier [0x00F445E6+2448886]
	GetHandleVerifier [0x00F5F80C+2560028]
	GetHandleVerifier [0x00D13DF5+153093]
	GetHandleVerifier [0x00D1A3BD+179149]
	GetHandleVerifier [0x00D04BB8+91080]
	GetHandleVerifier [0x00D04D60+91504]
	GetHandleVerifier [0x00CEFA10+4640]
	BaseThreadInitThunk [0x75C9FCC9+25]
	RtlGetAppContainerNamedObjectPath [0x777082AE+286]
	RtlGetAppContainerNamedObjectPath [0x7770827E+238]

2025-04-29 07:03:57,539 - INFO - Saved screenshot of sector tab
2025-04-29 07:03:57,555 - INFO - Found 6 tables on page
2025-04-29 07:03:57,556 - INFO - Checking table 1
2025-04-29 07:03:57,566 - INFO - Checking table 2
2025-04-29 07:03:57,579 - INFO - Found likely sector table (table #2)
2025-04-29 07:03:57,663 - WARNING - Could not find percent change for 
2025-04-29 07:03:57,740 - INFO - Found percent change: 0.11% in '24.80 (0.11%)'
2025-04-29 07:03:57,743 - INFO - Added sector: Auto, Change: 0.11%
2025-04-29 07:03:57,818 - INFO - Found percent change: 0.42% in '143.85 (0.42%)'
2025-04-29 07:03:57,818 - INFO - Added sector: Energy, Change: 0.42%
2025-04-29 07:03:57,881 - INFO - Found percent change: -0.24% in '-63.65 (-0.24%)'
2025-04-29 07:03:57,882 - INFO - Added sector: Financial Services, Change: -0.24%
2025-04-29 07:03:57,944 - INFO - Found percent change: -0.08% in '-47.50 (-0.08%)'
2025-04-29 07:03:57,945 - INFO - Added sector: FMCG, Change: -0.08%
2025-04-29 07:03:58,004 - INFO - Found percent change: 0.61% in '215.55 (0.61%)'
2025-04-29 07:03:58,005 - INFO - Added sector: IT, Change: 0.61%
2025-04-29 07:03:58,052 - INFO - Found percent change: 0.16% in '2.50 (0.16%)'
2025-04-29 07:03:58,053 - INFO - Added sector: Media, Change: 0.16%
2025-04-29 07:03:58,102 - INFO - Found percent change: 0.14% in '12.55 (0.14%)'
2025-04-29 07:03:58,102 - INFO - Added sector: Metal, Change: 0.14%
2025-04-29 07:03:58,153 - INFO - Found percent change: -0.48% in '-105.15 (-0.48%)'
2025-04-29 07:03:58,153 - INFO - Added sector: Pharma, Change: -0.48%
2025-04-29 07:03:58,201 - INFO - Found percent change: 0.62% in '41.25 (0.62%)'
2025-04-29 07:03:58,202 - INFO - Added sector: PSU Bank, Change: 0.62%
2025-04-29 07:03:58,261 - INFO - Found percent change: 0.53% in '4.65 (0.53%)'
2025-04-29 07:03:58,261 - INFO - Added sector: Realty, Change: 0.53%
2025-04-29 07:04:00,986 - INFO - Saved sector data to sector.csv
2025-04-29 07:05:01,653 - INFO - Running Nuvama sector data scraper job at 2025-04-29 07:05:01
2025-04-29 07:05:01,654 - INFO - Setting up Chrome driver...
2025-04-29 07:05:01,654 - INFO - ====== WebDriver manager ======
2025-04-29 07:05:03,102 - INFO - Get LATEST chromedriver version for google-chrome
2025-04-29 07:05:03,145 - INFO - Get LATEST chromedriver version for google-chrome
2025-04-29 07:05:03,188 - INFO - Driver [C:\Users\Rajee\.wdm\drivers\chromedriver\win64\135.0.7049.114\chromedriver-win32/chromedriver.exe] found in cache
2025-04-29 07:05:04,595 - INFO - Navigating to https://www.nuvamawealth.com/market/stock-market-index/#key-indices
2025-04-29 07:05:08,315 - INFO - Waiting for page to load...
2025-04-29 07:05:25,520 - INFO - Refreshed page to get latest data
2025-04-29 07:05:35,546 - WARNING - Could not click on SECTOR INDICES tab: Message: no such element: Unable to locate element: {"method":"xpath","selector":"//a[text()='SECTOR INDICES']"}
  (Session info: chrome=135.0.7049.115); For documentation on this error, please visit: https://www.selenium.dev/documentation/webdriver/troubleshooting/errors#no-such-element-exception
Stacktrace:
	GetHandleVerifier [0x00CFD363+60275]
	GetHandleVerifier [0x00CFD3A4+60340]
	(No symbol) [0x00B306F3]
	(No symbol) [0x00B78690]
	(No symbol) [0x00B78A2B]
	(No symbol) [0x00BC0EE2]
	(No symbol) [0x00B9D0D4]
	(No symbol) [0x00BBE6EB]
	(No symbol) [0x00B9CE86]
	(No symbol) [0x00B6C623]
	(No symbol) [0x00B6D474]
	GetHandleVerifier [0x00F48FE3+2467827]
	GetHandleVerifier [0x00F445E6+2448886]
	GetHandleVerifier [0x00F5F80C+2560028]
	GetHandleVerifier [0x00D13DF5+153093]
	GetHandleVerifier [0x00D1A3BD+179149]
	GetHandleVerifier [0x00D04BB8+91080]
	GetHandleVerifier [0x00D04D60+91504]
	GetHandleVerifier [0x00CEFA10+4640]
	BaseThreadInitThunk [0x75C9FCC9+25]
	RtlGetAppContainerNamedObjectPath [0x777082AE+286]
	RtlGetAppContainerNamedObjectPath [0x7770827E+238]

2025-04-29 07:05:35,564 - WARNING - Could not click on second tab: Message: no such element: Unable to locate element: {"method":"css selector","selector":".tab-links li:nth-child(2) a"}
  (Session info: chrome=135.0.7049.115); For documentation on this error, please visit: https://www.selenium.dev/documentation/webdriver/troubleshooting/errors#no-such-element-exception
Stacktrace:
	GetHandleVerifier [0x00CFD363+60275]
	GetHandleVerifier [0x00CFD3A4+60340]
	(No symbol) [0x00B306F3]
	(No symbol) [0x00B78690]
	(No symbol) [0x00B78A2B]
	(No symbol) [0x00BC0EE2]
	(No symbol) [0x00B9D0D4]
	(No symbol) [0x00BBE6EB]
	(No symbol) [0x00B9CE86]
	(No symbol) [0x00B6C623]
	(No symbol) [0x00B6D474]
	GetHandleVerifier [0x00F48FE3+2467827]
	GetHandleVerifier [0x00F445E6+2448886]
	GetHandleVerifier [0x00F5F80C+2560028]
	GetHandleVerifier [0x00D13DF5+153093]
	GetHandleVerifier [0x00D1A3BD+179149]
	GetHandleVerifier [0x00D04BB8+91080]
	GetHandleVerifier [0x00D04D60+91504]
	GetHandleVerifier [0x00CEFA10+4640]
	BaseThreadInitThunk [0x75C9FCC9+25]
	RtlGetAppContainerNamedObjectPath [0x777082AE+286]
	RtlGetAppContainerNamedObjectPath [0x7770827E+238]

2025-04-29 07:05:35,713 - INFO - Saved screenshot of sector tab
2025-04-29 07:05:35,729 - INFO - Found 6 tables on page
2025-04-29 07:05:35,729 - INFO - Checking table 1
2025-04-29 07:05:35,741 - INFO - Checking table 2
2025-04-29 07:05:35,752 - INFO - Found likely sector table (table #2)
2025-04-29 07:05:35,838 - WARNING - Could not find percent change for 
2025-04-29 07:05:35,946 - INFO - Found percent change: 0.11% in '24.80 (0.11%)'
2025-04-29 07:05:35,947 - INFO - Added sector: Auto, Change: 0.11%
2025-04-29 07:05:35,995 - INFO - Found percent change: 0.42% in '143.85 (0.42%)'
2025-04-29 07:05:35,996 - INFO - Added sector: Energy, Change: 0.42%
2025-04-29 07:05:36,046 - INFO - Found percent change: -0.24% in '-63.65 (-0.24%)'
2025-04-29 07:05:36,046 - INFO - Added sector: Financial Services, Change: -0.24%
2025-04-29 07:05:36,100 - INFO - Found percent change: -0.08% in '-47.50 (-0.08%)'
2025-04-29 07:05:36,100 - INFO - Added sector: FMCG, Change: -0.08%
2025-04-29 07:05:36,151 - INFO - Found percent change: 0.61% in '215.55 (0.61%)'
2025-04-29 07:05:36,151 - INFO - Added sector: IT, Change: 0.61%
2025-04-29 07:05:36,197 - INFO - Found percent change: 0.16% in '2.50 (0.16%)'
2025-04-29 07:05:36,197 - INFO - Added sector: Media, Change: 0.16%
2025-04-29 07:05:36,260 - INFO - Found percent change: 0.14% in '12.55 (0.14%)'
2025-04-29 07:05:36,260 - INFO - Added sector: Metal, Change: 0.14%
2025-04-29 07:05:36,326 - INFO - Found percent change: -0.48% in '-105.15 (-0.48%)'
2025-04-29 07:05:36,327 - INFO - Added sector: Pharma, Change: -0.48%
2025-04-29 07:05:36,373 - INFO - Found percent change: 0.62% in '41.25 (0.62%)'
2025-04-29 07:05:36,374 - INFO - Added sector: PSU Bank, Change: 0.62%
2025-04-29 07:05:36,424 - INFO - Found percent change: 0.53% in '4.65 (0.53%)'
2025-04-29 07:05:36,425 - INFO - Added sector: Realty, Change: 0.53%
2025-04-29 07:05:39,140 - INFO - Saved sector data to sector.csv
2025-04-29 07:06:39,807 - INFO - Running Nuvama sector data scraper job at 2025-04-29 07:06:39
2025-04-29 07:06:39,808 - INFO - Setting up Chrome driver...
2025-04-29 07:06:39,809 - INFO - ====== WebDriver manager ======
2025-04-29 07:06:41,085 - INFO - Get LATEST chromedriver version for google-chrome
2025-04-29 07:06:41,123 - INFO - Get LATEST chromedriver version for google-chrome
2025-04-29 07:06:41,163 - INFO - Driver [C:\Users\Rajee\.wdm\drivers\chromedriver\win64\135.0.7049.114\chromedriver-win32/chromedriver.exe] found in cache
2025-04-29 07:06:42,676 - INFO - Navigating to https://www.nuvamawealth.com/market/stock-market-index/#key-indices
2025-04-29 07:06:46,786 - INFO - Waiting for page to load...
2025-04-29 07:07:04,318 - INFO - Refreshed page to get latest data
2025-04-29 07:07:14,341 - WARNING - Could not click on SECTOR INDICES tab: Message: no such element: Unable to locate element: {"method":"xpath","selector":"//a[text()='SECTOR INDICES']"}
  (Session info: chrome=135.0.7049.115); For documentation on this error, please visit: https://www.selenium.dev/documentation/webdriver/troubleshooting/errors#no-such-element-exception
Stacktrace:
	GetHandleVerifier [0x00CFD363+60275]
	GetHandleVerifier [0x00CFD3A4+60340]
	(No symbol) [0x00B306F3]
	(No symbol) [0x00B78690]
	(No symbol) [0x00B78A2B]
	(No symbol) [0x00BC0EE2]
	(No symbol) [0x00B9D0D4]
	(No symbol) [0x00BBE6EB]
	(No symbol) [0x00B9CE86]
	(No symbol) [0x00B6C623]
	(No symbol) [0x00B6D474]
	GetHandleVerifier [0x00F48FE3+2467827]
	GetHandleVerifier [0x00F445E6+2448886]
	GetHandleVerifier [0x00F5F80C+2560028]
	GetHandleVerifier [0x00D13DF5+153093]
	GetHandleVerifier [0x00D1A3BD+179149]
	GetHandleVerifier [0x00D04BB8+91080]
	GetHandleVerifier [0x00D04D60+91504]
	GetHandleVerifier [0x00CEFA10+4640]
	BaseThreadInitThunk [0x75C9FCC9+25]
	RtlGetAppContainerNamedObjectPath [0x777082AE+286]
	RtlGetAppContainerNamedObjectPath [0x7770827E+238]

2025-04-29 07:07:14,354 - WARNING - Could not click on second tab: Message: no such element: Unable to locate element: {"method":"css selector","selector":".tab-links li:nth-child(2) a"}
  (Session info: chrome=135.0.7049.115); For documentation on this error, please visit: https://www.selenium.dev/documentation/webdriver/troubleshooting/errors#no-such-element-exception
Stacktrace:
	GetHandleVerifier [0x00CFD363+60275]
	GetHandleVerifier [0x00CFD3A4+60340]
	(No symbol) [0x00B306F3]
	(No symbol) [0x00B78690]
	(No symbol) [0x00B78A2B]
	(No symbol) [0x00BC0EE2]
	(No symbol) [0x00B9D0D4]
	(No symbol) [0x00BBE6EB]
	(No symbol) [0x00B9CE86]
	(No symbol) [0x00B6C623]
	(No symbol) [0x00B6D474]
	GetHandleVerifier [0x00F48FE3+2467827]
	GetHandleVerifier [0x00F445E6+2448886]
	GetHandleVerifier [0x00F5F80C+2560028]
	GetHandleVerifier [0x00D13DF5+153093]
	GetHandleVerifier [0x00D1A3BD+179149]
	GetHandleVerifier [0x00D04BB8+91080]
	GetHandleVerifier [0x00D04D60+91504]
	GetHandleVerifier [0x00CEFA10+4640]
	BaseThreadInitThunk [0x75C9FCC9+25]
	RtlGetAppContainerNamedObjectPath [0x777082AE+286]
	RtlGetAppContainerNamedObjectPath [0x7770827E+238]

2025-04-29 07:07:14,516 - INFO - Saved screenshot of sector tab
2025-04-29 07:07:14,529 - INFO - Found 6 tables on page
2025-04-29 07:07:14,530 - INFO - Checking table 1
2025-04-29 07:07:14,541 - INFO - Checking table 2
2025-04-29 07:07:14,550 - INFO - Found likely sector table (table #2)
2025-04-29 07:07:14,634 - WARNING - Could not find percent change for 
2025-04-29 07:07:14,689 - INFO - Found percent change: 0.11% in '24.80 (0.11%)'
2025-04-29 07:07:14,690 - INFO - Added sector: Auto, Change: 0.11%
2025-04-29 07:07:14,743 - INFO - Found percent change: 0.42% in '143.85 (0.42%)'
2025-04-29 07:07:14,743 - INFO - Added sector: Energy, Change: 0.42%
2025-04-29 07:07:14,796 - INFO - Found percent change: -0.24% in '-63.65 (-0.24%)'
2025-04-29 07:07:14,796 - INFO - Added sector: Financial Services, Change: -0.24%
2025-04-29 07:07:14,853 - INFO - Found percent change: -0.08% in '-47.50 (-0.08%)'
2025-04-29 07:07:14,853 - INFO - Added sector: FMCG, Change: -0.08%
2025-04-29 07:07:14,902 - INFO - Found percent change: 0.61% in '215.55 (0.61%)'
2025-04-29 07:07:14,902 - INFO - Added sector: IT, Change: 0.61%
2025-04-29 07:07:14,951 - INFO - Found percent change: 0.16% in '2.50 (0.16%)'
2025-04-29 07:07:14,951 - INFO - Added sector: Media, Change: 0.16%
2025-04-29 07:07:14,999 - INFO - Found percent change: 0.14% in '12.55 (0.14%)'
2025-04-29 07:07:15,000 - INFO - Added sector: Metal, Change: 0.14%
2025-04-29 07:07:15,051 - INFO - Found percent change: -0.48% in '-105.15 (-0.48%)'
2025-04-29 07:07:15,051 - INFO - Added sector: Pharma, Change: -0.48%
2025-04-29 07:07:15,102 - INFO - Found percent change: 0.62% in '41.25 (0.62%)'
2025-04-29 07:07:15,102 - INFO - Added sector: PSU Bank, Change: 0.62%
2025-04-29 07:07:15,155 - INFO - Found percent change: 0.53% in '4.65 (0.53%)'
2025-04-29 07:07:15,156 - INFO - Added sector: Realty, Change: 0.53%
2025-04-29 07:07:18,004 - INFO - Saved sector data to sector.csv
2025-04-29 07:08:18,670 - INFO - Running Nuvama sector data scraper job at 2025-04-29 07:08:18
2025-04-29 07:08:18,671 - INFO - Setting up Chrome driver...
2025-04-29 07:08:18,671 - INFO - ====== WebDriver manager ======
2025-04-29 07:08:19,949 - INFO - Get LATEST chromedriver version for google-chrome
2025-04-29 07:08:19,993 - INFO - Get LATEST chromedriver version for google-chrome
2025-04-29 07:08:20,035 - INFO - Driver [C:\Users\Rajee\.wdm\drivers\chromedriver\win64\135.0.7049.114\chromedriver-win32/chromedriver.exe] found in cache
2025-04-29 07:08:21,361 - INFO - Navigating to https://www.nuvamawealth.com/market/stock-market-index/#key-indices
2025-04-29 07:08:25,608 - INFO - Waiting for page to load...
2025-04-29 07:08:42,916 - INFO - Refreshed page to get latest data
2025-04-29 07:08:52,978 - WARNING - Could not click on SECTOR INDICES tab: Message: no such element: Unable to locate element: {"method":"xpath","selector":"//a[text()='SECTOR INDICES']"}
  (Session info: chrome=135.0.7049.115); For documentation on this error, please visit: https://www.selenium.dev/documentation/webdriver/troubleshooting/errors#no-such-element-exception
Stacktrace:
	GetHandleVerifier [0x00CFD363+60275]
	GetHandleVerifier [0x00CFD3A4+60340]
	(No symbol) [0x00B306F3]
	(No symbol) [0x00B78690]
	(No symbol) [0x00B78A2B]
	(No symbol) [0x00BC0EE2]
	(No symbol) [0x00B9D0D4]
	(No symbol) [0x00BBE6EB]
	(No symbol) [0x00B9CE86]
	(No symbol) [0x00B6C623]
	(No symbol) [0x00B6D474]
	GetHandleVerifier [0x00F48FE3+2467827]
	GetHandleVerifier [0x00F445E6+2448886]
	GetHandleVerifier [0x00F5F80C+2560028]
	GetHandleVerifier [0x00D13DF5+153093]
	GetHandleVerifier [0x00D1A3BD+179149]
	GetHandleVerifier [0x00D04BB8+91080]
	GetHandleVerifier [0x00D04D60+91504]
	GetHandleVerifier [0x00CEFA10+4640]
	BaseThreadInitThunk [0x75C9FCC9+25]
	RtlGetAppContainerNamedObjectPath [0x777082AE+286]
	RtlGetAppContainerNamedObjectPath [0x7770827E+238]

2025-04-29 07:08:52,996 - WARNING - Could not click on second tab: Message: no such element: Unable to locate element: {"method":"css selector","selector":".tab-links li:nth-child(2) a"}
  (Session info: chrome=135.0.7049.115); For documentation on this error, please visit: https://www.selenium.dev/documentation/webdriver/troubleshooting/errors#no-such-element-exception
Stacktrace:
	GetHandleVerifier [0x00CFD363+60275]
	GetHandleVerifier [0x00CFD3A4+60340]
	(No symbol) [0x00B306F3]
	(No symbol) [0x00B78690]
	(No symbol) [0x00B78A2B]
	(No symbol) [0x00BC0EE2]
	(No symbol) [0x00B9D0D4]
	(No symbol) [0x00BBE6EB]
	(No symbol) [0x00B9CE86]
	(No symbol) [0x00B6C623]
	(No symbol) [0x00B6D474]
	GetHandleVerifier [0x00F48FE3+2467827]
	GetHandleVerifier [0x00F445E6+2448886]
	GetHandleVerifier [0x00F5F80C+2560028]
	GetHandleVerifier [0x00D13DF5+153093]
	GetHandleVerifier [0x00D1A3BD+179149]
	GetHandleVerifier [0x00D04BB8+91080]
	GetHandleVerifier [0x00D04D60+91504]
	GetHandleVerifier [0x00CEFA10+4640]
	BaseThreadInitThunk [0x75C9FCC9+25]
	RtlGetAppContainerNamedObjectPath [0x777082AE+286]
	RtlGetAppContainerNamedObjectPath [0x7770827E+238]

2025-04-29 07:08:53,140 - INFO - Saved screenshot of sector tab
2025-04-29 07:08:53,155 - INFO - Found 6 tables on page
2025-04-29 07:08:53,156 - INFO - Checking table 1
2025-04-29 07:08:53,165 - INFO - Checking table 2
2025-04-29 07:08:53,179 - INFO - Found likely sector table (table #2)
2025-04-29 07:08:53,251 - WARNING - Could not find percent change for 
2025-04-29 07:08:53,302 - INFO - Found percent change: 0.11% in '24.80 (0.11%)'
2025-04-29 07:08:53,302 - INFO - Added sector: Auto, Change: 0.11%
2025-04-29 07:08:53,350 - INFO - Found percent change: 0.42% in '143.85 (0.42%)'
2025-04-29 07:08:53,351 - INFO - Added sector: Energy, Change: 0.42%
2025-04-29 07:08:53,402 - INFO - Found percent change: -0.24% in '-63.65 (-0.24%)'
2025-04-29 07:08:53,402 - INFO - Added sector: Financial Services, Change: -0.24%
2025-04-29 07:08:53,458 - INFO - Found percent change: -0.08% in '-47.50 (-0.08%)'
2025-04-29 07:08:53,458 - INFO - Added sector: FMCG, Change: -0.08%
2025-04-29 07:08:53,512 - INFO - Found percent change: 0.61% in '215.55 (0.61%)'
2025-04-29 07:08:53,512 - INFO - Added sector: IT, Change: 0.61%
2025-04-29 07:08:53,564 - INFO - Found percent change: 0.16% in '2.50 (0.16%)'
2025-04-29 07:08:53,564 - INFO - Added sector: Media, Change: 0.16%
2025-04-29 07:08:53,611 - INFO - Found percent change: 0.14% in '12.55 (0.14%)'
2025-04-29 07:08:53,611 - INFO - Added sector: Metal, Change: 0.14%
2025-04-29 07:08:53,674 - INFO - Found percent change: -0.48% in '-105.15 (-0.48%)'
2025-04-29 07:08:53,675 - INFO - Added sector: Pharma, Change: -0.48%
2025-04-29 07:08:53,723 - INFO - Found percent change: 0.62% in '41.25 (0.62%)'
2025-04-29 07:08:53,724 - INFO - Added sector: PSU Bank, Change: 0.62%
2025-04-29 07:08:53,776 - INFO - Found percent change: 0.53% in '4.65 (0.53%)'
2025-04-29 07:08:53,776 - INFO - Added sector: Realty, Change: 0.53%
2025-04-29 07:08:56,451 - INFO - Saved sector data to sector.csv
2025-04-29 07:09:57,115 - INFO - Running Nuvama sector data scraper job at 2025-04-29 07:09:57
2025-04-29 07:09:57,116 - INFO - Setting up Chrome driver...
2025-04-29 07:09:57,117 - INFO - ====== WebDriver manager ======
2025-04-29 07:09:58,453 - INFO - Get LATEST chromedriver version for google-chrome
2025-04-29 07:09:58,522 - INFO - Get LATEST chromedriver version for google-chrome
2025-04-29 07:09:58,571 - INFO - Driver [C:\Users\Rajee\.wdm\drivers\chromedriver\win64\135.0.7049.114\chromedriver-win32/chromedriver.exe] found in cache
2025-04-29 07:10:00,125 - INFO - Navigating to https://www.nuvamawealth.com/market/stock-market-index/#key-indices
2025-04-29 07:10:04,698 - INFO - Waiting for page to load...
2025-04-29 07:10:21,993 - INFO - Refreshed page to get latest data
2025-04-29 07:10:32,016 - WARNING - Could not click on SECTOR INDICES tab: Message: no such element: Unable to locate element: {"method":"xpath","selector":"//a[text()='SECTOR INDICES']"}
  (Session info: chrome=135.0.7049.115); For documentation on this error, please visit: https://www.selenium.dev/documentation/webdriver/troubleshooting/errors#no-such-element-exception
Stacktrace:
	GetHandleVerifier [0x00CFD363+60275]
	GetHandleVerifier [0x00CFD3A4+60340]
	(No symbol) [0x00B306F3]
	(No symbol) [0x00B78690]
	(No symbol) [0x00B78A2B]
	(No symbol) [0x00BC0EE2]
	(No symbol) [0x00B9D0D4]
	(No symbol) [0x00BBE6EB]
	(No symbol) [0x00B9CE86]
	(No symbol) [0x00B6C623]
	(No symbol) [0x00B6D474]
	GetHandleVerifier [0x00F48FE3+2467827]
	GetHandleVerifier [0x00F445E6+2448886]
	GetHandleVerifier [0x00F5F80C+2560028]
	GetHandleVerifier [0x00D13DF5+153093]
	GetHandleVerifier [0x00D1A3BD+179149]
	GetHandleVerifier [0x00D04BB8+91080]
	GetHandleVerifier [0x00D04D60+91504]
	GetHandleVerifier [0x00CEFA10+4640]
	BaseThreadInitThunk [0x75C9FCC9+25]
	RtlGetAppContainerNamedObjectPath [0x777082AE+286]
	RtlGetAppContainerNamedObjectPath [0x7770827E+238]

2025-04-29 07:10:32,035 - WARNING - Could not click on second tab: Message: no such element: Unable to locate element: {"method":"css selector","selector":".tab-links li:nth-child(2) a"}
  (Session info: chrome=135.0.7049.115); For documentation on this error, please visit: https://www.selenium.dev/documentation/webdriver/troubleshooting/errors#no-such-element-exception
Stacktrace:
	GetHandleVerifier [0x00CFD363+60275]
	GetHandleVerifier [0x00CFD3A4+60340]
	(No symbol) [0x00B306F3]
	(No symbol) [0x00B78690]
	(No symbol) [0x00B78A2B]
	(No symbol) [0x00BC0EE2]
	(No symbol) [0x00B9D0D4]
	(No symbol) [0x00BBE6EB]
	(No symbol) [0x00B9CE86]
	(No symbol) [0x00B6C623]
	(No symbol) [0x00B6D474]
	GetHandleVerifier [0x00F48FE3+2467827]
	GetHandleVerifier [0x00F445E6+2448886]
	GetHandleVerifier [0x00F5F80C+2560028]
	GetHandleVerifier [0x00D13DF5+153093]
	GetHandleVerifier [0x00D1A3BD+179149]
	GetHandleVerifier [0x00D04BB8+91080]
	GetHandleVerifier [0x00D04D60+91504]
	GetHandleVerifier [0x00CEFA10+4640]
	BaseThreadInitThunk [0x75C9FCC9+25]
	RtlGetAppContainerNamedObjectPath [0x777082AE+286]
	RtlGetAppContainerNamedObjectPath [0x7770827E+238]

2025-04-29 07:10:32,193 - INFO - Saved screenshot of sector tab
2025-04-29 07:10:32,209 - INFO - Found 6 tables on page
2025-04-29 07:10:32,210 - INFO - Checking table 1
2025-04-29 07:10:32,225 - INFO - Checking table 2
2025-04-29 07:10:32,237 - INFO - Found likely sector table (table #2)
2025-04-29 07:10:32,321 - WARNING - Could not find percent change for 
2025-04-29 07:10:32,370 - INFO - Found percent change: 0.11% in '24.80 (0.11%)'
2025-04-29 07:10:32,371 - INFO - Added sector: Auto, Change: 0.11%
2025-04-29 07:10:32,419 - INFO - Found percent change: 0.42% in '143.85 (0.42%)'
2025-04-29 07:10:32,420 - INFO - Added sector: Energy, Change: 0.42%
2025-04-29 07:10:32,464 - INFO - Found percent change: -0.24% in '-63.65 (-0.24%)'
2025-04-29 07:10:32,465 - INFO - Added sector: Financial Services, Change: -0.24%
2025-04-29 07:10:32,516 - INFO - Found percent change: -0.08% in '-47.50 (-0.08%)'
2025-04-29 07:10:32,516 - INFO - Added sector: FMCG, Change: -0.08%
2025-04-29 07:10:32,576 - INFO - Found percent change: 0.61% in '215.55 (0.61%)'
2025-04-29 07:10:32,577 - INFO - Added sector: IT, Change: 0.61%
2025-04-29 07:10:32,627 - INFO - Found percent change: 0.16% in '2.50 (0.16%)'
2025-04-29 07:10:32,628 - INFO - Added sector: Media, Change: 0.16%
2025-04-29 07:10:32,674 - INFO - Found percent change: 0.14% in '12.55 (0.14%)'
2025-04-29 07:10:32,674 - INFO - Added sector: Metal, Change: 0.14%
2025-04-29 07:10:32,720 - INFO - Found percent change: -0.48% in '-105.15 (-0.48%)'
2025-04-29 07:10:32,720 - INFO - Added sector: Pharma, Change: -0.48%
2025-04-29 07:10:32,774 - INFO - Found percent change: 0.62% in '41.25 (0.62%)'
2025-04-29 07:10:32,774 - INFO - Added sector: PSU Bank, Change: 0.62%
2025-04-29 07:10:32,824 - INFO - Found percent change: 0.53% in '4.65 (0.53%)'
2025-04-29 07:10:32,824 - INFO - Added sector: Realty, Change: 0.53%
2025-04-29 07:10:35,490 - INFO - Saved sector data to sector.csv
2025-04-29 07:11:36,120 - INFO - Running Nuvama sector data scraper job at 2025-04-29 07:11:36
2025-04-29 07:11:36,121 - INFO - Setting up Chrome driver...
2025-04-29 07:11:36,121 - INFO - ====== WebDriver manager ======
2025-04-29 07:11:39,314 - INFO - Get LATEST chromedriver version for google-chrome
2025-04-29 07:11:39,364 - INFO - Get LATEST chromedriver version for google-chrome
2025-04-29 07:11:39,414 - INFO - Driver [C:\Users\Rajee\.wdm\drivers\chromedriver\win64\135.0.7049.114\chromedriver-win32/chromedriver.exe] found in cache
2025-04-29 07:11:41,054 - INFO - Navigating to https://www.nuvamawealth.com/market/stock-market-index/#key-indices
2025-04-29 07:11:46,320 - INFO - Waiting for page to load...
2025-04-29 07:12:03,632 - INFO - Refreshed page to get latest data
2025-04-29 07:12:13,658 - WARNING - Could not click on SECTOR INDICES tab: Message: no such element: Unable to locate element: {"method":"xpath","selector":"//a[text()='SECTOR INDICES']"}
  (Session info: chrome=135.0.7049.115); For documentation on this error, please visit: https://www.selenium.dev/documentation/webdriver/troubleshooting/errors#no-such-element-exception
Stacktrace:
	GetHandleVerifier [0x00CFD363+60275]
	GetHandleVerifier [0x00CFD3A4+60340]
	(No symbol) [0x00B306F3]
	(No symbol) [0x00B78690]
	(No symbol) [0x00B78A2B]
	(No symbol) [0x00BC0EE2]
	(No symbol) [0x00B9D0D4]
	(No symbol) [0x00BBE6EB]
	(No symbol) [0x00B9CE86]
	(No symbol) [0x00B6C623]
	(No symbol) [0x00B6D474]
	GetHandleVerifier [0x00F48FE3+2467827]
	GetHandleVerifier [0x00F445E6+2448886]
	GetHandleVerifier [0x00F5F80C+2560028]
	GetHandleVerifier [0x00D13DF5+153093]
	GetHandleVerifier [0x00D1A3BD+179149]
	GetHandleVerifier [0x00D04BB8+91080]
	GetHandleVerifier [0x00D04D60+91504]
	GetHandleVerifier [0x00CEFA10+4640]
	BaseThreadInitThunk [0x75C9FCC9+25]
	RtlGetAppContainerNamedObjectPath [0x777082AE+286]
	RtlGetAppContainerNamedObjectPath [0x7770827E+238]

2025-04-29 07:12:13,673 - WARNING - Could not click on second tab: Message: no such element: Unable to locate element: {"method":"css selector","selector":".tab-links li:nth-child(2) a"}
  (Session info: chrome=135.0.7049.115); For documentation on this error, please visit: https://www.selenium.dev/documentation/webdriver/troubleshooting/errors#no-such-element-exception
Stacktrace:
	GetHandleVerifier [0x00CFD363+60275]
	GetHandleVerifier [0x00CFD3A4+60340]
	(No symbol) [0x00B306F3]
	(No symbol) [0x00B78690]
	(No symbol) [0x00B78A2B]
	(No symbol) [0x00BC0EE2]
	(No symbol) [0x00B9D0D4]
	(No symbol) [0x00BBE6EB]
	(No symbol) [0x00B9CE86]
	(No symbol) [0x00B6C623]
	(No symbol) [0x00B6D474]
	GetHandleVerifier [0x00F48FE3+2467827]
	GetHandleVerifier [0x00F445E6+2448886]
	GetHandleVerifier [0x00F5F80C+2560028]
	GetHandleVerifier [0x00D13DF5+153093]
	GetHandleVerifier [0x00D1A3BD+179149]
	GetHandleVerifier [0x00D04BB8+91080]
	GetHandleVerifier [0x00D04D60+91504]
	GetHandleVerifier [0x00CEFA10+4640]
	BaseThreadInitThunk [0x75C9FCC9+25]
	RtlGetAppContainerNamedObjectPath [0x777082AE+286]
	RtlGetAppContainerNamedObjectPath [0x7770827E+238]

2025-04-29 07:12:13,930 - INFO - Saved screenshot of sector tab
2025-04-29 07:12:13,943 - INFO - Found 6 tables on page
2025-04-29 07:12:13,944 - INFO - Checking table 1
2025-04-29 07:12:13,952 - INFO - Checking table 2
2025-04-29 07:12:13,961 - INFO - Found likely sector table (table #2)
2025-04-29 07:12:14,029 - WARNING - Could not find percent change for 
2025-04-29 07:12:14,077 - INFO - Found percent change: 0.11% in '24.80 (0.11%)'
2025-04-29 07:12:14,077 - INFO - Added sector: Auto, Change: 0.11%
2025-04-29 07:12:14,127 - INFO - Found percent change: 0.42% in '143.85 (0.42%)'
2025-04-29 07:12:14,128 - INFO - Added sector: Energy, Change: 0.42%
2025-04-29 07:12:14,178 - INFO - Found percent change: -0.24% in '-63.65 (-0.24%)'
2025-04-29 07:12:14,178 - INFO - Added sector: Financial Services, Change: -0.24%
2025-04-29 07:12:14,223 - INFO - Found percent change: -0.08% in '-47.50 (-0.08%)'
2025-04-29 07:12:14,223 - INFO - Added sector: FMCG, Change: -0.08%
2025-04-29 07:12:14,281 - INFO - Found percent change: 0.61% in '215.55 (0.61%)'
2025-04-29 07:12:14,282 - INFO - Added sector: IT, Change: 0.61%
2025-04-29 07:12:14,332 - INFO - Found percent change: 0.16% in '2.50 (0.16%)'
2025-04-29 07:12:14,332 - INFO - Added sector: Media, Change: 0.16%
2025-04-29 07:12:14,389 - INFO - Found percent change: 0.14% in '12.55 (0.14%)'
2025-04-29 07:12:14,389 - INFO - Added sector: Metal, Change: 0.14%
2025-04-29 07:12:14,445 - INFO - Found percent change: -0.48% in '-105.15 (-0.48%)'
2025-04-29 07:12:14,445 - INFO - Added sector: Pharma, Change: -0.48%
2025-04-29 07:12:14,496 - INFO - Found percent change: 0.62% in '41.25 (0.62%)'
2025-04-29 07:12:14,496 - INFO - Added sector: PSU Bank, Change: 0.62%
2025-04-29 07:12:14,552 - INFO - Found percent change: 0.53% in '4.65 (0.53%)'
2025-04-29 07:12:14,553 - INFO - Added sector: Realty, Change: 0.53%
2025-04-29 07:12:17,504 - INFO - Saved sector data to sector.csv
2025-04-29 07:13:18,138 - INFO - Running Nuvama sector data scraper job at 2025-04-29 07:13:18
2025-04-29 07:13:18,138 - INFO - Setting up Chrome driver...
2025-04-29 07:13:18,139 - INFO - ====== WebDriver manager ======
2025-04-29 07:13:19,547 - INFO - Get LATEST chromedriver version for google-chrome
2025-04-29 07:13:19,588 - INFO - Get LATEST chromedriver version for google-chrome
2025-04-29 07:13:19,630 - INFO - Driver [C:\Users\Rajee\.wdm\drivers\chromedriver\win64\135.0.7049.114\chromedriver-win32/chromedriver.exe] found in cache
2025-04-29 07:13:21,148 - INFO - Navigating to https://www.nuvamawealth.com/market/stock-market-index/#key-indices
2025-04-29 07:13:25,351 - INFO - Waiting for page to load...
2025-04-29 07:13:42,768 - INFO - Refreshed page to get latest data
2025-04-29 07:13:52,792 - WARNING - Could not click on SECTOR INDICES tab: Message: no such element: Unable to locate element: {"method":"xpath","selector":"//a[text()='SECTOR INDICES']"}
  (Session info: chrome=135.0.7049.115); For documentation on this error, please visit: https://www.selenium.dev/documentation/webdriver/troubleshooting/errors#no-such-element-exception
Stacktrace:
	GetHandleVerifier [0x00CFD363+60275]
	GetHandleVerifier [0x00CFD3A4+60340]
	(No symbol) [0x00B306F3]
	(No symbol) [0x00B78690]
	(No symbol) [0x00B78A2B]
	(No symbol) [0x00BC0EE2]
	(No symbol) [0x00B9D0D4]
	(No symbol) [0x00BBE6EB]
	(No symbol) [0x00B9CE86]
	(No symbol) [0x00B6C623]
	(No symbol) [0x00B6D474]
	GetHandleVerifier [0x00F48FE3+2467827]
	GetHandleVerifier [0x00F445E6+2448886]
	GetHandleVerifier [0x00F5F80C+2560028]
	GetHandleVerifier [0x00D13DF5+153093]
	GetHandleVerifier [0x00D1A3BD+179149]
	GetHandleVerifier [0x00D04BB8+91080]
	GetHandleVerifier [0x00D04D60+91504]
	GetHandleVerifier [0x00CEFA10+4640]
	BaseThreadInitThunk [0x75C9FCC9+25]
	RtlGetAppContainerNamedObjectPath [0x777082AE+286]
	RtlGetAppContainerNamedObjectPath [0x7770827E+238]

2025-04-29 07:13:52,811 - WARNING - Could not click on second tab: Message: no such element: Unable to locate element: {"method":"css selector","selector":".tab-links li:nth-child(2) a"}
  (Session info: chrome=135.0.7049.115); For documentation on this error, please visit: https://www.selenium.dev/documentation/webdriver/troubleshooting/errors#no-such-element-exception
Stacktrace:
	GetHandleVerifier [0x00CFD363+60275]
	GetHandleVerifier [0x00CFD3A4+60340]
	(No symbol) [0x00B306F3]
	(No symbol) [0x00B78690]
	(No symbol) [0x00B78A2B]
	(No symbol) [0x00BC0EE2]
	(No symbol) [0x00B9D0D4]
	(No symbol) [0x00BBE6EB]
	(No symbol) [0x00B9CE86]
	(No symbol) [0x00B6C623]
	(No symbol) [0x00B6D474]
	GetHandleVerifier [0x00F48FE3+2467827]
	GetHandleVerifier [0x00F445E6+2448886]
	GetHandleVerifier [0x00F5F80C+2560028]
	GetHandleVerifier [0x00D13DF5+153093]
	GetHandleVerifier [0x00D1A3BD+179149]
	GetHandleVerifier [0x00D04BB8+91080]
	GetHandleVerifier [0x00D04D60+91504]
	GetHandleVerifier [0x00CEFA10+4640]
	BaseThreadInitThunk [0x75C9FCC9+25]
	RtlGetAppContainerNamedObjectPath [0x777082AE+286]
	RtlGetAppContainerNamedObjectPath [0x7770827E+238]

2025-04-29 07:13:52,954 - INFO - Saved screenshot of sector tab
2025-04-29 07:13:52,975 - INFO - Found 6 tables on page
2025-04-29 07:13:52,976 - INFO - Checking table 1
2025-04-29 07:13:52,990 - INFO - Checking table 2
2025-04-29 07:13:53,002 - INFO - Found likely sector table (table #2)
2025-04-29 07:13:53,084 - WARNING - Could not find percent change for 
2025-04-29 07:13:53,134 - INFO - Found percent change: 0.11% in '24.80 (0.11%)'
2025-04-29 07:13:53,134 - INFO - Added sector: Auto, Change: 0.11%
2025-04-29 07:13:53,191 - INFO - Found percent change: 0.42% in '143.85 (0.42%)'
2025-04-29 07:13:53,191 - INFO - Added sector: Energy, Change: 0.42%
2025-04-29 07:13:53,241 - INFO - Found percent change: -0.24% in '-63.65 (-0.24%)'
2025-04-29 07:13:53,242 - INFO - Added sector: Financial Services, Change: -0.24%
2025-04-29 07:13:53,304 - INFO - Found percent change: -0.08% in '-47.50 (-0.08%)'
2025-04-29 07:13:53,305 - INFO - Added sector: FMCG, Change: -0.08%
2025-04-29 07:13:53,358 - INFO - Found percent change: 0.61% in '215.55 (0.61%)'
2025-04-29 07:13:53,359 - INFO - Added sector: IT, Change: 0.61%
2025-04-29 07:13:53,405 - INFO - Found percent change: 0.16% in '2.50 (0.16%)'
2025-04-29 07:13:53,405 - INFO - Added sector: Media, Change: 0.16%
2025-04-29 07:13:53,450 - INFO - Found percent change: 0.14% in '12.55 (0.14%)'
2025-04-29 07:13:53,451 - INFO - Added sector: Metal, Change: 0.14%
2025-04-29 07:13:53,496 - INFO - Found percent change: -0.48% in '-105.15 (-0.48%)'
2025-04-29 07:13:53,497 - INFO - Added sector: Pharma, Change: -0.48%
2025-04-29 07:13:53,546 - INFO - Found percent change: 0.62% in '41.25 (0.62%)'
2025-04-29 07:13:53,547 - INFO - Added sector: PSU Bank, Change: 0.62%
2025-04-29 07:13:53,595 - INFO - Found percent change: 0.53% in '4.65 (0.53%)'
2025-04-29 07:13:53,596 - INFO - Added sector: Realty, Change: 0.53%
2025-04-29 07:13:56,625 - INFO - Saved sector data to sector.csv
2025-04-29 07:14:57,296 - INFO - Running Nuvama sector data scraper job at 2025-04-29 07:14:57
2025-04-29 07:14:57,296 - INFO - Setting up Chrome driver...
2025-04-29 07:14:57,298 - INFO - ====== WebDriver manager ======
2025-04-29 07:14:58,628 - INFO - Get LATEST chromedriver version for google-chrome
2025-04-29 07:14:58,683 - INFO - Get LATEST chromedriver version for google-chrome
2025-04-29 07:14:58,727 - INFO - Driver [C:\Users\Rajee\.wdm\drivers\chromedriver\win64\135.0.7049.114\chromedriver-win32/chromedriver.exe] found in cache
2025-04-29 07:15:00,079 - INFO - Navigating to https://www.nuvamawealth.com/market/stock-market-index/#key-indices
2025-04-29 07:15:03,895 - INFO - Waiting for page to load...
2025-04-29 07:15:21,430 - INFO - Refreshed page to get latest data
2025-04-29 07:15:31,461 - WARNING - Could not click on SECTOR INDICES tab: Message: no such element: Unable to locate element: {"method":"xpath","selector":"//a[text()='SECTOR INDICES']"}
  (Session info: chrome=135.0.7049.115); For documentation on this error, please visit: https://www.selenium.dev/documentation/webdriver/troubleshooting/errors#no-such-element-exception
Stacktrace:
	GetHandleVerifier [0x00CFD363+60275]
	GetHandleVerifier [0x00CFD3A4+60340]
	(No symbol) [0x00B306F3]
	(No symbol) [0x00B78690]
	(No symbol) [0x00B78A2B]
	(No symbol) [0x00BC0EE2]
	(No symbol) [0x00B9D0D4]
	(No symbol) [0x00BBE6EB]
	(No symbol) [0x00B9CE86]
	(No symbol) [0x00B6C623]
	(No symbol) [0x00B6D474]
	GetHandleVerifier [0x00F48FE3+2467827]
	GetHandleVerifier [0x00F445E6+2448886]
	GetHandleVerifier [0x00F5F80C+2560028]
	GetHandleVerifier [0x00D13DF5+153093]
	GetHandleVerifier [0x00D1A3BD+179149]
	GetHandleVerifier [0x00D04BB8+91080]
	GetHandleVerifier [0x00D04D60+91504]
	GetHandleVerifier [0x00CEFA10+4640]
	BaseThreadInitThunk [0x75C9FCC9+25]
	RtlGetAppContainerNamedObjectPath [0x777082AE+286]
	RtlGetAppContainerNamedObjectPath [0x7770827E+238]

2025-04-29 07:15:31,480 - WARNING - Could not click on second tab: Message: no such element: Unable to locate element: {"method":"css selector","selector":".tab-links li:nth-child(2) a"}
  (Session info: chrome=135.0.7049.115); For documentation on this error, please visit: https://www.selenium.dev/documentation/webdriver/troubleshooting/errors#no-such-element-exception
Stacktrace:
	GetHandleVerifier [0x00CFD363+60275]
	GetHandleVerifier [0x00CFD3A4+60340]
	(No symbol) [0x00B306F3]
	(No symbol) [0x00B78690]
	(No symbol) [0x00B78A2B]
	(No symbol) [0x00BC0EE2]
	(No symbol) [0x00B9D0D4]
	(No symbol) [0x00BBE6EB]
	(No symbol) [0x00B9CE86]
	(No symbol) [0x00B6C623]
	(No symbol) [0x00B6D474]
	GetHandleVerifier [0x00F48FE3+2467827]
	GetHandleVerifier [0x00F445E6+2448886]
	GetHandleVerifier [0x00F5F80C+2560028]
	GetHandleVerifier [0x00D13DF5+153093]
	GetHandleVerifier [0x00D1A3BD+179149]
	GetHandleVerifier [0x00D04BB8+91080]
	GetHandleVerifier [0x00D04D60+91504]
	GetHandleVerifier [0x00CEFA10+4640]
	BaseThreadInitThunk [0x75C9FCC9+25]
	RtlGetAppContainerNamedObjectPath [0x777082AE+286]
	RtlGetAppContainerNamedObjectPath [0x7770827E+238]

2025-04-29 07:15:31,665 - INFO - Saved screenshot of sector tab
2025-04-29 07:15:31,680 - INFO - Found 6 tables on page
2025-04-29 07:15:31,681 - INFO - Checking table 1
2025-04-29 07:15:31,693 - INFO - Checking table 2
2025-04-29 07:15:31,703 - INFO - Found likely sector table (table #2)
2025-04-29 07:15:31,788 - WARNING - Could not find percent change for 
2025-04-29 07:15:31,834 - INFO - Found percent change: 0.11% in '24.80 (0.11%)'
2025-04-29 07:15:31,834 - INFO - Added sector: Auto, Change: 0.11%
2025-04-29 07:15:31,880 - INFO - Found percent change: 0.42% in '143.85 (0.42%)'
2025-04-29 07:15:31,880 - INFO - Added sector: Energy, Change: 0.42%
2025-04-29 07:15:31,923 - INFO - Found percent change: -0.24% in '-63.65 (-0.24%)'
2025-04-29 07:15:31,924 - INFO - Added sector: Financial Services, Change: -0.24%
2025-04-29 07:15:31,965 - INFO - Found percent change: -0.08% in '-47.50 (-0.08%)'
2025-04-29 07:15:31,965 - INFO - Added sector: FMCG, Change: -0.08%
2025-04-29 07:15:32,013 - INFO - Found percent change: 0.61% in '215.55 (0.61%)'
2025-04-29 07:15:32,014 - INFO - Added sector: IT, Change: 0.61%
2025-04-29 07:15:32,072 - INFO - Found percent change: 0.16% in '2.50 (0.16%)'
2025-04-29 07:15:32,072 - INFO - Added sector: Media, Change: 0.16%
2025-04-29 07:15:32,119 - INFO - Found percent change: 0.14% in '12.55 (0.14%)'
2025-04-29 07:15:32,119 - INFO - Added sector: Metal, Change: 0.14%
2025-04-29 07:15:32,169 - INFO - Found percent change: -0.48% in '-105.15 (-0.48%)'
2025-04-29 07:15:32,170 - INFO - Added sector: Pharma, Change: -0.48%
2025-04-29 07:15:32,219 - INFO - Found percent change: 0.62% in '41.25 (0.62%)'
2025-04-29 07:15:32,219 - INFO - Added sector: PSU Bank, Change: 0.62%
2025-04-29 07:15:32,262 - INFO - Found percent change: 0.53% in '4.65 (0.53%)'
2025-04-29 07:15:32,262 - INFO - Added sector: Realty, Change: 0.53%
2025-04-29 07:15:35,259 - INFO - Saved sector data to sector.csv
2025-04-29 07:16:35,922 - INFO - Running Nuvama sector data scraper job at 2025-04-29 07:16:35
2025-04-29 07:16:35,923 - INFO - Setting up Chrome driver...
2025-04-29 07:16:35,923 - INFO - ====== WebDriver manager ======
2025-04-29 07:16:37,242 - INFO - Get LATEST chromedriver version for google-chrome
2025-04-29 07:16:37,288 - INFO - Get LATEST chromedriver version for google-chrome
2025-04-29 07:16:37,337 - INFO - Driver [C:\Users\Rajee\.wdm\drivers\chromedriver\win64\135.0.7049.114\chromedriver-win32/chromedriver.exe] found in cache
2025-04-29 07:16:38,695 - INFO - Navigating to https://www.nuvamawealth.com/market/stock-market-index/#key-indices
2025-04-29 07:16:42,800 - INFO - Waiting for page to load...
2025-04-29 07:17:00,455 - INFO - Refreshed page to get latest data
2025-04-29 07:17:10,484 - WARNING - Could not click on SECTOR INDICES tab: Message: no such element: Unable to locate element: {"method":"xpath","selector":"//a[text()='SECTOR INDICES']"}
  (Session info: chrome=135.0.7049.115); For documentation on this error, please visit: https://www.selenium.dev/documentation/webdriver/troubleshooting/errors#no-such-element-exception
Stacktrace:
	GetHandleVerifier [0x00CFD363+60275]
	GetHandleVerifier [0x00CFD3A4+60340]
	(No symbol) [0x00B306F3]
	(No symbol) [0x00B78690]
	(No symbol) [0x00B78A2B]
	(No symbol) [0x00BC0EE2]
	(No symbol) [0x00B9D0D4]
	(No symbol) [0x00BBE6EB]
	(No symbol) [0x00B9CE86]
	(No symbol) [0x00B6C623]
	(No symbol) [0x00B6D474]
	GetHandleVerifier [0x00F48FE3+2467827]
	GetHandleVerifier [0x00F445E6+2448886]
	GetHandleVerifier [0x00F5F80C+2560028]
	GetHandleVerifier [0x00D13DF5+153093]
	GetHandleVerifier [0x00D1A3BD+179149]
	GetHandleVerifier [0x00D04BB8+91080]
	GetHandleVerifier [0x00D04D60+91504]
	GetHandleVerifier [0x00CEFA10+4640]
	BaseThreadInitThunk [0x75C9FCC9+25]
	RtlGetAppContainerNamedObjectPath [0x777082AE+286]
	RtlGetAppContainerNamedObjectPath [0x7770827E+238]

2025-04-29 07:17:10,520 - WARNING - Could not click on second tab: Message: no such element: Unable to locate element: {"method":"css selector","selector":".tab-links li:nth-child(2) a"}
  (Session info: chrome=135.0.7049.115); For documentation on this error, please visit: https://www.selenium.dev/documentation/webdriver/troubleshooting/errors#no-such-element-exception
Stacktrace:
	GetHandleVerifier [0x00CFD363+60275]
	GetHandleVerifier [0x00CFD3A4+60340]
	(No symbol) [0x00B306F3]
	(No symbol) [0x00B78690]
	(No symbol) [0x00B78A2B]
	(No symbol) [0x00BC0EE2]
	(No symbol) [0x00B9D0D4]
	(No symbol) [0x00BBE6EB]
	(No symbol) [0x00B9CE86]
	(No symbol) [0x00B6C623]
	(No symbol) [0x00B6D474]
	GetHandleVerifier [0x00F48FE3+2467827]
	GetHandleVerifier [0x00F445E6+2448886]
	GetHandleVerifier [0x00F5F80C+2560028]
	GetHandleVerifier [0x00D13DF5+153093]
	GetHandleVerifier [0x00D1A3BD+179149]
	GetHandleVerifier [0x00D04BB8+91080]
	GetHandleVerifier [0x00D04D60+91504]
	GetHandleVerifier [0x00CEFA10+4640]
	BaseThreadInitThunk [0x75C9FCC9+25]
	RtlGetAppContainerNamedObjectPath [0x777082AE+286]
	RtlGetAppContainerNamedObjectPath [0x7770827E+238]

2025-04-29 07:17:10,674 - INFO - Saved screenshot of sector tab
2025-04-29 07:17:10,687 - INFO - Found 6 tables on page
2025-04-29 07:17:10,687 - INFO - Checking table 1
2025-04-29 07:17:10,695 - INFO - Checking table 2
2025-04-29 07:17:10,704 - INFO - Found likely sector table (table #2)
2025-04-29 07:17:10,783 - WARNING - Could not find percent change for 
2025-04-29 07:17:10,829 - INFO - Found percent change: 0.11% in '24.80 (0.11%)'
2025-04-29 07:17:10,829 - INFO - Added sector: Auto, Change: 0.11%
2025-04-29 07:17:10,882 - INFO - Found percent change: 0.42% in '143.85 (0.42%)'
2025-04-29 07:17:10,882 - INFO - Added sector: Energy, Change: 0.42%
2025-04-29 07:17:10,930 - INFO - Found percent change: -0.24% in '-63.65 (-0.24%)'
2025-04-29 07:17:10,931 - INFO - Added sector: Financial Services, Change: -0.24%
2025-04-29 07:17:10,976 - INFO - Found percent change: -0.08% in '-47.50 (-0.08%)'
2025-04-29 07:17:10,977 - INFO - Added sector: FMCG, Change: -0.08%
2025-04-29 07:17:11,023 - INFO - Found percent change: 0.61% in '215.55 (0.61%)'
2025-04-29 07:17:11,024 - INFO - Added sector: IT, Change: 0.61%
2025-04-29 07:17:11,082 - INFO - Found percent change: 0.16% in '2.50 (0.16%)'
2025-04-29 07:17:11,082 - INFO - Added sector: Media, Change: 0.16%
2025-04-29 07:17:11,131 - INFO - Found percent change: 0.14% in '12.55 (0.14%)'
2025-04-29 07:17:11,132 - INFO - Added sector: Metal, Change: 0.14%
2025-04-29 07:17:11,186 - INFO - Found percent change: -0.48% in '-105.15 (-0.48%)'
2025-04-29 07:17:11,186 - INFO - Added sector: Pharma, Change: -0.48%
2025-04-29 07:17:11,252 - INFO - Found percent change: 0.62% in '41.25 (0.62%)'
2025-04-29 07:17:11,252 - INFO - Added sector: PSU Bank, Change: 0.62%
2025-04-29 07:17:11,302 - INFO - Found percent change: 0.53% in '4.65 (0.53%)'
2025-04-29 07:17:11,302 - INFO - Added sector: Realty, Change: 0.53%
2025-04-29 07:17:14,031 - INFO - Saved sector data to sector.csv
2025-04-29 07:18:14,731 - INFO - Running Nuvama sector data scraper job at 2025-04-29 07:18:14
2025-04-29 07:18:14,732 - INFO - Setting up Chrome driver...
2025-04-29 07:18:14,732 - INFO - ====== WebDriver manager ======
2025-04-29 07:18:16,120 - INFO - Get LATEST chromedriver version for google-chrome
2025-04-29 07:18:16,213 - INFO - Get LATEST chromedriver version for google-chrome
2025-04-29 07:18:16,261 - INFO - Driver [C:\Users\Rajee\.wdm\drivers\chromedriver\win64\135.0.7049.114\chromedriver-win32/chromedriver.exe] found in cache
2025-04-29 07:18:17,613 - INFO - Navigating to https://www.nuvamawealth.com/market/stock-market-index/#key-indices
2025-04-29 07:18:22,021 - INFO - Waiting for page to load...
2025-04-29 07:18:39,709 - INFO - Refreshed page to get latest data
2025-04-29 07:18:49,733 - WARNING - Could not click on SECTOR INDICES tab: Message: no such element: Unable to locate element: {"method":"xpath","selector":"//a[text()='SECTOR INDICES']"}
  (Session info: chrome=135.0.7049.115); For documentation on this error, please visit: https://www.selenium.dev/documentation/webdriver/troubleshooting/errors#no-such-element-exception
Stacktrace:
	GetHandleVerifier [0x00CFD363+60275]
	GetHandleVerifier [0x00CFD3A4+60340]
	(No symbol) [0x00B306F3]
	(No symbol) [0x00B78690]
	(No symbol) [0x00B78A2B]
	(No symbol) [0x00BC0EE2]
	(No symbol) [0x00B9D0D4]
	(No symbol) [0x00BBE6EB]
	(No symbol) [0x00B9CE86]
	(No symbol) [0x00B6C623]
	(No symbol) [0x00B6D474]
	GetHandleVerifier [0x00F48FE3+2467827]
	GetHandleVerifier [0x00F445E6+2448886]
	GetHandleVerifier [0x00F5F80C+2560028]
	GetHandleVerifier [0x00D13DF5+153093]
	GetHandleVerifier [0x00D1A3BD+179149]
	GetHandleVerifier [0x00D04BB8+91080]
	GetHandleVerifier [0x00D04D60+91504]
	GetHandleVerifier [0x00CEFA10+4640]
	BaseThreadInitThunk [0x75C9FCC9+25]
	RtlGetAppContainerNamedObjectPath [0x777082AE+286]
	RtlGetAppContainerNamedObjectPath [0x7770827E+238]

2025-04-29 07:18:49,747 - WARNING - Could not click on second tab: Message: no such element: Unable to locate element: {"method":"css selector","selector":".tab-links li:nth-child(2) a"}
  (Session info: chrome=135.0.7049.115); For documentation on this error, please visit: https://www.selenium.dev/documentation/webdriver/troubleshooting/errors#no-such-element-exception
Stacktrace:
	GetHandleVerifier [0x00CFD363+60275]
	GetHandleVerifier [0x00CFD3A4+60340]
	(No symbol) [0x00B306F3]
	(No symbol) [0x00B78690]
	(No symbol) [0x00B78A2B]
	(No symbol) [0x00BC0EE2]
	(No symbol) [0x00B9D0D4]
	(No symbol) [0x00BBE6EB]
	(No symbol) [0x00B9CE86]
	(No symbol) [0x00B6C623]
	(No symbol) [0x00B6D474]
	GetHandleVerifier [0x00F48FE3+2467827]
	GetHandleVerifier [0x00F445E6+2448886]
	GetHandleVerifier [0x00F5F80C+2560028]
	GetHandleVerifier [0x00D13DF5+153093]
	GetHandleVerifier [0x00D1A3BD+179149]
	GetHandleVerifier [0x00D04BB8+91080]
	GetHandleVerifier [0x00D04D60+91504]
	GetHandleVerifier [0x00CEFA10+4640]
	BaseThreadInitThunk [0x75C9FCC9+25]
	RtlGetAppContainerNamedObjectPath [0x777082AE+286]
	RtlGetAppContainerNamedObjectPath [0x7770827E+238]

2025-04-29 07:18:49,907 - INFO - Saved screenshot of sector tab
2025-04-29 07:18:49,925 - INFO - Found 6 tables on page
2025-04-29 07:18:49,925 - INFO - Checking table 1
2025-04-29 07:18:49,935 - INFO - Checking table 2
2025-04-29 07:18:49,972 - INFO - Found likely sector table (table #2)
2025-04-29 07:18:50,038 - WARNING - Could not find percent change for 
2025-04-29 07:18:50,090 - INFO - Found percent change: 0.11% in '24.80 (0.11%)'
2025-04-29 07:18:50,091 - INFO - Added sector: Auto, Change: 0.11%
2025-04-29 07:18:50,142 - INFO - Found percent change: 0.42% in '143.85 (0.42%)'
2025-04-29 07:18:50,143 - INFO - Added sector: Energy, Change: 0.42%
2025-04-29 07:18:50,191 - INFO - Found percent change: -0.24% in '-63.65 (-0.24%)'
2025-04-29 07:18:50,191 - INFO - Added sector: Financial Services, Change: -0.24%
2025-04-29 07:18:50,237 - INFO - Found percent change: -0.08% in '-47.50 (-0.08%)'
2025-04-29 07:18:50,237 - INFO - Added sector: FMCG, Change: -0.08%
2025-04-29 07:18:50,285 - INFO - Found percent change: 0.61% in '215.55 (0.61%)'
2025-04-29 07:18:50,286 - INFO - Added sector: IT, Change: 0.61%
2025-04-29 07:18:50,335 - INFO - Found percent change: 0.16% in '2.50 (0.16%)'
2025-04-29 07:18:50,336 - INFO - Added sector: Media, Change: 0.16%
2025-04-29 07:18:50,380 - INFO - Found percent change: 0.14% in '12.55 (0.14%)'
2025-04-29 07:18:50,381 - INFO - Added sector: Metal, Change: 0.14%
2025-04-29 07:18:50,436 - INFO - Found percent change: -0.48% in '-105.15 (-0.48%)'
2025-04-29 07:18:50,437 - INFO - Added sector: Pharma, Change: -0.48%
2025-04-29 07:18:50,490 - INFO - Found percent change: 0.62% in '41.25 (0.62%)'
2025-04-29 07:18:50,491 - INFO - Added sector: PSU Bank, Change: 0.62%
2025-04-29 07:18:50,548 - INFO - Found percent change: 0.53% in '4.65 (0.53%)'
2025-04-29 07:18:50,548 - INFO - Added sector: Realty, Change: 0.53%
2025-04-29 07:18:53,600 - INFO - Saved sector data to sector.csv
2025-04-29 07:19:54,261 - INFO - Running Nuvama sector data scraper job at 2025-04-29 07:19:54
2025-04-29 07:19:54,262 - INFO - Setting up Chrome driver...
2025-04-29 07:19:54,263 - INFO - ====== WebDriver manager ======
2025-04-29 07:19:55,524 - INFO - Get LATEST chromedriver version for google-chrome
2025-04-29 07:19:55,564 - INFO - Get LATEST chromedriver version for google-chrome
2025-04-29 07:19:55,609 - INFO - Driver [C:\Users\Rajee\.wdm\drivers\chromedriver\win64\135.0.7049.114\chromedriver-win32/chromedriver.exe] found in cache
2025-04-29 07:19:56,962 - INFO - Navigating to https://www.nuvamawealth.com/market/stock-market-index/#key-indices
2025-04-29 07:20:01,352 - INFO - Waiting for page to load...
2025-04-29 07:20:18,737 - INFO - Refreshed page to get latest data
2025-04-29 07:20:28,770 - WARNING - Could not click on SECTOR INDICES tab: Message: no such element: Unable to locate element: {"method":"xpath","selector":"//a[text()='SECTOR INDICES']"}
  (Session info: chrome=135.0.7049.115); For documentation on this error, please visit: https://www.selenium.dev/documentation/webdriver/troubleshooting/errors#no-such-element-exception
Stacktrace:
	GetHandleVerifier [0x00CFD363+60275]
	GetHandleVerifier [0x00CFD3A4+60340]
	(No symbol) [0x00B306F3]
	(No symbol) [0x00B78690]
	(No symbol) [0x00B78A2B]
	(No symbol) [0x00BC0EE2]
	(No symbol) [0x00B9D0D4]
	(No symbol) [0x00BBE6EB]
	(No symbol) [0x00B9CE86]
	(No symbol) [0x00B6C623]
	(No symbol) [0x00B6D474]
	GetHandleVerifier [0x00F48FE3+2467827]
	GetHandleVerifier [0x00F445E6+2448886]
	GetHandleVerifier [0x00F5F80C+2560028]
	GetHandleVerifier [0x00D13DF5+153093]
	GetHandleVerifier [0x00D1A3BD+179149]
	GetHandleVerifier [0x00D04BB8+91080]
	GetHandleVerifier [0x00D04D60+91504]
	GetHandleVerifier [0x00CEFA10+4640]
	BaseThreadInitThunk [0x75C9FCC9+25]
	RtlGetAppContainerNamedObjectPath [0x777082AE+286]
	RtlGetAppContainerNamedObjectPath [0x7770827E+238]

2025-04-29 07:20:28,788 - WARNING - Could not click on second tab: Message: no such element: Unable to locate element: {"method":"css selector","selector":".tab-links li:nth-child(2) a"}
  (Session info: chrome=135.0.7049.115); For documentation on this error, please visit: https://www.selenium.dev/documentation/webdriver/troubleshooting/errors#no-such-element-exception
Stacktrace:
	GetHandleVerifier [0x00CFD363+60275]
	GetHandleVerifier [0x00CFD3A4+60340]
	(No symbol) [0x00B306F3]
	(No symbol) [0x00B78690]
	(No symbol) [0x00B78A2B]
	(No symbol) [0x00BC0EE2]
	(No symbol) [0x00B9D0D4]
	(No symbol) [0x00BBE6EB]
	(No symbol) [0x00B9CE86]
	(No symbol) [0x00B6C623]
	(No symbol) [0x00B6D474]
	GetHandleVerifier [0x00F48FE3+2467827]
	GetHandleVerifier [0x00F445E6+2448886]
	GetHandleVerifier [0x00F5F80C+2560028]
	GetHandleVerifier [0x00D13DF5+153093]
	GetHandleVerifier [0x00D1A3BD+179149]
	GetHandleVerifier [0x00D04BB8+91080]
	GetHandleVerifier [0x00D04D60+91504]
	GetHandleVerifier [0x00CEFA10+4640]
	BaseThreadInitThunk [0x75C9FCC9+25]
	RtlGetAppContainerNamedObjectPath [0x777082AE+286]
	RtlGetAppContainerNamedObjectPath [0x7770827E+238]

2025-04-29 07:20:28,961 - INFO - Saved screenshot of sector tab
2025-04-29 07:20:28,989 - INFO - Found 6 tables on page
2025-04-29 07:20:28,989 - INFO - Checking table 1
2025-04-29 07:20:29,004 - INFO - Checking table 2
2025-04-29 07:20:29,015 - INFO - Found likely sector table (table #2)
2025-04-29 07:20:29,113 - WARNING - Could not find percent change for 
2025-04-29 07:20:29,174 - INFO - Found percent change: 0.11% in '24.80 (0.11%)'
2025-04-29 07:20:29,175 - INFO - Added sector: Auto, Change: 0.11%
2025-04-29 07:20:29,247 - INFO - Found percent change: 0.42% in '143.85 (0.42%)'
2025-04-29 07:20:29,247 - INFO - Added sector: Energy, Change: 0.42%
2025-04-29 07:20:29,313 - INFO - Found percent change: -0.24% in '-63.65 (-0.24%)'
2025-04-29 07:20:29,314 - INFO - Added sector: Financial Services, Change: -0.24%
2025-04-29 07:20:29,370 - INFO - Found percent change: -0.08% in '-47.50 (-0.08%)'
2025-04-29 07:20:29,371 - INFO - Added sector: FMCG, Change: -0.08%
2025-04-29 07:20:29,421 - INFO - Found percent change: 0.61% in '215.55 (0.61%)'
2025-04-29 07:20:29,421 - INFO - Added sector: IT, Change: 0.61%
2025-04-29 07:20:29,476 - INFO - Found percent change: 0.16% in '2.50 (0.16%)'
2025-04-29 07:20:29,476 - INFO - Added sector: Media, Change: 0.16%
2025-04-29 07:20:29,528 - INFO - Found percent change: 0.14% in '12.55 (0.14%)'
2025-04-29 07:20:29,528 - INFO - Added sector: Metal, Change: 0.14%
2025-04-29 07:20:29,575 - INFO - Found percent change: -0.48% in '-105.15 (-0.48%)'
2025-04-29 07:20:29,575 - INFO - Added sector: Pharma, Change: -0.48%
2025-04-29 07:20:29,629 - INFO - Found percent change: 0.62% in '41.25 (0.62%)'
2025-04-29 07:20:29,629 - INFO - Added sector: PSU Bank, Change: 0.62%
2025-04-29 07:20:29,671 - INFO - Found percent change: 0.53% in '4.65 (0.53%)'
2025-04-29 07:20:29,671 - INFO - Added sector: Realty, Change: 0.53%
2025-04-29 07:20:32,658 - INFO - Saved sector data to sector.csv
2025-04-29 07:21:33,312 - INFO - Running Nuvama sector data scraper job at 2025-04-29 07:21:33
2025-04-29 07:21:33,314 - INFO - Setting up Chrome driver...
2025-04-29 07:21:33,314 - INFO - ====== WebDriver manager ======
2025-04-29 07:21:34,601 - INFO - Get LATEST chromedriver version for google-chrome
2025-04-29 07:21:34,647 - INFO - Get LATEST chromedriver version for google-chrome
2025-04-29 07:21:34,689 - INFO - Driver [C:\Users\Rajee\.wdm\drivers\chromedriver\win64\135.0.7049.114\chromedriver-win32/chromedriver.exe] found in cache
2025-04-29 07:21:36,187 - INFO - Navigating to https://www.nuvamawealth.com/market/stock-market-index/#key-indices
2025-04-29 07:21:40,518 - INFO - Waiting for page to load...
2025-04-29 07:21:57,762 - INFO - Refreshed page to get latest data
2025-04-29 07:22:07,783 - WARNING - Could not click on SECTOR INDICES tab: Message: no such element: Unable to locate element: {"method":"xpath","selector":"//a[text()='SECTOR INDICES']"}
  (Session info: chrome=135.0.7049.115); For documentation on this error, please visit: https://www.selenium.dev/documentation/webdriver/troubleshooting/errors#no-such-element-exception
Stacktrace:
	GetHandleVerifier [0x00CFD363+60275]
	GetHandleVerifier [0x00CFD3A4+60340]
	(No symbol) [0x00B306F3]
	(No symbol) [0x00B78690]
	(No symbol) [0x00B78A2B]
	(No symbol) [0x00BC0EE2]
	(No symbol) [0x00B9D0D4]
	(No symbol) [0x00BBE6EB]
	(No symbol) [0x00B9CE86]
	(No symbol) [0x00B6C623]
	(No symbol) [0x00B6D474]
	GetHandleVerifier [0x00F48FE3+2467827]
	GetHandleVerifier [0x00F445E6+2448886]
	GetHandleVerifier [0x00F5F80C+2560028]
	GetHandleVerifier [0x00D13DF5+153093]
	GetHandleVerifier [0x00D1A3BD+179149]
	GetHandleVerifier [0x00D04BB8+91080]
	GetHandleVerifier [0x00D04D60+91504]
	GetHandleVerifier [0x00CEFA10+4640]
	BaseThreadInitThunk [0x75C9FCC9+25]
	RtlGetAppContainerNamedObjectPath [0x777082AE+286]
	RtlGetAppContainerNamedObjectPath [0x7770827E+238]

2025-04-29 07:22:07,803 - WARNING - Could not click on second tab: Message: no such element: Unable to locate element: {"method":"css selector","selector":".tab-links li:nth-child(2) a"}
  (Session info: chrome=135.0.7049.115); For documentation on this error, please visit: https://www.selenium.dev/documentation/webdriver/troubleshooting/errors#no-such-element-exception
Stacktrace:
	GetHandleVerifier [0x00CFD363+60275]
	GetHandleVerifier [0x00CFD3A4+60340]
	(No symbol) [0x00B306F3]
	(No symbol) [0x00B78690]
	(No symbol) [0x00B78A2B]
	(No symbol) [0x00BC0EE2]
	(No symbol) [0x00B9D0D4]
	(No symbol) [0x00BBE6EB]
	(No symbol) [0x00B9CE86]
	(No symbol) [0x00B6C623]
	(No symbol) [0x00B6D474]
	GetHandleVerifier [0x00F48FE3+2467827]
	GetHandleVerifier [0x00F445E6+2448886]
	GetHandleVerifier [0x00F5F80C+2560028]
	GetHandleVerifier [0x00D13DF5+153093]
	GetHandleVerifier [0x00D1A3BD+179149]
	GetHandleVerifier [0x00D04BB8+91080]
	GetHandleVerifier [0x00D04D60+91504]
	GetHandleVerifier [0x00CEFA10+4640]
	BaseThreadInitThunk [0x75C9FCC9+25]
	RtlGetAppContainerNamedObjectPath [0x777082AE+286]
	RtlGetAppContainerNamedObjectPath [0x7770827E+238]

2025-04-29 07:22:07,956 - INFO - Saved screenshot of sector tab
2025-04-29 07:22:07,974 - INFO - Found 6 tables on page
2025-04-29 07:22:07,974 - INFO - Checking table 1
2025-04-29 07:22:07,985 - INFO - Checking table 2
2025-04-29 07:22:07,994 - INFO - Found likely sector table (table #2)
2025-04-29 07:22:08,071 - WARNING - Could not find percent change for 
2025-04-29 07:22:08,128 - INFO - Found percent change: 0.11% in '24.80 (0.11%)'
2025-04-29 07:22:08,128 - INFO - Added sector: Auto, Change: 0.11%
2025-04-29 07:22:08,172 - INFO - Found percent change: 0.42% in '143.85 (0.42%)'
2025-04-29 07:22:08,172 - INFO - Added sector: Energy, Change: 0.42%
2025-04-29 07:22:08,226 - INFO - Found percent change: -0.24% in '-63.65 (-0.24%)'
2025-04-29 07:22:08,226 - INFO - Added sector: Financial Services, Change: -0.24%
2025-04-29 07:22:08,274 - INFO - Found percent change: -0.08% in '-47.50 (-0.08%)'
2025-04-29 07:22:08,274 - INFO - Added sector: FMCG, Change: -0.08%
2025-04-29 07:22:08,330 - INFO - Found percent change: 0.61% in '215.55 (0.61%)'
2025-04-29 07:22:08,330 - INFO - Added sector: IT, Change: 0.61%
2025-04-29 07:22:08,384 - INFO - Found percent change: 0.16% in '2.50 (0.16%)'
2025-04-29 07:22:08,385 - INFO - Added sector: Media, Change: 0.16%
2025-04-29 07:22:08,437 - INFO - Found percent change: 0.14% in '12.55 (0.14%)'
2025-04-29 07:22:08,437 - INFO - Added sector: Metal, Change: 0.14%
2025-04-29 07:22:08,480 - INFO - Found percent change: -0.48% in '-105.15 (-0.48%)'
2025-04-29 07:22:08,480 - INFO - Added sector: Pharma, Change: -0.48%
2025-04-29 07:22:08,528 - INFO - Found percent change: 0.62% in '41.25 (0.62%)'
2025-04-29 07:22:08,529 - INFO - Added sector: PSU Bank, Change: 0.62%
2025-04-29 07:22:08,590 - INFO - Found percent change: 0.53% in '4.65 (0.53%)'
2025-04-29 07:22:08,590 - INFO - Added sector: Realty, Change: 0.53%
2025-04-29 07:22:11,482 - INFO - Saved sector data to sector.csv
2025-04-29 07:23:12,142 - INFO - Running Nuvama sector data scraper job at 2025-04-29 07:23:12
2025-04-29 07:23:12,142 - INFO - Setting up Chrome driver...
2025-04-29 07:23:12,143 - INFO - ====== WebDriver manager ======
2025-04-29 07:23:13,442 - INFO - Get LATEST chromedriver version for google-chrome
2025-04-29 07:23:13,487 - INFO - Get LATEST chromedriver version for google-chrome
2025-04-29 07:23:13,529 - INFO - Driver [C:\Users\Rajee\.wdm\drivers\chromedriver\win64\135.0.7049.114\chromedriver-win32/chromedriver.exe] found in cache
2025-04-29 07:23:14,861 - INFO - Navigating to https://www.nuvamawealth.com/market/stock-market-index/#key-indices
2025-04-29 07:23:15,720 - INFO - Waiting for page to load...
2025-04-29 07:23:32,959 - INFO - Refreshed page to get latest data
2025-04-29 07:23:42,979 - WARNING - Could not click on SECTOR INDICES tab: Message: no such element: Unable to locate element: {"method":"xpath","selector":"//a[text()='SECTOR INDICES']"}
  (Session info: chrome=135.0.7049.115); For documentation on this error, please visit: https://www.selenium.dev/documentation/webdriver/troubleshooting/errors#no-such-element-exception
Stacktrace:
	GetHandleVerifier [0x00CFD363+60275]
	GetHandleVerifier [0x00CFD3A4+60340]
	(No symbol) [0x00B306F3]
	(No symbol) [0x00B78690]
	(No symbol) [0x00B78A2B]
	(No symbol) [0x00BC0EE2]
	(No symbol) [0x00B9D0D4]
	(No symbol) [0x00BBE6EB]
	(No symbol) [0x00B9CE86]
	(No symbol) [0x00B6C623]
	(No symbol) [0x00B6D474]
	GetHandleVerifier [0x00F48FE3+2467827]
	GetHandleVerifier [0x00F445E6+2448886]
	GetHandleVerifier [0x00F5F80C+2560028]
	GetHandleVerifier [0x00D13DF5+153093]
	GetHandleVerifier [0x00D1A3BD+179149]
	GetHandleVerifier [0x00D04BB8+91080]
	GetHandleVerifier [0x00D04D60+91504]
	GetHandleVerifier [0x00CEFA10+4640]
	BaseThreadInitThunk [0x75C9FCC9+25]
	RtlGetAppContainerNamedObjectPath [0x777082AE+286]
	RtlGetAppContainerNamedObjectPath [0x7770827E+238]

2025-04-29 07:23:42,996 - WARNING - Could not click on second tab: Message: no such element: Unable to locate element: {"method":"css selector","selector":".tab-links li:nth-child(2) a"}
  (Session info: chrome=135.0.7049.115); For documentation on this error, please visit: https://www.selenium.dev/documentation/webdriver/troubleshooting/errors#no-such-element-exception
Stacktrace:
	GetHandleVerifier [0x00CFD363+60275]
	GetHandleVerifier [0x00CFD3A4+60340]
	(No symbol) [0x00B306F3]
	(No symbol) [0x00B78690]
	(No symbol) [0x00B78A2B]
	(No symbol) [0x00BC0EE2]
	(No symbol) [0x00B9D0D4]
	(No symbol) [0x00BBE6EB]
	(No symbol) [0x00B9CE86]
	(No symbol) [0x00B6C623]
	(No symbol) [0x00B6D474]
	GetHandleVerifier [0x00F48FE3+2467827]
	GetHandleVerifier [0x00F445E6+2448886]
	GetHandleVerifier [0x00F5F80C+2560028]
	GetHandleVerifier [0x00D13DF5+153093]
	GetHandleVerifier [0x00D1A3BD+179149]
	GetHandleVerifier [0x00D04BB8+91080]
	GetHandleVerifier [0x00D04D60+91504]
	GetHandleVerifier [0x00CEFA10+4640]
	BaseThreadInitThunk [0x75C9FCC9+25]
	RtlGetAppContainerNamedObjectPath [0x777082AE+286]
	RtlGetAppContainerNamedObjectPath [0x7770827E+238]

2025-04-29 07:23:43,148 - INFO - Saved screenshot of sector tab
2025-04-29 07:23:43,163 - INFO - Found 6 tables on page
2025-04-29 07:23:43,163 - INFO - Checking table 1
2025-04-29 07:23:43,175 - INFO - Checking table 2
2025-04-29 07:23:43,187 - INFO - Found likely sector table (table #2)
2025-04-29 07:23:43,270 - WARNING - Could not find percent change for 
2025-04-29 07:23:43,341 - INFO - Found percent change: 0.11% in '24.80 (0.11%)'
2025-04-29 07:23:43,345 - INFO - Added sector: Auto, Change: 0.11%
2025-04-29 07:23:43,422 - INFO - Found percent change: 0.42% in '143.85 (0.42%)'
2025-04-29 07:23:43,422 - INFO - Added sector: Energy, Change: 0.42%
2025-04-29 07:23:43,472 - INFO - Found percent change: -0.24% in '-63.65 (-0.24%)'
2025-04-29 07:23:43,472 - INFO - Added sector: Financial Services, Change: -0.24%
2025-04-29 07:23:43,519 - INFO - Found percent change: -0.08% in '-47.50 (-0.08%)'
2025-04-29 07:23:43,519 - INFO - Added sector: FMCG, Change: -0.08%
2025-04-29 07:23:43,570 - INFO - Found percent change: 0.61% in '215.55 (0.61%)'
2025-04-29 07:23:43,570 - INFO - Added sector: IT, Change: 0.61%
2025-04-29 07:23:43,615 - INFO - Found percent change: 0.16% in '2.50 (0.16%)'
2025-04-29 07:23:43,616 - INFO - Added sector: Media, Change: 0.16%
2025-04-29 07:23:43,673 - INFO - Found percent change: 0.14% in '12.55 (0.14%)'
2025-04-29 07:23:43,674 - INFO - Added sector: Metal, Change: 0.14%
2025-04-29 07:23:43,722 - INFO - Found percent change: -0.48% in '-105.15 (-0.48%)'
2025-04-29 07:23:43,722 - INFO - Added sector: Pharma, Change: -0.48%
2025-04-29 07:23:43,770 - INFO - Found percent change: 0.62% in '41.25 (0.62%)'
2025-04-29 07:23:43,771 - INFO - Added sector: PSU Bank, Change: 0.62%
2025-04-29 07:23:43,828 - INFO - Found percent change: 0.53% in '4.65 (0.53%)'
2025-04-29 07:23:43,829 - INFO - Added sector: Realty, Change: 0.53%
2025-04-29 07:23:46,854 - INFO - Saved sector data to sector.csv
2025-04-29 07:24:47,485 - INFO - Running Nuvama sector data scraper job at 2025-04-29 07:24:47
2025-04-29 07:24:47,486 - INFO - Setting up Chrome driver...
2025-04-29 07:24:47,486 - INFO - ====== WebDriver manager ======
2025-04-29 07:24:48,935 - INFO - Get LATEST chromedriver version for google-chrome
2025-04-29 07:24:48,978 - INFO - Get LATEST chromedriver version for google-chrome
2025-04-29 07:24:49,020 - INFO - Driver [C:\Users\Rajee\.wdm\drivers\chromedriver\win64\135.0.7049.114\chromedriver-win32/chromedriver.exe] found in cache
2025-04-29 07:24:50,342 - INFO - Navigating to https://www.nuvamawealth.com/market/stock-market-index/#key-indices
2025-04-29 07:24:54,403 - INFO - Waiting for page to load...
2025-04-29 07:25:11,581 - INFO - Refreshed page to get latest data
2025-04-29 07:25:21,640 - WARNING - Could not click on SECTOR INDICES tab: Message: no such element: Unable to locate element: {"method":"xpath","selector":"//a[text()='SECTOR INDICES']"}
  (Session info: chrome=135.0.7049.115); For documentation on this error, please visit: https://www.selenium.dev/documentation/webdriver/troubleshooting/errors#no-such-element-exception
Stacktrace:
	GetHandleVerifier [0x00CFD363+60275]
	GetHandleVerifier [0x00CFD3A4+60340]
	(No symbol) [0x00B306F3]
	(No symbol) [0x00B78690]
	(No symbol) [0x00B78A2B]
	(No symbol) [0x00BC0EE2]
	(No symbol) [0x00B9D0D4]
	(No symbol) [0x00BBE6EB]
	(No symbol) [0x00B9CE86]
	(No symbol) [0x00B6C623]
	(No symbol) [0x00B6D474]
	GetHandleVerifier [0x00F48FE3+2467827]
	GetHandleVerifier [0x00F445E6+2448886]
	GetHandleVerifier [0x00F5F80C+2560028]
	GetHandleVerifier [0x00D13DF5+153093]
	GetHandleVerifier [0x00D1A3BD+179149]
	GetHandleVerifier [0x00D04BB8+91080]
	GetHandleVerifier [0x00D04D60+91504]
	GetHandleVerifier [0x00CEFA10+4640]
	BaseThreadInitThunk [0x75C9FCC9+25]
	RtlGetAppContainerNamedObjectPath [0x777082AE+286]
	RtlGetAppContainerNamedObjectPath [0x7770827E+238]

2025-04-29 07:25:21,662 - WARNING - Could not click on second tab: Message: no such element: Unable to locate element: {"method":"css selector","selector":".tab-links li:nth-child(2) a"}
  (Session info: chrome=135.0.7049.115); For documentation on this error, please visit: https://www.selenium.dev/documentation/webdriver/troubleshooting/errors#no-such-element-exception
Stacktrace:
	GetHandleVerifier [0x00CFD363+60275]
	GetHandleVerifier [0x00CFD3A4+60340]
	(No symbol) [0x00B306F3]
	(No symbol) [0x00B78690]
	(No symbol) [0x00B78A2B]
	(No symbol) [0x00BC0EE2]
	(No symbol) [0x00B9D0D4]
	(No symbol) [0x00BBE6EB]
	(No symbol) [0x00B9CE86]
	(No symbol) [0x00B6C623]
	(No symbol) [0x00B6D474]
	GetHandleVerifier [0x00F48FE3+2467827]
	GetHandleVerifier [0x00F445E6+2448886]
	GetHandleVerifier [0x00F5F80C+2560028]
	GetHandleVerifier [0x00D13DF5+153093]
	GetHandleVerifier [0x00D1A3BD+179149]
	GetHandleVerifier [0x00D04BB8+91080]
	GetHandleVerifier [0x00D04D60+91504]
	GetHandleVerifier [0x00CEFA10+4640]
	BaseThreadInitThunk [0x75C9FCC9+25]
	RtlGetAppContainerNamedObjectPath [0x777082AE+286]
	RtlGetAppContainerNamedObjectPath [0x7770827E+238]

2025-04-29 07:25:21,815 - INFO - Saved screenshot of sector tab
2025-04-29 07:25:21,832 - INFO - Found 6 tables on page
2025-04-29 07:25:21,833 - INFO - Checking table 1
2025-04-29 07:25:21,842 - INFO - Checking table 2
2025-04-29 07:25:21,852 - INFO - Found likely sector table (table #2)
2025-04-29 07:25:21,924 - WARNING - Could not find percent change for 
2025-04-29 07:25:21,976 - INFO - Found percent change: 0.11% in '24.80 (0.11%)'
2025-04-29 07:25:21,977 - INFO - Added sector: Auto, Change: 0.11%
2025-04-29 07:25:22,025 - INFO - Found percent change: 0.42% in '143.85 (0.42%)'
2025-04-29 07:25:22,025 - INFO - Added sector: Energy, Change: 0.42%
2025-04-29 07:25:22,082 - INFO - Found percent change: -0.24% in '-63.65 (-0.24%)'
2025-04-29 07:25:22,083 - INFO - Added sector: Financial Services, Change: -0.24%
2025-04-29 07:25:22,133 - INFO - Found percent change: -0.08% in '-47.50 (-0.08%)'
2025-04-29 07:25:22,134 - INFO - Added sector: FMCG, Change: -0.08%
2025-04-29 07:25:22,185 - INFO - Found percent change: 0.61% in '215.55 (0.61%)'
2025-04-29 07:25:22,186 - INFO - Added sector: IT, Change: 0.61%
2025-04-29 07:25:22,264 - INFO - Found percent change: 0.16% in '2.50 (0.16%)'
2025-04-29 07:25:22,264 - INFO - Added sector: Media, Change: 0.16%
2025-04-29 07:25:22,314 - INFO - Found percent change: 0.14% in '12.55 (0.14%)'
2025-04-29 07:25:22,314 - INFO - Added sector: Metal, Change: 0.14%
2025-04-29 07:25:22,359 - INFO - Found percent change: -0.48% in '-105.15 (-0.48%)'
2025-04-29 07:25:22,359 - INFO - Added sector: Pharma, Change: -0.48%
2025-04-29 07:25:22,406 - INFO - Found percent change: 0.62% in '41.25 (0.62%)'
2025-04-29 07:25:22,406 - INFO - Added sector: PSU Bank, Change: 0.62%
2025-04-29 07:25:22,452 - INFO - Found percent change: 0.53% in '4.65 (0.53%)'
2025-04-29 07:25:22,452 - INFO - Added sector: Realty, Change: 0.53%
2025-04-29 07:25:25,193 - INFO - Saved sector data to sector.csv
2025-04-29 07:26:25,826 - INFO - Running Nuvama sector data scraper job at 2025-04-29 07:26:25
2025-04-29 07:26:25,826 - INFO - Setting up Chrome driver...
2025-04-29 07:26:25,826 - INFO - ====== WebDriver manager ======
2025-04-29 07:26:27,076 - INFO - Get LATEST chromedriver version for google-chrome
2025-04-29 07:26:27,126 - INFO - Get LATEST chromedriver version for google-chrome
2025-04-29 07:26:27,170 - INFO - Driver [C:\Users\Rajee\.wdm\drivers\chromedriver\win64\135.0.7049.114\chromedriver-win32/chromedriver.exe] found in cache
2025-04-29 07:26:28,455 - INFO - Navigating to https://www.nuvamawealth.com/market/stock-market-index/#key-indices
2025-04-29 07:26:32,751 - INFO - Waiting for page to load...
2025-04-29 07:26:50,160 - INFO - Refreshed page to get latest data
2025-04-29 07:27:00,190 - WARNING - Could not click on SECTOR INDICES tab: Message: no such element: Unable to locate element: {"method":"xpath","selector":"//a[text()='SECTOR INDICES']"}
  (Session info: chrome=135.0.7049.115); For documentation on this error, please visit: https://www.selenium.dev/documentation/webdriver/troubleshooting/errors#no-such-element-exception
Stacktrace:
	GetHandleVerifier [0x00CFD363+60275]
	GetHandleVerifier [0x00CFD3A4+60340]
	(No symbol) [0x00B306F3]
	(No symbol) [0x00B78690]
	(No symbol) [0x00B78A2B]
	(No symbol) [0x00BC0EE2]
	(No symbol) [0x00B9D0D4]
	(No symbol) [0x00BBE6EB]
	(No symbol) [0x00B9CE86]
	(No symbol) [0x00B6C623]
	(No symbol) [0x00B6D474]
	GetHandleVerifier [0x00F48FE3+2467827]
	GetHandleVerifier [0x00F445E6+2448886]
	GetHandleVerifier [0x00F5F80C+2560028]
	GetHandleVerifier [0x00D13DF5+153093]
	GetHandleVerifier [0x00D1A3BD+179149]
	GetHandleVerifier [0x00D04BB8+91080]
	GetHandleVerifier [0x00D04D60+91504]
	GetHandleVerifier [0x00CEFA10+4640]
	BaseThreadInitThunk [0x75C9FCC9+25]
	RtlGetAppContainerNamedObjectPath [0x777082AE+286]
	RtlGetAppContainerNamedObjectPath [0x7770827E+238]

2025-04-29 07:27:00,208 - WARNING - Could not click on second tab: Message: no such element: Unable to locate element: {"method":"css selector","selector":".tab-links li:nth-child(2) a"}
  (Session info: chrome=135.0.7049.115); For documentation on this error, please visit: https://www.selenium.dev/documentation/webdriver/troubleshooting/errors#no-such-element-exception
Stacktrace:
	GetHandleVerifier [0x00CFD363+60275]
	GetHandleVerifier [0x00CFD3A4+60340]
	(No symbol) [0x00B306F3]
	(No symbol) [0x00B78690]
	(No symbol) [0x00B78A2B]
	(No symbol) [0x00BC0EE2]
	(No symbol) [0x00B9D0D4]
	(No symbol) [0x00BBE6EB]
	(No symbol) [0x00B9CE86]
	(No symbol) [0x00B6C623]
	(No symbol) [0x00B6D474]
	GetHandleVerifier [0x00F48FE3+2467827]
	GetHandleVerifier [0x00F445E6+2448886]
	GetHandleVerifier [0x00F5F80C+2560028]
	GetHandleVerifier [0x00D13DF5+153093]
	GetHandleVerifier [0x00D1A3BD+179149]
	GetHandleVerifier [0x00D04BB8+91080]
	GetHandleVerifier [0x00D04D60+91504]
	GetHandleVerifier [0x00CEFA10+4640]
	BaseThreadInitThunk [0x75C9FCC9+25]
	RtlGetAppContainerNamedObjectPath [0x777082AE+286]
	RtlGetAppContainerNamedObjectPath [0x7770827E+238]

2025-04-29 07:27:00,362 - INFO - Saved screenshot of sector tab
2025-04-29 07:27:00,374 - INFO - Found 6 tables on page
2025-04-29 07:27:00,375 - INFO - Checking table 1
2025-04-29 07:27:00,385 - INFO - Checking table 2
2025-04-29 07:27:00,395 - INFO - Found likely sector table (table #2)
2025-04-29 07:27:00,465 - WARNING - Could not find percent change for 
2025-04-29 07:27:00,527 - INFO - Found percent change: 0.11% in '24.80 (0.11%)'
2025-04-29 07:27:00,527 - INFO - Added sector: Auto, Change: 0.11%
2025-04-29 07:27:00,592 - INFO - Found percent change: 0.42% in '143.85 (0.42%)'
2025-04-29 07:27:00,592 - INFO - Added sector: Energy, Change: 0.42%
2025-04-29 07:27:00,643 - INFO - Found percent change: -0.24% in '-63.65 (-0.24%)'
2025-04-29 07:27:00,643 - INFO - Added sector: Financial Services, Change: -0.24%
2025-04-29 07:27:00,686 - INFO - Found percent change: -0.08% in '-47.50 (-0.08%)'
2025-04-29 07:27:00,687 - INFO - Added sector: FMCG, Change: -0.08%
2025-04-29 07:27:00,733 - INFO - Found percent change: 0.61% in '215.55 (0.61%)'
2025-04-29 07:27:00,733 - INFO - Added sector: IT, Change: 0.61%
2025-04-29 07:27:00,778 - INFO - Found percent change: 0.16% in '2.50 (0.16%)'
2025-04-29 07:27:00,779 - INFO - Added sector: Media, Change: 0.16%
2025-04-29 07:27:00,837 - INFO - Found percent change: 0.14% in '12.55 (0.14%)'
2025-04-29 07:27:00,838 - INFO - Added sector: Metal, Change: 0.14%
2025-04-29 07:27:00,889 - INFO - Found percent change: -0.48% in '-105.15 (-0.48%)'
2025-04-29 07:27:00,889 - INFO - Added sector: Pharma, Change: -0.48%
2025-04-29 07:27:00,936 - INFO - Found percent change: 0.62% in '41.25 (0.62%)'
2025-04-29 07:27:00,936 - INFO - Added sector: PSU Bank, Change: 0.62%
2025-04-29 07:27:00,986 - INFO - Found percent change: 0.53% in '4.65 (0.53%)'
2025-04-29 07:27:00,987 - INFO - Added sector: Realty, Change: 0.53%
2025-04-29 07:27:03,993 - INFO - Saved sector data to sector.csv
2025-04-29 07:28:04,630 - INFO - Running Nuvama sector data scraper job at 2025-04-29 07:28:04
2025-04-29 07:28:04,630 - INFO - Setting up Chrome driver...
2025-04-29 07:28:04,631 - INFO - ====== WebDriver manager ======
2025-04-29 07:28:05,869 - INFO - Get LATEST chromedriver version for google-chrome
2025-04-29 07:28:05,910 - INFO - Get LATEST chromedriver version for google-chrome
2025-04-29 07:28:05,953 - INFO - Driver [C:\Users\Rajee\.wdm\drivers\chromedriver\win64\135.0.7049.114\chromedriver-win32/chromedriver.exe] found in cache
2025-04-29 07:28:07,284 - INFO - Navigating to https://www.nuvamawealth.com/market/stock-market-index/#key-indices
2025-04-29 07:28:12,057 - INFO - Waiting for page to load...
2025-04-29 07:28:29,421 - INFO - Refreshed page to get latest data
2025-04-29 07:28:39,444 - WARNING - Could not click on SECTOR INDICES tab: Message: no such element: Unable to locate element: {"method":"xpath","selector":"//a[text()='SECTOR INDICES']"}
  (Session info: chrome=135.0.7049.115); For documentation on this error, please visit: https://www.selenium.dev/documentation/webdriver/troubleshooting/errors#no-such-element-exception
Stacktrace:
	GetHandleVerifier [0x00CFD363+60275]
	GetHandleVerifier [0x00CFD3A4+60340]
	(No symbol) [0x00B306F3]
	(No symbol) [0x00B78690]
	(No symbol) [0x00B78A2B]
	(No symbol) [0x00BC0EE2]
	(No symbol) [0x00B9D0D4]
	(No symbol) [0x00BBE6EB]
	(No symbol) [0x00B9CE86]
	(No symbol) [0x00B6C623]
	(No symbol) [0x00B6D474]
	GetHandleVerifier [0x00F48FE3+2467827]
	GetHandleVerifier [0x00F445E6+2448886]
	GetHandleVerifier [0x00F5F80C+2560028]
	GetHandleVerifier [0x00D13DF5+153093]
	GetHandleVerifier [0x00D1A3BD+179149]
	GetHandleVerifier [0x00D04BB8+91080]
	GetHandleVerifier [0x00D04D60+91504]
	GetHandleVerifier [0x00CEFA10+4640]
	BaseThreadInitThunk [0x75C9FCC9+25]
	RtlGetAppContainerNamedObjectPath [0x777082AE+286]
	RtlGetAppContainerNamedObjectPath [0x7770827E+238]

2025-04-29 07:28:39,463 - WARNING - Could not click on second tab: Message: no such element: Unable to locate element: {"method":"css selector","selector":".tab-links li:nth-child(2) a"}
  (Session info: chrome=135.0.7049.115); For documentation on this error, please visit: https://www.selenium.dev/documentation/webdriver/troubleshooting/errors#no-such-element-exception
Stacktrace:
	GetHandleVerifier [0x00CFD363+60275]
	GetHandleVerifier [0x00CFD3A4+60340]
	(No symbol) [0x00B306F3]
	(No symbol) [0x00B78690]
	(No symbol) [0x00B78A2B]
	(No symbol) [0x00BC0EE2]
	(No symbol) [0x00B9D0D4]
	(No symbol) [0x00BBE6EB]
	(No symbol) [0x00B9CE86]
	(No symbol) [0x00B6C623]
	(No symbol) [0x00B6D474]
	GetHandleVerifier [0x00F48FE3+2467827]
	GetHandleVerifier [0x00F445E6+2448886]
	GetHandleVerifier [0x00F5F80C+2560028]
	GetHandleVerifier [0x00D13DF5+153093]
	GetHandleVerifier [0x00D1A3BD+179149]
	GetHandleVerifier [0x00D04BB8+91080]
	GetHandleVerifier [0x00D04D60+91504]
	GetHandleVerifier [0x00CEFA10+4640]
	BaseThreadInitThunk [0x75C9FCC9+25]
	RtlGetAppContainerNamedObjectPath [0x777082AE+286]
	RtlGetAppContainerNamedObjectPath [0x7770827E+238]

2025-04-29 07:28:39,645 - INFO - Saved screenshot of sector tab
2025-04-29 07:28:39,664 - INFO - Found 6 tables on page
2025-04-29 07:28:39,664 - INFO - Checking table 1
2025-04-29 07:28:39,680 - INFO - Checking table 2
2025-04-29 07:28:39,691 - INFO - Found likely sector table (table #2)
2025-04-29 07:28:39,772 - WARNING - Could not find percent change for 
2025-04-29 07:28:39,820 - INFO - Found percent change: 0.11% in '24.80 (0.11%)'
2025-04-29 07:28:39,820 - INFO - Added sector: Auto, Change: 0.11%
2025-04-29 07:28:39,868 - INFO - Found percent change: 0.42% in '143.85 (0.42%)'
2025-04-29 07:28:39,868 - INFO - Added sector: Energy, Change: 0.42%
2025-04-29 07:28:39,923 - INFO - Found percent change: -0.24% in '-63.65 (-0.24%)'
2025-04-29 07:28:39,923 - INFO - Added sector: Financial Services, Change: -0.24%
2025-04-29 07:28:39,972 - INFO - Found percent change: -0.08% in '-47.50 (-0.08%)'
2025-04-29 07:28:39,973 - INFO - Added sector: FMCG, Change: -0.08%
2025-04-29 07:28:40,021 - INFO - Found percent change: 0.61% in '215.55 (0.61%)'
2025-04-29 07:28:40,021 - INFO - Added sector: IT, Change: 0.61%
2025-04-29 07:28:40,088 - INFO - Found percent change: 0.16% in '2.50 (0.16%)'
2025-04-29 07:28:40,089 - INFO - Added sector: Media, Change: 0.16%
2025-04-29 07:28:40,156 - INFO - Found percent change: 0.14% in '12.55 (0.14%)'
2025-04-29 07:28:40,157 - INFO - Added sector: Metal, Change: 0.14%
2025-04-29 07:28:40,221 - INFO - Found percent change: -0.48% in '-105.15 (-0.48%)'
2025-04-29 07:28:40,221 - INFO - Added sector: Pharma, Change: -0.48%
2025-04-29 07:28:40,293 - INFO - Found percent change: 0.62% in '41.25 (0.62%)'
2025-04-29 07:28:40,294 - INFO - Added sector: PSU Bank, Change: 0.62%
2025-04-29 07:28:40,351 - INFO - Found percent change: 0.53% in '4.65 (0.53%)'
2025-04-29 07:28:40,352 - INFO - Added sector: Realty, Change: 0.53%
2025-04-29 07:28:43,685 - INFO - Saved sector data to sector.csv
2025-04-29 07:29:44,324 - INFO - Running Nuvama sector data scraper job at 2025-04-29 07:29:44
2025-04-29 07:29:44,325 - INFO - Setting up Chrome driver...
2025-04-29 07:29:44,326 - INFO - ====== WebDriver manager ======
2025-04-29 07:29:45,594 - INFO - Get LATEST chromedriver version for google-chrome
2025-04-29 07:29:45,652 - INFO - Get LATEST chromedriver version for google-chrome
2025-04-29 07:29:45,693 - INFO - Driver [C:\Users\Rajee\.wdm\drivers\chromedriver\win64\135.0.7049.114\chromedriver-win32/chromedriver.exe] found in cache
2025-04-29 07:29:47,287 - INFO - Navigating to https://www.nuvamawealth.com/market/stock-market-index/#key-indices
2025-04-29 07:29:51,642 - INFO - Waiting for page to load...
2025-04-29 07:30:08,708 - INFO - Refreshed page to get latest data
2025-04-29 07:30:18,735 - WARNING - Could not click on SECTOR INDICES tab: Message: no such element: Unable to locate element: {"method":"xpath","selector":"//a[text()='SECTOR INDICES']"}
  (Session info: chrome=135.0.7049.115); For documentation on this error, please visit: https://www.selenium.dev/documentation/webdriver/troubleshooting/errors#no-such-element-exception
Stacktrace:
	GetHandleVerifier [0x00CFD363+60275]
	GetHandleVerifier [0x00CFD3A4+60340]
	(No symbol) [0x00B306F3]
	(No symbol) [0x00B78690]
	(No symbol) [0x00B78A2B]
	(No symbol) [0x00BC0EE2]
	(No symbol) [0x00B9D0D4]
	(No symbol) [0x00BBE6EB]
	(No symbol) [0x00B9CE86]
	(No symbol) [0x00B6C623]
	(No symbol) [0x00B6D474]
	GetHandleVerifier [0x00F48FE3+2467827]
	GetHandleVerifier [0x00F445E6+2448886]
	GetHandleVerifier [0x00F5F80C+2560028]
	GetHandleVerifier [0x00D13DF5+153093]
	GetHandleVerifier [0x00D1A3BD+179149]
	GetHandleVerifier [0x00D04BB8+91080]
	GetHandleVerifier [0x00D04D60+91504]
	GetHandleVerifier [0x00CEFA10+4640]
	BaseThreadInitThunk [0x75C9FCC9+25]
	RtlGetAppContainerNamedObjectPath [0x777082AE+286]
	RtlGetAppContainerNamedObjectPath [0x7770827E+238]

2025-04-29 07:30:18,755 - WARNING - Could not click on second tab: Message: no such element: Unable to locate element: {"method":"css selector","selector":".tab-links li:nth-child(2) a"}
  (Session info: chrome=135.0.7049.115); For documentation on this error, please visit: https://www.selenium.dev/documentation/webdriver/troubleshooting/errors#no-such-element-exception
Stacktrace:
	GetHandleVerifier [0x00CFD363+60275]
	GetHandleVerifier [0x00CFD3A4+60340]
	(No symbol) [0x00B306F3]
	(No symbol) [0x00B78690]
	(No symbol) [0x00B78A2B]
	(No symbol) [0x00BC0EE2]
	(No symbol) [0x00B9D0D4]
	(No symbol) [0x00BBE6EB]
	(No symbol) [0x00B9CE86]
	(No symbol) [0x00B6C623]
	(No symbol) [0x00B6D474]
	GetHandleVerifier [0x00F48FE3+2467827]
	GetHandleVerifier [0x00F445E6+2448886]
	GetHandleVerifier [0x00F5F80C+2560028]
	GetHandleVerifier [0x00D13DF5+153093]
	GetHandleVerifier [0x00D1A3BD+179149]
	GetHandleVerifier [0x00D04BB8+91080]
	GetHandleVerifier [0x00D04D60+91504]
	GetHandleVerifier [0x00CEFA10+4640]
	BaseThreadInitThunk [0x75C9FCC9+25]
	RtlGetAppContainerNamedObjectPath [0x777082AE+286]
	RtlGetAppContainerNamedObjectPath [0x7770827E+238]

2025-04-29 07:30:18,957 - INFO - Saved screenshot of sector tab
2025-04-29 07:30:18,969 - INFO - Found 6 tables on page
2025-04-29 07:30:18,970 - INFO - Checking table 1
2025-04-29 07:30:18,979 - INFO - Checking table 2
2025-04-29 07:30:18,988 - INFO - Found likely sector table (table #2)
2025-04-29 07:30:19,076 - WARNING - Could not find percent change for 
2025-04-29 07:30:19,120 - INFO - Found percent change: 0.11% in '24.80 (0.11%)'
2025-04-29 07:30:19,122 - INFO - Added sector: Auto, Change: 0.11%
2025-04-29 07:30:19,173 - INFO - Found percent change: 0.42% in '143.85 (0.42%)'
2025-04-29 07:30:19,173 - INFO - Added sector: Energy, Change: 0.42%
2025-04-29 07:30:19,216 - INFO - Found percent change: -0.24% in '-63.65 (-0.24%)'
2025-04-29 07:30:19,216 - INFO - Added sector: Financial Services, Change: -0.24%
2025-04-29 07:30:19,274 - INFO - Found percent change: -0.08% in '-47.50 (-0.08%)'
2025-04-29 07:30:19,275 - INFO - Added sector: FMCG, Change: -0.08%
2025-04-29 07:30:19,334 - INFO - Found percent change: 0.61% in '215.55 (0.61%)'
2025-04-29 07:30:19,334 - INFO - Added sector: IT, Change: 0.61%
2025-04-29 07:30:19,387 - INFO - Found percent change: 0.16% in '2.50 (0.16%)'
2025-04-29 07:30:19,387 - INFO - Added sector: Media, Change: 0.16%
2025-04-29 07:30:19,438 - INFO - Found percent change: 0.14% in '12.55 (0.14%)'
2025-04-29 07:30:19,438 - INFO - Added sector: Metal, Change: 0.14%
2025-04-29 07:30:19,488 - INFO - Found percent change: -0.48% in '-105.15 (-0.48%)'
2025-04-29 07:30:19,489 - INFO - Added sector: Pharma, Change: -0.48%
2025-04-29 07:30:19,541 - INFO - Found percent change: 0.62% in '41.25 (0.62%)'
2025-04-29 07:30:19,541 - INFO - Added sector: PSU Bank, Change: 0.62%
2025-04-29 07:30:19,607 - INFO - Found percent change: 0.53% in '4.65 (0.53%)'
2025-04-29 07:30:19,608 - INFO - Added sector: Realty, Change: 0.53%
2025-04-29 07:30:22,467 - INFO - Saved sector data to sector.csv
2025-04-29 07:31:23,134 - INFO - Running Nuvama sector data scraper job at 2025-04-29 07:31:23
2025-04-29 07:31:23,134 - INFO - Setting up Chrome driver...
2025-04-29 07:31:23,135 - INFO - ====== WebDriver manager ======
2025-04-29 07:31:24,417 - INFO - Get LATEST chromedriver version for google-chrome
2025-04-29 07:31:24,458 - INFO - Get LATEST chromedriver version for google-chrome
2025-04-29 07:31:24,497 - INFO - Driver [C:\Users\Rajee\.wdm\drivers\chromedriver\win64\135.0.7049.114\chromedriver-win32/chromedriver.exe] found in cache
2025-04-29 07:31:25,838 - INFO - Navigating to https://www.nuvamawealth.com/market/stock-market-index/#key-indices
2025-04-29 07:31:29,237 - INFO - Waiting for page to load...
2025-04-29 07:31:46,454 - INFO - Refreshed page to get latest data
2025-04-29 07:31:56,484 - WARNING - Could not click on SECTOR INDICES tab: Message: no such element: Unable to locate element: {"method":"xpath","selector":"//a[text()='SECTOR INDICES']"}
  (Session info: chrome=135.0.7049.115); For documentation on this error, please visit: https://www.selenium.dev/documentation/webdriver/troubleshooting/errors#no-such-element-exception
Stacktrace:
	GetHandleVerifier [0x00CFD363+60275]
	GetHandleVerifier [0x00CFD3A4+60340]
	(No symbol) [0x00B306F3]
	(No symbol) [0x00B78690]
	(No symbol) [0x00B78A2B]
	(No symbol) [0x00BC0EE2]
	(No symbol) [0x00B9D0D4]
	(No symbol) [0x00BBE6EB]
	(No symbol) [0x00B9CE86]
	(No symbol) [0x00B6C623]
	(No symbol) [0x00B6D474]
	GetHandleVerifier [0x00F48FE3+2467827]
	GetHandleVerifier [0x00F445E6+2448886]
	GetHandleVerifier [0x00F5F80C+2560028]
	GetHandleVerifier [0x00D13DF5+153093]
	GetHandleVerifier [0x00D1A3BD+179149]
	GetHandleVerifier [0x00D04BB8+91080]
	GetHandleVerifier [0x00D04D60+91504]
	GetHandleVerifier [0x00CEFA10+4640]
	BaseThreadInitThunk [0x75C9FCC9+25]
	RtlGetAppContainerNamedObjectPath [0x777082AE+286]
	RtlGetAppContainerNamedObjectPath [0x7770827E+238]

2025-04-29 07:31:56,500 - WARNING - Could not click on second tab: Message: no such element: Unable to locate element: {"method":"css selector","selector":".tab-links li:nth-child(2) a"}
  (Session info: chrome=135.0.7049.115); For documentation on this error, please visit: https://www.selenium.dev/documentation/webdriver/troubleshooting/errors#no-such-element-exception
Stacktrace:
	GetHandleVerifier [0x00CFD363+60275]
	GetHandleVerifier [0x00CFD3A4+60340]
	(No symbol) [0x00B306F3]
	(No symbol) [0x00B78690]
	(No symbol) [0x00B78A2B]
	(No symbol) [0x00BC0EE2]
	(No symbol) [0x00B9D0D4]
	(No symbol) [0x00BBE6EB]
	(No symbol) [0x00B9CE86]
	(No symbol) [0x00B6C623]
	(No symbol) [0x00B6D474]
	GetHandleVerifier [0x00F48FE3+2467827]
	GetHandleVerifier [0x00F445E6+2448886]
	GetHandleVerifier [0x00F5F80C+2560028]
	GetHandleVerifier [0x00D13DF5+153093]
	GetHandleVerifier [0x00D1A3BD+179149]
	GetHandleVerifier [0x00D04BB8+91080]
	GetHandleVerifier [0x00D04D60+91504]
	GetHandleVerifier [0x00CEFA10+4640]
	BaseThreadInitThunk [0x75C9FCC9+25]
	RtlGetAppContainerNamedObjectPath [0x777082AE+286]
	RtlGetAppContainerNamedObjectPath [0x7770827E+238]

2025-04-29 07:31:56,704 - INFO - Saved screenshot of sector tab
2025-04-29 07:31:56,719 - INFO - Found 6 tables on page
2025-04-29 07:31:56,719 - INFO - Checking table 1
2025-04-29 07:31:56,730 - INFO - Checking table 2
2025-04-29 07:31:56,740 - INFO - Found likely sector table (table #2)
2025-04-29 07:31:56,822 - WARNING - Could not find percent change for 
2025-04-29 07:31:56,867 - INFO - Found percent change: 0.11% in '24.80 (0.11%)'
2025-04-29 07:31:56,868 - INFO - Added sector: Auto, Change: 0.11%
2025-04-29 07:31:56,918 - INFO - Found percent change: 0.42% in '143.85 (0.42%)'
2025-04-29 07:31:56,918 - INFO - Added sector: Energy, Change: 0.42%
2025-04-29 07:31:56,970 - INFO - Found percent change: -0.24% in '-63.65 (-0.24%)'
2025-04-29 07:31:56,971 - INFO - Added sector: Financial Services, Change: -0.24%
2025-04-29 07:31:57,019 - INFO - Found percent change: -0.08% in '-47.50 (-0.08%)'
2025-04-29 07:31:57,020 - INFO - Added sector: FMCG, Change: -0.08%
2025-04-29 07:31:57,069 - INFO - Found percent change: 0.61% in '215.55 (0.61%)'
2025-04-29 07:31:57,069 - INFO - Added sector: IT, Change: 0.61%
2025-04-29 07:31:57,117 - INFO - Found percent change: 0.16% in '2.50 (0.16%)'
2025-04-29 07:31:57,118 - INFO - Added sector: Media, Change: 0.16%
2025-04-29 07:31:57,162 - INFO - Found percent change: 0.14% in '12.55 (0.14%)'
2025-04-29 07:31:57,162 - INFO - Added sector: Metal, Change: 0.14%
2025-04-29 07:31:57,212 - INFO - Found percent change: -0.48% in '-105.15 (-0.48%)'
2025-04-29 07:31:57,213 - INFO - Added sector: Pharma, Change: -0.48%
2025-04-29 07:31:57,259 - INFO - Found percent change: 0.62% in '41.25 (0.62%)'
2025-04-29 07:31:57,260 - INFO - Added sector: PSU Bank, Change: 0.62%
2025-04-29 07:31:57,304 - INFO - Found percent change: 0.53% in '4.65 (0.53%)'
2025-04-29 07:31:57,305 - INFO - Added sector: Realty, Change: 0.53%
2025-04-29 07:32:00,393 - INFO - Saved sector data to sector.csv
2025-04-29 07:33:01,049 - INFO - Running Nuvama sector data scraper job at 2025-04-29 07:33:01
2025-04-29 07:33:01,052 - INFO - Setting up Chrome driver...
2025-04-29 07:33:01,053 - INFO - ====== WebDriver manager ======
2025-04-29 07:33:02,442 - INFO - Get LATEST chromedriver version for google-chrome
2025-04-29 07:33:02,487 - INFO - Get LATEST chromedriver version for google-chrome
2025-04-29 07:33:02,525 - INFO - Driver [C:\Users\Rajee\.wdm\drivers\chromedriver\win64\135.0.7049.114\chromedriver-win32/chromedriver.exe] found in cache
2025-04-29 07:33:03,952 - INFO - Navigating to https://www.nuvamawealth.com/market/stock-market-index/#key-indices
2025-04-29 07:33:08,039 - INFO - Waiting for page to load...
2025-04-29 07:33:25,385 - INFO - Refreshed page to get latest data
2025-04-29 07:33:35,414 - WARNING - Could not click on SECTOR INDICES tab: Message: no such element: Unable to locate element: {"method":"xpath","selector":"//a[text()='SECTOR INDICES']"}
  (Session info: chrome=135.0.7049.115); For documentation on this error, please visit: https://www.selenium.dev/documentation/webdriver/troubleshooting/errors#no-such-element-exception
Stacktrace:
	GetHandleVerifier [0x00CFD363+60275]
	GetHandleVerifier [0x00CFD3A4+60340]
	(No symbol) [0x00B306F3]
	(No symbol) [0x00B78690]
	(No symbol) [0x00B78A2B]
	(No symbol) [0x00BC0EE2]
	(No symbol) [0x00B9D0D4]
	(No symbol) [0x00BBE6EB]
	(No symbol) [0x00B9CE86]
	(No symbol) [0x00B6C623]
	(No symbol) [0x00B6D474]
	GetHandleVerifier [0x00F48FE3+2467827]
	GetHandleVerifier [0x00F445E6+2448886]
	GetHandleVerifier [0x00F5F80C+2560028]
	GetHandleVerifier [0x00D13DF5+153093]
	GetHandleVerifier [0x00D1A3BD+179149]
	GetHandleVerifier [0x00D04BB8+91080]
	GetHandleVerifier [0x00D04D60+91504]
	GetHandleVerifier [0x00CEFA10+4640]
	BaseThreadInitThunk [0x75C9FCC9+25]
	RtlGetAppContainerNamedObjectPath [0x777082AE+286]
	RtlGetAppContainerNamedObjectPath [0x7770827E+238]

2025-04-29 07:33:35,437 - WARNING - Could not click on second tab: Message: no such element: Unable to locate element: {"method":"css selector","selector":".tab-links li:nth-child(2) a"}
  (Session info: chrome=135.0.7049.115); For documentation on this error, please visit: https://www.selenium.dev/documentation/webdriver/troubleshooting/errors#no-such-element-exception
Stacktrace:
	GetHandleVerifier [0x00CFD363+60275]
	GetHandleVerifier [0x00CFD3A4+60340]
	(No symbol) [0x00B306F3]
	(No symbol) [0x00B78690]
	(No symbol) [0x00B78A2B]
	(No symbol) [0x00BC0EE2]
	(No symbol) [0x00B9D0D4]
	(No symbol) [0x00BBE6EB]
	(No symbol) [0x00B9CE86]
	(No symbol) [0x00B6C623]
	(No symbol) [0x00B6D474]
	GetHandleVerifier [0x00F48FE3+2467827]
	GetHandleVerifier [0x00F445E6+2448886]
	GetHandleVerifier [0x00F5F80C+2560028]
	GetHandleVerifier [0x00D13DF5+153093]
	GetHandleVerifier [0x00D1A3BD+179149]
	GetHandleVerifier [0x00D04BB8+91080]
	GetHandleVerifier [0x00D04D60+91504]
	GetHandleVerifier [0x00CEFA10+4640]
	BaseThreadInitThunk [0x75C9FCC9+25]
	RtlGetAppContainerNamedObjectPath [0x777082AE+286]
	RtlGetAppContainerNamedObjectPath [0x7770827E+238]

2025-04-29 07:33:35,617 - INFO - Saved screenshot of sector tab
2025-04-29 07:33:35,629 - INFO - Found 6 tables on page
2025-04-29 07:33:35,629 - INFO - Checking table 1
2025-04-29 07:33:35,641 - INFO - Checking table 2
2025-04-29 07:33:35,652 - INFO - Found likely sector table (table #2)
2025-04-29 07:33:35,724 - WARNING - Could not find percent change for 
2025-04-29 07:33:35,776 - INFO - Found percent change: -0.08% in '-17.75 (-0.08%)'
2025-04-29 07:33:35,776 - INFO - Added sector: Auto, Change: -0.08%
2025-04-29 07:33:35,826 - INFO - Found percent change: 0.4% in '137.45 (0.40%)'
2025-04-29 07:33:35,827 - INFO - Added sector: Energy, Change: 0.4%
2025-04-29 07:33:35,878 - INFO - Found percent change: -0.34% in '-89.85 (-0.34%)'
2025-04-29 07:33:35,878 - INFO - Added sector: Financial Services, Change: -0.34%
2025-04-29 07:33:35,923 - INFO - Found percent change: -0.15% in '-85.20 (-0.15%)'
2025-04-29 07:33:35,924 - INFO - Added sector: FMCG, Change: -0.15%
2025-04-29 07:33:35,968 - INFO - Found percent change: 0.52% in '183.25 (0.52%)'
2025-04-29 07:33:35,968 - INFO - Added sector: IT, Change: 0.52%
2025-04-29 07:33:36,011 - INFO - Found percent change: -0.21% in '-3.35 (-0.21%)'
2025-04-29 07:33:36,012 - INFO - Added sector: Media, Change: -0.21%
2025-04-29 07:33:36,066 - INFO - Found percent change: -0.29% in '-25.50 (-0.29%)'
2025-04-29 07:33:36,067 - INFO - Added sector: Metal, Change: -0.29%
2025-04-29 07:33:36,113 - INFO - Found percent change: -0.71% in '-155.35 (-0.71%)'
2025-04-29 07:33:36,114 - INFO - Added sector: Pharma, Change: -0.71%
2025-04-29 07:33:36,165 - INFO - Found percent change: 0.5% in '33.45 (0.50%)'
2025-04-29 07:33:36,166 - INFO - Added sector: PSU Bank, Change: 0.5%
2025-04-29 07:33:36,213 - INFO - Found percent change: 0.28% in '2.45 (0.28%)'
2025-04-29 07:33:36,214 - INFO - Added sector: Realty, Change: 0.28%
2025-04-29 07:33:39,343 - INFO - Saved sector data to sector.csv
2025-04-29 07:34:39,986 - INFO - Running Nuvama sector data scraper job at 2025-04-29 07:34:39
2025-04-29 07:34:39,986 - INFO - Setting up Chrome driver...
2025-04-29 07:34:39,987 - INFO - ====== WebDriver manager ======
2025-04-29 07:34:41,361 - INFO - Get LATEST chromedriver version for google-chrome
2025-04-29 07:34:41,419 - INFO - Get LATEST chromedriver version for google-chrome
2025-04-29 07:34:41,491 - INFO - Driver [C:\Users\Rajee\.wdm\drivers\chromedriver\win64\135.0.7049.114\chromedriver-win32/chromedriver.exe] found in cache
2025-04-29 07:34:42,841 - INFO - Navigating to https://www.nuvamawealth.com/market/stock-market-index/#key-indices
2025-04-29 07:34:47,466 - INFO - Waiting for page to load...
2025-04-29 07:35:04,691 - INFO - Refreshed page to get latest data
2025-04-29 07:35:14,711 - WARNING - Could not click on SECTOR INDICES tab: Message: no such element: Unable to locate element: {"method":"xpath","selector":"//a[text()='SECTOR INDICES']"}
  (Session info: chrome=135.0.7049.115); For documentation on this error, please visit: https://www.selenium.dev/documentation/webdriver/troubleshooting/errors#no-such-element-exception
Stacktrace:
	GetHandleVerifier [0x00CFD363+60275]
	GetHandleVerifier [0x00CFD3A4+60340]
	(No symbol) [0x00B306F3]
	(No symbol) [0x00B78690]
	(No symbol) [0x00B78A2B]
	(No symbol) [0x00BC0EE2]
	(No symbol) [0x00B9D0D4]
	(No symbol) [0x00BBE6EB]
	(No symbol) [0x00B9CE86]
	(No symbol) [0x00B6C623]
	(No symbol) [0x00B6D474]
	GetHandleVerifier [0x00F48FE3+2467827]
	GetHandleVerifier [0x00F445E6+2448886]
	GetHandleVerifier [0x00F5F80C+2560028]
	GetHandleVerifier [0x00D13DF5+153093]
	GetHandleVerifier [0x00D1A3BD+179149]
	GetHandleVerifier [0x00D04BB8+91080]
	GetHandleVerifier [0x00D04D60+91504]
	GetHandleVerifier [0x00CEFA10+4640]
	BaseThreadInitThunk [0x75C9FCC9+25]
	RtlGetAppContainerNamedObjectPath [0x777082AE+286]
	RtlGetAppContainerNamedObjectPath [0x7770827E+238]

2025-04-29 07:35:14,726 - WARNING - Could not click on second tab: Message: no such element: Unable to locate element: {"method":"css selector","selector":".tab-links li:nth-child(2) a"}
  (Session info: chrome=135.0.7049.115); For documentation on this error, please visit: https://www.selenium.dev/documentation/webdriver/troubleshooting/errors#no-such-element-exception
Stacktrace:
	GetHandleVerifier [0x00CFD363+60275]
	GetHandleVerifier [0x00CFD3A4+60340]
	(No symbol) [0x00B306F3]
	(No symbol) [0x00B78690]
	(No symbol) [0x00B78A2B]
	(No symbol) [0x00BC0EE2]
	(No symbol) [0x00B9D0D4]
	(No symbol) [0x00BBE6EB]
	(No symbol) [0x00B9CE86]
	(No symbol) [0x00B6C623]
	(No symbol) [0x00B6D474]
	GetHandleVerifier [0x00F48FE3+2467827]
	GetHandleVerifier [0x00F445E6+2448886]
	GetHandleVerifier [0x00F5F80C+2560028]
	GetHandleVerifier [0x00D13DF5+153093]
	GetHandleVerifier [0x00D1A3BD+179149]
	GetHandleVerifier [0x00D04BB8+91080]
	GetHandleVerifier [0x00D04D60+91504]
	GetHandleVerifier [0x00CEFA10+4640]
	BaseThreadInitThunk [0x75C9FCC9+25]
	RtlGetAppContainerNamedObjectPath [0x777082AE+286]
	RtlGetAppContainerNamedObjectPath [0x7770827E+238]

2025-04-29 07:35:14,889 - INFO - Saved screenshot of sector tab
2025-04-29 07:35:14,905 - INFO - Found 6 tables on page
2025-04-29 07:35:14,905 - INFO - Checking table 1
2025-04-29 07:35:14,919 - INFO - Checking table 2
2025-04-29 07:35:14,929 - INFO - Found likely sector table (table #2)
2025-04-29 07:35:15,012 - WARNING - Could not find percent change for 
2025-04-29 07:35:15,071 - INFO - Found percent change: -0.08% in '-17.75 (-0.08%)'
2025-04-29 07:35:15,071 - INFO - Added sector: Auto, Change: -0.08%
2025-04-29 07:35:15,121 - INFO - Found percent change: 0.4% in '137.45 (0.40%)'
2025-04-29 07:35:15,121 - INFO - Added sector: Energy, Change: 0.4%
2025-04-29 07:35:15,166 - INFO - Found percent change: -0.34% in '-89.85 (-0.34%)'
2025-04-29 07:35:15,166 - INFO - Added sector: Financial Services, Change: -0.34%
2025-04-29 07:35:15,214 - INFO - Found percent change: -0.15% in '-85.20 (-0.15%)'
2025-04-29 07:35:15,214 - INFO - Added sector: FMCG, Change: -0.15%
2025-04-29 07:35:15,264 - INFO - Found percent change: 0.52% in '183.25 (0.52%)'
2025-04-29 07:35:15,264 - INFO - Added sector: IT, Change: 0.52%
2025-04-29 07:35:15,326 - INFO - Found percent change: -0.21% in '-3.35 (-0.21%)'
2025-04-29 07:35:15,326 - INFO - Added sector: Media, Change: -0.21%
2025-04-29 07:35:15,400 - INFO - Found percent change: -0.29% in '-25.50 (-0.29%)'
2025-04-29 07:35:15,400 - INFO - Added sector: Metal, Change: -0.29%
2025-04-29 07:35:15,445 - INFO - Found percent change: -0.71% in '-155.35 (-0.71%)'
2025-04-29 07:35:15,445 - INFO - Added sector: Pharma, Change: -0.71%
2025-04-29 07:35:15,489 - INFO - Found percent change: 0.5% in '33.45 (0.50%)'
2025-04-29 07:35:15,489 - INFO - Added sector: PSU Bank, Change: 0.5%
2025-04-29 07:35:15,539 - INFO - Found percent change: 0.28% in '2.45 (0.28%)'
2025-04-29 07:35:15,540 - INFO - Added sector: Realty, Change: 0.28%
2025-04-29 07:35:18,799 - INFO - Saved sector data to sector.csv
2025-04-29 07:36:19,442 - INFO - Running Nuvama sector data scraper job at 2025-04-29 07:36:19
2025-04-29 07:36:19,443 - INFO - Setting up Chrome driver...
2025-04-29 07:36:19,444 - INFO - ====== WebDriver manager ======
2025-04-29 07:36:21,007 - INFO - Get LATEST chromedriver version for google-chrome
2025-04-29 07:36:21,051 - INFO - Get LATEST chromedriver version for google-chrome
2025-04-29 07:36:21,094 - INFO - Driver [C:\Users\Rajee\.wdm\drivers\chromedriver\win64\135.0.7049.114\chromedriver-win32/chromedriver.exe] found in cache
2025-04-29 07:36:22,447 - INFO - Navigating to https://www.nuvamawealth.com/market/stock-market-index/#key-indices
2025-04-29 07:36:26,765 - INFO - Waiting for page to load...
2025-04-29 07:36:44,115 - INFO - Refreshed page to get latest data
2025-04-29 07:36:54,146 - WARNING - Could not click on SECTOR INDICES tab: Message: no such element: Unable to locate element: {"method":"xpath","selector":"//a[text()='SECTOR INDICES']"}
  (Session info: chrome=135.0.7049.115); For documentation on this error, please visit: https://www.selenium.dev/documentation/webdriver/troubleshooting/errors#no-such-element-exception
Stacktrace:
	GetHandleVerifier [0x00CFD363+60275]
	GetHandleVerifier [0x00CFD3A4+60340]
	(No symbol) [0x00B306F3]
	(No symbol) [0x00B78690]
	(No symbol) [0x00B78A2B]
	(No symbol) [0x00BC0EE2]
	(No symbol) [0x00B9D0D4]
	(No symbol) [0x00BBE6EB]
	(No symbol) [0x00B9CE86]
	(No symbol) [0x00B6C623]
	(No symbol) [0x00B6D474]
	GetHandleVerifier [0x00F48FE3+2467827]
	GetHandleVerifier [0x00F445E6+2448886]
	GetHandleVerifier [0x00F5F80C+2560028]
	GetHandleVerifier [0x00D13DF5+153093]
	GetHandleVerifier [0x00D1A3BD+179149]
	GetHandleVerifier [0x00D04BB8+91080]
	GetHandleVerifier [0x00D04D60+91504]
	GetHandleVerifier [0x00CEFA10+4640]
	BaseThreadInitThunk [0x75C9FCC9+25]
	RtlGetAppContainerNamedObjectPath [0x777082AE+286]
	RtlGetAppContainerNamedObjectPath [0x7770827E+238]

2025-04-29 07:36:54,166 - WARNING - Could not click on second tab: Message: no such element: Unable to locate element: {"method":"css selector","selector":".tab-links li:nth-child(2) a"}
  (Session info: chrome=135.0.7049.115); For documentation on this error, please visit: https://www.selenium.dev/documentation/webdriver/troubleshooting/errors#no-such-element-exception
Stacktrace:
	GetHandleVerifier [0x00CFD363+60275]
	GetHandleVerifier [0x00CFD3A4+60340]
	(No symbol) [0x00B306F3]
	(No symbol) [0x00B78690]
	(No symbol) [0x00B78A2B]
	(No symbol) [0x00BC0EE2]
	(No symbol) [0x00B9D0D4]
	(No symbol) [0x00BBE6EB]
	(No symbol) [0x00B9CE86]
	(No symbol) [0x00B6C623]
	(No symbol) [0x00B6D474]
	GetHandleVerifier [0x00F48FE3+2467827]
	GetHandleVerifier [0x00F445E6+2448886]
	GetHandleVerifier [0x00F5F80C+2560028]
	GetHandleVerifier [0x00D13DF5+153093]
	GetHandleVerifier [0x00D1A3BD+179149]
	GetHandleVerifier [0x00D04BB8+91080]
	GetHandleVerifier [0x00D04D60+91504]
	GetHandleVerifier [0x00CEFA10+4640]
	BaseThreadInitThunk [0x75C9FCC9+25]
	RtlGetAppContainerNamedObjectPath [0x777082AE+286]
	RtlGetAppContainerNamedObjectPath [0x7770827E+238]

2025-04-29 07:36:54,324 - INFO - Saved screenshot of sector tab
2025-04-29 07:36:54,337 - INFO - Found 6 tables on page
2025-04-29 07:36:54,337 - INFO - Checking table 1
2025-04-29 07:36:54,347 - INFO - Checking table 2
2025-04-29 07:36:54,357 - INFO - Found likely sector table (table #2)
2025-04-29 07:36:54,428 - WARNING - Could not find percent change for 
2025-04-29 07:36:54,473 - INFO - Found percent change: -0.08% in '-17.75 (-0.08%)'
2025-04-29 07:36:54,473 - INFO - Added sector: Auto, Change: -0.08%
2025-04-29 07:36:54,531 - INFO - Found percent change: 0.4% in '137.45 (0.40%)'
2025-04-29 07:36:54,531 - INFO - Added sector: Energy, Change: 0.4%
2025-04-29 07:36:54,581 - INFO - Found percent change: -0.34% in '-89.85 (-0.34%)'
2025-04-29 07:36:54,582 - INFO - Added sector: Financial Services, Change: -0.34%
2025-04-29 07:36:54,639 - INFO - Found percent change: -0.15% in '-85.20 (-0.15%)'
2025-04-29 07:36:54,639 - INFO - Added sector: FMCG, Change: -0.15%
2025-04-29 07:36:54,686 - INFO - Found percent change: 0.52% in '183.25 (0.52%)'
2025-04-29 07:36:54,686 - INFO - Added sector: IT, Change: 0.52%
2025-04-29 07:36:54,731 - INFO - Found percent change: -0.21% in '-3.35 (-0.21%)'
2025-04-29 07:36:54,731 - INFO - Added sector: Media, Change: -0.21%
2025-04-29 07:36:54,776 - INFO - Found percent change: -0.29% in '-25.50 (-0.29%)'
2025-04-29 07:36:54,776 - INFO - Added sector: Metal, Change: -0.29%
2025-04-29 07:36:54,823 - INFO - Found percent change: -0.71% in '-155.35 (-0.71%)'
2025-04-29 07:36:54,823 - INFO - Added sector: Pharma, Change: -0.71%
2025-04-29 07:36:54,870 - INFO - Found percent change: 0.5% in '33.45 (0.50%)'
2025-04-29 07:36:54,871 - INFO - Added sector: PSU Bank, Change: 0.5%
2025-04-29 07:36:54,919 - INFO - Found percent change: 0.28% in '2.45 (0.28%)'
2025-04-29 07:36:54,920 - INFO - Added sector: Realty, Change: 0.28%
2025-04-29 07:36:58,018 - INFO - Saved sector data to sector.csv
2025-04-29 07:37:58,632 - INFO - Running Nuvama sector data scraper job at 2025-04-29 07:37:58
2025-04-29 07:37:58,632 - INFO - Setting up Chrome driver...
2025-04-29 07:37:58,633 - INFO - ====== WebDriver manager ======
2025-04-29 07:37:59,894 - INFO - Get LATEST chromedriver version for google-chrome
2025-04-29 07:37:59,935 - INFO - Get LATEST chromedriver version for google-chrome
2025-04-29 07:37:59,980 - INFO - Driver [C:\Users\Rajee\.wdm\drivers\chromedriver\win64\135.0.7049.114\chromedriver-win32/chromedriver.exe] found in cache
2025-04-29 07:38:01,662 - INFO - Navigating to https://www.nuvamawealth.com/market/stock-market-index/#key-indices
2025-04-29 07:38:06,330 - INFO - Waiting for page to load...
2025-04-29 07:38:23,672 - INFO - Refreshed page to get latest data
2025-04-29 07:38:33,693 - WARNING - Could not click on SECTOR INDICES tab: Message: no such element: Unable to locate element: {"method":"xpath","selector":"//a[text()='SECTOR INDICES']"}
  (Session info: chrome=135.0.7049.115); For documentation on this error, please visit: https://www.selenium.dev/documentation/webdriver/troubleshooting/errors#no-such-element-exception
Stacktrace:
	GetHandleVerifier [0x00CFD363+60275]
	GetHandleVerifier [0x00CFD3A4+60340]
	(No symbol) [0x00B306F3]
	(No symbol) [0x00B78690]
	(No symbol) [0x00B78A2B]
	(No symbol) [0x00BC0EE2]
	(No symbol) [0x00B9D0D4]
	(No symbol) [0x00BBE6EB]
	(No symbol) [0x00B9CE86]
	(No symbol) [0x00B6C623]
	(No symbol) [0x00B6D474]
	GetHandleVerifier [0x00F48FE3+2467827]
	GetHandleVerifier [0x00F445E6+2448886]
	GetHandleVerifier [0x00F5F80C+2560028]
	GetHandleVerifier [0x00D13DF5+153093]
	GetHandleVerifier [0x00D1A3BD+179149]
	GetHandleVerifier [0x00D04BB8+91080]
	GetHandleVerifier [0x00D04D60+91504]
	GetHandleVerifier [0x00CEFA10+4640]
	BaseThreadInitThunk [0x75C9FCC9+25]
	RtlGetAppContainerNamedObjectPath [0x777082AE+286]
	RtlGetAppContainerNamedObjectPath [0x7770827E+238]

2025-04-29 07:38:33,708 - WARNING - Could not click on second tab: Message: no such element: Unable to locate element: {"method":"css selector","selector":".tab-links li:nth-child(2) a"}
  (Session info: chrome=135.0.7049.115); For documentation on this error, please visit: https://www.selenium.dev/documentation/webdriver/troubleshooting/errors#no-such-element-exception
Stacktrace:
	GetHandleVerifier [0x00CFD363+60275]
	GetHandleVerifier [0x00CFD3A4+60340]
	(No symbol) [0x00B306F3]
	(No symbol) [0x00B78690]
	(No symbol) [0x00B78A2B]
	(No symbol) [0x00BC0EE2]
	(No symbol) [0x00B9D0D4]
	(No symbol) [0x00BBE6EB]
	(No symbol) [0x00B9CE86]
	(No symbol) [0x00B6C623]
	(No symbol) [0x00B6D474]
	GetHandleVerifier [0x00F48FE3+2467827]
	GetHandleVerifier [0x00F445E6+2448886]
	GetHandleVerifier [0x00F5F80C+2560028]
	GetHandleVerifier [0x00D13DF5+153093]
	GetHandleVerifier [0x00D1A3BD+179149]
	GetHandleVerifier [0x00D04BB8+91080]
	GetHandleVerifier [0x00D04D60+91504]
	GetHandleVerifier [0x00CEFA10+4640]
	BaseThreadInitThunk [0x75C9FCC9+25]
	RtlGetAppContainerNamedObjectPath [0x777082AE+286]
	RtlGetAppContainerNamedObjectPath [0x7770827E+238]

2025-04-29 07:38:33,856 - INFO - Saved screenshot of sector tab
2025-04-29 07:38:33,871 - INFO - Found 6 tables on page
2025-04-29 07:38:33,871 - INFO - Checking table 1
2025-04-29 07:38:33,883 - INFO - Checking table 2
2025-04-29 07:38:33,894 - INFO - Found likely sector table (table #2)
2025-04-29 07:38:33,975 - WARNING - Could not find percent change for 
2025-04-29 07:38:34,021 - INFO - Found percent change: -0.08% in '-17.75 (-0.08%)'
2025-04-29 07:38:34,021 - INFO - Added sector: Auto, Change: -0.08%
2025-04-29 07:38:34,082 - INFO - Found percent change: 0.4% in '137.45 (0.40%)'
2025-04-29 07:38:34,083 - INFO - Added sector: Energy, Change: 0.4%
2025-04-29 07:38:34,128 - INFO - Found percent change: -0.34% in '-89.85 (-0.34%)'
2025-04-29 07:38:34,129 - INFO - Added sector: Financial Services, Change: -0.34%
2025-04-29 07:38:34,174 - INFO - Found percent change: -0.15% in '-85.20 (-0.15%)'
2025-04-29 07:38:34,175 - INFO - Added sector: FMCG, Change: -0.15%
2025-04-29 07:38:34,224 - INFO - Found percent change: 0.52% in '183.25 (0.52%)'
2025-04-29 07:38:34,224 - INFO - Added sector: IT, Change: 0.52%
2025-04-29 07:38:34,268 - INFO - Found percent change: -0.21% in '-3.35 (-0.21%)'
2025-04-29 07:38:34,268 - INFO - Added sector: Media, Change: -0.21%
2025-04-29 07:38:34,317 - INFO - Found percent change: -0.29% in '-25.50 (-0.29%)'
2025-04-29 07:38:34,317 - INFO - Added sector: Metal, Change: -0.29%
2025-04-29 07:38:34,367 - INFO - Found percent change: -0.71% in '-155.35 (-0.71%)'
2025-04-29 07:38:34,367 - INFO - Added sector: Pharma, Change: -0.71%
2025-04-29 07:38:34,419 - INFO - Found percent change: 0.5% in '33.45 (0.50%)'
2025-04-29 07:38:34,419 - INFO - Added sector: PSU Bank, Change: 0.5%
2025-04-29 07:38:34,462 - INFO - Found percent change: 0.28% in '2.45 (0.28%)'
2025-04-29 07:38:34,463 - INFO - Added sector: Realty, Change: 0.28%
2025-04-29 07:38:37,443 - INFO - Saved sector data to sector.csv
2025-04-29 07:39:38,122 - INFO - Running Nuvama sector data scraper job at 2025-04-29 07:39:38
2025-04-29 07:39:38,123 - INFO - Setting up Chrome driver...
2025-04-29 07:39:38,123 - INFO - ====== WebDriver manager ======
2025-04-29 07:39:39,376 - INFO - Get LATEST chromedriver version for google-chrome
2025-04-29 07:39:39,420 - INFO - Get LATEST chromedriver version for google-chrome
2025-04-29 07:39:39,465 - INFO - Driver [C:\Users\Rajee\.wdm\drivers\chromedriver\win64\135.0.7049.114\chromedriver-win32/chromedriver.exe] found in cache
2025-04-29 07:39:41,032 - INFO - Navigating to https://www.nuvamawealth.com/market/stock-market-index/#key-indices
2025-04-29 07:39:45,031 - INFO - Waiting for page to load...
2025-04-29 07:40:02,715 - INFO - Refreshed page to get latest data
2025-04-29 07:40:12,746 - WARNING - Could not click on SECTOR INDICES tab: Message: no such element: Unable to locate element: {"method":"xpath","selector":"//a[text()='SECTOR INDICES']"}
  (Session info: chrome=135.0.7049.115); For documentation on this error, please visit: https://www.selenium.dev/documentation/webdriver/troubleshooting/errors#no-such-element-exception
Stacktrace:
	GetHandleVerifier [0x00CFD363+60275]
	GetHandleVerifier [0x00CFD3A4+60340]
	(No symbol) [0x00B306F3]
	(No symbol) [0x00B78690]
	(No symbol) [0x00B78A2B]
	(No symbol) [0x00BC0EE2]
	(No symbol) [0x00B9D0D4]
	(No symbol) [0x00BBE6EB]
	(No symbol) [0x00B9CE86]
	(No symbol) [0x00B6C623]
	(No symbol) [0x00B6D474]
	GetHandleVerifier [0x00F48FE3+2467827]
	GetHandleVerifier [0x00F445E6+2448886]
	GetHandleVerifier [0x00F5F80C+2560028]
	GetHandleVerifier [0x00D13DF5+153093]
	GetHandleVerifier [0x00D1A3BD+179149]
	GetHandleVerifier [0x00D04BB8+91080]
	GetHandleVerifier [0x00D04D60+91504]
	GetHandleVerifier [0x00CEFA10+4640]
	BaseThreadInitThunk [0x75C9FCC9+25]
	RtlGetAppContainerNamedObjectPath [0x777082AE+286]
	RtlGetAppContainerNamedObjectPath [0x7770827E+238]

2025-04-29 07:40:12,767 - WARNING - Could not click on second tab: Message: no such element: Unable to locate element: {"method":"css selector","selector":".tab-links li:nth-child(2) a"}
  (Session info: chrome=135.0.7049.115); For documentation on this error, please visit: https://www.selenium.dev/documentation/webdriver/troubleshooting/errors#no-such-element-exception
Stacktrace:
	GetHandleVerifier [0x00CFD363+60275]
	GetHandleVerifier [0x00CFD3A4+60340]
	(No symbol) [0x00B306F3]
	(No symbol) [0x00B78690]
	(No symbol) [0x00B78A2B]
	(No symbol) [0x00BC0EE2]
	(No symbol) [0x00B9D0D4]
	(No symbol) [0x00BBE6EB]
	(No symbol) [0x00B9CE86]
	(No symbol) [0x00B6C623]
	(No symbol) [0x00B6D474]
	GetHandleVerifier [0x00F48FE3+2467827]
	GetHandleVerifier [0x00F445E6+2448886]
	GetHandleVerifier [0x00F5F80C+2560028]
	GetHandleVerifier [0x00D13DF5+153093]
	GetHandleVerifier [0x00D1A3BD+179149]
	GetHandleVerifier [0x00D04BB8+91080]
	GetHandleVerifier [0x00D04D60+91504]
	GetHandleVerifier [0x00CEFA10+4640]
	BaseThreadInitThunk [0x75C9FCC9+25]
	RtlGetAppContainerNamedObjectPath [0x777082AE+286]
	RtlGetAppContainerNamedObjectPath [0x7770827E+238]

2025-04-29 07:40:12,933 - INFO - Saved screenshot of sector tab
2025-04-29 07:40:12,951 - INFO - Found 6 tables on page
2025-04-29 07:40:12,951 - INFO - Checking table 1
2025-04-29 07:40:12,967 - INFO - Checking table 2
2025-04-29 07:40:12,978 - INFO - Found likely sector table (table #2)
2025-04-29 07:40:13,045 - WARNING - Could not find percent change for 
2025-04-29 07:40:13,094 - INFO - Found percent change: -0.08% in '-17.75 (-0.08%)'
2025-04-29 07:40:13,094 - INFO - Added sector: Auto, Change: -0.08%
2025-04-29 07:40:13,142 - INFO - Found percent change: 0.4% in '137.45 (0.40%)'
2025-04-29 07:40:13,143 - INFO - Added sector: Energy, Change: 0.4%
2025-04-29 07:40:13,192 - INFO - Found percent change: -0.34% in '-89.85 (-0.34%)'
2025-04-29 07:40:13,193 - INFO - Added sector: Financial Services, Change: -0.34%
2025-04-29 07:40:13,327 - INFO - Found percent change: -0.15% in '-85.20 (-0.15%)'
2025-04-29 07:40:13,328 - INFO - Added sector: FMCG, Change: -0.15%
2025-04-29 07:40:13,401 - INFO - Found percent change: 0.52% in '183.25 (0.52%)'
2025-04-29 07:40:13,401 - INFO - Added sector: IT, Change: 0.52%
2025-04-29 07:40:13,446 - INFO - Found percent change: -0.21% in '-3.35 (-0.21%)'
2025-04-29 07:40:13,446 - INFO - Added sector: Media, Change: -0.21%
2025-04-29 07:40:13,491 - INFO - Found percent change: -0.29% in '-25.50 (-0.29%)'
2025-04-29 07:40:13,491 - INFO - Added sector: Metal, Change: -0.29%
2025-04-29 07:40:13,539 - INFO - Found percent change: -0.71% in '-155.35 (-0.71%)'
2025-04-29 07:40:13,539 - INFO - Added sector: Pharma, Change: -0.71%
2025-04-29 07:40:13,591 - INFO - Found percent change: 0.5% in '33.45 (0.50%)'
2025-04-29 07:40:13,592 - INFO - Added sector: PSU Bank, Change: 0.5%
2025-04-29 07:40:13,638 - INFO - Found percent change: 0.28% in '2.45 (0.28%)'
2025-04-29 07:40:13,639 - INFO - Added sector: Realty, Change: 0.28%
2025-04-29 07:40:16,682 - INFO - Saved sector data to sector.csv
2025-04-29 07:41:17,340 - INFO - Running Nuvama sector data scraper job at 2025-04-29 07:41:17
2025-04-29 07:41:17,341 - INFO - Setting up Chrome driver...
2025-04-29 07:41:17,342 - INFO - ====== WebDriver manager ======
2025-04-29 07:41:18,603 - INFO - Get LATEST chromedriver version for google-chrome
2025-04-29 07:41:18,642 - INFO - Get LATEST chromedriver version for google-chrome
2025-04-29 07:41:18,681 - INFO - Driver [C:\Users\Rajee\.wdm\drivers\chromedriver\win64\135.0.7049.114\chromedriver-win32/chromedriver.exe] found in cache
2025-04-29 07:41:20,179 - INFO - Navigating to https://www.nuvamawealth.com/market/stock-market-index/#key-indices
2025-04-29 07:41:24,537 - INFO - Waiting for page to load...
2025-04-29 07:41:42,006 - INFO - Refreshed page to get latest data
2025-04-29 07:41:52,035 - WARNING - Could not click on SECTOR INDICES tab: Message: no such element: Unable to locate element: {"method":"xpath","selector":"//a[text()='SECTOR INDICES']"}
  (Session info: chrome=135.0.7049.115); For documentation on this error, please visit: https://www.selenium.dev/documentation/webdriver/troubleshooting/errors#no-such-element-exception
Stacktrace:
	GetHandleVerifier [0x00CFD363+60275]
	GetHandleVerifier [0x00CFD3A4+60340]
	(No symbol) [0x00B306F3]
	(No symbol) [0x00B78690]
	(No symbol) [0x00B78A2B]
	(No symbol) [0x00BC0EE2]
	(No symbol) [0x00B9D0D4]
	(No symbol) [0x00BBE6EB]
	(No symbol) [0x00B9CE86]
	(No symbol) [0x00B6C623]
	(No symbol) [0x00B6D474]
	GetHandleVerifier [0x00F48FE3+2467827]
	GetHandleVerifier [0x00F445E6+2448886]
	GetHandleVerifier [0x00F5F80C+2560028]
	GetHandleVerifier [0x00D13DF5+153093]
	GetHandleVerifier [0x00D1A3BD+179149]
	GetHandleVerifier [0x00D04BB8+91080]
	GetHandleVerifier [0x00D04D60+91504]
	GetHandleVerifier [0x00CEFA10+4640]
	BaseThreadInitThunk [0x75C9FCC9+25]
	RtlGetAppContainerNamedObjectPath [0x777082AE+286]
	RtlGetAppContainerNamedObjectPath [0x7770827E+238]

2025-04-29 07:41:52,057 - WARNING - Could not click on second tab: Message: no such element: Unable to locate element: {"method":"css selector","selector":".tab-links li:nth-child(2) a"}
  (Session info: chrome=135.0.7049.115); For documentation on this error, please visit: https://www.selenium.dev/documentation/webdriver/troubleshooting/errors#no-such-element-exception
Stacktrace:
	GetHandleVerifier [0x00CFD363+60275]
	GetHandleVerifier [0x00CFD3A4+60340]
	(No symbol) [0x00B306F3]
	(No symbol) [0x00B78690]
	(No symbol) [0x00B78A2B]
	(No symbol) [0x00BC0EE2]
	(No symbol) [0x00B9D0D4]
	(No symbol) [0x00BBE6EB]
	(No symbol) [0x00B9CE86]
	(No symbol) [0x00B6C623]
	(No symbol) [0x00B6D474]
	GetHandleVerifier [0x00F48FE3+2467827]
	GetHandleVerifier [0x00F445E6+2448886]
	GetHandleVerifier [0x00F5F80C+2560028]
	GetHandleVerifier [0x00D13DF5+153093]
	GetHandleVerifier [0x00D1A3BD+179149]
	GetHandleVerifier [0x00D04BB8+91080]
	GetHandleVerifier [0x00D04D60+91504]
	GetHandleVerifier [0x00CEFA10+4640]
	BaseThreadInitThunk [0x75C9FCC9+25]
	RtlGetAppContainerNamedObjectPath [0x777082AE+286]
	RtlGetAppContainerNamedObjectPath [0x7770827E+238]

2025-04-29 07:41:52,209 - INFO - Saved screenshot of sector tab
2025-04-29 07:41:52,222 - INFO - Found 6 tables on page
2025-04-29 07:41:52,223 - INFO - Checking table 1
2025-04-29 07:41:52,234 - INFO - Checking table 2
2025-04-29 07:41:52,244 - INFO - Found likely sector table (table #2)
2025-04-29 07:41:52,324 - WARNING - Could not find percent change for 
2025-04-29 07:41:52,371 - INFO - Found percent change: -0.08% in '-17.75 (-0.08%)'
2025-04-29 07:41:52,371 - INFO - Added sector: Auto, Change: -0.08%
2025-04-29 07:41:52,424 - INFO - Found percent change: 0.4% in '137.45 (0.40%)'
2025-04-29 07:41:52,424 - INFO - Added sector: Energy, Change: 0.4%
2025-04-29 07:41:52,468 - INFO - Found percent change: -0.34% in '-89.85 (-0.34%)'
2025-04-29 07:41:52,469 - INFO - Added sector: Financial Services, Change: -0.34%
2025-04-29 07:41:52,515 - INFO - Found percent change: -0.15% in '-85.20 (-0.15%)'
2025-04-29 07:41:52,516 - INFO - Added sector: FMCG, Change: -0.15%
2025-04-29 07:41:52,574 - INFO - Found percent change: 0.52% in '183.25 (0.52%)'
2025-04-29 07:41:52,575 - INFO - Added sector: IT, Change: 0.52%
2025-04-29 07:41:52,631 - INFO - Found percent change: -0.21% in '-3.35 (-0.21%)'
2025-04-29 07:41:52,631 - INFO - Added sector: Media, Change: -0.21%
2025-04-29 07:41:52,681 - INFO - Found percent change: -0.29% in '-25.50 (-0.29%)'
2025-04-29 07:41:52,682 - INFO - Added sector: Metal, Change: -0.29%
2025-04-29 07:41:52,727 - INFO - Found percent change: -0.71% in '-155.35 (-0.71%)'
2025-04-29 07:41:52,727 - INFO - Added sector: Pharma, Change: -0.71%
2025-04-29 07:41:52,773 - INFO - Found percent change: 0.5% in '33.45 (0.50%)'
2025-04-29 07:41:52,773 - INFO - Added sector: PSU Bank, Change: 0.5%
2025-04-29 07:41:52,819 - INFO - Found percent change: 0.28% in '2.45 (0.28%)'
2025-04-29 07:41:52,820 - INFO - Added sector: Realty, Change: 0.28%
2025-04-29 07:41:56,015 - INFO - Saved sector data to sector.csv
2025-04-29 07:42:56,688 - INFO - Running Nuvama sector data scraper job at 2025-04-29 07:42:56
2025-04-29 07:42:56,689 - INFO - Setting up Chrome driver...
2025-04-29 07:42:56,689 - INFO - ====== WebDriver manager ======
2025-04-29 07:42:57,974 - INFO - Get LATEST chromedriver version for google-chrome
2025-04-29 07:42:58,025 - INFO - Get LATEST chromedriver version for google-chrome
2025-04-29 07:42:58,068 - INFO - Driver [C:\Users\Rajee\.wdm\drivers\chromedriver\win64\135.0.7049.114\chromedriver-win32/chromedriver.exe] found in cache
2025-04-29 07:42:59,367 - INFO - Navigating to https://www.nuvamawealth.com/market/stock-market-index/#key-indices
2025-04-29 07:43:03,204 - INFO - Waiting for page to load...
2025-04-29 08:41:00,001 - ERROR - Error during scraping: Message: invalid session id: session deleted as the browser has closed the connection
from disconnected: not connected to DevTools
  (Session info: chrome=135.0.7049.115)
Stacktrace:
	GetHandleVerifier [0x00CFD363+60275]
	GetHandleVerifier [0x00CFD3A4+60340]
	(No symbol) [0x00B306F3]
	(No symbol) [0x00B1FF20]
	(No symbol) [0x00B3DDA2]
	(No symbol) [0x00BA3D2F]
	(No symbol) [0x00BBDFE9]
	(No symbol) [0x00B9CE86]
	(No symbol) [0x00B6C623]
	(No symbol) [0x00B6D474]
	GetHandleVerifier [0x00F48FE3+2467827]
	GetHandleVerifier [0x00F445E6+2448886]
	GetHandleVerifier [0x00F5F80C+2560028]
	GetHandleVerifier [0x00D13DF5+153093]
	GetHandleVerifier [0x00D1A3BD+179149]
	GetHandleVerifier [0x00D04BB8+91080]
	GetHandleVerifier [0x00D04D60+91504]
	GetHandleVerifier [0x00CEFA10+4640]
	BaseThreadInitThunk [0x75C9FCC9+25]
	RtlGetAppContainerNamedObjectPath [0x777082AE+286]
	RtlGetAppContainerNamedObjectPath [0x7770827E+238]

2025-04-29 08:41:02,839 - ERROR - Failed to scrape sector data
2025-04-29 08:42:03,594 - INFO - Running Nuvama sector data scraper job at 2025-04-29 08:42:03
2025-04-29 08:42:03,595 - INFO - Setting up Chrome driver...
2025-04-29 08:42:03,595 - INFO - ====== WebDriver manager ======
2025-04-29 08:42:05,752 - INFO - Get LATEST chromedriver version for google-chrome
2025-04-29 08:42:05,815 - INFO - Get LATEST chromedriver version for google-chrome
2025-04-29 08:42:05,865 - INFO - Driver [C:\Users\Rajee\.wdm\drivers\chromedriver\win64\135.0.7049.114\chromedriver-win32/chromedriver.exe] found in cache
2025-04-29 08:42:09,067 - INFO - Navigating to https://www.nuvamawealth.com/market/stock-market-index/#key-indices
2025-04-29 08:42:14,010 - INFO - Waiting for page to load...
2025-04-29 08:42:31,489 - INFO - Refreshed page to get latest data
2025-04-29 08:42:41,536 - WARNING - Could not click on SECTOR INDICES tab: Message: no such element: Unable to locate element: {"method":"xpath","selector":"//a[text()='SECTOR INDICES']"}
  (Session info: chrome=135.0.7049.115); For documentation on this error, please visit: https://www.selenium.dev/documentation/webdriver/troubleshooting/errors#no-such-element-exception
Stacktrace:
	GetHandleVerifier [0x00CFD363+60275]
	GetHandleVerifier [0x00CFD3A4+60340]
	(No symbol) [0x00B306F3]
	(No symbol) [0x00B78690]
	(No symbol) [0x00B78A2B]
	(No symbol) [0x00BC0EE2]
	(No symbol) [0x00B9D0D4]
	(No symbol) [0x00BBE6EB]
	(No symbol) [0x00B9CE86]
	(No symbol) [0x00B6C623]
	(No symbol) [0x00B6D474]
	GetHandleVerifier [0x00F48FE3+2467827]
	GetHandleVerifier [0x00F445E6+2448886]
	GetHandleVerifier [0x00F5F80C+2560028]
	GetHandleVerifier [0x00D13DF5+153093]
	GetHandleVerifier [0x00D1A3BD+179149]
	GetHandleVerifier [0x00D04BB8+91080]
	GetHandleVerifier [0x00D04D60+91504]
	GetHandleVerifier [0x00CEFA10+4640]
	BaseThreadInitThunk [0x75C9FCC9+25]
	RtlGetAppContainerNamedObjectPath [0x777082AE+286]
	RtlGetAppContainerNamedObjectPath [0x7770827E+238]

2025-04-29 08:42:41,553 - WARNING - Could not click on second tab: Message: no such element: Unable to locate element: {"method":"css selector","selector":".tab-links li:nth-child(2) a"}
  (Session info: chrome=135.0.7049.115); For documentation on this error, please visit: https://www.selenium.dev/documentation/webdriver/troubleshooting/errors#no-such-element-exception
Stacktrace:
	GetHandleVerifier [0x00CFD363+60275]
	GetHandleVerifier [0x00CFD3A4+60340]
	(No symbol) [0x00B306F3]
	(No symbol) [0x00B78690]
	(No symbol) [0x00B78A2B]
	(No symbol) [0x00BC0EE2]
	(No symbol) [0x00B9D0D4]
	(No symbol) [0x00BBE6EB]
	(No symbol) [0x00B9CE86]
	(No symbol) [0x00B6C623]
	(No symbol) [0x00B6D474]
	GetHandleVerifier [0x00F48FE3+2467827]
	GetHandleVerifier [0x00F445E6+2448886]
	GetHandleVerifier [0x00F5F80C+2560028]
	GetHandleVerifier [0x00D13DF5+153093]
	GetHandleVerifier [0x00D1A3BD+179149]
	GetHandleVerifier [0x00D04BB8+91080]
	GetHandleVerifier [0x00D04D60+91504]
	GetHandleVerifier [0x00CEFA10+4640]
	BaseThreadInitThunk [0x75C9FCC9+25]
	RtlGetAppContainerNamedObjectPath [0x777082AE+286]
	RtlGetAppContainerNamedObjectPath [0x7770827E+238]

2025-04-29 08:42:41,729 - INFO - Saved screenshot of sector tab
2025-04-29 08:42:41,751 - INFO - Found 6 tables on page
2025-04-29 08:42:41,751 - INFO - Checking table 1
2025-04-29 08:42:41,760 - INFO - Checking table 2
2025-04-29 08:42:41,771 - INFO - Found likely sector table (table #2)
2025-04-29 08:42:41,847 - WARNING - Could not find percent change for 
2025-04-29 08:42:41,892 - INFO - Found percent change: 0.9% in '317.90 (0.90%)'
2025-04-29 08:42:41,893 - INFO - Added sector: IT, Change: 0.9%
2025-04-29 08:42:41,942 - INFO - Found percent change: 0.41% in '27.70 (0.41%)'
2025-04-29 08:42:41,942 - INFO - Added sector: PSU Bank, Change: 0.41%
2025-04-29 08:42:41,992 - INFO - Found percent change: 0.15% in '52.30 (0.15%)'
2025-04-29 08:42:41,992 - INFO - Added sector: Energy, Change: 0.15%
2025-04-29 08:42:42,053 - INFO - Found percent change: -0.19% in '-107.05 (-0.19%)'
2025-04-29 08:42:42,053 - INFO - Added sector: FMCG, Change: -0.19%
2025-04-29 08:42:42,097 - INFO - Found percent change: -0.25% in '-2.20 (-0.25%)'
2025-04-29 08:42:42,097 - INFO - Added sector: Realty, Change: -0.25%
2025-04-29 08:42:42,161 - INFO - Found percent change: -0.35% in '-79.15 (-0.35%)'
2025-04-29 08:42:42,162 - INFO - Added sector: Auto, Change: -0.35%
2025-04-29 08:42:42,343 - INFO - Found percent change: -0.41% in '-108.05 (-0.41%)'
2025-04-29 08:42:42,352 - INFO - Added sector: Financial Services, Change: -0.41%
2025-04-29 08:42:42,441 - INFO - Found percent change: -0.44% in '-38.25 (-0.44%)'
2025-04-29 08:42:42,442 - INFO - Added sector: Metal, Change: -0.44%
2025-04-29 08:42:42,505 - INFO - Found percent change: -0.56% in '-8.70 (-0.56%)'
2025-04-29 08:42:42,505 - INFO - Added sector: Media, Change: -0.56%
2025-04-29 08:42:42,574 - INFO - Found percent change: -0.81% in '-177.15 (-0.81%)'
2025-04-29 08:42:42,574 - INFO - Added sector: Pharma, Change: -0.81%
2025-04-29 08:42:45,602 - INFO - Saved sector data to sector.csv
2025-04-29 08:43:46,260 - INFO - Running Nuvama sector data scraper job at 2025-04-29 08:43:46
2025-04-29 08:43:46,261 - INFO - Setting up Chrome driver...
2025-04-29 08:43:46,262 - INFO - ====== WebDriver manager ======
2025-04-29 08:43:47,550 - INFO - Get LATEST chromedriver version for google-chrome
2025-04-29 08:43:47,593 - INFO - Get LATEST chromedriver version for google-chrome
2025-04-29 08:43:47,633 - INFO - Driver [C:\Users\Rajee\.wdm\drivers\chromedriver\win64\135.0.7049.114\chromedriver-win32/chromedriver.exe] found in cache
2025-04-29 08:43:49,167 - INFO - Navigating to https://www.nuvamawealth.com/market/stock-market-index/#key-indices
2025-04-29 08:43:59,600 - INFO - Waiting for page to load...
2025-04-29 08:44:17,433 - INFO - Refreshed page to get latest data
2025-04-29 08:44:27,461 - WARNING - Could not click on SECTOR INDICES tab: Message: no such element: Unable to locate element: {"method":"xpath","selector":"//a[text()='SECTOR INDICES']"}
  (Session info: chrome=135.0.7049.115); For documentation on this error, please visit: https://www.selenium.dev/documentation/webdriver/troubleshooting/errors#no-such-element-exception
Stacktrace:
	GetHandleVerifier [0x00CFD363+60275]
	GetHandleVerifier [0x00CFD3A4+60340]
	(No symbol) [0x00B306F3]
	(No symbol) [0x00B78690]
	(No symbol) [0x00B78A2B]
	(No symbol) [0x00BC0EE2]
	(No symbol) [0x00B9D0D4]
	(No symbol) [0x00BBE6EB]
	(No symbol) [0x00B9CE86]
	(No symbol) [0x00B6C623]
	(No symbol) [0x00B6D474]
	GetHandleVerifier [0x00F48FE3+2467827]
	GetHandleVerifier [0x00F445E6+2448886]
	GetHandleVerifier [0x00F5F80C+2560028]
	GetHandleVerifier [0x00D13DF5+153093]
	GetHandleVerifier [0x00D1A3BD+179149]
	GetHandleVerifier [0x00D04BB8+91080]
	GetHandleVerifier [0x00D04D60+91504]
	GetHandleVerifier [0x00CEFA10+4640]
	BaseThreadInitThunk [0x75C9FCC9+25]
	RtlGetAppContainerNamedObjectPath [0x777082AE+286]
	RtlGetAppContainerNamedObjectPath [0x7770827E+238]

2025-04-29 08:44:27,484 - WARNING - Could not click on second tab: Message: no such element: Unable to locate element: {"method":"css selector","selector":".tab-links li:nth-child(2) a"}
  (Session info: chrome=135.0.7049.115); For documentation on this error, please visit: https://www.selenium.dev/documentation/webdriver/troubleshooting/errors#no-such-element-exception
Stacktrace:
	GetHandleVerifier [0x00CFD363+60275]
	GetHandleVerifier [0x00CFD3A4+60340]
	(No symbol) [0x00B306F3]
	(No symbol) [0x00B78690]
	(No symbol) [0x00B78A2B]
	(No symbol) [0x00BC0EE2]
	(No symbol) [0x00B9D0D4]
	(No symbol) [0x00BBE6EB]
	(No symbol) [0x00B9CE86]
	(No symbol) [0x00B6C623]
	(No symbol) [0x00B6D474]
	GetHandleVerifier [0x00F48FE3+2467827]
	GetHandleVerifier [0x00F445E6+2448886]
	GetHandleVerifier [0x00F5F80C+2560028]
	GetHandleVerifier [0x00D13DF5+153093]
	GetHandleVerifier [0x00D1A3BD+179149]
	GetHandleVerifier [0x00D04BB8+91080]
	GetHandleVerifier [0x00D04D60+91504]
	GetHandleVerifier [0x00CEFA10+4640]
	BaseThreadInitThunk [0x75C9FCC9+25]
	RtlGetAppContainerNamedObjectPath [0x777082AE+286]
	RtlGetAppContainerNamedObjectPath [0x7770827E+238]

2025-04-29 08:44:27,671 - INFO - Saved screenshot of sector tab
2025-04-29 08:44:27,686 - INFO - Found 6 tables on page
2025-04-29 08:44:27,686 - INFO - Checking table 1
2025-04-29 08:44:27,701 - INFO - Checking table 2
2025-04-29 08:44:27,711 - INFO - Found likely sector table (table #2)
2025-04-29 08:44:27,802 - WARNING - Could not find percent change for 
2025-04-29 08:44:27,885 - INFO - Found percent change: -0.35% in '-79.15 (-0.35%)'
2025-04-29 08:44:27,885 - INFO - Added sector: Auto, Change: -0.35%
2025-04-29 08:44:27,953 - INFO - Found percent change: 0.15% in '52.30 (0.15%)'
2025-04-29 08:44:27,954 - INFO - Added sector: Energy, Change: 0.15%
2025-04-29 08:44:28,016 - INFO - Found percent change: -0.41% in '-108.05 (-0.41%)'
2025-04-29 08:44:28,019 - INFO - Added sector: Financial Services, Change: -0.41%
2025-04-29 08:44:28,094 - INFO - Found percent change: -0.19% in '-107.05 (-0.19%)'
2025-04-29 08:44:28,095 - INFO - Added sector: FMCG, Change: -0.19%
2025-04-29 08:44:28,158 - INFO - Found percent change: 0.9% in '317.90 (0.90%)'
2025-04-29 08:44:28,159 - INFO - Added sector: IT, Change: 0.9%
2025-04-29 08:44:28,223 - INFO - Found percent change: -0.56% in '-8.70 (-0.56%)'
2025-04-29 08:44:28,223 - INFO - Added sector: Media, Change: -0.56%
2025-04-29 08:44:28,276 - INFO - Found percent change: -0.44% in '-38.25 (-0.44%)'
2025-04-29 08:44:28,277 - INFO - Added sector: Metal, Change: -0.44%
2025-04-29 08:44:28,392 - INFO - Found percent change: -0.81% in '-177.15 (-0.81%)'
2025-04-29 08:44:28,393 - INFO - Added sector: Pharma, Change: -0.81%
2025-04-29 08:44:28,460 - INFO - Found percent change: 0.41% in '27.70 (0.41%)'
2025-04-29 08:44:28,461 - INFO - Added sector: PSU Bank, Change: 0.41%
2025-04-29 08:44:28,518 - INFO - Found percent change: -0.25% in '-2.20 (-0.25%)'
2025-04-29 08:44:28,518 - INFO - Added sector: Realty, Change: -0.25%
2025-04-29 08:44:31,074 - INFO - Saved sector data to sector.csv
2025-04-29 08:45:31,940 - INFO - Running Nuvama sector data scraper job at 2025-04-29 08:45:31
2025-04-29 08:45:31,944 - INFO - Setting up Chrome driver...
2025-04-29 08:45:31,950 - INFO - ====== WebDriver manager ======
2025-04-29 08:45:33,429 - INFO - Get LATEST chromedriver version for google-chrome
2025-04-29 08:45:33,475 - INFO - Get LATEST chromedriver version for google-chrome
2025-04-29 08:45:33,518 - INFO - Driver [C:\Users\Rajee\.wdm\drivers\chromedriver\win64\135.0.7049.114\chromedriver-win32/chromedriver.exe] found in cache
2025-04-29 08:45:34,921 - INFO - Navigating to https://www.nuvamawealth.com/market/stock-market-index/#key-indices
2025-04-29 08:45:39,511 - INFO - Waiting for page to load...
2025-04-29 08:45:58,740 - INFO - Refreshed page to get latest data
2025-04-29 08:46:08,782 - WARNING - Could not click on SECTOR INDICES tab: Message: no such element: Unable to locate element: {"method":"xpath","selector":"//a[text()='SECTOR INDICES']"}
  (Session info: chrome=135.0.7049.115); For documentation on this error, please visit: https://www.selenium.dev/documentation/webdriver/troubleshooting/errors#no-such-element-exception
Stacktrace:
	GetHandleVerifier [0x00CFD363+60275]
	GetHandleVerifier [0x00CFD3A4+60340]
	(No symbol) [0x00B306F3]
	(No symbol) [0x00B78690]
	(No symbol) [0x00B78A2B]
	(No symbol) [0x00BC0EE2]
	(No symbol) [0x00B9D0D4]
	(No symbol) [0x00BBE6EB]
	(No symbol) [0x00B9CE86]
	(No symbol) [0x00B6C623]
	(No symbol) [0x00B6D474]
	GetHandleVerifier [0x00F48FE3+2467827]
	GetHandleVerifier [0x00F445E6+2448886]
	GetHandleVerifier [0x00F5F80C+2560028]
	GetHandleVerifier [0x00D13DF5+153093]
	GetHandleVerifier [0x00D1A3BD+179149]
	GetHandleVerifier [0x00D04BB8+91080]
	GetHandleVerifier [0x00D04D60+91504]
	GetHandleVerifier [0x00CEFA10+4640]
	BaseThreadInitThunk [0x75C9FCC9+25]
	RtlGetAppContainerNamedObjectPath [0x777082AE+286]
	RtlGetAppContainerNamedObjectPath [0x7770827E+238]

2025-04-29 08:46:08,802 - WARNING - Could not click on second tab: Message: no such element: Unable to locate element: {"method":"css selector","selector":".tab-links li:nth-child(2) a"}
  (Session info: chrome=135.0.7049.115); For documentation on this error, please visit: https://www.selenium.dev/documentation/webdriver/troubleshooting/errors#no-such-element-exception
Stacktrace:
	GetHandleVerifier [0x00CFD363+60275]
	GetHandleVerifier [0x00CFD3A4+60340]
	(No symbol) [0x00B306F3]
	(No symbol) [0x00B78690]
	(No symbol) [0x00B78A2B]
	(No symbol) [0x00BC0EE2]
	(No symbol) [0x00B9D0D4]
	(No symbol) [0x00BBE6EB]
	(No symbol) [0x00B9CE86]
	(No symbol) [0x00B6C623]
	(No symbol) [0x00B6D474]
	GetHandleVerifier [0x00F48FE3+2467827]
	GetHandleVerifier [0x00F445E6+2448886]
	GetHandleVerifier [0x00F5F80C+2560028]
	GetHandleVerifier [0x00D13DF5+153093]
	GetHandleVerifier [0x00D1A3BD+179149]
	GetHandleVerifier [0x00D04BB8+91080]
	GetHandleVerifier [0x00D04D60+91504]
	GetHandleVerifier [0x00CEFA10+4640]
	BaseThreadInitThunk [0x75C9FCC9+25]
	RtlGetAppContainerNamedObjectPath [0x777082AE+286]
	RtlGetAppContainerNamedObjectPath [0x7770827E+238]

2025-04-29 08:46:09,073 - INFO - Saved screenshot of sector tab
2025-04-29 08:46:09,128 - INFO - Found 6 tables on page
2025-04-29 08:46:09,129 - INFO - Checking table 1
2025-04-29 08:46:09,147 - INFO - Checking table 2
2025-04-29 08:46:09,159 - INFO - Found likely sector table (table #2)
2025-04-29 08:46:09,390 - WARNING - Could not find percent change for 
2025-04-29 08:46:09,612 - INFO - Found percent change: -0.35% in '-79.15 (-0.35%)'
2025-04-29 08:46:09,613 - INFO - Added sector: Auto, Change: -0.35%
2025-04-29 08:46:09,775 - INFO - Found percent change: 0.15% in '52.30 (0.15%)'
2025-04-29 08:46:09,779 - INFO - Added sector: Energy, Change: 0.15%
2025-04-29 08:46:09,909 - INFO - Found percent change: -0.41% in '-108.05 (-0.41%)'
2025-04-29 08:46:09,910 - INFO - Added sector: Financial Services, Change: -0.41%
2025-04-29 08:46:09,981 - INFO - Found percent change: -0.19% in '-107.05 (-0.19%)'
2025-04-29 08:46:09,982 - INFO - Added sector: FMCG, Change: -0.19%
2025-04-29 08:46:10,074 - INFO - Found percent change: 0.9% in '317.90 (0.90%)'
2025-04-29 08:46:10,074 - INFO - Added sector: IT, Change: 0.9%
2025-04-29 08:46:10,143 - INFO - Found percent change: -0.56% in '-8.70 (-0.56%)'
2025-04-29 08:46:10,143 - INFO - Added sector: Media, Change: -0.56%
2025-04-29 08:46:10,233 - INFO - Found percent change: -0.44% in '-38.25 (-0.44%)'
2025-04-29 08:46:10,233 - INFO - Added sector: Metal, Change: -0.44%
2025-04-29 08:46:10,322 - INFO - Found percent change: -0.81% in '-177.15 (-0.81%)'
2025-04-29 08:46:10,322 - INFO - Added sector: Pharma, Change: -0.81%
2025-04-29 08:46:10,392 - INFO - Found percent change: 0.41% in '27.70 (0.41%)'
2025-04-29 08:46:10,392 - INFO - Added sector: PSU Bank, Change: 0.41%
2025-04-29 08:46:10,460 - INFO - Found percent change: -0.25% in '-2.20 (-0.25%)'
2025-04-29 08:46:10,460 - INFO - Added sector: Realty, Change: -0.25%
2025-04-29 08:46:13,012 - INFO - Saved sector data to sector.csv
2025-04-29 08:47:13,658 - INFO - Running Nuvama sector data scraper job at 2025-04-29 08:47:13
2025-04-29 08:47:13,659 - INFO - Setting up Chrome driver...
2025-04-29 08:47:13,660 - INFO - ====== WebDriver manager ======
2025-04-29 08:47:15,923 - INFO - Get LATEST chromedriver version for google-chrome
2025-04-29 08:47:15,972 - INFO - Get LATEST chromedriver version for google-chrome
2025-04-29 08:47:16,017 - INFO - Driver [C:\Users\Rajee\.wdm\drivers\chromedriver\win64\135.0.7049.114\chromedriver-win32/chromedriver.exe] found in cache
2025-04-29 08:47:19,659 - INFO - Navigating to https://www.nuvamawealth.com/market/stock-market-index/#key-indices
2025-04-29 08:47:23,906 - INFO - Waiting for page to load...
2025-04-29 08:47:41,183 - INFO - Refreshed page to get latest data
2025-04-29 08:47:51,214 - WARNING - Could not click on SECTOR INDICES tab: Message: no such element: Unable to locate element: {"method":"xpath","selector":"//a[text()='SECTOR INDICES']"}
  (Session info: chrome=135.0.7049.115); For documentation on this error, please visit: https://www.selenium.dev/documentation/webdriver/troubleshooting/errors#no-such-element-exception
Stacktrace:
	GetHandleVerifier [0x00CFD363+60275]
	GetHandleVerifier [0x00CFD3A4+60340]
	(No symbol) [0x00B306F3]
	(No symbol) [0x00B78690]
	(No symbol) [0x00B78A2B]
	(No symbol) [0x00BC0EE2]
	(No symbol) [0x00B9D0D4]
	(No symbol) [0x00BBE6EB]
	(No symbol) [0x00B9CE86]
	(No symbol) [0x00B6C623]
	(No symbol) [0x00B6D474]
	GetHandleVerifier [0x00F48FE3+2467827]
	GetHandleVerifier [0x00F445E6+2448886]
	GetHandleVerifier [0x00F5F80C+2560028]
	GetHandleVerifier [0x00D13DF5+153093]
	GetHandleVerifier [0x00D1A3BD+179149]
	GetHandleVerifier [0x00D04BB8+91080]
	GetHandleVerifier [0x00D04D60+91504]
	GetHandleVerifier [0x00CEFA10+4640]
	BaseThreadInitThunk [0x75C9FCC9+25]
	RtlGetAppContainerNamedObjectPath [0x777082AE+286]
	RtlGetAppContainerNamedObjectPath [0x7770827E+238]

2025-04-29 08:47:51,238 - WARNING - Could not click on second tab: Message: no such element: Unable to locate element: {"method":"css selector","selector":".tab-links li:nth-child(2) a"}
  (Session info: chrome=135.0.7049.115); For documentation on this error, please visit: https://www.selenium.dev/documentation/webdriver/troubleshooting/errors#no-such-element-exception
Stacktrace:
	GetHandleVerifier [0x00CFD363+60275]
	GetHandleVerifier [0x00CFD3A4+60340]
	(No symbol) [0x00B306F3]
	(No symbol) [0x00B78690]
	(No symbol) [0x00B78A2B]
	(No symbol) [0x00BC0EE2]
	(No symbol) [0x00B9D0D4]
	(No symbol) [0x00BBE6EB]
	(No symbol) [0x00B9CE86]
	(No symbol) [0x00B6C623]
	(No symbol) [0x00B6D474]
	GetHandleVerifier [0x00F48FE3+2467827]
	GetHandleVerifier [0x00F445E6+2448886]
	GetHandleVerifier [0x00F5F80C+2560028]
	GetHandleVerifier [0x00D13DF5+153093]
	GetHandleVerifier [0x00D1A3BD+179149]
	GetHandleVerifier [0x00D04BB8+91080]
	GetHandleVerifier [0x00D04D60+91504]
	GetHandleVerifier [0x00CEFA10+4640]
	BaseThreadInitThunk [0x75C9FCC9+25]
	RtlGetAppContainerNamedObjectPath [0x777082AE+286]
	RtlGetAppContainerNamedObjectPath [0x7770827E+238]

2025-04-29 08:47:51,605 - INFO - Saved screenshot of sector tab
2025-04-29 08:47:51,627 - INFO - Found 6 tables on page
2025-04-29 08:47:51,628 - INFO - Checking table 1
2025-04-29 08:47:51,641 - INFO - Checking table 2
2025-04-29 08:47:51,653 - INFO - Found likely sector table (table #2)
2025-04-29 08:47:51,746 - WARNING - Could not find percent change for 
2025-04-29 08:47:51,809 - INFO - Found percent change: -0.35% in '-79.15 (-0.35%)'
2025-04-29 08:47:51,810 - INFO - Added sector: Auto, Change: -0.35%
2025-04-29 08:47:51,869 - INFO - Found percent change: 0.15% in '52.30 (0.15%)'
2025-04-29 08:47:51,869 - INFO - Added sector: Energy, Change: 0.15%
2025-04-29 08:47:51,937 - INFO - Found percent change: -0.41% in '-108.05 (-0.41%)'
2025-04-29 08:47:51,940 - INFO - Added sector: Financial Services, Change: -0.41%
2025-04-29 08:47:51,999 - INFO - Found percent change: -0.19% in '-107.05 (-0.19%)'
2025-04-29 08:47:51,999 - INFO - Added sector: FMCG, Change: -0.19%
2025-04-29 08:47:52,062 - INFO - Found percent change: 0.9% in '317.90 (0.90%)'
2025-04-29 08:47:52,062 - INFO - Added sector: IT, Change: 0.9%
2025-04-29 08:47:52,279 - INFO - Found percent change: -0.56% in '-8.70 (-0.56%)'
2025-04-29 08:47:52,280 - INFO - Added sector: Media, Change: -0.56%
2025-04-29 08:47:52,339 - INFO - Found percent change: -0.44% in '-38.25 (-0.44%)'
2025-04-29 08:47:52,339 - INFO - Added sector: Metal, Change: -0.44%
2025-04-29 08:47:52,386 - INFO - Found percent change: -0.81% in '-177.15 (-0.81%)'
2025-04-29 08:47:52,386 - INFO - Added sector: Pharma, Change: -0.81%
2025-04-29 08:47:52,442 - INFO - Found percent change: 0.41% in '27.70 (0.41%)'
2025-04-29 08:47:52,442 - INFO - Added sector: PSU Bank, Change: 0.41%
2025-04-29 08:47:52,489 - INFO - Found percent change: -0.25% in '-2.20 (-0.25%)'
2025-04-29 08:47:52,489 - INFO - Added sector: Realty, Change: -0.25%
2025-04-29 08:47:55,645 - INFO - Saved sector data to sector.csv
2025-04-29 08:48:56,263 - INFO - Running Nuvama sector data scraper job at 2025-04-29 08:48:56
2025-04-29 08:48:56,264 - INFO - Setting up Chrome driver...
2025-04-29 08:48:56,265 - INFO - ====== WebDriver manager ======
2025-04-29 08:48:57,560 - INFO - Get LATEST chromedriver version for google-chrome
2025-04-29 08:48:57,611 - INFO - Get LATEST chromedriver version for google-chrome
2025-04-29 08:48:57,664 - INFO - Driver [C:\Users\Rajee\.wdm\drivers\chromedriver\win64\135.0.7049.114\chromedriver-win32/chromedriver.exe] found in cache
2025-04-29 08:48:59,332 - INFO - Navigating to https://www.nuvamawealth.com/market/stock-market-index/#key-indices
2025-04-29 08:49:03,785 - INFO - Waiting for page to load...
2025-04-29 08:49:21,189 - INFO - Refreshed page to get latest data
2025-04-29 08:49:31,219 - WARNING - Could not click on SECTOR INDICES tab: Message: no such element: Unable to locate element: {"method":"xpath","selector":"//a[text()='SECTOR INDICES']"}
  (Session info: chrome=135.0.7049.115); For documentation on this error, please visit: https://www.selenium.dev/documentation/webdriver/troubleshooting/errors#no-such-element-exception
Stacktrace:
	GetHandleVerifier [0x00CFD363+60275]
	GetHandleVerifier [0x00CFD3A4+60340]
	(No symbol) [0x00B306F3]
	(No symbol) [0x00B78690]
	(No symbol) [0x00B78A2B]
	(No symbol) [0x00BC0EE2]
	(No symbol) [0x00B9D0D4]
	(No symbol) [0x00BBE6EB]
	(No symbol) [0x00B9CE86]
	(No symbol) [0x00B6C623]
	(No symbol) [0x00B6D474]
	GetHandleVerifier [0x00F48FE3+2467827]
	GetHandleVerifier [0x00F445E6+2448886]
	GetHandleVerifier [0x00F5F80C+2560028]
	GetHandleVerifier [0x00D13DF5+153093]
	GetHandleVerifier [0x00D1A3BD+179149]
	GetHandleVerifier [0x00D04BB8+91080]
	GetHandleVerifier [0x00D04D60+91504]
	GetHandleVerifier [0x00CEFA10+4640]
	BaseThreadInitThunk [0x75C9FCC9+25]
	RtlGetAppContainerNamedObjectPath [0x777082AE+286]
	RtlGetAppContainerNamedObjectPath [0x7770827E+238]

2025-04-29 08:49:31,240 - WARNING - Could not click on second tab: Message: no such element: Unable to locate element: {"method":"css selector","selector":".tab-links li:nth-child(2) a"}
  (Session info: chrome=135.0.7049.115); For documentation on this error, please visit: https://www.selenium.dev/documentation/webdriver/troubleshooting/errors#no-such-element-exception
Stacktrace:
	GetHandleVerifier [0x00CFD363+60275]
	GetHandleVerifier [0x00CFD3A4+60340]
	(No symbol) [0x00B306F3]
	(No symbol) [0x00B78690]
	(No symbol) [0x00B78A2B]
	(No symbol) [0x00BC0EE2]
	(No symbol) [0x00B9D0D4]
	(No symbol) [0x00BBE6EB]
	(No symbol) [0x00B9CE86]
	(No symbol) [0x00B6C623]
	(No symbol) [0x00B6D474]
	GetHandleVerifier [0x00F48FE3+2467827]
	GetHandleVerifier [0x00F445E6+2448886]
	GetHandleVerifier [0x00F5F80C+2560028]
	GetHandleVerifier [0x00D13DF5+153093]
	GetHandleVerifier [0x00D1A3BD+179149]
	GetHandleVerifier [0x00D04BB8+91080]
	GetHandleVerifier [0x00D04D60+91504]
	GetHandleVerifier [0x00CEFA10+4640]
	BaseThreadInitThunk [0x75C9FCC9+25]
	RtlGetAppContainerNamedObjectPath [0x777082AE+286]
	RtlGetAppContainerNamedObjectPath [0x7770827E+238]

2025-04-29 08:49:31,398 - INFO - Saved screenshot of sector tab
2025-04-29 08:49:31,412 - INFO - Found 6 tables on page
2025-04-29 08:49:31,412 - INFO - Checking table 1
2025-04-29 08:49:31,425 - INFO - Checking table 2
2025-04-29 08:49:31,434 - INFO - Found likely sector table (table #2)
2025-04-29 08:49:31,522 - WARNING - Could not find percent change for 
2025-04-29 08:49:31,569 - INFO - Found percent change: -0.35% in '-79.15 (-0.35%)'
2025-04-29 08:49:31,570 - INFO - Added sector: Auto, Change: -0.35%
2025-04-29 08:49:31,619 - INFO - Found percent change: 0.15% in '52.30 (0.15%)'
2025-04-29 08:49:31,619 - INFO - Added sector: Energy, Change: 0.15%
2025-04-29 08:49:31,668 - INFO - Found percent change: -0.41% in '-108.05 (-0.41%)'
2025-04-29 08:49:31,668 - INFO - Added sector: Financial Services, Change: -0.41%
2025-04-29 08:49:31,717 - INFO - Found percent change: -0.19% in '-107.05 (-0.19%)'
2025-04-29 08:49:31,717 - INFO - Added sector: FMCG, Change: -0.19%
2025-04-29 08:49:31,768 - INFO - Found percent change: 0.9% in '317.90 (0.90%)'
2025-04-29 08:49:31,768 - INFO - Added sector: IT, Change: 0.9%
2025-04-29 08:49:31,824 - INFO - Found percent change: -0.56% in '-8.70 (-0.56%)'
2025-04-29 08:49:31,825 - INFO - Added sector: Media, Change: -0.56%
2025-04-29 08:49:31,876 - INFO - Found percent change: -0.44% in '-38.25 (-0.44%)'
2025-04-29 08:49:31,876 - INFO - Added sector: Metal, Change: -0.44%
2025-04-29 08:49:31,930 - INFO - Found percent change: -0.81% in '-177.15 (-0.81%)'
2025-04-29 08:49:31,931 - INFO - Added sector: Pharma, Change: -0.81%
2025-04-29 08:49:31,980 - INFO - Found percent change: 0.41% in '27.70 (0.41%)'
2025-04-29 08:49:31,981 - INFO - Added sector: PSU Bank, Change: 0.41%
2025-04-29 08:49:32,036 - INFO - Found percent change: -0.25% in '-2.20 (-0.25%)'
2025-04-29 08:49:32,036 - INFO - Added sector: Realty, Change: -0.25%
2025-04-29 08:49:35,383 - INFO - Saved sector data to sector.csv
2025-04-29 08:50:36,062 - INFO - Running Nuvama sector data scraper job at 2025-04-29 08:50:36
2025-04-29 08:50:36,062 - INFO - Setting up Chrome driver...
2025-04-29 08:50:36,063 - INFO - ====== WebDriver manager ======
2025-04-29 08:50:37,358 - INFO - Get LATEST chromedriver version for google-chrome
2025-04-29 08:50:37,400 - INFO - Get LATEST chromedriver version for google-chrome
2025-04-29 08:50:37,440 - INFO - Driver [C:\Users\Rajee\.wdm\drivers\chromedriver\win64\135.0.7049.114\chromedriver-win32/chromedriver.exe] found in cache
2025-04-29 08:50:38,963 - INFO - Navigating to https://www.nuvamawealth.com/market/stock-market-index/#key-indices
2025-04-29 08:50:43,082 - INFO - Waiting for page to load...
2025-04-29 08:51:00,466 - INFO - Refreshed page to get latest data
2025-04-29 08:51:10,505 - WARNING - Could not click on SECTOR INDICES tab: Message: no such element: Unable to locate element: {"method":"xpath","selector":"//a[text()='SECTOR INDICES']"}
  (Session info: chrome=135.0.7049.115); For documentation on this error, please visit: https://www.selenium.dev/documentation/webdriver/troubleshooting/errors#no-such-element-exception
Stacktrace:
	GetHandleVerifier [0x00CFD363+60275]
	GetHandleVerifier [0x00CFD3A4+60340]
	(No symbol) [0x00B306F3]
	(No symbol) [0x00B78690]
	(No symbol) [0x00B78A2B]
	(No symbol) [0x00BC0EE2]
	(No symbol) [0x00B9D0D4]
	(No symbol) [0x00BBE6EB]
	(No symbol) [0x00B9CE86]
	(No symbol) [0x00B6C623]
	(No symbol) [0x00B6D474]
	GetHandleVerifier [0x00F48FE3+2467827]
	GetHandleVerifier [0x00F445E6+2448886]
	GetHandleVerifier [0x00F5F80C+2560028]
	GetHandleVerifier [0x00D13DF5+153093]
	GetHandleVerifier [0x00D1A3BD+179149]
	GetHandleVerifier [0x00D04BB8+91080]
	GetHandleVerifier [0x00D04D60+91504]
	GetHandleVerifier [0x00CEFA10+4640]
	BaseThreadInitThunk [0x75C9FCC9+25]
	RtlGetAppContainerNamedObjectPath [0x777082AE+286]
	RtlGetAppContainerNamedObjectPath [0x7770827E+238]

2025-04-29 08:51:10,525 - WARNING - Could not click on second tab: Message: no such element: Unable to locate element: {"method":"css selector","selector":".tab-links li:nth-child(2) a"}
  (Session info: chrome=135.0.7049.115); For documentation on this error, please visit: https://www.selenium.dev/documentation/webdriver/troubleshooting/errors#no-such-element-exception
Stacktrace:
	GetHandleVerifier [0x00CFD363+60275]
	GetHandleVerifier [0x00CFD3A4+60340]
	(No symbol) [0x00B306F3]
	(No symbol) [0x00B78690]
	(No symbol) [0x00B78A2B]
	(No symbol) [0x00BC0EE2]
	(No symbol) [0x00B9D0D4]
	(No symbol) [0x00BBE6EB]
	(No symbol) [0x00B9CE86]
	(No symbol) [0x00B6C623]
	(No symbol) [0x00B6D474]
	GetHandleVerifier [0x00F48FE3+2467827]
	GetHandleVerifier [0x00F445E6+2448886]
	GetHandleVerifier [0x00F5F80C+2560028]
	GetHandleVerifier [0x00D13DF5+153093]
	GetHandleVerifier [0x00D1A3BD+179149]
	GetHandleVerifier [0x00D04BB8+91080]
	GetHandleVerifier [0x00D04D60+91504]
	GetHandleVerifier [0x00CEFA10+4640]
	BaseThreadInitThunk [0x75C9FCC9+25]
	RtlGetAppContainerNamedObjectPath [0x777082AE+286]
	RtlGetAppContainerNamedObjectPath [0x7770827E+238]

2025-04-29 08:51:10,696 - INFO - Saved screenshot of sector tab
2025-04-29 08:51:10,710 - INFO - Found 6 tables on page
2025-04-29 08:51:10,711 - INFO - Checking table 1
2025-04-29 08:51:10,723 - INFO - Checking table 2
2025-04-29 08:51:10,731 - INFO - Found likely sector table (table #2)
2025-04-29 08:51:10,803 - WARNING - Could not find percent change for 
2025-04-29 08:51:10,849 - INFO - Found percent change: -0.35% in '-79.15 (-0.35%)'
2025-04-29 08:51:10,849 - INFO - Added sector: Auto, Change: -0.35%
2025-04-29 08:51:10,897 - INFO - Found percent change: 0.15% in '52.30 (0.15%)'
2025-04-29 08:51:10,897 - INFO - Added sector: Energy, Change: 0.15%
2025-04-29 08:51:10,943 - INFO - Found percent change: -0.41% in '-108.05 (-0.41%)'
2025-04-29 08:51:10,943 - INFO - Added sector: Financial Services, Change: -0.41%
2025-04-29 08:51:10,991 - INFO - Found percent change: -0.19% in '-107.05 (-0.19%)'
2025-04-29 08:51:10,992 - INFO - Added sector: FMCG, Change: -0.19%
2025-04-29 08:51:11,043 - INFO - Found percent change: 0.9% in '317.90 (0.90%)'
2025-04-29 08:51:11,044 - INFO - Added sector: IT, Change: 0.9%
2025-04-29 08:51:11,088 - INFO - Found percent change: -0.56% in '-8.70 (-0.56%)'
2025-04-29 08:51:11,089 - INFO - Added sector: Media, Change: -0.56%
2025-04-29 08:51:11,142 - INFO - Found percent change: -0.44% in '-38.25 (-0.44%)'
2025-04-29 08:51:11,143 - INFO - Added sector: Metal, Change: -0.44%
2025-04-29 08:51:11,191 - INFO - Found percent change: -0.81% in '-177.15 (-0.81%)'
2025-04-29 08:51:11,191 - INFO - Added sector: Pharma, Change: -0.81%
2025-04-29 08:51:11,252 - INFO - Found percent change: 0.41% in '27.70 (0.41%)'
2025-04-29 08:51:11,252 - INFO - Added sector: PSU Bank, Change: 0.41%
2025-04-29 08:51:11,305 - INFO - Found percent change: -0.25% in '-2.20 (-0.25%)'
2025-04-29 08:51:11,305 - INFO - Added sector: Realty, Change: -0.25%
2025-04-29 08:51:14,424 - INFO - Saved sector data to sector.csv
2025-04-29 08:52:15,067 - INFO - Running Nuvama sector data scraper job at 2025-04-29 08:52:15
2025-04-29 08:52:15,068 - INFO - Setting up Chrome driver...
2025-04-29 08:52:15,069 - INFO - ====== WebDriver manager ======
2025-04-29 08:52:16,349 - INFO - Get LATEST chromedriver version for google-chrome
2025-04-29 08:52:16,397 - INFO - Get LATEST chromedriver version for google-chrome
2025-04-29 08:52:16,440 - INFO - Driver [C:\Users\Rajee\.wdm\drivers\chromedriver\win64\135.0.7049.114\chromedriver-win32/chromedriver.exe] found in cache
2025-04-29 08:52:17,933 - INFO - Navigating to https://www.nuvamawealth.com/market/stock-market-index/#key-indices
2025-04-29 08:52:22,348 - INFO - Waiting for page to load...
2025-04-29 08:52:40,155 - INFO - Refreshed page to get latest data
2025-04-29 08:52:50,227 - WARNING - Could not click on SECTOR INDICES tab: Message: no such element: Unable to locate element: {"method":"xpath","selector":"//a[text()='SECTOR INDICES']"}
  (Session info: chrome=135.0.7049.115); For documentation on this error, please visit: https://www.selenium.dev/documentation/webdriver/troubleshooting/errors#no-such-element-exception
Stacktrace:
	GetHandleVerifier [0x00CFD363+60275]
	GetHandleVerifier [0x00CFD3A4+60340]
	(No symbol) [0x00B306F3]
	(No symbol) [0x00B78690]
	(No symbol) [0x00B78A2B]
	(No symbol) [0x00BC0EE2]
	(No symbol) [0x00B9D0D4]
	(No symbol) [0x00BBE6EB]
	(No symbol) [0x00B9CE86]
	(No symbol) [0x00B6C623]
	(No symbol) [0x00B6D474]
	GetHandleVerifier [0x00F48FE3+2467827]
	GetHandleVerifier [0x00F445E6+2448886]
	GetHandleVerifier [0x00F5F80C+2560028]
	GetHandleVerifier [0x00D13DF5+153093]
	GetHandleVerifier [0x00D1A3BD+179149]
	GetHandleVerifier [0x00D04BB8+91080]
	GetHandleVerifier [0x00D04D60+91504]
	GetHandleVerifier [0x00CEFA10+4640]
	BaseThreadInitThunk [0x75C9FCC9+25]
	RtlGetAppContainerNamedObjectPath [0x777082AE+286]
	RtlGetAppContainerNamedObjectPath [0x7770827E+238]

2025-04-29 08:52:50,246 - WARNING - Could not click on second tab: Message: no such element: Unable to locate element: {"method":"css selector","selector":".tab-links li:nth-child(2) a"}
  (Session info: chrome=135.0.7049.115); For documentation on this error, please visit: https://www.selenium.dev/documentation/webdriver/troubleshooting/errors#no-such-element-exception
Stacktrace:
	GetHandleVerifier [0x00CFD363+60275]
	GetHandleVerifier [0x00CFD3A4+60340]
	(No symbol) [0x00B306F3]
	(No symbol) [0x00B78690]
	(No symbol) [0x00B78A2B]
	(No symbol) [0x00BC0EE2]
	(No symbol) [0x00B9D0D4]
	(No symbol) [0x00BBE6EB]
	(No symbol) [0x00B9CE86]
	(No symbol) [0x00B6C623]
	(No symbol) [0x00B6D474]
	GetHandleVerifier [0x00F48FE3+2467827]
	GetHandleVerifier [0x00F445E6+2448886]
	GetHandleVerifier [0x00F5F80C+2560028]
	GetHandleVerifier [0x00D13DF5+153093]
	GetHandleVerifier [0x00D1A3BD+179149]
	GetHandleVerifier [0x00D04BB8+91080]
	GetHandleVerifier [0x00D04D60+91504]
	GetHandleVerifier [0x00CEFA10+4640]
	BaseThreadInitThunk [0x75C9FCC9+25]
	RtlGetAppContainerNamedObjectPath [0x777082AE+286]
	RtlGetAppContainerNamedObjectPath [0x7770827E+238]

2025-04-29 08:52:50,407 - INFO - Saved screenshot of sector tab
2025-04-29 08:52:50,426 - INFO - Found 6 tables on page
2025-04-29 08:52:50,427 - INFO - Checking table 1
2025-04-29 08:52:50,439 - INFO - Checking table 2
2025-04-29 08:52:50,458 - INFO - Found likely sector table (table #2)
2025-04-29 08:52:50,528 - WARNING - Could not find percent change for 
2025-04-29 08:52:50,579 - INFO - Found percent change: -0.35% in '-79.15 (-0.35%)'
2025-04-29 08:52:50,580 - INFO - Added sector: Auto, Change: -0.35%
2025-04-29 08:52:50,630 - INFO - Found percent change: 0.15% in '52.30 (0.15%)'
2025-04-29 08:52:50,630 - INFO - Added sector: Energy, Change: 0.15%
2025-04-29 08:52:50,680 - INFO - Found percent change: -0.41% in '-108.05 (-0.41%)'
2025-04-29 08:52:50,680 - INFO - Added sector: Financial Services, Change: -0.41%
2025-04-29 08:52:50,724 - INFO - Found percent change: -0.19% in '-107.05 (-0.19%)'
2025-04-29 08:52:50,724 - INFO - Added sector: FMCG, Change: -0.19%
2025-04-29 08:52:50,778 - INFO - Found percent change: 0.9% in '317.90 (0.90%)'
2025-04-29 08:52:50,779 - INFO - Added sector: IT, Change: 0.9%
2025-04-29 08:52:50,830 - INFO - Found percent change: -0.56% in '-8.70 (-0.56%)'
2025-04-29 08:52:50,830 - INFO - Added sector: Media, Change: -0.56%
2025-04-29 08:52:50,875 - INFO - Found percent change: -0.44% in '-38.25 (-0.44%)'
2025-04-29 08:52:50,875 - INFO - Added sector: Metal, Change: -0.44%
2025-04-29 08:52:50,928 - INFO - Found percent change: -0.81% in '-177.15 (-0.81%)'
2025-04-29 08:52:50,928 - INFO - Added sector: Pharma, Change: -0.81%
2025-04-29 08:52:50,979 - INFO - Found percent change: 0.41% in '27.70 (0.41%)'
2025-04-29 08:52:50,979 - INFO - Added sector: PSU Bank, Change: 0.41%
2025-04-29 08:52:51,035 - INFO - Found percent change: -0.25% in '-2.20 (-0.25%)'
2025-04-29 08:52:51,037 - INFO - Added sector: Realty, Change: -0.25%
2025-04-29 08:52:53,866 - INFO - Saved sector data to sector.csv
2025-04-29 08:53:54,510 - INFO - Running Nuvama sector data scraper job at 2025-04-29 08:53:54
2025-04-29 08:53:54,512 - INFO - Setting up Chrome driver...
2025-04-29 08:53:54,513 - INFO - ====== WebDriver manager ======
2025-04-29 08:53:55,793 - INFO - Get LATEST chromedriver version for google-chrome
2025-04-29 08:53:55,836 - INFO - Get LATEST chromedriver version for google-chrome
2025-04-29 08:53:55,880 - INFO - Driver [C:\Users\Rajee\.wdm\drivers\chromedriver\win64\135.0.7049.114\chromedriver-win32/chromedriver.exe] found in cache
2025-04-29 08:53:57,335 - INFO - Navigating to https://www.nuvamawealth.com/market/stock-market-index/#key-indices
2025-04-29 08:54:01,233 - INFO - Waiting for page to load...
2025-04-29 08:54:18,604 - INFO - Refreshed page to get latest data
2025-04-29 08:54:28,637 - WARNING - Could not click on SECTOR INDICES tab: Message: no such element: Unable to locate element: {"method":"xpath","selector":"//a[text()='SECTOR INDICES']"}
  (Session info: chrome=135.0.7049.115); For documentation on this error, please visit: https://www.selenium.dev/documentation/webdriver/troubleshooting/errors#no-such-element-exception
Stacktrace:
	GetHandleVerifier [0x00CFD363+60275]
	GetHandleVerifier [0x00CFD3A4+60340]
	(No symbol) [0x00B306F3]
	(No symbol) [0x00B78690]
	(No symbol) [0x00B78A2B]
	(No symbol) [0x00BC0EE2]
	(No symbol) [0x00B9D0D4]
	(No symbol) [0x00BBE6EB]
	(No symbol) [0x00B9CE86]
	(No symbol) [0x00B6C623]
	(No symbol) [0x00B6D474]
	GetHandleVerifier [0x00F48FE3+2467827]
	GetHandleVerifier [0x00F445E6+2448886]
	GetHandleVerifier [0x00F5F80C+2560028]
	GetHandleVerifier [0x00D13DF5+153093]
	GetHandleVerifier [0x00D1A3BD+179149]
	GetHandleVerifier [0x00D04BB8+91080]
	GetHandleVerifier [0x00D04D60+91504]
	GetHandleVerifier [0x00CEFA10+4640]
	BaseThreadInitThunk [0x75C9FCC9+25]
	RtlGetAppContainerNamedObjectPath [0x777082AE+286]
	RtlGetAppContainerNamedObjectPath [0x7770827E+238]

2025-04-29 08:54:28,655 - WARNING - Could not click on second tab: Message: no such element: Unable to locate element: {"method":"css selector","selector":".tab-links li:nth-child(2) a"}
  (Session info: chrome=135.0.7049.115); For documentation on this error, please visit: https://www.selenium.dev/documentation/webdriver/troubleshooting/errors#no-such-element-exception
Stacktrace:
	GetHandleVerifier [0x00CFD363+60275]
	GetHandleVerifier [0x00CFD3A4+60340]
	(No symbol) [0x00B306F3]
	(No symbol) [0x00B78690]
	(No symbol) [0x00B78A2B]
	(No symbol) [0x00BC0EE2]
	(No symbol) [0x00B9D0D4]
	(No symbol) [0x00BBE6EB]
	(No symbol) [0x00B9CE86]
	(No symbol) [0x00B6C623]
	(No symbol) [0x00B6D474]
	GetHandleVerifier [0x00F48FE3+2467827]
	GetHandleVerifier [0x00F445E6+2448886]
	GetHandleVerifier [0x00F5F80C+2560028]
	GetHandleVerifier [0x00D13DF5+153093]
	GetHandleVerifier [0x00D1A3BD+179149]
	GetHandleVerifier [0x00D04BB8+91080]
	GetHandleVerifier [0x00D04D60+91504]
	GetHandleVerifier [0x00CEFA10+4640]
	BaseThreadInitThunk [0x75C9FCC9+25]
	RtlGetAppContainerNamedObjectPath [0x777082AE+286]
	RtlGetAppContainerNamedObjectPath [0x7770827E+238]

2025-04-29 08:54:28,808 - INFO - Saved screenshot of sector tab
2025-04-29 08:54:28,822 - INFO - Found 6 tables on page
2025-04-29 08:54:28,822 - INFO - Checking table 1
2025-04-29 08:54:28,832 - INFO - Checking table 2
2025-04-29 08:54:28,842 - INFO - Found likely sector table (table #2)
2025-04-29 08:54:28,915 - WARNING - Could not find percent change for 
2025-04-29 08:54:29,029 - INFO - Found percent change: -0.35% in '-79.15 (-0.35%)'
2025-04-29 08:54:29,029 - INFO - Added sector: Auto, Change: -0.35%
2025-04-29 08:54:29,078 - INFO - Found percent change: 0.15% in '52.30 (0.15%)'
2025-04-29 08:54:29,078 - INFO - Added sector: Energy, Change: 0.15%
2025-04-29 08:54:29,130 - INFO - Found percent change: -0.41% in '-108.05 (-0.41%)'
2025-04-29 08:54:29,130 - INFO - Added sector: Financial Services, Change: -0.41%
2025-04-29 08:54:29,177 - INFO - Found percent change: -0.19% in '-107.05 (-0.19%)'
2025-04-29 08:54:29,177 - INFO - Added sector: FMCG, Change: -0.19%
2025-04-29 08:54:29,235 - INFO - Found percent change: 0.9% in '317.90 (0.90%)'
2025-04-29 08:54:29,236 - INFO - Added sector: IT, Change: 0.9%
2025-04-29 08:54:29,306 - INFO - Found percent change: -0.56% in '-8.70 (-0.56%)'
2025-04-29 08:54:29,307 - INFO - Added sector: Media, Change: -0.56%
2025-04-29 08:54:29,360 - INFO - Found percent change: -0.44% in '-38.25 (-0.44%)'
2025-04-29 08:54:29,361 - INFO - Added sector: Metal, Change: -0.44%
2025-04-29 08:54:29,404 - INFO - Found percent change: -0.81% in '-177.15 (-0.81%)'
2025-04-29 08:54:29,404 - INFO - Added sector: Pharma, Change: -0.81%
2025-04-29 08:54:29,464 - INFO - Found percent change: 0.41% in '27.70 (0.41%)'
2025-04-29 08:54:29,464 - INFO - Added sector: PSU Bank, Change: 0.41%
2025-04-29 08:54:29,545 - INFO - Found percent change: -0.25% in '-2.20 (-0.25%)'
2025-04-29 08:54:29,545 - INFO - Added sector: Realty, Change: -0.25%
2025-04-29 08:54:32,687 - INFO - Saved sector data to sector.csv
2025-04-29 08:55:33,277 - INFO - Running Nuvama sector data scraper job at 2025-04-29 08:55:33
2025-04-29 08:55:33,278 - INFO - Setting up Chrome driver...
2025-04-29 08:55:33,278 - INFO - ====== WebDriver manager ======
2025-04-29 08:55:34,573 - INFO - Get LATEST chromedriver version for google-chrome
2025-04-29 08:55:34,616 - INFO - Get LATEST chromedriver version for google-chrome
2025-04-29 08:55:34,656 - INFO - Driver [C:\Users\Rajee\.wdm\drivers\chromedriver\win64\135.0.7049.114\chromedriver-win32/chromedriver.exe] found in cache
2025-04-29 08:55:36,290 - INFO - Navigating to https://www.nuvamawealth.com/market/stock-market-index/#key-indices
2025-04-29 08:55:37,111 - INFO - Waiting for page to load...
2025-04-29 08:55:54,572 - INFO - Refreshed page to get latest data
2025-04-29 08:56:04,600 - WARNING - Could not click on SECTOR INDICES tab: Message: no such element: Unable to locate element: {"method":"xpath","selector":"//a[text()='SECTOR INDICES']"}
  (Session info: chrome=135.0.7049.115); For documentation on this error, please visit: https://www.selenium.dev/documentation/webdriver/troubleshooting/errors#no-such-element-exception
Stacktrace:
	GetHandleVerifier [0x00CFD363+60275]
	GetHandleVerifier [0x00CFD3A4+60340]
	(No symbol) [0x00B306F3]
	(No symbol) [0x00B78690]
	(No symbol) [0x00B78A2B]
	(No symbol) [0x00BC0EE2]
	(No symbol) [0x00B9D0D4]
	(No symbol) [0x00BBE6EB]
	(No symbol) [0x00B9CE86]
	(No symbol) [0x00B6C623]
	(No symbol) [0x00B6D474]
	GetHandleVerifier [0x00F48FE3+2467827]
	GetHandleVerifier [0x00F445E6+2448886]
	GetHandleVerifier [0x00F5F80C+2560028]
	GetHandleVerifier [0x00D13DF5+153093]
	GetHandleVerifier [0x00D1A3BD+179149]
	GetHandleVerifier [0x00D04BB8+91080]
	GetHandleVerifier [0x00D04D60+91504]
	GetHandleVerifier [0x00CEFA10+4640]
	BaseThreadInitThunk [0x75C9FCC9+25]
	RtlGetAppContainerNamedObjectPath [0x777082AE+286]
	RtlGetAppContainerNamedObjectPath [0x7770827E+238]

2025-04-29 08:56:04,619 - WARNING - Could not click on second tab: Message: no such element: Unable to locate element: {"method":"css selector","selector":".tab-links li:nth-child(2) a"}
  (Session info: chrome=135.0.7049.115); For documentation on this error, please visit: https://www.selenium.dev/documentation/webdriver/troubleshooting/errors#no-such-element-exception
Stacktrace:
	GetHandleVerifier [0x00CFD363+60275]
	GetHandleVerifier [0x00CFD3A4+60340]
	(No symbol) [0x00B306F3]
	(No symbol) [0x00B78690]
	(No symbol) [0x00B78A2B]
	(No symbol) [0x00BC0EE2]
	(No symbol) [0x00B9D0D4]
	(No symbol) [0x00BBE6EB]
	(No symbol) [0x00B9CE86]
	(No symbol) [0x00B6C623]
	(No symbol) [0x00B6D474]
	GetHandleVerifier [0x00F48FE3+2467827]
	GetHandleVerifier [0x00F445E6+2448886]
	GetHandleVerifier [0x00F5F80C+2560028]
	GetHandleVerifier [0x00D13DF5+153093]
	GetHandleVerifier [0x00D1A3BD+179149]
	GetHandleVerifier [0x00D04BB8+91080]
	GetHandleVerifier [0x00D04D60+91504]
	GetHandleVerifier [0x00CEFA10+4640]
	BaseThreadInitThunk [0x75C9FCC9+25]
	RtlGetAppContainerNamedObjectPath [0x777082AE+286]
	RtlGetAppContainerNamedObjectPath [0x7770827E+238]

2025-04-29 08:56:04,772 - INFO - Saved screenshot of sector tab
2025-04-29 08:56:04,787 - INFO - Found 6 tables on page
2025-04-29 08:56:04,787 - INFO - Checking table 1
2025-04-29 08:56:04,799 - INFO - Checking table 2
2025-04-29 08:56:04,811 - INFO - Found likely sector table (table #2)
2025-04-29 08:56:04,896 - WARNING - Could not find percent change for 
2025-04-29 08:56:04,947 - INFO - Found percent change: -0.35% in '-79.15 (-0.35%)'
2025-04-29 08:56:04,947 - INFO - Added sector: Auto, Change: -0.35%
2025-04-29 08:56:04,991 - INFO - Found percent change: 0.15% in '52.30 (0.15%)'
2025-04-29 08:56:04,991 - INFO - Added sector: Energy, Change: 0.15%
2025-04-29 08:56:05,045 - INFO - Found percent change: -0.41% in '-108.05 (-0.41%)'
2025-04-29 08:56:05,045 - INFO - Added sector: Financial Services, Change: -0.41%
2025-04-29 08:56:05,092 - INFO - Found percent change: -0.19% in '-107.05 (-0.19%)'
2025-04-29 08:56:05,092 - INFO - Added sector: FMCG, Change: -0.19%
2025-04-29 08:56:05,141 - INFO - Found percent change: 0.9% in '317.90 (0.90%)'
2025-04-29 08:56:05,142 - INFO - Added sector: IT, Change: 0.9%
2025-04-29 08:56:05,197 - INFO - Found percent change: -0.56% in '-8.70 (-0.56%)'
2025-04-29 08:56:05,198 - INFO - Added sector: Media, Change: -0.56%
2025-04-29 08:56:05,242 - INFO - Found percent change: -0.44% in '-38.25 (-0.44%)'
2025-04-29 08:56:05,243 - INFO - Added sector: Metal, Change: -0.44%
2025-04-29 08:56:05,301 - INFO - Found percent change: -0.81% in '-177.15 (-0.81%)'
2025-04-29 08:56:05,301 - INFO - Added sector: Pharma, Change: -0.81%
2025-04-29 08:56:05,349 - INFO - Found percent change: 0.41% in '27.70 (0.41%)'
2025-04-29 08:56:05,349 - INFO - Added sector: PSU Bank, Change: 0.41%
2025-04-29 08:56:05,411 - INFO - Found percent change: -0.25% in '-2.20 (-0.25%)'
2025-04-29 08:56:05,416 - INFO - Added sector: Realty, Change: -0.25%
2025-04-29 08:56:09,855 - INFO - Saved sector data to sector.csv
2025-04-29 08:57:10,480 - INFO - Running Nuvama sector data scraper job at 2025-04-29 08:57:10
2025-04-29 08:57:10,480 - INFO - Setting up Chrome driver...
2025-04-29 08:57:10,481 - INFO - ====== WebDriver manager ======
2025-04-29 08:57:11,788 - INFO - Get LATEST chromedriver version for google-chrome
2025-04-29 08:57:11,836 - INFO - Get LATEST chromedriver version for google-chrome
2025-04-29 08:57:11,883 - INFO - Driver [C:\Users\Rajee\.wdm\drivers\chromedriver\win64\135.0.7049.114\chromedriver-win32/chromedriver.exe] found in cache
2025-04-29 08:57:13,473 - INFO - Navigating to https://www.nuvamawealth.com/market/stock-market-index/#key-indices
2025-04-29 08:57:14,320 - INFO - Waiting for page to load...
2025-04-29 08:57:31,712 - INFO - Refreshed page to get latest data
2025-04-29 08:57:41,747 - WARNING - Could not click on SECTOR INDICES tab: Message: no such element: Unable to locate element: {"method":"xpath","selector":"//a[text()='SECTOR INDICES']"}
  (Session info: chrome=135.0.7049.115); For documentation on this error, please visit: https://www.selenium.dev/documentation/webdriver/troubleshooting/errors#no-such-element-exception
Stacktrace:
	GetHandleVerifier [0x00CFD363+60275]
	GetHandleVerifier [0x00CFD3A4+60340]
	(No symbol) [0x00B306F3]
	(No symbol) [0x00B78690]
	(No symbol) [0x00B78A2B]
	(No symbol) [0x00BC0EE2]
	(No symbol) [0x00B9D0D4]
	(No symbol) [0x00BBE6EB]
	(No symbol) [0x00B9CE86]
	(No symbol) [0x00B6C623]
	(No symbol) [0x00B6D474]
	GetHandleVerifier [0x00F48FE3+2467827]
	GetHandleVerifier [0x00F445E6+2448886]
	GetHandleVerifier [0x00F5F80C+2560028]
	GetHandleVerifier [0x00D13DF5+153093]
	GetHandleVerifier [0x00D1A3BD+179149]
	GetHandleVerifier [0x00D04BB8+91080]
	GetHandleVerifier [0x00D04D60+91504]
	GetHandleVerifier [0x00CEFA10+4640]
	BaseThreadInitThunk [0x75C9FCC9+25]
	RtlGetAppContainerNamedObjectPath [0x777082AE+286]
	RtlGetAppContainerNamedObjectPath [0x7770827E+238]

2025-04-29 08:57:41,767 - WARNING - Could not click on second tab: Message: no such element: Unable to locate element: {"method":"css selector","selector":".tab-links li:nth-child(2) a"}
  (Session info: chrome=135.0.7049.115); For documentation on this error, please visit: https://www.selenium.dev/documentation/webdriver/troubleshooting/errors#no-such-element-exception
Stacktrace:
	GetHandleVerifier [0x00CFD363+60275]
	GetHandleVerifier [0x00CFD3A4+60340]
	(No symbol) [0x00B306F3]
	(No symbol) [0x00B78690]
	(No symbol) [0x00B78A2B]
	(No symbol) [0x00BC0EE2]
	(No symbol) [0x00B9D0D4]
	(No symbol) [0x00BBE6EB]
	(No symbol) [0x00B9CE86]
	(No symbol) [0x00B6C623]
	(No symbol) [0x00B6D474]
	GetHandleVerifier [0x00F48FE3+2467827]
	GetHandleVerifier [0x00F445E6+2448886]
	GetHandleVerifier [0x00F5F80C+2560028]
	GetHandleVerifier [0x00D13DF5+153093]
	GetHandleVerifier [0x00D1A3BD+179149]
	GetHandleVerifier [0x00D04BB8+91080]
	GetHandleVerifier [0x00D04D60+91504]
	GetHandleVerifier [0x00CEFA10+4640]
	BaseThreadInitThunk [0x75C9FCC9+25]
	RtlGetAppContainerNamedObjectPath [0x777082AE+286]
	RtlGetAppContainerNamedObjectPath [0x7770827E+238]

2025-04-29 08:57:41,929 - INFO - Saved screenshot of sector tab
2025-04-29 08:57:41,943 - INFO - Found 6 tables on page
2025-04-29 08:57:41,944 - INFO - Checking table 1
2025-04-29 08:57:41,953 - INFO - Checking table 2
2025-04-29 08:57:41,962 - INFO - Found likely sector table (table #2)
2025-04-29 08:57:42,039 - WARNING - Could not find percent change for 
2025-04-29 08:57:42,087 - INFO - Found percent change: -0.35% in '-79.15 (-0.35%)'
2025-04-29 08:57:42,088 - INFO - Added sector: Auto, Change: -0.35%
2025-04-29 08:57:42,137 - INFO - Found percent change: 0.15% in '52.30 (0.15%)'
2025-04-29 08:57:42,137 - INFO - Added sector: Energy, Change: 0.15%
2025-04-29 08:57:42,235 - INFO - Found percent change: -0.41% in '-108.05 (-0.41%)'
2025-04-29 08:57:42,236 - INFO - Added sector: Financial Services, Change: -0.41%
2025-04-29 08:57:42,281 - INFO - Found percent change: -0.19% in '-107.05 (-0.19%)'
2025-04-29 08:57:42,281 - INFO - Added sector: FMCG, Change: -0.19%
2025-04-29 08:57:42,330 - INFO - Found percent change: 0.9% in '317.90 (0.90%)'
2025-04-29 08:57:42,331 - INFO - Added sector: IT, Change: 0.9%
2025-04-29 08:57:42,379 - INFO - Found percent change: -0.56% in '-8.70 (-0.56%)'
2025-04-29 08:57:42,380 - INFO - Added sector: Media, Change: -0.56%
2025-04-29 08:57:42,437 - INFO - Found percent change: -0.44% in '-38.25 (-0.44%)'
2025-04-29 08:57:42,437 - INFO - Added sector: Metal, Change: -0.44%
2025-04-29 08:57:42,486 - INFO - Found percent change: -0.81% in '-177.15 (-0.81%)'
2025-04-29 08:57:42,487 - INFO - Added sector: Pharma, Change: -0.81%
2025-04-29 08:57:42,546 - INFO - Found percent change: 0.41% in '27.70 (0.41%)'
2025-04-29 08:57:42,547 - INFO - Added sector: PSU Bank, Change: 0.41%
2025-04-29 08:57:42,593 - INFO - Found percent change: -0.25% in '-2.20 (-0.25%)'
2025-04-29 08:57:42,594 - INFO - Added sector: Realty, Change: -0.25%
2025-04-29 08:57:45,834 - INFO - Saved sector data to sector.csv
2025-04-29 08:58:46,497 - INFO - Running Nuvama sector data scraper job at 2025-04-29 08:58:46
2025-04-29 08:58:46,497 - INFO - Setting up Chrome driver...
2025-04-29 08:58:46,498 - INFO - ====== WebDriver manager ======
2025-04-29 08:58:47,785 - INFO - Get LATEST chromedriver version for google-chrome
2025-04-29 08:58:47,845 - INFO - Get LATEST chromedriver version for google-chrome
2025-04-29 08:58:47,887 - INFO - Driver [C:\Users\Rajee\.wdm\drivers\chromedriver\win64\135.0.7049.114\chromedriver-win32/chromedriver.exe] found in cache
2025-04-29 08:58:49,382 - INFO - Navigating to https://www.nuvamawealth.com/market/stock-market-index/#key-indices
2025-04-29 08:58:53,778 - INFO - Waiting for page to load...
2025-04-29 08:59:11,252 - INFO - Refreshed page to get latest data
2025-04-29 08:59:21,273 - WARNING - Could not click on SECTOR INDICES tab: Message: no such element: Unable to locate element: {"method":"xpath","selector":"//a[text()='SECTOR INDICES']"}
  (Session info: chrome=135.0.7049.115); For documentation on this error, please visit: https://www.selenium.dev/documentation/webdriver/troubleshooting/errors#no-such-element-exception
Stacktrace:
	GetHandleVerifier [0x00CFD363+60275]
	GetHandleVerifier [0x00CFD3A4+60340]
	(No symbol) [0x00B306F3]
	(No symbol) [0x00B78690]
	(No symbol) [0x00B78A2B]
	(No symbol) [0x00BC0EE2]
	(No symbol) [0x00B9D0D4]
	(No symbol) [0x00BBE6EB]
	(No symbol) [0x00B9CE86]
	(No symbol) [0x00B6C623]
	(No symbol) [0x00B6D474]
	GetHandleVerifier [0x00F48FE3+2467827]
	GetHandleVerifier [0x00F445E6+2448886]
	GetHandleVerifier [0x00F5F80C+2560028]
	GetHandleVerifier [0x00D13DF5+153093]
	GetHandleVerifier [0x00D1A3BD+179149]
	GetHandleVerifier [0x00D04BB8+91080]
	GetHandleVerifier [0x00D04D60+91504]
	GetHandleVerifier [0x00CEFA10+4640]
	BaseThreadInitThunk [0x75C9FCC9+25]
	RtlGetAppContainerNamedObjectPath [0x777082AE+286]
	RtlGetAppContainerNamedObjectPath [0x7770827E+238]

2025-04-29 08:59:21,290 - WARNING - Could not click on second tab: Message: no such element: Unable to locate element: {"method":"css selector","selector":".tab-links li:nth-child(2) a"}
  (Session info: chrome=135.0.7049.115); For documentation on this error, please visit: https://www.selenium.dev/documentation/webdriver/troubleshooting/errors#no-such-element-exception
Stacktrace:
	GetHandleVerifier [0x00CFD363+60275]
	GetHandleVerifier [0x00CFD3A4+60340]
	(No symbol) [0x00B306F3]
	(No symbol) [0x00B78690]
	(No symbol) [0x00B78A2B]
	(No symbol) [0x00BC0EE2]
	(No symbol) [0x00B9D0D4]
	(No symbol) [0x00BBE6EB]
	(No symbol) [0x00B9CE86]
	(No symbol) [0x00B6C623]
	(No symbol) [0x00B6D474]
	GetHandleVerifier [0x00F48FE3+2467827]
	GetHandleVerifier [0x00F445E6+2448886]
	GetHandleVerifier [0x00F5F80C+2560028]
	GetHandleVerifier [0x00D13DF5+153093]
	GetHandleVerifier [0x00D1A3BD+179149]
	GetHandleVerifier [0x00D04BB8+91080]
	GetHandleVerifier [0x00D04D60+91504]
	GetHandleVerifier [0x00CEFA10+4640]
	BaseThreadInitThunk [0x75C9FCC9+25]
	RtlGetAppContainerNamedObjectPath [0x777082AE+286]
	RtlGetAppContainerNamedObjectPath [0x7770827E+238]

2025-04-29 08:59:21,444 - INFO - Saved screenshot of sector tab
2025-04-29 08:59:21,458 - INFO - Found 6 tables on page
2025-04-29 08:59:21,458 - INFO - Checking table 1
2025-04-29 08:59:21,469 - INFO - Checking table 2
2025-04-29 08:59:21,485 - INFO - Found likely sector table (table #2)
2025-04-29 08:59:21,581 - WARNING - Could not find percent change for 
2025-04-29 08:59:21,624 - INFO - Found percent change: -0.35% in '-79.15 (-0.35%)'
2025-04-29 08:59:21,625 - INFO - Added sector: Auto, Change: -0.35%
2025-04-29 08:59:21,672 - INFO - Found percent change: 0.15% in '52.30 (0.15%)'
2025-04-29 08:59:21,672 - INFO - Added sector: Energy, Change: 0.15%
2025-04-29 08:59:21,718 - INFO - Found percent change: -0.41% in '-108.05 (-0.41%)'
2025-04-29 08:59:21,719 - INFO - Added sector: Financial Services, Change: -0.41%
2025-04-29 08:59:21,768 - INFO - Found percent change: -0.19% in '-107.05 (-0.19%)'
2025-04-29 08:59:21,768 - INFO - Added sector: FMCG, Change: -0.19%
2025-04-29 08:59:21,825 - INFO - Found percent change: 0.9% in '317.90 (0.90%)'
2025-04-29 08:59:21,826 - INFO - Added sector: IT, Change: 0.9%
2025-04-29 08:59:21,874 - INFO - Found percent change: -0.56% in '-8.70 (-0.56%)'
2025-04-29 08:59:21,875 - INFO - Added sector: Media, Change: -0.56%
2025-04-29 08:59:21,922 - INFO - Found percent change: -0.44% in '-38.25 (-0.44%)'
2025-04-29 08:59:21,922 - INFO - Added sector: Metal, Change: -0.44%
2025-04-29 08:59:21,970 - INFO - Found percent change: -0.81% in '-177.15 (-0.81%)'
2025-04-29 08:59:21,970 - INFO - Added sector: Pharma, Change: -0.81%
2025-04-29 08:59:22,015 - INFO - Found percent change: 0.41% in '27.70 (0.41%)'
2025-04-29 08:59:22,015 - INFO - Added sector: PSU Bank, Change: 0.41%
2025-04-29 08:59:22,064 - INFO - Found percent change: -0.25% in '-2.20 (-0.25%)'
2025-04-29 08:59:22,064 - INFO - Added sector: Realty, Change: -0.25%
2025-04-29 08:59:25,126 - INFO - Saved sector data to sector.csv
2025-04-29 09:00:25,828 - INFO - Running Nuvama sector data scraper job at 2025-04-29 09:00:25
2025-04-29 09:00:25,829 - INFO - Setting up Chrome driver...
2025-04-29 09:00:25,829 - INFO - ====== WebDriver manager ======
2025-04-29 09:00:27,116 - INFO - Get LATEST chromedriver version for google-chrome
2025-04-29 09:00:27,164 - INFO - Get LATEST chromedriver version for google-chrome
2025-04-29 09:00:27,207 - INFO - Driver [C:\Users\Rajee\.wdm\drivers\chromedriver\win64\135.0.7049.114\chromedriver-win32/chromedriver.exe] found in cache
2025-04-29 09:00:28,690 - INFO - Navigating to https://www.nuvamawealth.com/market/stock-market-index/#key-indices
2025-04-29 09:00:32,611 - INFO - Waiting for page to load...
2025-04-29 09:00:50,135 - INFO - Refreshed page to get latest data
2025-04-29 09:01:00,157 - WARNING - Could not click on SECTOR INDICES tab: Message: no such element: Unable to locate element: {"method":"xpath","selector":"//a[text()='SECTOR INDICES']"}
  (Session info: chrome=135.0.7049.115); For documentation on this error, please visit: https://www.selenium.dev/documentation/webdriver/troubleshooting/errors#no-such-element-exception
Stacktrace:
	GetHandleVerifier [0x00CFD363+60275]
	GetHandleVerifier [0x00CFD3A4+60340]
	(No symbol) [0x00B306F3]
	(No symbol) [0x00B78690]
	(No symbol) [0x00B78A2B]
	(No symbol) [0x00BC0EE2]
	(No symbol) [0x00B9D0D4]
	(No symbol) [0x00BBE6EB]
	(No symbol) [0x00B9CE86]
	(No symbol) [0x00B6C623]
	(No symbol) [0x00B6D474]
	GetHandleVerifier [0x00F48FE3+2467827]
	GetHandleVerifier [0x00F445E6+2448886]
	GetHandleVerifier [0x00F5F80C+2560028]
	GetHandleVerifier [0x00D13DF5+153093]
	GetHandleVerifier [0x00D1A3BD+179149]
	GetHandleVerifier [0x00D04BB8+91080]
	GetHandleVerifier [0x00D04D60+91504]
	GetHandleVerifier [0x00CEFA10+4640]
	BaseThreadInitThunk [0x75C9FCC9+25]
	RtlGetAppContainerNamedObjectPath [0x777082AE+286]
	RtlGetAppContainerNamedObjectPath [0x7770827E+238]

2025-04-29 09:01:00,173 - WARNING - Could not click on second tab: Message: no such element: Unable to locate element: {"method":"css selector","selector":".tab-links li:nth-child(2) a"}
  (Session info: chrome=135.0.7049.115); For documentation on this error, please visit: https://www.selenium.dev/documentation/webdriver/troubleshooting/errors#no-such-element-exception
Stacktrace:
	GetHandleVerifier [0x00CFD363+60275]
	GetHandleVerifier [0x00CFD3A4+60340]
	(No symbol) [0x00B306F3]
	(No symbol) [0x00B78690]
	(No symbol) [0x00B78A2B]
	(No symbol) [0x00BC0EE2]
	(No symbol) [0x00B9D0D4]
	(No symbol) [0x00BBE6EB]
	(No symbol) [0x00B9CE86]
	(No symbol) [0x00B6C623]
	(No symbol) [0x00B6D474]
	GetHandleVerifier [0x00F48FE3+2467827]
	GetHandleVerifier [0x00F445E6+2448886]
	GetHandleVerifier [0x00F5F80C+2560028]
	GetHandleVerifier [0x00D13DF5+153093]
	GetHandleVerifier [0x00D1A3BD+179149]
	GetHandleVerifier [0x00D04BB8+91080]
	GetHandleVerifier [0x00D04D60+91504]
	GetHandleVerifier [0x00CEFA10+4640]
	BaseThreadInitThunk [0x75C9FCC9+25]
	RtlGetAppContainerNamedObjectPath [0x777082AE+286]
	RtlGetAppContainerNamedObjectPath [0x7770827E+238]

2025-04-29 09:01:00,331 - INFO - Saved screenshot of sector tab
2025-04-29 09:01:00,347 - INFO - Found 6 tables on page
2025-04-29 09:01:00,348 - INFO - Checking table 1
2025-04-29 09:01:00,356 - INFO - Checking table 2
2025-04-29 09:01:00,423 - INFO - Found likely sector table (table #2)
2025-04-29 09:01:00,488 - WARNING - Could not find percent change for 
2025-04-29 09:01:00,544 - INFO - Found percent change: -0.35% in '-79.15 (-0.35%)'
2025-04-29 09:01:00,545 - INFO - Added sector: Auto, Change: -0.35%
2025-04-29 09:01:00,592 - INFO - Found percent change: 0.15% in '52.30 (0.15%)'
2025-04-29 09:01:00,592 - INFO - Added sector: Energy, Change: 0.15%
2025-04-29 09:01:00,639 - INFO - Found percent change: -0.41% in '-108.05 (-0.41%)'
2025-04-29 09:01:00,639 - INFO - Added sector: Financial Services, Change: -0.41%
2025-04-29 09:01:00,687 - INFO - Found percent change: -0.19% in '-107.05 (-0.19%)'
2025-04-29 09:01:00,687 - INFO - Added sector: FMCG, Change: -0.19%
2025-04-29 09:01:00,736 - INFO - Found percent change: 0.9% in '317.90 (0.90%)'
2025-04-29 09:01:00,736 - INFO - Added sector: IT, Change: 0.9%
2025-04-29 09:01:00,789 - INFO - Found percent change: -0.56% in '-8.70 (-0.56%)'
2025-04-29 09:01:00,789 - INFO - Added sector: Media, Change: -0.56%
2025-04-29 09:01:00,837 - INFO - Found percent change: -0.44% in '-38.25 (-0.44%)'
2025-04-29 09:01:00,837 - INFO - Added sector: Metal, Change: -0.44%
2025-04-29 09:01:00,890 - INFO - Found percent change: -0.81% in '-177.15 (-0.81%)'
2025-04-29 09:01:00,891 - INFO - Added sector: Pharma, Change: -0.81%
2025-04-29 09:01:00,939 - INFO - Found percent change: 0.41% in '27.70 (0.41%)'
2025-04-29 09:01:00,939 - INFO - Added sector: PSU Bank, Change: 0.41%
2025-04-29 09:01:01,028 - INFO - Found percent change: -0.25% in '-2.20 (-0.25%)'
2025-04-29 09:01:01,029 - INFO - Added sector: Realty, Change: -0.25%
2025-04-29 09:01:04,173 - INFO - Saved sector data to sector.csv
2025-04-29 09:02:04,866 - INFO - Running Nuvama sector data scraper job at 2025-04-29 09:02:04
2025-04-29 09:02:04,867 - INFO - Setting up Chrome driver...
2025-04-29 09:02:04,867 - INFO - ====== WebDriver manager ======
2025-04-29 09:02:06,170 - INFO - Get LATEST chromedriver version for google-chrome
2025-04-29 09:02:06,209 - INFO - Get LATEST chromedriver version for google-chrome
2025-04-29 09:02:06,250 - INFO - Driver [C:\Users\Rajee\.wdm\drivers\chromedriver\win64\135.0.7049.114\chromedriver-win32/chromedriver.exe] found in cache
2025-04-29 09:02:07,646 - INFO - Navigating to https://www.nuvamawealth.com/market/stock-market-index/#key-indices
2025-04-29 09:02:12,171 - INFO - Waiting for page to load...
2025-04-29 09:02:29,828 - INFO - Refreshed page to get latest data
2025-04-29 09:02:39,858 - WARNING - Could not click on SECTOR INDICES tab: Message: no such element: Unable to locate element: {"method":"xpath","selector":"//a[text()='SECTOR INDICES']"}
  (Session info: chrome=135.0.7049.115); For documentation on this error, please visit: https://www.selenium.dev/documentation/webdriver/troubleshooting/errors#no-such-element-exception
Stacktrace:
	GetHandleVerifier [0x00CFD363+60275]
	GetHandleVerifier [0x00CFD3A4+60340]
	(No symbol) [0x00B306F3]
	(No symbol) [0x00B78690]
	(No symbol) [0x00B78A2B]
	(No symbol) [0x00BC0EE2]
	(No symbol) [0x00B9D0D4]
	(No symbol) [0x00BBE6EB]
	(No symbol) [0x00B9CE86]
	(No symbol) [0x00B6C623]
	(No symbol) [0x00B6D474]
	GetHandleVerifier [0x00F48FE3+2467827]
	GetHandleVerifier [0x00F445E6+2448886]
	GetHandleVerifier [0x00F5F80C+2560028]
	GetHandleVerifier [0x00D13DF5+153093]
	GetHandleVerifier [0x00D1A3BD+179149]
	GetHandleVerifier [0x00D04BB8+91080]
	GetHandleVerifier [0x00D04D60+91504]
	GetHandleVerifier [0x00CEFA10+4640]
	BaseThreadInitThunk [0x75C9FCC9+25]
	RtlGetAppContainerNamedObjectPath [0x777082AE+286]
	RtlGetAppContainerNamedObjectPath [0x7770827E+238]

2025-04-29 09:02:39,874 - WARNING - Could not click on second tab: Message: no such element: Unable to locate element: {"method":"css selector","selector":".tab-links li:nth-child(2) a"}
  (Session info: chrome=135.0.7049.115); For documentation on this error, please visit: https://www.selenium.dev/documentation/webdriver/troubleshooting/errors#no-such-element-exception
Stacktrace:
	GetHandleVerifier [0x00CFD363+60275]
	GetHandleVerifier [0x00CFD3A4+60340]
	(No symbol) [0x00B306F3]
	(No symbol) [0x00B78690]
	(No symbol) [0x00B78A2B]
	(No symbol) [0x00BC0EE2]
	(No symbol) [0x00B9D0D4]
	(No symbol) [0x00BBE6EB]
	(No symbol) [0x00B9CE86]
	(No symbol) [0x00B6C623]
	(No symbol) [0x00B6D474]
	GetHandleVerifier [0x00F48FE3+2467827]
	GetHandleVerifier [0x00F445E6+2448886]
	GetHandleVerifier [0x00F5F80C+2560028]
	GetHandleVerifier [0x00D13DF5+153093]
	GetHandleVerifier [0x00D1A3BD+179149]
	GetHandleVerifier [0x00D04BB8+91080]
	GetHandleVerifier [0x00D04D60+91504]
	GetHandleVerifier [0x00CEFA10+4640]
	BaseThreadInitThunk [0x75C9FCC9+25]
	RtlGetAppContainerNamedObjectPath [0x777082AE+286]
	RtlGetAppContainerNamedObjectPath [0x7770827E+238]

2025-04-29 09:02:40,025 - INFO - Saved screenshot of sector tab
2025-04-29 09:02:40,039 - INFO - Found 6 tables on page
2025-04-29 09:02:40,040 - INFO - Checking table 1
2025-04-29 09:02:40,053 - INFO - Checking table 2
2025-04-29 09:02:40,066 - INFO - Found likely sector table (table #2)
2025-04-29 09:02:40,146 - WARNING - Could not find percent change for 
2025-04-29 09:02:40,202 - INFO - Found percent change: -0.35% in '-79.15 (-0.35%)'
2025-04-29 09:02:40,202 - INFO - Added sector: Auto, Change: -0.35%
2025-04-29 09:02:40,250 - INFO - Found percent change: 0.15% in '52.30 (0.15%)'
2025-04-29 09:02:40,250 - INFO - Added sector: Energy, Change: 0.15%
2025-04-29 09:02:40,303 - INFO - Found percent change: -0.41% in '-108.05 (-0.41%)'
2025-04-29 09:02:40,304 - INFO - Added sector: Financial Services, Change: -0.41%
2025-04-29 09:02:40,351 - INFO - Found percent change: -0.19% in '-107.05 (-0.19%)'
2025-04-29 09:02:40,351 - INFO - Added sector: FMCG, Change: -0.19%
2025-04-29 09:02:40,410 - INFO - Found percent change: 0.9% in '317.90 (0.90%)'
2025-04-29 09:02:40,410 - INFO - Added sector: IT, Change: 0.9%
2025-04-29 09:02:40,460 - INFO - Found percent change: -0.56% in '-8.70 (-0.56%)'
2025-04-29 09:02:40,460 - INFO - Added sector: Media, Change: -0.56%
2025-04-29 09:02:40,509 - INFO - Found percent change: -0.44% in '-38.25 (-0.44%)'
2025-04-29 09:02:40,510 - INFO - Added sector: Metal, Change: -0.44%
2025-04-29 09:02:40,560 - INFO - Found percent change: -0.81% in '-177.15 (-0.81%)'
2025-04-29 09:02:40,561 - INFO - Added sector: Pharma, Change: -0.81%
2025-04-29 09:02:40,612 - INFO - Found percent change: 0.41% in '27.70 (0.41%)'
2025-04-29 09:02:40,612 - INFO - Added sector: PSU Bank, Change: 0.41%
2025-04-29 09:02:40,657 - INFO - Found percent change: -0.25% in '-2.20 (-0.25%)'
2025-04-29 09:02:40,657 - INFO - Added sector: Realty, Change: -0.25%
2025-04-29 09:02:43,725 - INFO - Saved sector data to sector.csv
2025-04-29 09:03:44,378 - INFO - Running Nuvama sector data scraper job at 2025-04-29 09:03:44
2025-04-29 09:03:44,378 - INFO - Setting up Chrome driver...
2025-04-29 09:03:44,379 - INFO - ====== WebDriver manager ======
2025-04-29 09:03:45,647 - INFO - Get LATEST chromedriver version for google-chrome
2025-04-29 09:03:45,690 - INFO - Get LATEST chromedriver version for google-chrome
2025-04-29 09:03:45,736 - INFO - Driver [C:\Users\Rajee\.wdm\drivers\chromedriver\win64\135.0.7049.114\chromedriver-win32/chromedriver.exe] found in cache
2025-04-29 09:03:47,131 - INFO - Navigating to https://www.nuvamawealth.com/market/stock-market-index/#key-indices
2025-04-29 09:03:51,070 - INFO - Waiting for page to load...
2025-04-29 09:04:08,527 - INFO - Refreshed page to get latest data
2025-04-29 09:04:18,568 - WARNING - Could not click on SECTOR INDICES tab: Message: no such element: Unable to locate element: {"method":"xpath","selector":"//a[text()='SECTOR INDICES']"}
  (Session info: chrome=135.0.7049.115); For documentation on this error, please visit: https://www.selenium.dev/documentation/webdriver/troubleshooting/errors#no-such-element-exception
Stacktrace:
	GetHandleVerifier [0x00CFD363+60275]
	GetHandleVerifier [0x00CFD3A4+60340]
	(No symbol) [0x00B306F3]
	(No symbol) [0x00B78690]
	(No symbol) [0x00B78A2B]
	(No symbol) [0x00BC0EE2]
	(No symbol) [0x00B9D0D4]
	(No symbol) [0x00BBE6EB]
	(No symbol) [0x00B9CE86]
	(No symbol) [0x00B6C623]
	(No symbol) [0x00B6D474]
	GetHandleVerifier [0x00F48FE3+2467827]
	GetHandleVerifier [0x00F445E6+2448886]
	GetHandleVerifier [0x00F5F80C+2560028]
	GetHandleVerifier [0x00D13DF5+153093]
	GetHandleVerifier [0x00D1A3BD+179149]
	GetHandleVerifier [0x00D04BB8+91080]
	GetHandleVerifier [0x00D04D60+91504]
	GetHandleVerifier [0x00CEFA10+4640]
	BaseThreadInitThunk [0x75C9FCC9+25]
	RtlGetAppContainerNamedObjectPath [0x777082AE+286]
	RtlGetAppContainerNamedObjectPath [0x7770827E+238]

2025-04-29 09:04:18,586 - WARNING - Could not click on second tab: Message: no such element: Unable to locate element: {"method":"css selector","selector":".tab-links li:nth-child(2) a"}
  (Session info: chrome=135.0.7049.115); For documentation on this error, please visit: https://www.selenium.dev/documentation/webdriver/troubleshooting/errors#no-such-element-exception
Stacktrace:
	GetHandleVerifier [0x00CFD363+60275]
	GetHandleVerifier [0x00CFD3A4+60340]
	(No symbol) [0x00B306F3]
	(No symbol) [0x00B78690]
	(No symbol) [0x00B78A2B]
	(No symbol) [0x00BC0EE2]
	(No symbol) [0x00B9D0D4]
	(No symbol) [0x00BBE6EB]
	(No symbol) [0x00B9CE86]
	(No symbol) [0x00B6C623]
	(No symbol) [0x00B6D474]
	GetHandleVerifier [0x00F48FE3+2467827]
	GetHandleVerifier [0x00F445E6+2448886]
	GetHandleVerifier [0x00F5F80C+2560028]
	GetHandleVerifier [0x00D13DF5+153093]
	GetHandleVerifier [0x00D1A3BD+179149]
	GetHandleVerifier [0x00D04BB8+91080]
	GetHandleVerifier [0x00D04D60+91504]
	GetHandleVerifier [0x00CEFA10+4640]
	BaseThreadInitThunk [0x75C9FCC9+25]
	RtlGetAppContainerNamedObjectPath [0x777082AE+286]
	RtlGetAppContainerNamedObjectPath [0x7770827E+238]

2025-04-29 09:04:18,817 - INFO - Saved screenshot of sector tab
2025-04-29 09:04:18,836 - INFO - Found 6 tables on page
2025-04-29 09:04:18,836 - INFO - Checking table 1
2025-04-29 09:04:18,857 - INFO - Checking table 2
2025-04-29 09:04:18,868 - INFO - Found likely sector table (table #2)
2025-04-29 09:04:18,968 - WARNING - Could not find percent change for 
2025-04-29 09:04:19,033 - INFO - Found percent change: -0.27% in '-61.00 (-0.27%)'
2025-04-29 09:04:19,034 - INFO - Added sector: Auto, Change: -0.27%
2025-04-29 09:04:19,094 - INFO - Found percent change: -0.04% in '-15.00 (-0.04%)'
2025-04-29 09:04:19,094 - INFO - Added sector: Energy, Change: -0.04%
2025-04-29 09:04:19,158 - INFO - Found percent change: -0.34% in '-90.45 (-0.34%)'
2025-04-29 09:04:19,159 - INFO - Added sector: Financial Services, Change: -0.34%
2025-04-29 09:04:19,214 - INFO - Found percent change: -0.3% in '-170.65 (-0.30%)'
2025-04-29 09:04:19,214 - INFO - Added sector: FMCG, Change: -0.3%
2025-04-29 09:04:19,261 - INFO - Found percent change: 1.34% in '475.45 (1.34%)'
2025-04-29 09:04:19,261 - INFO - Added sector: IT, Change: 1.34%
2025-04-29 09:04:19,312 - INFO - Found percent change: -0.52% in '-8.05 (-0.52%)'
2025-04-29 09:04:19,312 - INFO - Added sector: Media, Change: -0.52%
2025-04-29 09:04:19,365 - INFO - Found percent change: -0.68% in '-59.20 (-0.68%)'
2025-04-29 09:04:19,365 - INFO - Added sector: Metal, Change: -0.68%
2025-04-29 09:04:19,414 - INFO - Found percent change: -0.85% in '-186.10 (-0.85%)'
2025-04-29 09:04:19,415 - INFO - Added sector: Pharma, Change: -0.85%
2025-04-29 09:04:19,464 - INFO - Found percent change: 0.47% in '31.20 (0.47%)'
2025-04-29 09:04:19,465 - INFO - Added sector: PSU Bank, Change: 0.47%
2025-04-29 09:04:19,519 - INFO - Found percent change: -0.44% in '-3.85 (-0.44%)'
2025-04-29 09:04:19,520 - INFO - Added sector: Realty, Change: -0.44%
2025-04-29 09:04:22,360 - INFO - Saved sector data to sector.csv
2025-04-29 09:05:23,167 - INFO - Running Nuvama sector data scraper job at 2025-04-29 09:05:23
2025-04-29 09:05:23,169 - INFO - Setting up Chrome driver...
2025-04-29 09:05:23,170 - INFO - ====== WebDriver manager ======
2025-04-29 09:05:25,461 - INFO - Get LATEST chromedriver version for google-chrome
2025-04-29 09:05:25,519 - INFO - Get LATEST chromedriver version for google-chrome
2025-04-29 09:05:25,566 - INFO - Driver [C:\Users\Rajee\.wdm\drivers\chromedriver\win64\135.0.7049.114\chromedriver-win32/chromedriver.exe] found in cache
2025-04-29 09:05:31,225 - INFO - Navigating to https://www.nuvamawealth.com/market/stock-market-index/#key-indices
2025-04-29 09:05:39,633 - INFO - Waiting for page to load...
2025-04-29 09:05:58,781 - INFO - Refreshed page to get latest data
2025-04-29 09:06:08,815 - WARNING - Could not click on SECTOR INDICES tab: Message: no such element: Unable to locate element: {"method":"xpath","selector":"//a[text()='SECTOR INDICES']"}
  (Session info: chrome=135.0.7049.115); For documentation on this error, please visit: https://www.selenium.dev/documentation/webdriver/troubleshooting/errors#no-such-element-exception
Stacktrace:
	GetHandleVerifier [0x00CFD363+60275]
	GetHandleVerifier [0x00CFD3A4+60340]
	(No symbol) [0x00B306F3]
	(No symbol) [0x00B78690]
	(No symbol) [0x00B78A2B]
	(No symbol) [0x00BC0EE2]
	(No symbol) [0x00B9D0D4]
	(No symbol) [0x00BBE6EB]
	(No symbol) [0x00B9CE86]
	(No symbol) [0x00B6C623]
	(No symbol) [0x00B6D474]
	GetHandleVerifier [0x00F48FE3+2467827]
	GetHandleVerifier [0x00F445E6+2448886]
	GetHandleVerifier [0x00F5F80C+2560028]
	GetHandleVerifier [0x00D13DF5+153093]
	GetHandleVerifier [0x00D1A3BD+179149]
	GetHandleVerifier [0x00D04BB8+91080]
	GetHandleVerifier [0x00D04D60+91504]
	GetHandleVerifier [0x00CEFA10+4640]
	BaseThreadInitThunk [0x75C9FCC9+25]
	RtlGetAppContainerNamedObjectPath [0x777082AE+286]
	RtlGetAppContainerNamedObjectPath [0x7770827E+238]

2025-04-29 09:06:08,838 - WARNING - Could not click on second tab: Message: no such element: Unable to locate element: {"method":"css selector","selector":".tab-links li:nth-child(2) a"}
  (Session info: chrome=135.0.7049.115); For documentation on this error, please visit: https://www.selenium.dev/documentation/webdriver/troubleshooting/errors#no-such-element-exception
Stacktrace:
	GetHandleVerifier [0x00CFD363+60275]
	GetHandleVerifier [0x00CFD3A4+60340]
	(No symbol) [0x00B306F3]
	(No symbol) [0x00B78690]
	(No symbol) [0x00B78A2B]
	(No symbol) [0x00BC0EE2]
	(No symbol) [0x00B9D0D4]
	(No symbol) [0x00BBE6EB]
	(No symbol) [0x00B9CE86]
	(No symbol) [0x00B6C623]
	(No symbol) [0x00B6D474]
	GetHandleVerifier [0x00F48FE3+2467827]
	GetHandleVerifier [0x00F445E6+2448886]
	GetHandleVerifier [0x00F5F80C+2560028]
	GetHandleVerifier [0x00D13DF5+153093]
	GetHandleVerifier [0x00D1A3BD+179149]
	GetHandleVerifier [0x00D04BB8+91080]
	GetHandleVerifier [0x00D04D60+91504]
	GetHandleVerifier [0x00CEFA10+4640]
	BaseThreadInitThunk [0x75C9FCC9+25]
	RtlGetAppContainerNamedObjectPath [0x777082AE+286]
	RtlGetAppContainerNamedObjectPath [0x7770827E+238]

2025-04-29 09:06:09,064 - INFO - Saved screenshot of sector tab
2025-04-29 09:06:09,104 - INFO - Found 6 tables on page
2025-04-29 09:06:09,105 - INFO - Checking table 1
2025-04-29 09:06:09,126 - INFO - Checking table 2
2025-04-29 09:06:09,150 - INFO - Found likely sector table (table #2)
2025-04-29 09:06:09,263 - WARNING - Could not find percent change for 
2025-04-29 09:06:09,345 - INFO - Found percent change: -0.27% in '-61.00 (-0.27%)'
2025-04-29 09:06:09,346 - INFO - Added sector: Auto, Change: -0.27%
2025-04-29 09:06:09,423 - INFO - Found percent change: -0.04% in '-15.00 (-0.04%)'
2025-04-29 09:06:09,423 - INFO - Added sector: Energy, Change: -0.04%
2025-04-29 09:06:09,492 - INFO - Found percent change: -0.34% in '-90.45 (-0.34%)'
2025-04-29 09:06:09,492 - INFO - Added sector: Financial Services, Change: -0.34%
2025-04-29 09:06:09,581 - INFO - Found percent change: -0.3% in '-170.65 (-0.30%)'
2025-04-29 09:06:09,581 - INFO - Added sector: FMCG, Change: -0.3%
2025-04-29 09:06:09,650 - INFO - Found percent change: 1.34% in '475.45 (1.34%)'
2025-04-29 09:06:09,651 - INFO - Added sector: IT, Change: 1.34%
2025-04-29 09:06:09,728 - INFO - Found percent change: -0.52% in '-8.05 (-0.52%)'
2025-04-29 09:06:09,728 - INFO - Added sector: Media, Change: -0.52%
2025-04-29 09:06:09,808 - INFO - Found percent change: -0.68% in '-59.20 (-0.68%)'
2025-04-29 09:06:09,809 - INFO - Added sector: Metal, Change: -0.68%
2025-04-29 09:06:09,897 - INFO - Found percent change: -0.85% in '-186.10 (-0.85%)'
2025-04-29 09:06:09,898 - INFO - Added sector: Pharma, Change: -0.85%
2025-04-29 09:06:09,971 - INFO - Found percent change: 0.47% in '31.20 (0.47%)'
2025-04-29 09:06:09,971 - INFO - Added sector: PSU Bank, Change: 0.47%
2025-04-29 09:06:10,047 - INFO - Found percent change: -0.44% in '-3.85 (-0.44%)'
2025-04-29 09:06:10,047 - INFO - Added sector: Realty, Change: -0.44%
2025-04-29 09:06:12,583 - INFO - Saved sector data to sector.csv
2025-04-29 09:07:13,462 - INFO - Running Nuvama sector data scraper job at 2025-04-29 09:07:13
2025-04-29 09:07:13,466 - INFO - Setting up Chrome driver...
2025-04-29 09:07:13,467 - INFO - ====== WebDriver manager ======
2025-04-29 09:07:15,979 - INFO - Get LATEST chromedriver version for google-chrome
2025-04-29 09:07:16,032 - INFO - Get LATEST chromedriver version for google-chrome
2025-04-29 09:07:16,093 - INFO - Driver [C:\Users\Rajee\.wdm\drivers\chromedriver\win64\135.0.7049.114\chromedriver-win32/chromedriver.exe] found in cache
2025-04-29 09:07:47,997 - INFO - Navigating to https://www.nuvamawealth.com/market/stock-market-index/#key-indices
2025-04-29 09:08:00,387 - INFO - Waiting for page to load...
2025-04-29 09:08:18,540 - INFO - Refreshed page to get latest data
2025-04-29 09:08:28,595 - WARNING - Could not click on SECTOR INDICES tab: Message: no such element: Unable to locate element: {"method":"xpath","selector":"//a[text()='SECTOR INDICES']"}
  (Session info: chrome=135.0.7049.115); For documentation on this error, please visit: https://www.selenium.dev/documentation/webdriver/troubleshooting/errors#no-such-element-exception
Stacktrace:
	GetHandleVerifier [0x00CFD363+60275]
	GetHandleVerifier [0x00CFD3A4+60340]
	(No symbol) [0x00B306F3]
	(No symbol) [0x00B78690]
	(No symbol) [0x00B78A2B]
	(No symbol) [0x00BC0EE2]
	(No symbol) [0x00B9D0D4]
	(No symbol) [0x00BBE6EB]
	(No symbol) [0x00B9CE86]
	(No symbol) [0x00B6C623]
	(No symbol) [0x00B6D474]
	GetHandleVerifier [0x00F48FE3+2467827]
	GetHandleVerifier [0x00F445E6+2448886]
	GetHandleVerifier [0x00F5F80C+2560028]
	GetHandleVerifier [0x00D13DF5+153093]
	GetHandleVerifier [0x00D1A3BD+179149]
	GetHandleVerifier [0x00D04BB8+91080]
	GetHandleVerifier [0x00D04D60+91504]
	GetHandleVerifier [0x00CEFA10+4640]
	BaseThreadInitThunk [0x75C9FCC9+25]
	RtlGetAppContainerNamedObjectPath [0x777082AE+286]
	RtlGetAppContainerNamedObjectPath [0x7770827E+238]

2025-04-29 09:08:28,622 - WARNING - Could not click on second tab: Message: no such element: Unable to locate element: {"method":"css selector","selector":".tab-links li:nth-child(2) a"}
  (Session info: chrome=135.0.7049.115); For documentation on this error, please visit: https://www.selenium.dev/documentation/webdriver/troubleshooting/errors#no-such-element-exception
Stacktrace:
	GetHandleVerifier [0x00CFD363+60275]
	GetHandleVerifier [0x00CFD3A4+60340]
	(No symbol) [0x00B306F3]
	(No symbol) [0x00B78690]
	(No symbol) [0x00B78A2B]
	(No symbol) [0x00BC0EE2]
	(No symbol) [0x00B9D0D4]
	(No symbol) [0x00BBE6EB]
	(No symbol) [0x00B9CE86]
	(No symbol) [0x00B6C623]
	(No symbol) [0x00B6D474]
	GetHandleVerifier [0x00F48FE3+2467827]
	GetHandleVerifier [0x00F445E6+2448886]
	GetHandleVerifier [0x00F5F80C+2560028]
	GetHandleVerifier [0x00D13DF5+153093]
	GetHandleVerifier [0x00D1A3BD+179149]
	GetHandleVerifier [0x00D04BB8+91080]
	GetHandleVerifier [0x00D04D60+91504]
	GetHandleVerifier [0x00CEFA10+4640]
	BaseThreadInitThunk [0x75C9FCC9+25]
	RtlGetAppContainerNamedObjectPath [0x777082AE+286]
	RtlGetAppContainerNamedObjectPath [0x7770827E+238]

2025-04-29 09:08:28,905 - INFO - Saved screenshot of sector tab
2025-04-29 09:08:28,948 - INFO - Found 6 tables on page
2025-04-29 09:08:28,950 - INFO - Checking table 1
2025-04-29 09:08:28,969 - INFO - Checking table 2
2025-04-29 09:08:28,993 - INFO - Found likely sector table (table #2)
2025-04-29 09:08:29,155 - WARNING - Could not find percent change for 
2025-04-29 09:08:29,236 - INFO - Found percent change: -0.27% in '-61.00 (-0.27%)'
2025-04-29 09:08:29,238 - INFO - Added sector: Auto, Change: -0.27%
2025-04-29 09:08:29,334 - INFO - Found percent change: -0.04% in '-15.00 (-0.04%)'
2025-04-29 09:08:29,334 - INFO - Added sector: Energy, Change: -0.04%
2025-04-29 09:08:29,418 - INFO - Found percent change: -0.34% in '-90.45 (-0.34%)'
2025-04-29 09:08:29,418 - INFO - Added sector: Financial Services, Change: -0.34%
2025-04-29 09:08:29,500 - INFO - Found percent change: -0.3% in '-170.65 (-0.30%)'
2025-04-29 09:08:29,500 - INFO - Added sector: FMCG, Change: -0.3%
2025-04-29 09:08:29,628 - INFO - Found percent change: 1.34% in '475.45 (1.34%)'
2025-04-29 09:08:29,629 - INFO - Added sector: IT, Change: 1.34%
2025-04-29 09:08:29,763 - INFO - Found percent change: -0.52% in '-8.05 (-0.52%)'
2025-04-29 09:08:29,764 - INFO - Added sector: Media, Change: -0.52%
2025-04-29 09:08:29,865 - INFO - Found percent change: -0.68% in '-59.20 (-0.68%)'
2025-04-29 09:08:29,867 - INFO - Added sector: Metal, Change: -0.68%
2025-04-29 09:08:29,963 - INFO - Found percent change: -0.85% in '-186.10 (-0.85%)'
2025-04-29 09:08:29,964 - INFO - Added sector: Pharma, Change: -0.85%
2025-04-29 09:08:30,051 - INFO - Found percent change: 0.47% in '31.20 (0.47%)'
2025-04-29 09:08:30,052 - INFO - Added sector: PSU Bank, Change: 0.47%
2025-04-29 09:08:30,165 - INFO - Found percent change: -0.44% in '-3.85 (-0.44%)'
2025-04-29 09:08:30,165 - INFO - Added sector: Realty, Change: -0.44%
2025-04-29 09:08:32,966 - INFO - Saved sector data to sector.csv
2025-04-29 09:09:33,641 - INFO - Running Nuvama sector data scraper job at 2025-04-29 09:09:33
2025-04-29 09:09:33,641 - INFO - Setting up Chrome driver...
2025-04-29 09:09:33,642 - INFO - ====== WebDriver manager ======
2025-04-29 09:09:35,427 - INFO - Get LATEST chromedriver version for google-chrome
2025-04-29 09:09:35,475 - INFO - Get LATEST chromedriver version for google-chrome
2025-04-29 09:09:35,516 - INFO - Driver [C:\Users\Rajee\.wdm\drivers\chromedriver\win64\135.0.7049.114\chromedriver-win32/chromedriver.exe] found in cache
2025-04-29 09:09:37,047 - INFO - Navigating to https://www.nuvamawealth.com/market/stock-market-index/#key-indices
2025-04-29 09:09:40,628 - INFO - Waiting for page to load...
2025-04-29 09:09:57,891 - INFO - Refreshed page to get latest data
2025-04-29 09:10:07,932 - WARNING - Could not click on SECTOR INDICES tab: Message: no such element: Unable to locate element: {"method":"xpath","selector":"//a[text()='SECTOR INDICES']"}
  (Session info: chrome=135.0.7049.115); For documentation on this error, please visit: https://www.selenium.dev/documentation/webdriver/troubleshooting/errors#no-such-element-exception
Stacktrace:
	GetHandleVerifier [0x00CFD363+60275]
	GetHandleVerifier [0x00CFD3A4+60340]
	(No symbol) [0x00B306F3]
	(No symbol) [0x00B78690]
	(No symbol) [0x00B78A2B]
	(No symbol) [0x00BC0EE2]
	(No symbol) [0x00B9D0D4]
	(No symbol) [0x00BBE6EB]
	(No symbol) [0x00B9CE86]
	(No symbol) [0x00B6C623]
	(No symbol) [0x00B6D474]
	GetHandleVerifier [0x00F48FE3+2467827]
	GetHandleVerifier [0x00F445E6+2448886]
	GetHandleVerifier [0x00F5F80C+2560028]
	GetHandleVerifier [0x00D13DF5+153093]
	GetHandleVerifier [0x00D1A3BD+179149]
	GetHandleVerifier [0x00D04BB8+91080]
	GetHandleVerifier [0x00D04D60+91504]
	GetHandleVerifier [0x00CEFA10+4640]
	BaseThreadInitThunk [0x75C9FCC9+25]
	RtlGetAppContainerNamedObjectPath [0x777082AE+286]
	RtlGetAppContainerNamedObjectPath [0x7770827E+238]

2025-04-29 09:10:07,972 - WARNING - Could not click on second tab: Message: no such element: Unable to locate element: {"method":"css selector","selector":".tab-links li:nth-child(2) a"}
  (Session info: chrome=135.0.7049.115); For documentation on this error, please visit: https://www.selenium.dev/documentation/webdriver/troubleshooting/errors#no-such-element-exception
Stacktrace:
	GetHandleVerifier [0x00CFD363+60275]
	GetHandleVerifier [0x00CFD3A4+60340]
	(No symbol) [0x00B306F3]
	(No symbol) [0x00B78690]
	(No symbol) [0x00B78A2B]
	(No symbol) [0x00BC0EE2]
	(No symbol) [0x00B9D0D4]
	(No symbol) [0x00BBE6EB]
	(No symbol) [0x00B9CE86]
	(No symbol) [0x00B6C623]
	(No symbol) [0x00B6D474]
	GetHandleVerifier [0x00F48FE3+2467827]
	GetHandleVerifier [0x00F445E6+2448886]
	GetHandleVerifier [0x00F5F80C+2560028]
	GetHandleVerifier [0x00D13DF5+153093]
	GetHandleVerifier [0x00D1A3BD+179149]
	GetHandleVerifier [0x00D04BB8+91080]
	GetHandleVerifier [0x00D04D60+91504]
	GetHandleVerifier [0x00CEFA10+4640]
	BaseThreadInitThunk [0x75C9FCC9+25]
	RtlGetAppContainerNamedObjectPath [0x777082AE+286]
	RtlGetAppContainerNamedObjectPath [0x7770827E+238]

2025-04-29 09:10:08,183 - INFO - Saved screenshot of sector tab
2025-04-29 09:10:08,209 - INFO - Found 6 tables on page
2025-04-29 09:10:08,209 - INFO - Checking table 1
2025-04-29 09:10:08,226 - INFO - Checking table 2
2025-04-29 09:10:08,243 - INFO - Found likely sector table (table #2)
2025-04-29 09:10:08,357 - WARNING - Could not find percent change for 
2025-04-29 09:10:08,438 - INFO - Found percent change: -0.27% in '-61.00 (-0.27%)'
2025-04-29 09:10:08,440 - INFO - Added sector: Auto, Change: -0.27%
2025-04-29 09:10:08,513 - INFO - Found percent change: -0.04% in '-15.00 (-0.04%)'
2025-04-29 09:10:08,514 - INFO - Added sector: Energy, Change: -0.04%
2025-04-29 09:10:08,584 - INFO - Found percent change: -0.34% in '-90.45 (-0.34%)'
2025-04-29 09:10:08,585 - INFO - Added sector: Financial Services, Change: -0.34%
2025-04-29 09:10:08,653 - INFO - Found percent change: -0.3% in '-170.65 (-0.30%)'
2025-04-29 09:10:08,654 - INFO - Added sector: FMCG, Change: -0.3%
2025-04-29 09:10:08,735 - INFO - Found percent change: 1.34% in '475.45 (1.34%)'
2025-04-29 09:10:08,736 - INFO - Added sector: IT, Change: 1.34%
2025-04-29 09:10:08,808 - INFO - Found percent change: -0.52% in '-8.05 (-0.52%)'
2025-04-29 09:10:08,809 - INFO - Added sector: Media, Change: -0.52%
2025-04-29 09:10:08,881 - INFO - Found percent change: -0.68% in '-59.20 (-0.68%)'
2025-04-29 09:10:08,884 - INFO - Added sector: Metal, Change: -0.68%
2025-04-29 09:10:08,972 - INFO - Found percent change: -0.85% in '-186.10 (-0.85%)'
2025-04-29 09:10:08,973 - INFO - Added sector: Pharma, Change: -0.85%
2025-04-29 09:10:09,073 - INFO - Found percent change: 0.47% in '31.20 (0.47%)'
2025-04-29 09:10:09,089 - INFO - Added sector: PSU Bank, Change: 0.47%
2025-04-29 09:10:09,200 - INFO - Found percent change: -0.44% in '-3.85 (-0.44%)'
2025-04-29 09:10:09,209 - INFO - Added sector: Realty, Change: -0.44%
2025-04-29 09:10:13,445 - INFO - Saved sector data to sector.csv
2025-04-29 09:11:14,084 - INFO - Running Nuvama sector data scraper job at 2025-04-29 09:11:14
2025-04-29 09:11:14,086 - INFO - Setting up Chrome driver...
2025-04-29 09:11:14,087 - INFO - ====== WebDriver manager ======
2025-04-29 09:11:15,840 - INFO - Get LATEST chromedriver version for google-chrome
2025-04-29 09:11:15,883 - INFO - Get LATEST chromedriver version for google-chrome
2025-04-29 09:11:15,923 - INFO - Driver [C:\Users\Rajee\.wdm\drivers\chromedriver\win64\135.0.7049.114\chromedriver-win32/chromedriver.exe] found in cache
2025-04-29 09:11:18,590 - INFO - Navigating to https://www.nuvamawealth.com/market/stock-market-index/#key-indices
2025-04-29 09:11:22,675 - INFO - Waiting for page to load...
2025-04-29 09:11:40,298 - INFO - Refreshed page to get latest data
2025-04-29 09:11:50,325 - WARNING - Could not click on SECTOR INDICES tab: Message: no such element: Unable to locate element: {"method":"xpath","selector":"//a[text()='SECTOR INDICES']"}
  (Session info: chrome=135.0.7049.115); For documentation on this error, please visit: https://www.selenium.dev/documentation/webdriver/troubleshooting/errors#no-such-element-exception
Stacktrace:
	GetHandleVerifier [0x00CFD363+60275]
	GetHandleVerifier [0x00CFD3A4+60340]
	(No symbol) [0x00B306F3]
	(No symbol) [0x00B78690]
	(No symbol) [0x00B78A2B]
	(No symbol) [0x00BC0EE2]
	(No symbol) [0x00B9D0D4]
	(No symbol) [0x00BBE6EB]
	(No symbol) [0x00B9CE86]
	(No symbol) [0x00B6C623]
	(No symbol) [0x00B6D474]
	GetHandleVerifier [0x00F48FE3+2467827]
	GetHandleVerifier [0x00F445E6+2448886]
	GetHandleVerifier [0x00F5F80C+2560028]
	GetHandleVerifier [0x00D13DF5+153093]
	GetHandleVerifier [0x00D1A3BD+179149]
	GetHandleVerifier [0x00D04BB8+91080]
	GetHandleVerifier [0x00D04D60+91504]
	GetHandleVerifier [0x00CEFA10+4640]
	BaseThreadInitThunk [0x75C9FCC9+25]
	RtlGetAppContainerNamedObjectPath [0x777082AE+286]
	RtlGetAppContainerNamedObjectPath [0x7770827E+238]

2025-04-29 09:11:50,339 - WARNING - Could not click on second tab: Message: no such element: Unable to locate element: {"method":"css selector","selector":".tab-links li:nth-child(2) a"}
  (Session info: chrome=135.0.7049.115); For documentation on this error, please visit: https://www.selenium.dev/documentation/webdriver/troubleshooting/errors#no-such-element-exception
Stacktrace:
	GetHandleVerifier [0x00CFD363+60275]
	GetHandleVerifier [0x00CFD3A4+60340]
	(No symbol) [0x00B306F3]
	(No symbol) [0x00B78690]
	(No symbol) [0x00B78A2B]
	(No symbol) [0x00BC0EE2]
	(No symbol) [0x00B9D0D4]
	(No symbol) [0x00BBE6EB]
	(No symbol) [0x00B9CE86]
	(No symbol) [0x00B6C623]
	(No symbol) [0x00B6D474]
	GetHandleVerifier [0x00F48FE3+2467827]
	GetHandleVerifier [0x00F445E6+2448886]
	GetHandleVerifier [0x00F5F80C+2560028]
	GetHandleVerifier [0x00D13DF5+153093]
	GetHandleVerifier [0x00D1A3BD+179149]
	GetHandleVerifier [0x00D04BB8+91080]
	GetHandleVerifier [0x00D04D60+91504]
	GetHandleVerifier [0x00CEFA10+4640]
	BaseThreadInitThunk [0x75C9FCC9+25]
	RtlGetAppContainerNamedObjectPath [0x777082AE+286]
	RtlGetAppContainerNamedObjectPath [0x7770827E+238]

2025-04-29 09:11:50,485 - INFO - Saved screenshot of sector tab
2025-04-29 09:11:50,500 - INFO - Found 6 tables on page
2025-04-29 09:11:50,500 - INFO - Checking table 1
2025-04-29 09:11:50,511 - INFO - Checking table 2
2025-04-29 09:11:50,522 - INFO - Found likely sector table (table #2)
2025-04-29 09:11:50,596 - WARNING - Could not find percent change for 
2025-04-29 09:11:50,647 - INFO - Found percent change: -0.27% in '-61.00 (-0.27%)'
2025-04-29 09:11:50,648 - INFO - Added sector: Auto, Change: -0.27%
2025-04-29 09:11:50,700 - INFO - Found percent change: -0.04% in '-15.00 (-0.04%)'
2025-04-29 09:11:50,701 - INFO - Added sector: Energy, Change: -0.04%
2025-04-29 09:11:50,753 - INFO - Found percent change: -0.34% in '-90.45 (-0.34%)'
2025-04-29 09:11:50,753 - INFO - Added sector: Financial Services, Change: -0.34%
2025-04-29 09:11:50,815 - INFO - Found percent change: -0.3% in '-170.65 (-0.30%)'
2025-04-29 09:11:50,815 - INFO - Added sector: FMCG, Change: -0.3%
2025-04-29 09:11:50,863 - INFO - Found percent change: 1.34% in '475.45 (1.34%)'
2025-04-29 09:11:50,864 - INFO - Added sector: IT, Change: 1.34%
2025-04-29 09:11:50,910 - INFO - Found percent change: -0.52% in '-8.05 (-0.52%)'
2025-04-29 09:11:50,911 - INFO - Added sector: Media, Change: -0.52%
2025-04-29 09:11:50,962 - INFO - Found percent change: -0.68% in '-59.20 (-0.68%)'
2025-04-29 09:11:50,962 - INFO - Added sector: Metal, Change: -0.68%
2025-04-29 09:11:51,052 - INFO - Found percent change: -0.85% in '-186.10 (-0.85%)'
2025-04-29 09:11:51,074 - INFO - Added sector: Pharma, Change: -0.85%
2025-04-29 09:11:51,143 - INFO - Found percent change: 0.47% in '31.20 (0.47%)'
2025-04-29 09:11:51,143 - INFO - Added sector: PSU Bank, Change: 0.47%
2025-04-29 09:11:51,189 - INFO - Found percent change: -0.44% in '-3.85 (-0.44%)'
2025-04-29 09:11:51,189 - INFO - Added sector: Realty, Change: -0.44%
2025-04-29 09:11:53,916 - INFO - Saved sector data to sector.csv
2025-04-29 09:12:54,572 - INFO - Running Nuvama sector data scraper job at 2025-04-29 09:12:54
2025-04-29 09:12:54,572 - INFO - Setting up Chrome driver...
2025-04-29 09:12:54,572 - INFO - ====== WebDriver manager ======
2025-04-29 09:12:55,873 - INFO - Get LATEST chromedriver version for google-chrome
2025-04-29 09:12:55,919 - INFO - Get LATEST chromedriver version for google-chrome
2025-04-29 09:12:55,961 - INFO - Driver [C:\Users\Rajee\.wdm\drivers\chromedriver\win64\135.0.7049.114\chromedriver-win32/chromedriver.exe] found in cache
2025-04-29 09:12:57,223 - INFO - Navigating to https://www.nuvamawealth.com/market/stock-market-index/#key-indices
2025-04-29 09:13:00,960 - INFO - Waiting for page to load...
2025-04-29 09:13:18,256 - INFO - Refreshed page to get latest data
2025-04-29 09:13:28,282 - WARNING - Could not click on SECTOR INDICES tab: Message: no such element: Unable to locate element: {"method":"xpath","selector":"//a[text()='SECTOR INDICES']"}
  (Session info: chrome=135.0.7049.115); For documentation on this error, please visit: https://www.selenium.dev/documentation/webdriver/troubleshooting/errors#no-such-element-exception
Stacktrace:
	GetHandleVerifier [0x00CFD363+60275]
	GetHandleVerifier [0x00CFD3A4+60340]
	(No symbol) [0x00B306F3]
	(No symbol) [0x00B78690]
	(No symbol) [0x00B78A2B]
	(No symbol) [0x00BC0EE2]
	(No symbol) [0x00B9D0D4]
	(No symbol) [0x00BBE6EB]
	(No symbol) [0x00B9CE86]
	(No symbol) [0x00B6C623]
	(No symbol) [0x00B6D474]
	GetHandleVerifier [0x00F48FE3+2467827]
	GetHandleVerifier [0x00F445E6+2448886]
	GetHandleVerifier [0x00F5F80C+2560028]
	GetHandleVerifier [0x00D13DF5+153093]
	GetHandleVerifier [0x00D1A3BD+179149]
	GetHandleVerifier [0x00D04BB8+91080]
	GetHandleVerifier [0x00D04D60+91504]
	GetHandleVerifier [0x00CEFA10+4640]
	BaseThreadInitThunk [0x75C9FCC9+25]
	RtlGetAppContainerNamedObjectPath [0x777082AE+286]
	RtlGetAppContainerNamedObjectPath [0x7770827E+238]

2025-04-29 09:13:28,301 - WARNING - Could not click on second tab: Message: no such element: Unable to locate element: {"method":"css selector","selector":".tab-links li:nth-child(2) a"}
  (Session info: chrome=135.0.7049.115); For documentation on this error, please visit: https://www.selenium.dev/documentation/webdriver/troubleshooting/errors#no-such-element-exception
Stacktrace:
	GetHandleVerifier [0x00CFD363+60275]
	GetHandleVerifier [0x00CFD3A4+60340]
	(No symbol) [0x00B306F3]
	(No symbol) [0x00B78690]
	(No symbol) [0x00B78A2B]
	(No symbol) [0x00BC0EE2]
	(No symbol) [0x00B9D0D4]
	(No symbol) [0x00BBE6EB]
	(No symbol) [0x00B9CE86]
	(No symbol) [0x00B6C623]
	(No symbol) [0x00B6D474]
	GetHandleVerifier [0x00F48FE3+2467827]
	GetHandleVerifier [0x00F445E6+2448886]
	GetHandleVerifier [0x00F5F80C+2560028]
	GetHandleVerifier [0x00D13DF5+153093]
	GetHandleVerifier [0x00D1A3BD+179149]
	GetHandleVerifier [0x00D04BB8+91080]
	GetHandleVerifier [0x00D04D60+91504]
	GetHandleVerifier [0x00CEFA10+4640]
	BaseThreadInitThunk [0x75C9FCC9+25]
	RtlGetAppContainerNamedObjectPath [0x777082AE+286]
	RtlGetAppContainerNamedObjectPath [0x7770827E+238]

2025-04-29 09:13:28,441 - INFO - Saved screenshot of sector tab
2025-04-29 09:13:28,455 - INFO - Found 6 tables on page
2025-04-29 09:13:28,456 - INFO - Checking table 1
2025-04-29 09:13:28,467 - INFO - Checking table 2
2025-04-29 09:13:28,479 - INFO - Found likely sector table (table #2)
2025-04-29 09:13:28,558 - WARNING - Could not find percent change for 
2025-04-29 09:13:28,604 - INFO - Found percent change: -0.27% in '-61.00 (-0.27%)'
2025-04-29 09:13:28,604 - INFO - Added sector: Auto, Change: -0.27%
2025-04-29 09:13:28,649 - INFO - Found percent change: -0.04% in '-15.00 (-0.04%)'
2025-04-29 09:13:28,649 - INFO - Added sector: Energy, Change: -0.04%
2025-04-29 09:13:28,697 - INFO - Found percent change: -0.34% in '-90.45 (-0.34%)'
2025-04-29 09:13:28,697 - INFO - Added sector: Financial Services, Change: -0.34%
2025-04-29 09:13:28,742 - INFO - Found percent change: -0.3% in '-170.65 (-0.30%)'
2025-04-29 09:13:28,742 - INFO - Added sector: FMCG, Change: -0.3%
2025-04-29 09:13:28,792 - INFO - Found percent change: 1.34% in '475.45 (1.34%)'
2025-04-29 09:13:28,792 - INFO - Added sector: IT, Change: 1.34%
2025-04-29 09:13:28,866 - INFO - Found percent change: -0.52% in '-8.05 (-0.52%)'
2025-04-29 09:13:28,866 - INFO - Added sector: Media, Change: -0.52%
2025-04-29 09:13:28,918 - INFO - Found percent change: -0.68% in '-59.20 (-0.68%)'
2025-04-29 09:13:28,918 - INFO - Added sector: Metal, Change: -0.68%
2025-04-29 09:13:28,963 - INFO - Found percent change: -0.85% in '-186.10 (-0.85%)'
2025-04-29 09:13:28,964 - INFO - Added sector: Pharma, Change: -0.85%
2025-04-29 09:13:29,013 - INFO - Found percent change: 0.47% in '31.20 (0.47%)'
2025-04-29 09:13:29,013 - INFO - Added sector: PSU Bank, Change: 0.47%
2025-04-29 09:13:29,061 - INFO - Found percent change: -0.44% in '-3.85 (-0.44%)'
2025-04-29 09:13:29,062 - INFO - Added sector: Realty, Change: -0.44%
2025-04-29 09:13:31,656 - INFO - Saved sector data to sector.csv
2025-04-29 09:14:32,328 - INFO - Running Nuvama sector data scraper job at 2025-04-29 09:14:32
2025-04-29 09:14:32,329 - INFO - Setting up Chrome driver...
2025-04-29 09:14:32,329 - INFO - ====== WebDriver manager ======
2025-04-29 09:14:33,725 - INFO - Get LATEST chromedriver version for google-chrome
2025-04-29 09:14:33,780 - INFO - Get LATEST chromedriver version for google-chrome
2025-04-29 09:14:33,821 - INFO - Driver [C:\Users\Rajee\.wdm\drivers\chromedriver\win64\135.0.7049.114\chromedriver-win32/chromedriver.exe] found in cache
2025-04-29 09:14:35,232 - INFO - Navigating to https://www.nuvamawealth.com/market/stock-market-index/#key-indices
2025-04-29 09:14:39,308 - INFO - Waiting for page to load...
2025-04-29 09:14:56,689 - INFO - Refreshed page to get latest data
2025-04-29 09:15:06,713 - WARNING - Could not click on SECTOR INDICES tab: Message: no such element: Unable to locate element: {"method":"xpath","selector":"//a[text()='SECTOR INDICES']"}
  (Session info: chrome=135.0.7049.115); For documentation on this error, please visit: https://www.selenium.dev/documentation/webdriver/troubleshooting/errors#no-such-element-exception
Stacktrace:
	GetHandleVerifier [0x00CFD363+60275]
	GetHandleVerifier [0x00CFD3A4+60340]
	(No symbol) [0x00B306F3]
	(No symbol) [0x00B78690]
	(No symbol) [0x00B78A2B]
	(No symbol) [0x00BC0EE2]
	(No symbol) [0x00B9D0D4]
	(No symbol) [0x00BBE6EB]
	(No symbol) [0x00B9CE86]
	(No symbol) [0x00B6C623]
	(No symbol) [0x00B6D474]
	GetHandleVerifier [0x00F48FE3+2467827]
	GetHandleVerifier [0x00F445E6+2448886]
	GetHandleVerifier [0x00F5F80C+2560028]
	GetHandleVerifier [0x00D13DF5+153093]
	GetHandleVerifier [0x00D1A3BD+179149]
	GetHandleVerifier [0x00D04BB8+91080]
	GetHandleVerifier [0x00D04D60+91504]
	GetHandleVerifier [0x00CEFA10+4640]
	BaseThreadInitThunk [0x75C9FCC9+25]
	RtlGetAppContainerNamedObjectPath [0x777082AE+286]
	RtlGetAppContainerNamedObjectPath [0x7770827E+238]

2025-04-29 09:15:06,727 - WARNING - Could not click on second tab: Message: no such element: Unable to locate element: {"method":"css selector","selector":".tab-links li:nth-child(2) a"}
  (Session info: chrome=135.0.7049.115); For documentation on this error, please visit: https://www.selenium.dev/documentation/webdriver/troubleshooting/errors#no-such-element-exception
Stacktrace:
	GetHandleVerifier [0x00CFD363+60275]
	GetHandleVerifier [0x00CFD3A4+60340]
	(No symbol) [0x00B306F3]
	(No symbol) [0x00B78690]
	(No symbol) [0x00B78A2B]
	(No symbol) [0x00BC0EE2]
	(No symbol) [0x00B9D0D4]
	(No symbol) [0x00BBE6EB]
	(No symbol) [0x00B9CE86]
	(No symbol) [0x00B6C623]
	(No symbol) [0x00B6D474]
	GetHandleVerifier [0x00F48FE3+2467827]
	GetHandleVerifier [0x00F445E6+2448886]
	GetHandleVerifier [0x00F5F80C+2560028]
	GetHandleVerifier [0x00D13DF5+153093]
	GetHandleVerifier [0x00D1A3BD+179149]
	GetHandleVerifier [0x00D04BB8+91080]
	GetHandleVerifier [0x00D04D60+91504]
	GetHandleVerifier [0x00CEFA10+4640]
	BaseThreadInitThunk [0x75C9FCC9+25]
	RtlGetAppContainerNamedObjectPath [0x777082AE+286]
	RtlGetAppContainerNamedObjectPath [0x7770827E+238]

2025-04-29 09:15:06,864 - INFO - Saved screenshot of sector tab
2025-04-29 09:15:06,880 - INFO - Found 6 tables on page
2025-04-29 09:15:06,880 - INFO - Checking table 1
2025-04-29 09:15:06,891 - INFO - Checking table 2
2025-04-29 09:15:06,902 - INFO - Found likely sector table (table #2)
2025-04-29 09:15:06,969 - WARNING - Could not find percent change for 
2025-04-29 09:15:07,015 - INFO - Found percent change: -0.27% in '-61.00 (-0.27%)'
2025-04-29 09:15:07,016 - INFO - Added sector: Auto, Change: -0.27%
2025-04-29 09:15:07,063 - INFO - Found percent change: -0.04% in '-15.00 (-0.04%)'
2025-04-29 09:15:07,063 - INFO - Added sector: Energy, Change: -0.04%
2025-04-29 09:15:07,110 - INFO - Found percent change: -0.34% in '-90.45 (-0.34%)'
2025-04-29 09:15:07,111 - INFO - Added sector: Financial Services, Change: -0.34%
2025-04-29 09:15:07,156 - INFO - Found percent change: -0.3% in '-170.65 (-0.30%)'
2025-04-29 09:15:07,156 - INFO - Added sector: FMCG, Change: -0.3%
2025-04-29 09:15:07,202 - INFO - Found percent change: 1.34% in '475.45 (1.34%)'
2025-04-29 09:15:07,203 - INFO - Added sector: IT, Change: 1.34%
2025-04-29 09:15:07,247 - INFO - Found percent change: -0.52% in '-8.05 (-0.52%)'
2025-04-29 09:15:07,247 - INFO - Added sector: Media, Change: -0.52%
2025-04-29 09:15:07,296 - INFO - Found percent change: -0.68% in '-59.20 (-0.68%)'
2025-04-29 09:15:07,297 - INFO - Added sector: Metal, Change: -0.68%
2025-04-29 09:15:07,346 - INFO - Found percent change: -0.85% in '-186.10 (-0.85%)'
2025-04-29 09:15:07,346 - INFO - Added sector: Pharma, Change: -0.85%
2025-04-29 09:15:07,394 - INFO - Found percent change: 0.47% in '31.20 (0.47%)'
2025-04-29 09:15:07,394 - INFO - Added sector: PSU Bank, Change: 0.47%
2025-04-29 09:15:07,446 - INFO - Found percent change: -0.44% in '-3.85 (-0.44%)'
2025-04-29 09:15:07,446 - INFO - Added sector: Realty, Change: -0.44%
2025-04-29 09:15:10,040 - INFO - Saved sector data to sector.csv
2025-04-29 09:16:10,693 - INFO - Running Nuvama sector data scraper job at 2025-04-29 09:16:10
2025-04-29 09:16:10,694 - INFO - Setting up Chrome driver...
2025-04-29 09:16:10,695 - INFO - ====== WebDriver manager ======
2025-04-29 09:16:11,944 - INFO - Get LATEST chromedriver version for google-chrome
2025-04-29 09:16:12,001 - INFO - Get LATEST chromedriver version for google-chrome
2025-04-29 09:16:12,044 - INFO - Driver [C:\Users\Rajee\.wdm\drivers\chromedriver\win64\135.0.7049.114\chromedriver-win32/chromedriver.exe] found in cache
2025-04-29 09:16:13,418 - INFO - Navigating to https://www.nuvamawealth.com/market/stock-market-index/#key-indices
2025-04-29 09:16:18,176 - INFO - Waiting for page to load...
2025-04-29 09:16:35,488 - INFO - Refreshed page to get latest data
2025-04-29 09:16:45,519 - WARNING - Could not click on SECTOR INDICES tab: Message: no such element: Unable to locate element: {"method":"xpath","selector":"//a[text()='SECTOR INDICES']"}
  (Session info: chrome=135.0.7049.115); For documentation on this error, please visit: https://www.selenium.dev/documentation/webdriver/troubleshooting/errors#no-such-element-exception
Stacktrace:
	GetHandleVerifier [0x00CFD363+60275]
	GetHandleVerifier [0x00CFD3A4+60340]
	(No symbol) [0x00B306F3]
	(No symbol) [0x00B78690]
	(No symbol) [0x00B78A2B]
	(No symbol) [0x00BC0EE2]
	(No symbol) [0x00B9D0D4]
	(No symbol) [0x00BBE6EB]
	(No symbol) [0x00B9CE86]
	(No symbol) [0x00B6C623]
	(No symbol) [0x00B6D474]
	GetHandleVerifier [0x00F48FE3+2467827]
	GetHandleVerifier [0x00F445E6+2448886]
	GetHandleVerifier [0x00F5F80C+2560028]
	GetHandleVerifier [0x00D13DF5+153093]
	GetHandleVerifier [0x00D1A3BD+179149]
	GetHandleVerifier [0x00D04BB8+91080]
	GetHandleVerifier [0x00D04D60+91504]
	GetHandleVerifier [0x00CEFA10+4640]
	BaseThreadInitThunk [0x75C9FCC9+25]
	RtlGetAppContainerNamedObjectPath [0x777082AE+286]
	RtlGetAppContainerNamedObjectPath [0x7770827E+238]

2025-04-29 09:16:45,541 - WARNING - Could not click on second tab: Message: no such element: Unable to locate element: {"method":"css selector","selector":".tab-links li:nth-child(2) a"}
  (Session info: chrome=135.0.7049.115); For documentation on this error, please visit: https://www.selenium.dev/documentation/webdriver/troubleshooting/errors#no-such-element-exception
Stacktrace:
	GetHandleVerifier [0x00CFD363+60275]
	GetHandleVerifier [0x00CFD3A4+60340]
	(No symbol) [0x00B306F3]
	(No symbol) [0x00B78690]
	(No symbol) [0x00B78A2B]
	(No symbol) [0x00BC0EE2]
	(No symbol) [0x00B9D0D4]
	(No symbol) [0x00BBE6EB]
	(No symbol) [0x00B9CE86]
	(No symbol) [0x00B6C623]
	(No symbol) [0x00B6D474]
	GetHandleVerifier [0x00F48FE3+2467827]
	GetHandleVerifier [0x00F445E6+2448886]
	GetHandleVerifier [0x00F5F80C+2560028]
	GetHandleVerifier [0x00D13DF5+153093]
	GetHandleVerifier [0x00D1A3BD+179149]
	GetHandleVerifier [0x00D04BB8+91080]
	GetHandleVerifier [0x00D04D60+91504]
	GetHandleVerifier [0x00CEFA10+4640]
	BaseThreadInitThunk [0x75C9FCC9+25]
	RtlGetAppContainerNamedObjectPath [0x777082AE+286]
	RtlGetAppContainerNamedObjectPath [0x7770827E+238]

2025-04-29 09:16:45,684 - INFO - Saved screenshot of sector tab
2025-04-29 09:16:45,697 - INFO - Found 6 tables on page
2025-04-29 09:16:45,697 - INFO - Checking table 1
2025-04-29 09:16:45,710 - INFO - Checking table 2
2025-04-29 09:16:45,717 - INFO - Found likely sector table (table #2)
2025-04-29 09:16:45,783 - WARNING - Could not find percent change for 
2025-04-29 09:16:45,832 - INFO - Found percent change: -0.27% in '-61.00 (-0.27%)'
2025-04-29 09:16:45,833 - INFO - Added sector: Auto, Change: -0.27%
2025-04-29 09:16:45,876 - INFO - Found percent change: -0.04% in '-15.00 (-0.04%)'
2025-04-29 09:16:45,877 - INFO - Added sector: Energy, Change: -0.04%
2025-04-29 09:16:45,925 - INFO - Found percent change: -0.34% in '-90.45 (-0.34%)'
2025-04-29 09:16:45,925 - INFO - Added sector: Financial Services, Change: -0.34%
2025-04-29 09:16:45,977 - INFO - Found percent change: -0.3% in '-170.65 (-0.30%)'
2025-04-29 09:16:45,977 - INFO - Added sector: FMCG, Change: -0.3%
2025-04-29 09:16:46,022 - INFO - Found percent change: 1.34% in '475.45 (1.34%)'
2025-04-29 09:16:46,023 - INFO - Added sector: IT, Change: 1.34%
2025-04-29 09:16:46,069 - INFO - Found percent change: -0.52% in '-8.05 (-0.52%)'
2025-04-29 09:16:46,071 - INFO - Added sector: Media, Change: -0.52%
2025-04-29 09:16:46,117 - INFO - Found percent change: -0.68% in '-59.20 (-0.68%)'
2025-04-29 09:16:46,117 - INFO - Added sector: Metal, Change: -0.68%
2025-04-29 09:16:46,164 - INFO - Found percent change: -0.85% in '-186.10 (-0.85%)'
2025-04-29 09:16:46,164 - INFO - Added sector: Pharma, Change: -0.85%
2025-04-29 09:16:46,211 - INFO - Found percent change: 0.47% in '31.20 (0.47%)'
2025-04-29 09:16:46,211 - INFO - Added sector: PSU Bank, Change: 0.47%
2025-04-29 09:16:46,260 - INFO - Found percent change: -0.44% in '-3.85 (-0.44%)'
2025-04-29 09:16:46,261 - INFO - Added sector: Realty, Change: -0.44%
2025-04-29 09:16:48,871 - INFO - Saved sector data to sector.csv
2025-04-29 09:17:49,540 - INFO - Running Nuvama sector data scraper job at 2025-04-29 09:17:49
2025-04-29 09:17:49,541 - INFO - Setting up Chrome driver...
2025-04-29 09:17:49,542 - INFO - ====== WebDriver manager ======
2025-04-29 09:17:50,819 - INFO - Get LATEST chromedriver version for google-chrome
2025-04-29 09:17:50,858 - INFO - Get LATEST chromedriver version for google-chrome
2025-04-29 09:17:50,904 - INFO - Driver [C:\Users\Rajee\.wdm\drivers\chromedriver\win64\135.0.7049.114\chromedriver-win32/chromedriver.exe] found in cache
2025-04-29 09:17:52,174 - INFO - Navigating to https://www.nuvamawealth.com/market/stock-market-index/#key-indices
2025-04-29 09:17:55,585 - INFO - Waiting for page to load...
2025-04-29 09:18:12,905 - INFO - Refreshed page to get latest data
2025-04-29 09:18:22,940 - WARNING - Could not click on SECTOR INDICES tab: Message: no such element: Unable to locate element: {"method":"xpath","selector":"//a[text()='SECTOR INDICES']"}
  (Session info: chrome=135.0.7049.115); For documentation on this error, please visit: https://www.selenium.dev/documentation/webdriver/troubleshooting/errors#no-such-element-exception
Stacktrace:
	GetHandleVerifier [0x00CFD363+60275]
	GetHandleVerifier [0x00CFD3A4+60340]
	(No symbol) [0x00B306F3]
	(No symbol) [0x00B78690]
	(No symbol) [0x00B78A2B]
	(No symbol) [0x00BC0EE2]
	(No symbol) [0x00B9D0D4]
	(No symbol) [0x00BBE6EB]
	(No symbol) [0x00B9CE86]
	(No symbol) [0x00B6C623]
	(No symbol) [0x00B6D474]
	GetHandleVerifier [0x00F48FE3+2467827]
	GetHandleVerifier [0x00F445E6+2448886]
	GetHandleVerifier [0x00F5F80C+2560028]
	GetHandleVerifier [0x00D13DF5+153093]
	GetHandleVerifier [0x00D1A3BD+179149]
	GetHandleVerifier [0x00D04BB8+91080]
	GetHandleVerifier [0x00D04D60+91504]
	GetHandleVerifier [0x00CEFA10+4640]
	BaseThreadInitThunk [0x75C9FCC9+25]
	RtlGetAppContainerNamedObjectPath [0x777082AE+286]
	RtlGetAppContainerNamedObjectPath [0x7770827E+238]

2025-04-29 09:18:22,960 - WARNING - Could not click on second tab: Message: no such element: Unable to locate element: {"method":"css selector","selector":".tab-links li:nth-child(2) a"}
  (Session info: chrome=135.0.7049.115); For documentation on this error, please visit: https://www.selenium.dev/documentation/webdriver/troubleshooting/errors#no-such-element-exception
Stacktrace:
	GetHandleVerifier [0x00CFD363+60275]
	GetHandleVerifier [0x00CFD3A4+60340]
	(No symbol) [0x00B306F3]
	(No symbol) [0x00B78690]
	(No symbol) [0x00B78A2B]
	(No symbol) [0x00BC0EE2]
	(No symbol) [0x00B9D0D4]
	(No symbol) [0x00BBE6EB]
	(No symbol) [0x00B9CE86]
	(No symbol) [0x00B6C623]
	(No symbol) [0x00B6D474]
	GetHandleVerifier [0x00F48FE3+2467827]
	GetHandleVerifier [0x00F445E6+2448886]
	GetHandleVerifier [0x00F5F80C+2560028]
	GetHandleVerifier [0x00D13DF5+153093]
	GetHandleVerifier [0x00D1A3BD+179149]
	GetHandleVerifier [0x00D04BB8+91080]
	GetHandleVerifier [0x00D04D60+91504]
	GetHandleVerifier [0x00CEFA10+4640]
	BaseThreadInitThunk [0x75C9FCC9+25]
	RtlGetAppContainerNamedObjectPath [0x777082AE+286]
	RtlGetAppContainerNamedObjectPath [0x7770827E+238]

2025-04-29 09:18:23,107 - INFO - Saved screenshot of sector tab
2025-04-29 09:18:23,120 - INFO - Found 6 tables on page
2025-04-29 09:18:23,121 - INFO - Checking table 1
2025-04-29 09:18:23,133 - INFO - Checking table 2
2025-04-29 09:18:23,142 - INFO - Found likely sector table (table #2)
2025-04-29 09:18:23,214 - WARNING - Could not find percent change for 
2025-04-29 09:18:23,257 - INFO - Found percent change: -0.27% in '-61.00 (-0.27%)'
2025-04-29 09:18:23,258 - INFO - Added sector: Auto, Change: -0.27%
2025-04-29 09:18:23,316 - INFO - Found percent change: -0.04% in '-15.00 (-0.04%)'
2025-04-29 09:18:23,316 - INFO - Added sector: Energy, Change: -0.04%
2025-04-29 09:18:23,429 - INFO - Found percent change: -0.34% in '-90.45 (-0.34%)'
2025-04-29 09:18:23,429 - INFO - Added sector: Financial Services, Change: -0.34%
2025-04-29 09:18:23,488 - INFO - Found percent change: -0.3% in '-170.65 (-0.30%)'
2025-04-29 09:18:23,489 - INFO - Added sector: FMCG, Change: -0.3%
2025-04-29 09:18:23,549 - INFO - Found percent change: 1.34% in '475.45 (1.34%)'
2025-04-29 09:18:23,549 - INFO - Added sector: IT, Change: 1.34%
2025-04-29 09:18:23,608 - INFO - Found percent change: -0.52% in '-8.05 (-0.52%)'
2025-04-29 09:18:23,609 - INFO - Added sector: Media, Change: -0.52%
2025-04-29 09:18:23,668 - INFO - Found percent change: -0.68% in '-59.20 (-0.68%)'
2025-04-29 09:18:23,669 - INFO - Added sector: Metal, Change: -0.68%
2025-04-29 09:18:23,720 - INFO - Found percent change: -0.85% in '-186.10 (-0.85%)'
2025-04-29 09:18:23,721 - INFO - Added sector: Pharma, Change: -0.85%
2025-04-29 09:18:23,774 - INFO - Found percent change: 0.47% in '31.20 (0.47%)'
2025-04-29 09:18:23,774 - INFO - Added sector: PSU Bank, Change: 0.47%
2025-04-29 09:18:23,834 - INFO - Found percent change: -0.44% in '-3.85 (-0.44%)'
2025-04-29 09:18:23,835 - INFO - Added sector: Realty, Change: -0.44%
2025-04-29 09:18:26,502 - INFO - Saved sector data to sector.csv
2025-04-29 09:19:27,152 - INFO - Running Nuvama sector data scraper job at 2025-04-29 09:19:27
2025-04-29 09:19:27,152 - INFO - Setting up Chrome driver...
2025-04-29 09:19:27,153 - INFO - ====== WebDriver manager ======
2025-04-29 09:19:28,459 - INFO - Get LATEST chromedriver version for google-chrome
2025-04-29 09:19:28,501 - INFO - Get LATEST chromedriver version for google-chrome
2025-04-29 09:19:28,541 - INFO - Driver [C:\Users\Rajee\.wdm\drivers\chromedriver\win64\135.0.7049.114\chromedriver-win32/chromedriver.exe] found in cache
2025-04-29 09:19:29,815 - INFO - Navigating to https://www.nuvamawealth.com/market/stock-market-index/#key-indices
2025-04-29 09:19:34,310 - INFO - Waiting for page to load...
2025-04-29 09:19:51,319 - INFO - Refreshed page to get latest data
2025-04-29 09:20:01,347 - WARNING - Could not click on SECTOR INDICES tab: Message: no such element: Unable to locate element: {"method":"xpath","selector":"//a[text()='SECTOR INDICES']"}
  (Session info: chrome=135.0.7049.115); For documentation on this error, please visit: https://www.selenium.dev/documentation/webdriver/troubleshooting/errors#no-such-element-exception
Stacktrace:
	GetHandleVerifier [0x00CFD363+60275]
	GetHandleVerifier [0x00CFD3A4+60340]
	(No symbol) [0x00B306F3]
	(No symbol) [0x00B78690]
	(No symbol) [0x00B78A2B]
	(No symbol) [0x00BC0EE2]
	(No symbol) [0x00B9D0D4]
	(No symbol) [0x00BBE6EB]
	(No symbol) [0x00B9CE86]
	(No symbol) [0x00B6C623]
	(No symbol) [0x00B6D474]
	GetHandleVerifier [0x00F48FE3+2467827]
	GetHandleVerifier [0x00F445E6+2448886]
	GetHandleVerifier [0x00F5F80C+2560028]
	GetHandleVerifier [0x00D13DF5+153093]
	GetHandleVerifier [0x00D1A3BD+179149]
	GetHandleVerifier [0x00D04BB8+91080]
	GetHandleVerifier [0x00D04D60+91504]
	GetHandleVerifier [0x00CEFA10+4640]
	BaseThreadInitThunk [0x75C9FCC9+25]
	RtlGetAppContainerNamedObjectPath [0x777082AE+286]
	RtlGetAppContainerNamedObjectPath [0x7770827E+238]

2025-04-29 09:20:01,366 - WARNING - Could not click on second tab: Message: no such element: Unable to locate element: {"method":"css selector","selector":".tab-links li:nth-child(2) a"}
  (Session info: chrome=135.0.7049.115); For documentation on this error, please visit: https://www.selenium.dev/documentation/webdriver/troubleshooting/errors#no-such-element-exception
Stacktrace:
	GetHandleVerifier [0x00CFD363+60275]
	GetHandleVerifier [0x00CFD3A4+60340]
	(No symbol) [0x00B306F3]
	(No symbol) [0x00B78690]
	(No symbol) [0x00B78A2B]
	(No symbol) [0x00BC0EE2]
	(No symbol) [0x00B9D0D4]
	(No symbol) [0x00BBE6EB]
	(No symbol) [0x00B9CE86]
	(No symbol) [0x00B6C623]
	(No symbol) [0x00B6D474]
	GetHandleVerifier [0x00F48FE3+2467827]
	GetHandleVerifier [0x00F445E6+2448886]
	GetHandleVerifier [0x00F5F80C+2560028]
	GetHandleVerifier [0x00D13DF5+153093]
	GetHandleVerifier [0x00D1A3BD+179149]
	GetHandleVerifier [0x00D04BB8+91080]
	GetHandleVerifier [0x00D04D60+91504]
	GetHandleVerifier [0x00CEFA10+4640]
	BaseThreadInitThunk [0x75C9FCC9+25]
	RtlGetAppContainerNamedObjectPath [0x777082AE+286]
	RtlGetAppContainerNamedObjectPath [0x7770827E+238]

2025-04-29 09:20:01,521 - INFO - Saved screenshot of sector tab
2025-04-29 09:20:01,537 - INFO - Found 6 tables on page
2025-04-29 09:20:01,537 - INFO - Checking table 1
2025-04-29 09:20:01,548 - INFO - Checking table 2
2025-04-29 09:20:01,558 - INFO - Found likely sector table (table #2)
2025-04-29 09:20:01,623 - WARNING - Could not find percent change for 
2025-04-29 09:20:01,668 - INFO - Found percent change: -0.27% in '-61.00 (-0.27%)'
2025-04-29 09:20:01,669 - INFO - Added sector: Auto, Change: -0.27%
2025-04-29 09:20:01,724 - INFO - Found percent change: -0.04% in '-15.00 (-0.04%)'
2025-04-29 09:20:01,726 - INFO - Added sector: Energy, Change: -0.04%
2025-04-29 09:20:01,785 - INFO - Found percent change: -0.34% in '-90.45 (-0.34%)'
2025-04-29 09:20:01,786 - INFO - Added sector: Financial Services, Change: -0.34%
2025-04-29 09:20:01,836 - INFO - Found percent change: -0.3% in '-170.65 (-0.30%)'
2025-04-29 09:20:01,836 - INFO - Added sector: FMCG, Change: -0.3%
2025-04-29 09:20:01,879 - INFO - Found percent change: 1.34% in '475.45 (1.34%)'
2025-04-29 09:20:01,880 - INFO - Added sector: IT, Change: 1.34%
2025-04-29 09:20:01,924 - INFO - Found percent change: -0.52% in '-8.05 (-0.52%)'
2025-04-29 09:20:01,925 - INFO - Added sector: Media, Change: -0.52%
2025-04-29 09:20:01,973 - INFO - Found percent change: -0.68% in '-59.20 (-0.68%)'
2025-04-29 09:20:01,973 - INFO - Added sector: Metal, Change: -0.68%
2025-04-29 09:20:02,020 - INFO - Found percent change: -0.85% in '-186.10 (-0.85%)'
2025-04-29 09:20:02,021 - INFO - Added sector: Pharma, Change: -0.85%
2025-04-29 09:20:02,069 - INFO - Found percent change: 0.47% in '31.20 (0.47%)'
2025-04-29 09:20:02,069 - INFO - Added sector: PSU Bank, Change: 0.47%
2025-04-29 09:20:02,114 - INFO - Found percent change: -0.44% in '-3.85 (-0.44%)'
2025-04-29 09:20:02,115 - INFO - Added sector: Realty, Change: -0.44%
2025-04-29 09:20:04,728 - INFO - Saved sector data to sector.csv
2025-04-29 09:21:05,393 - INFO - Running Nuvama sector data scraper job at 2025-04-29 09:21:05
2025-04-29 09:21:05,394 - INFO - Setting up Chrome driver...
2025-04-29 09:21:05,395 - INFO - ====== WebDriver manager ======
2025-04-29 09:21:06,628 - INFO - Get LATEST chromedriver version for google-chrome
2025-04-29 09:21:06,674 - INFO - Get LATEST chromedriver version for google-chrome
2025-04-29 09:21:06,715 - INFO - Driver [C:\Users\Rajee\.wdm\drivers\chromedriver\win64\135.0.7049.114\chromedriver-win32/chromedriver.exe] found in cache
2025-04-29 09:21:08,032 - INFO - Navigating to https://www.nuvamawealth.com/market/stock-market-index/#key-indices
2025-04-29 09:21:08,826 - INFO - Waiting for page to load...
2025-04-29 09:21:26,685 - INFO - Refreshed page to get latest data
2025-04-29 09:21:36,705 - WARNING - Could not click on SECTOR INDICES tab: Message: no such element: Unable to locate element: {"method":"xpath","selector":"//a[text()='SECTOR INDICES']"}
  (Session info: chrome=135.0.7049.115); For documentation on this error, please visit: https://www.selenium.dev/documentation/webdriver/troubleshooting/errors#no-such-element-exception
Stacktrace:
	GetHandleVerifier [0x00CFD363+60275]
	GetHandleVerifier [0x00CFD3A4+60340]
	(No symbol) [0x00B306F3]
	(No symbol) [0x00B78690]
	(No symbol) [0x00B78A2B]
	(No symbol) [0x00BC0EE2]
	(No symbol) [0x00B9D0D4]
	(No symbol) [0x00BBE6EB]
	(No symbol) [0x00B9CE86]
	(No symbol) [0x00B6C623]
	(No symbol) [0x00B6D474]
	GetHandleVerifier [0x00F48FE3+2467827]
	GetHandleVerifier [0x00F445E6+2448886]
	GetHandleVerifier [0x00F5F80C+2560028]
	GetHandleVerifier [0x00D13DF5+153093]
	GetHandleVerifier [0x00D1A3BD+179149]
	GetHandleVerifier [0x00D04BB8+91080]
	GetHandleVerifier [0x00D04D60+91504]
	GetHandleVerifier [0x00CEFA10+4640]
	BaseThreadInitThunk [0x75C9FCC9+25]
	RtlGetAppContainerNamedObjectPath [0x777082AE+286]
	RtlGetAppContainerNamedObjectPath [0x7770827E+238]

2025-04-29 09:21:36,722 - WARNING - Could not click on second tab: Message: no such element: Unable to locate element: {"method":"css selector","selector":".tab-links li:nth-child(2) a"}
  (Session info: chrome=135.0.7049.115); For documentation on this error, please visit: https://www.selenium.dev/documentation/webdriver/troubleshooting/errors#no-such-element-exception
Stacktrace:
	GetHandleVerifier [0x00CFD363+60275]
	GetHandleVerifier [0x00CFD3A4+60340]
	(No symbol) [0x00B306F3]
	(No symbol) [0x00B78690]
	(No symbol) [0x00B78A2B]
	(No symbol) [0x00BC0EE2]
	(No symbol) [0x00B9D0D4]
	(No symbol) [0x00BBE6EB]
	(No symbol) [0x00B9CE86]
	(No symbol) [0x00B6C623]
	(No symbol) [0x00B6D474]
	GetHandleVerifier [0x00F48FE3+2467827]
	GetHandleVerifier [0x00F445E6+2448886]
	GetHandleVerifier [0x00F5F80C+2560028]
	GetHandleVerifier [0x00D13DF5+153093]
	GetHandleVerifier [0x00D1A3BD+179149]
	GetHandleVerifier [0x00D04BB8+91080]
	GetHandleVerifier [0x00D04D60+91504]
	GetHandleVerifier [0x00CEFA10+4640]
	BaseThreadInitThunk [0x75C9FCC9+25]
	RtlGetAppContainerNamedObjectPath [0x777082AE+286]
	RtlGetAppContainerNamedObjectPath [0x7770827E+238]

2025-04-29 09:21:36,859 - INFO - Saved screenshot of sector tab
2025-04-29 09:21:36,873 - INFO - Found 6 tables on page
2025-04-29 09:21:36,874 - INFO - Checking table 1
2025-04-29 09:21:36,884 - INFO - Checking table 2
2025-04-29 09:21:36,892 - INFO - Found likely sector table (table #2)
2025-04-29 09:21:36,968 - WARNING - Could not find percent change for 
2025-04-29 09:21:37,019 - INFO - Found percent change: -0.27% in '-61.00 (-0.27%)'
2025-04-29 09:21:37,020 - INFO - Added sector: Auto, Change: -0.27%
2025-04-29 09:21:37,071 - INFO - Found percent change: -0.04% in '-15.00 (-0.04%)'
2025-04-29 09:21:37,071 - INFO - Added sector: Energy, Change: -0.04%
2025-04-29 09:21:37,122 - INFO - Found percent change: -0.34% in '-90.45 (-0.34%)'
2025-04-29 09:21:37,122 - INFO - Added sector: Financial Services, Change: -0.34%
2025-04-29 09:21:37,171 - INFO - Found percent change: -0.3% in '-170.65 (-0.30%)'
2025-04-29 09:21:37,171 - INFO - Added sector: FMCG, Change: -0.3%
2025-04-29 09:21:37,219 - INFO - Found percent change: 1.34% in '475.45 (1.34%)'
2025-04-29 09:21:37,219 - INFO - Added sector: IT, Change: 1.34%
2025-04-29 09:21:37,261 - INFO - Found percent change: -0.52% in '-8.05 (-0.52%)'
2025-04-29 09:21:37,262 - INFO - Added sector: Media, Change: -0.52%
2025-04-29 09:21:37,318 - INFO - Found percent change: -0.68% in '-59.20 (-0.68%)'
2025-04-29 09:21:37,318 - INFO - Added sector: Metal, Change: -0.68%
2025-04-29 09:21:37,369 - INFO - Found percent change: -0.85% in '-186.10 (-0.85%)'
2025-04-29 09:21:37,369 - INFO - Added sector: Pharma, Change: -0.85%
2025-04-29 09:21:37,417 - INFO - Found percent change: 0.47% in '31.20 (0.47%)'
2025-04-29 09:21:37,418 - INFO - Added sector: PSU Bank, Change: 0.47%
2025-04-29 09:21:37,552 - INFO - Found percent change: -0.44% in '-3.85 (-0.44%)'
2025-04-29 09:21:37,554 - INFO - Added sector: Realty, Change: -0.44%
2025-04-29 09:21:41,313 - INFO - Saved sector data to sector.csv
2025-04-29 09:22:41,996 - INFO - Running Nuvama sector data scraper job at 2025-04-29 09:22:41
2025-04-29 09:22:41,996 - INFO - Setting up Chrome driver...
2025-04-29 09:22:41,996 - INFO - ====== WebDriver manager ======
2025-04-29 09:22:43,292 - INFO - Get LATEST chromedriver version for google-chrome
2025-04-29 09:22:43,332 - INFO - Get LATEST chromedriver version for google-chrome
2025-04-29 09:22:43,372 - INFO - Driver [C:\Users\Rajee\.wdm\drivers\chromedriver\win64\135.0.7049.114\chromedriver-win32/chromedriver.exe] found in cache
2025-04-29 09:22:44,770 - INFO - Navigating to https://www.nuvamawealth.com/market/stock-market-index/#key-indices
2025-04-29 09:22:45,586 - INFO - Waiting for page to load...
2025-04-29 09:23:03,536 - INFO - Refreshed page to get latest data
2025-04-29 09:23:13,558 - WARNING - Could not click on SECTOR INDICES tab: Message: no such element: Unable to locate element: {"method":"xpath","selector":"//a[text()='SECTOR INDICES']"}
  (Session info: chrome=135.0.7049.115); For documentation on this error, please visit: https://www.selenium.dev/documentation/webdriver/troubleshooting/errors#no-such-element-exception
Stacktrace:
	GetHandleVerifier [0x00CFD363+60275]
	GetHandleVerifier [0x00CFD3A4+60340]
	(No symbol) [0x00B306F3]
	(No symbol) [0x00B78690]
	(No symbol) [0x00B78A2B]
	(No symbol) [0x00BC0EE2]
	(No symbol) [0x00B9D0D4]
	(No symbol) [0x00BBE6EB]
	(No symbol) [0x00B9CE86]
	(No symbol) [0x00B6C623]
	(No symbol) [0x00B6D474]
	GetHandleVerifier [0x00F48FE3+2467827]
	GetHandleVerifier [0x00F445E6+2448886]
	GetHandleVerifier [0x00F5F80C+2560028]
	GetHandleVerifier [0x00D13DF5+153093]
	GetHandleVerifier [0x00D1A3BD+179149]
	GetHandleVerifier [0x00D04BB8+91080]
	GetHandleVerifier [0x00D04D60+91504]
	GetHandleVerifier [0x00CEFA10+4640]
	BaseThreadInitThunk [0x75C9FCC9+25]
	RtlGetAppContainerNamedObjectPath [0x777082AE+286]
	RtlGetAppContainerNamedObjectPath [0x7770827E+238]

2025-04-29 09:23:13,578 - WARNING - Could not click on second tab: Message: no such element: Unable to locate element: {"method":"css selector","selector":".tab-links li:nth-child(2) a"}
  (Session info: chrome=135.0.7049.115); For documentation on this error, please visit: https://www.selenium.dev/documentation/webdriver/troubleshooting/errors#no-such-element-exception
Stacktrace:
	GetHandleVerifier [0x00CFD363+60275]
	GetHandleVerifier [0x00CFD3A4+60340]
	(No symbol) [0x00B306F3]
	(No symbol) [0x00B78690]
	(No symbol) [0x00B78A2B]
	(No symbol) [0x00BC0EE2]
	(No symbol) [0x00B9D0D4]
	(No symbol) [0x00BBE6EB]
	(No symbol) [0x00B9CE86]
	(No symbol) [0x00B6C623]
	(No symbol) [0x00B6D474]
	GetHandleVerifier [0x00F48FE3+2467827]
	GetHandleVerifier [0x00F445E6+2448886]
	GetHandleVerifier [0x00F5F80C+2560028]
	GetHandleVerifier [0x00D13DF5+153093]
	GetHandleVerifier [0x00D1A3BD+179149]
	GetHandleVerifier [0x00D04BB8+91080]
	GetHandleVerifier [0x00D04D60+91504]
	GetHandleVerifier [0x00CEFA10+4640]
	BaseThreadInitThunk [0x75C9FCC9+25]
	RtlGetAppContainerNamedObjectPath [0x777082AE+286]
	RtlGetAppContainerNamedObjectPath [0x7770827E+238]

2025-04-29 09:23:13,742 - INFO - Saved screenshot of sector tab
2025-04-29 09:23:13,761 - INFO - Found 6 tables on page
2025-04-29 09:23:13,761 - INFO - Checking table 1
2025-04-29 09:23:13,773 - INFO - Checking table 2
2025-04-29 09:23:13,787 - INFO - Found likely sector table (table #2)
2025-04-29 09:23:13,876 - WARNING - Could not find percent change for 
2025-04-29 09:23:13,969 - INFO - Found percent change: -0.27% in '-61.00 (-0.27%)'
2025-04-29 09:23:13,970 - INFO - Added sector: Auto, Change: -0.27%
2025-04-29 09:23:14,019 - INFO - Found percent change: -0.04% in '-15.00 (-0.04%)'
2025-04-29 09:23:14,019 - INFO - Added sector: Energy, Change: -0.04%
2025-04-29 09:23:14,065 - INFO - Found percent change: -0.34% in '-90.45 (-0.34%)'
2025-04-29 09:23:14,065 - INFO - Added sector: Financial Services, Change: -0.34%
2025-04-29 09:23:14,128 - INFO - Found percent change: -0.3% in '-170.65 (-0.30%)'
2025-04-29 09:23:14,130 - INFO - Added sector: FMCG, Change: -0.3%
2025-04-29 09:23:14,202 - INFO - Found percent change: 1.34% in '475.45 (1.34%)'
2025-04-29 09:23:14,203 - INFO - Added sector: IT, Change: 1.34%
2025-04-29 09:23:14,266 - INFO - Found percent change: -0.52% in '-8.05 (-0.52%)'
2025-04-29 09:23:14,266 - INFO - Added sector: Media, Change: -0.52%
2025-04-29 09:23:14,313 - INFO - Found percent change: -0.68% in '-59.20 (-0.68%)'
2025-04-29 09:23:14,313 - INFO - Added sector: Metal, Change: -0.68%
2025-04-29 09:23:14,357 - INFO - Found percent change: -0.85% in '-186.10 (-0.85%)'
2025-04-29 09:23:14,358 - INFO - Added sector: Pharma, Change: -0.85%
2025-04-29 09:23:14,401 - INFO - Found percent change: 0.47% in '31.20 (0.47%)'
2025-04-29 09:23:14,401 - INFO - Added sector: PSU Bank, Change: 0.47%
2025-04-29 09:23:14,444 - INFO - Found percent change: -0.44% in '-3.85 (-0.44%)'
2025-04-29 09:23:14,445 - INFO - Added sector: Realty, Change: -0.44%
2025-04-29 09:23:18,016 - INFO - Saved sector data to sector.csv
2025-04-29 09:24:18,687 - INFO - Running Nuvama sector data scraper job at 2025-04-29 09:24:18
2025-04-29 09:24:18,687 - INFO - Setting up Chrome driver...
2025-04-29 09:24:18,688 - INFO - ====== WebDriver manager ======
2025-04-29 09:24:19,942 - INFO - Get LATEST chromedriver version for google-chrome
2025-04-29 09:24:19,986 - INFO - Get LATEST chromedriver version for google-chrome
2025-04-29 09:24:20,028 - INFO - Driver [C:\Users\Rajee\.wdm\drivers\chromedriver\win64\135.0.7049.114\chromedriver-win32/chromedriver.exe] found in cache
2025-04-29 09:24:21,303 - INFO - Navigating to https://www.nuvamawealth.com/market/stock-market-index/#key-indices
2025-04-29 09:24:25,468 - INFO - Waiting for page to load...
2025-04-29 09:24:42,767 - INFO - Refreshed page to get latest data
2025-04-29 09:24:52,813 - WARNING - Could not click on SECTOR INDICES tab: Message: no such element: Unable to locate element: {"method":"xpath","selector":"//a[text()='SECTOR INDICES']"}
  (Session info: chrome=135.0.7049.115); For documentation on this error, please visit: https://www.selenium.dev/documentation/webdriver/troubleshooting/errors#no-such-element-exception
Stacktrace:
	GetHandleVerifier [0x00CFD363+60275]
	GetHandleVerifier [0x00CFD3A4+60340]
	(No symbol) [0x00B306F3]
	(No symbol) [0x00B78690]
	(No symbol) [0x00B78A2B]
	(No symbol) [0x00BC0EE2]
	(No symbol) [0x00B9D0D4]
	(No symbol) [0x00BBE6EB]
	(No symbol) [0x00B9CE86]
	(No symbol) [0x00B6C623]
	(No symbol) [0x00B6D474]
	GetHandleVerifier [0x00F48FE3+2467827]
	GetHandleVerifier [0x00F445E6+2448886]
	GetHandleVerifier [0x00F5F80C+2560028]
	GetHandleVerifier [0x00D13DF5+153093]
	GetHandleVerifier [0x00D1A3BD+179149]
	GetHandleVerifier [0x00D04BB8+91080]
	GetHandleVerifier [0x00D04D60+91504]
	GetHandleVerifier [0x00CEFA10+4640]
	BaseThreadInitThunk [0x75C9FCC9+25]
	RtlGetAppContainerNamedObjectPath [0x777082AE+286]
	RtlGetAppContainerNamedObjectPath [0x7770827E+238]

2025-04-29 09:24:52,828 - WARNING - Could not click on second tab: Message: no such element: Unable to locate element: {"method":"css selector","selector":".tab-links li:nth-child(2) a"}
  (Session info: chrome=135.0.7049.115); For documentation on this error, please visit: https://www.selenium.dev/documentation/webdriver/troubleshooting/errors#no-such-element-exception
Stacktrace:
	GetHandleVerifier [0x00CFD363+60275]
	GetHandleVerifier [0x00CFD3A4+60340]
	(No symbol) [0x00B306F3]
	(No symbol) [0x00B78690]
	(No symbol) [0x00B78A2B]
	(No symbol) [0x00BC0EE2]
	(No symbol) [0x00B9D0D4]
	(No symbol) [0x00BBE6EB]
	(No symbol) [0x00B9CE86]
	(No symbol) [0x00B6C623]
	(No symbol) [0x00B6D474]
	GetHandleVerifier [0x00F48FE3+2467827]
	GetHandleVerifier [0x00F445E6+2448886]
	GetHandleVerifier [0x00F5F80C+2560028]
	GetHandleVerifier [0x00D13DF5+153093]
	GetHandleVerifier [0x00D1A3BD+179149]
	GetHandleVerifier [0x00D04BB8+91080]
	GetHandleVerifier [0x00D04D60+91504]
	GetHandleVerifier [0x00CEFA10+4640]
	BaseThreadInitThunk [0x75C9FCC9+25]
	RtlGetAppContainerNamedObjectPath [0x777082AE+286]
	RtlGetAppContainerNamedObjectPath [0x7770827E+238]

2025-04-29 09:24:52,966 - INFO - Saved screenshot of sector tab
2025-04-29 09:24:52,980 - INFO - Found 6 tables on page
2025-04-29 09:24:52,980 - INFO - Checking table 1
2025-04-29 09:24:52,990 - INFO - Checking table 2
2025-04-29 09:24:52,998 - INFO - Found likely sector table (table #2)
2025-04-29 09:24:53,067 - WARNING - Could not find percent change for 
2025-04-29 09:24:53,112 - INFO - Found percent change: -0.27% in '-61.00 (-0.27%)'
2025-04-29 09:24:53,112 - INFO - Added sector: Auto, Change: -0.27%
2025-04-29 09:24:53,176 - INFO - Found percent change: -0.04% in '-15.00 (-0.04%)'
2025-04-29 09:24:53,177 - INFO - Added sector: Energy, Change: -0.04%
2025-04-29 09:24:53,247 - INFO - Found percent change: -0.34% in '-90.45 (-0.34%)'
2025-04-29 09:24:53,247 - INFO - Added sector: Financial Services, Change: -0.34%
2025-04-29 09:24:53,311 - INFO - Found percent change: -0.3% in '-170.65 (-0.30%)'
2025-04-29 09:24:53,312 - INFO - Added sector: FMCG, Change: -0.3%
2025-04-29 09:24:53,368 - INFO - Found percent change: 1.34% in '475.45 (1.34%)'
2025-04-29 09:24:53,368 - INFO - Added sector: IT, Change: 1.34%
2025-04-29 09:24:53,411 - INFO - Found percent change: -0.52% in '-8.05 (-0.52%)'
2025-04-29 09:24:53,412 - INFO - Added sector: Media, Change: -0.52%
2025-04-29 09:24:53,460 - INFO - Found percent change: -0.68% in '-59.20 (-0.68%)'
2025-04-29 09:24:53,460 - INFO - Added sector: Metal, Change: -0.68%
2025-04-29 09:24:53,510 - INFO - Found percent change: -0.85% in '-186.10 (-0.85%)'
2025-04-29 09:24:53,510 - INFO - Added sector: Pharma, Change: -0.85%
2025-04-29 09:24:53,555 - INFO - Found percent change: 0.47% in '31.20 (0.47%)'
2025-04-29 09:24:53,556 - INFO - Added sector: PSU Bank, Change: 0.47%
2025-04-29 09:24:53,605 - INFO - Found percent change: -0.44% in '-3.85 (-0.44%)'
2025-04-29 09:24:53,605 - INFO - Added sector: Realty, Change: -0.44%
2025-04-29 09:24:56,323 - INFO - Saved sector data to sector.csv
2025-04-29 09:25:56,996 - INFO - Running Nuvama sector data scraper job at 2025-04-29 09:25:56
2025-04-29 09:25:56,997 - INFO - Setting up Chrome driver...
2025-04-29 09:25:56,997 - INFO - ====== WebDriver manager ======
2025-04-29 09:25:58,290 - INFO - Get LATEST chromedriver version for google-chrome
2025-04-29 09:25:58,329 - INFO - Get LATEST chromedriver version for google-chrome
2025-04-29 09:25:58,370 - INFO - Driver [C:\Users\Rajee\.wdm\drivers\chromedriver\win64\135.0.7049.114\chromedriver-win32/chromedriver.exe] found in cache
2025-04-29 09:25:59,642 - INFO - Navigating to https://www.nuvamawealth.com/market/stock-market-index/#key-indices
2025-04-29 09:26:03,814 - INFO - Waiting for page to load...
2025-04-29 09:26:21,020 - INFO - Refreshed page to get latest data
2025-04-29 09:26:31,042 - WARNING - Could not click on SECTOR INDICES tab: Message: no such element: Unable to locate element: {"method":"xpath","selector":"//a[text()='SECTOR INDICES']"}
  (Session info: chrome=135.0.7049.115); For documentation on this error, please visit: https://www.selenium.dev/documentation/webdriver/troubleshooting/errors#no-such-element-exception
Stacktrace:
	GetHandleVerifier [0x00CFD363+60275]
	GetHandleVerifier [0x00CFD3A4+60340]
	(No symbol) [0x00B306F3]
	(No symbol) [0x00B78690]
	(No symbol) [0x00B78A2B]
	(No symbol) [0x00BC0EE2]
	(No symbol) [0x00B9D0D4]
	(No symbol) [0x00BBE6EB]
	(No symbol) [0x00B9CE86]
	(No symbol) [0x00B6C623]
	(No symbol) [0x00B6D474]
	GetHandleVerifier [0x00F48FE3+2467827]
	GetHandleVerifier [0x00F445E6+2448886]
	GetHandleVerifier [0x00F5F80C+2560028]
	GetHandleVerifier [0x00D13DF5+153093]
	GetHandleVerifier [0x00D1A3BD+179149]
	GetHandleVerifier [0x00D04BB8+91080]
	GetHandleVerifier [0x00D04D60+91504]
	GetHandleVerifier [0x00CEFA10+4640]
	BaseThreadInitThunk [0x75C9FCC9+25]
	RtlGetAppContainerNamedObjectPath [0x777082AE+286]
	RtlGetAppContainerNamedObjectPath [0x7770827E+238]

2025-04-29 09:26:31,062 - WARNING - Could not click on second tab: Message: no such element: Unable to locate element: {"method":"css selector","selector":".tab-links li:nth-child(2) a"}
  (Session info: chrome=135.0.7049.115); For documentation on this error, please visit: https://www.selenium.dev/documentation/webdriver/troubleshooting/errors#no-such-element-exception
Stacktrace:
	GetHandleVerifier [0x00CFD363+60275]
	GetHandleVerifier [0x00CFD3A4+60340]
	(No symbol) [0x00B306F3]
	(No symbol) [0x00B78690]
	(No symbol) [0x00B78A2B]
	(No symbol) [0x00BC0EE2]
	(No symbol) [0x00B9D0D4]
	(No symbol) [0x00BBE6EB]
	(No symbol) [0x00B9CE86]
	(No symbol) [0x00B6C623]
	(No symbol) [0x00B6D474]
	GetHandleVerifier [0x00F48FE3+2467827]
	GetHandleVerifier [0x00F445E6+2448886]
	GetHandleVerifier [0x00F5F80C+2560028]
	GetHandleVerifier [0x00D13DF5+153093]
	GetHandleVerifier [0x00D1A3BD+179149]
	GetHandleVerifier [0x00D04BB8+91080]
	GetHandleVerifier [0x00D04D60+91504]
	GetHandleVerifier [0x00CEFA10+4640]
	BaseThreadInitThunk [0x75C9FCC9+25]
	RtlGetAppContainerNamedObjectPath [0x777082AE+286]
	RtlGetAppContainerNamedObjectPath [0x7770827E+238]

2025-04-29 09:26:31,245 - INFO - Saved screenshot of sector tab
2025-04-29 09:26:31,258 - INFO - Found 6 tables on page
2025-04-29 09:26:31,258 - INFO - Checking table 1
2025-04-29 09:26:31,268 - INFO - Checking table 2
2025-04-29 09:26:31,277 - INFO - Found likely sector table (table #2)
2025-04-29 09:26:31,356 - WARNING - Could not find percent change for 
2025-04-29 09:26:31,400 - INFO - Found percent change: -0.27% in '-61.00 (-0.27%)'
2025-04-29 09:26:31,401 - INFO - Added sector: Auto, Change: -0.27%
2025-04-29 09:26:31,445 - INFO - Found percent change: -0.04% in '-15.00 (-0.04%)'
2025-04-29 09:26:31,446 - INFO - Added sector: Energy, Change: -0.04%
2025-04-29 09:26:31,491 - INFO - Found percent change: -0.34% in '-90.45 (-0.34%)'
2025-04-29 09:26:31,491 - INFO - Added sector: Financial Services, Change: -0.34%
2025-04-29 09:26:31,539 - INFO - Found percent change: -0.3% in '-170.65 (-0.30%)'
2025-04-29 09:26:31,539 - INFO - Added sector: FMCG, Change: -0.3%
2025-04-29 09:26:31,583 - INFO - Found percent change: 1.34% in '475.45 (1.34%)'
2025-04-29 09:26:31,583 - INFO - Added sector: IT, Change: 1.34%
2025-04-29 09:26:31,628 - INFO - Found percent change: -0.52% in '-8.05 (-0.52%)'
2025-04-29 09:26:31,628 - INFO - Added sector: Media, Change: -0.52%
2025-04-29 09:26:31,670 - INFO - Found percent change: -0.68% in '-59.20 (-0.68%)'
2025-04-29 09:26:31,671 - INFO - Added sector: Metal, Change: -0.68%
2025-04-29 09:26:31,716 - INFO - Found percent change: -0.85% in '-186.10 (-0.85%)'
2025-04-29 09:26:31,716 - INFO - Added sector: Pharma, Change: -0.85%
2025-04-29 09:26:31,763 - INFO - Found percent change: 0.47% in '31.20 (0.47%)'
2025-04-29 09:26:31,763 - INFO - Added sector: PSU Bank, Change: 0.47%
2025-04-29 09:26:31,807 - INFO - Found percent change: -0.44% in '-3.85 (-0.44%)'
2025-04-29 09:26:31,808 - INFO - Added sector: Realty, Change: -0.44%
2025-04-29 09:26:34,431 - INFO - Saved sector data to sector.csv
2025-04-29 09:27:35,069 - INFO - Running Nuvama sector data scraper job at 2025-04-29 09:27:35
2025-04-29 09:27:35,070 - INFO - Setting up Chrome driver...
2025-04-29 09:27:35,070 - INFO - ====== WebDriver manager ======
2025-04-29 09:27:36,514 - INFO - Get LATEST chromedriver version for google-chrome
2025-04-29 09:27:36,556 - INFO - Get LATEST chromedriver version for google-chrome
2025-04-29 09:27:36,598 - INFO - Driver [C:\Users\Rajee\.wdm\drivers\chromedriver\win64\135.0.7049.114\chromedriver-win32/chromedriver.exe] found in cache
2025-04-29 09:27:38,006 - INFO - Navigating to https://www.nuvamawealth.com/market/stock-market-index/#key-indices
2025-04-29 09:27:41,519 - INFO - Waiting for page to load...
2025-04-29 09:27:58,864 - INFO - Refreshed page to get latest data
2025-04-29 09:28:08,894 - WARNING - Could not click on SECTOR INDICES tab: Message: no such element: Unable to locate element: {"method":"xpath","selector":"//a[text()='SECTOR INDICES']"}
  (Session info: chrome=135.0.7049.115); For documentation on this error, please visit: https://www.selenium.dev/documentation/webdriver/troubleshooting/errors#no-such-element-exception
Stacktrace:
	GetHandleVerifier [0x00CFD363+60275]
	GetHandleVerifier [0x00CFD3A4+60340]
	(No symbol) [0x00B306F3]
	(No symbol) [0x00B78690]
	(No symbol) [0x00B78A2B]
	(No symbol) [0x00BC0EE2]
	(No symbol) [0x00B9D0D4]
	(No symbol) [0x00BBE6EB]
	(No symbol) [0x00B9CE86]
	(No symbol) [0x00B6C623]
	(No symbol) [0x00B6D474]
	GetHandleVerifier [0x00F48FE3+2467827]
	GetHandleVerifier [0x00F445E6+2448886]
	GetHandleVerifier [0x00F5F80C+2560028]
	GetHandleVerifier [0x00D13DF5+153093]
	GetHandleVerifier [0x00D1A3BD+179149]
	GetHandleVerifier [0x00D04BB8+91080]
	GetHandleVerifier [0x00D04D60+91504]
	GetHandleVerifier [0x00CEFA10+4640]
	BaseThreadInitThunk [0x75C9FCC9+25]
	RtlGetAppContainerNamedObjectPath [0x777082AE+286]
	RtlGetAppContainerNamedObjectPath [0x7770827E+238]

2025-04-29 09:28:08,913 - WARNING - Could not click on second tab: Message: no such element: Unable to locate element: {"method":"css selector","selector":".tab-links li:nth-child(2) a"}
  (Session info: chrome=135.0.7049.115); For documentation on this error, please visit: https://www.selenium.dev/documentation/webdriver/troubleshooting/errors#no-such-element-exception
Stacktrace:
	GetHandleVerifier [0x00CFD363+60275]
	GetHandleVerifier [0x00CFD3A4+60340]
	(No symbol) [0x00B306F3]
	(No symbol) [0x00B78690]
	(No symbol) [0x00B78A2B]
	(No symbol) [0x00BC0EE2]
	(No symbol) [0x00B9D0D4]
	(No symbol) [0x00BBE6EB]
	(No symbol) [0x00B9CE86]
	(No symbol) [0x00B6C623]
	(No symbol) [0x00B6D474]
	GetHandleVerifier [0x00F48FE3+2467827]
	GetHandleVerifier [0x00F445E6+2448886]
	GetHandleVerifier [0x00F5F80C+2560028]
	GetHandleVerifier [0x00D13DF5+153093]
	GetHandleVerifier [0x00D1A3BD+179149]
	GetHandleVerifier [0x00D04BB8+91080]
	GetHandleVerifier [0x00D04D60+91504]
	GetHandleVerifier [0x00CEFA10+4640]
	BaseThreadInitThunk [0x75C9FCC9+25]
	RtlGetAppContainerNamedObjectPath [0x777082AE+286]
	RtlGetAppContainerNamedObjectPath [0x7770827E+238]

2025-04-29 09:28:09,061 - INFO - Saved screenshot of sector tab
2025-04-29 09:28:09,077 - INFO - Found 6 tables on page
2025-04-29 09:28:09,077 - INFO - Checking table 1
2025-04-29 09:28:09,088 - INFO - Checking table 2
2025-04-29 09:28:09,098 - INFO - Found likely sector table (table #2)
2025-04-29 09:28:09,167 - WARNING - Could not find percent change for 
2025-04-29 09:28:09,215 - INFO - Found percent change: -0.27% in '-61.00 (-0.27%)'
2025-04-29 09:28:09,216 - INFO - Added sector: Auto, Change: -0.27%
2025-04-29 09:28:09,264 - INFO - Found percent change: -0.04% in '-15.00 (-0.04%)'
2025-04-29 09:28:09,264 - INFO - Added sector: Energy, Change: -0.04%
2025-04-29 09:28:09,314 - INFO - Found percent change: -0.34% in '-90.45 (-0.34%)'
2025-04-29 09:28:09,315 - INFO - Added sector: Financial Services, Change: -0.34%
2025-04-29 09:28:09,372 - INFO - Found percent change: -0.3% in '-170.65 (-0.30%)'
2025-04-29 09:28:09,372 - INFO - Added sector: FMCG, Change: -0.3%
2025-04-29 09:28:09,457 - INFO - Found percent change: 1.34% in '475.45 (1.34%)'
2025-04-29 09:28:09,457 - INFO - Added sector: IT, Change: 1.34%
2025-04-29 09:28:09,504 - INFO - Found percent change: -0.52% in '-8.05 (-0.52%)'
2025-04-29 09:28:09,504 - INFO - Added sector: Media, Change: -0.52%
2025-04-29 09:28:09,556 - INFO - Found percent change: -0.68% in '-59.20 (-0.68%)'
2025-04-29 09:28:09,556 - INFO - Added sector: Metal, Change: -0.68%
2025-04-29 09:28:09,605 - INFO - Found percent change: -0.85% in '-186.10 (-0.85%)'
2025-04-29 09:28:09,605 - INFO - Added sector: Pharma, Change: -0.85%
2025-04-29 09:28:09,651 - INFO - Found percent change: 0.47% in '31.20 (0.47%)'
2025-04-29 09:28:09,651 - INFO - Added sector: PSU Bank, Change: 0.47%
2025-04-29 09:28:09,701 - INFO - Found percent change: -0.44% in '-3.85 (-0.44%)'
2025-04-29 09:28:09,701 - INFO - Added sector: Realty, Change: -0.44%
2025-04-29 09:28:12,347 - INFO - Saved sector data to sector.csv
2025-04-29 09:29:13,017 - INFO - Running Nuvama sector data scraper job at 2025-04-29 09:29:13
2025-04-29 09:29:13,017 - INFO - Setting up Chrome driver...
2025-04-29 09:29:13,018 - INFO - ====== WebDriver manager ======
2025-04-29 09:29:14,403 - INFO - Get LATEST chromedriver version for google-chrome
2025-04-29 09:29:14,469 - INFO - Get LATEST chromedriver version for google-chrome
2025-04-29 09:29:14,515 - INFO - Driver [C:\Users\Rajee\.wdm\drivers\chromedriver\win64\135.0.7049.114\chromedriver-win32/chromedriver.exe] found in cache
2025-04-29 09:29:15,929 - INFO - Navigating to https://www.nuvamawealth.com/market/stock-market-index/#key-indices
2025-04-29 09:29:19,893 - INFO - Waiting for page to load...
2025-04-29 09:29:36,978 - INFO - Refreshed page to get latest data
2025-04-29 09:29:46,999 - WARNING - Could not click on SECTOR INDICES tab: Message: no such element: Unable to locate element: {"method":"xpath","selector":"//a[text()='SECTOR INDICES']"}
  (Session info: chrome=135.0.7049.115); For documentation on this error, please visit: https://www.selenium.dev/documentation/webdriver/troubleshooting/errors#no-such-element-exception
Stacktrace:
	GetHandleVerifier [0x00CFD363+60275]
	GetHandleVerifier [0x00CFD3A4+60340]
	(No symbol) [0x00B306F3]
	(No symbol) [0x00B78690]
	(No symbol) [0x00B78A2B]
	(No symbol) [0x00BC0EE2]
	(No symbol) [0x00B9D0D4]
	(No symbol) [0x00BBE6EB]
	(No symbol) [0x00B9CE86]
	(No symbol) [0x00B6C623]
	(No symbol) [0x00B6D474]
	GetHandleVerifier [0x00F48FE3+2467827]
	GetHandleVerifier [0x00F445E6+2448886]
	GetHandleVerifier [0x00F5F80C+2560028]
	GetHandleVerifier [0x00D13DF5+153093]
	GetHandleVerifier [0x00D1A3BD+179149]
	GetHandleVerifier [0x00D04BB8+91080]
	GetHandleVerifier [0x00D04D60+91504]
	GetHandleVerifier [0x00CEFA10+4640]
	BaseThreadInitThunk [0x75C9FCC9+25]
	RtlGetAppContainerNamedObjectPath [0x777082AE+286]
	RtlGetAppContainerNamedObjectPath [0x7770827E+238]

2025-04-29 09:29:47,015 - WARNING - Could not click on second tab: Message: no such element: Unable to locate element: {"method":"css selector","selector":".tab-links li:nth-child(2) a"}
  (Session info: chrome=135.0.7049.115); For documentation on this error, please visit: https://www.selenium.dev/documentation/webdriver/troubleshooting/errors#no-such-element-exception
Stacktrace:
	GetHandleVerifier [0x00CFD363+60275]
	GetHandleVerifier [0x00CFD3A4+60340]
	(No symbol) [0x00B306F3]
	(No symbol) [0x00B78690]
	(No symbol) [0x00B78A2B]
	(No symbol) [0x00BC0EE2]
	(No symbol) [0x00B9D0D4]
	(No symbol) [0x00BBE6EB]
	(No symbol) [0x00B9CE86]
	(No symbol) [0x00B6C623]
	(No symbol) [0x00B6D474]
	GetHandleVerifier [0x00F48FE3+2467827]
	GetHandleVerifier [0x00F445E6+2448886]
	GetHandleVerifier [0x00F5F80C+2560028]
	GetHandleVerifier [0x00D13DF5+153093]
	GetHandleVerifier [0x00D1A3BD+179149]
	GetHandleVerifier [0x00D04BB8+91080]
	GetHandleVerifier [0x00D04D60+91504]
	GetHandleVerifier [0x00CEFA10+4640]
	BaseThreadInitThunk [0x75C9FCC9+25]
	RtlGetAppContainerNamedObjectPath [0x777082AE+286]
	RtlGetAppContainerNamedObjectPath [0x7770827E+238]

2025-04-29 09:29:47,158 - INFO - Saved screenshot of sector tab
2025-04-29 09:29:47,175 - INFO - Found 6 tables on page
2025-04-29 09:29:47,175 - INFO - Checking table 1
2025-04-29 09:29:47,188 - INFO - Checking table 2
2025-04-29 09:29:47,199 - INFO - Found likely sector table (table #2)
2025-04-29 09:29:47,269 - WARNING - Could not find percent change for 
2025-04-29 09:29:47,317 - INFO - Found percent change: -0.27% in '-61.00 (-0.27%)'
2025-04-29 09:29:47,318 - INFO - Added sector: Auto, Change: -0.27%
2025-04-29 09:29:47,366 - INFO - Found percent change: -0.04% in '-15.00 (-0.04%)'
2025-04-29 09:29:47,367 - INFO - Added sector: Energy, Change: -0.04%
2025-04-29 09:29:47,413 - INFO - Found percent change: -0.34% in '-90.45 (-0.34%)'
2025-04-29 09:29:47,414 - INFO - Added sector: Financial Services, Change: -0.34%
2025-04-29 09:29:47,516 - INFO - Found percent change: -0.3% in '-170.65 (-0.30%)'
2025-04-29 09:29:47,517 - INFO - Added sector: FMCG, Change: -0.3%
2025-04-29 09:29:47,568 - INFO - Found percent change: 1.34% in '475.45 (1.34%)'
2025-04-29 09:29:47,569 - INFO - Added sector: IT, Change: 1.34%
2025-04-29 09:29:47,615 - INFO - Found percent change: -0.52% in '-8.05 (-0.52%)'
2025-04-29 09:29:47,616 - INFO - Added sector: Media, Change: -0.52%
2025-04-29 09:29:47,658 - INFO - Found percent change: -0.68% in '-59.20 (-0.68%)'
2025-04-29 09:29:47,658 - INFO - Added sector: Metal, Change: -0.68%
2025-04-29 09:29:47,705 - INFO - Found percent change: -0.85% in '-186.10 (-0.85%)'
2025-04-29 09:29:47,705 - INFO - Added sector: Pharma, Change: -0.85%
2025-04-29 09:29:47,753 - INFO - Found percent change: 0.47% in '31.20 (0.47%)'
2025-04-29 09:29:47,754 - INFO - Added sector: PSU Bank, Change: 0.47%
2025-04-29 09:29:47,804 - INFO - Found percent change: -0.44% in '-3.85 (-0.44%)'
2025-04-29 09:29:47,805 - INFO - Added sector: Realty, Change: -0.44%
2025-04-29 09:29:50,391 - INFO - Saved sector data to sector.csv
2025-04-29 09:30:51,053 - INFO - Running Nuvama sector data scraper job at 2025-04-29 09:30:51
2025-04-29 09:30:51,054 - INFO - Setting up Chrome driver...
2025-04-29 09:30:51,054 - INFO - ====== WebDriver manager ======
2025-04-29 09:30:52,306 - INFO - Get LATEST chromedriver version for google-chrome
2025-04-29 09:30:52,358 - INFO - Get LATEST chromedriver version for google-chrome
2025-04-29 09:30:52,400 - INFO - Driver [C:\Users\Rajee\.wdm\drivers\chromedriver\win64\135.0.7049.114\chromedriver-win32/chromedriver.exe] found in cache
2025-04-29 09:30:53,645 - INFO - Navigating to https://www.nuvamawealth.com/market/stock-market-index/#key-indices
2025-04-29 09:30:57,460 - INFO - Waiting for page to load...
2025-04-29 09:31:14,852 - INFO - Refreshed page to get latest data
2025-04-29 09:31:24,878 - WARNING - Could not click on SECTOR INDICES tab: Message: no such element: Unable to locate element: {"method":"xpath","selector":"//a[text()='SECTOR INDICES']"}
  (Session info: chrome=135.0.7049.115); For documentation on this error, please visit: https://www.selenium.dev/documentation/webdriver/troubleshooting/errors#no-such-element-exception
Stacktrace:
	GetHandleVerifier [0x00CFD363+60275]
	GetHandleVerifier [0x00CFD3A4+60340]
	(No symbol) [0x00B306F3]
	(No symbol) [0x00B78690]
	(No symbol) [0x00B78A2B]
	(No symbol) [0x00BC0EE2]
	(No symbol) [0x00B9D0D4]
	(No symbol) [0x00BBE6EB]
	(No symbol) [0x00B9CE86]
	(No symbol) [0x00B6C623]
	(No symbol) [0x00B6D474]
	GetHandleVerifier [0x00F48FE3+2467827]
	GetHandleVerifier [0x00F445E6+2448886]
	GetHandleVerifier [0x00F5F80C+2560028]
	GetHandleVerifier [0x00D13DF5+153093]
	GetHandleVerifier [0x00D1A3BD+179149]
	GetHandleVerifier [0x00D04BB8+91080]
	GetHandleVerifier [0x00D04D60+91504]
	GetHandleVerifier [0x00CEFA10+4640]
	BaseThreadInitThunk [0x75C9FCC9+25]
	RtlGetAppContainerNamedObjectPath [0x777082AE+286]
	RtlGetAppContainerNamedObjectPath [0x7770827E+238]

2025-04-29 09:31:24,896 - WARNING - Could not click on second tab: Message: no such element: Unable to locate element: {"method":"css selector","selector":".tab-links li:nth-child(2) a"}
  (Session info: chrome=135.0.7049.115); For documentation on this error, please visit: https://www.selenium.dev/documentation/webdriver/troubleshooting/errors#no-such-element-exception
Stacktrace:
	GetHandleVerifier [0x00CFD363+60275]
	GetHandleVerifier [0x00CFD3A4+60340]
	(No symbol) [0x00B306F3]
	(No symbol) [0x00B78690]
	(No symbol) [0x00B78A2B]
	(No symbol) [0x00BC0EE2]
	(No symbol) [0x00B9D0D4]
	(No symbol) [0x00BBE6EB]
	(No symbol) [0x00B9CE86]
	(No symbol) [0x00B6C623]
	(No symbol) [0x00B6D474]
	GetHandleVerifier [0x00F48FE3+2467827]
	GetHandleVerifier [0x00F445E6+2448886]
	GetHandleVerifier [0x00F5F80C+2560028]
	GetHandleVerifier [0x00D13DF5+153093]
	GetHandleVerifier [0x00D1A3BD+179149]
	GetHandleVerifier [0x00D04BB8+91080]
	GetHandleVerifier [0x00D04D60+91504]
	GetHandleVerifier [0x00CEFA10+4640]
	BaseThreadInitThunk [0x75C9FCC9+25]
	RtlGetAppContainerNamedObjectPath [0x777082AE+286]
	RtlGetAppContainerNamedObjectPath [0x7770827E+238]

2025-04-29 09:31:25,036 - INFO - Saved screenshot of sector tab
2025-04-29 09:31:25,051 - INFO - Found 6 tables on page
2025-04-29 09:31:25,051 - INFO - Checking table 1
2025-04-29 09:31:25,061 - INFO - Checking table 2
2025-04-29 09:31:25,073 - INFO - Found likely sector table (table #2)
2025-04-29 09:31:25,146 - WARNING - Could not find percent change for 
2025-04-29 09:31:25,191 - INFO - Found percent change: -0.27% in '-61.00 (-0.27%)'
2025-04-29 09:31:25,192 - INFO - Added sector: Auto, Change: -0.27%
2025-04-29 09:31:25,296 - INFO - Found percent change: -0.04% in '-15.00 (-0.04%)'
2025-04-29 09:31:25,297 - INFO - Added sector: Energy, Change: -0.04%
2025-04-29 09:31:25,354 - INFO - Found percent change: -0.34% in '-90.45 (-0.34%)'
2025-04-29 09:31:25,357 - INFO - Added sector: Financial Services, Change: -0.34%
2025-04-29 09:31:25,409 - INFO - Found percent change: -0.3% in '-170.65 (-0.30%)'
2025-04-29 09:31:25,409 - INFO - Added sector: FMCG, Change: -0.3%
2025-04-29 09:31:25,452 - INFO - Found percent change: 1.34% in '475.45 (1.34%)'
2025-04-29 09:31:25,453 - INFO - Added sector: IT, Change: 1.34%
2025-04-29 09:31:25,499 - INFO - Found percent change: -0.52% in '-8.05 (-0.52%)'
2025-04-29 09:31:25,500 - INFO - Added sector: Media, Change: -0.52%
2025-04-29 09:31:25,545 - INFO - Found percent change: -0.68% in '-59.20 (-0.68%)'
2025-04-29 09:31:25,545 - INFO - Added sector: Metal, Change: -0.68%
2025-04-29 09:31:25,594 - INFO - Found percent change: -0.85% in '-186.10 (-0.85%)'
2025-04-29 09:31:25,594 - INFO - Added sector: Pharma, Change: -0.85%
2025-04-29 09:31:25,641 - INFO - Found percent change: 0.47% in '31.20 (0.47%)'
2025-04-29 09:31:25,641 - INFO - Added sector: PSU Bank, Change: 0.47%
2025-04-29 09:31:25,687 - INFO - Found percent change: -0.44% in '-3.85 (-0.44%)'
2025-04-29 09:31:25,687 - INFO - Added sector: Realty, Change: -0.44%
2025-04-29 09:31:28,296 - INFO - Saved sector data to sector.csv
2025-04-29 09:32:28,949 - INFO - Running Nuvama sector data scraper job at 2025-04-29 09:32:28
2025-04-29 09:32:28,949 - INFO - Setting up Chrome driver...
2025-04-29 09:32:28,950 - INFO - ====== WebDriver manager ======
2025-04-29 09:32:30,386 - INFO - Get LATEST chromedriver version for google-chrome
2025-04-29 09:32:30,431 - INFO - Get LATEST chromedriver version for google-chrome
2025-04-29 09:32:30,477 - INFO - Driver [C:\Users\Rajee\.wdm\drivers\chromedriver\win64\135.0.7049.114\chromedriver-win32/chromedriver.exe] found in cache
2025-04-29 09:32:31,928 - INFO - Navigating to https://www.nuvamawealth.com/market/stock-market-index/#key-indices
2025-04-29 09:32:36,065 - INFO - Waiting for page to load...
2025-04-29 09:32:53,273 - INFO - Refreshed page to get latest data
2025-04-29 09:33:03,306 - WARNING - Could not click on SECTOR INDICES tab: Message: no such element: Unable to locate element: {"method":"xpath","selector":"//a[text()='SECTOR INDICES']"}
  (Session info: chrome=135.0.7049.115); For documentation on this error, please visit: https://www.selenium.dev/documentation/webdriver/troubleshooting/errors#no-such-element-exception
Stacktrace:
	GetHandleVerifier [0x00CFD363+60275]
	GetHandleVerifier [0x00CFD3A4+60340]
	(No symbol) [0x00B306F3]
	(No symbol) [0x00B78690]
	(No symbol) [0x00B78A2B]
	(No symbol) [0x00BC0EE2]
	(No symbol) [0x00B9D0D4]
	(No symbol) [0x00BBE6EB]
	(No symbol) [0x00B9CE86]
	(No symbol) [0x00B6C623]
	(No symbol) [0x00B6D474]
	GetHandleVerifier [0x00F48FE3+2467827]
	GetHandleVerifier [0x00F445E6+2448886]
	GetHandleVerifier [0x00F5F80C+2560028]
	GetHandleVerifier [0x00D13DF5+153093]
	GetHandleVerifier [0x00D1A3BD+179149]
	GetHandleVerifier [0x00D04BB8+91080]
	GetHandleVerifier [0x00D04D60+91504]
	GetHandleVerifier [0x00CEFA10+4640]
	BaseThreadInitThunk [0x75C9FCC9+25]
	RtlGetAppContainerNamedObjectPath [0x777082AE+286]
	RtlGetAppContainerNamedObjectPath [0x7770827E+238]

2025-04-29 09:33:03,321 - WARNING - Could not click on second tab: Message: no such element: Unable to locate element: {"method":"css selector","selector":".tab-links li:nth-child(2) a"}
  (Session info: chrome=135.0.7049.115); For documentation on this error, please visit: https://www.selenium.dev/documentation/webdriver/troubleshooting/errors#no-such-element-exception
Stacktrace:
	GetHandleVerifier [0x00CFD363+60275]
	GetHandleVerifier [0x00CFD3A4+60340]
	(No symbol) [0x00B306F3]
	(No symbol) [0x00B78690]
	(No symbol) [0x00B78A2B]
	(No symbol) [0x00BC0EE2]
	(No symbol) [0x00B9D0D4]
	(No symbol) [0x00BBE6EB]
	(No symbol) [0x00B9CE86]
	(No symbol) [0x00B6C623]
	(No symbol) [0x00B6D474]
	GetHandleVerifier [0x00F48FE3+2467827]
	GetHandleVerifier [0x00F445E6+2448886]
	GetHandleVerifier [0x00F5F80C+2560028]
	GetHandleVerifier [0x00D13DF5+153093]
	GetHandleVerifier [0x00D1A3BD+179149]
	GetHandleVerifier [0x00D04BB8+91080]
	GetHandleVerifier [0x00D04D60+91504]
	GetHandleVerifier [0x00CEFA10+4640]
	BaseThreadInitThunk [0x75C9FCC9+25]
	RtlGetAppContainerNamedObjectPath [0x777082AE+286]
	RtlGetAppContainerNamedObjectPath [0x7770827E+238]

2025-04-29 09:33:03,486 - INFO - Saved screenshot of sector tab
2025-04-29 09:33:03,500 - INFO - Found 6 tables on page
2025-04-29 09:33:03,501 - INFO - Checking table 1
2025-04-29 09:33:03,511 - INFO - Checking table 2
2025-04-29 09:33:03,522 - INFO - Found likely sector table (table #2)
2025-04-29 09:33:03,591 - WARNING - Could not find percent change for 
2025-04-29 09:33:03,645 - INFO - Found percent change: -0.18% in '-39.40 (-0.18%)'
2025-04-29 09:33:03,645 - INFO - Added sector: Auto, Change: -0.18%
2025-04-29 09:33:03,711 - INFO - Found percent change: -0.06% in '-21.35 (-0.06%)'
2025-04-29 09:33:03,712 - INFO - Added sector: Energy, Change: -0.06%
2025-04-29 09:33:03,777 - INFO - Found percent change: -0.39% in '-101.75 (-0.39%)'
2025-04-29 09:33:03,778 - INFO - Added sector: Financial Services, Change: -0.39%
2025-04-29 09:33:03,837 - INFO - Found percent change: -0.21% in '-117.75 (-0.21%)'
2025-04-29 09:33:03,837 - INFO - Added sector: FMCG, Change: -0.21%
2025-04-29 09:33:03,879 - INFO - Found percent change: 1.68% in '595.75 (1.68%)'
2025-04-29 09:33:03,880 - INFO - Added sector: IT, Change: 1.68%
2025-04-29 09:33:03,924 - INFO - Found percent change: -0.54% in '-8.40 (-0.54%)'
2025-04-29 09:33:03,924 - INFO - Added sector: Media, Change: -0.54%
2025-04-29 09:33:03,972 - INFO - Found percent change: -0.69% in '-60.25 (-0.69%)'
2025-04-29 09:33:03,973 - INFO - Added sector: Metal, Change: -0.69%
2025-04-29 09:33:04,018 - INFO - Found percent change: -0.84% in '-183.25 (-0.84%)'
2025-04-29 09:33:04,018 - INFO - Added sector: Pharma, Change: -0.84%
2025-04-29 09:33:04,069 - INFO - Found percent change: 0.46% in '30.50 (0.46%)'
2025-04-29 09:33:04,069 - INFO - Added sector: PSU Bank, Change: 0.46%
2025-04-29 09:33:04,127 - INFO - Found percent change: -0.28% in '-2.45 (-0.28%)'
2025-04-29 09:33:04,128 - INFO - Added sector: Realty, Change: -0.28%
2025-04-29 09:33:06,956 - INFO - Saved sector data to sector.csv
2025-04-29 09:34:07,583 - INFO - Running Nuvama sector data scraper job at 2025-04-29 09:34:07
2025-04-29 09:34:07,584 - INFO - Setting up Chrome driver...
2025-04-29 09:34:07,585 - INFO - ====== WebDriver manager ======
2025-04-29 09:34:08,827 - INFO - Get LATEST chromedriver version for google-chrome
2025-04-29 09:34:08,869 - INFO - Get LATEST chromedriver version for google-chrome
2025-04-29 09:34:08,913 - INFO - Driver [C:\Users\Rajee\.wdm\drivers\chromedriver\win64\135.0.7049.114\chromedriver-win32/chromedriver.exe] found in cache
2025-04-29 09:34:10,210 - INFO - Navigating to https://www.nuvamawealth.com/market/stock-market-index/#key-indices
2025-04-29 09:34:13,555 - INFO - Waiting for page to load...
2025-04-29 09:34:30,786 - INFO - Refreshed page to get latest data
2025-04-29 09:34:40,806 - WARNING - Could not click on SECTOR INDICES tab: Message: no such element: Unable to locate element: {"method":"xpath","selector":"//a[text()='SECTOR INDICES']"}
  (Session info: chrome=135.0.7049.115); For documentation on this error, please visit: https://www.selenium.dev/documentation/webdriver/troubleshooting/errors#no-such-element-exception
Stacktrace:
	GetHandleVerifier [0x00CFD363+60275]
	GetHandleVerifier [0x00CFD3A4+60340]
	(No symbol) [0x00B306F3]
	(No symbol) [0x00B78690]
	(No symbol) [0x00B78A2B]
	(No symbol) [0x00BC0EE2]
	(No symbol) [0x00B9D0D4]
	(No symbol) [0x00BBE6EB]
	(No symbol) [0x00B9CE86]
	(No symbol) [0x00B6C623]
	(No symbol) [0x00B6D474]
	GetHandleVerifier [0x00F48FE3+2467827]
	GetHandleVerifier [0x00F445E6+2448886]
	GetHandleVerifier [0x00F5F80C+2560028]
	GetHandleVerifier [0x00D13DF5+153093]
	GetHandleVerifier [0x00D1A3BD+179149]
	GetHandleVerifier [0x00D04BB8+91080]
	GetHandleVerifier [0x00D04D60+91504]
	GetHandleVerifier [0x00CEFA10+4640]
	BaseThreadInitThunk [0x75C9FCC9+25]
	RtlGetAppContainerNamedObjectPath [0x777082AE+286]
	RtlGetAppContainerNamedObjectPath [0x7770827E+238]

2025-04-29 09:34:40,822 - WARNING - Could not click on second tab: Message: no such element: Unable to locate element: {"method":"css selector","selector":".tab-links li:nth-child(2) a"}
  (Session info: chrome=135.0.7049.115); For documentation on this error, please visit: https://www.selenium.dev/documentation/webdriver/troubleshooting/errors#no-such-element-exception
Stacktrace:
	GetHandleVerifier [0x00CFD363+60275]
	GetHandleVerifier [0x00CFD3A4+60340]
	(No symbol) [0x00B306F3]
	(No symbol) [0x00B78690]
	(No symbol) [0x00B78A2B]
	(No symbol) [0x00BC0EE2]
	(No symbol) [0x00B9D0D4]
	(No symbol) [0x00BBE6EB]
	(No symbol) [0x00B9CE86]
	(No symbol) [0x00B6C623]
	(No symbol) [0x00B6D474]
	GetHandleVerifier [0x00F48FE3+2467827]
	GetHandleVerifier [0x00F445E6+2448886]
	GetHandleVerifier [0x00F5F80C+2560028]
	GetHandleVerifier [0x00D13DF5+153093]
	GetHandleVerifier [0x00D1A3BD+179149]
	GetHandleVerifier [0x00D04BB8+91080]
	GetHandleVerifier [0x00D04D60+91504]
	GetHandleVerifier [0x00CEFA10+4640]
	BaseThreadInitThunk [0x75C9FCC9+25]
	RtlGetAppContainerNamedObjectPath [0x777082AE+286]
	RtlGetAppContainerNamedObjectPath [0x7770827E+238]

2025-04-29 09:34:40,970 - INFO - Saved screenshot of sector tab
2025-04-29 09:34:40,986 - INFO - Found 6 tables on page
2025-04-29 09:34:40,987 - INFO - Checking table 1
2025-04-29 09:34:41,001 - INFO - Checking table 2
2025-04-29 09:34:41,012 - INFO - Found likely sector table (table #2)
2025-04-29 09:34:41,085 - WARNING - Could not find percent change for 
2025-04-29 09:34:41,132 - INFO - Found percent change: -0.18% in '-39.40 (-0.18%)'
2025-04-29 09:34:41,132 - INFO - Added sector: Auto, Change: -0.18%
2025-04-29 09:34:41,178 - INFO - Found percent change: -0.06% in '-21.35 (-0.06%)'
2025-04-29 09:34:41,178 - INFO - Added sector: Energy, Change: -0.06%
2025-04-29 09:34:41,234 - INFO - Found percent change: -0.39% in '-101.75 (-0.39%)'
2025-04-29 09:34:41,235 - INFO - Added sector: Financial Services, Change: -0.39%
2025-04-29 09:34:41,283 - INFO - Found percent change: -0.21% in '-117.75 (-0.21%)'
2025-04-29 09:34:41,283 - INFO - Added sector: FMCG, Change: -0.21%
2025-04-29 09:34:41,331 - INFO - Found percent change: 1.68% in '595.75 (1.68%)'
2025-04-29 09:34:41,331 - INFO - Added sector: IT, Change: 1.68%
2025-04-29 09:34:41,376 - INFO - Found percent change: -0.54% in '-8.40 (-0.54%)'
2025-04-29 09:34:41,377 - INFO - Added sector: Media, Change: -0.54%
2025-04-29 09:34:41,425 - INFO - Found percent change: -0.69% in '-60.25 (-0.69%)'
2025-04-29 09:34:41,426 - INFO - Added sector: Metal, Change: -0.69%
2025-04-29 09:34:41,474 - INFO - Found percent change: -0.84% in '-183.25 (-0.84%)'
2025-04-29 09:34:41,475 - INFO - Added sector: Pharma, Change: -0.84%
2025-04-29 09:34:41,523 - INFO - Found percent change: 0.46% in '30.50 (0.46%)'
2025-04-29 09:34:41,524 - INFO - Added sector: PSU Bank, Change: 0.46%
2025-04-29 09:34:41,574 - INFO - Found percent change: -0.28% in '-2.45 (-0.28%)'
2025-04-29 09:34:41,574 - INFO - Added sector: Realty, Change: -0.28%
2025-04-29 09:34:44,170 - INFO - Saved sector data to sector.csv
2025-04-29 09:35:44,827 - INFO - Running Nuvama sector data scraper job at 2025-04-29 09:35:44
2025-04-29 09:35:44,827 - INFO - Setting up Chrome driver...
2025-04-29 09:35:44,828 - INFO - ====== WebDriver manager ======
2025-04-29 09:35:46,077 - INFO - Get LATEST chromedriver version for google-chrome
2025-04-29 09:35:46,150 - INFO - Get LATEST chromedriver version for google-chrome
2025-04-29 09:35:46,217 - INFO - Driver [C:\Users\Rajee\.wdm\drivers\chromedriver\win64\135.0.7049.114\chromedriver-win32/chromedriver.exe] found in cache
2025-04-29 09:35:47,588 - INFO - Navigating to https://www.nuvamawealth.com/market/stock-market-index/#key-indices
2025-04-29 09:35:51,573 - INFO - Waiting for page to load...
2025-04-29 09:36:08,725 - INFO - Refreshed page to get latest data
2025-04-29 09:36:18,756 - WARNING - Could not click on SECTOR INDICES tab: Message: no such element: Unable to locate element: {"method":"xpath","selector":"//a[text()='SECTOR INDICES']"}
  (Session info: chrome=135.0.7049.115); For documentation on this error, please visit: https://www.selenium.dev/documentation/webdriver/troubleshooting/errors#no-such-element-exception
Stacktrace:
	GetHandleVerifier [0x00CFD363+60275]
	GetHandleVerifier [0x00CFD3A4+60340]
	(No symbol) [0x00B306F3]
	(No symbol) [0x00B78690]
	(No symbol) [0x00B78A2B]
	(No symbol) [0x00BC0EE2]
	(No symbol) [0x00B9D0D4]
	(No symbol) [0x00BBE6EB]
	(No symbol) [0x00B9CE86]
	(No symbol) [0x00B6C623]
	(No symbol) [0x00B6D474]
	GetHandleVerifier [0x00F48FE3+2467827]
	GetHandleVerifier [0x00F445E6+2448886]
	GetHandleVerifier [0x00F5F80C+2560028]
	GetHandleVerifier [0x00D13DF5+153093]
	GetHandleVerifier [0x00D1A3BD+179149]
	GetHandleVerifier [0x00D04BB8+91080]
	GetHandleVerifier [0x00D04D60+91504]
	GetHandleVerifier [0x00CEFA10+4640]
	BaseThreadInitThunk [0x75C9FCC9+25]
	RtlGetAppContainerNamedObjectPath [0x777082AE+286]
	RtlGetAppContainerNamedObjectPath [0x7770827E+238]

2025-04-29 09:36:18,773 - WARNING - Could not click on second tab: Message: no such element: Unable to locate element: {"method":"css selector","selector":".tab-links li:nth-child(2) a"}
  (Session info: chrome=135.0.7049.115); For documentation on this error, please visit: https://www.selenium.dev/documentation/webdriver/troubleshooting/errors#no-such-element-exception
Stacktrace:
	GetHandleVerifier [0x00CFD363+60275]
	GetHandleVerifier [0x00CFD3A4+60340]
	(No symbol) [0x00B306F3]
	(No symbol) [0x00B78690]
	(No symbol) [0x00B78A2B]
	(No symbol) [0x00BC0EE2]
	(No symbol) [0x00B9D0D4]
	(No symbol) [0x00BBE6EB]
	(No symbol) [0x00B9CE86]
	(No symbol) [0x00B6C623]
	(No symbol) [0x00B6D474]
	GetHandleVerifier [0x00F48FE3+2467827]
	GetHandleVerifier [0x00F445E6+2448886]
	GetHandleVerifier [0x00F5F80C+2560028]
	GetHandleVerifier [0x00D13DF5+153093]
	GetHandleVerifier [0x00D1A3BD+179149]
	GetHandleVerifier [0x00D04BB8+91080]
	GetHandleVerifier [0x00D04D60+91504]
	GetHandleVerifier [0x00CEFA10+4640]
	BaseThreadInitThunk [0x75C9FCC9+25]
	RtlGetAppContainerNamedObjectPath [0x777082AE+286]
	RtlGetAppContainerNamedObjectPath [0x7770827E+238]

2025-04-29 09:36:18,928 - INFO - Saved screenshot of sector tab
2025-04-29 09:36:18,944 - INFO - Found 6 tables on page
2025-04-29 09:36:18,944 - INFO - Checking table 1
2025-04-29 09:36:18,954 - INFO - Checking table 2
2025-04-29 09:36:18,967 - INFO - Found likely sector table (table #2)
2025-04-29 09:36:19,033 - WARNING - Could not find percent change for 
2025-04-29 09:36:19,084 - INFO - Found percent change: -0.18% in '-39.40 (-0.18%)'
2025-04-29 09:36:19,084 - INFO - Added sector: Auto, Change: -0.18%
2025-04-29 09:36:19,130 - INFO - Found percent change: -0.06% in '-21.35 (-0.06%)'
2025-04-29 09:36:19,130 - INFO - Added sector: Energy, Change: -0.06%
2025-04-29 09:36:19,176 - INFO - Found percent change: -0.39% in '-101.75 (-0.39%)'
2025-04-29 09:36:19,177 - INFO - Added sector: Financial Services, Change: -0.39%
2025-04-29 09:36:19,226 - INFO - Found percent change: -0.21% in '-117.75 (-0.21%)'
2025-04-29 09:36:19,227 - INFO - Added sector: FMCG, Change: -0.21%
2025-04-29 09:36:19,276 - INFO - Found percent change: 1.68% in '595.75 (1.68%)'
2025-04-29 09:36:19,276 - INFO - Added sector: IT, Change: 1.68%
2025-04-29 09:36:19,331 - INFO - Found percent change: -0.54% in '-8.40 (-0.54%)'
2025-04-29 09:36:19,331 - INFO - Added sector: Media, Change: -0.54%
2025-04-29 09:36:19,376 - INFO - Found percent change: -0.69% in '-60.25 (-0.69%)'
2025-04-29 09:36:19,376 - INFO - Added sector: Metal, Change: -0.69%
2025-04-29 09:36:19,439 - INFO - Found percent change: -0.84% in '-183.25 (-0.84%)'
2025-04-29 09:36:19,439 - INFO - Added sector: Pharma, Change: -0.84%
2025-04-29 09:36:19,485 - INFO - Found percent change: 0.46% in '30.50 (0.46%)'
2025-04-29 09:36:19,485 - INFO - Added sector: PSU Bank, Change: 0.46%
2025-04-29 09:36:19,537 - INFO - Found percent change: -0.28% in '-2.45 (-0.28%)'
2025-04-29 09:36:19,537 - INFO - Added sector: Realty, Change: -0.28%
2025-04-29 09:36:22,129 - INFO - Saved sector data to sector.csv
2025-04-29 09:37:22,795 - INFO - Running Nuvama sector data scraper job at 2025-04-29 09:37:22
2025-04-29 09:37:22,795 - INFO - Setting up Chrome driver...
2025-04-29 09:37:22,796 - INFO - ====== WebDriver manager ======
2025-04-29 09:37:24,071 - INFO - Get LATEST chromedriver version for google-chrome
2025-04-29 09:37:24,115 - INFO - Get LATEST chromedriver version for google-chrome
2025-04-29 09:37:24,158 - INFO - Driver [C:\Users\Rajee\.wdm\drivers\chromedriver\win64\135.0.7049.114\chromedriver-win32/chromedriver.exe] found in cache
2025-04-29 09:37:25,629 - INFO - Navigating to https://www.nuvamawealth.com/market/stock-market-index/#key-indices
2025-04-29 09:37:29,793 - INFO - Waiting for page to load...
2025-04-29 09:37:46,918 - INFO - Refreshed page to get latest data
2025-04-29 09:37:56,934 - WARNING - Could not click on SECTOR INDICES tab: Message: no such element: Unable to locate element: {"method":"xpath","selector":"//a[text()='SECTOR INDICES']"}
  (Session info: chrome=135.0.7049.115); For documentation on this error, please visit: https://www.selenium.dev/documentation/webdriver/troubleshooting/errors#no-such-element-exception
Stacktrace:
	GetHandleVerifier [0x00CFD363+60275]
	GetHandleVerifier [0x00CFD3A4+60340]
	(No symbol) [0x00B306F3]
	(No symbol) [0x00B78690]
	(No symbol) [0x00B78A2B]
	(No symbol) [0x00BC0EE2]
	(No symbol) [0x00B9D0D4]
	(No symbol) [0x00BBE6EB]
	(No symbol) [0x00B9CE86]
	(No symbol) [0x00B6C623]
	(No symbol) [0x00B6D474]
	GetHandleVerifier [0x00F48FE3+2467827]
	GetHandleVerifier [0x00F445E6+2448886]
	GetHandleVerifier [0x00F5F80C+2560028]
	GetHandleVerifier [0x00D13DF5+153093]
	GetHandleVerifier [0x00D1A3BD+179149]
	GetHandleVerifier [0x00D04BB8+91080]
	GetHandleVerifier [0x00D04D60+91504]
	GetHandleVerifier [0x00CEFA10+4640]
	BaseThreadInitThunk [0x75C9FCC9+25]
	RtlGetAppContainerNamedObjectPath [0x777082AE+286]
	RtlGetAppContainerNamedObjectPath [0x7770827E+238]

2025-04-29 09:37:56,950 - WARNING - Could not click on second tab: Message: no such element: Unable to locate element: {"method":"css selector","selector":".tab-links li:nth-child(2) a"}
  (Session info: chrome=135.0.7049.115); For documentation on this error, please visit: https://www.selenium.dev/documentation/webdriver/troubleshooting/errors#no-such-element-exception
Stacktrace:
	GetHandleVerifier [0x00CFD363+60275]
	GetHandleVerifier [0x00CFD3A4+60340]
	(No symbol) [0x00B306F3]
	(No symbol) [0x00B78690]
	(No symbol) [0x00B78A2B]
	(No symbol) [0x00BC0EE2]
	(No symbol) [0x00B9D0D4]
	(No symbol) [0x00BBE6EB]
	(No symbol) [0x00B9CE86]
	(No symbol) [0x00B6C623]
	(No symbol) [0x00B6D474]
	GetHandleVerifier [0x00F48FE3+2467827]
	GetHandleVerifier [0x00F445E6+2448886]
	GetHandleVerifier [0x00F5F80C+2560028]
	GetHandleVerifier [0x00D13DF5+153093]
	GetHandleVerifier [0x00D1A3BD+179149]
	GetHandleVerifier [0x00D04BB8+91080]
	GetHandleVerifier [0x00D04D60+91504]
	GetHandleVerifier [0x00CEFA10+4640]
	BaseThreadInitThunk [0x75C9FCC9+25]
	RtlGetAppContainerNamedObjectPath [0x777082AE+286]
	RtlGetAppContainerNamedObjectPath [0x7770827E+238]

2025-04-29 09:37:57,091 - INFO - Saved screenshot of sector tab
2025-04-29 09:37:57,109 - INFO - Found 6 tables on page
2025-04-29 09:37:57,110 - INFO - Checking table 1
2025-04-29 09:37:57,123 - INFO - Checking table 2
2025-04-29 09:37:57,134 - INFO - Found likely sector table (table #2)
2025-04-29 09:37:57,201 - WARNING - Could not find percent change for 
2025-04-29 09:37:57,246 - INFO - Found percent change: -0.18% in '-39.40 (-0.18%)'
2025-04-29 09:37:57,247 - INFO - Added sector: Auto, Change: -0.18%
2025-04-29 09:37:57,293 - INFO - Found percent change: -0.06% in '-21.35 (-0.06%)'
2025-04-29 09:37:57,294 - INFO - Added sector: Energy, Change: -0.06%
2025-04-29 09:37:57,340 - INFO - Found percent change: -0.39% in '-101.75 (-0.39%)'
2025-04-29 09:37:57,340 - INFO - Added sector: Financial Services, Change: -0.39%
2025-04-29 09:37:57,387 - INFO - Found percent change: -0.21% in '-117.75 (-0.21%)'
2025-04-29 09:37:57,387 - INFO - Added sector: FMCG, Change: -0.21%
2025-04-29 09:37:57,431 - INFO - Found percent change: 1.68% in '595.75 (1.68%)'
2025-04-29 09:37:57,431 - INFO - Added sector: IT, Change: 1.68%
2025-04-29 09:37:57,474 - INFO - Found percent change: -0.54% in '-8.40 (-0.54%)'
2025-04-29 09:37:57,474 - INFO - Added sector: Media, Change: -0.54%
2025-04-29 09:37:57,527 - INFO - Found percent change: -0.69% in '-60.25 (-0.69%)'
2025-04-29 09:37:57,527 - INFO - Added sector: Metal, Change: -0.69%
2025-04-29 09:37:57,577 - INFO - Found percent change: -0.84% in '-183.25 (-0.84%)'
2025-04-29 09:37:57,577 - INFO - Added sector: Pharma, Change: -0.84%
2025-04-29 09:37:57,619 - INFO - Found percent change: 0.46% in '30.50 (0.46%)'
2025-04-29 09:37:57,620 - INFO - Added sector: PSU Bank, Change: 0.46%
2025-04-29 09:37:57,691 - INFO - Found percent change: -0.28% in '-2.45 (-0.28%)'
2025-04-29 09:37:57,691 - INFO - Added sector: Realty, Change: -0.28%
2025-04-29 09:38:00,322 - INFO - Saved sector data to sector.csv
2025-04-29 09:39:00,963 - INFO - Running Nuvama sector data scraper job at 2025-04-29 09:39:00
2025-04-29 09:39:00,963 - INFO - Setting up Chrome driver...
2025-04-29 09:39:00,963 - INFO - ====== WebDriver manager ======
2025-04-29 09:39:02,220 - INFO - Get LATEST chromedriver version for google-chrome
2025-04-29 09:39:02,266 - INFO - Get LATEST chromedriver version for google-chrome
2025-04-29 09:39:02,313 - INFO - Driver [C:\Users\Rajee\.wdm\drivers\chromedriver\win64\135.0.7049.114\chromedriver-win32/chromedriver.exe] found in cache
2025-04-29 09:39:03,593 - INFO - Navigating to https://www.nuvamawealth.com/market/stock-market-index/#key-indices
2025-04-29 09:39:07,052 - INFO - Waiting for page to load...
2025-04-29 09:39:24,294 - INFO - Refreshed page to get latest data
2025-04-29 09:39:34,327 - WARNING - Could not click on SECTOR INDICES tab: Message: no such element: Unable to locate element: {"method":"xpath","selector":"//a[text()='SECTOR INDICES']"}
  (Session info: chrome=135.0.7049.115); For documentation on this error, please visit: https://www.selenium.dev/documentation/webdriver/troubleshooting/errors#no-such-element-exception
Stacktrace:
	GetHandleVerifier [0x00CFD363+60275]
	GetHandleVerifier [0x00CFD3A4+60340]
	(No symbol) [0x00B306F3]
	(No symbol) [0x00B78690]
	(No symbol) [0x00B78A2B]
	(No symbol) [0x00BC0EE2]
	(No symbol) [0x00B9D0D4]
	(No symbol) [0x00BBE6EB]
	(No symbol) [0x00B9CE86]
	(No symbol) [0x00B6C623]
	(No symbol) [0x00B6D474]
	GetHandleVerifier [0x00F48FE3+2467827]
	GetHandleVerifier [0x00F445E6+2448886]
	GetHandleVerifier [0x00F5F80C+2560028]
	GetHandleVerifier [0x00D13DF5+153093]
	GetHandleVerifier [0x00D1A3BD+179149]
	GetHandleVerifier [0x00D04BB8+91080]
	GetHandleVerifier [0x00D04D60+91504]
	GetHandleVerifier [0x00CEFA10+4640]
	BaseThreadInitThunk [0x75C9FCC9+25]
	RtlGetAppContainerNamedObjectPath [0x777082AE+286]
	RtlGetAppContainerNamedObjectPath [0x7770827E+238]

2025-04-29 09:39:34,347 - WARNING - Could not click on second tab: Message: no such element: Unable to locate element: {"method":"css selector","selector":".tab-links li:nth-child(2) a"}
  (Session info: chrome=135.0.7049.115); For documentation on this error, please visit: https://www.selenium.dev/documentation/webdriver/troubleshooting/errors#no-such-element-exception
Stacktrace:
	GetHandleVerifier [0x00CFD363+60275]
	GetHandleVerifier [0x00CFD3A4+60340]
	(No symbol) [0x00B306F3]
	(No symbol) [0x00B78690]
	(No symbol) [0x00B78A2B]
	(No symbol) [0x00BC0EE2]
	(No symbol) [0x00B9D0D4]
	(No symbol) [0x00BBE6EB]
	(No symbol) [0x00B9CE86]
	(No symbol) [0x00B6C623]
	(No symbol) [0x00B6D474]
	GetHandleVerifier [0x00F48FE3+2467827]
	GetHandleVerifier [0x00F445E6+2448886]
	GetHandleVerifier [0x00F5F80C+2560028]
	GetHandleVerifier [0x00D13DF5+153093]
	GetHandleVerifier [0x00D1A3BD+179149]
	GetHandleVerifier [0x00D04BB8+91080]
	GetHandleVerifier [0x00D04D60+91504]
	GetHandleVerifier [0x00CEFA10+4640]
	BaseThreadInitThunk [0x75C9FCC9+25]
	RtlGetAppContainerNamedObjectPath [0x777082AE+286]
	RtlGetAppContainerNamedObjectPath [0x7770827E+238]

2025-04-29 09:39:34,529 - INFO - Saved screenshot of sector tab
2025-04-29 09:39:34,546 - INFO - Found 6 tables on page
2025-04-29 09:39:34,547 - INFO - Checking table 1
2025-04-29 09:39:34,558 - INFO - Checking table 2
2025-04-29 09:39:34,568 - INFO - Found likely sector table (table #2)
2025-04-29 09:39:34,655 - WARNING - Could not find percent change for 
2025-04-29 09:39:34,720 - INFO - Found percent change: -0.18% in '-39.40 (-0.18%)'
2025-04-29 09:39:34,720 - INFO - Added sector: Auto, Change: -0.18%
2025-04-29 09:39:34,767 - INFO - Found percent change: -0.06% in '-21.35 (-0.06%)'
2025-04-29 09:39:34,768 - INFO - Added sector: Energy, Change: -0.06%
2025-04-29 09:39:34,856 - INFO - Found percent change: -0.39% in '-101.75 (-0.39%)'
2025-04-29 09:39:34,856 - INFO - Added sector: Financial Services, Change: -0.39%
2025-04-29 09:39:34,898 - INFO - Found percent change: -0.21% in '-117.75 (-0.21%)'
2025-04-29 09:39:34,899 - INFO - Added sector: FMCG, Change: -0.21%
2025-04-29 09:39:34,951 - INFO - Found percent change: 1.68% in '595.75 (1.68%)'
2025-04-29 09:39:34,951 - INFO - Added sector: IT, Change: 1.68%
2025-04-29 09:39:35,011 - INFO - Found percent change: -0.54% in '-8.40 (-0.54%)'
2025-04-29 09:39:35,011 - INFO - Added sector: Media, Change: -0.54%
2025-04-29 09:39:35,056 - INFO - Found percent change: -0.69% in '-60.25 (-0.69%)'
2025-04-29 09:39:35,057 - INFO - Added sector: Metal, Change: -0.69%
2025-04-29 09:39:35,101 - INFO - Found percent change: -0.84% in '-183.25 (-0.84%)'
2025-04-29 09:39:35,102 - INFO - Added sector: Pharma, Change: -0.84%
2025-04-29 09:39:35,148 - INFO - Found percent change: 0.46% in '30.50 (0.46%)'
2025-04-29 09:39:35,148 - INFO - Added sector: PSU Bank, Change: 0.46%
2025-04-29 09:39:35,199 - INFO - Found percent change: -0.28% in '-2.45 (-0.28%)'
2025-04-29 09:39:35,199 - INFO - Added sector: Realty, Change: -0.28%
2025-04-29 09:39:37,806 - INFO - Saved sector data to sector.csv
2025-04-29 09:40:38,448 - INFO - Running Nuvama sector data scraper job at 2025-04-29 09:40:38
2025-04-29 09:40:38,449 - INFO - Setting up Chrome driver...
2025-04-29 09:40:38,449 - INFO - ====== WebDriver manager ======
2025-04-29 09:40:39,742 - INFO - Get LATEST chromedriver version for google-chrome
2025-04-29 09:40:39,786 - INFO - Get LATEST chromedriver version for google-chrome
2025-04-29 09:40:39,832 - INFO - Driver [C:\Users\Rajee\.wdm\drivers\chromedriver\win64\135.0.7049.114\chromedriver-win32/chromedriver.exe] found in cache
2025-04-29 09:40:41,217 - INFO - Navigating to https://www.nuvamawealth.com/market/stock-market-index/#key-indices
2025-04-29 09:40:45,517 - INFO - Waiting for page to load...
2025-04-29 09:41:03,241 - INFO - Refreshed page to get latest data
2025-04-29 09:41:13,265 - WARNING - Could not click on SECTOR INDICES tab: Message: no such element: Unable to locate element: {"method":"xpath","selector":"//a[text()='SECTOR INDICES']"}
  (Session info: chrome=135.0.7049.115); For documentation on this error, please visit: https://www.selenium.dev/documentation/webdriver/troubleshooting/errors#no-such-element-exception
Stacktrace:
	GetHandleVerifier [0x00CFD363+60275]
	GetHandleVerifier [0x00CFD3A4+60340]
	(No symbol) [0x00B306F3]
	(No symbol) [0x00B78690]
	(No symbol) [0x00B78A2B]
	(No symbol) [0x00BC0EE2]
	(No symbol) [0x00B9D0D4]
	(No symbol) [0x00BBE6EB]
	(No symbol) [0x00B9CE86]
	(No symbol) [0x00B6C623]
	(No symbol) [0x00B6D474]
	GetHandleVerifier [0x00F48FE3+2467827]
	GetHandleVerifier [0x00F445E6+2448886]
	GetHandleVerifier [0x00F5F80C+2560028]
	GetHandleVerifier [0x00D13DF5+153093]
	GetHandleVerifier [0x00D1A3BD+179149]
	GetHandleVerifier [0x00D04BB8+91080]
	GetHandleVerifier [0x00D04D60+91504]
	GetHandleVerifier [0x00CEFA10+4640]
	BaseThreadInitThunk [0x75C9FCC9+25]
	RtlGetAppContainerNamedObjectPath [0x777082AE+286]
	RtlGetAppContainerNamedObjectPath [0x7770827E+238]

2025-04-29 09:41:13,281 - WARNING - Could not click on second tab: Message: no such element: Unable to locate element: {"method":"css selector","selector":".tab-links li:nth-child(2) a"}
  (Session info: chrome=135.0.7049.115); For documentation on this error, please visit: https://www.selenium.dev/documentation/webdriver/troubleshooting/errors#no-such-element-exception
Stacktrace:
	GetHandleVerifier [0x00CFD363+60275]
	GetHandleVerifier [0x00CFD3A4+60340]
	(No symbol) [0x00B306F3]
	(No symbol) [0x00B78690]
	(No symbol) [0x00B78A2B]
	(No symbol) [0x00BC0EE2]
	(No symbol) [0x00B9D0D4]
	(No symbol) [0x00BBE6EB]
	(No symbol) [0x00B9CE86]
	(No symbol) [0x00B6C623]
	(No symbol) [0x00B6D474]
	GetHandleVerifier [0x00F48FE3+2467827]
	GetHandleVerifier [0x00F445E6+2448886]
	GetHandleVerifier [0x00F5F80C+2560028]
	GetHandleVerifier [0x00D13DF5+153093]
	GetHandleVerifier [0x00D1A3BD+179149]
	GetHandleVerifier [0x00D04BB8+91080]
	GetHandleVerifier [0x00D04D60+91504]
	GetHandleVerifier [0x00CEFA10+4640]
	BaseThreadInitThunk [0x75C9FCC9+25]
	RtlGetAppContainerNamedObjectPath [0x777082AE+286]
	RtlGetAppContainerNamedObjectPath [0x7770827E+238]

2025-04-29 09:41:13,430 - INFO - Saved screenshot of sector tab
2025-04-29 09:41:13,445 - INFO - Found 6 tables on page
2025-04-29 09:41:13,445 - INFO - Checking table 1
2025-04-29 09:41:13,455 - INFO - Checking table 2
2025-04-29 09:41:13,465 - INFO - Found likely sector table (table #2)
2025-04-29 09:41:13,535 - WARNING - Could not find percent change for 
2025-04-29 09:41:13,584 - INFO - Found percent change: -0.18% in '-39.40 (-0.18%)'
2025-04-29 09:41:13,584 - INFO - Added sector: Auto, Change: -0.18%
2025-04-29 09:41:13,632 - INFO - Found percent change: -0.06% in '-21.35 (-0.06%)'
2025-04-29 09:41:13,632 - INFO - Added sector: Energy, Change: -0.06%
2025-04-29 09:41:13,679 - INFO - Found percent change: -0.39% in '-101.75 (-0.39%)'
2025-04-29 09:41:13,679 - INFO - Added sector: Financial Services, Change: -0.39%
2025-04-29 09:41:13,736 - INFO - Found percent change: -0.21% in '-117.75 (-0.21%)'
2025-04-29 09:41:13,737 - INFO - Added sector: FMCG, Change: -0.21%
2025-04-29 09:41:13,780 - INFO - Found percent change: 1.68% in '595.75 (1.68%)'
2025-04-29 09:41:13,780 - INFO - Added sector: IT, Change: 1.68%
2025-04-29 09:41:13,838 - INFO - Found percent change: -0.54% in '-8.40 (-0.54%)'
2025-04-29 09:41:13,838 - INFO - Added sector: Media, Change: -0.54%
2025-04-29 09:41:13,900 - INFO - Found percent change: -0.69% in '-60.25 (-0.69%)'
2025-04-29 09:41:13,900 - INFO - Added sector: Metal, Change: -0.69%
2025-04-29 09:41:13,955 - INFO - Found percent change: -0.84% in '-183.25 (-0.84%)'
2025-04-29 09:41:13,956 - INFO - Added sector: Pharma, Change: -0.84%
2025-04-29 09:41:14,024 - INFO - Found percent change: 0.46% in '30.50 (0.46%)'
2025-04-29 09:41:14,025 - INFO - Added sector: PSU Bank, Change: 0.46%
2025-04-29 09:41:14,089 - INFO - Found percent change: -0.28% in '-2.45 (-0.28%)'
2025-04-29 09:41:14,090 - INFO - Added sector: Realty, Change: -0.28%
2025-04-29 09:41:16,735 - INFO - Saved sector data to sector.csv
2025-04-29 09:42:17,383 - INFO - Running Nuvama sector data scraper job at 2025-04-29 09:42:17
2025-04-29 09:42:17,385 - INFO - Setting up Chrome driver...
2025-04-29 09:42:17,385 - INFO - ====== WebDriver manager ======
2025-04-29 09:42:19,225 - INFO - Get LATEST chromedriver version for google-chrome
2025-04-29 09:42:19,274 - INFO - Get LATEST chromedriver version for google-chrome
2025-04-29 09:42:19,320 - INFO - Driver [C:\Users\Rajee\.wdm\drivers\chromedriver\win64\135.0.7049.114\chromedriver-win32/chromedriver.exe] found in cache
2025-04-29 09:42:20,839 - INFO - Navigating to https://www.nuvamawealth.com/market/stock-market-index/#key-indices
2025-04-29 09:42:25,457 - INFO - Waiting for page to load...
2025-04-29 09:42:42,660 - INFO - Refreshed page to get latest data
2025-04-29 09:42:52,684 - WARNING - Could not click on SECTOR INDICES tab: Message: no such element: Unable to locate element: {"method":"xpath","selector":"//a[text()='SECTOR INDICES']"}
  (Session info: chrome=135.0.7049.115); For documentation on this error, please visit: https://www.selenium.dev/documentation/webdriver/troubleshooting/errors#no-such-element-exception
Stacktrace:
	GetHandleVerifier [0x00CFD363+60275]
	GetHandleVerifier [0x00CFD3A4+60340]
	(No symbol) [0x00B306F3]
	(No symbol) [0x00B78690]
	(No symbol) [0x00B78A2B]
	(No symbol) [0x00BC0EE2]
	(No symbol) [0x00B9D0D4]
	(No symbol) [0x00BBE6EB]
	(No symbol) [0x00B9CE86]
	(No symbol) [0x00B6C623]
	(No symbol) [0x00B6D474]
	GetHandleVerifier [0x00F48FE3+2467827]
	GetHandleVerifier [0x00F445E6+2448886]
	GetHandleVerifier [0x00F5F80C+2560028]
	GetHandleVerifier [0x00D13DF5+153093]
	GetHandleVerifier [0x00D1A3BD+179149]
	GetHandleVerifier [0x00D04BB8+91080]
	GetHandleVerifier [0x00D04D60+91504]
	GetHandleVerifier [0x00CEFA10+4640]
	BaseThreadInitThunk [0x75C9FCC9+25]
	RtlGetAppContainerNamedObjectPath [0x777082AE+286]
	RtlGetAppContainerNamedObjectPath [0x7770827E+238]

2025-04-29 09:42:52,703 - WARNING - Could not click on second tab: Message: no such element: Unable to locate element: {"method":"css selector","selector":".tab-links li:nth-child(2) a"}
  (Session info: chrome=135.0.7049.115); For documentation on this error, please visit: https://www.selenium.dev/documentation/webdriver/troubleshooting/errors#no-such-element-exception
Stacktrace:
	GetHandleVerifier [0x00CFD363+60275]
	GetHandleVerifier [0x00CFD3A4+60340]
	(No symbol) [0x00B306F3]
	(No symbol) [0x00B78690]
	(No symbol) [0x00B78A2B]
	(No symbol) [0x00BC0EE2]
	(No symbol) [0x00B9D0D4]
	(No symbol) [0x00BBE6EB]
	(No symbol) [0x00B9CE86]
	(No symbol) [0x00B6C623]
	(No symbol) [0x00B6D474]
	GetHandleVerifier [0x00F48FE3+2467827]
	GetHandleVerifier [0x00F445E6+2448886]
	GetHandleVerifier [0x00F5F80C+2560028]
	GetHandleVerifier [0x00D13DF5+153093]
	GetHandleVerifier [0x00D1A3BD+179149]
	GetHandleVerifier [0x00D04BB8+91080]
	GetHandleVerifier [0x00D04D60+91504]
	GetHandleVerifier [0x00CEFA10+4640]
	BaseThreadInitThunk [0x75C9FCC9+25]
	RtlGetAppContainerNamedObjectPath [0x777082AE+286]
	RtlGetAppContainerNamedObjectPath [0x7770827E+238]

2025-04-29 09:42:52,852 - INFO - Saved screenshot of sector tab
2025-04-29 09:42:52,865 - INFO - Found 6 tables on page
2025-04-29 09:42:52,866 - INFO - Checking table 1
2025-04-29 09:42:52,876 - INFO - Checking table 2
2025-04-29 09:42:52,884 - INFO - Found likely sector table (table #2)
2025-04-29 09:42:52,956 - WARNING - Could not find percent change for 
2025-04-29 09:42:53,003 - INFO - Found percent change: -0.18% in '-39.40 (-0.18%)'
2025-04-29 09:42:53,003 - INFO - Added sector: Auto, Change: -0.18%
2025-04-29 09:42:53,049 - INFO - Found percent change: -0.06% in '-21.35 (-0.06%)'
2025-04-29 09:42:53,050 - INFO - Added sector: Energy, Change: -0.06%
2025-04-29 09:42:53,102 - INFO - Found percent change: -0.39% in '-101.75 (-0.39%)'
2025-04-29 09:42:53,102 - INFO - Added sector: Financial Services, Change: -0.39%
2025-04-29 09:42:53,151 - INFO - Found percent change: -0.21% in '-117.75 (-0.21%)'
2025-04-29 09:42:53,151 - INFO - Added sector: FMCG, Change: -0.21%
2025-04-29 09:42:53,205 - INFO - Found percent change: 1.68% in '595.75 (1.68%)'
2025-04-29 09:42:53,205 - INFO - Added sector: IT, Change: 1.68%
2025-04-29 09:42:53,285 - INFO - Found percent change: -0.54% in '-8.40 (-0.54%)'
2025-04-29 09:42:53,285 - INFO - Added sector: Media, Change: -0.54%
2025-04-29 09:42:53,334 - INFO - Found percent change: -0.69% in '-60.25 (-0.69%)'
2025-04-29 09:42:53,335 - INFO - Added sector: Metal, Change: -0.69%
2025-04-29 09:42:53,380 - INFO - Found percent change: -0.84% in '-183.25 (-0.84%)'
2025-04-29 09:42:53,381 - INFO - Added sector: Pharma, Change: -0.84%
2025-04-29 09:42:53,431 - INFO - Found percent change: 0.46% in '30.50 (0.46%)'
2025-04-29 09:42:53,431 - INFO - Added sector: PSU Bank, Change: 0.46%
2025-04-29 09:42:53,477 - INFO - Found percent change: -0.28% in '-2.45 (-0.28%)'
2025-04-29 09:42:53,477 - INFO - Added sector: Realty, Change: -0.28%
2025-04-29 09:42:56,115 - INFO - Saved sector data to sector.csv
2025-04-29 09:43:56,787 - INFO - Running Nuvama sector data scraper job at 2025-04-29 09:43:56
2025-04-29 09:43:56,788 - INFO - Setting up Chrome driver...
2025-04-29 09:43:56,789 - INFO - ====== WebDriver manager ======
2025-04-29 09:43:58,032 - INFO - Get LATEST chromedriver version for google-chrome
2025-04-29 09:43:58,074 - INFO - Get LATEST chromedriver version for google-chrome
2025-04-29 09:43:58,114 - INFO - Driver [C:\Users\Rajee\.wdm\drivers\chromedriver\win64\135.0.7049.114\chromedriver-win32/chromedriver.exe] found in cache
2025-04-29 09:43:59,621 - INFO - Navigating to https://www.nuvamawealth.com/market/stock-market-index/#key-indices
2025-04-29 09:44:04,111 - INFO - Waiting for page to load...
2025-04-29 09:44:21,356 - INFO - Refreshed page to get latest data
2025-04-29 09:44:31,377 - WARNING - Could not click on SECTOR INDICES tab: Message: no such element: Unable to locate element: {"method":"xpath","selector":"//a[text()='SECTOR INDICES']"}
  (Session info: chrome=135.0.7049.115); For documentation on this error, please visit: https://www.selenium.dev/documentation/webdriver/troubleshooting/errors#no-such-element-exception
Stacktrace:
	GetHandleVerifier [0x00CFD363+60275]
	GetHandleVerifier [0x00CFD3A4+60340]
	(No symbol) [0x00B306F3]
	(No symbol) [0x00B78690]
	(No symbol) [0x00B78A2B]
	(No symbol) [0x00BC0EE2]
	(No symbol) [0x00B9D0D4]
	(No symbol) [0x00BBE6EB]
	(No symbol) [0x00B9CE86]
	(No symbol) [0x00B6C623]
	(No symbol) [0x00B6D474]
	GetHandleVerifier [0x00F48FE3+2467827]
	GetHandleVerifier [0x00F445E6+2448886]
	GetHandleVerifier [0x00F5F80C+2560028]
	GetHandleVerifier [0x00D13DF5+153093]
	GetHandleVerifier [0x00D1A3BD+179149]
	GetHandleVerifier [0x00D04BB8+91080]
	GetHandleVerifier [0x00D04D60+91504]
	GetHandleVerifier [0x00CEFA10+4640]
	BaseThreadInitThunk [0x75C9FCC9+25]
	RtlGetAppContainerNamedObjectPath [0x777082AE+286]
	RtlGetAppContainerNamedObjectPath [0x7770827E+238]

2025-04-29 09:44:31,458 - WARNING - Could not click on second tab: Message: no such element: Unable to locate element: {"method":"css selector","selector":".tab-links li:nth-child(2) a"}
  (Session info: chrome=135.0.7049.115); For documentation on this error, please visit: https://www.selenium.dev/documentation/webdriver/troubleshooting/errors#no-such-element-exception
Stacktrace:
	GetHandleVerifier [0x00CFD363+60275]
	GetHandleVerifier [0x00CFD3A4+60340]
	(No symbol) [0x00B306F3]
	(No symbol) [0x00B78690]
	(No symbol) [0x00B78A2B]
	(No symbol) [0x00BC0EE2]
	(No symbol) [0x00B9D0D4]
	(No symbol) [0x00BBE6EB]
	(No symbol) [0x00B9CE86]
	(No symbol) [0x00B6C623]
	(No symbol) [0x00B6D474]
	GetHandleVerifier [0x00F48FE3+2467827]
	GetHandleVerifier [0x00F445E6+2448886]
	GetHandleVerifier [0x00F5F80C+2560028]
	GetHandleVerifier [0x00D13DF5+153093]
	GetHandleVerifier [0x00D1A3BD+179149]
	GetHandleVerifier [0x00D04BB8+91080]
	GetHandleVerifier [0x00D04D60+91504]
	GetHandleVerifier [0x00CEFA10+4640]
	BaseThreadInitThunk [0x75C9FCC9+25]
	RtlGetAppContainerNamedObjectPath [0x777082AE+286]
	RtlGetAppContainerNamedObjectPath [0x7770827E+238]

2025-04-29 09:44:31,604 - INFO - Saved screenshot of sector tab
2025-04-29 09:44:31,617 - INFO - Found 6 tables on page
2025-04-29 09:44:31,618 - INFO - Checking table 1
2025-04-29 09:44:31,627 - INFO - Checking table 2
2025-04-29 09:44:31,637 - INFO - Found likely sector table (table #2)
2025-04-29 09:44:31,705 - WARNING - Could not find percent change for 
2025-04-29 09:44:31,761 - INFO - Found percent change: -0.18% in '-39.40 (-0.18%)'
2025-04-29 09:44:31,762 - INFO - Added sector: Auto, Change: -0.18%
2025-04-29 09:44:31,835 - INFO - Found percent change: -0.06% in '-21.35 (-0.06%)'
2025-04-29 09:44:31,836 - INFO - Added sector: Energy, Change: -0.06%
2025-04-29 09:44:31,909 - INFO - Found percent change: -0.39% in '-101.75 (-0.39%)'
2025-04-29 09:44:31,909 - INFO - Added sector: Financial Services, Change: -0.39%
2025-04-29 09:44:31,958 - INFO - Found percent change: -0.21% in '-117.75 (-0.21%)'
2025-04-29 09:44:31,958 - INFO - Added sector: FMCG, Change: -0.21%
2025-04-29 09:44:32,010 - INFO - Found percent change: 1.68% in '595.75 (1.68%)'
2025-04-29 09:44:32,010 - INFO - Added sector: IT, Change: 1.68%
2025-04-29 09:44:32,054 - INFO - Found percent change: -0.54% in '-8.40 (-0.54%)'
2025-04-29 09:44:32,056 - INFO - Added sector: Media, Change: -0.54%
2025-04-29 09:44:32,104 - INFO - Found percent change: -0.69% in '-60.25 (-0.69%)'
2025-04-29 09:44:32,104 - INFO - Added sector: Metal, Change: -0.69%
2025-04-29 09:44:32,153 - INFO - Found percent change: -0.84% in '-183.25 (-0.84%)'
2025-04-29 09:44:32,153 - INFO - Added sector: Pharma, Change: -0.84%
2025-04-29 09:44:32,202 - INFO - Found percent change: 0.46% in '30.50 (0.46%)'
2025-04-29 09:44:32,202 - INFO - Added sector: PSU Bank, Change: 0.46%
2025-04-29 09:44:32,253 - INFO - Found percent change: -0.28% in '-2.45 (-0.28%)'
2025-04-29 09:44:32,253 - INFO - Added sector: Realty, Change: -0.28%
2025-04-29 09:44:34,936 - INFO - Saved sector data to sector.csv
2025-04-29 09:45:35,599 - INFO - Running Nuvama sector data scraper job at 2025-04-29 09:45:35
2025-04-29 09:45:35,599 - INFO - Setting up Chrome driver...
2025-04-29 09:45:35,600 - INFO - ====== WebDriver manager ======
2025-04-29 09:45:36,875 - INFO - Get LATEST chromedriver version for google-chrome
2025-04-29 09:45:36,932 - INFO - Get LATEST chromedriver version for google-chrome
2025-04-29 09:45:36,984 - INFO - Driver [C:\Users\Rajee\.wdm\drivers\chromedriver\win64\135.0.7049.114\chromedriver-win32/chromedriver.exe] found in cache
2025-04-29 09:45:38,515 - INFO - Navigating to https://www.nuvamawealth.com/market/stock-market-index/#key-indices
2025-04-29 09:45:42,619 - INFO - Waiting for page to load...
2025-04-29 09:45:59,801 - INFO - Refreshed page to get latest data
2025-04-29 09:46:09,840 - WARNING - Could not click on SECTOR INDICES tab: Message: no such element: Unable to locate element: {"method":"xpath","selector":"//a[text()='SECTOR INDICES']"}
  (Session info: chrome=135.0.7049.115); For documentation on this error, please visit: https://www.selenium.dev/documentation/webdriver/troubleshooting/errors#no-such-element-exception
Stacktrace:
	GetHandleVerifier [0x00CFD363+60275]
	GetHandleVerifier [0x00CFD3A4+60340]
	(No symbol) [0x00B306F3]
	(No symbol) [0x00B78690]
	(No symbol) [0x00B78A2B]
	(No symbol) [0x00BC0EE2]
	(No symbol) [0x00B9D0D4]
	(No symbol) [0x00BBE6EB]
	(No symbol) [0x00B9CE86]
	(No symbol) [0x00B6C623]
	(No symbol) [0x00B6D474]
	GetHandleVerifier [0x00F48FE3+2467827]
	GetHandleVerifier [0x00F445E6+2448886]
	GetHandleVerifier [0x00F5F80C+2560028]
	GetHandleVerifier [0x00D13DF5+153093]
	GetHandleVerifier [0x00D1A3BD+179149]
	GetHandleVerifier [0x00D04BB8+91080]
	GetHandleVerifier [0x00D04D60+91504]
	GetHandleVerifier [0x00CEFA10+4640]
	BaseThreadInitThunk [0x75C9FCC9+25]
	RtlGetAppContainerNamedObjectPath [0x777082AE+286]
	RtlGetAppContainerNamedObjectPath [0x7770827E+238]

2025-04-29 09:46:09,865 - WARNING - Could not click on second tab: Message: no such element: Unable to locate element: {"method":"css selector","selector":".tab-links li:nth-child(2) a"}
  (Session info: chrome=135.0.7049.115); For documentation on this error, please visit: https://www.selenium.dev/documentation/webdriver/troubleshooting/errors#no-such-element-exception
Stacktrace:
	GetHandleVerifier [0x00CFD363+60275]
	GetHandleVerifier [0x00CFD3A4+60340]
	(No symbol) [0x00B306F3]
	(No symbol) [0x00B78690]
	(No symbol) [0x00B78A2B]
	(No symbol) [0x00BC0EE2]
	(No symbol) [0x00B9D0D4]
	(No symbol) [0x00BBE6EB]
	(No symbol) [0x00B9CE86]
	(No symbol) [0x00B6C623]
	(No symbol) [0x00B6D474]
	GetHandleVerifier [0x00F48FE3+2467827]
	GetHandleVerifier [0x00F445E6+2448886]
	GetHandleVerifier [0x00F5F80C+2560028]
	GetHandleVerifier [0x00D13DF5+153093]
	GetHandleVerifier [0x00D1A3BD+179149]
	GetHandleVerifier [0x00D04BB8+91080]
	GetHandleVerifier [0x00D04D60+91504]
	GetHandleVerifier [0x00CEFA10+4640]
	BaseThreadInitThunk [0x75C9FCC9+25]
	RtlGetAppContainerNamedObjectPath [0x777082AE+286]
	RtlGetAppContainerNamedObjectPath [0x7770827E+238]

2025-04-29 09:46:10,053 - INFO - Saved screenshot of sector tab
2025-04-29 09:46:10,067 - INFO - Found 6 tables on page
2025-04-29 09:46:10,068 - INFO - Checking table 1
2025-04-29 09:46:10,078 - INFO - Checking table 2
2025-04-29 09:46:10,086 - INFO - Found likely sector table (table #2)
2025-04-29 09:46:10,153 - WARNING - Could not find percent change for 
2025-04-29 09:46:10,213 - INFO - Found percent change: -0.18% in '-39.40 (-0.18%)'
2025-04-29 09:46:10,213 - INFO - Added sector: Auto, Change: -0.18%
2025-04-29 09:46:10,263 - INFO - Found percent change: -0.06% in '-21.35 (-0.06%)'
2025-04-29 09:46:10,263 - INFO - Added sector: Energy, Change: -0.06%
2025-04-29 09:46:10,311 - INFO - Found percent change: -0.39% in '-101.75 (-0.39%)'
2025-04-29 09:46:10,312 - INFO - Added sector: Financial Services, Change: -0.39%
2025-04-29 09:46:10,358 - INFO - Found percent change: -0.21% in '-117.75 (-0.21%)'
2025-04-29 09:46:10,358 - INFO - Added sector: FMCG, Change: -0.21%
2025-04-29 09:46:10,402 - INFO - Found percent change: 1.68% in '595.75 (1.68%)'
2025-04-29 09:46:10,403 - INFO - Added sector: IT, Change: 1.68%
2025-04-29 09:46:10,449 - INFO - Found percent change: -0.54% in '-8.40 (-0.54%)'
2025-04-29 09:46:10,449 - INFO - Added sector: Media, Change: -0.54%
2025-04-29 09:46:10,500 - INFO - Found percent change: -0.69% in '-60.25 (-0.69%)'
2025-04-29 09:46:10,500 - INFO - Added sector: Metal, Change: -0.69%
2025-04-29 09:46:10,547 - INFO - Found percent change: -0.84% in '-183.25 (-0.84%)'
2025-04-29 09:46:10,548 - INFO - Added sector: Pharma, Change: -0.84%
2025-04-29 09:46:10,596 - INFO - Found percent change: 0.46% in '30.50 (0.46%)'
2025-04-29 09:46:10,596 - INFO - Added sector: PSU Bank, Change: 0.46%
2025-04-29 09:46:10,643 - INFO - Found percent change: -0.28% in '-2.45 (-0.28%)'
2025-04-29 09:46:10,643 - INFO - Added sector: Realty, Change: -0.28%
2025-04-29 09:46:13,250 - INFO - Saved sector data to sector.csv
2025-04-29 09:47:13,943 - INFO - Running Nuvama sector data scraper job at 2025-04-29 09:47:13
2025-04-29 09:47:13,944 - INFO - Setting up Chrome driver...
2025-04-29 09:47:13,945 - INFO - ====== WebDriver manager ======
2025-04-29 09:47:15,328 - INFO - Get LATEST chromedriver version for google-chrome
2025-04-29 09:47:15,369 - INFO - Get LATEST chromedriver version for google-chrome
2025-04-29 09:47:15,412 - INFO - Driver [C:\Users\Rajee\.wdm\drivers\chromedriver\win64\135.0.7049.114\chromedriver-win32/chromedriver.exe] found in cache
2025-04-29 09:47:16,716 - INFO - Navigating to https://www.nuvamawealth.com/market/stock-market-index/#key-indices
2025-04-29 09:47:20,953 - INFO - Waiting for page to load...
2025-04-29 10:11:24,481 - ERROR - Error during scraping: Message: invalid session id: session deleted as the browser has closed the connection
from disconnected: not connected to DevTools
  (Session info: chrome=135.0.7049.115)
Stacktrace:
	GetHandleVerifier [0x00CFD363+60275]
	GetHandleVerifier [0x00CFD3A4+60340]
	(No symbol) [0x00B306F3]
	(No symbol) [0x00B1FF20]
	(No symbol) [0x00B3DDA2]
	(No symbol) [0x00BA3D2F]
	(No symbol) [0x00BBDFE9]
	(No symbol) [0x00B9CE86]
	(No symbol) [0x00B6C623]
	(No symbol) [0x00B6D474]
	GetHandleVerifier [0x00F48FE3+2467827]
	GetHandleVerifier [0x00F445E6+2448886]
	GetHandleVerifier [0x00F5F80C+2560028]
	GetHandleVerifier [0x00D13DF5+153093]
	GetHandleVerifier [0x00D1A3BD+179149]
	GetHandleVerifier [0x00D04BB8+91080]
	GetHandleVerifier [0x00D04D60+91504]
	GetHandleVerifier [0x00CEFA10+4640]
	BaseThreadInitThunk [0x75C9FCC9+25]
	RtlGetAppContainerNamedObjectPath [0x777082AE+286]
	RtlGetAppContainerNamedObjectPath [0x7770827E+238]

2025-04-29 10:11:27,604 - ERROR - Failed to scrape sector data
2025-04-29 10:12:28,055 - INFO - Running Nuvama sector data scraper job at 2025-04-29 10:12:28
2025-04-29 10:12:28,055 - INFO - Setting up Chrome driver...
2025-04-29 10:12:28,056 - INFO - ====== WebDriver manager ======
2025-04-29 10:12:30,229 - INFO - Get LATEST chromedriver version for google-chrome
2025-04-29 10:12:30,284 - INFO - Get LATEST chromedriver version for google-chrome
2025-04-29 10:12:30,325 - INFO - Driver [C:\Users\Rajee\.wdm\drivers\chromedriver\win64\135.0.7049.114\chromedriver-win32/chromedriver.exe] found in cache
2025-04-29 10:12:31,161 - INFO - Scraper stopped by user
2025-04-29 10:17:38,743 - INFO - Starting Nuvama sector data scraper with 30-minute refresh
2025-04-29 10:17:38,743 - INFO - Running Nuvama sector data scraper job at 2025-04-29 10:17:38
2025-04-29 10:17:38,744 - INFO - Setting up Chrome driver...
2025-04-29 10:17:38,745 - INFO - ====== WebDriver manager ======
2025-04-29 10:17:40,180 - INFO - Get LATEST chromedriver version for google-chrome
2025-04-29 10:17:40,248 - INFO - Get LATEST chromedriver version for google-chrome
2025-04-29 10:17:40,293 - INFO - Driver [C:\Users\Rajee\.wdm\drivers\chromedriver\win64\135.0.7049.114\chromedriver-win32/chromedriver.exe] found in cache
2025-04-29 10:17:43,687 - INFO - Navigating to https://www.nuvamawealth.com/market/stock-market-index/#key-indices
2025-04-29 10:17:48,033 - INFO - Waiting for page to load...
2025-04-29 10:18:06,151 - INFO - Refreshed page to get latest data
2025-04-29 10:18:16,192 - WARNING - Could not click on SECTOR INDICES tab: Message: no such element: Unable to locate element: {"method":"xpath","selector":"//a[text()='SECTOR INDICES']"}
  (Session info: chrome=135.0.7049.115); For documentation on this error, please visit: https://www.selenium.dev/documentation/webdriver/troubleshooting/errors#no-such-element-exception
Stacktrace:
	GetHandleVerifier [0x005AD363+60275]
	GetHandleVerifier [0x005AD3A4+60340]
	(No symbol) [0x003E06F3]
	(No symbol) [0x00428690]
	(No symbol) [0x00428A2B]
	(No symbol) [0x00470EE2]
	(No symbol) [0x0044D0D4]
	(No symbol) [0x0046E6EB]
	(No symbol) [0x0044CE86]
	(No symbol) [0x0041C623]
	(No symbol) [0x0041D474]
	GetHandleVerifier [0x007F8FE3+2467827]
	GetHandleVerifier [0x007F45E6+2448886]
	GetHandleVerifier [0x0080F80C+2560028]
	GetHandleVerifier [0x005C3DF5+153093]
	GetHandleVerifier [0x005CA3BD+179149]
	GetHandleVerifier [0x005B4BB8+91080]
	GetHandleVerifier [0x005B4D60+91504]
	GetHandleVerifier [0x0059FA10+4640]
	BaseThreadInitThunk [0x75C9FCC9+25]
	RtlGetAppContainerNamedObjectPath [0x777082AE+286]
	RtlGetAppContainerNamedObjectPath [0x7770827E+238]

2025-04-29 10:18:16,210 - WARNING - Could not click on second tab: Message: no such element: Unable to locate element: {"method":"css selector","selector":".tab-links li:nth-child(2) a"}
  (Session info: chrome=135.0.7049.115); For documentation on this error, please visit: https://www.selenium.dev/documentation/webdriver/troubleshooting/errors#no-such-element-exception
Stacktrace:
	GetHandleVerifier [0x005AD363+60275]
	GetHandleVerifier [0x005AD3A4+60340]
	(No symbol) [0x003E06F3]
	(No symbol) [0x00428690]
	(No symbol) [0x00428A2B]
	(No symbol) [0x00470EE2]
	(No symbol) [0x0044D0D4]
	(No symbol) [0x0046E6EB]
	(No symbol) [0x0044CE86]
	(No symbol) [0x0041C623]
	(No symbol) [0x0041D474]
	GetHandleVerifier [0x007F8FE3+2467827]
	GetHandleVerifier [0x007F45E6+2448886]
	GetHandleVerifier [0x0080F80C+2560028]
	GetHandleVerifier [0x005C3DF5+153093]
	GetHandleVerifier [0x005CA3BD+179149]
	GetHandleVerifier [0x005B4BB8+91080]
	GetHandleVerifier [0x005B4D60+91504]
	GetHandleVerifier [0x0059FA10+4640]
	BaseThreadInitThunk [0x75C9FCC9+25]
	RtlGetAppContainerNamedObjectPath [0x777082AE+286]
	RtlGetAppContainerNamedObjectPath [0x7770827E+238]

2025-04-29 10:18:16,781 - INFO - Saved screenshot of sector tab
2025-04-29 10:18:16,813 - INFO - Found 6 tables on page
2025-04-29 10:18:16,814 - INFO - Checking table 1
2025-04-29 10:18:17,034 - INFO - Checking table 2
2025-04-29 10:18:17,043 - INFO - Found likely sector table (table #2)
2025-04-29 10:18:17,137 - WARNING - Could not find percent change for 
2025-04-29 10:18:17,186 - INFO - Found percent change: -0.15% in '-33.15 (-0.15%)'
2025-04-29 10:18:17,187 - INFO - Added sector: Auto, Change: -0.15%
2025-04-29 10:18:17,244 - INFO - Found percent change: -0.18% in '-62.40 (-0.18%)'
2025-04-29 10:18:17,244 - INFO - Added sector: Energy, Change: -0.18%
2025-04-29 10:18:17,291 - INFO - Found percent change: -0.35% in '-91.95 (-0.35%)'
2025-04-29 10:18:17,291 - INFO - Added sector: Financial Services, Change: -0.35%
2025-04-29 10:18:17,367 - INFO - Found percent change: -0.12% in '-66.95 (-0.12%)'
2025-04-29 10:18:17,368 - INFO - Added sector: FMCG, Change: -0.12%
2025-04-29 10:18:17,422 - INFO - Found percent change: 1.77% in '626.30 (1.77%)'
2025-04-29 10:18:17,423 - INFO - Added sector: IT, Change: 1.77%
2025-04-29 10:18:17,914 - INFO - Found percent change: -0.56% in '-8.75 (-0.56%)'
2025-04-29 10:18:17,914 - INFO - Added sector: Media, Change: -0.56%
2025-04-29 10:18:18,000 - INFO - Found percent change: -0.76% in '-65.75 (-0.76%)'
2025-04-29 10:18:18,002 - INFO - Added sector: Metal, Change: -0.76%
2025-04-29 10:18:18,093 - INFO - Found percent change: -0.83% in '-182.85 (-0.83%)'
2025-04-29 10:18:18,094 - INFO - Added sector: Pharma, Change: -0.83%
2025-04-29 10:18:18,243 - INFO - Found percent change: 0.36% in '24.30 (0.36%)'
2025-04-29 10:18:18,260 - INFO - Added sector: PSU Bank, Change: 0.36%
2025-04-29 10:18:18,404 - INFO - Found percent change: -0.33% in '-2.90 (-0.33%)'
2025-04-29 10:18:18,405 - INFO - Added sector: Realty, Change: -0.33%
2025-04-29 10:18:20,989 - INFO - Saved sector data to sector.csv
2025-04-29 10:19:21,621 - INFO - Running Nuvama sector data scraper job at 2025-04-29 10:19:21
2025-04-29 10:19:21,623 - INFO - Setting up Chrome driver...
2025-04-29 10:19:21,623 - INFO - ====== WebDriver manager ======
2025-04-29 10:19:23,829 - INFO - Get LATEST chromedriver version for google-chrome
2025-04-29 10:19:23,886 - INFO - Get LATEST chromedriver version for google-chrome
2025-04-29 10:19:23,930 - INFO - Driver [C:\Users\Rajee\.wdm\drivers\chromedriver\win64\135.0.7049.114\chromedriver-win32/chromedriver.exe] found in cache
2025-04-29 10:19:25,711 - INFO - Navigating to https://www.nuvamawealth.com/market/stock-market-index/#key-indices
2025-04-29 10:19:32,063 - INFO - Waiting for page to load...
2025-04-29 10:19:49,629 - INFO - Refreshed page to get latest data
2025-04-29 10:19:59,650 - WARNING - Could not click on SECTOR INDICES tab: Message: no such element: Unable to locate element: {"method":"xpath","selector":"//a[text()='SECTOR INDICES']"}
  (Session info: chrome=135.0.7049.115); For documentation on this error, please visit: https://www.selenium.dev/documentation/webdriver/troubleshooting/errors#no-such-element-exception
Stacktrace:
	GetHandleVerifier [0x005AD363+60275]
	GetHandleVerifier [0x005AD3A4+60340]
	(No symbol) [0x003E06F3]
	(No symbol) [0x00428690]
	(No symbol) [0x00428A2B]
	(No symbol) [0x00470EE2]
	(No symbol) [0x0044D0D4]
	(No symbol) [0x0046E6EB]
	(No symbol) [0x0044CE86]
	(No symbol) [0x0041C623]
	(No symbol) [0x0041D474]
	GetHandleVerifier [0x007F8FE3+2467827]
	GetHandleVerifier [0x007F45E6+2448886]
	GetHandleVerifier [0x0080F80C+2560028]
	GetHandleVerifier [0x005C3DF5+153093]
	GetHandleVerifier [0x005CA3BD+179149]
	GetHandleVerifier [0x005B4BB8+91080]
	GetHandleVerifier [0x005B4D60+91504]
	GetHandleVerifier [0x0059FA10+4640]
	BaseThreadInitThunk [0x75C9FCC9+25]
	RtlGetAppContainerNamedObjectPath [0x777082AE+286]
	RtlGetAppContainerNamedObjectPath [0x7770827E+238]

2025-04-29 10:19:59,670 - WARNING - Could not click on second tab: Message: no such element: Unable to locate element: {"method":"css selector","selector":".tab-links li:nth-child(2) a"}
  (Session info: chrome=135.0.7049.115); For documentation on this error, please visit: https://www.selenium.dev/documentation/webdriver/troubleshooting/errors#no-such-element-exception
Stacktrace:
	GetHandleVerifier [0x005AD363+60275]
	GetHandleVerifier [0x005AD3A4+60340]
	(No symbol) [0x003E06F3]
	(No symbol) [0x00428690]
	(No symbol) [0x00428A2B]
	(No symbol) [0x00470EE2]
	(No symbol) [0x0044D0D4]
	(No symbol) [0x0046E6EB]
	(No symbol) [0x0044CE86]
	(No symbol) [0x0041C623]
	(No symbol) [0x0041D474]
	GetHandleVerifier [0x007F8FE3+2467827]
	GetHandleVerifier [0x007F45E6+2448886]
	GetHandleVerifier [0x0080F80C+2560028]
	GetHandleVerifier [0x005C3DF5+153093]
	GetHandleVerifier [0x005CA3BD+179149]
	GetHandleVerifier [0x005B4BB8+91080]
	GetHandleVerifier [0x005B4D60+91504]
	GetHandleVerifier [0x0059FA10+4640]
	BaseThreadInitThunk [0x75C9FCC9+25]
	RtlGetAppContainerNamedObjectPath [0x777082AE+286]
	RtlGetAppContainerNamedObjectPath [0x7770827E+238]

2025-04-29 10:20:00,341 - INFO - Saved screenshot of sector tab
2025-04-29 10:20:00,360 - INFO - Found 6 tables on page
2025-04-29 10:20:00,361 - INFO - Checking table 1
2025-04-29 10:20:00,383 - INFO - Checking table 2
2025-04-29 10:20:00,398 - INFO - Found likely sector table (table #2)
2025-04-29 10:20:00,503 - WARNING - Could not find percent change for 
2025-04-29 10:20:00,592 - INFO - Found percent change: -0.15% in '-33.15 (-0.15%)'
2025-04-29 10:20:00,592 - INFO - Added sector: Auto, Change: -0.15%
2025-04-29 10:20:00,666 - INFO - Found percent change: -0.18% in '-62.40 (-0.18%)'
2025-04-29 10:20:00,668 - INFO - Added sector: Energy, Change: -0.18%
2025-04-29 10:20:00,744 - INFO - Found percent change: -0.35% in '-91.95 (-0.35%)'
2025-04-29 10:20:00,744 - INFO - Added sector: Financial Services, Change: -0.35%
2025-04-29 10:20:00,809 - INFO - Found percent change: -0.12% in '-66.95 (-0.12%)'
2025-04-29 10:20:00,810 - INFO - Added sector: FMCG, Change: -0.12%
2025-04-29 10:20:00,874 - INFO - Found percent change: 1.77% in '626.30 (1.77%)'
2025-04-29 10:20:00,875 - INFO - Added sector: IT, Change: 1.77%
2025-04-29 10:20:00,941 - INFO - Found percent change: -0.56% in '-8.75 (-0.56%)'
2025-04-29 10:20:00,941 - INFO - Added sector: Media, Change: -0.56%
2025-04-29 10:20:01,016 - INFO - Found percent change: -0.76% in '-65.75 (-0.76%)'
2025-04-29 10:20:01,016 - INFO - Added sector: Metal, Change: -0.76%
2025-04-29 10:20:01,091 - INFO - Found percent change: -0.83% in '-182.85 (-0.83%)'
2025-04-29 10:20:01,091 - INFO - Added sector: Pharma, Change: -0.83%
2025-04-29 10:20:01,153 - INFO - Found percent change: 0.36% in '24.30 (0.36%)'
2025-04-29 10:20:01,154 - INFO - Added sector: PSU Bank, Change: 0.36%
2025-04-29 10:20:01,215 - INFO - Found percent change: -0.33% in '-2.90 (-0.33%)'
2025-04-29 10:20:01,217 - INFO - Added sector: Realty, Change: -0.33%
2025-04-29 10:20:05,451 - INFO - Saved sector data to sector.csv
2025-04-29 10:21:06,064 - INFO - Running Nuvama sector data scraper job at 2025-04-29 10:21:06
2025-04-29 10:21:06,065 - INFO - Setting up Chrome driver...
2025-04-29 10:21:06,066 - INFO - ====== WebDriver manager ======
2025-04-29 10:21:07,480 - INFO - Get LATEST chromedriver version for google-chrome
2025-04-29 10:21:07,527 - INFO - Get LATEST chromedriver version for google-chrome
2025-04-29 10:21:07,570 - INFO - Driver [C:\Users\Rajee\.wdm\drivers\chromedriver\win64\135.0.7049.114\chromedriver-win32/chromedriver.exe] found in cache
2025-04-29 10:21:09,144 - INFO - Navigating to https://www.nuvamawealth.com/market/stock-market-index/#key-indices
2025-04-29 10:21:20,160 - INFO - Waiting for page to load...
2025-04-29 10:21:38,980 - INFO - Refreshed page to get latest data
2025-04-29 10:21:49,011 - WARNING - Could not click on SECTOR INDICES tab: Message: no such element: Unable to locate element: {"method":"xpath","selector":"//a[text()='SECTOR INDICES']"}
  (Session info: chrome=135.0.7049.115); For documentation on this error, please visit: https://www.selenium.dev/documentation/webdriver/troubleshooting/errors#no-such-element-exception
Stacktrace:
	GetHandleVerifier [0x005AD363+60275]
	GetHandleVerifier [0x005AD3A4+60340]
	(No symbol) [0x003E06F3]
	(No symbol) [0x00428690]
	(No symbol) [0x00428A2B]
	(No symbol) [0x00470EE2]
	(No symbol) [0x0044D0D4]
	(No symbol) [0x0046E6EB]
	(No symbol) [0x0044CE86]
	(No symbol) [0x0041C623]
	(No symbol) [0x0041D474]
	GetHandleVerifier [0x007F8FE3+2467827]
	GetHandleVerifier [0x007F45E6+2448886]
	GetHandleVerifier [0x0080F80C+2560028]
	GetHandleVerifier [0x005C3DF5+153093]
	GetHandleVerifier [0x005CA3BD+179149]
	GetHandleVerifier [0x005B4BB8+91080]
	GetHandleVerifier [0x005B4D60+91504]
	GetHandleVerifier [0x0059FA10+4640]
	BaseThreadInitThunk [0x75C9FCC9+25]
	RtlGetAppContainerNamedObjectPath [0x777082AE+286]
	RtlGetAppContainerNamedObjectPath [0x7770827E+238]

2025-04-29 10:21:49,037 - WARNING - Could not click on second tab: Message: no such element: Unable to locate element: {"method":"css selector","selector":".tab-links li:nth-child(2) a"}
  (Session info: chrome=135.0.7049.115); For documentation on this error, please visit: https://www.selenium.dev/documentation/webdriver/troubleshooting/errors#no-such-element-exception
Stacktrace:
	GetHandleVerifier [0x005AD363+60275]
	GetHandleVerifier [0x005AD3A4+60340]
	(No symbol) [0x003E06F3]
	(No symbol) [0x00428690]
	(No symbol) [0x00428A2B]
	(No symbol) [0x00470EE2]
	(No symbol) [0x0044D0D4]
	(No symbol) [0x0046E6EB]
	(No symbol) [0x0044CE86]
	(No symbol) [0x0041C623]
	(No symbol) [0x0041D474]
	GetHandleVerifier [0x007F8FE3+2467827]
	GetHandleVerifier [0x007F45E6+2448886]
	GetHandleVerifier [0x0080F80C+2560028]
	GetHandleVerifier [0x005C3DF5+153093]
	GetHandleVerifier [0x005CA3BD+179149]
	GetHandleVerifier [0x005B4BB8+91080]
	GetHandleVerifier [0x005B4D60+91504]
	GetHandleVerifier [0x0059FA10+4640]
	BaseThreadInitThunk [0x75C9FCC9+25]
	RtlGetAppContainerNamedObjectPath [0x777082AE+286]
	RtlGetAppContainerNamedObjectPath [0x7770827E+238]

2025-04-29 10:21:49,569 - INFO - Saved screenshot of sector tab
2025-04-29 10:21:49,592 - INFO - Found 6 tables on page
2025-04-29 10:21:49,592 - INFO - Checking table 1
2025-04-29 10:21:49,613 - INFO - Checking table 2
2025-04-29 10:21:49,630 - INFO - Found likely sector table (table #2)
2025-04-29 10:21:49,803 - WARNING - Could not find percent change for 
2025-04-29 10:21:49,868 - INFO - Found percent change: -0.15% in '-33.15 (-0.15%)'
2025-04-29 10:21:49,869 - INFO - Added sector: Auto, Change: -0.15%
2025-04-29 10:21:49,933 - INFO - Found percent change: -0.18% in '-62.40 (-0.18%)'
2025-04-29 10:21:49,933 - INFO - Added sector: Energy, Change: -0.18%
2025-04-29 10:21:49,998 - INFO - Found percent change: -0.35% in '-91.95 (-0.35%)'
2025-04-29 10:21:49,998 - INFO - Added sector: Financial Services, Change: -0.35%
2025-04-29 10:21:50,071 - INFO - Found percent change: -0.12% in '-66.95 (-0.12%)'
2025-04-29 10:21:50,072 - INFO - Added sector: FMCG, Change: -0.12%
2025-04-29 10:21:50,156 - INFO - Found percent change: 1.77% in '626.30 (1.77%)'
2025-04-29 10:21:50,157 - INFO - Added sector: IT, Change: 1.77%
2025-04-29 10:21:50,264 - INFO - Found percent change: -0.56% in '-8.75 (-0.56%)'
2025-04-29 10:21:50,267 - INFO - Added sector: Media, Change: -0.56%
2025-04-29 10:21:50,411 - INFO - Found percent change: -0.76% in '-65.75 (-0.76%)'
2025-04-29 10:21:50,411 - INFO - Added sector: Metal, Change: -0.76%
2025-04-29 10:21:50,571 - INFO - Found percent change: -0.83% in '-182.85 (-0.83%)'
2025-04-29 10:21:50,572 - INFO - Added sector: Pharma, Change: -0.83%
2025-04-29 10:21:50,669 - INFO - Found percent change: 0.36% in '24.30 (0.36%)'
2025-04-29 10:21:50,670 - INFO - Added sector: PSU Bank, Change: 0.36%
2025-04-29 10:21:50,743 - INFO - Found percent change: -0.33% in '-2.90 (-0.33%)'
2025-04-29 10:21:50,745 - INFO - Added sector: Realty, Change: -0.33%
2025-04-29 10:21:54,414 - INFO - Saved sector data to sector.csv
2025-04-29 10:22:55,153 - INFO - Running Nuvama sector data scraper job at 2025-04-29 10:22:55
2025-04-29 10:22:55,154 - INFO - Setting up Chrome driver...
2025-04-29 10:22:55,155 - INFO - ====== WebDriver manager ======
2025-04-29 10:22:56,685 - INFO - Get LATEST chromedriver version for google-chrome
2025-04-29 10:22:56,735 - INFO - Get LATEST chromedriver version for google-chrome
2025-04-29 10:22:56,781 - INFO - Driver [C:\Users\Rajee\.wdm\drivers\chromedriver\win64\135.0.7049.114\chromedriver-win32/chromedriver.exe] found in cache
2025-04-29 10:22:58,513 - INFO - Navigating to https://www.nuvamawealth.com/market/stock-market-index/#key-indices
2025-04-29 10:23:00,099 - INFO - Waiting for page to load...
2025-04-29 10:23:29,404 - INFO - Refreshed page to get latest data
2025-04-29 10:23:39,437 - WARNING - Could not click on SECTOR INDICES tab: Message: no such element: Unable to locate element: {"method":"xpath","selector":"//a[text()='SECTOR INDICES']"}
  (Session info: chrome=135.0.7049.115); For documentation on this error, please visit: https://www.selenium.dev/documentation/webdriver/troubleshooting/errors#no-such-element-exception
Stacktrace:
	GetHandleVerifier [0x005AD363+60275]
	GetHandleVerifier [0x005AD3A4+60340]
	(No symbol) [0x003E06F3]
	(No symbol) [0x00428690]
	(No symbol) [0x00428A2B]
	(No symbol) [0x00470EE2]
	(No symbol) [0x0044D0D4]
	(No symbol) [0x0046E6EB]
	(No symbol) [0x0044CE86]
	(No symbol) [0x0041C623]
	(No symbol) [0x0041D474]
	GetHandleVerifier [0x007F8FE3+2467827]
	GetHandleVerifier [0x007F45E6+2448886]
	GetHandleVerifier [0x0080F80C+2560028]
	GetHandleVerifier [0x005C3DF5+153093]
	GetHandleVerifier [0x005CA3BD+179149]
	GetHandleVerifier [0x005B4BB8+91080]
	GetHandleVerifier [0x005B4D60+91504]
	GetHandleVerifier [0x0059FA10+4640]
	BaseThreadInitThunk [0x75C9FCC9+25]
	RtlGetAppContainerNamedObjectPath [0x777082AE+286]
	RtlGetAppContainerNamedObjectPath [0x7770827E+238]

2025-04-29 10:23:39,459 - WARNING - Could not click on second tab: Message: no such element: Unable to locate element: {"method":"css selector","selector":".tab-links li:nth-child(2) a"}
  (Session info: chrome=135.0.7049.115); For documentation on this error, please visit: https://www.selenium.dev/documentation/webdriver/troubleshooting/errors#no-such-element-exception
Stacktrace:
	GetHandleVerifier [0x005AD363+60275]
	GetHandleVerifier [0x005AD3A4+60340]
	(No symbol) [0x003E06F3]
	(No symbol) [0x00428690]
	(No symbol) [0x00428A2B]
	(No symbol) [0x00470EE2]
	(No symbol) [0x0044D0D4]
	(No symbol) [0x0046E6EB]
	(No symbol) [0x0044CE86]
	(No symbol) [0x0041C623]
	(No symbol) [0x0041D474]
	GetHandleVerifier [0x007F8FE3+2467827]
	GetHandleVerifier [0x007F45E6+2448886]
	GetHandleVerifier [0x0080F80C+2560028]
	GetHandleVerifier [0x005C3DF5+153093]
	GetHandleVerifier [0x005CA3BD+179149]
	GetHandleVerifier [0x005B4BB8+91080]
	GetHandleVerifier [0x005B4D60+91504]
	GetHandleVerifier [0x0059FA10+4640]
	BaseThreadInitThunk [0x75C9FCC9+25]
	RtlGetAppContainerNamedObjectPath [0x777082AE+286]
	RtlGetAppContainerNamedObjectPath [0x7770827E+238]

2025-04-29 10:23:39,662 - INFO - Saved screenshot of sector tab
2025-04-29 10:23:39,677 - INFO - Found 6 tables on page
2025-04-29 10:23:39,677 - INFO - Checking table 1
2025-04-29 10:23:39,687 - INFO - Checking table 2
2025-04-29 10:23:39,701 - INFO - Found likely sector table (table #2)
2025-04-29 10:23:39,820 - WARNING - Could not find percent change for 
2025-04-29 10:23:39,951 - INFO - Found percent change: -0.15% in '-33.15 (-0.15%)'
2025-04-29 10:23:39,952 - INFO - Added sector: Auto, Change: -0.15%
2025-04-29 10:23:40,038 - INFO - Found percent change: -0.18% in '-62.40 (-0.18%)'
2025-04-29 10:23:40,041 - INFO - Added sector: Energy, Change: -0.18%
2025-04-29 10:23:40,170 - INFO - Found percent change: -0.35% in '-91.95 (-0.35%)'
2025-04-29 10:23:40,170 - INFO - Added sector: Financial Services, Change: -0.35%
2025-04-29 10:23:40,351 - INFO - Found percent change: -0.12% in '-66.95 (-0.12%)'
2025-04-29 10:23:40,352 - INFO - Added sector: FMCG, Change: -0.12%
2025-04-29 10:23:40,470 - INFO - Found percent change: 1.77% in '626.30 (1.77%)'
2025-04-29 10:23:40,471 - INFO - Added sector: IT, Change: 1.77%
2025-04-29 10:23:40,531 - INFO - Found percent change: -0.56% in '-8.75 (-0.56%)'
2025-04-29 10:23:40,531 - INFO - Added sector: Media, Change: -0.56%
2025-04-29 10:23:40,581 - INFO - Found percent change: -0.76% in '-65.75 (-0.76%)'
2025-04-29 10:23:40,581 - INFO - Added sector: Metal, Change: -0.76%
2025-04-29 10:23:40,636 - INFO - Found percent change: -0.83% in '-182.85 (-0.83%)'
2025-04-29 10:23:40,636 - INFO - Added sector: Pharma, Change: -0.83%
2025-04-29 10:23:40,704 - INFO - Found percent change: 0.36% in '24.30 (0.36%)'
2025-04-29 10:23:40,704 - INFO - Added sector: PSU Bank, Change: 0.36%
2025-04-29 10:23:40,794 - INFO - Found percent change: -0.33% in '-2.90 (-0.33%)'
2025-04-29 10:23:40,796 - INFO - Added sector: Realty, Change: -0.33%
2025-04-29 10:23:43,549 - INFO - Saved sector data to sector.csv
2025-04-29 10:24:44,250 - INFO - Running Nuvama sector data scraper job at 2025-04-29 10:24:44
2025-04-29 10:24:44,251 - INFO - Setting up Chrome driver...
2025-04-29 10:24:44,252 - INFO - ====== WebDriver manager ======
2025-04-29 10:24:46,447 - INFO - Get LATEST chromedriver version for google-chrome
2025-04-29 10:24:46,494 - INFO - Get LATEST chromedriver version for google-chrome
2025-04-29 10:24:46,544 - INFO - Driver [C:\Users\Rajee\.wdm\drivers\chromedriver\win64\135.0.7049.114\chromedriver-win32/chromedriver.exe] found in cache
2025-04-29 10:24:48,639 - INFO - Navigating to https://www.nuvamawealth.com/market/stock-market-index/#key-indices
2025-04-29 10:24:57,813 - INFO - Waiting for page to load...
2025-04-29 10:25:16,297 - INFO - Refreshed page to get latest data
2025-04-29 10:25:26,330 - WARNING - Could not click on SECTOR INDICES tab: Message: no such element: Unable to locate element: {"method":"xpath","selector":"//a[text()='SECTOR INDICES']"}
  (Session info: chrome=135.0.7049.115); For documentation on this error, please visit: https://www.selenium.dev/documentation/webdriver/troubleshooting/errors#no-such-element-exception
Stacktrace:
	GetHandleVerifier [0x005AD363+60275]
	GetHandleVerifier [0x005AD3A4+60340]
	(No symbol) [0x003E06F3]
	(No symbol) [0x00428690]
	(No symbol) [0x00428A2B]
	(No symbol) [0x00470EE2]
	(No symbol) [0x0044D0D4]
	(No symbol) [0x0046E6EB]
	(No symbol) [0x0044CE86]
	(No symbol) [0x0041C623]
	(No symbol) [0x0041D474]
	GetHandleVerifier [0x007F8FE3+2467827]
	GetHandleVerifier [0x007F45E6+2448886]
	GetHandleVerifier [0x0080F80C+2560028]
	GetHandleVerifier [0x005C3DF5+153093]
	GetHandleVerifier [0x005CA3BD+179149]
	GetHandleVerifier [0x005B4BB8+91080]
	GetHandleVerifier [0x005B4D60+91504]
	GetHandleVerifier [0x0059FA10+4640]
	BaseThreadInitThunk [0x75C9FCC9+25]
	RtlGetAppContainerNamedObjectPath [0x777082AE+286]
	RtlGetAppContainerNamedObjectPath [0x7770827E+238]

2025-04-29 10:25:26,349 - WARNING - Could not click on second tab: Message: no such element: Unable to locate element: {"method":"css selector","selector":".tab-links li:nth-child(2) a"}
  (Session info: chrome=135.0.7049.115); For documentation on this error, please visit: https://www.selenium.dev/documentation/webdriver/troubleshooting/errors#no-such-element-exception
Stacktrace:
	GetHandleVerifier [0x005AD363+60275]
	GetHandleVerifier [0x005AD3A4+60340]
	(No symbol) [0x003E06F3]
	(No symbol) [0x00428690]
	(No symbol) [0x00428A2B]
	(No symbol) [0x00470EE2]
	(No symbol) [0x0044D0D4]
	(No symbol) [0x0046E6EB]
	(No symbol) [0x0044CE86]
	(No symbol) [0x0041C623]
	(No symbol) [0x0041D474]
	GetHandleVerifier [0x007F8FE3+2467827]
	GetHandleVerifier [0x007F45E6+2448886]
	GetHandleVerifier [0x0080F80C+2560028]
	GetHandleVerifier [0x005C3DF5+153093]
	GetHandleVerifier [0x005CA3BD+179149]
	GetHandleVerifier [0x005B4BB8+91080]
	GetHandleVerifier [0x005B4D60+91504]
	GetHandleVerifier [0x0059FA10+4640]
	BaseThreadInitThunk [0x75C9FCC9+25]
	RtlGetAppContainerNamedObjectPath [0x777082AE+286]
	RtlGetAppContainerNamedObjectPath [0x7770827E+238]

2025-04-29 10:25:26,626 - INFO - Saved screenshot of sector tab
2025-04-29 10:25:26,653 - INFO - Found 6 tables on page
2025-04-29 10:25:26,655 - INFO - Checking table 1
2025-04-29 10:25:26,671 - INFO - Checking table 2
2025-04-29 10:25:26,690 - INFO - Found likely sector table (table #2)
2025-04-29 10:25:26,815 - WARNING - Could not find percent change for 
2025-04-29 10:25:26,891 - INFO - Found percent change: -0.15% in '-33.15 (-0.15%)'
2025-04-29 10:25:26,891 - INFO - Added sector: Auto, Change: -0.15%
2025-04-29 10:25:26,990 - INFO - Found percent change: -0.18% in '-62.40 (-0.18%)'
2025-04-29 10:25:26,990 - INFO - Added sector: Energy, Change: -0.18%
2025-04-29 10:25:27,058 - INFO - Found percent change: -0.35% in '-91.95 (-0.35%)'
2025-04-29 10:25:27,058 - INFO - Added sector: Financial Services, Change: -0.35%
2025-04-29 10:25:27,126 - INFO - Found percent change: -0.12% in '-66.95 (-0.12%)'
2025-04-29 10:25:27,126 - INFO - Added sector: FMCG, Change: -0.12%
2025-04-29 10:25:27,195 - INFO - Found percent change: 1.77% in '626.30 (1.77%)'
2025-04-29 10:25:27,198 - INFO - Added sector: IT, Change: 1.77%
2025-04-29 10:25:27,291 - INFO - Found percent change: -0.56% in '-8.75 (-0.56%)'
2025-04-29 10:25:27,293 - INFO - Added sector: Media, Change: -0.56%
2025-04-29 10:25:27,374 - INFO - Found percent change: -0.76% in '-65.75 (-0.76%)'
2025-04-29 10:25:27,376 - INFO - Added sector: Metal, Change: -0.76%
2025-04-29 10:25:27,466 - INFO - Found percent change: -0.83% in '-182.85 (-0.83%)'
2025-04-29 10:25:27,467 - INFO - Added sector: Pharma, Change: -0.83%
2025-04-29 10:25:27,568 - INFO - Found percent change: 0.36% in '24.30 (0.36%)'
2025-04-29 10:25:27,569 - INFO - Added sector: PSU Bank, Change: 0.36%
2025-04-29 10:25:27,734 - INFO - Found percent change: -0.33% in '-2.90 (-0.33%)'
2025-04-29 10:25:27,737 - INFO - Added sector: Realty, Change: -0.33%
2025-04-29 10:25:30,546 - INFO - Saved sector data to sector.csv
2025-04-29 10:26:31,330 - INFO - Running Nuvama sector data scraper job at 2025-04-29 10:26:31
2025-04-29 10:26:31,332 - INFO - Setting up Chrome driver...
2025-04-29 10:26:31,333 - INFO - ====== WebDriver manager ======
2025-04-29 10:26:35,897 - INFO - Get LATEST chromedriver version for google-chrome
2025-04-29 10:26:35,948 - INFO - Get LATEST chromedriver version for google-chrome
2025-04-29 10:26:36,012 - INFO - Driver [C:\Users\Rajee\.wdm\drivers\chromedriver\win64\135.0.7049.114\chromedriver-win32/chromedriver.exe] found in cache
2025-04-29 10:26:38,438 - INFO - Navigating to https://www.nuvamawealth.com/market/stock-market-index/#key-indices
2025-04-29 10:26:58,095 - INFO - Waiting for page to load...
2025-04-29 10:27:19,738 - INFO - Refreshed page to get latest data
2025-04-29 10:27:30,024 - WARNING - Could not click on SECTOR INDICES tab: Message: no such element: Unable to locate element: {"method":"xpath","selector":"//a[text()='SECTOR INDICES']"}
  (Session info: chrome=135.0.7049.115); For documentation on this error, please visit: https://www.selenium.dev/documentation/webdriver/troubleshooting/errors#no-such-element-exception
Stacktrace:
	GetHandleVerifier [0x005AD363+60275]
	GetHandleVerifier [0x005AD3A4+60340]
	(No symbol) [0x003E06F3]
	(No symbol) [0x00428690]
	(No symbol) [0x00428A2B]
	(No symbol) [0x00470EE2]
	(No symbol) [0x0044D0D4]
	(No symbol) [0x0046E6EB]
	(No symbol) [0x0044CE86]
	(No symbol) [0x0041C623]
	(No symbol) [0x0041D474]
	GetHandleVerifier [0x007F8FE3+2467827]
	GetHandleVerifier [0x007F45E6+2448886]
	GetHandleVerifier [0x0080F80C+2560028]
	GetHandleVerifier [0x005C3DF5+153093]
	GetHandleVerifier [0x005CA3BD+179149]
	GetHandleVerifier [0x005B4BB8+91080]
	GetHandleVerifier [0x005B4D60+91504]
	GetHandleVerifier [0x0059FA10+4640]
	BaseThreadInitThunk [0x75C9FCC9+25]
	RtlGetAppContainerNamedObjectPath [0x777082AE+286]
	RtlGetAppContainerNamedObjectPath [0x7770827E+238]

2025-04-29 10:27:30,066 - WARNING - Could not click on second tab: Message: no such element: Unable to locate element: {"method":"css selector","selector":".tab-links li:nth-child(2) a"}
  (Session info: chrome=135.0.7049.115); For documentation on this error, please visit: https://www.selenium.dev/documentation/webdriver/troubleshooting/errors#no-such-element-exception
Stacktrace:
	GetHandleVerifier [0x005AD363+60275]
	GetHandleVerifier [0x005AD3A4+60340]
	(No symbol) [0x003E06F3]
	(No symbol) [0x00428690]
	(No symbol) [0x00428A2B]
	(No symbol) [0x00470EE2]
	(No symbol) [0x0044D0D4]
	(No symbol) [0x0046E6EB]
	(No symbol) [0x0044CE86]
	(No symbol) [0x0041C623]
	(No symbol) [0x0041D474]
	GetHandleVerifier [0x007F8FE3+2467827]
	GetHandleVerifier [0x007F45E6+2448886]
	GetHandleVerifier [0x0080F80C+2560028]
	GetHandleVerifier [0x005C3DF5+153093]
	GetHandleVerifier [0x005CA3BD+179149]
	GetHandleVerifier [0x005B4BB8+91080]
	GetHandleVerifier [0x005B4D60+91504]
	GetHandleVerifier [0x0059FA10+4640]
	BaseThreadInitThunk [0x75C9FCC9+25]
	RtlGetAppContainerNamedObjectPath [0x777082AE+286]
	RtlGetAppContainerNamedObjectPath [0x7770827E+238]

2025-04-29 10:27:30,727 - INFO - Saved screenshot of sector tab
2025-04-29 10:27:30,799 - INFO - Found 6 tables on page
2025-04-29 10:27:30,816 - INFO - Checking table 1
2025-04-29 10:27:30,841 - INFO - Checking table 2
2025-04-29 10:27:30,871 - INFO - Found likely sector table (table #2)
2025-04-29 10:27:30,983 - WARNING - Could not find percent change for 
2025-04-29 10:27:31,100 - INFO - Found percent change: -0.15% in '-33.15 (-0.15%)'
2025-04-29 10:27:31,105 - INFO - Added sector: Auto, Change: -0.15%
2025-04-29 10:27:31,178 - INFO - Found percent change: -0.18% in '-62.40 (-0.18%)'
2025-04-29 10:27:31,179 - INFO - Added sector: Energy, Change: -0.18%
2025-04-29 10:27:31,252 - INFO - Found percent change: -0.35% in '-91.95 (-0.35%)'
2025-04-29 10:27:31,253 - INFO - Added sector: Financial Services, Change: -0.35%
2025-04-29 10:27:31,352 - INFO - Found percent change: -0.12% in '-66.95 (-0.12%)'
2025-04-29 10:27:31,354 - INFO - Added sector: FMCG, Change: -0.12%
2025-04-29 10:27:31,429 - INFO - Found percent change: 1.77% in '626.30 (1.77%)'
2025-04-29 10:27:31,429 - INFO - Added sector: IT, Change: 1.77%
2025-04-29 10:27:31,502 - INFO - Found percent change: -0.56% in '-8.75 (-0.56%)'
2025-04-29 10:27:31,504 - INFO - Added sector: Media, Change: -0.56%
2025-04-29 10:27:31,578 - INFO - Found percent change: -0.76% in '-65.75 (-0.76%)'
2025-04-29 10:27:31,578 - INFO - Added sector: Metal, Change: -0.76%
2025-04-29 10:27:31,654 - INFO - Found percent change: -0.83% in '-182.85 (-0.83%)'
2025-04-29 10:27:31,656 - INFO - Added sector: Pharma, Change: -0.83%
2025-04-29 10:27:31,747 - INFO - Found percent change: 0.36% in '24.30 (0.36%)'
2025-04-29 10:27:31,748 - INFO - Added sector: PSU Bank, Change: 0.36%
2025-04-29 10:27:31,822 - INFO - Found percent change: -0.33% in '-2.90 (-0.33%)'
2025-04-29 10:27:31,822 - INFO - Added sector: Realty, Change: -0.33%
2025-04-29 10:27:35,820 - INFO - Saved sector data to sector.csv
2025-04-29 10:28:36,371 - INFO - Running Nuvama sector data scraper job at 2025-04-29 10:28:36
2025-04-29 10:28:36,371 - INFO - Setting up Chrome driver...
2025-04-29 10:28:36,372 - INFO - ====== WebDriver manager ======
2025-04-29 10:28:38,059 - INFO - Get LATEST chromedriver version for google-chrome
2025-04-29 10:28:38,121 - INFO - Get LATEST chromedriver version for google-chrome
2025-04-29 10:28:38,165 - INFO - Driver [C:\Users\Rajee\.wdm\drivers\chromedriver\win64\135.0.7049.114\chromedriver-win32/chromedriver.exe] found in cache
2025-04-29 10:28:40,178 - INFO - Navigating to https://www.nuvamawealth.com/market/stock-market-index/#key-indices
2025-04-29 10:28:48,264 - INFO - Waiting for page to load...
2025-04-29 10:29:05,638 - INFO - Refreshed page to get latest data
2025-04-29 10:29:15,671 - WARNING - Could not click on SECTOR INDICES tab: Message: no such element: Unable to locate element: {"method":"xpath","selector":"//a[text()='SECTOR INDICES']"}
  (Session info: chrome=135.0.7049.115); For documentation on this error, please visit: https://www.selenium.dev/documentation/webdriver/troubleshooting/errors#no-such-element-exception
Stacktrace:
	GetHandleVerifier [0x005AD363+60275]
	GetHandleVerifier [0x005AD3A4+60340]
	(No symbol) [0x003E06F3]
	(No symbol) [0x00428690]
	(No symbol) [0x00428A2B]
	(No symbol) [0x00470EE2]
	(No symbol) [0x0044D0D4]
	(No symbol) [0x0046E6EB]
	(No symbol) [0x0044CE86]
	(No symbol) [0x0041C623]
	(No symbol) [0x0041D474]
	GetHandleVerifier [0x007F8FE3+2467827]
	GetHandleVerifier [0x007F45E6+2448886]
	GetHandleVerifier [0x0080F80C+2560028]
	GetHandleVerifier [0x005C3DF5+153093]
	GetHandleVerifier [0x005CA3BD+179149]
	GetHandleVerifier [0x005B4BB8+91080]
	GetHandleVerifier [0x005B4D60+91504]
	GetHandleVerifier [0x0059FA10+4640]
	BaseThreadInitThunk [0x75C9FCC9+25]
	RtlGetAppContainerNamedObjectPath [0x777082AE+286]
	RtlGetAppContainerNamedObjectPath [0x7770827E+238]

2025-04-29 10:29:15,693 - WARNING - Could not click on second tab: Message: no such element: Unable to locate element: {"method":"css selector","selector":".tab-links li:nth-child(2) a"}
  (Session info: chrome=135.0.7049.115); For documentation on this error, please visit: https://www.selenium.dev/documentation/webdriver/troubleshooting/errors#no-such-element-exception
Stacktrace:
	GetHandleVerifier [0x005AD363+60275]
	GetHandleVerifier [0x005AD3A4+60340]
	(No symbol) [0x003E06F3]
	(No symbol) [0x00428690]
	(No symbol) [0x00428A2B]
	(No symbol) [0x00470EE2]
	(No symbol) [0x0044D0D4]
	(No symbol) [0x0046E6EB]
	(No symbol) [0x0044CE86]
	(No symbol) [0x0041C623]
	(No symbol) [0x0041D474]
	GetHandleVerifier [0x007F8FE3+2467827]
	GetHandleVerifier [0x007F45E6+2448886]
	GetHandleVerifier [0x0080F80C+2560028]
	GetHandleVerifier [0x005C3DF5+153093]
	GetHandleVerifier [0x005CA3BD+179149]
	GetHandleVerifier [0x005B4BB8+91080]
	GetHandleVerifier [0x005B4D60+91504]
	GetHandleVerifier [0x0059FA10+4640]
	BaseThreadInitThunk [0x75C9FCC9+25]
	RtlGetAppContainerNamedObjectPath [0x777082AE+286]
	RtlGetAppContainerNamedObjectPath [0x7770827E+238]

2025-04-29 10:29:16,359 - INFO - Saved screenshot of sector tab
2025-04-29 10:29:16,380 - INFO - Found 6 tables on page
2025-04-29 10:29:16,381 - INFO - Checking table 1
2025-04-29 10:29:16,395 - INFO - Checking table 2
2025-04-29 10:29:16,406 - INFO - Found likely sector table (table #2)
2025-04-29 10:29:16,515 - WARNING - Could not find percent change for 
2025-04-29 10:29:16,607 - INFO - Found percent change: -0.15% in '-33.15 (-0.15%)'
2025-04-29 10:29:16,608 - INFO - Added sector: Auto, Change: -0.15%
2025-04-29 10:29:16,701 - INFO - Found percent change: -0.18% in '-62.40 (-0.18%)'
2025-04-29 10:29:16,701 - INFO - Added sector: Energy, Change: -0.18%
2025-04-29 10:29:16,770 - INFO - Found percent change: -0.35% in '-91.95 (-0.35%)'
2025-04-29 10:29:16,770 - INFO - Added sector: Financial Services, Change: -0.35%
2025-04-29 10:29:16,839 - INFO - Found percent change: -0.12% in '-66.95 (-0.12%)'
2025-04-29 10:29:16,839 - INFO - Added sector: FMCG, Change: -0.12%
2025-04-29 10:29:16,906 - INFO - Found percent change: 1.77% in '626.30 (1.77%)'
2025-04-29 10:29:16,907 - INFO - Added sector: IT, Change: 1.77%
2025-04-29 10:29:16,974 - INFO - Found percent change: -0.56% in '-8.75 (-0.56%)'
2025-04-29 10:29:16,977 - INFO - Added sector: Media, Change: -0.56%
2025-04-29 10:29:17,053 - INFO - Found percent change: -0.76% in '-65.75 (-0.76%)'
2025-04-29 10:29:17,053 - INFO - Added sector: Metal, Change: -0.76%
2025-04-29 10:29:17,137 - INFO - Found percent change: -0.83% in '-182.85 (-0.83%)'
2025-04-29 10:29:17,137 - INFO - Added sector: Pharma, Change: -0.83%
2025-04-29 10:29:17,201 - INFO - Found percent change: 0.36% in '24.30 (0.36%)'
2025-04-29 10:29:17,201 - INFO - Added sector: PSU Bank, Change: 0.36%
2025-04-29 10:29:17,274 - INFO - Found percent change: -0.33% in '-2.90 (-0.33%)'
2025-04-29 10:29:17,277 - INFO - Added sector: Realty, Change: -0.33%
2025-04-29 10:29:20,710 - INFO - Saved sector data to sector.csv
2025-04-29 10:30:21,466 - INFO - Running Nuvama sector data scraper job at 2025-04-29 10:30:21
2025-04-29 10:30:21,468 - INFO - Setting up Chrome driver...
2025-04-29 10:30:21,469 - INFO - ====== WebDriver manager ======
2025-04-29 10:30:23,216 - INFO - Get LATEST chromedriver version for google-chrome
2025-04-29 10:30:23,261 - INFO - Get LATEST chromedriver version for google-chrome
2025-04-29 10:30:23,299 - INFO - Driver [C:\Users\Rajee\.wdm\drivers\chromedriver\win64\135.0.7049.114\chromedriver-win32/chromedriver.exe] found in cache
2025-04-29 10:30:24,733 - INFO - Navigating to https://www.nuvamawealth.com/market/stock-market-index/#key-indices
2025-04-29 10:30:49,142 - INFO - Waiting for page to load...
2025-04-29 10:31:06,683 - INFO - Refreshed page to get latest data
2025-04-29 10:31:16,702 - WARNING - Could not click on SECTOR INDICES tab: Message: no such element: Unable to locate element: {"method":"xpath","selector":"//a[text()='SECTOR INDICES']"}
  (Session info: chrome=135.0.7049.115); For documentation on this error, please visit: https://www.selenium.dev/documentation/webdriver/troubleshooting/errors#no-such-element-exception
Stacktrace:
	GetHandleVerifier [0x005AD363+60275]
	GetHandleVerifier [0x005AD3A4+60340]
	(No symbol) [0x003E06F3]
	(No symbol) [0x00428690]
	(No symbol) [0x00428A2B]
	(No symbol) [0x00470EE2]
	(No symbol) [0x0044D0D4]
	(No symbol) [0x0046E6EB]
	(No symbol) [0x0044CE86]
	(No symbol) [0x0041C623]
	(No symbol) [0x0041D474]
	GetHandleVerifier [0x007F8FE3+2467827]
	GetHandleVerifier [0x007F45E6+2448886]
	GetHandleVerifier [0x0080F80C+2560028]
	GetHandleVerifier [0x005C3DF5+153093]
	GetHandleVerifier [0x005CA3BD+179149]
	GetHandleVerifier [0x005B4BB8+91080]
	GetHandleVerifier [0x005B4D60+91504]
	GetHandleVerifier [0x0059FA10+4640]
	BaseThreadInitThunk [0x75C9FCC9+25]
	RtlGetAppContainerNamedObjectPath [0x777082AE+286]
	RtlGetAppContainerNamedObjectPath [0x7770827E+238]

2025-04-29 10:31:16,722 - WARNING - Could not click on second tab: Message: no such element: Unable to locate element: {"method":"css selector","selector":".tab-links li:nth-child(2) a"}
  (Session info: chrome=135.0.7049.115); For documentation on this error, please visit: https://www.selenium.dev/documentation/webdriver/troubleshooting/errors#no-such-element-exception
Stacktrace:
	GetHandleVerifier [0x005AD363+60275]
	GetHandleVerifier [0x005AD3A4+60340]
	(No symbol) [0x003E06F3]
	(No symbol) [0x00428690]
	(No symbol) [0x00428A2B]
	(No symbol) [0x00470EE2]
	(No symbol) [0x0044D0D4]
	(No symbol) [0x0046E6EB]
	(No symbol) [0x0044CE86]
	(No symbol) [0x0041C623]
	(No symbol) [0x0041D474]
	GetHandleVerifier [0x007F8FE3+2467827]
	GetHandleVerifier [0x007F45E6+2448886]
	GetHandleVerifier [0x0080F80C+2560028]
	GetHandleVerifier [0x005C3DF5+153093]
	GetHandleVerifier [0x005CA3BD+179149]
	GetHandleVerifier [0x005B4BB8+91080]
	GetHandleVerifier [0x005B4D60+91504]
	GetHandleVerifier [0x0059FA10+4640]
	BaseThreadInitThunk [0x75C9FCC9+25]
	RtlGetAppContainerNamedObjectPath [0x777082AE+286]
	RtlGetAppContainerNamedObjectPath [0x7770827E+238]

2025-04-29 10:31:17,302 - INFO - Saved screenshot of sector tab
2025-04-29 10:31:17,319 - INFO - Found 6 tables on page
2025-04-29 10:31:17,319 - INFO - Checking table 1
2025-04-29 10:31:17,328 - INFO - Checking table 2
2025-04-29 10:31:17,341 - INFO - Found likely sector table (table #2)
2025-04-29 10:31:17,420 - WARNING - Could not find percent change for 
2025-04-29 10:31:17,476 - INFO - Found percent change: -0.15% in '-33.15 (-0.15%)'
2025-04-29 10:31:17,476 - INFO - Added sector: Auto, Change: -0.15%
2025-04-29 10:31:17,527 - INFO - Found percent change: -0.18% in '-62.40 (-0.18%)'
2025-04-29 10:31:17,528 - INFO - Added sector: Energy, Change: -0.18%
2025-04-29 10:31:17,591 - INFO - Found percent change: -0.35% in '-91.95 (-0.35%)'
2025-04-29 10:31:17,591 - INFO - Added sector: Financial Services, Change: -0.35%
2025-04-29 10:31:17,639 - INFO - Found percent change: -0.12% in '-66.95 (-0.12%)'
2025-04-29 10:31:17,639 - INFO - Added sector: FMCG, Change: -0.12%
2025-04-29 10:31:17,690 - INFO - Found percent change: 1.77% in '626.30 (1.77%)'
2025-04-29 10:31:17,690 - INFO - Added sector: IT, Change: 1.77%
2025-04-29 10:31:17,756 - INFO - Found percent change: -0.56% in '-8.75 (-0.56%)'
2025-04-29 10:31:17,756 - INFO - Added sector: Media, Change: -0.56%
2025-04-29 10:31:17,810 - INFO - Found percent change: -0.76% in '-65.75 (-0.76%)'
2025-04-29 10:31:17,811 - INFO - Added sector: Metal, Change: -0.76%
2025-04-29 10:31:17,879 - INFO - Found percent change: -0.83% in '-182.85 (-0.83%)'
2025-04-29 10:31:17,881 - INFO - Added sector: Pharma, Change: -0.83%
2025-04-29 10:31:17,935 - INFO - Found percent change: 0.36% in '24.30 (0.36%)'
2025-04-29 10:31:17,935 - INFO - Added sector: PSU Bank, Change: 0.36%
2025-04-29 10:31:17,985 - INFO - Found percent change: -0.33% in '-2.90 (-0.33%)'
2025-04-29 10:31:17,986 - INFO - Added sector: Realty, Change: -0.33%
