2025-04-23 20:47:01,179 - INFO - Starting sector performance scraper
2025-04-23 20:47:01,181 - INFO - Credentials loaded successfully
2025-04-23 20:47:01,181 - INFO - ====== WebDriver manager ======
2025-04-23 20:47:02,909 - INFO - Get LATEST chromedriver version for google-chrome
2025-04-23 20:47:03,050 - INFO - Get LATEST chromedriver version for google-chrome
2025-04-23 20:47:03,097 - INFO - There is no [win64] chromedriver "135.0.7049.97" for browser google-chrome "135.0.7049" in cache
2025-04-23 20:47:03,097 - INFO - Get LATEST chromedriver version for google-chrome
2025-04-23 20:47:03,263 - INFO - WebDriver version 135.0.7049.97 selected
2025-04-23 20:47:03,275 - INFO - Modern chrome version https://storage.googleapis.com/chrome-for-testing-public/135.0.7049.97/win32/chromedriver-win32.zip
2025-04-23 20:47:03,278 - INFO - About to download new driver from https://storage.googleapis.com/chrome-for-testing-public/135.0.7049.97/win32/chromedriver-win32.zip
2025-04-23 20:47:03,369 - INFO - Driver downloading response is 200
2025-04-23 20:47:03,647 - INFO - Get LATEST chromedriver version for google-chrome
2025-04-23 20:47:04,971 - INFO - Driver has been saved in cache [C:\Users\Rajee\.wdm\drivers\chromedriver\win64\135.0.7049.97]
2025-04-23 20:47:09,291 - INFO - Chrome WebDriver set up successfully
2025-04-23 20:47:11,746 - INFO - Navigated to login page
2025-04-23 20:47:22,192 - ERROR - Error finding/clicking Dhan login button: Message: 
Stacktrace:
	GetHandleVerifier [0x00977FD3+60707]
	GetHandleVerifier [0x00978014+60772]
	(No symbol) [0x007A0683]
	(No symbol) [0x007E8660]
	(No symbol) [0x007E89FB]
	(No symbol) [0x00831022]
	(No symbol) [0x0080D094]
	(No symbol) [0x0082E824]
	(No symbol) [0x0080CE46]
	(No symbol) [0x007DC5D3]
	(No symbol) [0x007DD424]
	GetHandleVerifier [0x00BBBAB3+2435075]
	GetHandleVerifier [0x00BB7053+2416035]
	GetHandleVerifier [0x00BD33FC+2531660]
	GetHandleVerifier [0x0098F0A5+155125]
	GetHandleVerifier [0x00995A4D+182173]
	GetHandleVerifier [0x0097F8A8+91640]
	GetHandleVerifier [0x0097FA50+92064]
	GetHandleVerifier [0x0096A510+4704]
	BaseThreadInitThunk [0x7625FCC9+25]
	RtlGetAppContainerNamedObjectPath [0x76F082AE+286]
	RtlGetAppContainerNamedObjectPath [0x76F0827E+238]

2025-04-23 20:47:22,206 - ERROR - Failed to click Dhan login button with JavaScript: Message: javascript error: Cannot read properties of null (reading 'click')
  (Session info: chrome=135.0.7049.96)
Stacktrace:
	GetHandleVerifier [0x00977FD3+60707]
	GetHandleVerifier [0x00978014+60772]
	(No symbol) [0x007A0683]
	(No symbol) [0x007A6DE7]
	(No symbol) [0x007A9345]
	(No symbol) [0x0082F741]
	(No symbol) [0x0080D04C]
	(No symbol) [0x0082E824]
	(No symbol) [0x0080CE46]
	(No symbol) [0x007DC5D3]
	(No symbol) [0x007DD424]
	GetHandleVerifier [0x00BBBAB3+2435075]
	GetHandleVerifier [0x00BB7053+2416035]
	GetHandleVerifier [0x00BD33FC+2531660]
	GetHandleVerifier [0x0098F0A5+155125]
	GetHandleVerifier [0x00995A4D+182173]
	GetHandleVerifier [0x0097F8A8+91640]
	GetHandleVerifier [0x0097FA50+92064]
	GetHandleVerifier [0x0096A510+4704]
	BaseThreadInitThunk [0x7625FCC9+25]
	RtlGetAppContainerNamedObjectPath [0x76F082AE+286]
	RtlGetAppContainerNamedObjectPath [0x76F0827E+238]

2025-04-23 20:47:22,210 - ERROR - Error during Dhan login process: Message: javascript error: Cannot read properties of null (reading 'click')
  (Session info: chrome=135.0.7049.96)
Stacktrace:
	GetHandleVerifier [0x00977FD3+60707]
	GetHandleVerifier [0x00978014+60772]
	(No symbol) [0x007A0683]
	(No symbol) [0x007A6DE7]
	(No symbol) [0x007A9345]
	(No symbol) [0x0082F741]
	(No symbol) [0x0080D04C]
	(No symbol) [0x0082E824]
	(No symbol) [0x0080CE46]
	(No symbol) [0x007DC5D3]
	(No symbol) [0x007DD424]
	GetHandleVerifier [0x00BBBAB3+2435075]
	GetHandleVerifier [0x00BB7053+2416035]
	GetHandleVerifier [0x00BD33FC+2531660]
	GetHandleVerifier [0x0098F0A5+155125]
	GetHandleVerifier [0x00995A4D+182173]
	GetHandleVerifier [0x0097F8A8+91640]
	GetHandleVerifier [0x0097FA50+92064]
	GetHandleVerifier [0x0096A510+4704]
	BaseThreadInitThunk [0x7625FCC9+25]
	RtlGetAppContainerNamedObjectPath [0x76F082AE+286]
	RtlGetAppContainerNamedObjectPath [0x76F0827E+238]

2025-04-23 20:47:22,217 - ERROR - Failed to log in with Dhan credentials
2025-04-23 20:51:34,727 - INFO - Starting sector performance scraper
2025-04-23 20:51:34,728 - INFO - Credentials loaded successfully
2025-04-23 20:51:34,728 - INFO - ====== WebDriver manager ======
2025-04-23 20:51:35,858 - INFO - Get LATEST chromedriver version for google-chrome
2025-04-23 20:51:35,919 - INFO - Get LATEST chromedriver version for google-chrome
2025-04-23 20:51:35,958 - INFO - Driver [C:\Users\Rajee\.wdm\drivers\chromedriver\win64\135.0.7049.97\chromedriver-win32/chromedriver.exe] found in cache
2025-04-23 20:51:37,332 - INFO - Chrome WebDriver set up successfully
2025-04-23 20:51:39,740 - INFO - Navigated to login page
2025-04-23 20:51:39,756 - INFO - Trying login method 1
2025-04-23 20:51:39,776 - WARNING - Login method 1 failed: Message: no such element: Unable to locate element: {"method":"xpath","selector":"//img[@alt='Dhan' or contains(@alt, 'dhan')]"}
  (Session info: chrome=135.0.7049.96); For documentation on this error, please visit: https://www.selenium.dev/documentation/webdriver/troubleshooting/errors#no-such-element-exception
Stacktrace:
	GetHandleVerifier [0x00977FD3+60707]
	GetHandleVerifier [0x00978014+60772]
	(No symbol) [0x007A0683]
	(No symbol) [0x007E8660]
	(No symbol) [0x007E89FB]
	(No symbol) [0x00831022]
	(No symbol) [0x0080D094]
	(No symbol) [0x0082E824]
	(No symbol) [0x0080CE46]
	(No symbol) [0x007DC5D3]
	(No symbol) [0x007DD424]
	GetHandleVerifier [0x00BBBAB3+2435075]
	GetHandleVerifier [0x00BB7053+2416035]
	GetHandleVerifier [0x00BD33FC+2531660]
	GetHandleVerifier [0x0098F0A5+155125]
	GetHandleVerifier [0x00995A4D+182173]
	GetHandleVerifier [0x0097F8A8+91640]
	GetHandleVerifier [0x0097FA50+92064]
	GetHandleVerifier [0x0096A510+4704]
	BaseThreadInitThunk [0x7625FCC9+25]
	RtlGetAppContainerNamedObjectPath [0x76F082AE+286]
	RtlGetAppContainerNamedObjectPath [0x76F0827E+238]

2025-04-23 20:51:39,779 - INFO - Trying login method 2
2025-04-23 20:51:46,480 - INFO - Login method 2 successful
2025-04-23 20:51:46,542 - INFO - Redirected to Dhan login page
2025-04-23 20:51:57,067 - ERROR - Error in PIN input step: Message: 
Stacktrace:
	GetHandleVerifier [0x00977FD3+60707]
	GetHandleVerifier [0x00978014+60772]
	(No symbol) [0x007A0683]
	(No symbol) [0x007E8660]
	(No symbol) [0x007E89FB]
	(No symbol) [0x00831022]
	(No symbol) [0x0080D094]
	(No symbol) [0x0082E824]
	(No symbol) [0x0080CE46]
	(No symbol) [0x007DC5D3]
	(No symbol) [0x007DD424]
	GetHandleVerifier [0x00BBBAB3+2435075]
	GetHandleVerifier [0x00BB7053+2416035]
	GetHandleVerifier [0x00BD33FC+2531660]
	GetHandleVerifier [0x0098F0A5+155125]
	GetHandleVerifier [0x00995A4D+182173]
	GetHandleVerifier [0x0097F8A8+91640]
	GetHandleVerifier [0x0097FA50+92064]
	GetHandleVerifier [0x0096A510+4704]
	BaseThreadInitThunk [0x7625FCC9+25]
	RtlGetAppContainerNamedObjectPath [0x76F082AE+286]
	RtlGetAppContainerNamedObjectPath [0x76F0827E+238]

2025-04-23 20:52:17,580 - ERROR - Error waiting for redirect: Message: 

2025-04-23 20:52:17,585 - WARNING - Failed to log in with Dhan credentials, continuing with direct access
2025-04-23 20:52:19,730 - INFO - Navigated to sector performance page
2025-04-23 20:52:19,883 - INFO - Saved screenshot for debugging
2025-04-23 20:52:25,029 - WARNING - No sector elements found on the page
2025-04-23 20:52:25,030 - ERROR - Failed to scrape sector performance data
2025-04-23 20:52:25,030 - WARNING - Creating dummy sector data since no real data is available
2025-04-23 20:52:25,091 - INFO - Saved 8 sectors to sector_data.csv
2025-04-23 20:52:25,120 - INFO - Saved top and bottom sectors to separate files
2025-04-23 20:52:25,122 - INFO - Waiting 60 seconds until next scrape...
2025-04-23 20:53:25,721 - INFO - Browser page refreshed
2025-04-23 20:53:26,171 - INFO - Navigated to sector performance page
2025-04-23 20:53:26,359 - INFO - Saved screenshot for debugging
2025-04-23 20:53:31,516 - WARNING - No sector elements found on the page
2025-04-23 20:53:31,517 - ERROR - Failed to scrape sector performance data
2025-04-23 20:53:31,518 - INFO - Waiting 60 seconds until next scrape...
2025-04-23 20:54:32,586 - INFO - Browser page refreshed
2025-04-23 20:54:33,051 - INFO - Navigated to sector performance page
2025-04-23 20:54:33,293 - INFO - Saved screenshot for debugging
2025-04-23 20:54:38,382 - WARNING - No sector elements found on the page
2025-04-23 20:54:38,383 - ERROR - Failed to scrape sector performance data
2025-04-23 20:54:38,383 - INFO - Waiting 60 seconds until next scrape...
2025-04-23 20:55:39,431 - INFO - Browser page refreshed
2025-04-23 20:55:39,964 - INFO - Navigated to sector performance page
2025-04-23 20:55:40,163 - INFO - Saved screenshot for debugging
2025-04-23 20:55:45,243 - WARNING - No sector elements found on the page
2025-04-23 20:55:45,243 - ERROR - Failed to scrape sector performance data
2025-04-23 20:55:45,244 - INFO - Waiting 60 seconds until next scrape...
2025-04-23 20:56:46,063 - INFO - Browser page refreshed
2025-04-23 20:56:46,846 - INFO - Navigated to sector performance page
2025-04-23 20:56:47,201 - INFO - Saved screenshot for debugging
2025-04-23 20:56:52,330 - WARNING - No sector elements found on the page
2025-04-23 20:56:52,332 - ERROR - Failed to scrape sector performance data
2025-04-23 20:56:52,333 - INFO - Waiting 60 seconds until next scrape...
2025-04-23 20:57:53,262 - INFO - Browser page refreshed
2025-04-23 20:57:53,752 - INFO - Navigated to sector performance page
2025-04-23 20:57:54,001 - INFO - Saved screenshot for debugging
2025-04-23 20:57:56,457 - INFO - Scraper stopped by user
2025-04-23 20:57:56,483 - WARNING - Retrying (Retry(total=2, connect=None, read=None, redirect=None, status=None)) after connection broken by 'ConnectionResetError(10054, 'An existing connection was forcibly closed by the remote host', None, 10054, None)': /session/8dc3afb4d2e5f0510f1205d240355672
2025-04-23 20:58:00,548 - WARNING - Retrying (Retry(total=1, connect=None, read=None, redirect=None, status=None)) after connection broken by 'NewConnectionError('<urllib3.connection.HTTPConnection object at 0x00000202B7BE0F70>: Failed to establish a new connection: [WinError 10061] No connection could be made because the target machine actively refused it')': /session/8dc3afb4d2e5f0510f1205d240355672
2025-04-23 20:58:06,934 - INFO - Starting sector performance scraper
2025-04-23 20:58:06,934 - INFO - Credentials loaded successfully
2025-04-23 20:58:06,935 - INFO - ====== WebDriver manager ======
2025-04-23 20:58:08,085 - INFO - Get LATEST chromedriver version for google-chrome
2025-04-23 20:58:08,175 - INFO - Get LATEST chromedriver version for google-chrome
2025-04-23 20:58:08,222 - INFO - Driver [C:\Users\Rajee\.wdm\drivers\chromedriver\win64\135.0.7049.97\chromedriver-win32/chromedriver.exe] found in cache
2025-04-23 20:58:10,416 - INFO - Chrome WebDriver set up successfully
2025-04-23 20:58:13,191 - INFO - Navigated to login page
2025-04-23 20:58:13,219 - INFO - Trying login method 1
2025-04-23 20:58:13,252 - WARNING - Login method 1 failed: Message: no such element: Unable to locate element: {"method":"xpath","selector":"//img[@alt='Dhan' or contains(@alt, 'dhan')]"}
  (Session info: chrome=135.0.7049.96); For documentation on this error, please visit: https://www.selenium.dev/documentation/webdriver/troubleshooting/errors#no-such-element-exception
Stacktrace:
	GetHandleVerifier [0x00977FD3+60707]
	GetHandleVerifier [0x00978014+60772]
	(No symbol) [0x007A0683]
	(No symbol) [0x007E8660]
	(No symbol) [0x007E89FB]
	(No symbol) [0x00831022]
	(No symbol) [0x0080D094]
	(No symbol) [0x0082E824]
	(No symbol) [0x0080CE46]
	(No symbol) [0x007DC5D3]
	(No symbol) [0x007DD424]
	GetHandleVerifier [0x00BBBAB3+2435075]
	GetHandleVerifier [0x00BB7053+2416035]
	GetHandleVerifier [0x00BD33FC+2531660]
	GetHandleVerifier [0x0098F0A5+155125]
	GetHandleVerifier [0x00995A4D+182173]
	GetHandleVerifier [0x0097F8A8+91640]
	GetHandleVerifier [0x0097FA50+92064]
	GetHandleVerifier [0x0096A510+4704]
	BaseThreadInitThunk [0x7625FCC9+25]
	RtlGetAppContainerNamedObjectPath [0x76F082AE+286]
	RtlGetAppContainerNamedObjectPath [0x76F0827E+238]

2025-04-23 20:58:13,255 - INFO - Trying login method 2
2025-04-23 20:58:20,353 - INFO - Login method 2 successful
2025-04-23 20:58:20,366 - INFO - Redirected to Dhan login page
2025-04-23 20:58:20,560 - INFO - Saved PIN page screenshot for debugging
2025-04-23 20:58:47,079 - ERROR - Could not find PIN input field
2025-04-23 20:58:47,090 - INFO - Saved PIN page HTML for debugging
2025-04-23 20:58:47,090 - WARNING - Failed to log in with Dhan credentials, continuing with direct access
2025-04-23 20:58:50,057 - INFO - Navigated to sector performance page
2025-04-23 20:58:50,451 - INFO - Saved screenshot for debugging
2025-04-23 20:58:55,662 - WARNING - No sector elements found on the page
2025-04-23 20:58:55,663 - ERROR - Failed to scrape sector performance data
2025-04-23 20:58:55,663 - WARNING - Creating dummy sector data since no real data is available
2025-04-23 20:58:55,671 - INFO - Saved 8 sectors to sector_data.csv
2025-04-23 20:58:55,676 - INFO - Saved top and bottom sectors to separate files
2025-04-23 20:58:55,680 - INFO - Waiting 60 seconds until next scrape...
2025-04-23 20:59:56,922 - INFO - Browser page refreshed
2025-04-23 20:59:57,652 - INFO - Navigated to sector performance page
2025-04-23 20:59:58,014 - INFO - Saved screenshot for debugging
2025-04-23 21:00:03,107 - WARNING - No sector elements found on the page
2025-04-23 21:00:03,108 - ERROR - Failed to scrape sector performance data
2025-04-23 21:00:03,109 - INFO - Waiting 60 seconds until next scrape...
2025-04-23 21:01:03,705 - INFO - Browser page refreshed
2025-04-23 21:01:04,245 - INFO - Navigated to sector performance page
2025-04-23 21:01:04,580 - INFO - Saved screenshot for debugging
2025-04-23 21:01:09,670 - WARNING - No sector elements found on the page
2025-04-23 21:01:09,672 - ERROR - Failed to scrape sector performance data
2025-04-23 21:01:09,672 - INFO - Waiting 60 seconds until next scrape...
2025-04-23 21:02:10,309 - INFO - Browser page refreshed
2025-04-23 21:02:11,013 - INFO - Navigated to sector performance page
2025-04-23 21:02:11,208 - INFO - Saved screenshot for debugging
2025-04-23 21:02:16,339 - WARNING - No sector elements found on the page
2025-04-23 21:02:16,340 - ERROR - Failed to scrape sector performance data
2025-04-23 21:02:16,340 - INFO - Waiting 60 seconds until next scrape...
2025-04-23 21:03:17,329 - INFO - Browser page refreshed
2025-04-23 21:03:17,860 - INFO - Navigated to sector performance page
2025-04-23 21:03:18,042 - INFO - Saved screenshot for debugging
2025-04-23 21:03:23,133 - WARNING - No sector elements found on the page
2025-04-23 21:03:23,134 - ERROR - Failed to scrape sector performance data
2025-04-23 21:03:23,134 - INFO - Waiting 60 seconds until next scrape...
2025-04-23 21:04:25,207 - INFO - Browser page refreshed
2025-04-23 21:04:26,073 - INFO - Navigated to sector performance page
2025-04-23 21:04:26,360 - INFO - Saved screenshot for debugging
2025-04-23 21:04:31,645 - WARNING - No sector elements found on the page
2025-04-23 21:04:31,646 - ERROR - Failed to scrape sector performance data
2025-04-23 21:04:31,646 - INFO - Waiting 60 seconds until next scrape...
2025-04-23 21:05:32,895 - INFO - Browser page refreshed
2025-04-23 21:05:33,965 - INFO - Navigated to sector performance page
2025-04-23 21:05:34,232 - INFO - Saved screenshot for debugging
2025-04-23 21:05:39,315 - WARNING - No sector elements found on the page
2025-04-23 21:05:39,316 - ERROR - Failed to scrape sector performance data
2025-04-23 21:05:39,316 - INFO - Waiting 60 seconds until next scrape...
2025-04-23 21:06:42,398 - INFO - Browser page refreshed
2025-04-23 21:06:43,092 - INFO - Navigated to sector performance page
2025-04-23 21:06:43,683 - INFO - Saved screenshot for debugging
2025-04-23 21:06:48,941 - WARNING - No sector elements found on the page
2025-04-23 21:06:48,945 - ERROR - Failed to scrape sector performance data
2025-04-23 21:06:48,946 - INFO - Waiting 60 seconds until next scrape...
2025-04-23 21:07:52,050 - INFO - Browser page refreshed
2025-04-23 21:07:54,238 - INFO - Navigated to sector performance page
2025-04-23 21:07:54,661 - INFO - Saved screenshot for debugging
2025-04-23 21:08:00,442 - WARNING - No sector elements found on the page
2025-04-23 21:08:00,450 - ERROR - Failed to scrape sector performance data
2025-04-23 21:08:00,450 - INFO - Waiting 60 seconds until next scrape...
2025-04-23 21:09:01,714 - INFO - Browser page refreshed
2025-04-23 21:09:02,666 - INFO - Navigated to sector performance page
2025-04-23 21:09:03,103 - INFO - Saved screenshot for debugging
2025-04-23 21:09:08,212 - WARNING - No sector elements found on the page
2025-04-23 21:09:08,213 - ERROR - Failed to scrape sector performance data
2025-04-23 21:09:08,216 - INFO - Waiting 60 seconds until next scrape...
2025-04-23 21:10:10,478 - INFO - Browser page refreshed
2025-04-23 21:10:10,481 - ERROR - Error scraping sector performance: Message: no such window: target window already closed
from unknown error: web view not found
  (Session info: chrome=135.0.7049.96)
Stacktrace:
	GetHandleVerifier [0x00977FD3+60707]
	GetHandleVerifier [0x00978014+60772]
	(No symbol) [0x007A0683]
	(No symbol) [0x0077FBEE]
	(No symbol) [0x00813C2E]
	(No symbol) [0x0082E129]
	(No symbol) [0x0080CE46]
	(No symbol) [0x007DC5D3]
	(No symbol) [0x007DD424]
	GetHandleVerifier [0x00BBBAB3+2435075]
	GetHandleVerifier [0x00BB7053+2416035]
	GetHandleVerifier [0x00BD33FC+2531660]
	GetHandleVerifier [0x0098F0A5+155125]
	GetHandleVerifier [0x00995A4D+182173]
	GetHandleVerifier [0x0097F8A8+91640]
	GetHandleVerifier [0x0097FA50+92064]
	GetHandleVerifier [0x0096A510+4704]
	BaseThreadInitThunk [0x7625FCC9+25]
	RtlGetAppContainerNamedObjectPath [0x76F082AE+286]
	RtlGetAppContainerNamedObjectPath [0x76F0827E+238]

2025-04-23 21:10:10,484 - ERROR - Failed to scrape sector performance data
2025-04-23 21:10:10,485 - INFO - Waiting 60 seconds until next scrape...
2025-04-23 21:11:10,488 - ERROR - Error refreshing browser: Message: no such window: target window already closed
from unknown error: web view not found
  (Session info: chrome=135.0.7049.96)
Stacktrace:
	GetHandleVerifier [0x00977FD3+60707]
	GetHandleVerifier [0x00978014+60772]
	(No symbol) [0x007A0683]
	(No symbol) [0x0077FBEE]
	(No symbol) [0x00813C2E]
	(No symbol) [0x0082E129]
	(No symbol) [0x0080CE46]
	(No symbol) [0x007DC5D3]
	(No symbol) [0x007DD424]
	GetHandleVerifier [0x00BBBAB3+2435075]
	GetHandleVerifier [0x00BB7053+2416035]
	GetHandleVerifier [0x00BD33FC+2531660]
	GetHandleVerifier [0x0098F0A5+155125]
	GetHandleVerifier [0x00995A4D+182173]
	GetHandleVerifier [0x0097F8A8+91640]
	GetHandleVerifier [0x0097FA50+92064]
	GetHandleVerifier [0x0096A510+4704]
	BaseThreadInitThunk [0x7625FCC9+25]
	RtlGetAppContainerNamedObjectPath [0x76F082AE+286]
	RtlGetAppContainerNamedObjectPath [0x76F0827E+238]

2025-04-23 21:11:10,494 - ERROR - Error scraping sector performance: Message: no such window: target window already closed
from unknown error: web view not found
  (Session info: chrome=135.0.7049.96)
Stacktrace:
	GetHandleVerifier [0x00977FD3+60707]
	GetHandleVerifier [0x00978014+60772]
	(No symbol) [0x007A0683]
	(No symbol) [0x0077FBEE]
	(No symbol) [0x00813C2E]
	(No symbol) [0x0082E129]
	(No symbol) [0x0080CE46]
	(No symbol) [0x007DC5D3]
	(No symbol) [0x007DD424]
	GetHandleVerifier [0x00BBBAB3+2435075]
	GetHandleVerifier [0x00BB7053+2416035]
	GetHandleVerifier [0x00BD33FC+2531660]
	GetHandleVerifier [0x0098F0A5+155125]
	GetHandleVerifier [0x00995A4D+182173]
	GetHandleVerifier [0x0097F8A8+91640]
	GetHandleVerifier [0x0097FA50+92064]
	GetHandleVerifier [0x0096A510+4704]
	BaseThreadInitThunk [0x7625FCC9+25]
	RtlGetAppContainerNamedObjectPath [0x76F082AE+286]
	RtlGetAppContainerNamedObjectPath [0x76F0827E+238]

2025-04-23 21:11:10,498 - ERROR - Failed to scrape sector performance data
2025-04-23 21:11:10,498 - INFO - Waiting 60 seconds until next scrape...
2025-04-23 21:12:10,527 - ERROR - Error refreshing browser: Message: no such window: target window already closed
from unknown error: web view not found
  (Session info: chrome=135.0.7049.96)
Stacktrace:
	GetHandleVerifier [0x00977FD3+60707]
	GetHandleVerifier [0x00978014+60772]
	(No symbol) [0x007A0683]
	(No symbol) [0x0077FBEE]
	(No symbol) [0x00813C2E]
	(No symbol) [0x0082E129]
	(No symbol) [0x0080CE46]
	(No symbol) [0x007DC5D3]
	(No symbol) [0x007DD424]
	GetHandleVerifier [0x00BBBAB3+2435075]
	GetHandleVerifier [0x00BB7053+2416035]
	GetHandleVerifier [0x00BD33FC+2531660]
	GetHandleVerifier [0x0098F0A5+155125]
	GetHandleVerifier [0x00995A4D+182173]
	GetHandleVerifier [0x0097F8A8+91640]
	GetHandleVerifier [0x0097FA50+92064]
	GetHandleVerifier [0x0096A510+4704]
	BaseThreadInitThunk [0x7625FCC9+25]
	RtlGetAppContainerNamedObjectPath [0x76F082AE+286]
	RtlGetAppContainerNamedObjectPath [0x76F0827E+238]

2025-04-23 21:12:10,586 - ERROR - Error scraping sector performance: Message: no such window: target window already closed
from unknown error: web view not found
  (Session info: chrome=135.0.7049.96)
Stacktrace:
	GetHandleVerifier [0x00977FD3+60707]
	GetHandleVerifier [0x00978014+60772]
	(No symbol) [0x007A0683]
	(No symbol) [0x0077FBEE]
	(No symbol) [0x00813C2E]
	(No symbol) [0x0082E129]
	(No symbol) [0x0080CE46]
	(No symbol) [0x007DC5D3]
	(No symbol) [0x007DD424]
	GetHandleVerifier [0x00BBBAB3+2435075]
	GetHandleVerifier [0x00BB7053+2416035]
	GetHandleVerifier [0x00BD33FC+2531660]
	GetHandleVerifier [0x0098F0A5+155125]
	GetHandleVerifier [0x00995A4D+182173]
	GetHandleVerifier [0x0097F8A8+91640]
	GetHandleVerifier [0x0097FA50+92064]
	GetHandleVerifier [0x0096A510+4704]
	BaseThreadInitThunk [0x7625FCC9+25]
	RtlGetAppContainerNamedObjectPath [0x76F082AE+286]
	RtlGetAppContainerNamedObjectPath [0x76F0827E+238]

2025-04-23 21:12:10,635 - ERROR - Failed to scrape sector performance data
2025-04-23 21:12:10,689 - INFO - Waiting 60 seconds until next scrape...
2025-04-23 21:13:10,770 - ERROR - Error refreshing browser: Message: no such window: target window already closed
from unknown error: web view not found
  (Session info: chrome=135.0.7049.96)
Stacktrace:
	GetHandleVerifier [0x00977FD3+60707]
	GetHandleVerifier [0x00978014+60772]
	(No symbol) [0x007A0683]
	(No symbol) [0x0077FBEE]
	(No symbol) [0x00813C2E]
	(No symbol) [0x0082E129]
	(No symbol) [0x0080CE46]
	(No symbol) [0x007DC5D3]
	(No symbol) [0x007DD424]
	GetHandleVerifier [0x00BBBAB3+2435075]
	GetHandleVerifier [0x00BB7053+2416035]
	GetHandleVerifier [0x00BD33FC+2531660]
	GetHandleVerifier [0x0098F0A5+155125]
	GetHandleVerifier [0x00995A4D+182173]
	GetHandleVerifier [0x0097F8A8+91640]
	GetHandleVerifier [0x0097FA50+92064]
	GetHandleVerifier [0x0096A510+4704]
	BaseThreadInitThunk [0x7625FCC9+25]
	RtlGetAppContainerNamedObjectPath [0x76F082AE+286]
	RtlGetAppContainerNamedObjectPath [0x76F0827E+238]

2025-04-23 21:13:10,852 - ERROR - Error scraping sector performance: Message: no such window: target window already closed
from unknown error: web view not found
  (Session info: chrome=135.0.7049.96)
Stacktrace:
	GetHandleVerifier [0x00977FD3+60707]
	GetHandleVerifier [0x00978014+60772]
	(No symbol) [0x007A0683]
	(No symbol) [0x0077FBEE]
	(No symbol) [0x00813C2E]
	(No symbol) [0x0082E129]
	(No symbol) [0x0080CE46]
	(No symbol) [0x007DC5D3]
	(No symbol) [0x007DD424]
	GetHandleVerifier [0x00BBBAB3+2435075]
	GetHandleVerifier [0x00BB7053+2416035]
	GetHandleVerifier [0x00BD33FC+2531660]
	GetHandleVerifier [0x0098F0A5+155125]
	GetHandleVerifier [0x00995A4D+182173]
	GetHandleVerifier [0x0097F8A8+91640]
	GetHandleVerifier [0x0097FA50+92064]
	GetHandleVerifier [0x0096A510+4704]
	BaseThreadInitThunk [0x7625FCC9+25]
	RtlGetAppContainerNamedObjectPath [0x76F082AE+286]
	RtlGetAppContainerNamedObjectPath [0x76F0827E+238]

2025-04-23 21:13:10,873 - ERROR - Failed to scrape sector performance data
2025-04-23 21:13:10,878 - INFO - Waiting 60 seconds until next scrape...
2025-04-23 21:14:10,899 - ERROR - Error refreshing browser: Message: no such window: target window already closed
from unknown error: web view not found
  (Session info: chrome=135.0.7049.96)
Stacktrace:
	GetHandleVerifier [0x00977FD3+60707]
	GetHandleVerifier [0x00978014+60772]
	(No symbol) [0x007A0683]
	(No symbol) [0x0077FBEE]
	(No symbol) [0x00813C2E]
	(No symbol) [0x0082E129]
	(No symbol) [0x0080CE46]
	(No symbol) [0x007DC5D3]
	(No symbol) [0x007DD424]
	GetHandleVerifier [0x00BBBAB3+2435075]
	GetHandleVerifier [0x00BB7053+2416035]
	GetHandleVerifier [0x00BD33FC+2531660]
	GetHandleVerifier [0x0098F0A5+155125]
	GetHandleVerifier [0x00995A4D+182173]
	GetHandleVerifier [0x0097F8A8+91640]
	GetHandleVerifier [0x0097FA50+92064]
	GetHandleVerifier [0x0096A510+4704]
	BaseThreadInitThunk [0x7625FCC9+25]
	RtlGetAppContainerNamedObjectPath [0x76F082AE+286]
	RtlGetAppContainerNamedObjectPath [0x76F0827E+238]

2025-04-23 21:14:10,910 - ERROR - Error scraping sector performance: Message: no such window: target window already closed
from unknown error: web view not found
  (Session info: chrome=135.0.7049.96)
Stacktrace:
	GetHandleVerifier [0x00977FD3+60707]
	GetHandleVerifier [0x00978014+60772]
	(No symbol) [0x007A0683]
	(No symbol) [0x0077FBEE]
	(No symbol) [0x00813C2E]
	(No symbol) [0x0082E129]
	(No symbol) [0x0080CE46]
	(No symbol) [0x007DC5D3]
	(No symbol) [0x007DD424]
	GetHandleVerifier [0x00BBBAB3+2435075]
	GetHandleVerifier [0x00BB7053+2416035]
	GetHandleVerifier [0x00BD33FC+2531660]
	GetHandleVerifier [0x0098F0A5+155125]
	GetHandleVerifier [0x00995A4D+182173]
	GetHandleVerifier [0x0097F8A8+91640]
	GetHandleVerifier [0x0097FA50+92064]
	GetHandleVerifier [0x0096A510+4704]
	BaseThreadInitThunk [0x7625FCC9+25]
	RtlGetAppContainerNamedObjectPath [0x76F082AE+286]
	RtlGetAppContainerNamedObjectPath [0x76F0827E+238]

2025-04-23 21:14:10,990 - ERROR - Failed to scrape sector performance data
2025-04-23 21:14:10,991 - INFO - Waiting 60 seconds until next scrape...
2025-04-23 21:14:45,172 - INFO - Scraper stopped by user
2025-04-23 21:14:45,189 - WARNING - Retrying (Retry(total=2, connect=None, read=None, redirect=None, status=None)) after connection broken by 'ConnectionResetError(10054, 'An existing connection was forcibly closed by the remote host', None, 10054, None)': /session/9cf798ac6b66b5e48f05abfc02fb8b54
2025-04-23 21:14:49,262 - WARNING - Retrying (Retry(total=1, connect=None, read=None, redirect=None, status=None)) after connection broken by 'NewConnectionError('<urllib3.connection.HTTPConnection object at 0x000001F120F12FD0>: Failed to establish a new connection: [WinError 10061] No connection could be made because the target machine actively refused it')': /session/9cf798ac6b66b5e48f05abfc02fb8b54
2025-04-23 21:14:53,416 - WARNING - Retrying (Retry(total=0, connect=None, read=None, redirect=None, status=None)) after connection broken by 'NewConnectionError('<urllib3.connection.HTTPConnection object at 0x000001F120F122E0>: Failed to establish a new connection: [WinError 10061] No connection could be made because the target machine actively refused it')': /session/9cf798ac6b66b5e48f05abfc02fb8b54
2025-04-23 21:14:58,097 - INFO - WebDriver closed
2025-04-23 21:15:06,861 - INFO - Starting sector performance scraper
2025-04-23 21:15:06,862 - INFO - Credentials loaded successfully
2025-04-23 21:15:06,863 - INFO - ====== WebDriver manager ======
2025-04-23 21:15:09,986 - INFO - Get LATEST chromedriver version for google-chrome
2025-04-23 21:15:10,080 - INFO - Get LATEST chromedriver version for google-chrome
2025-04-23 21:15:10,147 - INFO - There is no [win64] chromedriver "135.0.7049.114" for browser google-chrome "135.0.7049" in cache
2025-04-23 21:15:10,148 - INFO - Get LATEST chromedriver version for google-chrome
2025-04-23 21:15:10,311 - INFO - WebDriver version 135.0.7049.114 selected
2025-04-23 21:15:10,329 - INFO - Modern chrome version https://storage.googleapis.com/chrome-for-testing-public/135.0.7049.114/win32/chromedriver-win32.zip
2025-04-23 21:15:10,330 - INFO - About to download new driver from https://storage.googleapis.com/chrome-for-testing-public/135.0.7049.114/win32/chromedriver-win32.zip
2025-04-23 21:15:10,398 - INFO - Driver downloading response is 200
2025-04-23 21:15:10,707 - INFO - Get LATEST chromedriver version for google-chrome
2025-04-23 21:15:12,484 - INFO - Driver has been saved in cache [C:\Users\Rajee\.wdm\drivers\chromedriver\win64\135.0.7049.114]
2025-04-23 21:15:17,759 - INFO - Chrome WebDriver set up successfully
2025-04-23 21:15:21,811 - INFO - Navigated to login page
2025-04-23 21:15:21,872 - INFO - Trying login method 1
2025-04-23 21:15:21,911 - WARNING - Login method 1 failed: Message: no such element: Unable to locate element: {"method":"xpath","selector":"//img[@alt='Dhan' or contains(@alt, 'dhan')]"}
  (Session info: chrome=135.0.7049.96); For documentation on this error, please visit: https://www.selenium.dev/documentation/webdriver/troubleshooting/errors#no-such-element-exception
Stacktrace:
	GetHandleVerifier [0x002DD363+60275]
	GetHandleVerifier [0x002DD3A4+60340]
	(No symbol) [0x001106F3]
	(No symbol) [0x00158690]
	(No symbol) [0x00158A2B]
	(No symbol) [0x001A0EE2]
	(No symbol) [0x0017D0D4]
	(No symbol) [0x0019E6EB]
	(No symbol) [0x0017CE86]
	(No symbol) [0x0014C623]
	(No symbol) [0x0014D474]
	GetHandleVerifier [0x00528FE3+2467827]
	GetHandleVerifier [0x005245E6+2448886]
	GetHandleVerifier [0x0053F80C+2560028]
	GetHandleVerifier [0x002F3DF5+153093]
	GetHandleVerifier [0x002FA3BD+179149]
	GetHandleVerifier [0x002E4BB8+91080]
	GetHandleVerifier [0x002E4D60+91504]
	GetHandleVerifier [0x002CFA10+4640]
	BaseThreadInitThunk [0x7625FCC9+25]
	RtlGetAppContainerNamedObjectPath [0x76F082AE+286]
	RtlGetAppContainerNamedObjectPath [0x76F0827E+238]
	(No symbol) [0x00000000]

2025-04-23 21:15:21,932 - INFO - Trying login method 2
2025-04-23 21:15:29,978 - INFO - Login method 2 successful
2025-04-23 21:15:30,008 - INFO - Detected consent ID in URL, we're on the PIN entry page
2025-04-23 21:15:34,037 - INFO - Found 1 potential input elements with selector: //form//input[last()]
2025-04-23 21:15:34,978 - INFO - Element 0: type=tel, id=mat-input-0, class=mat-input-element mat-form-field-autofill-control form-control loginformcontrol formInput cdk-text-field-autofill-monitored ng-untouched ng-pristine ng-invalid
2025-04-23 21:15:35,004 - INFO - Selected element 0 as PIN input
2025-04-23 21:16:05,377 - ERROR - Error waiting for redirect: Message: 

2025-04-23 21:16:05,385 - WARNING - Failed to log in with Dhan credentials, continuing with direct access
2025-04-23 21:16:08,198 - INFO - Navigated to sector performance page
2025-04-23 21:16:08,965 - INFO - Saved screenshot for debugging
2025-04-23 21:16:15,071 - INFO - Using percentage parent elements as fallback, found 28 elements
2025-04-23 21:16:15,999 - INFO - Extracted 24 sectors
2025-04-23 21:16:16,000 - INFO - Successfully scraped 24 sectors
2025-04-23 21:16:16,001 - INFO - Sector: 2917.8 - Change: +98.62%
2025-04-23 21:16:16,002 - INFO - Sector: 2806.7 - Change: +75.52%
2025-04-23 21:16:16,002 - INFO - Sector: 5740 - Change: +67.44%
2025-04-23 21:16:16,003 - INFO - Sector: 8261.5 - Change: +53.88%
2025-04-23 21:16:16,003 - INFO - Sector: 135.73 - Change: +49.81%
2025-04-23 21:16:16,014 - INFO - Saved 24 sectors to sector_data.csv
2025-04-23 21:16:16,021 - INFO - Saved top and bottom sectors to separate files
2025-04-23 21:16:16,024 - INFO - Waiting 60 seconds until next scrape...
2025-04-23 21:17:18,489 - INFO - Browser page refreshed
2025-04-23 21:17:19,731 - INFO - Navigated to sector performance page
2025-04-23 21:17:20,191 - INFO - Saved screenshot for debugging
2025-04-23 21:17:25,627 - INFO - Using percentage parent elements as fallback, found 28 elements
2025-04-23 21:17:26,013 - INFO - Extracted 11 sectors
2025-04-23 21:17:26,014 - INFO - Successfully scraped 11 sectors
2025-04-23 21:17:26,014 - INFO - Sector: 2917.8 - Change: +98.62%
2025-04-23 21:17:26,014 - INFO - Sector: 2806.7 - Change: +75.52%
2025-04-23 21:17:26,015 - INFO - Sector: 5740 - Change: +67.44%
2025-04-23 21:17:26,015 - INFO - Sector: Markets - Change: +67.44%
2025-04-23 21:17:26,015 - INFO - Sector: INDIA_VIX - Change: +4.79%
2025-04-23 21:17:26,018 - INFO - Saved 11 sectors to sector_data.csv
2025-04-23 21:17:26,024 - INFO - Saved top and bottom sectors to separate files
2025-04-23 21:17:26,026 - INFO - Waiting 60 seconds until next scrape...
2025-04-23 21:18:27,235 - INFO - Browser page refreshed
2025-04-23 21:18:27,523 - INFO - Navigated to sector performance page
2025-04-23 21:18:28,291 - INFO - Saved screenshot for debugging
2025-04-23 21:18:34,176 - INFO - Using percentage parent elements as fallback, found 29 elements
2025-04-23 21:18:35,024 - INFO - Extracted 11 sectors
2025-04-23 21:18:35,051 - INFO - Successfully scraped 11 sectors
2025-04-23 21:18:35,079 - INFO - Sector: 2917.8 - Change: +98.62%
2025-04-23 21:18:35,080 - INFO - Sector: 2806.7 - Change: +75.52%
2025-04-23 21:18:35,080 - INFO - Sector: 5740 - Change: +67.44%
2025-04-23 21:18:35,085 - INFO - Sector: Markets - Change: +67.44%
2025-04-23 21:18:35,086 - INFO - Sector: INDIA_VIX - Change: +4.79%
2025-04-23 21:18:35,090 - INFO - Saved 11 sectors to sector_data.csv
2025-04-23 21:18:35,106 - INFO - Saved top and bottom sectors to separate files
2025-04-23 21:18:35,142 - INFO - Waiting 60 seconds until next scrape...
2025-04-23 21:19:35,705 - INFO - Browser page refreshed
2025-04-23 21:19:36,382 - INFO - Navigated to sector performance page
2025-04-23 21:19:36,902 - INFO - Saved screenshot for debugging
2025-04-23 21:19:42,671 - INFO - Using percentage parent elements as fallback, found 29 elements
2025-04-23 21:19:44,142 - INFO - Extracted 11 sectors
2025-04-23 21:19:44,143 - INFO - Successfully scraped 11 sectors
2025-04-23 21:19:44,144 - INFO - Sector: 2917.8 - Change: +98.62%
2025-04-23 21:19:44,145 - INFO - Sector: 2806.7 - Change: +75.52%
2025-04-23 21:19:44,145 - INFO - Sector: 5740 - Change: +67.44%
2025-04-23 21:19:44,146 - INFO - Sector: Markets - Change: +67.44%
2025-04-23 21:19:44,147 - INFO - Sector: INDIA_VIX - Change: +4.79%
2025-04-23 21:19:44,152 - INFO - Saved 11 sectors to sector_data.csv
2025-04-23 21:19:44,162 - INFO - Saved top and bottom sectors to separate files
2025-04-23 21:19:44,169 - INFO - Waiting 60 seconds until next scrape...
2025-04-23 21:21:37,404 - INFO - Browser page refreshed
2025-04-23 21:22:17,795 - INFO - Navigated to sector performance page
2025-04-23 21:22:21,775 - INFO - Saved screenshot for debugging
2025-04-23 21:22:26,802 - WARNING - Selector //div[contains(@class, 'sector-card')] failed: Message: no such window: target window already closed
from unknown error: web view not found
  (Session info: chrome=135.0.7049.96)
Stacktrace:
	GetHandleVerifier [0x002DD363+60275]
	GetHandleVerifier [0x002DD3A4+60340]
	(No symbol) [0x001106F3]
	(No symbol) [0x000EFBEE]
	(No symbol) [0x00183BDE]
	(No symbol) [0x0019DFE9]
	(No symbol) [0x0017CE86]
	(No symbol) [0x0014C623]
	(No symbol) [0x0014D474]
	GetHandleVerifier [0x00528FE3+2467827]
	GetHandleVerifier [0x005245E6+2448886]
	GetHandleVerifier [0x0053F80C+2560028]
	GetHandleVerifier [0x002F3DF5+153093]
	GetHandleVerifier [0x002FA3BD+179149]
	GetHandleVerifier [0x002E4BB8+91080]
	GetHandleVerifier [0x002E4D60+91504]
	GetHandleVerifier [0x002CFA10+4640]
	BaseThreadInitThunk [0x7625FCC9+25]
	RtlGetAppContainerNamedObjectPath [0x76F082AE+286]
	RtlGetAppContainerNamedObjectPath [0x76F0827E+238]
	(No symbol) [0x00000000]

2025-04-23 21:22:26,819 - WARNING - Selector //div[contains(@class, 'sector-name')]/.. failed: Message: no such window: target window already closed
from unknown error: web view not found
  (Session info: chrome=135.0.7049.96)
Stacktrace:
	GetHandleVerifier [0x002DD363+60275]
	GetHandleVerifier [0x002DD3A4+60340]
	(No symbol) [0x001106F3]
	(No symbol) [0x000EFBEE]
	(No symbol) [0x00183BDE]
	(No symbol) [0x0019DFE9]
	(No symbol) [0x0017CE86]
	(No symbol) [0x0014C623]
	(No symbol) [0x0014D474]
	GetHandleVerifier [0x00528FE3+2467827]
	GetHandleVerifier [0x005245E6+2448886]
	GetHandleVerifier [0x0053F80C+2560028]
	GetHandleVerifier [0x002F3DF5+153093]
	GetHandleVerifier [0x002FA3BD+179149]
	GetHandleVerifier [0x002E4BB8+91080]
	GetHandleVerifier [0x002E4D60+91504]
	GetHandleVerifier [0x002CFA10+4640]
	BaseThreadInitThunk [0x7625FCC9+25]
	RtlGetAppContainerNamedObjectPath [0x76F082AE+286]
	RtlGetAppContainerNamedObjectPath [0x76F0827E+238]
	(No symbol) [0x00000000]

2025-04-23 21:22:26,857 - WARNING - Selector //table[contains(@class, 'sector')]//tr failed: Message: no such window: target window already closed
from unknown error: web view not found
  (Session info: chrome=135.0.7049.96)
Stacktrace:
	GetHandleVerifier [0x002DD363+60275]
	GetHandleVerifier [0x002DD3A4+60340]
	(No symbol) [0x001106F3]
	(No symbol) [0x000EFBEE]
	(No symbol) [0x00183BDE]
	(No symbol) [0x0019DFE9]
	(No symbol) [0x0017CE86]
	(No symbol) [0x0014C623]
	(No symbol) [0x0014D474]
	GetHandleVerifier [0x00528FE3+2467827]
	GetHandleVerifier [0x005245E6+2448886]
	GetHandleVerifier [0x0053F80C+2560028]
	GetHandleVerifier [0x002F3DF5+153093]
	GetHandleVerifier [0x002FA3BD+179149]
	GetHandleVerifier [0x002E4BB8+91080]
	GetHandleVerifier [0x002E4D60+91504]
	GetHandleVerifier [0x002CFA10+4640]
	BaseThreadInitThunk [0x7625FCC9+25]
	RtlGetAppContainerNamedObjectPath [0x76F082AE+286]
	RtlGetAppContainerNamedObjectPath [0x76F0827E+238]
	(No symbol) [0x00000000]

2025-04-23 21:22:26,871 - WARNING - Selector //div[contains(text(), 'Sector') or contains(text(), 'sector')]/.. failed: Message: no such window: target window already closed
from unknown error: web view not found
  (Session info: chrome=135.0.7049.96)
Stacktrace:
	GetHandleVerifier [0x002DD363+60275]
	GetHandleVerifier [0x002DD3A4+60340]
	(No symbol) [0x001106F3]
	(No symbol) [0x000EFBEE]
	(No symbol) [0x00183BDE]
	(No symbol) [0x0019DFE9]
	(No symbol) [0x0017CE86]
	(No symbol) [0x0014C623]
	(No symbol) [0x0014D474]
	GetHandleVerifier [0x00528FE3+2467827]
	GetHandleVerifier [0x005245E6+2448886]
	GetHandleVerifier [0x0053F80C+2560028]
	GetHandleVerifier [0x002F3DF5+153093]
	GetHandleVerifier [0x002FA3BD+179149]
	GetHandleVerifier [0x002E4BB8+91080]
	GetHandleVerifier [0x002E4D60+91504]
	GetHandleVerifier [0x002CFA10+4640]
	BaseThreadInitThunk [0x7625FCC9+25]
	RtlGetAppContainerNamedObjectPath [0x76F082AE+286]
	RtlGetAppContainerNamedObjectPath [0x76F0827E+238]
	(No symbol) [0x00000000]

2025-04-23 21:22:26,905 - WARNING - Selector //div[contains(@class, 'card')] failed: Message: no such window: target window already closed
from unknown error: web view not found
  (Session info: chrome=135.0.7049.96)
Stacktrace:
	GetHandleVerifier [0x002DD363+60275]
	GetHandleVerifier [0x002DD3A4+60340]
	(No symbol) [0x001106F3]
	(No symbol) [0x000EFBEE]
	(No symbol) [0x00183BDE]
	(No symbol) [0x0019DFE9]
	(No symbol) [0x0017CE86]
	(No symbol) [0x0014C623]
	(No symbol) [0x0014D474]
	GetHandleVerifier [0x00528FE3+2467827]
	GetHandleVerifier [0x005245E6+2448886]
	GetHandleVerifier [0x0053F80C+2560028]
	GetHandleVerifier [0x002F3DF5+153093]
	GetHandleVerifier [0x002FA3BD+179149]
	GetHandleVerifier [0x002E4BB8+91080]
	GetHandleVerifier [0x002E4D60+91504]
	GetHandleVerifier [0x002CFA10+4640]
	BaseThreadInitThunk [0x7625FCC9+25]
	RtlGetAppContainerNamedObjectPath [0x76F082AE+286]
	RtlGetAppContainerNamedObjectPath [0x76F0827E+238]
	(No symbol) [0x00000000]

2025-04-23 21:22:26,918 - WARNING - Selector //div[contains(@class, 'grid')]//div[contains(@class, 'card')] failed: Message: no such window: target window already closed
from unknown error: web view not found
  (Session info: chrome=135.0.7049.96)
Stacktrace:
	GetHandleVerifier [0x002DD363+60275]
	GetHandleVerifier [0x002DD3A4+60340]
	(No symbol) [0x001106F3]
	(No symbol) [0x000EFBEE]
	(No symbol) [0x00183BDE]
	(No symbol) [0x0019DFE9]
	(No symbol) [0x0017CE86]
	(No symbol) [0x0014C623]
	(No symbol) [0x0014D474]
	GetHandleVerifier [0x00528FE3+2467827]
	GetHandleVerifier [0x005245E6+2448886]
	GetHandleVerifier [0x0053F80C+2560028]
	GetHandleVerifier [0x002F3DF5+153093]
	GetHandleVerifier [0x002FA3BD+179149]
	GetHandleVerifier [0x002E4BB8+91080]
	GetHandleVerifier [0x002E4D60+91504]
	GetHandleVerifier [0x002CFA10+4640]
	BaseThreadInitThunk [0x7625FCC9+25]
	RtlGetAppContainerNamedObjectPath [0x76F082AE+286]
	RtlGetAppContainerNamedObjectPath [0x76F0827E+238]
	(No symbol) [0x00000000]

2025-04-23 21:22:26,936 - WARNING - Selector //div[contains(@class, 'dashboard')]//div[contains(@class, 'card')] failed: Message: no such window: target window already closed
from unknown error: web view not found
  (Session info: chrome=135.0.7049.96)
Stacktrace:
	GetHandleVerifier [0x002DD363+60275]
	GetHandleVerifier [0x002DD3A4+60340]
	(No symbol) [0x001106F3]
	(No symbol) [0x000EFBEE]
	(No symbol) [0x00183BDE]
	(No symbol) [0x0019DFE9]
	(No symbol) [0x0017CE86]
	(No symbol) [0x0014C623]
	(No symbol) [0x0014D474]
	GetHandleVerifier [0x00528FE3+2467827]
	GetHandleVerifier [0x005245E6+2448886]
	GetHandleVerifier [0x0053F80C+2560028]
	GetHandleVerifier [0x002F3DF5+153093]
	GetHandleVerifier [0x002FA3BD+179149]
	GetHandleVerifier [0x002E4BB8+91080]
	GetHandleVerifier [0x002E4D60+91504]
	GetHandleVerifier [0x002CFA10+4640]
	BaseThreadInitThunk [0x7625FCC9+25]
	RtlGetAppContainerNamedObjectPath [0x76F082AE+286]
	RtlGetAppContainerNamedObjectPath [0x76F0827E+238]
	(No symbol) [0x00000000]

2025-04-23 21:22:26,956 - WARNING - Selector //div[contains(@class, 'performance')]//div failed: Message: no such window: target window already closed
from unknown error: web view not found
  (Session info: chrome=135.0.7049.96)
Stacktrace:
	GetHandleVerifier [0x002DD363+60275]
	GetHandleVerifier [0x002DD3A4+60340]
	(No symbol) [0x001106F3]
	(No symbol) [0x000EFBEE]
	(No symbol) [0x00183BDE]
	(No symbol) [0x0019DFE9]
	(No symbol) [0x0017CE86]
	(No symbol) [0x0014C623]
	(No symbol) [0x0014D474]
	GetHandleVerifier [0x00528FE3+2467827]
	GetHandleVerifier [0x005245E6+2448886]
	GetHandleVerifier [0x0053F80C+2560028]
	GetHandleVerifier [0x002F3DF5+153093]
	GetHandleVerifier [0x002FA3BD+179149]
	GetHandleVerifier [0x002E4BB8+91080]
	GetHandleVerifier [0x002E4D60+91504]
	GetHandleVerifier [0x002CFA10+4640]
	BaseThreadInitThunk [0x7625FCC9+25]
	RtlGetAppContainerNamedObjectPath [0x76F082AE+286]
	RtlGetAppContainerNamedObjectPath [0x76F0827E+238]
	(No symbol) [0x00000000]

2025-04-23 21:22:26,987 - WARNING - Table fallback failed: Message: no such window: target window already closed
from unknown error: web view not found
  (Session info: chrome=135.0.7049.96)
Stacktrace:
	GetHandleVerifier [0x002DD363+60275]
	GetHandleVerifier [0x002DD3A4+60340]
	(No symbol) [0x001106F3]
	(No symbol) [0x000EFBEE]
	(No symbol) [0x00183BDE]
	(No symbol) [0x0019DFE9]
	(No symbol) [0x0017CE86]
	(No symbol) [0x0014C623]
	(No symbol) [0x0014D474]
	GetHandleVerifier [0x00528FE3+2467827]
	GetHandleVerifier [0x005245E6+2448886]
	GetHandleVerifier [0x0053F80C+2560028]
	GetHandleVerifier [0x002F3DF5+153093]
	GetHandleVerifier [0x002FA3BD+179149]
	GetHandleVerifier [0x002E4BB8+91080]
	GetHandleVerifier [0x002E4D60+91504]
	GetHandleVerifier [0x002CFA10+4640]
	BaseThreadInitThunk [0x7625FCC9+25]
	RtlGetAppContainerNamedObjectPath [0x76F082AE+286]
	RtlGetAppContainerNamedObjectPath [0x76F0827E+238]
	(No symbol) [0x00000000]

2025-04-23 21:22:27,005 - WARNING - Percentage fallback failed: Message: no such window: target window already closed
from unknown error: web view not found
  (Session info: chrome=135.0.7049.96)
Stacktrace:
	GetHandleVerifier [0x002DD363+60275]
	GetHandleVerifier [0x002DD3A4+60340]
	(No symbol) [0x001106F3]
	(No symbol) [0x000EFBEE]
	(No symbol) [0x00183BDE]
	(No symbol) [0x0019DFE9]
	(No symbol) [0x0017CE86]
	(No symbol) [0x0014C623]
	(No symbol) [0x0014D474]
	GetHandleVerifier [0x00528FE3+2467827]
	GetHandleVerifier [0x005245E6+2448886]
	GetHandleVerifier [0x0053F80C+2560028]
	GetHandleVerifier [0x002F3DF5+153093]
	GetHandleVerifier [0x002FA3BD+179149]
	GetHandleVerifier [0x002E4BB8+91080]
	GetHandleVerifier [0x002E4D60+91504]
	GetHandleVerifier [0x002CFA10+4640]
	BaseThreadInitThunk [0x7625FCC9+25]
	RtlGetAppContainerNamedObjectPath [0x76F082AE+286]
	RtlGetAppContainerNamedObjectPath [0x76F0827E+238]
	(No symbol) [0x00000000]

2025-04-23 21:22:27,012 - ERROR - Error scraping sector performance: Message: no such window: target window already closed
from unknown error: web view not found
  (Session info: chrome=135.0.7049.96)
Stacktrace:
	GetHandleVerifier [0x002DD363+60275]
	GetHandleVerifier [0x002DD3A4+60340]
	(No symbol) [0x001106F3]
	(No symbol) [0x000EFBEE]
	(No symbol) [0x00183BDE]
	(No symbol) [0x0019DFE9]
	(No symbol) [0x0017CE86]
	(No symbol) [0x0014C623]
	(No symbol) [0x0014D474]
	GetHandleVerifier [0x00528FE3+2467827]
	GetHandleVerifier [0x005245E6+2448886]
	GetHandleVerifier [0x0053F80C+2560028]
	GetHandleVerifier [0x002F3DF5+153093]
	GetHandleVerifier [0x002FA3BD+179149]
	GetHandleVerifier [0x002E4BB8+91080]
	GetHandleVerifier [0x002E4D60+91504]
	GetHandleVerifier [0x002CFA10+4640]
	BaseThreadInitThunk [0x7625FCC9+25]
	RtlGetAppContainerNamedObjectPath [0x76F082AE+286]
	RtlGetAppContainerNamedObjectPath [0x76F0827E+238]
	(No symbol) [0x00000000]

2025-04-23 21:22:27,026 - ERROR - Failed to scrape sector performance data
2025-04-23 21:22:27,027 - INFO - Waiting 60 seconds until next scrape...
2025-04-23 21:23:24,777 - INFO - Scraper stopped by user
2025-04-23 21:23:25,510 - WARNING - Retrying (Retry(total=2, connect=None, read=None, redirect=None, status=None)) after connection broken by 'ConnectionResetError(10054, 'An existing connection was forcibly closed by the remote host', None, 10054, None)': /session/e7af815a57aa55a750c58609499e0b78
2025-04-23 21:23:29,847 - WARNING - Retrying (Retry(total=1, connect=None, read=None, redirect=None, status=None)) after connection broken by 'NewConnectionError('<urllib3.connection.HTTPConnection object at 0x0000025F14640190>: Failed to establish a new connection: [WinError 10061] No connection could be made because the target machine actively refused it')': /session/e7af815a57aa55a750c58609499e0b78
2025-04-23 21:33:47,883 - INFO - Starting sector performance scraper
2025-04-23 21:33:47,885 - INFO - Credentials loaded successfully
2025-04-23 21:33:47,886 - INFO - ====== WebDriver manager ======
2025-04-23 21:33:50,691 - INFO - Get LATEST chromedriver version for google-chrome
2025-04-23 21:33:50,800 - INFO - Get LATEST chromedriver version for google-chrome
2025-04-23 21:33:50,858 - INFO - Driver [C:\Users\Rajee\.wdm\drivers\chromedriver\win64\135.0.7049.114\chromedriver-win32/chromedriver.exe] found in cache
2025-04-23 21:33:57,145 - INFO - Chrome WebDriver set up successfully
2025-04-23 21:34:00,971 - INFO - Navigated to login page
2025-04-23 21:34:01,021 - INFO - Trying login method 1
2025-04-23 21:34:01,066 - WARNING - Login method 1 failed: Message: no such element: Unable to locate element: {"method":"xpath","selector":"//img[@alt='Dhan' or contains(@alt, 'dhan')]"}
  (Session info: chrome=135.0.7049.96); For documentation on this error, please visit: https://www.selenium.dev/documentation/webdriver/troubleshooting/errors#no-such-element-exception
Stacktrace:
	GetHandleVerifier [0x002DD363+60275]
	GetHandleVerifier [0x002DD3A4+60340]
	(No symbol) [0x001106F3]
	(No symbol) [0x00158690]
	(No symbol) [0x00158A2B]
	(No symbol) [0x001A0EE2]
	(No symbol) [0x0017D0D4]
	(No symbol) [0x0019E6EB]
	(No symbol) [0x0017CE86]
	(No symbol) [0x0014C623]
	(No symbol) [0x0014D474]
	GetHandleVerifier [0x00528FE3+2467827]
	GetHandleVerifier [0x005245E6+2448886]
	GetHandleVerifier [0x0053F80C+2560028]
	GetHandleVerifier [0x002F3DF5+153093]
	GetHandleVerifier [0x002FA3BD+179149]
	GetHandleVerifier [0x002E4BB8+91080]
	GetHandleVerifier [0x002E4D60+91504]
	GetHandleVerifier [0x002CFA10+4640]
	BaseThreadInitThunk [0x7625FCC9+25]
	RtlGetAppContainerNamedObjectPath [0x76F082AE+286]
	RtlGetAppContainerNamedObjectPath [0x76F0827E+238]
	(No symbol) [0x00000000]

2025-04-23 21:34:01,070 - INFO - Trying login method 2
2025-04-23 21:34:10,067 - INFO - Login method 2 successful
2025-04-23 21:34:10,102 - INFO - Detected consent ID in URL, we're on the PIN entry page
2025-04-23 21:34:13,357 - INFO - Found telephone input with selector: //input[@type='tel']
2025-04-23 21:34:13,879 - INFO - Found 1 form inputs
2025-04-23 21:34:13,938 - INFO - Input 0: type=tel, id=mat-input-0, placeholder=Enter mobile number
2025-04-23 21:34:13,939 - ERROR - Could not find PIN input field
2025-04-23 21:34:13,948 - INFO - Saved consent page HTML for debugging
2025-04-23 21:34:14,163 - INFO - Trying direct access to sector performance after PIN input failure
2025-04-23 21:34:19,054 - INFO - Navigated to sector performance page
2025-04-23 21:34:19,660 - INFO - Saved screenshot for debugging
2025-04-23 21:34:26,248 - WARNING - No sector elements found on the page
2025-04-23 21:34:26,251 - ERROR - Failed to scrape sector performance data
2025-04-23 21:34:31,586 - INFO - WebDriver closed
2025-04-23 21:39:23,489 - INFO - Starting sector performance scraper
2025-04-23 21:39:23,502 - INFO - Credentials loaded successfully
2025-04-23 21:39:23,503 - INFO - Mapped 'username' to 'phone' for compatibility
2025-04-23 21:39:23,503 - INFO - Mapped 'password' to 'pin' for compatibility
2025-04-23 21:39:23,504 - INFO - ====== WebDriver manager ======
2025-04-23 21:39:26,390 - INFO - Get LATEST chromedriver version for google-chrome
2025-04-23 21:39:26,456 - INFO - Get LATEST chromedriver version for google-chrome
2025-04-23 21:39:26,522 - INFO - Driver [C:\Users\Rajee\.wdm\drivers\chromedriver\win64\135.0.7049.114\chromedriver-win32/chromedriver.exe] found in cache
2025-04-23 21:39:32,364 - INFO - Chrome WebDriver set up successfully
2025-04-23 21:39:32,365 - INFO - Using phone: 9087**** and PIN: ****
2025-04-23 21:39:32,981 - INFO - Navigated to login page
2025-04-23 21:39:36,502 - INFO - Trying login method 1
2025-04-23 21:39:36,530 - WARNING - Login method 1 failed: Message: no such element: Unable to locate element: {"method":"xpath","selector":"//img[@alt='Dhan' or contains(@alt, 'dhan')]"}
  (Session info: chrome=135.0.7049.96); For documentation on this error, please visit: https://www.selenium.dev/documentation/webdriver/troubleshooting/errors#no-such-element-exception
Stacktrace:
	GetHandleVerifier [0x002DD363+60275]
	GetHandleVerifier [0x002DD3A4+60340]
	(No symbol) [0x001106F3]
	(No symbol) [0x00158690]
	(No symbol) [0x00158A2B]
	(No symbol) [0x001A0EE2]
	(No symbol) [0x0017D0D4]
	(No symbol) [0x0019E6EB]
	(No symbol) [0x0017CE86]
	(No symbol) [0x0014C623]
	(No symbol) [0x0014D474]
	GetHandleVerifier [0x00528FE3+2467827]
	GetHandleVerifier [0x005245E6+2448886]
	GetHandleVerifier [0x0053F80C+2560028]
	GetHandleVerifier [0x002F3DF5+153093]
	GetHandleVerifier [0x002FA3BD+179149]
	GetHandleVerifier [0x002E4BB8+91080]
	GetHandleVerifier [0x002E4D60+91504]
	GetHandleVerifier [0x002CFA10+4640]
	BaseThreadInitThunk [0x7625FCC9+25]
	RtlGetAppContainerNamedObjectPath [0x76F082AE+286]
	RtlGetAppContainerNamedObjectPath [0x76F0827E+238]
	(No symbol) [0x00000000]

2025-04-23 21:39:36,538 - INFO - Trying login method 2
2025-04-23 21:39:47,445 - INFO - Login method 2 successful - redirected to Dhan
2025-04-23 21:39:47,927 - INFO - Current URL: https://partner-login.dhan.co/?consentID=cc20807e-65f7-482d-b078-ad639b01912d
2025-04-23 21:39:47,949 - INFO - Found phone field with selector: //input[@type='tel']
2025-04-23 21:39:48,161 - INFO - Entered phone number
2025-04-23 21:39:48,614 - INFO - Found continue button with selector: //button[@type='submit']
2025-04-23 21:39:48,862 - INFO - Clicked continue button
2025-04-23 21:39:59,318 - INFO - Current URL after phone submission: https://partner-login.dhan.co/?consentID=cc20807e-65f7-482d-b078-ad639b01912d
2025-04-23 21:39:59,388 - INFO - Found PIN field with selector: //input[@type='password']
2025-04-23 21:40:02,193 - INFO - Entered PIN
2025-04-23 21:40:02,566 - INFO - Found submit button with selector: //button[@type='submit']
2025-04-23 21:40:02,745 - INFO - Clicked submit button
2025-04-23 21:44:47,783 - INFO - Starting sector performance scraper
2025-04-23 21:44:47,792 - INFO - Credentials loaded successfully
2025-04-23 21:44:47,792 - INFO - Mapped 'username' to 'phone' for compatibility
2025-04-23 21:44:47,793 - INFO - Available credential fields: ['username', 'pin', 'password', 'phone']
2025-04-23 21:44:47,794 - INFO - ====== WebDriver manager ======
2025-04-23 21:44:51,075 - INFO - Get LATEST chromedriver version for google-chrome
2025-04-23 21:44:51,136 - INFO - Get LATEST chromedriver version for google-chrome
2025-04-23 21:44:51,182 - INFO - Driver [C:\Users\Rajee\.wdm\drivers\chromedriver\win64\135.0.7049.114\chromedriver-win32/chromedriver.exe] found in cache
2025-04-23 21:44:55,001 - INFO - Chrome WebDriver set up successfully
2025-04-23 21:44:55,001 - INFO - Using phone: 9087**** and PIN/password: ****
2025-04-23 21:44:58,655 - INFO - Navigated to login page
2025-04-23 21:44:59,235 - INFO - Trying login method 1
2025-04-23 21:44:59,275 - WARNING - Login method 1 failed: Message: no such element: Unable to locate element: {"method":"xpath","selector":"//img[@alt='Dhan' or contains(@alt, 'dhan')]"}
  (Session info: chrome=135.0.7049.96); For documentation on this error, please visit: https://www.selenium.dev/documentation/webdriver/troubleshooting/errors#no-such-element-exception
Stacktrace:
	GetHandleVerifier [0x002DD363+60275]
	GetHandleVerifier [0x002DD3A4+60340]
	(No symbol) [0x001106F3]
	(No symbol) [0x00158690]
	(No symbol) [0x00158A2B]
	(No symbol) [0x001A0EE2]
	(No symbol) [0x0017D0D4]
	(No symbol) [0x0019E6EB]
	(No symbol) [0x0017CE86]
	(No symbol) [0x0014C623]
	(No symbol) [0x0014D474]
	GetHandleVerifier [0x00528FE3+2467827]
	GetHandleVerifier [0x005245E6+2448886]
	GetHandleVerifier [0x0053F80C+2560028]
	GetHandleVerifier [0x002F3DF5+153093]
	GetHandleVerifier [0x002FA3BD+179149]
	GetHandleVerifier [0x002E4BB8+91080]
	GetHandleVerifier [0x002E4D60+91504]
	GetHandleVerifier [0x002CFA10+4640]
	BaseThreadInitThunk [0x7625FCC9+25]
	RtlGetAppContainerNamedObjectPath [0x76F082AE+286]
	RtlGetAppContainerNamedObjectPath [0x76F0827E+238]
	(No symbol) [0x00000000]

2025-04-23 21:44:59,290 - INFO - Trying login method 2
2025-04-23 21:45:09,414 - INFO - Login method 2 successful - redirected to Dhan
2025-04-23 21:45:09,761 - INFO - Current URL: https://partner-login.dhan.co/?consentID=5963387c-0830-46b5-8de6-c09d10eda0fa
2025-04-23 21:45:09,763 - ERROR - Error during login process: name 'detect_input_type' is not defined
2025-04-23 21:45:09,772 - WARNING - Not redirected to intradayscreener.com, trying direct access
2025-04-23 21:45:26,116 - INFO - Navigated to sector performance page
2025-04-23 21:45:26,524 - INFO - Saved screenshot for debugging
2025-04-23 21:45:40,804 - INFO - Found 4 sector elements using selector: //div[contains(., '%') and contains(., 'IT')]
2025-04-23 21:45:40,945 - INFO - Element 0 text: Markets
Intraday
Futures
Options
Eod Scans
 Screener
Tools
Login
Sign up
NIFTY 50
24328.95 (0.67%)
NIFTY BANK
55370.05 (-0.50%)
NIFTY_MIDCAP_100
55041.1 (1.18%)
NIFTY_SMLCAP_100
16969.75 (0.44%)
NIFTY
2025-04-23 21:45:40,992 - INFO - Element 1 text: Auto refresh disabled to enable Please Subscribe
Sector Performance
Sector Data
Broader Index
1D7D30D90D52W
49.33
46.07
40.96
39.76
39.59
39.3
36.55
36.53
34.85
32.45
31.98
28.31
27.82
22.97
15.06
10.
2025-04-23 21:45:41,049 - INFO - Element 2 text: Auto refresh disabled to enable Please Subscribe
Sector Performance
Sector Data
Broader Index
1D7D30D90D52W
49.33
46.07
40.96
39.76
39.59
39.3
36.55
36.53
34.85
32.45
31.98
28.31
27.82
22.97
15.06
10.
2025-04-23 21:45:41,095 - INFO - Element 3 text: Sector Performance
Sector Data
Broader Index
1D7D30D90D52W
49.33
46.07
40.96
39.76
39.59
39.3
36.55
36.53
34.85
32.45
31.98
28.31
27.82
22.97
15.06
10.78
-29.54
Nifty Healthcare Index
PHARMA
Nifty Oil
2025-04-23 21:45:41,099 - WARNING - Creating dummy sector data as fallback
2025-04-23 21:45:41,100 - INFO - Extracted 8 sectors
2025-04-23 21:45:41,101 - INFO - Successfully scraped 8 sectors
2025-04-23 21:45:41,101 - INFO - Sector: IT - Change: +2.50%
2025-04-23 21:45:41,102 - INFO - Sector: Banks - Change: +1.80%
2025-04-23 21:45:41,102 - INFO - Sector: Auto - Change: +1.20%
2025-04-23 21:45:41,103 - INFO - Sector: Pharma - Change: +0.80%
2025-04-23 21:45:41,103 - INFO - Sector: FMCG - Change: +0.30%
2025-04-23 21:45:41,111 - INFO - Saved 8 sectors to sector_data.csv
2025-04-23 21:45:41,117 - INFO - Saved top and bottom sectors to separate files
2025-04-23 21:45:44,700 - INFO - WebDriver closed
2025-04-23 21:46:52,206 - INFO - Starting sector performance scraper
2025-04-23 21:46:52,208 - ERROR - Error loading credentials: Expecting property name enclosed in double quotes: line 6 column 5 (char 108)
2025-04-23 21:46:52,208 - WARNING - No credentials found for intradayscreener.com
2025-04-23 21:46:52,209 - INFO - ====== WebDriver manager ======
2025-04-23 21:46:54,866 - INFO - Get LATEST chromedriver version for google-chrome
2025-04-23 21:46:54,921 - INFO - Get LATEST chromedriver version for google-chrome
2025-04-23 21:46:54,971 - INFO - Driver [C:\Users\Rajee\.wdm\drivers\chromedriver\win64\135.0.7049.114\chromedriver-win32/chromedriver.exe] found in cache
2025-04-23 21:46:57,980 - INFO - Chrome WebDriver set up successfully
2025-04-23 21:47:02,137 - INFO - Navigated to sector performance page
2025-04-23 21:47:02,498 - INFO - Saved screenshot for debugging
2025-04-23 21:47:16,848 - INFO - Found 4 sector elements using selector: //div[contains(., '%') and contains(., 'IT')]
2025-04-23 21:47:16,983 - INFO - Element 0 text: Markets
Intraday
Futures
Options
Eod Scans
 Screener
Tools
Login
Sign up
NIFTY 50
24328.95 (0.67%)
NIFTY BANK
55370.05 (-0.50%)
NIFTY_MIDCAP_100
55041.1 (1.18%)
NIFTY_SMLCAP_100
16969.75 (0.44%)
NIFTY
2025-04-23 21:47:17,043 - INFO - Element 1 text: Auto refresh disabled to enable Please Subscribe
Sector Performance
Sector Data
Broader Index
1D7D30D90D52W
49.33
46.07
40.96
39.76
39.59
39.3
36.55
36.53
34.85
32.45
31.98
28.31
27.82
22.97
15.06
10.
2025-04-23 21:47:17,107 - INFO - Element 2 text: Auto refresh disabled to enable Please Subscribe
Sector Performance
Sector Data
Broader Index
1D7D30D90D52W
49.33
46.07
40.96
39.76
39.59
39.3
36.55
36.53
34.85
32.45
31.98
28.31
27.82
22.97
15.06
10.
2025-04-23 21:47:17,157 - INFO - Element 3 text: Sector Performance
Sector Data
Broader Index
1D7D30D90D52W
49.33
46.07
40.96
39.76
39.59
39.3
36.55
36.53
34.85
32.45
31.98
28.31
27.82
22.97
15.06
10.78
-29.54
Nifty Healthcare Index
PHARMA
Nifty Oil
2025-04-23 21:47:17,159 - WARNING - Creating dummy sector data as fallback
2025-04-23 21:47:17,159 - INFO - Extracted 8 sectors
2025-04-23 21:47:17,160 - INFO - Successfully scraped 8 sectors
2025-04-23 21:47:17,160 - INFO - Sector: IT - Change: +2.50%
2025-04-23 21:47:17,161 - INFO - Sector: Banks - Change: +1.80%
2025-04-23 21:47:17,161 - INFO - Sector: Auto - Change: +1.20%
2025-04-23 21:47:17,161 - INFO - Sector: Pharma - Change: +0.80%
2025-04-23 21:47:17,161 - INFO - Sector: FMCG - Change: +0.30%
2025-04-23 21:47:17,167 - INFO - Saved 8 sectors to sector_data.csv
2025-04-23 21:47:17,174 - INFO - Saved top and bottom sectors to separate files
2025-04-23 21:47:20,493 - INFO - WebDriver closed
2025-04-23 21:47:39,705 - INFO - Starting sector performance scraper
2025-04-23 21:47:39,716 - INFO - Credentials loaded successfully
2025-04-23 21:47:39,716 - INFO - Mapped 'username' to 'phone' for compatibility
2025-04-23 21:47:39,717 - INFO - Mapped 'password' to 'pin' for compatibility
2025-04-23 21:47:39,719 - INFO - ====== WebDriver manager ======
2025-04-23 21:47:43,055 - INFO - Get LATEST chromedriver version for google-chrome
2025-04-23 21:47:43,120 - INFO - Get LATEST chromedriver version for google-chrome
2025-04-23 21:47:43,172 - INFO - Driver [C:\Users\Rajee\.wdm\drivers\chromedriver\win64\135.0.7049.114\chromedriver-win32/chromedriver.exe] found in cache
2025-04-23 21:47:46,292 - INFO - Chrome WebDriver set up successfully
2025-04-23 21:47:46,304 - INFO - Using phone: 9087**** and PIN: ****
2025-04-23 21:47:49,981 - INFO - Navigated to login page
2025-04-23 21:47:50,763 - INFO - Trying login method 1
2025-04-23 21:47:50,812 - WARNING - Login method 1 failed: Message: no such element: Unable to locate element: {"method":"xpath","selector":"//img[@alt='Dhan' or contains(@alt, 'dhan')]"}
  (Session info: chrome=135.0.7049.96); For documentation on this error, please visit: https://www.selenium.dev/documentation/webdriver/troubleshooting/errors#no-such-element-exception
Stacktrace:
	GetHandleVerifier [0x002DD363+60275]
	GetHandleVerifier [0x002DD3A4+60340]
	(No symbol) [0x001106F3]
	(No symbol) [0x00158690]
	(No symbol) [0x00158A2B]
	(No symbol) [0x001A0EE2]
	(No symbol) [0x0017D0D4]
	(No symbol) [0x0019E6EB]
	(No symbol) [0x0017CE86]
	(No symbol) [0x0014C623]
	(No symbol) [0x0014D474]
	GetHandleVerifier [0x00528FE3+2467827]
	GetHandleVerifier [0x005245E6+2448886]
	GetHandleVerifier [0x0053F80C+2560028]
	GetHandleVerifier [0x002F3DF5+153093]
	GetHandleVerifier [0x002FA3BD+179149]
	GetHandleVerifier [0x002E4BB8+91080]
	GetHandleVerifier [0x002E4D60+91504]
	GetHandleVerifier [0x002CFA10+4640]
	BaseThreadInitThunk [0x7625FCC9+25]
	RtlGetAppContainerNamedObjectPath [0x76F082AE+286]
	RtlGetAppContainerNamedObjectPath [0x76F0827E+238]
	(No symbol) [0x00000000]

2025-04-23 21:47:50,848 - INFO - Trying login method 2
2025-04-23 21:48:01,341 - INFO - Login method 2 successful - redirected to Dhan
2025-04-23 21:48:01,669 - INFO - Current URL: https://partner-login.dhan.co/?consentID=1953f857-b90e-46db-922a-6bc2ffcea956
2025-04-23 21:48:01,700 - INFO - Found phone field with selector: //input[@type='tel']
2025-04-23 21:48:02,327 - INFO - Entered phone number
2025-04-23 21:48:02,831 - INFO - Found continue button with selector: //button[@type='submit']
2025-04-23 21:48:03,342 - INFO - Clicked continue button
2025-04-23 21:48:13,688 - INFO - Current URL after phone submission: https://partner-login.dhan.co/?consentID=1953f857-b90e-46db-922a-6bc2ffcea956
2025-04-23 21:48:13,713 - INFO - Found PIN field with selector: //input[@type='password']
2025-04-23 21:48:17,272 - INFO - Entered PIN
2025-04-23 21:48:17,634 - INFO - Found submit button with selector: //button[@type='submit']
2025-04-23 21:48:17,822 - INFO - Clicked submit button
2025-04-23 21:48:33,105 - INFO - Current URL after PIN submission: https://partner-login.dhan.co/?consentID=1953f857-b90e-46db-922a-6bc2ffcea956
2025-04-23 21:48:33,116 - WARNING - Not redirected to intradayscreener.com, trying direct access
2025-04-23 21:48:41,470 - INFO - Navigated to sector performance page
2025-04-23 21:48:41,830 - INFO - Saved screenshot for debugging
2025-04-23 21:48:56,086 - INFO - Found 4 sector elements using selector: //div[contains(., '%') and contains(., 'IT')]
2025-04-23 21:48:56,200 - INFO - Element 0 text: Markets
Intraday
Futures
Options
Eod Scans
 Screener
Tools
Login
Sign up
NIFTY 50
24328.95 (0.67%)
NIFTY BANK
55370.05 (-0.50%)
NIFTY_MIDCAP_100
55041.1 (1.18%)
NIFTY_SMLCAP_100
16969.75 (0.44%)
NIFTY
2025-04-23 21:48:56,273 - INFO - Element 1 text: Auto refresh disabled to enable Please Subscribe
Sector Performance
Sector Data
Broader Index
1D7D30D90D52W
49.33
46.07
40.96
39.76
39.59
39.3
36.55
36.53
34.85
32.45
31.98
28.31
27.82
22.97
15.06
10.
2025-04-23 21:48:56,350 - INFO - Element 2 text: Auto refresh disabled to enable Please Subscribe
Sector Performance
Sector Data
Broader Index
1D7D30D90D52W
49.33
46.07
40.96
39.76
39.59
39.3
36.55
36.53
34.85
32.45
31.98
28.31
27.82
22.97
15.06
10.
2025-04-23 21:48:56,406 - INFO - Element 3 text: Sector Performance
Sector Data
Broader Index
1D7D30D90D52W
49.33
46.07
40.96
39.76
39.59
39.3
36.55
36.53
34.85
32.45
31.98
28.31
27.82
22.97
15.06
10.78
-29.54
Nifty Healthcare Index
PHARMA
Nifty Oil
2025-04-23 21:48:56,409 - WARNING - Creating dummy sector data as fallback
2025-04-23 21:48:56,409 - INFO - Extracted 8 sectors
2025-04-23 21:48:56,409 - INFO - Successfully scraped 8 sectors
2025-04-23 21:48:56,410 - INFO - Sector: IT - Change: +2.50%
2025-04-23 21:48:56,410 - INFO - Sector: Banks - Change: +1.80%
2025-04-23 21:48:56,410 - INFO - Sector: Auto - Change: +1.20%
2025-04-23 21:48:56,411 - INFO - Sector: Pharma - Change: +0.80%
2025-04-23 21:48:56,411 - INFO - Sector: FMCG - Change: +0.30%
2025-04-23 21:48:56,416 - INFO - Saved 8 sectors to sector_data.csv
2025-04-23 21:48:56,424 - INFO - Saved top and bottom sectors to separate files
2025-04-23 21:48:59,423 - INFO - WebDriver closed
2025-04-23 21:50:05,300 - INFO - Starting sector performance scraper
2025-04-23 21:50:05,305 - INFO - Credentials loaded successfully
2025-04-23 21:50:05,314 - INFO - Mapped 'username' to 'phone' for compatibility
2025-04-23 21:50:05,320 - INFO - Available credential fields: ['username', 'pin', 'password', 'phone']
2025-04-23 21:50:05,356 - INFO - ====== WebDriver manager ======
2025-04-23 21:50:08,286 - INFO - Get LATEST chromedriver version for google-chrome
2025-04-23 21:50:08,361 - INFO - Get LATEST chromedriver version for google-chrome
2025-04-23 21:50:08,408 - INFO - Driver [C:\Users\Rajee\.wdm\drivers\chromedriver\win64\135.0.7049.114\chromedriver-win32/chromedriver.exe] found in cache
2025-04-23 21:50:12,733 - INFO - Chrome WebDriver set up successfully
2025-04-23 21:50:12,733 - INFO - Using phone: 9087**** and PIN/password: ****
2025-04-23 21:50:16,419 - INFO - Navigated to login page
2025-04-23 21:50:17,006 - INFO - Trying login method 1
2025-04-23 21:50:17,034 - WARNING - Login method 1 failed: Message: no such element: Unable to locate element: {"method":"xpath","selector":"//img[@alt='Dhan' or contains(@alt, 'dhan')]"}
  (Session info: chrome=135.0.7049.96); For documentation on this error, please visit: https://www.selenium.dev/documentation/webdriver/troubleshooting/errors#no-such-element-exception
Stacktrace:
	GetHandleVerifier [0x002DD363+60275]
	GetHandleVerifier [0x002DD3A4+60340]
	(No symbol) [0x001106F3]
	(No symbol) [0x00158690]
	(No symbol) [0x00158A2B]
	(No symbol) [0x001A0EE2]
	(No symbol) [0x0017D0D4]
	(No symbol) [0x0019E6EB]
	(No symbol) [0x0017CE86]
	(No symbol) [0x0014C623]
	(No symbol) [0x0014D474]
	GetHandleVerifier [0x00528FE3+2467827]
	GetHandleVerifier [0x005245E6+2448886]
	GetHandleVerifier [0x0053F80C+2560028]
	GetHandleVerifier [0x002F3DF5+153093]
	GetHandleVerifier [0x002FA3BD+179149]
	GetHandleVerifier [0x002E4BB8+91080]
	GetHandleVerifier [0x002E4D60+91504]
	GetHandleVerifier [0x002CFA10+4640]
	BaseThreadInitThunk [0x7625FCC9+25]
	RtlGetAppContainerNamedObjectPath [0x76F082AE+286]
	RtlGetAppContainerNamedObjectPath [0x76F0827E+238]
	(No symbol) [0x00000000]

2025-04-23 21:50:17,046 - INFO - Trying login method 2
2025-04-23 21:50:29,508 - INFO - Login method 2 successful - redirected to Dhan
2025-04-23 21:50:29,940 - INFO - Current URL: https://partner-login.dhan.co/?consentID=163be9fe-938a-49bd-9904-4410e39ae23e
2025-04-23 21:50:29,954 - ERROR - Error during login process: name 'detect_input_type' is not defined
2025-04-23 21:50:30,004 - WARNING - Not redirected to intradayscreener.com, trying direct access
2025-04-23 21:50:44,479 - INFO - Navigated to sector performance page
2025-04-23 21:50:44,988 - INFO - Saved screenshot for debugging
2025-04-23 21:50:59,074 - ERROR - Error scraping sector performance: 'NoneType' object has no attribute 'encode'
2025-04-23 21:50:59,074 - ERROR - Failed to scrape sector performance data
2025-04-23 21:51:07,712 - INFO - WebDriver closed
2025-04-23 21:52:32,371 - INFO - Starting sector performance scraper
2025-04-23 21:52:32,372 - INFO - Credentials loaded successfully
2025-04-23 21:52:32,373 - INFO - Mapped 'username' to 'phone' for compatibility
2025-04-23 21:52:32,373 - INFO - Available credential fields: ['username', 'pin', 'password', 'phone']
2025-04-23 21:52:32,374 - INFO - ====== WebDriver manager ======
2025-04-23 21:52:36,014 - INFO - Get LATEST chromedriver version for google-chrome
2025-04-23 21:52:36,111 - INFO - Get LATEST chromedriver version for google-chrome
2025-04-23 21:52:36,159 - INFO - Driver [C:\Users\Rajee\.wdm\drivers\chromedriver\win64\135.0.7049.114\chromedriver-win32/chromedriver.exe] found in cache
2025-04-23 21:52:41,607 - INFO - Chrome WebDriver set up successfully
2025-04-23 21:52:41,608 - INFO - Using phone: 9087**** and PIN/password: ****
2025-04-23 21:52:45,239 - INFO - Navigated to login page
2025-04-23 21:52:45,866 - INFO - Trying login method 1
2025-04-23 21:52:45,905 - WARNING - Login method 1 failed: Message: no such element: Unable to locate element: {"method":"xpath","selector":"//img[@alt='Dhan' or contains(@alt, 'dhan')]"}
  (Session info: chrome=135.0.7049.96); For documentation on this error, please visit: https://www.selenium.dev/documentation/webdriver/troubleshooting/errors#no-such-element-exception
Stacktrace:
	GetHandleVerifier [0x002DD363+60275]
	GetHandleVerifier [0x002DD3A4+60340]
	(No symbol) [0x001106F3]
	(No symbol) [0x00158690]
	(No symbol) [0x00158A2B]
	(No symbol) [0x001A0EE2]
	(No symbol) [0x0017D0D4]
	(No symbol) [0x0019E6EB]
	(No symbol) [0x0017CE86]
	(No symbol) [0x0014C623]
	(No symbol) [0x0014D474]
	GetHandleVerifier [0x00528FE3+2467827]
	GetHandleVerifier [0x005245E6+2448886]
	GetHandleVerifier [0x0053F80C+2560028]
	GetHandleVerifier [0x002F3DF5+153093]
	GetHandleVerifier [0x002FA3BD+179149]
	GetHandleVerifier [0x002E4BB8+91080]
	GetHandleVerifier [0x002E4D60+91504]
	GetHandleVerifier [0x002CFA10+4640]
	BaseThreadInitThunk [0x7625FCC9+25]
	RtlGetAppContainerNamedObjectPath [0x76F082AE+286]
	RtlGetAppContainerNamedObjectPath [0x76F0827E+238]
	(No symbol) [0x00000000]

2025-04-23 21:52:45,910 - INFO - Trying login method 2
2025-04-23 21:53:01,861 - INFO - Login method 2 successful - redirected to Dhan
2025-04-23 21:53:02,373 - INFO - Current URL: https://partner-login.dhan.co/?consentID=c87f0906-b2e2-46fe-acc7-c9cd88f89d07
2025-04-23 21:53:02,374 - ERROR - Error during login process: name 'detect_input_type' is not defined
2025-04-23 21:53:02,439 - WARNING - Not redirected to intradayscreener.com, trying direct access
2025-04-23 21:53:13,205 - INFO - Navigated to sector performance page
2025-04-23 21:53:13,608 - INFO - Saved screenshot for debugging
2025-04-23 21:53:28,923 - INFO - Found 4 sector elements using selector: //div[contains(., '%') and contains(., 'IT')]
2025-04-23 21:53:29,489 - INFO - Element 0 text: Markets
Intraday
Futures
Options
Eod Scans
 Screener
Tools
Login
Sign up
NIFTY 50
24328.95 (0.67%)
NIFTY BANK
55370.05 (-0.50%)
NIFTY_MIDCAP_100
55041.1 (1.18%)
NIFTY_SMLCAP_100
16969.75 (0.44%)
NIFTY
2025-04-23 21:53:29,865 - INFO - Element 1 text: Auto refresh disabled to enable Please Subscribe
Sector Performance
Sector Data
Broader Index
1D7D30D90D52W
49.33
46.07
40.96
39.76
39.59
39.3
36.55
36.53
34.85
32.45
31.98
28.31
27.82
22.97
15.06
10.
2025-04-23 21:53:30,413 - INFO - Element 2 text: Auto refresh disabled to enable Please Subscribe
Sector Performance
Sector Data
Broader Index
1D7D30D90D52W
49.33
46.07
40.96
39.76
39.59
39.3
36.55
36.53
34.85
32.45
31.98
28.31
27.82
22.97
15.06
10.
2025-04-23 21:53:30,849 - INFO - Element 3 text: Sector Performance
Sector Data
Broader Index
1D7D30D90D52W
49.33
46.07
40.96
39.76
39.59
39.3
36.55
36.53
34.85
32.45
31.98
28.31
27.82
22.97
15.06
10.78
-29.54
Nifty Healthcare Index
PHARMA
Nifty Oil
2025-04-23 21:53:30,868 - WARNING - Creating dummy sector data as fallback
2025-04-23 21:53:30,912 - INFO - Extracted 8 sectors
2025-04-23 21:53:30,939 - INFO - Successfully scraped 8 sectors
2025-04-23 21:53:30,940 - INFO - Sector: IT - Change: +2.50%
2025-04-23 21:53:30,942 - INFO - Sector: Banks - Change: +1.80%
2025-04-23 21:53:31,046 - INFO - Sector: Auto - Change: +1.20%
2025-04-23 21:53:31,058 - INFO - Sector: Pharma - Change: +0.80%
2025-04-23 21:53:31,100 - INFO - Sector: FMCG - Change: +0.30%
2025-04-23 21:53:31,198 - INFO - Saved 8 sectors to sector_data.csv
2025-04-23 21:53:31,252 - INFO - Saved top and bottom sectors to separate files
2025-04-23 21:53:45,522 - INFO - WebDriver closed
2025-04-23 21:59:23,296 - INFO - Starting session-based sector performance scraper
2025-04-23 21:59:23,296 - INFO - Configuration loaded successfully
2025-04-23 21:59:23,297 - INFO - Using existing Chrome profile at: C:\Users\YourUsername\AppData\Local\Google\Chrome\User Data\Default
2025-04-23 21:59:23,297 - INFO - ====== WebDriver manager ======
2025-04-23 21:59:25,050 - INFO - Get LATEST chromedriver version for google-chrome
2025-04-23 21:59:25,110 - INFO - Get LATEST chromedriver version for google-chrome
2025-04-23 21:59:25,164 - INFO - Driver [C:\Users\Rajee\.wdm\drivers\chromedriver\win64\135.0.7049.114\chromedriver-win32/chromedriver.exe] found in cache
2025-04-23 21:59:27,718 - ERROR - Error setting up Chrome WebDriver: Message: session not created
from unknown error: cannot create default profile directory
Stacktrace:
	GetHandleVerifier [0x002DD363+60275]
	GetHandleVerifier [0x002DD3A4+60340]
	(No symbol) [0x001106F3]
	(No symbol) [0x00148083]
	(No symbol) [0x0014252B]
	(No symbol) [0x0013F509]
	(No symbol) [0x00188D78]
	(No symbol) [0x0018873A]
	(No symbol) [0x0017CE86]
	(No symbol) [0x0014C623]
	(No symbol) [0x0014D474]
	GetHandleVerifier [0x00528FE3+2467827]
	GetHandleVerifier [0x005245E6+2448886]
	GetHandleVerifier [0x0053F80C+2560028]
	GetHandleVerifier [0x002F3DF5+153093]
	GetHandleVerifier [0x002FA3BD+179149]
	GetHandleVerifier [0x002E4BB8+91080]
	GetHandleVerifier [0x002E4D60+91504]
	GetHandleVerifier [0x002CFA10+4640]
	BaseThreadInitThunk [0x7625FCC9+25]
	RtlGetAppContainerNamedObjectPath [0x76F082AE+286]
	RtlGetAppContainerNamedObjectPath [0x76F0827E+238]
	(No symbol) [0x00000000]

2025-04-23 21:59:27,731 - ERROR - Critical error in main program: Message: session not created
from unknown error: cannot create default profile directory
Stacktrace:
	GetHandleVerifier [0x002DD363+60275]
	GetHandleVerifier [0x002DD3A4+60340]
	(No symbol) [0x001106F3]
	(No symbol) [0x00148083]
	(No symbol) [0x0014252B]
	(No symbol) [0x0013F509]
	(No symbol) [0x00188D78]
	(No symbol) [0x0018873A]
	(No symbol) [0x0017CE86]
	(No symbol) [0x0014C623]
	(No symbol) [0x0014D474]
	GetHandleVerifier [0x00528FE3+2467827]
	GetHandleVerifier [0x005245E6+2448886]
	GetHandleVerifier [0x0053F80C+2560028]
	GetHandleVerifier [0x002F3DF5+153093]
	GetHandleVerifier [0x002FA3BD+179149]
	GetHandleVerifier [0x002E4BB8+91080]
	GetHandleVerifier [0x002E4D60+91504]
	GetHandleVerifier [0x002CFA10+4640]
	BaseThreadInitThunk [0x7625FCC9+25]
	RtlGetAppContainerNamedObjectPath [0x76F082AE+286]
	RtlGetAppContainerNamedObjectPath [0x76F0827E+238]
	(No symbol) [0x00000000]

2025-04-23 22:03:32,286 - INFO - Starting debug-enabled Chrome scraper
2025-04-23 22:03:32,308 - INFO - Configuration loaded successfully
2025-04-23 22:03:32,309 - INFO - Connecting to Chrome on debug port 9222
2025-04-23 22:03:32,323 - INFO - ====== WebDriver manager ======
2025-04-23 22:03:37,808 - INFO - Get LATEST chromedriver version for google-chrome
2025-04-23 22:03:37,893 - INFO - Get LATEST chromedriver version for google-chrome
2025-04-23 22:03:37,943 - INFO - Driver [C:\Users\Rajee\.wdm\drivers\chromedriver\win64\135.0.7049.114\chromedriver-win32/chromedriver.exe] found in cache
2025-04-23 22:04:40,855 - ERROR - Error connecting to Chrome: Message: session not created: cannot connect to chrome at localhost:9222
from chrome not reachable
Stacktrace:
	GetHandleVerifier [0x002DD363+60275]
	GetHandleVerifier [0x002DD3A4+60340]
	(No symbol) [0x0011056E]
	(No symbol) [0x001042AA]
	(No symbol) [0x00148D16]
	(No symbol) [0x0013F5EF]
	(No symbol) [0x0013F426]
	(No symbol) [0x00188D78]
	(No symbol) [0x0018873A]
	(No symbol) [0x0017CE86]
	(No symbol) [0x0014C623]
	(No symbol) [0x0014D474]
	GetHandleVerifier [0x00528FE3+2467827]
	GetHandleVerifier [0x005245E6+2448886]
	GetHandleVerifier [0x0053F80C+2560028]
	GetHandleVerifier [0x002F3DF5+153093]
	GetHandleVerifier [0x002FA3BD+179149]
	GetHandleVerifier [0x002E4BB8+91080]
	GetHandleVerifier [0x002E4D60+91504]
	GetHandleVerifier [0x002CFA10+4640]
	BaseThreadInitThunk [0x7625FCC9+25]
	RtlGetAppContainerNamedObjectPath [0x76F082AE+286]
	RtlGetAppContainerNamedObjectPath [0x76F0827E+238]
	(No symbol) [0x00000000]

2025-04-23 22:04:40,870 - ERROR - Critical error in main program: Message: session not created: cannot connect to chrome at localhost:9222
from chrome not reachable
Stacktrace:
	GetHandleVerifier [0x002DD363+60275]
	GetHandleVerifier [0x002DD3A4+60340]
	(No symbol) [0x0011056E]
	(No symbol) [0x001042AA]
	(No symbol) [0x00148D16]
	(No symbol) [0x0013F5EF]
	(No symbol) [0x0013F426]
	(No symbol) [0x00188D78]
	(No symbol) [0x0018873A]
	(No symbol) [0x0017CE86]
	(No symbol) [0x0014C623]
	(No symbol) [0x0014D474]
	GetHandleVerifier [0x00528FE3+2467827]
	GetHandleVerifier [0x005245E6+2448886]
	GetHandleVerifier [0x0053F80C+2560028]
	GetHandleVerifier [0x002F3DF5+153093]
	GetHandleVerifier [0x002FA3BD+179149]
	GetHandleVerifier [0x002E4BB8+91080]
	GetHandleVerifier [0x002E4D60+91504]
	GetHandleVerifier [0x002CFA10+4640]
	BaseThreadInitThunk [0x7625FCC9+25]
	RtlGetAppContainerNamedObjectPath [0x76F082AE+286]
	RtlGetAppContainerNamedObjectPath [0x76F0827E+238]
	(No symbol) [0x00000000]

2025-04-23 22:17:06,800 - INFO - Starting manual login sector scraper
2025-04-23 22:17:06,801 - INFO - Configuration loaded successfully
2025-04-23 22:17:06,801 - INFO - ====== WebDriver manager ======
2025-04-23 22:17:08,151 - INFO - Get LATEST chromedriver version for google-chrome
2025-04-23 22:17:08,226 - INFO - Get LATEST chromedriver version for google-chrome
2025-04-23 22:17:08,267 - INFO - Driver [C:\Users\Rajee\.wdm\drivers\chromedriver\win64\135.0.7049.114\chromedriver-win32/chromedriver.exe] found in cache
2025-04-23 22:17:10,683 - INFO - Chrome WebDriver set up successfully
2025-04-23 22:17:13,198 - INFO - Navigated to login page
2025-04-23 22:18:22,747 - INFO - Successfully logged in manually
2025-04-23 22:18:23,673 - INFO - Navigated to sector performance page
2025-04-23 22:18:24,036 - INFO - Saved screenshot for debugging
2025-04-23 22:18:38,110 - INFO - Saved page source for analysis
2025-04-23 22:18:38,224 - INFO - Found 5 sector elements using selector: //div[contains(., '%') and contains(., 'IT')]
2025-04-23 22:18:38,350 - INFO - Element 0 text: Markets
Intraday
Futures
Options
Eod Scans
Trade
 Screener
Tools
User
NIFTY 50
24328.95 (0.67%)
NIFTY BANK
55370.05 (-0.50%)
NIFTY_MIDCAP_100
55041.1 (1.18%)
NIFTY_SMLCAP_100
16969.75 (0.44%)
NIFTY_SMLCAP_100
16969.75 (0.44%)
NIFTY_FIN_SERVICE
26446.2 (-0.67%)
INDIA_VIX
15.96 (4.79%)
F&O
Cash


Auto refresh disabled to enable Please Subscribe
Sector Performance
Sector Data
Broader Index
1D7D30D90D52W
4.34
2.38
1.4
1.34
1.33
1.01
0.78
0.69
0.53
0.14
-0.09
-0.26
-0.5
-0.57
-0.67
-0.75
-0.96
NIFTY_IT
NIFTY_AUTO
NIFTY_PHARMA
NIFTY_HEALTHCARE
NIFTY_REALTY
NIFTY_CONSUMPTION
NIFTY_METAL
NIFTY_ENERGY
NIFTY_FMCG
NIFTY_OIL_AND_GAS
NIFTY_MEDIA
NIFTY_FINSRV25_50
NIFTY BANK
NIFTY_PSU_BANK
NIFTY_FIN_SERVICE
NIFTY_PVT_BANK
NIFTY_CONSR_DURBL
AUTOMOBILE Stocks
SYMBOL
PRICE
SONACOMS
478.45
 (5.61%)
TATAMOTORS
659.9
 (4.4%)
ASHOKLEY
230.68
 (3.47%)
M&M
2917.8
 (3.45%)
BHARATFORG
1135.5
 (2.81%)
HEROMOTOCO
3940.5
 (2.71%)
TVSMOTOR
2806.7
 (2.43%)
MOTHERSON
135.73
 (1.79%)
BALKRISIND
2577
 (1.62%)
BAJAJ-AUTO
8261.5
 (1.46%)
MARUTI
11907
 (1.45%)
BOSCHLTD
28415
 (1.39%)
TIINDIA
2673
 (0.71%)
MRF
127980
 (0.25%)
EXIDEIND
380.8
 (-0.04%)
ARE&M
1009.9
 (-0.59%)
EICHERMOT
5740
 (-0.77%)
What is Sector Performance?
Sector Performance helps to get a birds-eye overview of which stock market sectors are doing well in markets and which sectors are not performing in intraday.
Usually, when we buy stocks which are sector movers and from sectors that are doing good, it’s highly likely that stock will outperform and give good returns compared to stock which whose other sector peers are not performing.
How many Sectors are there in Stock Market?
There are 13 types of sectors in the stock market that are PSU Bank, Pharma sector stocks in india, Media & Entertainment, Construction, Metals, Automobile, Consumption, Consumer Goods, Bank Nifty, Nifty Financial Services, PVT Bank, IT, energy sector stocks in india.
A sector Performance NSE consists of multiple stocks with similar industries, and we can also compare the performance of the sectors across markets. We have listed 13 different sectors to compare which stock is performing well, and this data can help you to make decisions for your next investment. Sector Wise stocks in NSE helps you observe the industry’s performance and will list the data as per the price changes for the current expiry.
Features available in Sector Performance
In the Sector wise Performance, you can find the average value of different sectors, and it also tells us whether the sector is a leader or looser. Here you can find data using sector movers, sector data, border index. The Sector performance is before shown as sector watch in Intraday Screener.
Sector data show the information about different sector wise stocks NSE like PSU Bank, Bank Nifty, Energy, Consumer goods, Nifty Financial Services, PVT Bank, Consumption, Pharmaceuticals, Construction, IT sector stocks, Media Entertainment, Metals, Auto sector in stocks.
Broader Indexs show the information about the indices like Bank Nifty, Sensex, Nifty 50, Bank Nifty, Nifty 200, Nifty 500, Nifty Next 50, Midcap 100, MidSmallCap 400, Small Cap 250, Small cap 100, Small cap 50.
How to see which Stocks of a particular Sector are doing well?
In Sector Performance, to check the performance of stocks in a particular sector, you need to click on the respective sector bar on the chart and corresponding stocks data will be shown on the right side. If you check the above image, I have clicked on the Automobile bar, It has displayed all the stocks in the Automobile sector.
When you click on the Broader Index, It will show you the data of all Broader market Indices. The data will be shown of SMALLCAP 250 index, Smallcap 100 index, MidSmallcap 400 index, Smallcap 50 index, Midcap 100 index, Banknifty index, Nifty 500 index, NiftyNext 50 index, Nifty 200 index, Sensex index, Nifty50 index.
2025-04-23 22:18:38,426 - INFO - Element 1 text: Markets
Intraday
Futures
Options
Eod Scans
Trade
 Screener
Tools
User
NIFTY 50
24328.95 (0.67%)
NIFTY BANK
55370.05 (-0.50%)
NIFTY_MIDCAP_100
55041.1 (1.18%)
NIFTY_SMLCAP_100
16969.75 (0.44%)
NIFTY_SMLCAP_100
16969.75 (0.44%)
NIFTY_FIN_SERVICE
26446.2 (-0.67%)
INDIA_VIX
15.96 (4.79%)
F&O
Cash
2025-04-23 22:18:38,532 - INFO - Element 2 text: Auto refresh disabled to enable Please Subscribe
Sector Performance
Sector Data
Broader Index
1D7D30D90D52W
4.34
2.38
1.4
1.34
1.33
1.01
0.78
0.69
0.53
0.14
-0.09
-0.26
-0.5
-0.57
-0.67
-0.75
-0.96
NIFTY_IT
NIFTY_AUTO
NIFTY_PHARMA
NIFTY_HEALTHCARE
NIFTY_REALTY
NIFTY_CONSUMPTION
NIFTY_METAL
NIFTY_ENERGY
NIFTY_FMCG
NIFTY_OIL_AND_GAS
NIFTY_MEDIA
NIFTY_FINSRV25_50
NIFTY BANK
NIFTY_PSU_BANK
NIFTY_FIN_SERVICE
NIFTY_PVT_BANK
NIFTY_CONSR_DURBL
AUTOMOBILE Stocks
SYMBOL
PRICE
SONACOMS
478.45
 (5.61%)
TATAMOTORS
659.9
 (4.4%)
ASHOKLEY
230.68
 (3.47%)
M&M
2917.8
 (3.45%)
BHARATFORG
1135.5
 (2.81%)
HEROMOTOCO
3940.5
 (2.71%)
TVSMOTOR
2806.7
 (2.43%)
MOTHERSON
135.73
 (1.79%)
BALKRISIND
2577
 (1.62%)
BAJAJ-AUTO
8261.5
 (1.46%)
MARUTI
11907
 (1.45%)
BOSCHLTD
28415
 (1.39%)
TIINDIA
2673
 (0.71%)
MRF
127980
 (0.25%)
EXIDEIND
380.8
 (-0.04%)
ARE&M
1009.9
 (-0.59%)
EICHERMOT
5740
 (-0.77%)
What is Sector Performance?
Sector Performance helps to get a birds-eye overview of which stock market sectors are doing well in markets and which sectors are not performing in intraday.
Usually, when we buy stocks which are sector movers and from sectors that are doing good, it’s highly likely that stock will outperform and give good returns compared to stock which whose other sector peers are not performing.
How many Sectors are there in Stock Market?
There are 13 types of sectors in the stock market that are PSU Bank, Pharma sector stocks in india, Media & Entertainment, Construction, Metals, Automobile, Consumption, Consumer Goods, Bank Nifty, Nifty Financial Services, PVT Bank, IT, energy sector stocks in india.
A sector Performance NSE consists of multiple stocks with similar industries, and we can also compare the performance of the sectors across markets. We have listed 13 different sectors to compare which stock is performing well, and this data can help you to make decisions for your next investment. Sector Wise stocks in NSE helps you observe the industry’s performance and will list the data as per the price changes for the current expiry.
Features available in Sector Performance
In the Sector wise Performance, you can find the average value of different sectors, and it also tells us whether the sector is a leader or looser. Here you can find data using sector movers, sector data, border index. The Sector performance is before shown as sector watch in Intraday Screener.
Sector data show the information about different sector wise stocks NSE like PSU Bank, Bank Nifty, Energy, Consumer goods, Nifty Financial Services, PVT Bank, Consumption, Pharmaceuticals, Construction, IT sector stocks, Media Entertainment, Metals, Auto sector in stocks.
Broader Indexs show the information about the indices like Bank Nifty, Sensex, Nifty 50, Bank Nifty, Nifty 200, Nifty 500, Nifty Next 50, Midcap 100, MidSmallCap 400, Small Cap 250, Small cap 100, Small cap 50.
How to see which Stocks of a particular Sector are doing well?
In Sector Performance, to check the performance of stocks in a particular sector, you need to click on the respective sector bar on the chart and corresponding stocks data will be shown on the right side. If you check the above image, I have clicked on the Automobile bar, It has displayed all the stocks in the Automobile sector.
When you click on the Broader Index, It will show you the data of all Broader market Indices. The data will be shown of SMALLCAP 250 index, Smallcap 100 index, MidSmallcap 400 index, Smallcap 50 index, Midcap 100 index, Banknifty index, Nifty 500 index, NiftyNext 50 index, Nifty 200 index, Sensex index, Nifty50 index.
2025-04-23 22:18:38,631 - INFO - Element 3 text: Auto refresh disabled to enable Please Subscribe
Sector Performance
Sector Data
Broader Index
1D7D30D90D52W
4.34
2.38
1.4
1.34
1.33
1.01
0.78
0.69
0.53
0.14
-0.09
-0.26
-0.5
-0.57
-0.67
-0.75
-0.96
NIFTY_IT
NIFTY_AUTO
NIFTY_PHARMA
NIFTY_HEALTHCARE
NIFTY_REALTY
NIFTY_CONSUMPTION
NIFTY_METAL
NIFTY_ENERGY
NIFTY_FMCG
NIFTY_OIL_AND_GAS
NIFTY_MEDIA
NIFTY_FINSRV25_50
NIFTY BANK
NIFTY_PSU_BANK
NIFTY_FIN_SERVICE
NIFTY_PVT_BANK
NIFTY_CONSR_DURBL
AUTOMOBILE Stocks
SYMBOL
PRICE
SONACOMS
478.45
 (5.61%)
TATAMOTORS
659.9
 (4.4%)
ASHOKLEY
230.68
 (3.47%)
M&M
2917.8
 (3.45%)
BHARATFORG
1135.5
 (2.81%)
HEROMOTOCO
3940.5
 (2.71%)
TVSMOTOR
2806.7
 (2.43%)
MOTHERSON
135.73
 (1.79%)
BALKRISIND
2577
 (1.62%)
BAJAJ-AUTO
8261.5
 (1.46%)
MARUTI
11907
 (1.45%)
BOSCHLTD
28415
 (1.39%)
TIINDIA
2673
 (0.71%)
MRF
127980
 (0.25%)
EXIDEIND
380.8
 (-0.04%)
ARE&M
1009.9
 (-0.59%)
EICHERMOT
5740
 (-0.77%)
What is Sector Performance?
Sector Performance helps to get a birds-eye overview of which stock market sectors are doing well in markets and which sectors are not performing in intraday.
Usually, when we buy stocks which are sector movers and from sectors that are doing good, it’s highly likely that stock will outperform and give good returns compared to stock which whose other sector peers are not performing.
How many Sectors are there in Stock Market?
There are 13 types of sectors in the stock market that are PSU Bank, Pharma sector stocks in india, Media & Entertainment, Construction, Metals, Automobile, Consumption, Consumer Goods, Bank Nifty, Nifty Financial Services, PVT Bank, IT, energy sector stocks in india.
A sector Performance NSE consists of multiple stocks with similar industries, and we can also compare the performance of the sectors across markets. We have listed 13 different sectors to compare which stock is performing well, and this data can help you to make decisions for your next investment. Sector Wise stocks in NSE helps you observe the industry’s performance and will list the data as per the price changes for the current expiry.
Features available in Sector Performance
In the Sector wise Performance, you can find the average value of different sectors, and it also tells us whether the sector is a leader or looser. Here you can find data using sector movers, sector data, border index. The Sector performance is before shown as sector watch in Intraday Screener.
Sector data show the information about different sector wise stocks NSE like PSU Bank, Bank Nifty, Energy, Consumer goods, Nifty Financial Services, PVT Bank, Consumption, Pharmaceuticals, Construction, IT sector stocks, Media Entertainment, Metals, Auto sector in stocks.
Broader Indexs show the information about the indices like Bank Nifty, Sensex, Nifty 50, Bank Nifty, Nifty 200, Nifty 500, Nifty Next 50, Midcap 100, MidSmallCap 400, Small Cap 250, Small cap 100, Small cap 50.
How to see which Stocks of a particular Sector are doing well?
In Sector Performance, to check the performance of stocks in a particular sector, you need to click on the respective sector bar on the chart and corresponding stocks data will be shown on the right side. If you check the above image, I have clicked on the Automobile bar, It has displayed all the stocks in the Automobile sector.
When you click on the Broader Index, It will show you the data of all Broader market Indices. The data will be shown of SMALLCAP 250 index, Smallcap 100 index, MidSmallcap 400 index, Smallcap 50 index, Midcap 100 index, Banknifty index, Nifty 500 index, NiftyNext 50 index, Nifty 200 index, Sensex index, Nifty50 index.
2025-04-23 22:18:38,747 - INFO - Element 4 text: Sector Performance
Sector Data
Broader Index
1D7D30D90D52W
4.34
2.38
1.4
1.34
1.33
1.01
0.78
0.69
0.53
0.14
-0.09
-0.26
-0.5
-0.57
-0.67
-0.75
-0.96
NIFTY_IT
NIFTY_AUTO
NIFTY_PHARMA
NIFTY_HEALTHCARE
NIFTY_REALTY
NIFTY_CONSUMPTION
NIFTY_METAL
NIFTY_ENERGY
NIFTY_FMCG
NIFTY_OIL_AND_GAS
NIFTY_MEDIA
NIFTY_FINSRV25_50
NIFTY BANK
NIFTY_PSU_BANK
NIFTY_FIN_SERVICE
NIFTY_PVT_BANK
NIFTY_CONSR_DURBL
AUTOMOBILE Stocks
SYMBOL
PRICE
SONACOMS
478.45
 (5.61%)
TATAMOTORS
659.9
 (4.4%)
ASHOKLEY
230.68
 (3.47%)
M&M
2917.8
 (3.45%)
BHARATFORG
1135.5
 (2.81%)
HEROMOTOCO
3940.5
 (2.71%)
TVSMOTOR
2806.7
 (2.43%)
MOTHERSON
135.73
 (1.79%)
BALKRISIND
2577
 (1.62%)
BAJAJ-AUTO
8261.5
 (1.46%)
MARUTI
11907
 (1.45%)
BOSCHLTD
28415
 (1.39%)
TIINDIA
2673
 (0.71%)
MRF
127980
 (0.25%)
EXIDEIND
380.8
 (-0.04%)
ARE&M
1009.9
 (-0.59%)
EICHERMOT
5740
 (-0.77%)
2025-04-23 22:18:39,279 - WARNING - Creating dummy sector data as fallback
2025-04-23 22:18:39,279 - INFO - Extracted 8 sectors
2025-04-23 22:18:39,280 - INFO - Successfully scraped 8 sectors
2025-04-23 22:18:39,281 - INFO - Sector: IT - Change: +2.50%
2025-04-23 22:18:39,281 - INFO - Sector: Banks - Change: +1.80%
2025-04-23 22:18:39,287 - INFO - Sector: Auto - Change: +1.20%
2025-04-23 22:18:39,289 - INFO - Sector: Pharma - Change: +0.80%
2025-04-23 22:18:39,290 - INFO - Sector: FMCG - Change: +0.30%
2025-04-23 22:18:39,299 - INFO - Saved 8 sectors to sector_data.csv
2025-04-23 22:18:39,315 - INFO - Saved top and bottom sectors to separate files
2025-04-23 22:18:39,324 - INFO - Waiting 60 seconds until next scrape...
2025-04-23 22:19:41,759 - INFO - Browser page refreshed
2025-04-23 22:19:42,569 - INFO - Navigated to sector performance page
2025-04-23 22:19:43,416 - INFO - Saved screenshot for debugging
2025-04-23 22:19:58,503 - INFO - Saved page source for analysis
2025-04-23 22:19:58,611 - INFO - Found 5 sector elements using selector: //div[contains(., '%') and contains(., 'IT')]
2025-04-23 22:19:58,816 - INFO - Element 0 text: Markets
Intraday
Futures
Options
Eod Scans
Trade
 Screener
Tools
User
NIFTY 50
24328.95 (0.67%)
NIFTY BANK
55370.05 (-0.50%)
NIFTY_MIDCAP_100
55041.1 (1.18%)
NIFTY_SMLCAP_100
16969.75 (0.44%)
NIFTY_SMLCAP_100
16969.75 (0.44%)
NIFTY_FIN_SERVICE
26446.2 (-0.67%)
INDIA_VIX
15.96 (4.79%)
F&O
Cash


Auto refresh disabled to enable Please Subscribe
Sector Performance
Sector Data
Broader Index
1D7D30D90D52W
4.34
2.38
1.4
1.34
1.33
1.01
0.78
0.69
0.53
0.14
-0.09
-0.26
-0.5
-0.57
-0.67
-0.75
-0.96
NIFTY_IT
NIFTY_AUTO
NIFTY_PHARMA
NIFTY_HEALTHCARE
NIFTY_REALTY
NIFTY_CONSUMPTION
NIFTY_METAL
NIFTY_ENERGY
NIFTY_FMCG
NIFTY_OIL_AND_GAS
NIFTY_MEDIA
NIFTY_FINSRV25_50
NIFTY BANK
NIFTY_PSU_BANK
NIFTY_FIN_SERVICE
NIFTY_PVT_BANK
NIFTY_CONSR_DURBL
AUTOMOBILE Stocks
SYMBOL
PRICE
SONACOMS
478.45
 (5.61%)
TATAMOTORS
659.9
 (4.4%)
ASHOKLEY
230.68
 (3.47%)
M&M
2917.8
 (3.45%)
BHARATFORG
1135.5
 (2.81%)
HEROMOTOCO
3940.5
 (2.71%)
TVSMOTOR
2806.7
 (2.43%)
MOTHERSON
135.73
 (1.79%)
BALKRISIND
2577
 (1.62%)
BAJAJ-AUTO
8261.5
 (1.46%)
MARUTI
11907
 (1.45%)
BOSCHLTD
28415
 (1.39%)
TIINDIA
2673
 (0.71%)
MRF
127980
 (0.25%)
EXIDEIND
380.8
 (-0.04%)
ARE&M
1009.9
 (-0.59%)
EICHERMOT
5740
 (-0.77%)
What is Sector Performance?
Sector Performance helps to get a birds-eye overview of which stock market sectors are doing well in markets and which sectors are not performing in intraday.
Usually, when we buy stocks which are sector movers and from sectors that are doing good, it’s highly likely that stock will outperform and give good returns compared to stock which whose other sector peers are not performing.
How many Sectors are there in Stock Market?
There are 13 types of sectors in the stock market that are PSU Bank, Pharma sector stocks in india, Media & Entertainment, Construction, Metals, Automobile, Consumption, Consumer Goods, Bank Nifty, Nifty Financial Services, PVT Bank, IT, energy sector stocks in india.
A sector Performance NSE consists of multiple stocks with similar industries, and we can also compare the performance of the sectors across markets. We have listed 13 different sectors to compare which stock is performing well, and this data can help you to make decisions for your next investment. Sector Wise stocks in NSE helps you observe the industry’s performance and will list the data as per the price changes for the current expiry.
Features available in Sector Performance
In the Sector wise Performance, you can find the average value of different sectors, and it also tells us whether the sector is a leader or looser. Here you can find data using sector movers, sector data, border index. The Sector performance is before shown as sector watch in Intraday Screener.
Sector data show the information about different sector wise stocks NSE like PSU Bank, Bank Nifty, Energy, Consumer goods, Nifty Financial Services, PVT Bank, Consumption, Pharmaceuticals, Construction, IT sector stocks, Media Entertainment, Metals, Auto sector in stocks.
Broader Indexs show the information about the indices like Bank Nifty, Sensex, Nifty 50, Bank Nifty, Nifty 200, Nifty 500, Nifty Next 50, Midcap 100, MidSmallCap 400, Small Cap 250, Small cap 100, Small cap 50.
How to see which Stocks of a particular Sector are doing well?
In Sector Performance, to check the performance of stocks in a particular sector, you need to click on the respective sector bar on the chart and corresponding stocks data will be shown on the right side. If you check the above image, I have clicked on the Automobile bar, It has displayed all the stocks in the Automobile sector.
When you click on the Broader Index, It will show you the data of all Broader market Indices. The data will be shown of SMALLCAP 250 index, Smallcap 100 index, MidSmallcap 400 index, Smallcap 50 index, Midcap 100 index, Banknifty index, Nifty 500 index, NiftyNext 50 index, Nifty 200 index, Sensex index, Nifty50 index.
2025-04-23 22:19:58,993 - INFO - Element 1 text: Markets
Intraday
Futures
Options
Eod Scans
Trade
 Screener
Tools
User
NIFTY 50
24328.95 (0.67%)
NIFTY BANK
55370.05 (-0.50%)
NIFTY_MIDCAP_100
55041.1 (1.18%)
NIFTY_SMLCAP_100
16969.75 (0.44%)
NIFTY_SMLCAP_100
16969.75 (0.44%)
NIFTY_FIN_SERVICE
26446.2 (-0.67%)
INDIA_VIX
15.96 (4.79%)
F&O
Cash
2025-04-23 22:19:59,142 - INFO - Element 2 text: Auto refresh disabled to enable Please Subscribe
Sector Performance
Sector Data
Broader Index
1D7D30D90D52W
4.34
2.38
1.4
1.34
1.33
1.01
0.78
0.69
0.53
0.14
-0.09
-0.26
-0.5
-0.57
-0.67
-0.75
-0.96
NIFTY_IT
NIFTY_AUTO
NIFTY_PHARMA
NIFTY_HEALTHCARE
NIFTY_REALTY
NIFTY_CONSUMPTION
NIFTY_METAL
NIFTY_ENERGY
NIFTY_FMCG
NIFTY_OIL_AND_GAS
NIFTY_MEDIA
NIFTY_FINSRV25_50
NIFTY BANK
NIFTY_PSU_BANK
NIFTY_FIN_SERVICE
NIFTY_PVT_BANK
NIFTY_CONSR_DURBL
AUTOMOBILE Stocks
SYMBOL
PRICE
SONACOMS
478.45
 (5.61%)
TATAMOTORS
659.9
 (4.4%)
ASHOKLEY
230.68
 (3.47%)
M&M
2917.8
 (3.45%)
BHARATFORG
1135.5
 (2.81%)
HEROMOTOCO
3940.5
 (2.71%)
TVSMOTOR
2806.7
 (2.43%)
MOTHERSON
135.73
 (1.79%)
BALKRISIND
2577
 (1.62%)
BAJAJ-AUTO
8261.5
 (1.46%)
MARUTI
11907
 (1.45%)
BOSCHLTD
28415
 (1.39%)
TIINDIA
2673
 (0.71%)
MRF
127980
 (0.25%)
EXIDEIND
380.8
 (-0.04%)
ARE&M
1009.9
 (-0.59%)
EICHERMOT
5740
 (-0.77%)
What is Sector Performance?
Sector Performance helps to get a birds-eye overview of which stock market sectors are doing well in markets and which sectors are not performing in intraday.
Usually, when we buy stocks which are sector movers and from sectors that are doing good, it’s highly likely that stock will outperform and give good returns compared to stock which whose other sector peers are not performing.
How many Sectors are there in Stock Market?
There are 13 types of sectors in the stock market that are PSU Bank, Pharma sector stocks in india, Media & Entertainment, Construction, Metals, Automobile, Consumption, Consumer Goods, Bank Nifty, Nifty Financial Services, PVT Bank, IT, energy sector stocks in india.
A sector Performance NSE consists of multiple stocks with similar industries, and we can also compare the performance of the sectors across markets. We have listed 13 different sectors to compare which stock is performing well, and this data can help you to make decisions for your next investment. Sector Wise stocks in NSE helps you observe the industry’s performance and will list the data as per the price changes for the current expiry.
Features available in Sector Performance
In the Sector wise Performance, you can find the average value of different sectors, and it also tells us whether the sector is a leader or looser. Here you can find data using sector movers, sector data, border index. The Sector performance is before shown as sector watch in Intraday Screener.
Sector data show the information about different sector wise stocks NSE like PSU Bank, Bank Nifty, Energy, Consumer goods, Nifty Financial Services, PVT Bank, Consumption, Pharmaceuticals, Construction, IT sector stocks, Media Entertainment, Metals, Auto sector in stocks.
Broader Indexs show the information about the indices like Bank Nifty, Sensex, Nifty 50, Bank Nifty, Nifty 200, Nifty 500, Nifty Next 50, Midcap 100, MidSmallCap 400, Small Cap 250, Small cap 100, Small cap 50.
How to see which Stocks of a particular Sector are doing well?
In Sector Performance, to check the performance of stocks in a particular sector, you need to click on the respective sector bar on the chart and corresponding stocks data will be shown on the right side. If you check the above image, I have clicked on the Automobile bar, It has displayed all the stocks in the Automobile sector.
When you click on the Broader Index, It will show you the data of all Broader market Indices. The data will be shown of SMALLCAP 250 index, Smallcap 100 index, MidSmallcap 400 index, Smallcap 50 index, Midcap 100 index, Banknifty index, Nifty 500 index, NiftyNext 50 index, Nifty 200 index, Sensex index, Nifty50 index.
2025-04-23 22:19:59,360 - INFO - Element 3 text: Auto refresh disabled to enable Please Subscribe
Sector Performance
Sector Data
Broader Index
1D7D30D90D52W
4.34
2.38
1.4
1.34
1.33
1.01
0.78
0.69
0.53
0.14
-0.09
-0.26
-0.5
-0.57
-0.67
-0.75
-0.96
NIFTY_IT
NIFTY_AUTO
NIFTY_PHARMA
NIFTY_HEALTHCARE
NIFTY_REALTY
NIFTY_CONSUMPTION
NIFTY_METAL
NIFTY_ENERGY
NIFTY_FMCG
NIFTY_OIL_AND_GAS
NIFTY_MEDIA
NIFTY_FINSRV25_50
NIFTY BANK
NIFTY_PSU_BANK
NIFTY_FIN_SERVICE
NIFTY_PVT_BANK
NIFTY_CONSR_DURBL
AUTOMOBILE Stocks
SYMBOL
PRICE
SONACOMS
478.45
 (5.61%)
TATAMOTORS
659.9
 (4.4%)
ASHOKLEY
230.68
 (3.47%)
M&M
2917.8
 (3.45%)
BHARATFORG
1135.5
 (2.81%)
HEROMOTOCO
3940.5
 (2.71%)
TVSMOTOR
2806.7
 (2.43%)
MOTHERSON
135.73
 (1.79%)
BALKRISIND
2577
 (1.62%)
BAJAJ-AUTO
8261.5
 (1.46%)
MARUTI
11907
 (1.45%)
BOSCHLTD
28415
 (1.39%)
TIINDIA
2673
 (0.71%)
MRF
127980
 (0.25%)
EXIDEIND
380.8
 (-0.04%)
ARE&M
1009.9
 (-0.59%)
EICHERMOT
5740
 (-0.77%)
What is Sector Performance?
Sector Performance helps to get a birds-eye overview of which stock market sectors are doing well in markets and which sectors are not performing in intraday.
Usually, when we buy stocks which are sector movers and from sectors that are doing good, it’s highly likely that stock will outperform and give good returns compared to stock which whose other sector peers are not performing.
How many Sectors are there in Stock Market?
There are 13 types of sectors in the stock market that are PSU Bank, Pharma sector stocks in india, Media & Entertainment, Construction, Metals, Automobile, Consumption, Consumer Goods, Bank Nifty, Nifty Financial Services, PVT Bank, IT, energy sector stocks in india.
A sector Performance NSE consists of multiple stocks with similar industries, and we can also compare the performance of the sectors across markets. We have listed 13 different sectors to compare which stock is performing well, and this data can help you to make decisions for your next investment. Sector Wise stocks in NSE helps you observe the industry’s performance and will list the data as per the price changes for the current expiry.
Features available in Sector Performance
In the Sector wise Performance, you can find the average value of different sectors, and it also tells us whether the sector is a leader or looser. Here you can find data using sector movers, sector data, border index. The Sector performance is before shown as sector watch in Intraday Screener.
Sector data show the information about different sector wise stocks NSE like PSU Bank, Bank Nifty, Energy, Consumer goods, Nifty Financial Services, PVT Bank, Consumption, Pharmaceuticals, Construction, IT sector stocks, Media Entertainment, Metals, Auto sector in stocks.
Broader Indexs show the information about the indices like Bank Nifty, Sensex, Nifty 50, Bank Nifty, Nifty 200, Nifty 500, Nifty Next 50, Midcap 100, MidSmallCap 400, Small Cap 250, Small cap 100, Small cap 50.
How to see which Stocks of a particular Sector are doing well?
In Sector Performance, to check the performance of stocks in a particular sector, you need to click on the respective sector bar on the chart and corresponding stocks data will be shown on the right side. If you check the above image, I have clicked on the Automobile bar, It has displayed all the stocks in the Automobile sector.
When you click on the Broader Index, It will show you the data of all Broader market Indices. The data will be shown of SMALLCAP 250 index, Smallcap 100 index, MidSmallcap 400 index, Smallcap 50 index, Midcap 100 index, Banknifty index, Nifty 500 index, NiftyNext 50 index, Nifty 200 index, Sensex index, Nifty50 index.
2025-04-23 22:19:59,617 - INFO - Element 4 text: Sector Performance
Sector Data
Broader Index
1D7D30D90D52W
4.34
2.38
1.4
1.34
1.33
1.01
0.78
0.69
0.53
0.14
-0.09
-0.26
-0.5
-0.57
-0.67
-0.75
-0.96
NIFTY_IT
NIFTY_AUTO
NIFTY_PHARMA
NIFTY_HEALTHCARE
NIFTY_REALTY
NIFTY_CONSUMPTION
NIFTY_METAL
NIFTY_ENERGY
NIFTY_FMCG
NIFTY_OIL_AND_GAS
NIFTY_MEDIA
NIFTY_FINSRV25_50
NIFTY BANK
NIFTY_PSU_BANK
NIFTY_FIN_SERVICE
NIFTY_PVT_BANK
NIFTY_CONSR_DURBL
AUTOMOBILE Stocks
SYMBOL
PRICE
SONACOMS
478.45
 (5.61%)
TATAMOTORS
659.9
 (4.4%)
ASHOKLEY
230.68
 (3.47%)
M&M
2917.8
 (3.45%)
BHARATFORG
1135.5
 (2.81%)
HEROMOTOCO
3940.5
 (2.71%)
TVSMOTOR
2806.7
 (2.43%)
MOTHERSON
135.73
 (1.79%)
BALKRISIND
2577
 (1.62%)
BAJAJ-AUTO
8261.5
 (1.46%)
MARUTI
11907
 (1.45%)
BOSCHLTD
28415
 (1.39%)
TIINDIA
2673
 (0.71%)
MRF
127980
 (0.25%)
EXIDEIND
380.8
 (-0.04%)
ARE&M
1009.9
 (-0.59%)
EICHERMOT
5740
 (-0.77%)
2025-04-23 22:20:00,717 - WARNING - Creating dummy sector data as fallback
2025-04-23 22:20:00,722 - INFO - Extracted 8 sectors
2025-04-23 22:20:00,723 - INFO - Successfully scraped 8 sectors
2025-04-23 22:20:00,724 - INFO - Sector: IT - Change: +2.50%
2025-04-23 22:20:00,724 - INFO - Sector: Banks - Change: +1.80%
2025-04-23 22:20:00,725 - INFO - Sector: Auto - Change: +1.20%
2025-04-23 22:20:00,725 - INFO - Sector: Pharma - Change: +0.80%
2025-04-23 22:20:00,736 - INFO - Sector: FMCG - Change: +0.30%
2025-04-23 22:20:00,740 - INFO - Saved 8 sectors to sector_data.csv
2025-04-23 22:20:00,752 - INFO - Saved top and bottom sectors to separate files
2025-04-23 22:20:00,760 - INFO - Waiting 60 seconds until next scrape...
2025-04-23 22:21:07,598 - INFO - Browser page refreshed
2025-04-23 22:21:16,301 - INFO - Navigated to sector performance page
2025-04-23 22:21:17,634 - INFO - Saved screenshot for debugging
2025-04-23 22:21:32,014 - INFO - Saved page source for analysis
2025-04-23 22:21:32,755 - INFO - Found 5 sector elements using selector: //div[contains(., '%') and contains(., 'IT')]
2025-04-23 22:21:33,273 - INFO - Element 0 text: Markets
Intraday
Futures
Options
Eod Scans
Trade
 Screener
Tools
User
NIFTY 50
24328.95 (0.67%)
NIFTY BANK
55370.05 (-0.50%)
NIFTY_MIDCAP_100
55041.1 (1.18%)
NIFTY_SMLCAP_100
16969.75 (0.44%)
NIFTY_SMLCAP_100
16969.75 (0.44%)
NIFTY_FIN_SERVICE
26446.2 (-0.67%)
INDIA_VIX
15.96 (4.79%)
F&O
Cash


Auto refresh disabled to enable Please Subscribe
Sector Performance
Sector Data
Broader Index
1D7D30D90D52W
4.34
2.38
1.4
1.34
1.33
1.01
0.78
0.69
0.53
0.14
-0.09
-0.26
-0.5
-0.57
-0.67
-0.75
-0.96
NIFTY_IT
NIFTY_AUTO
NIFTY_PHARMA
NIFTY_HEALTHCARE
NIFTY_REALTY
NIFTY_CONSUMPTION
NIFTY_METAL
NIFTY_ENERGY
NIFTY_FMCG
NIFTY_OIL_AND_GAS
NIFTY_MEDIA
NIFTY_FINSRV25_50
NIFTY BANK
NIFTY_PSU_BANK
NIFTY_FIN_SERVICE
NIFTY_PVT_BANK
NIFTY_CONSR_DURBL
AUTOMOBILE Stocks
SYMBOL
PRICE
SONACOMS
478.45
 (5.61%)
TATAMOTORS
659.9
 (4.4%)
ASHOKLEY
230.68
 (3.47%)
M&M
2917.8
 (3.45%)
BHARATFORG
1135.5
 (2.81%)
HEROMOTOCO
3940.5
 (2.71%)
TVSMOTOR
2806.7
 (2.43%)
MOTHERSON
135.73
 (1.79%)
BALKRISIND
2577
 (1.62%)
BAJAJ-AUTO
8261.5
 (1.46%)
MARUTI
11907
 (1.45%)
BOSCHLTD
28415
 (1.39%)
TIINDIA
2673
 (0.71%)
MRF
127980
 (0.25%)
EXIDEIND
380.8
 (-0.04%)
ARE&M
1009.9
 (-0.59%)
EICHERMOT
5740
 (-0.77%)
What is Sector Performance?
Sector Performance helps to get a birds-eye overview of which stock market sectors are doing well in markets and which sectors are not performing in intraday.
Usually, when we buy stocks which are sector movers and from sectors that are doing good, it’s highly likely that stock will outperform and give good returns compared to stock which whose other sector peers are not performing.
How many Sectors are there in Stock Market?
There are 13 types of sectors in the stock market that are PSU Bank, Pharma sector stocks in india, Media & Entertainment, Construction, Metals, Automobile, Consumption, Consumer Goods, Bank Nifty, Nifty Financial Services, PVT Bank, IT, energy sector stocks in india.
A sector Performance NSE consists of multiple stocks with similar industries, and we can also compare the performance of the sectors across markets. We have listed 13 different sectors to compare which stock is performing well, and this data can help you to make decisions for your next investment. Sector Wise stocks in NSE helps you observe the industry’s performance and will list the data as per the price changes for the current expiry.
Features available in Sector Performance
In the Sector wise Performance, you can find the average value of different sectors, and it also tells us whether the sector is a leader or looser. Here you can find data using sector movers, sector data, border index. The Sector performance is before shown as sector watch in Intraday Screener.
Sector data show the information about different sector wise stocks NSE like PSU Bank, Bank Nifty, Energy, Consumer goods, Nifty Financial Services, PVT Bank, Consumption, Pharmaceuticals, Construction, IT sector stocks, Media Entertainment, Metals, Auto sector in stocks.
Broader Indexs show the information about the indices like Bank Nifty, Sensex, Nifty 50, Bank Nifty, Nifty 200, Nifty 500, Nifty Next 50, Midcap 100, MidSmallCap 400, Small Cap 250, Small cap 100, Small cap 50.
How to see which Stocks of a particular Sector are doing well?
In Sector Performance, to check the performance of stocks in a particular sector, you need to click on the respective sector bar on the chart and corresponding stocks data will be shown on the right side. If you check the above image, I have clicked on the Automobile bar, It has displayed all the stocks in the Automobile sector.
When you click on the Broader Index, It will show you the data of all Broader market Indices. The data will be shown of SMALLCAP 250 index, Smallcap 100 index, MidSmallcap 400 index, Smallcap 50 index, Midcap 100 index, Banknifty index, Nifty 500 index, NiftyNext 50 index, Nifty 200 index, Sensex index, Nifty50 index.
2025-04-23 22:21:33,919 - INFO - Element 1 text: Markets
Intraday
Futures
Options
Eod Scans
Trade
 Screener
Tools
User
NIFTY 50
24328.95 (0.67%)
NIFTY BANK
55370.05 (-0.50%)
NIFTY_MIDCAP_100
55041.1 (1.18%)
NIFTY_SMLCAP_100
16969.75 (0.44%)
NIFTY_SMLCAP_100
16969.75 (0.44%)
NIFTY_FIN_SERVICE
26446.2 (-0.67%)
INDIA_VIX
15.96 (4.79%)
F&O
Cash
2025-04-23 22:21:34,346 - INFO - Element 2 text: Auto refresh disabled to enable Please Subscribe
Sector Performance
Sector Data
Broader Index
1D7D30D90D52W
4.34
2.38
1.4
1.34
1.33
1.01
0.78
0.69
0.53
0.14
-0.09
-0.26
-0.5
-0.57
-0.67
-0.75
-0.96
NIFTY_IT
NIFTY_AUTO
NIFTY_PHARMA
NIFTY_HEALTHCARE
NIFTY_REALTY
NIFTY_CONSUMPTION
NIFTY_METAL
NIFTY_ENERGY
NIFTY_FMCG
NIFTY_OIL_AND_GAS
NIFTY_MEDIA
NIFTY_FINSRV25_50
NIFTY BANK
NIFTY_PSU_BANK
NIFTY_FIN_SERVICE
NIFTY_PVT_BANK
NIFTY_CONSR_DURBL
AUTOMOBILE Stocks
SYMBOL
PRICE
SONACOMS
478.45
 (5.61%)
TATAMOTORS
659.9
 (4.4%)
ASHOKLEY
230.68
 (3.47%)
M&M
2917.8
 (3.45%)
BHARATFORG
1135.5
 (2.81%)
HEROMOTOCO
3940.5
 (2.71%)
TVSMOTOR
2806.7
 (2.43%)
MOTHERSON
135.73
 (1.79%)
BALKRISIND
2577
 (1.62%)
BAJAJ-AUTO
8261.5
 (1.46%)
MARUTI
11907
 (1.45%)
BOSCHLTD
28415
 (1.39%)
TIINDIA
2673
 (0.71%)
MRF
127980
 (0.25%)
EXIDEIND
380.8
 (-0.04%)
ARE&M
1009.9
 (-0.59%)
EICHERMOT
5740
 (-0.77%)
What is Sector Performance?
Sector Performance helps to get a birds-eye overview of which stock market sectors are doing well in markets and which sectors are not performing in intraday.
Usually, when we buy stocks which are sector movers and from sectors that are doing good, it’s highly likely that stock will outperform and give good returns compared to stock which whose other sector peers are not performing.
How many Sectors are there in Stock Market?
There are 13 types of sectors in the stock market that are PSU Bank, Pharma sector stocks in india, Media & Entertainment, Construction, Metals, Automobile, Consumption, Consumer Goods, Bank Nifty, Nifty Financial Services, PVT Bank, IT, energy sector stocks in india.
A sector Performance NSE consists of multiple stocks with similar industries, and we can also compare the performance of the sectors across markets. We have listed 13 different sectors to compare which stock is performing well, and this data can help you to make decisions for your next investment. Sector Wise stocks in NSE helps you observe the industry’s performance and will list the data as per the price changes for the current expiry.
Features available in Sector Performance
In the Sector wise Performance, you can find the average value of different sectors, and it also tells us whether the sector is a leader or looser. Here you can find data using sector movers, sector data, border index. The Sector performance is before shown as sector watch in Intraday Screener.
Sector data show the information about different sector wise stocks NSE like PSU Bank, Bank Nifty, Energy, Consumer goods, Nifty Financial Services, PVT Bank, Consumption, Pharmaceuticals, Construction, IT sector stocks, Media Entertainment, Metals, Auto sector in stocks.
Broader Indexs show the information about the indices like Bank Nifty, Sensex, Nifty 50, Bank Nifty, Nifty 200, Nifty 500, Nifty Next 50, Midcap 100, MidSmallCap 400, Small Cap 250, Small cap 100, Small cap 50.
How to see which Stocks of a particular Sector are doing well?
In Sector Performance, to check the performance of stocks in a particular sector, you need to click on the respective sector bar on the chart and corresponding stocks data will be shown on the right side. If you check the above image, I have clicked on the Automobile bar, It has displayed all the stocks in the Automobile sector.
When you click on the Broader Index, It will show you the data of all Broader market Indices. The data will be shown of SMALLCAP 250 index, Smallcap 100 index, MidSmallcap 400 index, Smallcap 50 index, Midcap 100 index, Banknifty index, Nifty 500 index, NiftyNext 50 index, Nifty 200 index, Sensex index, Nifty50 index.
2025-04-23 22:21:34,753 - INFO - Element 3 text: Auto refresh disabled to enable Please Subscribe
Sector Performance
Sector Data
Broader Index
1D7D30D90D52W
4.34
2.38
1.4
1.34
1.33
1.01
0.78
0.69
0.53
0.14
-0.09
-0.26
-0.5
-0.57
-0.67
-0.75
-0.96
NIFTY_IT
NIFTY_AUTO
NIFTY_PHARMA
NIFTY_HEALTHCARE
NIFTY_REALTY
NIFTY_CONSUMPTION
NIFTY_METAL
NIFTY_ENERGY
NIFTY_FMCG
NIFTY_OIL_AND_GAS
NIFTY_MEDIA
NIFTY_FINSRV25_50
NIFTY BANK
NIFTY_PSU_BANK
NIFTY_FIN_SERVICE
NIFTY_PVT_BANK
NIFTY_CONSR_DURBL
AUTOMOBILE Stocks
SYMBOL
PRICE
SONACOMS
478.45
 (5.61%)
TATAMOTORS
659.9
 (4.4%)
ASHOKLEY
230.68
 (3.47%)
M&M
2917.8
 (3.45%)
BHARATFORG
1135.5
 (2.81%)
HEROMOTOCO
3940.5
 (2.71%)
TVSMOTOR
2806.7
 (2.43%)
MOTHERSON
135.73
 (1.79%)
BALKRISIND
2577
 (1.62%)
BAJAJ-AUTO
8261.5
 (1.46%)
MARUTI
11907
 (1.45%)
BOSCHLTD
28415
 (1.39%)
TIINDIA
2673
 (0.71%)
MRF
127980
 (0.25%)
EXIDEIND
380.8
 (-0.04%)
ARE&M
1009.9
 (-0.59%)
EICHERMOT
5740
 (-0.77%)
What is Sector Performance?
Sector Performance helps to get a birds-eye overview of which stock market sectors are doing well in markets and which sectors are not performing in intraday.
Usually, when we buy stocks which are sector movers and from sectors that are doing good, it’s highly likely that stock will outperform and give good returns compared to stock which whose other sector peers are not performing.
How many Sectors are there in Stock Market?
There are 13 types of sectors in the stock market that are PSU Bank, Pharma sector stocks in india, Media & Entertainment, Construction, Metals, Automobile, Consumption, Consumer Goods, Bank Nifty, Nifty Financial Services, PVT Bank, IT, energy sector stocks in india.
A sector Performance NSE consists of multiple stocks with similar industries, and we can also compare the performance of the sectors across markets. We have listed 13 different sectors to compare which stock is performing well, and this data can help you to make decisions for your next investment. Sector Wise stocks in NSE helps you observe the industry’s performance and will list the data as per the price changes for the current expiry.
Features available in Sector Performance
In the Sector wise Performance, you can find the average value of different sectors, and it also tells us whether the sector is a leader or looser. Here you can find data using sector movers, sector data, border index. The Sector performance is before shown as sector watch in Intraday Screener.
Sector data show the information about different sector wise stocks NSE like PSU Bank, Bank Nifty, Energy, Consumer goods, Nifty Financial Services, PVT Bank, Consumption, Pharmaceuticals, Construction, IT sector stocks, Media Entertainment, Metals, Auto sector in stocks.
Broader Indexs show the information about the indices like Bank Nifty, Sensex, Nifty 50, Bank Nifty, Nifty 200, Nifty 500, Nifty Next 50, Midcap 100, MidSmallCap 400, Small Cap 250, Small cap 100, Small cap 50.
How to see which Stocks of a particular Sector are doing well?
In Sector Performance, to check the performance of stocks in a particular sector, you need to click on the respective sector bar on the chart and corresponding stocks data will be shown on the right side. If you check the above image, I have clicked on the Automobile bar, It has displayed all the stocks in the Automobile sector.
When you click on the Broader Index, It will show you the data of all Broader market Indices. The data will be shown of SMALLCAP 250 index, Smallcap 100 index, MidSmallcap 400 index, Smallcap 50 index, Midcap 100 index, Banknifty index, Nifty 500 index, NiftyNext 50 index, Nifty 200 index, Sensex index, Nifty50 index.
2025-04-23 22:21:35,120 - INFO - Element 4 text: Sector Performance
Sector Data
Broader Index
1D7D30D90D52W
4.34
2.38
1.4
1.34
1.33
1.01
0.78
0.69
0.53
0.14
-0.09
-0.26
-0.5
-0.57
-0.67
-0.75
-0.96
NIFTY_IT
NIFTY_AUTO
NIFTY_PHARMA
NIFTY_HEALTHCARE
NIFTY_REALTY
NIFTY_CONSUMPTION
NIFTY_METAL
NIFTY_ENERGY
NIFTY_FMCG
NIFTY_OIL_AND_GAS
NIFTY_MEDIA
NIFTY_FINSRV25_50
NIFTY BANK
NIFTY_PSU_BANK
NIFTY_FIN_SERVICE
NIFTY_PVT_BANK
NIFTY_CONSR_DURBL
AUTOMOBILE Stocks
SYMBOL
PRICE
SONACOMS
478.45
 (5.61%)
TATAMOTORS
659.9
 (4.4%)
ASHOKLEY
230.68
 (3.47%)
M&M
2917.8
 (3.45%)
BHARATFORG
1135.5
 (2.81%)
HEROMOTOCO
3940.5
 (2.71%)
TVSMOTOR
2806.7
 (2.43%)
MOTHERSON
135.73
 (1.79%)
BALKRISIND
2577
 (1.62%)
BAJAJ-AUTO
8261.5
 (1.46%)
MARUTI
11907
 (1.45%)
BOSCHLTD
28415
 (1.39%)
TIINDIA
2673
 (0.71%)
MRF
127980
 (0.25%)
EXIDEIND
380.8
 (-0.04%)
ARE&M
1009.9
 (-0.59%)
EICHERMOT
5740
 (-0.77%)
2025-04-23 22:21:36,545 - WARNING - Creating dummy sector data as fallback
2025-04-23 22:21:36,545 - INFO - Extracted 8 sectors
2025-04-23 22:21:36,546 - INFO - Successfully scraped 8 sectors
2025-04-23 22:21:36,546 - INFO - Sector: IT - Change: +2.50%
2025-04-23 22:21:36,547 - INFO - Sector: Banks - Change: +1.80%
2025-04-23 22:21:36,547 - INFO - Sector: Auto - Change: +1.20%
2025-04-23 22:21:36,548 - INFO - Sector: Pharma - Change: +0.80%
2025-04-23 22:21:36,548 - INFO - Sector: FMCG - Change: +0.30%
2025-04-23 22:21:36,552 - INFO - Saved 8 sectors to sector_data.csv
2025-04-23 22:21:36,558 - INFO - Saved top and bottom sectors to separate files
2025-04-23 22:21:36,559 - INFO - Waiting 60 seconds until next scrape...
2025-04-23 22:22:39,408 - INFO - Browser page refreshed
2025-04-23 22:22:44,031 - INFO - Navigated to sector performance page
2025-04-23 22:22:44,541 - INFO - Saved screenshot for debugging
2025-04-23 22:22:58,612 - INFO - Saved page source for analysis
2025-04-23 22:22:58,716 - INFO - Found 5 sector elements using selector: //div[contains(., '%') and contains(., 'IT')]
2025-04-23 22:22:58,938 - INFO - Element 0 text: Markets
Intraday
Futures
Options
Eod Scans
Trade
 Screener
Tools
User
NIFTY 50
24328.95 (0.67%)
NIFTY BANK
55370.05 (-0.50%)
NIFTY_MIDCAP_100
55041.1 (1.18%)
NIFTY_SMLCAP_100
16969.75 (0.44%)
NIFTY_SMLCAP_100
16969.75 (0.44%)
NIFTY_FIN_SERVICE
26446.2 (-0.67%)
INDIA_VIX
15.96 (4.79%)
F&O
Cash


Auto refresh disabled to enable Please Subscribe
Sector Performance
Sector Data
Broader Index
1D7D30D90D52W
4.34
2.38
1.4
1.34
1.33
1.01
0.78
0.69
0.53
0.14
-0.09
-0.26
-0.5
-0.57
-0.67
-0.75
-0.96
NIFTY_IT
NIFTY_AUTO
NIFTY_PHARMA
NIFTY_HEALTHCARE
NIFTY_REALTY
NIFTY_CONSUMPTION
NIFTY_METAL
NIFTY_ENERGY
NIFTY_FMCG
NIFTY_OIL_AND_GAS
NIFTY_MEDIA
NIFTY_FINSRV25_50
NIFTY BANK
NIFTY_PSU_BANK
NIFTY_FIN_SERVICE
NIFTY_PVT_BANK
NIFTY_CONSR_DURBL
AUTOMOBILE Stocks
SYMBOL
PRICE
SONACOMS
478.45
 (5.61%)
TATAMOTORS
659.9
 (4.4%)
ASHOKLEY
230.68
 (3.47%)
M&M
2917.8
 (3.45%)
BHARATFORG
1135.5
 (2.81%)
HEROMOTOCO
3940.5
 (2.71%)
TVSMOTOR
2806.7
 (2.43%)
MOTHERSON
135.73
 (1.79%)
BALKRISIND
2577
 (1.62%)
BAJAJ-AUTO
8261.5
 (1.46%)
MARUTI
11907
 (1.45%)
BOSCHLTD
28415
 (1.39%)
TIINDIA
2673
 (0.71%)
MRF
127980
 (0.25%)
EXIDEIND
380.8
 (-0.04%)
ARE&M
1009.9
 (-0.59%)
EICHERMOT
5740
 (-0.77%)
What is Sector Performance?
Sector Performance helps to get a birds-eye overview of which stock market sectors are doing well in markets and which sectors are not performing in intraday.
Usually, when we buy stocks which are sector movers and from sectors that are doing good, it’s highly likely that stock will outperform and give good returns compared to stock which whose other sector peers are not performing.
How many Sectors are there in Stock Market?
There are 13 types of sectors in the stock market that are PSU Bank, Pharma sector stocks in india, Media & Entertainment, Construction, Metals, Automobile, Consumption, Consumer Goods, Bank Nifty, Nifty Financial Services, PVT Bank, IT, energy sector stocks in india.
A sector Performance NSE consists of multiple stocks with similar industries, and we can also compare the performance of the sectors across markets. We have listed 13 different sectors to compare which stock is performing well, and this data can help you to make decisions for your next investment. Sector Wise stocks in NSE helps you observe the industry’s performance and will list the data as per the price changes for the current expiry.
Features available in Sector Performance
In the Sector wise Performance, you can find the average value of different sectors, and it also tells us whether the sector is a leader or looser. Here you can find data using sector movers, sector data, border index. The Sector performance is before shown as sector watch in Intraday Screener.
Sector data show the information about different sector wise stocks NSE like PSU Bank, Bank Nifty, Energy, Consumer goods, Nifty Financial Services, PVT Bank, Consumption, Pharmaceuticals, Construction, IT sector stocks, Media Entertainment, Metals, Auto sector in stocks.
Broader Indexs show the information about the indices like Bank Nifty, Sensex, Nifty 50, Bank Nifty, Nifty 200, Nifty 500, Nifty Next 50, Midcap 100, MidSmallCap 400, Small Cap 250, Small cap 100, Small cap 50.
How to see which Stocks of a particular Sector are doing well?
In Sector Performance, to check the performance of stocks in a particular sector, you need to click on the respective sector bar on the chart and corresponding stocks data will be shown on the right side. If you check the above image, I have clicked on the Automobile bar, It has displayed all the stocks in the Automobile sector.
When you click on the Broader Index, It will show you the data of all Broader market Indices. The data will be shown of SMALLCAP 250 index, Smallcap 100 index, MidSmallcap 400 index, Smallcap 50 index, Midcap 100 index, Banknifty index, Nifty 500 index, NiftyNext 50 index, Nifty 200 index, Sensex index, Nifty50 index.
2025-04-23 22:22:59,133 - INFO - Element 1 text: Markets
Intraday
Futures
Options
Eod Scans
Trade
 Screener
Tools
User
NIFTY 50
24328.95 (0.67%)
NIFTY BANK
55370.05 (-0.50%)
NIFTY_MIDCAP_100
55041.1 (1.18%)
NIFTY_SMLCAP_100
16969.75 (0.44%)
NIFTY_SMLCAP_100
16969.75 (0.44%)
NIFTY_FIN_SERVICE
26446.2 (-0.67%)
INDIA_VIX
15.96 (4.79%)
F&O
Cash
2025-04-23 22:22:59,267 - INFO - Element 2 text: Auto refresh disabled to enable Please Subscribe
Sector Performance
Sector Data
Broader Index
1D7D30D90D52W
4.34
2.38
1.4
1.34
1.33
1.01
0.78
0.69
0.53
0.14
-0.09
-0.26
-0.5
-0.57
-0.67
-0.75
-0.96
NIFTY_IT
NIFTY_AUTO
NIFTY_PHARMA
NIFTY_HEALTHCARE
NIFTY_REALTY
NIFTY_CONSUMPTION
NIFTY_METAL
NIFTY_ENERGY
NIFTY_FMCG
NIFTY_OIL_AND_GAS
NIFTY_MEDIA
NIFTY_FINSRV25_50
NIFTY BANK
NIFTY_PSU_BANK
NIFTY_FIN_SERVICE
NIFTY_PVT_BANK
NIFTY_CONSR_DURBL
AUTOMOBILE Stocks
SYMBOL
PRICE
SONACOMS
478.45
 (5.61%)
TATAMOTORS
659.9
 (4.4%)
ASHOKLEY
230.68
 (3.47%)
M&M
2917.8
 (3.45%)
BHARATFORG
1135.5
 (2.81%)
HEROMOTOCO
3940.5
 (2.71%)
TVSMOTOR
2806.7
 (2.43%)
MOTHERSON
135.73
 (1.79%)
BALKRISIND
2577
 (1.62%)
BAJAJ-AUTO
8261.5
 (1.46%)
MARUTI
11907
 (1.45%)
BOSCHLTD
28415
 (1.39%)
TIINDIA
2673
 (0.71%)
MRF
127980
 (0.25%)
EXIDEIND
380.8
 (-0.04%)
ARE&M
1009.9
 (-0.59%)
EICHERMOT
5740
 (-0.77%)
What is Sector Performance?
Sector Performance helps to get a birds-eye overview of which stock market sectors are doing well in markets and which sectors are not performing in intraday.
Usually, when we buy stocks which are sector movers and from sectors that are doing good, it’s highly likely that stock will outperform and give good returns compared to stock which whose other sector peers are not performing.
How many Sectors are there in Stock Market?
There are 13 types of sectors in the stock market that are PSU Bank, Pharma sector stocks in india, Media & Entertainment, Construction, Metals, Automobile, Consumption, Consumer Goods, Bank Nifty, Nifty Financial Services, PVT Bank, IT, energy sector stocks in india.
A sector Performance NSE consists of multiple stocks with similar industries, and we can also compare the performance of the sectors across markets. We have listed 13 different sectors to compare which stock is performing well, and this data can help you to make decisions for your next investment. Sector Wise stocks in NSE helps you observe the industry’s performance and will list the data as per the price changes for the current expiry.
Features available in Sector Performance
In the Sector wise Performance, you can find the average value of different sectors, and it also tells us whether the sector is a leader or looser. Here you can find data using sector movers, sector data, border index. The Sector performance is before shown as sector watch in Intraday Screener.
Sector data show the information about different sector wise stocks NSE like PSU Bank, Bank Nifty, Energy, Consumer goods, Nifty Financial Services, PVT Bank, Consumption, Pharmaceuticals, Construction, IT sector stocks, Media Entertainment, Metals, Auto sector in stocks.
Broader Indexs show the information about the indices like Bank Nifty, Sensex, Nifty 50, Bank Nifty, Nifty 200, Nifty 500, Nifty Next 50, Midcap 100, MidSmallCap 400, Small Cap 250, Small cap 100, Small cap 50.
How to see which Stocks of a particular Sector are doing well?
In Sector Performance, to check the performance of stocks in a particular sector, you need to click on the respective sector bar on the chart and corresponding stocks data will be shown on the right side. If you check the above image, I have clicked on the Automobile bar, It has displayed all the stocks in the Automobile sector.
When you click on the Broader Index, It will show you the data of all Broader market Indices. The data will be shown of SMALLCAP 250 index, Smallcap 100 index, MidSmallcap 400 index, Smallcap 50 index, Midcap 100 index, Banknifty index, Nifty 500 index, NiftyNext 50 index, Nifty 200 index, Sensex index, Nifty50 index.
2025-04-23 22:22:59,395 - INFO - Element 3 text: Auto refresh disabled to enable Please Subscribe
Sector Performance
Sector Data
Broader Index
1D7D30D90D52W
4.34
2.38
1.4
1.34
1.33
1.01
0.78
0.69
0.53
0.14
-0.09
-0.26
-0.5
-0.57
-0.67
-0.75
-0.96
NIFTY_IT
NIFTY_AUTO
NIFTY_PHARMA
NIFTY_HEALTHCARE
NIFTY_REALTY
NIFTY_CONSUMPTION
NIFTY_METAL
NIFTY_ENERGY
NIFTY_FMCG
NIFTY_OIL_AND_GAS
NIFTY_MEDIA
NIFTY_FINSRV25_50
NIFTY BANK
NIFTY_PSU_BANK
NIFTY_FIN_SERVICE
NIFTY_PVT_BANK
NIFTY_CONSR_DURBL
AUTOMOBILE Stocks
SYMBOL
PRICE
SONACOMS
478.45
 (5.61%)
TATAMOTORS
659.9
 (4.4%)
ASHOKLEY
230.68
 (3.47%)
M&M
2917.8
 (3.45%)
BHARATFORG
1135.5
 (2.81%)
HEROMOTOCO
3940.5
 (2.71%)
TVSMOTOR
2806.7
 (2.43%)
MOTHERSON
135.73
 (1.79%)
BALKRISIND
2577
 (1.62%)
BAJAJ-AUTO
8261.5
 (1.46%)
MARUTI
11907
 (1.45%)
BOSCHLTD
28415
 (1.39%)
TIINDIA
2673
 (0.71%)
MRF
127980
 (0.25%)
EXIDEIND
380.8
 (-0.04%)
ARE&M
1009.9
 (-0.59%)
EICHERMOT
5740
 (-0.77%)
What is Sector Performance?
Sector Performance helps to get a birds-eye overview of which stock market sectors are doing well in markets and which sectors are not performing in intraday.
Usually, when we buy stocks which are sector movers and from sectors that are doing good, it’s highly likely that stock will outperform and give good returns compared to stock which whose other sector peers are not performing.
How many Sectors are there in Stock Market?
There are 13 types of sectors in the stock market that are PSU Bank, Pharma sector stocks in india, Media & Entertainment, Construction, Metals, Automobile, Consumption, Consumer Goods, Bank Nifty, Nifty Financial Services, PVT Bank, IT, energy sector stocks in india.
A sector Performance NSE consists of multiple stocks with similar industries, and we can also compare the performance of the sectors across markets. We have listed 13 different sectors to compare which stock is performing well, and this data can help you to make decisions for your next investment. Sector Wise stocks in NSE helps you observe the industry’s performance and will list the data as per the price changes for the current expiry.
Features available in Sector Performance
In the Sector wise Performance, you can find the average value of different sectors, and it also tells us whether the sector is a leader or looser. Here you can find data using sector movers, sector data, border index. The Sector performance is before shown as sector watch in Intraday Screener.
Sector data show the information about different sector wise stocks NSE like PSU Bank, Bank Nifty, Energy, Consumer goods, Nifty Financial Services, PVT Bank, Consumption, Pharmaceuticals, Construction, IT sector stocks, Media Entertainment, Metals, Auto sector in stocks.
Broader Indexs show the information about the indices like Bank Nifty, Sensex, Nifty 50, Bank Nifty, Nifty 200, Nifty 500, Nifty Next 50, Midcap 100, MidSmallCap 400, Small Cap 250, Small cap 100, Small cap 50.
How to see which Stocks of a particular Sector are doing well?
In Sector Performance, to check the performance of stocks in a particular sector, you need to click on the respective sector bar on the chart and corresponding stocks data will be shown on the right side. If you check the above image, I have clicked on the Automobile bar, It has displayed all the stocks in the Automobile sector.
When you click on the Broader Index, It will show you the data of all Broader market Indices. The data will be shown of SMALLCAP 250 index, Smallcap 100 index, MidSmallcap 400 index, Smallcap 50 index, Midcap 100 index, Banknifty index, Nifty 500 index, NiftyNext 50 index, Nifty 200 index, Sensex index, Nifty50 index.
2025-04-23 22:22:59,556 - INFO - Element 4 text: Sector Performance
Sector Data
Broader Index
1D7D30D90D52W
4.34
2.38
1.4
1.34
1.33
1.01
0.78
0.69
0.53
0.14
-0.09
-0.26
-0.5
-0.57
-0.67
-0.75
-0.96
NIFTY_IT
NIFTY_AUTO
NIFTY_PHARMA
NIFTY_HEALTHCARE
NIFTY_REALTY
NIFTY_CONSUMPTION
NIFTY_METAL
NIFTY_ENERGY
NIFTY_FMCG
NIFTY_OIL_AND_GAS
NIFTY_MEDIA
NIFTY_FINSRV25_50
NIFTY BANK
NIFTY_PSU_BANK
NIFTY_FIN_SERVICE
NIFTY_PVT_BANK
NIFTY_CONSR_DURBL
AUTOMOBILE Stocks
SYMBOL
PRICE
SONACOMS
478.45
 (5.61%)
TATAMOTORS
659.9
 (4.4%)
ASHOKLEY
230.68
 (3.47%)
M&M
2917.8
 (3.45%)
BHARATFORG
1135.5
 (2.81%)
HEROMOTOCO
3940.5
 (2.71%)
TVSMOTOR
2806.7
 (2.43%)
MOTHERSON
135.73
 (1.79%)
BALKRISIND
2577
 (1.62%)
BAJAJ-AUTO
8261.5
 (1.46%)
MARUTI
11907
 (1.45%)
BOSCHLTD
28415
 (1.39%)
TIINDIA
2673
 (0.71%)
MRF
127980
 (0.25%)
EXIDEIND
380.8
 (-0.04%)
ARE&M
1009.9
 (-0.59%)
EICHERMOT
5740
 (-0.77%)
2025-04-23 22:23:01,153 - WARNING - Creating dummy sector data as fallback
2025-04-23 22:23:01,154 - INFO - Extracted 8 sectors
2025-04-23 22:23:01,157 - INFO - Successfully scraped 8 sectors
2025-04-23 22:23:01,160 - INFO - Sector: IT - Change: +2.50%
2025-04-23 22:23:01,160 - INFO - Sector: Banks - Change: +1.80%
2025-04-23 22:23:01,168 - INFO - Sector: Auto - Change: +1.20%
2025-04-23 22:23:01,174 - INFO - Sector: Pharma - Change: +0.80%
2025-04-23 22:23:01,178 - INFO - Sector: FMCG - Change: +0.30%
2025-04-23 22:23:01,189 - INFO - Saved 8 sectors to sector_data.csv
2025-04-23 22:23:01,207 - INFO - Saved top and bottom sectors to separate files
2025-04-23 22:23:01,226 - INFO - Waiting 60 seconds until next scrape...
2025-04-23 22:24:04,984 - INFO - Browser page refreshed
2025-04-23 22:24:07,188 - INFO - Navigated to sector performance page
2025-04-23 22:24:07,700 - INFO - Saved screenshot for debugging
2025-04-23 22:24:22,408 - INFO - Saved page source for analysis
2025-04-23 22:24:24,181 - INFO - Found 5 sector elements using selector: //div[contains(., '%') and contains(., 'IT')]
2025-04-23 22:24:24,532 - INFO - Element 0 text: Markets
Intraday
Futures
Options
Eod Scans
Trade
 Screener
Tools
User
NIFTY 50
24328.95 (0.67%)
NIFTY BANK
55370.05 (-0.50%)
NIFTY_MIDCAP_100
55041.1 (1.18%)
NIFTY_SMLCAP_100
16969.75 (0.44%)
NIFTY_SMLCAP_100
16969.75 (0.44%)
NIFTY_FIN_SERVICE
26446.2 (-0.67%)
INDIA_VIX
15.96 (4.79%)
F&O
Cash


Auto refresh disabled to enable Please Subscribe
Sector Performance
Sector Data
Broader Index
1D7D30D90D52W
4.34
2.38
1.4
1.34
1.33
1.01
0.78
0.69
0.53
0.14
-0.09
-0.26
-0.5
-0.57
-0.67
-0.75
-0.96
NIFTY_IT
NIFTY_AUTO
NIFTY_PHARMA
NIFTY_HEALTHCARE
NIFTY_REALTY
NIFTY_CONSUMPTION
NIFTY_METAL
NIFTY_ENERGY
NIFTY_FMCG
NIFTY_OIL_AND_GAS
NIFTY_MEDIA
NIFTY_FINSRV25_50
NIFTY BANK
NIFTY_PSU_BANK
NIFTY_FIN_SERVICE
NIFTY_PVT_BANK
NIFTY_CONSR_DURBL
AUTOMOBILE Stocks
SYMBOL
PRICE
SONACOMS
478.45
 (5.61%)
TATAMOTORS
659.9
 (4.4%)
ASHOKLEY
230.68
 (3.47%)
M&M
2917.8
 (3.45%)
BHARATFORG
1135.5
 (2.81%)
HEROMOTOCO
3940.5
 (2.71%)
TVSMOTOR
2806.7
 (2.43%)
MOTHERSON
135.73
 (1.79%)
BALKRISIND
2577
 (1.62%)
BAJAJ-AUTO
8261.5
 (1.46%)
MARUTI
11907
 (1.45%)
BOSCHLTD
28415
 (1.39%)
TIINDIA
2673
 (0.71%)
MRF
127980
 (0.25%)
EXIDEIND
380.8
 (-0.04%)
ARE&M
1009.9
 (-0.59%)
EICHERMOT
5740
 (-0.77%)
What is Sector Performance?
Sector Performance helps to get a birds-eye overview of which stock market sectors are doing well in markets and which sectors are not performing in intraday.
Usually, when we buy stocks which are sector movers and from sectors that are doing good, it’s highly likely that stock will outperform and give good returns compared to stock which whose other sector peers are not performing.
How many Sectors are there in Stock Market?
There are 13 types of sectors in the stock market that are PSU Bank, Pharma sector stocks in india, Media & Entertainment, Construction, Metals, Automobile, Consumption, Consumer Goods, Bank Nifty, Nifty Financial Services, PVT Bank, IT, energy sector stocks in india.
A sector Performance NSE consists of multiple stocks with similar industries, and we can also compare the performance of the sectors across markets. We have listed 13 different sectors to compare which stock is performing well, and this data can help you to make decisions for your next investment. Sector Wise stocks in NSE helps you observe the industry’s performance and will list the data as per the price changes for the current expiry.
Features available in Sector Performance
In the Sector wise Performance, you can find the average value of different sectors, and it also tells us whether the sector is a leader or looser. Here you can find data using sector movers, sector data, border index. The Sector performance is before shown as sector watch in Intraday Screener.
Sector data show the information about different sector wise stocks NSE like PSU Bank, Bank Nifty, Energy, Consumer goods, Nifty Financial Services, PVT Bank, Consumption, Pharmaceuticals, Construction, IT sector stocks, Media Entertainment, Metals, Auto sector in stocks.
Broader Indexs show the information about the indices like Bank Nifty, Sensex, Nifty 50, Bank Nifty, Nifty 200, Nifty 500, Nifty Next 50, Midcap 100, MidSmallCap 400, Small Cap 250, Small cap 100, Small cap 50.
How to see which Stocks of a particular Sector are doing well?
In Sector Performance, to check the performance of stocks in a particular sector, you need to click on the respective sector bar on the chart and corresponding stocks data will be shown on the right side. If you check the above image, I have clicked on the Automobile bar, It has displayed all the stocks in the Automobile sector.
When you click on the Broader Index, It will show you the data of all Broader market Indices. The data will be shown of SMALLCAP 250 index, Smallcap 100 index, MidSmallcap 400 index, Smallcap 50 index, Midcap 100 index, Banknifty index, Nifty 500 index, NiftyNext 50 index, Nifty 200 index, Sensex index, Nifty50 index.
2025-04-23 22:24:24,789 - INFO - Element 1 text: Markets
Intraday
Futures
Options
Eod Scans
Trade
 Screener
Tools
User
NIFTY 50
24328.95 (0.67%)
NIFTY BANK
55370.05 (-0.50%)
NIFTY_MIDCAP_100
55041.1 (1.18%)
NIFTY_SMLCAP_100
16969.75 (0.44%)
NIFTY_SMLCAP_100
16969.75 (0.44%)
NIFTY_FIN_SERVICE
26446.2 (-0.67%)
INDIA_VIX
15.96 (4.79%)
F&O
Cash
2025-04-23 22:24:25,072 - INFO - Element 2 text: Auto refresh disabled to enable Please Subscribe
Sector Performance
Sector Data
Broader Index
1D7D30D90D52W
4.34
2.38
1.4
1.34
1.33
1.01
0.78
0.69
0.53
0.14
-0.09
-0.26
-0.5
-0.57
-0.67
-0.75
-0.96
NIFTY_IT
NIFTY_AUTO
NIFTY_PHARMA
NIFTY_HEALTHCARE
NIFTY_REALTY
NIFTY_CONSUMPTION
NIFTY_METAL
NIFTY_ENERGY
NIFTY_FMCG
NIFTY_OIL_AND_GAS
NIFTY_MEDIA
NIFTY_FINSRV25_50
NIFTY BANK
NIFTY_PSU_BANK
NIFTY_FIN_SERVICE
NIFTY_PVT_BANK
NIFTY_CONSR_DURBL
AUTOMOBILE Stocks
SYMBOL
PRICE
SONACOMS
478.45
 (5.61%)
TATAMOTORS
659.9
 (4.4%)
ASHOKLEY
230.68
 (3.47%)
M&M
2917.8
 (3.45%)
BHARATFORG
1135.5
 (2.81%)
HEROMOTOCO
3940.5
 (2.71%)
TVSMOTOR
2806.7
 (2.43%)
MOTHERSON
135.73
 (1.79%)
BALKRISIND
2577
 (1.62%)
BAJAJ-AUTO
8261.5
 (1.46%)
MARUTI
11907
 (1.45%)
BOSCHLTD
28415
 (1.39%)
TIINDIA
2673
 (0.71%)
MRF
127980
 (0.25%)
EXIDEIND
380.8
 (-0.04%)
ARE&M
1009.9
 (-0.59%)
EICHERMOT
5740
 (-0.77%)
What is Sector Performance?
Sector Performance helps to get a birds-eye overview of which stock market sectors are doing well in markets and which sectors are not performing in intraday.
Usually, when we buy stocks which are sector movers and from sectors that are doing good, it’s highly likely that stock will outperform and give good returns compared to stock which whose other sector peers are not performing.
How many Sectors are there in Stock Market?
There are 13 types of sectors in the stock market that are PSU Bank, Pharma sector stocks in india, Media & Entertainment, Construction, Metals, Automobile, Consumption, Consumer Goods, Bank Nifty, Nifty Financial Services, PVT Bank, IT, energy sector stocks in india.
A sector Performance NSE consists of multiple stocks with similar industries, and we can also compare the performance of the sectors across markets. We have listed 13 different sectors to compare which stock is performing well, and this data can help you to make decisions for your next investment. Sector Wise stocks in NSE helps you observe the industry’s performance and will list the data as per the price changes for the current expiry.
Features available in Sector Performance
In the Sector wise Performance, you can find the average value of different sectors, and it also tells us whether the sector is a leader or looser. Here you can find data using sector movers, sector data, border index. The Sector performance is before shown as sector watch in Intraday Screener.
Sector data show the information about different sector wise stocks NSE like PSU Bank, Bank Nifty, Energy, Consumer goods, Nifty Financial Services, PVT Bank, Consumption, Pharmaceuticals, Construction, IT sector stocks, Media Entertainment, Metals, Auto sector in stocks.
Broader Indexs show the information about the indices like Bank Nifty, Sensex, Nifty 50, Bank Nifty, Nifty 200, Nifty 500, Nifty Next 50, Midcap 100, MidSmallCap 400, Small Cap 250, Small cap 100, Small cap 50.
How to see which Stocks of a particular Sector are doing well?
In Sector Performance, to check the performance of stocks in a particular sector, you need to click on the respective sector bar on the chart and corresponding stocks data will be shown on the right side. If you check the above image, I have clicked on the Automobile bar, It has displayed all the stocks in the Automobile sector.
When you click on the Broader Index, It will show you the data of all Broader market Indices. The data will be shown of SMALLCAP 250 index, Smallcap 100 index, MidSmallcap 400 index, Smallcap 50 index, Midcap 100 index, Banknifty index, Nifty 500 index, NiftyNext 50 index, Nifty 200 index, Sensex index, Nifty50 index.
2025-04-23 22:24:25,474 - INFO - Element 3 text: Auto refresh disabled to enable Please Subscribe
Sector Performance
Sector Data
Broader Index
1D7D30D90D52W
4.34
2.38
1.4
1.34
1.33
1.01
0.78
0.69
0.53
0.14
-0.09
-0.26
-0.5
-0.57
-0.67
-0.75
-0.96
NIFTY_IT
NIFTY_AUTO
NIFTY_PHARMA
NIFTY_HEALTHCARE
NIFTY_REALTY
NIFTY_CONSUMPTION
NIFTY_METAL
NIFTY_ENERGY
NIFTY_FMCG
NIFTY_OIL_AND_GAS
NIFTY_MEDIA
NIFTY_FINSRV25_50
NIFTY BANK
NIFTY_PSU_BANK
NIFTY_FIN_SERVICE
NIFTY_PVT_BANK
NIFTY_CONSR_DURBL
AUTOMOBILE Stocks
SYMBOL
PRICE
SONACOMS
478.45
 (5.61%)
TATAMOTORS
659.9
 (4.4%)
ASHOKLEY
230.68
 (3.47%)
M&M
2917.8
 (3.45%)
BHARATFORG
1135.5
 (2.81%)
HEROMOTOCO
3940.5
 (2.71%)
TVSMOTOR
2806.7
 (2.43%)
MOTHERSON
135.73
 (1.79%)
BALKRISIND
2577
 (1.62%)
BAJAJ-AUTO
8261.5
 (1.46%)
MARUTI
11907
 (1.45%)
BOSCHLTD
28415
 (1.39%)
TIINDIA
2673
 (0.71%)
MRF
127980
 (0.25%)
EXIDEIND
380.8
 (-0.04%)
ARE&M
1009.9
 (-0.59%)
EICHERMOT
5740
 (-0.77%)
What is Sector Performance?
Sector Performance helps to get a birds-eye overview of which stock market sectors are doing well in markets and which sectors are not performing in intraday.
Usually, when we buy stocks which are sector movers and from sectors that are doing good, it’s highly likely that stock will outperform and give good returns compared to stock which whose other sector peers are not performing.
How many Sectors are there in Stock Market?
There are 13 types of sectors in the stock market that are PSU Bank, Pharma sector stocks in india, Media & Entertainment, Construction, Metals, Automobile, Consumption, Consumer Goods, Bank Nifty, Nifty Financial Services, PVT Bank, IT, energy sector stocks in india.
A sector Performance NSE consists of multiple stocks with similar industries, and we can also compare the performance of the sectors across markets. We have listed 13 different sectors to compare which stock is performing well, and this data can help you to make decisions for your next investment. Sector Wise stocks in NSE helps you observe the industry’s performance and will list the data as per the price changes for the current expiry.
Features available in Sector Performance
In the Sector wise Performance, you can find the average value of different sectors, and it also tells us whether the sector is a leader or looser. Here you can find data using sector movers, sector data, border index. The Sector performance is before shown as sector watch in Intraday Screener.
Sector data show the information about different sector wise stocks NSE like PSU Bank, Bank Nifty, Energy, Consumer goods, Nifty Financial Services, PVT Bank, Consumption, Pharmaceuticals, Construction, IT sector stocks, Media Entertainment, Metals, Auto sector in stocks.
Broader Indexs show the information about the indices like Bank Nifty, Sensex, Nifty 50, Bank Nifty, Nifty 200, Nifty 500, Nifty Next 50, Midcap 100, MidSmallCap 400, Small Cap 250, Small cap 100, Small cap 50.
How to see which Stocks of a particular Sector are doing well?
In Sector Performance, to check the performance of stocks in a particular sector, you need to click on the respective sector bar on the chart and corresponding stocks data will be shown on the right side. If you check the above image, I have clicked on the Automobile bar, It has displayed all the stocks in the Automobile sector.
When you click on the Broader Index, It will show you the data of all Broader market Indices. The data will be shown of SMALLCAP 250 index, Smallcap 100 index, MidSmallcap 400 index, Smallcap 50 index, Midcap 100 index, Banknifty index, Nifty 500 index, NiftyNext 50 index, Nifty 200 index, Sensex index, Nifty50 index.
2025-04-23 22:24:25,883 - INFO - Element 4 text: Sector Performance
Sector Data
Broader Index
1D7D30D90D52W
4.34
2.38
1.4
1.34
1.33
1.01
0.78
0.69
0.53
0.14
-0.09
-0.26
-0.5
-0.57
-0.67
-0.75
-0.96
NIFTY_IT
NIFTY_AUTO
NIFTY_PHARMA
NIFTY_HEALTHCARE
NIFTY_REALTY
NIFTY_CONSUMPTION
NIFTY_METAL
NIFTY_ENERGY
NIFTY_FMCG
NIFTY_OIL_AND_GAS
NIFTY_MEDIA
NIFTY_FINSRV25_50
NIFTY BANK
NIFTY_PSU_BANK
NIFTY_FIN_SERVICE
NIFTY_PVT_BANK
NIFTY_CONSR_DURBL
AUTOMOBILE Stocks
SYMBOL
PRICE
SONACOMS
478.45
 (5.61%)
TATAMOTORS
659.9
 (4.4%)
ASHOKLEY
230.68
 (3.47%)
M&M
2917.8
 (3.45%)
BHARATFORG
1135.5
 (2.81%)
HEROMOTOCO
3940.5
 (2.71%)
TVSMOTOR
2806.7
 (2.43%)
MOTHERSON
135.73
 (1.79%)
BALKRISIND
2577
 (1.62%)
BAJAJ-AUTO
8261.5
 (1.46%)
MARUTI
11907
 (1.45%)
BOSCHLTD
28415
 (1.39%)
TIINDIA
2673
 (0.71%)
MRF
127980
 (0.25%)
EXIDEIND
380.8
 (-0.04%)
ARE&M
1009.9
 (-0.59%)
EICHERMOT
5740
 (-0.77%)
2025-04-23 22:24:27,941 - WARNING - Creating dummy sector data as fallback
2025-04-23 22:24:27,962 - INFO - Extracted 8 sectors
2025-04-23 22:24:27,964 - INFO - Successfully scraped 8 sectors
2025-04-23 22:24:27,964 - INFO - Sector: IT - Change: +2.50%
2025-04-23 22:24:27,974 - INFO - Sector: Banks - Change: +1.80%
2025-04-23 22:24:27,976 - INFO - Sector: Auto - Change: +1.20%
2025-04-23 22:24:27,997 - INFO - Sector: Pharma - Change: +0.80%
2025-04-23 22:24:28,037 - INFO - Sector: FMCG - Change: +0.30%
2025-04-23 22:24:28,176 - INFO - Saved 8 sectors to sector_data.csv
2025-04-23 22:24:28,310 - INFO - Saved top and bottom sectors to separate files
2025-04-23 22:24:28,371 - INFO - Waiting 60 seconds until next scrape...
2025-04-23 22:25:29,537 - INFO - Browser page refreshed
2025-04-23 22:25:31,239 - INFO - Navigated to sector performance page
2025-04-23 22:25:31,841 - INFO - Saved screenshot for debugging
2025-04-23 22:25:45,980 - INFO - Saved page source for analysis
2025-04-23 22:25:46,187 - INFO - Found 5 sector elements using selector: //div[contains(., '%') and contains(., 'IT')]
2025-04-23 22:25:46,385 - INFO - Element 0 text: Markets
Intraday
Futures
Options
Eod Scans
Trade
 Screener
Tools
User
NIFTY 50
24328.95 (0.67%)
NIFTY BANK
55370.05 (-0.50%)
NIFTY_MIDCAP_100
55041.1 (1.18%)
NIFTY_SMLCAP_100
16969.75 (0.44%)
NIFTY_SMLCAP_100
16969.75 (0.44%)
NIFTY_FIN_SERVICE
26446.2 (-0.67%)
INDIA_VIX
15.96 (4.79%)
F&O
Cash


Auto refresh disabled to enable Please Subscribe
Sector Performance
Sector Data
Broader Index
1D7D30D90D52W
4.34
2.38
1.4
1.34
1.33
1.01
0.78
0.69
0.53
0.14
-0.09
-0.26
-0.5
-0.57
-0.67
-0.75
-0.96
NIFTY_IT
NIFTY_AUTO
NIFTY_PHARMA
NIFTY_HEALTHCARE
NIFTY_REALTY
NIFTY_CONSUMPTION
NIFTY_METAL
NIFTY_ENERGY
NIFTY_FMCG
NIFTY_OIL_AND_GAS
NIFTY_MEDIA
NIFTY_FINSRV25_50
NIFTY BANK
NIFTY_PSU_BANK
NIFTY_FIN_SERVICE
NIFTY_PVT_BANK
NIFTY_CONSR_DURBL
AUTOMOBILE Stocks
SYMBOL
PRICE
SONACOMS
478.45
 (5.61%)
TATAMOTORS
659.9
 (4.4%)
ASHOKLEY
230.68
 (3.47%)
M&M
2917.8
 (3.45%)
BHARATFORG
1135.5
 (2.81%)
HEROMOTOCO
3940.5
 (2.71%)
TVSMOTOR
2806.7
 (2.43%)
MOTHERSON
135.73
 (1.79%)
BALKRISIND
2577
 (1.62%)
BAJAJ-AUTO
8261.5
 (1.46%)
MARUTI
11907
 (1.45%)
BOSCHLTD
28415
 (1.39%)
TIINDIA
2673
 (0.71%)
MRF
127980
 (0.25%)
EXIDEIND
380.8
 (-0.04%)
ARE&M
1009.9
 (-0.59%)
EICHERMOT
5740
 (-0.77%)
What is Sector Performance?
Sector Performance helps to get a birds-eye overview of which stock market sectors are doing well in markets and which sectors are not performing in intraday.
Usually, when we buy stocks which are sector movers and from sectors that are doing good, it’s highly likely that stock will outperform and give good returns compared to stock which whose other sector peers are not performing.
How many Sectors are there in Stock Market?
There are 13 types of sectors in the stock market that are PSU Bank, Pharma sector stocks in india, Media & Entertainment, Construction, Metals, Automobile, Consumption, Consumer Goods, Bank Nifty, Nifty Financial Services, PVT Bank, IT, energy sector stocks in india.
A sector Performance NSE consists of multiple stocks with similar industries, and we can also compare the performance of the sectors across markets. We have listed 13 different sectors to compare which stock is performing well, and this data can help you to make decisions for your next investment. Sector Wise stocks in NSE helps you observe the industry’s performance and will list the data as per the price changes for the current expiry.
Features available in Sector Performance
In the Sector wise Performance, you can find the average value of different sectors, and it also tells us whether the sector is a leader or looser. Here you can find data using sector movers, sector data, border index. The Sector performance is before shown as sector watch in Intraday Screener.
Sector data show the information about different sector wise stocks NSE like PSU Bank, Bank Nifty, Energy, Consumer goods, Nifty Financial Services, PVT Bank, Consumption, Pharmaceuticals, Construction, IT sector stocks, Media Entertainment, Metals, Auto sector in stocks.
Broader Indexs show the information about the indices like Bank Nifty, Sensex, Nifty 50, Bank Nifty, Nifty 200, Nifty 500, Nifty Next 50, Midcap 100, MidSmallCap 400, Small Cap 250, Small cap 100, Small cap 50.
How to see which Stocks of a particular Sector are doing well?
In Sector Performance, to check the performance of stocks in a particular sector, you need to click on the respective sector bar on the chart and corresponding stocks data will be shown on the right side. If you check the above image, I have clicked on the Automobile bar, It has displayed all the stocks in the Automobile sector.
When you click on the Broader Index, It will show you the data of all Broader market Indices. The data will be shown of SMALLCAP 250 index, Smallcap 100 index, MidSmallcap 400 index, Smallcap 50 index, Midcap 100 index, Banknifty index, Nifty 500 index, NiftyNext 50 index, Nifty 200 index, Sensex index, Nifty50 index.
2025-04-23 22:25:46,552 - INFO - Element 1 text: Markets
Intraday
Futures
Options
Eod Scans
Trade
 Screener
Tools
User
NIFTY 50
24328.95 (0.67%)
NIFTY BANK
55370.05 (-0.50%)
NIFTY_MIDCAP_100
55041.1 (1.18%)
NIFTY_SMLCAP_100
16969.75 (0.44%)
NIFTY_SMLCAP_100
16969.75 (0.44%)
NIFTY_FIN_SERVICE
26446.2 (-0.67%)
INDIA_VIX
15.96 (4.79%)
F&O
Cash
2025-04-23 22:25:46,676 - INFO - Element 2 text: Auto refresh disabled to enable Please Subscribe
Sector Performance
Sector Data
Broader Index
1D7D30D90D52W
4.34
2.38
1.4
1.34
1.33
1.01
0.78
0.69
0.53
0.14
-0.09
-0.26
-0.5
-0.57
-0.67
-0.75
-0.96
NIFTY_IT
NIFTY_AUTO
NIFTY_PHARMA
NIFTY_HEALTHCARE
NIFTY_REALTY
NIFTY_CONSUMPTION
NIFTY_METAL
NIFTY_ENERGY
NIFTY_FMCG
NIFTY_OIL_AND_GAS
NIFTY_MEDIA
NIFTY_FINSRV25_50
NIFTY BANK
NIFTY_PSU_BANK
NIFTY_FIN_SERVICE
NIFTY_PVT_BANK
NIFTY_CONSR_DURBL
AUTOMOBILE Stocks
SYMBOL
PRICE
SONACOMS
478.45
 (5.61%)
TATAMOTORS
659.9
 (4.4%)
ASHOKLEY
230.68
 (3.47%)
M&M
2917.8
 (3.45%)
BHARATFORG
1135.5
 (2.81%)
HEROMOTOCO
3940.5
 (2.71%)
TVSMOTOR
2806.7
 (2.43%)
MOTHERSON
135.73
 (1.79%)
BALKRISIND
2577
 (1.62%)
BAJAJ-AUTO
8261.5
 (1.46%)
MARUTI
11907
 (1.45%)
BOSCHLTD
28415
 (1.39%)
TIINDIA
2673
 (0.71%)
MRF
127980
 (0.25%)
EXIDEIND
380.8
 (-0.04%)
ARE&M
1009.9
 (-0.59%)
EICHERMOT
5740
 (-0.77%)
What is Sector Performance?
Sector Performance helps to get a birds-eye overview of which stock market sectors are doing well in markets and which sectors are not performing in intraday.
Usually, when we buy stocks which are sector movers and from sectors that are doing good, it’s highly likely that stock will outperform and give good returns compared to stock which whose other sector peers are not performing.
How many Sectors are there in Stock Market?
There are 13 types of sectors in the stock market that are PSU Bank, Pharma sector stocks in india, Media & Entertainment, Construction, Metals, Automobile, Consumption, Consumer Goods, Bank Nifty, Nifty Financial Services, PVT Bank, IT, energy sector stocks in india.
A sector Performance NSE consists of multiple stocks with similar industries, and we can also compare the performance of the sectors across markets. We have listed 13 different sectors to compare which stock is performing well, and this data can help you to make decisions for your next investment. Sector Wise stocks in NSE helps you observe the industry’s performance and will list the data as per the price changes for the current expiry.
Features available in Sector Performance
In the Sector wise Performance, you can find the average value of different sectors, and it also tells us whether the sector is a leader or looser. Here you can find data using sector movers, sector data, border index. The Sector performance is before shown as sector watch in Intraday Screener.
Sector data show the information about different sector wise stocks NSE like PSU Bank, Bank Nifty, Energy, Consumer goods, Nifty Financial Services, PVT Bank, Consumption, Pharmaceuticals, Construction, IT sector stocks, Media Entertainment, Metals, Auto sector in stocks.
Broader Indexs show the information about the indices like Bank Nifty, Sensex, Nifty 50, Bank Nifty, Nifty 200, Nifty 500, Nifty Next 50, Midcap 100, MidSmallCap 400, Small Cap 250, Small cap 100, Small cap 50.
How to see which Stocks of a particular Sector are doing well?
In Sector Performance, to check the performance of stocks in a particular sector, you need to click on the respective sector bar on the chart and corresponding stocks data will be shown on the right side. If you check the above image, I have clicked on the Automobile bar, It has displayed all the stocks in the Automobile sector.
When you click on the Broader Index, It will show you the data of all Broader market Indices. The data will be shown of SMALLCAP 250 index, Smallcap 100 index, MidSmallcap 400 index, Smallcap 50 index, Midcap 100 index, Banknifty index, Nifty 500 index, NiftyNext 50 index, Nifty 200 index, Sensex index, Nifty50 index.
2025-04-23 22:25:46,846 - INFO - Element 3 text: Auto refresh disabled to enable Please Subscribe
Sector Performance
Sector Data
Broader Index
1D7D30D90D52W
4.34
2.38
1.4
1.34
1.33
1.01
0.78
0.69
0.53
0.14
-0.09
-0.26
-0.5
-0.57
-0.67
-0.75
-0.96
NIFTY_IT
NIFTY_AUTO
NIFTY_PHARMA
NIFTY_HEALTHCARE
NIFTY_REALTY
NIFTY_CONSUMPTION
NIFTY_METAL
NIFTY_ENERGY
NIFTY_FMCG
NIFTY_OIL_AND_GAS
NIFTY_MEDIA
NIFTY_FINSRV25_50
NIFTY BANK
NIFTY_PSU_BANK
NIFTY_FIN_SERVICE
NIFTY_PVT_BANK
NIFTY_CONSR_DURBL
AUTOMOBILE Stocks
SYMBOL
PRICE
SONACOMS
478.45
 (5.61%)
TATAMOTORS
659.9
 (4.4%)
ASHOKLEY
230.68
 (3.47%)
M&M
2917.8
 (3.45%)
BHARATFORG
1135.5
 (2.81%)
HEROMOTOCO
3940.5
 (2.71%)
TVSMOTOR
2806.7
 (2.43%)
MOTHERSON
135.73
 (1.79%)
BALKRISIND
2577
 (1.62%)
BAJAJ-AUTO
8261.5
 (1.46%)
MARUTI
11907
 (1.45%)
BOSCHLTD
28415
 (1.39%)
TIINDIA
2673
 (0.71%)
MRF
127980
 (0.25%)
EXIDEIND
380.8
 (-0.04%)
ARE&M
1009.9
 (-0.59%)
EICHERMOT
5740
 (-0.77%)
What is Sector Performance?
Sector Performance helps to get a birds-eye overview of which stock market sectors are doing well in markets and which sectors are not performing in intraday.
Usually, when we buy stocks which are sector movers and from sectors that are doing good, it’s highly likely that stock will outperform and give good returns compared to stock which whose other sector peers are not performing.
How many Sectors are there in Stock Market?
There are 13 types of sectors in the stock market that are PSU Bank, Pharma sector stocks in india, Media & Entertainment, Construction, Metals, Automobile, Consumption, Consumer Goods, Bank Nifty, Nifty Financial Services, PVT Bank, IT, energy sector stocks in india.
A sector Performance NSE consists of multiple stocks with similar industries, and we can also compare the performance of the sectors across markets. We have listed 13 different sectors to compare which stock is performing well, and this data can help you to make decisions for your next investment. Sector Wise stocks in NSE helps you observe the industry’s performance and will list the data as per the price changes for the current expiry.
Features available in Sector Performance
In the Sector wise Performance, you can find the average value of different sectors, and it also tells us whether the sector is a leader or looser. Here you can find data using sector movers, sector data, border index. The Sector performance is before shown as sector watch in Intraday Screener.
Sector data show the information about different sector wise stocks NSE like PSU Bank, Bank Nifty, Energy, Consumer goods, Nifty Financial Services, PVT Bank, Consumption, Pharmaceuticals, Construction, IT sector stocks, Media Entertainment, Metals, Auto sector in stocks.
Broader Indexs show the information about the indices like Bank Nifty, Sensex, Nifty 50, Bank Nifty, Nifty 200, Nifty 500, Nifty Next 50, Midcap 100, MidSmallCap 400, Small Cap 250, Small cap 100, Small cap 50.
How to see which Stocks of a particular Sector are doing well?
In Sector Performance, to check the performance of stocks in a particular sector, you need to click on the respective sector bar on the chart and corresponding stocks data will be shown on the right side. If you check the above image, I have clicked on the Automobile bar, It has displayed all the stocks in the Automobile sector.
When you click on the Broader Index, It will show you the data of all Broader market Indices. The data will be shown of SMALLCAP 250 index, Smallcap 100 index, MidSmallcap 400 index, Smallcap 50 index, Midcap 100 index, Banknifty index, Nifty 500 index, NiftyNext 50 index, Nifty 200 index, Sensex index, Nifty50 index.
2025-04-23 22:25:47,070 - INFO - Element 4 text: Sector Performance
Sector Data
Broader Index
1D7D30D90D52W
4.34
2.38
1.4
1.34
1.33
1.01
0.78
0.69
0.53
0.14
-0.09
-0.26
-0.5
-0.57
-0.67
-0.75
-0.96
NIFTY_IT
NIFTY_AUTO
NIFTY_PHARMA
NIFTY_HEALTHCARE
NIFTY_REALTY
NIFTY_CONSUMPTION
NIFTY_METAL
NIFTY_ENERGY
NIFTY_FMCG
NIFTY_OIL_AND_GAS
NIFTY_MEDIA
NIFTY_FINSRV25_50
NIFTY BANK
NIFTY_PSU_BANK
NIFTY_FIN_SERVICE
NIFTY_PVT_BANK
NIFTY_CONSR_DURBL
AUTOMOBILE Stocks
SYMBOL
PRICE
SONACOMS
478.45
 (5.61%)
TATAMOTORS
659.9
 (4.4%)
ASHOKLEY
230.68
 (3.47%)
M&M
2917.8
 (3.45%)
BHARATFORG
1135.5
 (2.81%)
HEROMOTOCO
3940.5
 (2.71%)
TVSMOTOR
2806.7
 (2.43%)
MOTHERSON
135.73
 (1.79%)
BALKRISIND
2577
 (1.62%)
BAJAJ-AUTO
8261.5
 (1.46%)
MARUTI
11907
 (1.45%)
BOSCHLTD
28415
 (1.39%)
TIINDIA
2673
 (0.71%)
MRF
127980
 (0.25%)
EXIDEIND
380.8
 (-0.04%)
ARE&M
1009.9
 (-0.59%)
EICHERMOT
5740
 (-0.77%)
2025-04-23 22:25:47,712 - WARNING - Creating dummy sector data as fallback
2025-04-23 22:25:47,715 - INFO - Extracted 8 sectors
2025-04-23 22:25:47,715 - INFO - Successfully scraped 8 sectors
2025-04-23 22:25:47,716 - INFO - Sector: IT - Change: +2.50%
2025-04-23 22:25:47,716 - INFO - Sector: Banks - Change: +1.80%
2025-04-23 22:25:47,717 - INFO - Sector: Auto - Change: +1.20%
2025-04-23 22:25:47,717 - INFO - Sector: Pharma - Change: +0.80%
2025-04-23 22:25:47,718 - INFO - Sector: FMCG - Change: +0.30%
2025-04-23 22:25:47,722 - INFO - Saved 8 sectors to sector_data.csv
2025-04-23 22:25:47,729 - INFO - Saved top and bottom sectors to separate files
2025-04-23 22:25:47,736 - INFO - Waiting 60 seconds until next scrape...
2025-04-23 22:25:52,985 - INFO - Scraper stopped by user
2025-04-23 22:25:53,826 - WARNING - Retrying (Retry(total=2, connect=None, read=None, redirect=None, status=None)) after connection broken by 'ConnectionResetError(10054, 'An existing connection was forcibly closed by the remote host', None, 10054, None)': /session/29f2a35057e18c26f827b1327f0724ce
2025-04-23 22:25:53,852 - WARNING - Retrying (Retry(total=1, connect=None, read=None, redirect=None, status=None)) after connection broken by 'ConnectionResetError(10054, 'An existing connection was forcibly closed by the remote host', None, 10054, None)': /session/29f2a35057e18c26f827b1327f0724ce
2025-04-23 22:26:36,030 - INFO - Starting sector performance page scraper with manual login
2025-04-23 22:26:36,031 - INFO - Configuration loaded successfully
2025-04-23 22:26:36,031 - INFO - ====== WebDriver manager ======
2025-04-23 22:26:37,725 - INFO - Get LATEST chromedriver version for google-chrome
2025-04-23 22:26:37,782 - INFO - Get LATEST chromedriver version for google-chrome
2025-04-23 22:26:37,822 - INFO - Driver [C:\Users\Rajee\.wdm\drivers\chromedriver\win64\135.0.7049.114\chromedriver-win32/chromedriver.exe] found in cache
2025-04-23 22:26:43,473 - INFO - Chrome WebDriver set up successfully
2025-04-23 22:26:47,382 - INFO - Navigated to login page
2025-04-23 22:27:42,663 - INFO - Navigated to sector performance page: https://intradayscreener.com/sector-performance
2025-04-23 22:27:47,708 - INFO - Successfully navigated to sector performance page
2025-04-23 22:27:48,063 - INFO - Saved screenshot for debugging
2025-04-23 22:28:02,138 - INFO - Saved page source for analysis
2025-04-23 22:28:02,252 - INFO - Found 5 sector elements using selector: //div[contains(., '%') and contains(., 'IT')]
2025-04-23 22:28:02,396 - INFO - Element 0 text: Markets
Intraday
Futures
Options
Eod Scans
Trade
 Screener
Tools
User
NIFTY 50
24328.95 (0.67%)
NIFTY BANK
55370.05 (-0.50%)
NIFTY_MIDCAP_100
55041.1 (1.18%)
NIFTY_SMLCAP_100
16969.75 (0.44%)
NIFTY_SMLCAP_100
16969.75 (0.44%)
NIFTY_FIN_SERVICE
26446.2 (-0.67%)
INDIA_VIX
15.96 (4.79%)
F&O
Cash


Auto refresh disabled to enable Please Subscribe
Sector Performance
Sector Data
Broader Index
1D7D30D90D52W
4.34
2.38
1.4
1.34
1.33
1.01
0.78
0.69
0.53
0.14
-0.09
-0.26
-0.5
-0.57
-0.67
-0.75
-0.96
NIFTY_IT
NIFTY_AUTO
NIFTY_PHARMA
NIFTY_HEALTHCARE
NIFTY_REALTY
NIFTY_CONSUMPTION
NIFTY_METAL
NIFTY_ENERGY
NIFTY_FMCG
NIFTY_OIL_AND_GAS
NIFTY_MEDIA
NIFTY_FINSRV25_50
NIFTY BANK
NIFTY_PSU_BANK
NIFTY_FIN_SERVICE
NIFTY_PVT_BANK
NIFTY_CONSR_DURBL
AUTOMOBILE Stocks
SYMBOL
PRICE
SONACOMS
478.45
 (5.61%)
TATAMOTORS
659.9
 (4.4%)
ASHOKLEY
230.68
 (3.47%)
M&M
2917.8
 (3.45%)
BHARATFORG
1135.5
 (2.81%)
HEROMOTOCO
3940.5
 (2.71%)
TVSMOTOR
2806.7
 (2.43%)
MOTHERSON
135.73
 (1.79%)
BALKRISIND
2577
 (1.62%)
BAJAJ-AUTO
8261.5
 (1.46%)
MARUTI
11907
 (1.45%)
BOSCHLTD
28415
 (1.39%)
TIINDIA
2673
 (0.71%)
MRF
127980
 (0.25%)
EXIDEIND
380.8
 (-0.04%)
ARE&M
1009.9
 (-0.59%)
EICHERMOT
5740
 (-0.77%)
What is Sector Performance?
Sector Performance helps to get a birds-eye overview of which stock market sectors are doing well in markets and which sectors are not performing in intraday.
Usually, when we buy stocks which are sector movers and from sectors that are doing good, it’s highly likely that stock will outperform and give good returns compared to stock which whose other sector peers are not performing.
How many Sectors are there in Stock Market?
There are 13 types of sectors in the stock market that are PSU Bank, Pharma sector stocks in india, Media & Entertainment, Construction, Metals, Automobile, Consumption, Consumer Goods, Bank Nifty, Nifty Financial Services, PVT Bank, IT, energy sector stocks in india.
A sector Performance NSE consists of multiple stocks with similar industries, and we can also compare the performance of the sectors across markets. We have listed 13 different sectors to compare which stock is performing well, and this data can help you to make decisions for your next investment. Sector Wise stocks in NSE helps you observe the industry’s performance and will list the data as per the price changes for the current expiry.
Features available in Sector Performance
In the Sector wise Performance, you can find the average value of different sectors, and it also tells us whether the sector is a leader or looser. Here you can find data using sector movers, sector data, border index. The Sector performance is before shown as sector watch in Intraday Screener.
Sector data show the information about different sector wise stocks NSE like PSU Bank, Bank Nifty, Energy, Consumer goods, Nifty Financial Services, PVT Bank, Consumption, Pharmaceuticals, Construction, IT sector stocks, Media Entertainment, Metals, Auto sector in stocks.
Broader Indexs show the information about the indices like Bank Nifty, Sensex, Nifty 50, Bank Nifty, Nifty 200, Nifty 500, Nifty Next 50, Midcap 100, MidSmallCap 400, Small Cap 250, Small cap 100, Small cap 50.
How to see which Stocks of a particular Sector are doing well?
In Sector Performance, to check the performance of stocks in a particular sector, you need to click on the respective sector bar on the chart and corresponding stocks data will be shown on the right side. If you check the above image, I have clicked on the Automobile bar, It has displayed all the stocks in the Automobile sector.
When you click on the Broader Index, It will show you the data of all Broader market Indices. The data will be shown of SMALLCAP 250 index, Smallcap 100 index, MidSmallcap 400 index, Smallcap 50 index, Midcap 100 index, Banknifty index, Nifty 500 index, NiftyNext 50 index, Nifty 200 index, Sensex index, Nifty50 index.
2025-04-23 22:28:02,500 - INFO - Element 1 text: Markets
Intraday
Futures
Options
Eod Scans
Trade
 Screener
Tools
User
NIFTY 50
24328.95 (0.67%)
NIFTY BANK
55370.05 (-0.50%)
NIFTY_MIDCAP_100
55041.1 (1.18%)
NIFTY_SMLCAP_100
16969.75 (0.44%)
NIFTY_SMLCAP_100
16969.75 (0.44%)
NIFTY_FIN_SERVICE
26446.2 (-0.67%)
INDIA_VIX
15.96 (4.79%)
F&O
Cash
2025-04-23 22:28:02,604 - INFO - Element 2 text: Auto refresh disabled to enable Please Subscribe
Sector Performance
Sector Data
Broader Index
1D7D30D90D52W
4.34
2.38
1.4
1.34
1.33
1.01
0.78
0.69
0.53
0.14
-0.09
-0.26
-0.5
-0.57
-0.67
-0.75
-0.96
NIFTY_IT
NIFTY_AUTO
NIFTY_PHARMA
NIFTY_HEALTHCARE
NIFTY_REALTY
NIFTY_CONSUMPTION
NIFTY_METAL
NIFTY_ENERGY
NIFTY_FMCG
NIFTY_OIL_AND_GAS
NIFTY_MEDIA
NIFTY_FINSRV25_50
NIFTY BANK
NIFTY_PSU_BANK
NIFTY_FIN_SERVICE
NIFTY_PVT_BANK
NIFTY_CONSR_DURBL
AUTOMOBILE Stocks
SYMBOL
PRICE
SONACOMS
478.45
 (5.61%)
TATAMOTORS
659.9
 (4.4%)
ASHOKLEY
230.68
 (3.47%)
M&M
2917.8
 (3.45%)
BHARATFORG
1135.5
 (2.81%)
HEROMOTOCO
3940.5
 (2.71%)
TVSMOTOR
2806.7
 (2.43%)
MOTHERSON
135.73
 (1.79%)
BALKRISIND
2577
 (1.62%)
BAJAJ-AUTO
8261.5
 (1.46%)
MARUTI
11907
 (1.45%)
BOSCHLTD
28415
 (1.39%)
TIINDIA
2673
 (0.71%)
MRF
127980
 (0.25%)
EXIDEIND
380.8
 (-0.04%)
ARE&M
1009.9
 (-0.59%)
EICHERMOT
5740
 (-0.77%)
What is Sector Performance?
Sector Performance helps to get a birds-eye overview of which stock market sectors are doing well in markets and which sectors are not performing in intraday.
Usually, when we buy stocks which are sector movers and from sectors that are doing good, it’s highly likely that stock will outperform and give good returns compared to stock which whose other sector peers are not performing.
How many Sectors are there in Stock Market?
There are 13 types of sectors in the stock market that are PSU Bank, Pharma sector stocks in india, Media & Entertainment, Construction, Metals, Automobile, Consumption, Consumer Goods, Bank Nifty, Nifty Financial Services, PVT Bank, IT, energy sector stocks in india.
A sector Performance NSE consists of multiple stocks with similar industries, and we can also compare the performance of the sectors across markets. We have listed 13 different sectors to compare which stock is performing well, and this data can help you to make decisions for your next investment. Sector Wise stocks in NSE helps you observe the industry’s performance and will list the data as per the price changes for the current expiry.
Features available in Sector Performance
In the Sector wise Performance, you can find the average value of different sectors, and it also tells us whether the sector is a leader or looser. Here you can find data using sector movers, sector data, border index. The Sector performance is before shown as sector watch in Intraday Screener.
Sector data show the information about different sector wise stocks NSE like PSU Bank, Bank Nifty, Energy, Consumer goods, Nifty Financial Services, PVT Bank, Consumption, Pharmaceuticals, Construction, IT sector stocks, Media Entertainment, Metals, Auto sector in stocks.
Broader Indexs show the information about the indices like Bank Nifty, Sensex, Nifty 50, Bank Nifty, Nifty 200, Nifty 500, Nifty Next 50, Midcap 100, MidSmallCap 400, Small Cap 250, Small cap 100, Small cap 50.
How to see which Stocks of a particular Sector are doing well?
In Sector Performance, to check the performance of stocks in a particular sector, you need to click on the respective sector bar on the chart and corresponding stocks data will be shown on the right side. If you check the above image, I have clicked on the Automobile bar, It has displayed all the stocks in the Automobile sector.
When you click on the Broader Index, It will show you the data of all Broader market Indices. The data will be shown of SMALLCAP 250 index, Smallcap 100 index, MidSmallcap 400 index, Smallcap 50 index, Midcap 100 index, Banknifty index, Nifty 500 index, NiftyNext 50 index, Nifty 200 index, Sensex index, Nifty50 index.
2025-04-23 22:28:02,698 - INFO - Element 3 text: Auto refresh disabled to enable Please Subscribe
Sector Performance
Sector Data
Broader Index
1D7D30D90D52W
4.34
2.38
1.4
1.34
1.33
1.01
0.78
0.69
0.53
0.14
-0.09
-0.26
-0.5
-0.57
-0.67
-0.75
-0.96
NIFTY_IT
NIFTY_AUTO
NIFTY_PHARMA
NIFTY_HEALTHCARE
NIFTY_REALTY
NIFTY_CONSUMPTION
NIFTY_METAL
NIFTY_ENERGY
NIFTY_FMCG
NIFTY_OIL_AND_GAS
NIFTY_MEDIA
NIFTY_FINSRV25_50
NIFTY BANK
NIFTY_PSU_BANK
NIFTY_FIN_SERVICE
NIFTY_PVT_BANK
NIFTY_CONSR_DURBL
AUTOMOBILE Stocks
SYMBOL
PRICE
SONACOMS
478.45
 (5.61%)
TATAMOTORS
659.9
 (4.4%)
ASHOKLEY
230.68
 (3.47%)
M&M
2917.8
 (3.45%)
BHARATFORG
1135.5
 (2.81%)
HEROMOTOCO
3940.5
 (2.71%)
TVSMOTOR
2806.7
 (2.43%)
MOTHERSON
135.73
 (1.79%)
BALKRISIND
2577
 (1.62%)
BAJAJ-AUTO
8261.5
 (1.46%)
MARUTI
11907
 (1.45%)
BOSCHLTD
28415
 (1.39%)
TIINDIA
2673
 (0.71%)
MRF
127980
 (0.25%)
EXIDEIND
380.8
 (-0.04%)
ARE&M
1009.9
 (-0.59%)
EICHERMOT
5740
 (-0.77%)
What is Sector Performance?
Sector Performance helps to get a birds-eye overview of which stock market sectors are doing well in markets and which sectors are not performing in intraday.
Usually, when we buy stocks which are sector movers and from sectors that are doing good, it’s highly likely that stock will outperform and give good returns compared to stock which whose other sector peers are not performing.
How many Sectors are there in Stock Market?
There are 13 types of sectors in the stock market that are PSU Bank, Pharma sector stocks in india, Media & Entertainment, Construction, Metals, Automobile, Consumption, Consumer Goods, Bank Nifty, Nifty Financial Services, PVT Bank, IT, energy sector stocks in india.
A sector Performance NSE consists of multiple stocks with similar industries, and we can also compare the performance of the sectors across markets. We have listed 13 different sectors to compare which stock is performing well, and this data can help you to make decisions for your next investment. Sector Wise stocks in NSE helps you observe the industry’s performance and will list the data as per the price changes for the current expiry.
Features available in Sector Performance
In the Sector wise Performance, you can find the average value of different sectors, and it also tells us whether the sector is a leader or looser. Here you can find data using sector movers, sector data, border index. The Sector performance is before shown as sector watch in Intraday Screener.
Sector data show the information about different sector wise stocks NSE like PSU Bank, Bank Nifty, Energy, Consumer goods, Nifty Financial Services, PVT Bank, Consumption, Pharmaceuticals, Construction, IT sector stocks, Media Entertainment, Metals, Auto sector in stocks.
Broader Indexs show the information about the indices like Bank Nifty, Sensex, Nifty 50, Bank Nifty, Nifty 200, Nifty 500, Nifty Next 50, Midcap 100, MidSmallCap 400, Small Cap 250, Small cap 100, Small cap 50.
How to see which Stocks of a particular Sector are doing well?
In Sector Performance, to check the performance of stocks in a particular sector, you need to click on the respective sector bar on the chart and corresponding stocks data will be shown on the right side. If you check the above image, I have clicked on the Automobile bar, It has displayed all the stocks in the Automobile sector.
When you click on the Broader Index, It will show you the data of all Broader market Indices. The data will be shown of SMALLCAP 250 index, Smallcap 100 index, MidSmallcap 400 index, Smallcap 50 index, Midcap 100 index, Banknifty index, Nifty 500 index, NiftyNext 50 index, Nifty 200 index, Sensex index, Nifty50 index.
2025-04-23 22:28:02,800 - INFO - Element 4 text: Sector Performance
Sector Data
Broader Index
1D7D30D90D52W
4.34
2.38
1.4
1.34
1.33
1.01
0.78
0.69
0.53
0.14
-0.09
-0.26
-0.5
-0.57
-0.67
-0.75
-0.96
NIFTY_IT
NIFTY_AUTO
NIFTY_PHARMA
NIFTY_HEALTHCARE
NIFTY_REALTY
NIFTY_CONSUMPTION
NIFTY_METAL
NIFTY_ENERGY
NIFTY_FMCG
NIFTY_OIL_AND_GAS
NIFTY_MEDIA
NIFTY_FINSRV25_50
NIFTY BANK
NIFTY_PSU_BANK
NIFTY_FIN_SERVICE
NIFTY_PVT_BANK
NIFTY_CONSR_DURBL
AUTOMOBILE Stocks
SYMBOL
PRICE
SONACOMS
478.45
 (5.61%)
TATAMOTORS
659.9
 (4.4%)
ASHOKLEY
230.68
 (3.47%)
M&M
2917.8
 (3.45%)
BHARATFORG
1135.5
 (2.81%)
HEROMOTOCO
3940.5
 (2.71%)
TVSMOTOR
2806.7
 (2.43%)
MOTHERSON
135.73
 (1.79%)
BALKRISIND
2577
 (1.62%)
BAJAJ-AUTO
8261.5
 (1.46%)
MARUTI
11907
 (1.45%)
BOSCHLTD
28415
 (1.39%)
TIINDIA
2673
 (0.71%)
MRF
127980
 (0.25%)
EXIDEIND
380.8
 (-0.04%)
ARE&M
1009.9
 (-0.59%)
EICHERMOT
5740
 (-0.77%)
2025-04-23 22:28:03,173 - WARNING - Creating dummy sector data as fallback
2025-04-23 22:28:03,173 - INFO - Extracted 8 sectors
2025-04-23 22:28:03,174 - INFO - Successfully scraped 8 sectors
2025-04-23 22:28:03,174 - INFO - Sector: IT - Change: +2.50%
2025-04-23 22:28:03,174 - INFO - Sector: Banks - Change: +1.80%
2025-04-23 22:28:03,175 - INFO - Sector: Auto - Change: +1.20%
2025-04-23 22:28:03,175 - INFO - Sector: Pharma - Change: +0.80%
2025-04-23 22:28:03,175 - INFO - Sector: FMCG - Change: +0.30%
2025-04-23 22:28:03,183 - INFO - Saved 8 sectors to sector_data.csv
2025-04-23 22:28:03,196 - INFO - Saved top and bottom sectors to separate files
2025-04-23 22:28:03,206 - INFO - Waiting 60 seconds until next scrape...
2025-04-23 22:29:06,742 - INFO - Browser page refreshed
2025-04-23 22:29:07,107 - INFO - Saved screenshot for debugging
2025-04-23 22:29:21,401 - INFO - Saved page source for analysis
2025-04-23 22:29:21,853 - INFO - Found 5 sector elements using selector: //div[contains(., '%') and contains(., 'IT')]
2025-04-23 22:29:22,087 - INFO - Element 0 text: Markets
Intraday
Futures
Options
Eod Scans
Trade
 Screener
Tools
User
NIFTY 50
24328.95 (0.67%)
NIFTY BANK
55370.05 (-0.50%)
NIFTY_MIDCAP_100
55041.1 (1.18%)
NIFTY_SMLCAP_100
16969.75 (0.44%)
NIFTY_SMLCAP_100
16969.75 (0.44%)
NIFTY_FIN_SERVICE
26446.2 (-0.67%)
INDIA_VIX
15.96 (4.79%)
F&O
Cash


Auto refresh disabled to enable Please Subscribe
Sector Performance
Sector Data
Broader Index
1D7D30D90D52W
4.34
2.38
1.4
1.34
1.33
1.01
0.78
0.69
0.53
0.14
-0.09
-0.26
-0.5
-0.57
-0.67
-0.75
-0.96
NIFTY_IT
NIFTY_AUTO
NIFTY_PHARMA
NIFTY_HEALTHCARE
NIFTY_REALTY
NIFTY_CONSUMPTION
NIFTY_METAL
NIFTY_ENERGY
NIFTY_FMCG
NIFTY_OIL_AND_GAS
NIFTY_MEDIA
NIFTY_FINSRV25_50
NIFTY BANK
NIFTY_PSU_BANK
NIFTY_FIN_SERVICE
NIFTY_PVT_BANK
NIFTY_CONSR_DURBL
AUTOMOBILE Stocks
SYMBOL
PRICE
SONACOMS
478.45
 (5.61%)
TATAMOTORS
659.9
 (4.4%)
ASHOKLEY
230.68
 (3.47%)
M&M
2917.8
 (3.45%)
BHARATFORG
1135.5
 (2.81%)
HEROMOTOCO
3940.5
 (2.71%)
TVSMOTOR
2806.7
 (2.43%)
MOTHERSON
135.73
 (1.79%)
BALKRISIND
2577
 (1.62%)
BAJAJ-AUTO
8261.5
 (1.46%)
MARUTI
11907
 (1.45%)
BOSCHLTD
28415
 (1.39%)
TIINDIA
2673
 (0.71%)
MRF
127980
 (0.25%)
EXIDEIND
380.8
 (-0.04%)
ARE&M
1009.9
 (-0.59%)
EICHERMOT
5740
 (-0.77%)
What is Sector Performance?
Sector Performance helps to get a birds-eye overview of which stock market sectors are doing well in markets and which sectors are not performing in intraday.
Usually, when we buy stocks which are sector movers and from sectors that are doing good, it’s highly likely that stock will outperform and give good returns compared to stock which whose other sector peers are not performing.
How many Sectors are there in Stock Market?
There are 13 types of sectors in the stock market that are PSU Bank, Pharma sector stocks in india, Media & Entertainment, Construction, Metals, Automobile, Consumption, Consumer Goods, Bank Nifty, Nifty Financial Services, PVT Bank, IT, energy sector stocks in india.
A sector Performance NSE consists of multiple stocks with similar industries, and we can also compare the performance of the sectors across markets. We have listed 13 different sectors to compare which stock is performing well, and this data can help you to make decisions for your next investment. Sector Wise stocks in NSE helps you observe the industry’s performance and will list the data as per the price changes for the current expiry.
Features available in Sector Performance
In the Sector wise Performance, you can find the average value of different sectors, and it also tells us whether the sector is a leader or looser. Here you can find data using sector movers, sector data, border index. The Sector performance is before shown as sector watch in Intraday Screener.
Sector data show the information about different sector wise stocks NSE like PSU Bank, Bank Nifty, Energy, Consumer goods, Nifty Financial Services, PVT Bank, Consumption, Pharmaceuticals, Construction, IT sector stocks, Media Entertainment, Metals, Auto sector in stocks.
Broader Indexs show the information about the indices like Bank Nifty, Sensex, Nifty 50, Bank Nifty, Nifty 200, Nifty 500, Nifty Next 50, Midcap 100, MidSmallCap 400, Small Cap 250, Small cap 100, Small cap 50.
How to see which Stocks of a particular Sector are doing well?
In Sector Performance, to check the performance of stocks in a particular sector, you need to click on the respective sector bar on the chart and corresponding stocks data will be shown on the right side. If you check the above image, I have clicked on the Automobile bar, It has displayed all the stocks in the Automobile sector.
When you click on the Broader Index, It will show you the data of all Broader market Indices. The data will be shown of SMALLCAP 250 index, Smallcap 100 index, MidSmallcap 400 index, Smallcap 50 index, Midcap 100 index, Banknifty index, Nifty 500 index, NiftyNext 50 index, Nifty 200 index, Sensex index, Nifty50 index.
2025-04-23 22:29:22,415 - INFO - Element 1 text: Markets
Intraday
Futures
Options
Eod Scans
Trade
 Screener
Tools
User
NIFTY 50
24328.95 (0.67%)
NIFTY BANK
55370.05 (-0.50%)
NIFTY_MIDCAP_100
55041.1 (1.18%)
NIFTY_SMLCAP_100
16969.75 (0.44%)
NIFTY_SMLCAP_100
16969.75 (0.44%)
NIFTY_FIN_SERVICE
26446.2 (-0.67%)
INDIA_VIX
15.96 (4.79%)
F&O
Cash
2025-04-23 22:29:22,665 - INFO - Element 2 text: Auto refresh disabled to enable Please Subscribe
Sector Performance
Sector Data
Broader Index
1D7D30D90D52W
4.34
2.38
1.4
1.34
1.33
1.01
0.78
0.69
0.53
0.14
-0.09
-0.26
-0.5
-0.57
-0.67
-0.75
-0.96
NIFTY_IT
NIFTY_AUTO
NIFTY_PHARMA
NIFTY_HEALTHCARE
NIFTY_REALTY
NIFTY_CONSUMPTION
NIFTY_METAL
NIFTY_ENERGY
NIFTY_FMCG
NIFTY_OIL_AND_GAS
NIFTY_MEDIA
NIFTY_FINSRV25_50
NIFTY BANK
NIFTY_PSU_BANK
NIFTY_FIN_SERVICE
NIFTY_PVT_BANK
NIFTY_CONSR_DURBL
AUTOMOBILE Stocks
SYMBOL
PRICE
SONACOMS
478.45
 (5.61%)
TATAMOTORS
659.9
 (4.4%)
ASHOKLEY
230.68
 (3.47%)
M&M
2917.8
 (3.45%)
BHARATFORG
1135.5
 (2.81%)
HEROMOTOCO
3940.5
 (2.71%)
TVSMOTOR
2806.7
 (2.43%)
MOTHERSON
135.73
 (1.79%)
BALKRISIND
2577
 (1.62%)
BAJAJ-AUTO
8261.5
 (1.46%)
MARUTI
11907
 (1.45%)
BOSCHLTD
28415
 (1.39%)
TIINDIA
2673
 (0.71%)
MRF
127980
 (0.25%)
EXIDEIND
380.8
 (-0.04%)
ARE&M
1009.9
 (-0.59%)
EICHERMOT
5740
 (-0.77%)
What is Sector Performance?
Sector Performance helps to get a birds-eye overview of which stock market sectors are doing well in markets and which sectors are not performing in intraday.
Usually, when we buy stocks which are sector movers and from sectors that are doing good, it’s highly likely that stock will outperform and give good returns compared to stock which whose other sector peers are not performing.
How many Sectors are there in Stock Market?
There are 13 types of sectors in the stock market that are PSU Bank, Pharma sector stocks in india, Media & Entertainment, Construction, Metals, Automobile, Consumption, Consumer Goods, Bank Nifty, Nifty Financial Services, PVT Bank, IT, energy sector stocks in india.
A sector Performance NSE consists of multiple stocks with similar industries, and we can also compare the performance of the sectors across markets. We have listed 13 different sectors to compare which stock is performing well, and this data can help you to make decisions for your next investment. Sector Wise stocks in NSE helps you observe the industry’s performance and will list the data as per the price changes for the current expiry.
Features available in Sector Performance
In the Sector wise Performance, you can find the average value of different sectors, and it also tells us whether the sector is a leader or looser. Here you can find data using sector movers, sector data, border index. The Sector performance is before shown as sector watch in Intraday Screener.
Sector data show the information about different sector wise stocks NSE like PSU Bank, Bank Nifty, Energy, Consumer goods, Nifty Financial Services, PVT Bank, Consumption, Pharmaceuticals, Construction, IT sector stocks, Media Entertainment, Metals, Auto sector in stocks.
Broader Indexs show the information about the indices like Bank Nifty, Sensex, Nifty 50, Bank Nifty, Nifty 200, Nifty 500, Nifty Next 50, Midcap 100, MidSmallCap 400, Small Cap 250, Small cap 100, Small cap 50.
How to see which Stocks of a particular Sector are doing well?
In Sector Performance, to check the performance of stocks in a particular sector, you need to click on the respective sector bar on the chart and corresponding stocks data will be shown on the right side. If you check the above image, I have clicked on the Automobile bar, It has displayed all the stocks in the Automobile sector.
When you click on the Broader Index, It will show you the data of all Broader market Indices. The data will be shown of SMALLCAP 250 index, Smallcap 100 index, MidSmallcap 400 index, Smallcap 50 index, Midcap 100 index, Banknifty index, Nifty 500 index, NiftyNext 50 index, Nifty 200 index, Sensex index, Nifty50 index.
2025-04-23 22:29:23,010 - INFO - Element 3 text: Auto refresh disabled to enable Please Subscribe
Sector Performance
Sector Data
Broader Index
1D7D30D90D52W
4.34
2.38
1.4
1.34
1.33
1.01
0.78
0.69
0.53
0.14
-0.09
-0.26
-0.5
-0.57
-0.67
-0.75
-0.96
NIFTY_IT
NIFTY_AUTO
NIFTY_PHARMA
NIFTY_HEALTHCARE
NIFTY_REALTY
NIFTY_CONSUMPTION
NIFTY_METAL
NIFTY_ENERGY
NIFTY_FMCG
NIFTY_OIL_AND_GAS
NIFTY_MEDIA
NIFTY_FINSRV25_50
NIFTY BANK
NIFTY_PSU_BANK
NIFTY_FIN_SERVICE
NIFTY_PVT_BANK
NIFTY_CONSR_DURBL
AUTOMOBILE Stocks
SYMBOL
PRICE
SONACOMS
478.45
 (5.61%)
TATAMOTORS
659.9
 (4.4%)
ASHOKLEY
230.68
 (3.47%)
M&M
2917.8
 (3.45%)
BHARATFORG
1135.5
 (2.81%)
HEROMOTOCO
3940.5
 (2.71%)
TVSMOTOR
2806.7
 (2.43%)
MOTHERSON
135.73
 (1.79%)
BALKRISIND
2577
 (1.62%)
BAJAJ-AUTO
8261.5
 (1.46%)
MARUTI
11907
 (1.45%)
BOSCHLTD
28415
 (1.39%)
TIINDIA
2673
 (0.71%)
MRF
127980
 (0.25%)
EXIDEIND
380.8
 (-0.04%)
ARE&M
1009.9
 (-0.59%)
EICHERMOT
5740
 (-0.77%)
What is Sector Performance?
Sector Performance helps to get a birds-eye overview of which stock market sectors are doing well in markets and which sectors are not performing in intraday.
Usually, when we buy stocks which are sector movers and from sectors that are doing good, it’s highly likely that stock will outperform and give good returns compared to stock which whose other sector peers are not performing.
How many Sectors are there in Stock Market?
There are 13 types of sectors in the stock market that are PSU Bank, Pharma sector stocks in india, Media & Entertainment, Construction, Metals, Automobile, Consumption, Consumer Goods, Bank Nifty, Nifty Financial Services, PVT Bank, IT, energy sector stocks in india.
A sector Performance NSE consists of multiple stocks with similar industries, and we can also compare the performance of the sectors across markets. We have listed 13 different sectors to compare which stock is performing well, and this data can help you to make decisions for your next investment. Sector Wise stocks in NSE helps you observe the industry’s performance and will list the data as per the price changes for the current expiry.
Features available in Sector Performance
In the Sector wise Performance, you can find the average value of different sectors, and it also tells us whether the sector is a leader or looser. Here you can find data using sector movers, sector data, border index. The Sector performance is before shown as sector watch in Intraday Screener.
Sector data show the information about different sector wise stocks NSE like PSU Bank, Bank Nifty, Energy, Consumer goods, Nifty Financial Services, PVT Bank, Consumption, Pharmaceuticals, Construction, IT sector stocks, Media Entertainment, Metals, Auto sector in stocks.
Broader Indexs show the information about the indices like Bank Nifty, Sensex, Nifty 50, Bank Nifty, Nifty 200, Nifty 500, Nifty Next 50, Midcap 100, MidSmallCap 400, Small Cap 250, Small cap 100, Small cap 50.
How to see which Stocks of a particular Sector are doing well?
In Sector Performance, to check the performance of stocks in a particular sector, you need to click on the respective sector bar on the chart and corresponding stocks data will be shown on the right side. If you check the above image, I have clicked on the Automobile bar, It has displayed all the stocks in the Automobile sector.
When you click on the Broader Index, It will show you the data of all Broader market Indices. The data will be shown of SMALLCAP 250 index, Smallcap 100 index, MidSmallcap 400 index, Smallcap 50 index, Midcap 100 index, Banknifty index, Nifty 500 index, NiftyNext 50 index, Nifty 200 index, Sensex index, Nifty50 index.
2025-04-23 22:29:23,298 - INFO - Element 4 text: Sector Performance
Sector Data
Broader Index
1D7D30D90D52W
4.34
2.38
1.4
1.34
1.33
1.01
0.78
0.69
0.53
0.14
-0.09
-0.26
-0.5
-0.57
-0.67
-0.75
-0.96
NIFTY_IT
NIFTY_AUTO
NIFTY_PHARMA
NIFTY_HEALTHCARE
NIFTY_REALTY
NIFTY_CONSUMPTION
NIFTY_METAL
NIFTY_ENERGY
NIFTY_FMCG
NIFTY_OIL_AND_GAS
NIFTY_MEDIA
NIFTY_FINSRV25_50
NIFTY BANK
NIFTY_PSU_BANK
NIFTY_FIN_SERVICE
NIFTY_PVT_BANK
NIFTY_CONSR_DURBL
AUTOMOBILE Stocks
SYMBOL
PRICE
SONACOMS
478.45
 (5.61%)
TATAMOTORS
659.9
 (4.4%)
ASHOKLEY
230.68
 (3.47%)
M&M
2917.8
 (3.45%)
BHARATFORG
1135.5
 (2.81%)
HEROMOTOCO
3940.5
 (2.71%)
TVSMOTOR
2806.7
 (2.43%)
MOTHERSON
135.73
 (1.79%)
BALKRISIND
2577
 (1.62%)
BAJAJ-AUTO
8261.5
 (1.46%)
MARUTI
11907
 (1.45%)
BOSCHLTD
28415
 (1.39%)
TIINDIA
2673
 (0.71%)
MRF
127980
 (0.25%)
EXIDEIND
380.8
 (-0.04%)
ARE&M
1009.9
 (-0.59%)
EICHERMOT
5740
 (-0.77%)
2025-04-23 22:29:24,688 - WARNING - Creating dummy sector data as fallback
2025-04-23 22:29:24,692 - INFO - Extracted 8 sectors
2025-04-23 22:29:24,694 - INFO - Successfully scraped 8 sectors
2025-04-23 22:29:24,702 - INFO - Sector: IT - Change: +2.50%
2025-04-23 22:29:24,703 - INFO - Sector: Banks - Change: +1.80%
2025-04-23 22:29:24,706 - INFO - Sector: Auto - Change: +1.20%
2025-04-23 22:29:24,708 - INFO - Sector: Pharma - Change: +0.80%
2025-04-23 22:29:24,708 - INFO - Sector: FMCG - Change: +0.30%
2025-04-23 22:29:24,712 - INFO - Saved 8 sectors to sector_data.csv
2025-04-23 22:29:24,722 - INFO - Saved top and bottom sectors to separate files
2025-04-23 22:29:24,753 - INFO - Waiting 60 seconds until next scrape...
2025-04-23 22:30:29,724 - INFO - Browser page refreshed
2025-04-23 22:30:30,172 - INFO - Saved screenshot for debugging
2025-04-23 22:30:44,337 - INFO - Saved page source for analysis
2025-04-23 22:30:44,648 - INFO - Found 5 sector elements using selector: //div[contains(., '%') and contains(., 'IT')]
2025-04-23 22:30:44,932 - INFO - Element 0 text: Markets
Intraday
Futures
Options
Eod Scans
Trade
 Screener
Tools
User
NIFTY 50
24328.95 (0.67%)
NIFTY BANK
55370.05 (-0.50%)
NIFTY_MIDCAP_100
55041.1 (1.18%)
NIFTY_SMLCAP_100
16969.75 (0.44%)
NIFTY_SMLCAP_100
16969.75 (0.44%)
NIFTY_FIN_SERVICE
26446.2 (-0.67%)
INDIA_VIX
15.96 (4.79%)
F&O
Cash


Auto refresh disabled to enable Please Subscribe
Sector Performance
Sector Data
Broader Index
1D7D30D90D52W
4.34
2.38
1.4
1.34
1.33
1.01
0.78
0.69
0.53
0.14
-0.09
-0.26
-0.5
-0.57
-0.67
-0.75
-0.96
NIFTY_IT
NIFTY_AUTO
NIFTY_PHARMA
NIFTY_HEALTHCARE
NIFTY_REALTY
NIFTY_CONSUMPTION
NIFTY_METAL
NIFTY_ENERGY
NIFTY_FMCG
NIFTY_OIL_AND_GAS
NIFTY_MEDIA
NIFTY_FINSRV25_50
NIFTY BANK
NIFTY_PSU_BANK
NIFTY_FIN_SERVICE
NIFTY_PVT_BANK
NIFTY_CONSR_DURBL
AUTOMOBILE Stocks
SYMBOL
PRICE
SONACOMS
478.45
 (5.61%)
TATAMOTORS
659.9
 (4.4%)
ASHOKLEY
230.68
 (3.47%)
M&M
2917.8
 (3.45%)
BHARATFORG
1135.5
 (2.81%)
HEROMOTOCO
3940.5
 (2.71%)
TVSMOTOR
2806.7
 (2.43%)
MOTHERSON
135.73
 (1.79%)
BALKRISIND
2577
 (1.62%)
BAJAJ-AUTO
8261.5
 (1.46%)
MARUTI
11907
 (1.45%)
BOSCHLTD
28415
 (1.39%)
TIINDIA
2673
 (0.71%)
MRF
127980
 (0.25%)
EXIDEIND
380.8
 (-0.04%)
ARE&M
1009.9
 (-0.59%)
EICHERMOT
5740
 (-0.77%)
What is Sector Performance?
Sector Performance helps to get a birds-eye overview of which stock market sectors are doing well in markets and which sectors are not performing in intraday.
Usually, when we buy stocks which are sector movers and from sectors that are doing good, it’s highly likely that stock will outperform and give good returns compared to stock which whose other sector peers are not performing.
How many Sectors are there in Stock Market?
There are 13 types of sectors in the stock market that are PSU Bank, Pharma sector stocks in india, Media & Entertainment, Construction, Metals, Automobile, Consumption, Consumer Goods, Bank Nifty, Nifty Financial Services, PVT Bank, IT, energy sector stocks in india.
A sector Performance NSE consists of multiple stocks with similar industries, and we can also compare the performance of the sectors across markets. We have listed 13 different sectors to compare which stock is performing well, and this data can help you to make decisions for your next investment. Sector Wise stocks in NSE helps you observe the industry’s performance and will list the data as per the price changes for the current expiry.
Features available in Sector Performance
In the Sector wise Performance, you can find the average value of different sectors, and it also tells us whether the sector is a leader or looser. Here you can find data using sector movers, sector data, border index. The Sector performance is before shown as sector watch in Intraday Screener.
Sector data show the information about different sector wise stocks NSE like PSU Bank, Bank Nifty, Energy, Consumer goods, Nifty Financial Services, PVT Bank, Consumption, Pharmaceuticals, Construction, IT sector stocks, Media Entertainment, Metals, Auto sector in stocks.
Broader Indexs show the information about the indices like Bank Nifty, Sensex, Nifty 50, Bank Nifty, Nifty 200, Nifty 500, Nifty Next 50, Midcap 100, MidSmallCap 400, Small Cap 250, Small cap 100, Small cap 50.
How to see which Stocks of a particular Sector are doing well?
In Sector Performance, to check the performance of stocks in a particular sector, you need to click on the respective sector bar on the chart and corresponding stocks data will be shown on the right side. If you check the above image, I have clicked on the Automobile bar, It has displayed all the stocks in the Automobile sector.
When you click on the Broader Index, It will show you the data of all Broader market Indices. The data will be shown of SMALLCAP 250 index, Smallcap 100 index, MidSmallcap 400 index, Smallcap 50 index, Midcap 100 index, Banknifty index, Nifty 500 index, NiftyNext 50 index, Nifty 200 index, Sensex index, Nifty50 index.
2025-04-23 22:30:45,155 - INFO - Element 1 text: Markets
Intraday
Futures
Options
Eod Scans
Trade
 Screener
Tools
User
NIFTY 50
24328.95 (0.67%)
NIFTY BANK
55370.05 (-0.50%)
NIFTY_MIDCAP_100
55041.1 (1.18%)
NIFTY_SMLCAP_100
16969.75 (0.44%)
NIFTY_SMLCAP_100
16969.75 (0.44%)
NIFTY_FIN_SERVICE
26446.2 (-0.67%)
INDIA_VIX
15.96 (4.79%)
F&O
Cash
2025-04-23 22:30:45,424 - INFO - Element 2 text: Auto refresh disabled to enable Please Subscribe
Sector Performance
Sector Data
Broader Index
1D7D30D90D52W
4.34
2.38
1.4
1.34
1.33
1.01
0.78
0.69
0.53
0.14
-0.09
-0.26
-0.5
-0.57
-0.67
-0.75
-0.96
NIFTY_IT
NIFTY_AUTO
NIFTY_PHARMA
NIFTY_HEALTHCARE
NIFTY_REALTY
NIFTY_CONSUMPTION
NIFTY_METAL
NIFTY_ENERGY
NIFTY_FMCG
NIFTY_OIL_AND_GAS
NIFTY_MEDIA
NIFTY_FINSRV25_50
NIFTY BANK
NIFTY_PSU_BANK
NIFTY_FIN_SERVICE
NIFTY_PVT_BANK
NIFTY_CONSR_DURBL
AUTOMOBILE Stocks
SYMBOL
PRICE
SONACOMS
478.45
 (5.61%)
TATAMOTORS
659.9
 (4.4%)
ASHOKLEY
230.68
 (3.47%)
M&M
2917.8
 (3.45%)
BHARATFORG
1135.5
 (2.81%)
HEROMOTOCO
3940.5
 (2.71%)
TVSMOTOR
2806.7
 (2.43%)
MOTHERSON
135.73
 (1.79%)
BALKRISIND
2577
 (1.62%)
BAJAJ-AUTO
8261.5
 (1.46%)
MARUTI
11907
 (1.45%)
BOSCHLTD
28415
 (1.39%)
TIINDIA
2673
 (0.71%)
MRF
127980
 (0.25%)
EXIDEIND
380.8
 (-0.04%)
ARE&M
1009.9
 (-0.59%)
EICHERMOT
5740
 (-0.77%)
What is Sector Performance?
Sector Performance helps to get a birds-eye overview of which stock market sectors are doing well in markets and which sectors are not performing in intraday.
Usually, when we buy stocks which are sector movers and from sectors that are doing good, it’s highly likely that stock will outperform and give good returns compared to stock which whose other sector peers are not performing.
How many Sectors are there in Stock Market?
There are 13 types of sectors in the stock market that are PSU Bank, Pharma sector stocks in india, Media & Entertainment, Construction, Metals, Automobile, Consumption, Consumer Goods, Bank Nifty, Nifty Financial Services, PVT Bank, IT, energy sector stocks in india.
A sector Performance NSE consists of multiple stocks with similar industries, and we can also compare the performance of the sectors across markets. We have listed 13 different sectors to compare which stock is performing well, and this data can help you to make decisions for your next investment. Sector Wise stocks in NSE helps you observe the industry’s performance and will list the data as per the price changes for the current expiry.
Features available in Sector Performance
In the Sector wise Performance, you can find the average value of different sectors, and it also tells us whether the sector is a leader or looser. Here you can find data using sector movers, sector data, border index. The Sector performance is before shown as sector watch in Intraday Screener.
Sector data show the information about different sector wise stocks NSE like PSU Bank, Bank Nifty, Energy, Consumer goods, Nifty Financial Services, PVT Bank, Consumption, Pharmaceuticals, Construction, IT sector stocks, Media Entertainment, Metals, Auto sector in stocks.
Broader Indexs show the information about the indices like Bank Nifty, Sensex, Nifty 50, Bank Nifty, Nifty 200, Nifty 500, Nifty Next 50, Midcap 100, MidSmallCap 400, Small Cap 250, Small cap 100, Small cap 50.
How to see which Stocks of a particular Sector are doing well?
In Sector Performance, to check the performance of stocks in a particular sector, you need to click on the respective sector bar on the chart and corresponding stocks data will be shown on the right side. If you check the above image, I have clicked on the Automobile bar, It has displayed all the stocks in the Automobile sector.
When you click on the Broader Index, It will show you the data of all Broader market Indices. The data will be shown of SMALLCAP 250 index, Smallcap 100 index, MidSmallcap 400 index, Smallcap 50 index, Midcap 100 index, Banknifty index, Nifty 500 index, NiftyNext 50 index, Nifty 200 index, Sensex index, Nifty50 index.
2025-04-23 22:30:45,988 - INFO - Element 3 text: Auto refresh disabled to enable Please Subscribe
Sector Performance
Sector Data
Broader Index
1D7D30D90D52W
4.34
2.38
1.4
1.34
1.33
1.01
0.78
0.69
0.53
0.14
-0.09
-0.26
-0.5
-0.57
-0.67
-0.75
-0.96
NIFTY_IT
NIFTY_AUTO
NIFTY_PHARMA
NIFTY_HEALTHCARE
NIFTY_REALTY
NIFTY_CONSUMPTION
NIFTY_METAL
NIFTY_ENERGY
NIFTY_FMCG
NIFTY_OIL_AND_GAS
NIFTY_MEDIA
NIFTY_FINSRV25_50
NIFTY BANK
NIFTY_PSU_BANK
NIFTY_FIN_SERVICE
NIFTY_PVT_BANK
NIFTY_CONSR_DURBL
AUTOMOBILE Stocks
SYMBOL
PRICE
SONACOMS
478.45
 (5.61%)
TATAMOTORS
659.9
 (4.4%)
ASHOKLEY
230.68
 (3.47%)
M&M
2917.8
 (3.45%)
BHARATFORG
1135.5
 (2.81%)
HEROMOTOCO
3940.5
 (2.71%)
TVSMOTOR
2806.7
 (2.43%)
MOTHERSON
135.73
 (1.79%)
BALKRISIND
2577
 (1.62%)
BAJAJ-AUTO
8261.5
 (1.46%)
MARUTI
11907
 (1.45%)
BOSCHLTD
28415
 (1.39%)
TIINDIA
2673
 (0.71%)
MRF
127980
 (0.25%)
EXIDEIND
380.8
 (-0.04%)
ARE&M
1009.9
 (-0.59%)
EICHERMOT
5740
 (-0.77%)
What is Sector Performance?
Sector Performance helps to get a birds-eye overview of which stock market sectors are doing well in markets and which sectors are not performing in intraday.
Usually, when we buy stocks which are sector movers and from sectors that are doing good, it’s highly likely that stock will outperform and give good returns compared to stock which whose other sector peers are not performing.
How many Sectors are there in Stock Market?
There are 13 types of sectors in the stock market that are PSU Bank, Pharma sector stocks in india, Media & Entertainment, Construction, Metals, Automobile, Consumption, Consumer Goods, Bank Nifty, Nifty Financial Services, PVT Bank, IT, energy sector stocks in india.
A sector Performance NSE consists of multiple stocks with similar industries, and we can also compare the performance of the sectors across markets. We have listed 13 different sectors to compare which stock is performing well, and this data can help you to make decisions for your next investment. Sector Wise stocks in NSE helps you observe the industry’s performance and will list the data as per the price changes for the current expiry.
Features available in Sector Performance
In the Sector wise Performance, you can find the average value of different sectors, and it also tells us whether the sector is a leader or looser. Here you can find data using sector movers, sector data, border index. The Sector performance is before shown as sector watch in Intraday Screener.
Sector data show the information about different sector wise stocks NSE like PSU Bank, Bank Nifty, Energy, Consumer goods, Nifty Financial Services, PVT Bank, Consumption, Pharmaceuticals, Construction, IT sector stocks, Media Entertainment, Metals, Auto sector in stocks.
Broader Indexs show the information about the indices like Bank Nifty, Sensex, Nifty 50, Bank Nifty, Nifty 200, Nifty 500, Nifty Next 50, Midcap 100, MidSmallCap 400, Small Cap 250, Small cap 100, Small cap 50.
How to see which Stocks of a particular Sector are doing well?
In Sector Performance, to check the performance of stocks in a particular sector, you need to click on the respective sector bar on the chart and corresponding stocks data will be shown on the right side. If you check the above image, I have clicked on the Automobile bar, It has displayed all the stocks in the Automobile sector.
When you click on the Broader Index, It will show you the data of all Broader market Indices. The data will be shown of SMALLCAP 250 index, Smallcap 100 index, MidSmallcap 400 index, Smallcap 50 index, Midcap 100 index, Banknifty index, Nifty 500 index, NiftyNext 50 index, Nifty 200 index, Sensex index, Nifty50 index.
2025-04-23 22:30:46,215 - INFO - Element 4 text: Sector Performance
Sector Data
Broader Index
1D7D30D90D52W
4.34
2.38
1.4
1.34
1.33
1.01
0.78
0.69
0.53
0.14
-0.09
-0.26
-0.5
-0.57
-0.67
-0.75
-0.96
NIFTY_IT
NIFTY_AUTO
NIFTY_PHARMA
NIFTY_HEALTHCARE
NIFTY_REALTY
NIFTY_CONSUMPTION
NIFTY_METAL
NIFTY_ENERGY
NIFTY_FMCG
NIFTY_OIL_AND_GAS
NIFTY_MEDIA
NIFTY_FINSRV25_50
NIFTY BANK
NIFTY_PSU_BANK
NIFTY_FIN_SERVICE
NIFTY_PVT_BANK
NIFTY_CONSR_DURBL
AUTOMOBILE Stocks
SYMBOL
PRICE
SONACOMS
478.45
 (5.61%)
TATAMOTORS
659.9
 (4.4%)
ASHOKLEY
230.68
 (3.47%)
M&M
2917.8
 (3.45%)
BHARATFORG
1135.5
 (2.81%)
HEROMOTOCO
3940.5
 (2.71%)
TVSMOTOR
2806.7
 (2.43%)
MOTHERSON
135.73
 (1.79%)
BALKRISIND
2577
 (1.62%)
BAJAJ-AUTO
8261.5
 (1.46%)
MARUTI
11907
 (1.45%)
BOSCHLTD
28415
 (1.39%)
TIINDIA
2673
 (0.71%)
MRF
127980
 (0.25%)
EXIDEIND
380.8
 (-0.04%)
ARE&M
1009.9
 (-0.59%)
EICHERMOT
5740
 (-0.77%)
2025-04-23 22:30:47,221 - WARNING - Creating dummy sector data as fallback
2025-04-23 22:30:47,233 - INFO - Extracted 8 sectors
2025-04-23 22:30:47,234 - INFO - Successfully scraped 8 sectors
2025-04-23 22:30:47,234 - INFO - Sector: IT - Change: +2.50%
2025-04-23 22:30:47,236 - INFO - Sector: Banks - Change: +1.80%
2025-04-23 22:30:47,236 - INFO - Sector: Auto - Change: +1.20%
2025-04-23 22:30:47,236 - INFO - Sector: Pharma - Change: +0.80%
2025-04-23 22:30:47,241 - INFO - Sector: FMCG - Change: +0.30%
2025-04-23 22:30:47,246 - INFO - Saved 8 sectors to sector_data.csv
2025-04-23 22:30:47,258 - INFO - Saved top and bottom sectors to separate files
2025-04-23 22:30:47,260 - INFO - Waiting 60 seconds until next scrape...
2025-04-23 22:31:21,848 - INFO - Scraper stopped by user
2025-04-23 22:31:21,896 - WARNING - Retrying (Retry(total=2, connect=None, read=None, redirect=None, status=None)) after connection broken by 'ConnectionResetError(10054, 'An existing connection was forcibly closed by the remote host', None, 10054, None)': /session/1f8682530dd880e5101a878697092c24
2025-04-23 22:41:58,984 - INFO - Starting chart-specific sector scraper
2025-04-23 22:41:58,985 - INFO - Configuration loaded successfully
2025-04-23 22:41:58,985 - INFO - ====== WebDriver manager ======
2025-04-23 22:42:02,078 - INFO - Get LATEST chromedriver version for google-chrome
2025-04-23 22:42:02,134 - INFO - Get LATEST chromedriver version for google-chrome
2025-04-23 22:42:02,178 - INFO - Driver [C:\Users\Rajee\.wdm\drivers\chromedriver\win64\135.0.7049.114\chromedriver-win32/chromedriver.exe] found in cache
2025-04-23 22:42:06,188 - INFO - Chrome WebDriver set up successfully
2025-04-23 22:42:09,683 - INFO - Navigated to login page
2025-04-23 22:42:54,860 - INFO - Navigated to sector performance page: https://intradayscreener.com/sector-performance
2025-04-23 22:42:59,874 - INFO - Successfully navigated to sector performance page
2025-04-23 22:43:10,287 - INFO - Found 25 potential sector name elements
2025-04-23 22:43:10,309 - INFO - Found 78 potential percentage elements
2025-04-23 22:43:10,455 - INFO - Found sector and percentage in adjacent lines: NIFTY BANK = 55370.05
2025-04-23 22:43:10,456 - INFO - Found sector and percentage in adjacent lines: NIFTY_FIN_SERVICE = 26446.2
2025-04-23 22:43:10,456 - INFO - Final sector data: 2 sectors
2025-04-23 22:43:10,457 - INFO - Successfully scraped 2 sector ranks
2025-04-23 22:43:10,462 - INFO - Saved 2 sector ranks to CSV
2025-04-23 22:43:10,463 - INFO - Saved sector ranks to text file in requested format
2025-04-23 22:43:10,468 - INFO - Waiting 60 seconds until next scrape...
2025-04-23 22:44:12,098 - INFO - Browser page refreshed
2025-04-23 22:44:22,781 - INFO - Found 25 potential sector name elements
2025-04-23 22:44:22,801 - INFO - Found 78 potential percentage elements
2025-04-23 22:44:22,926 - INFO - Found sector and percentage in adjacent lines: NIFTY BANK = 55370.05
2025-04-23 22:44:22,927 - INFO - Found sector and percentage in adjacent lines: NIFTY_FIN_SERVICE = 26446.2
2025-04-23 22:44:22,927 - INFO - Final sector data: 2 sectors
2025-04-23 22:44:22,928 - INFO - Successfully scraped 2 sector ranks
2025-04-23 22:44:22,930 - INFO - Saved 2 sector ranks to CSV
2025-04-23 22:44:22,931 - INFO - Saved sector ranks to text file in requested format
2025-04-23 22:44:22,936 - INFO - Waiting 60 seconds until next scrape...
2025-04-23 22:45:23,989 - INFO - Browser page refreshed
2025-04-23 22:45:34,402 - INFO - Found 25 potential sector name elements
2025-04-23 22:45:34,445 - INFO - Found 78 potential percentage elements
2025-04-23 22:45:34,679 - INFO - Found sector and percentage in adjacent lines: NIFTY BANK = 55370.05
2025-04-23 22:45:34,684 - INFO - Found sector and percentage in adjacent lines: NIFTY_FIN_SERVICE = 26446.2
2025-04-23 22:45:34,685 - INFO - Final sector data: 2 sectors
2025-04-23 22:45:34,686 - INFO - Successfully scraped 2 sector ranks
2025-04-23 22:45:34,689 - INFO - Saved 2 sector ranks to CSV
2025-04-23 22:45:34,692 - INFO - Saved sector ranks to text file in requested format
2025-04-23 22:45:34,708 - INFO - Waiting 60 seconds until next scrape...
2025-04-23 22:46:35,053 - INFO - Browser page refreshed
2025-04-23 22:46:52,365 - INFO - Found 25 potential sector name elements
2025-04-23 22:46:52,547 - INFO - Found 78 potential percentage elements
2025-04-23 22:46:52,949 - INFO - Found sector and percentage in adjacent lines: NIFTY BANK = 55370.05
2025-04-23 22:46:52,952 - INFO - Found sector and percentage in adjacent lines: NIFTY_FIN_SERVICE = 26446.2
2025-04-23 22:46:52,956 - INFO - Final sector data: 2 sectors
2025-04-23 22:46:52,958 - INFO - Successfully scraped 2 sector ranks
2025-04-23 22:46:52,965 - INFO - Saved 2 sector ranks to CSV
2025-04-23 22:46:52,971 - INFO - Saved sector ranks to text file in requested format
2025-04-23 22:46:52,985 - INFO - Waiting 60 seconds until next scrape...
2025-04-23 22:48:01,059 - INFO - Browser page refreshed
2025-04-23 22:48:10,379 - INFO - Scraper stopped by user
2025-04-23 22:48:28,085 - INFO - Starting fixed sector scraper
2025-04-23 22:48:28,087 - INFO - Configuration loaded successfully
2025-04-23 22:48:28,087 - INFO - ====== WebDriver manager ======
2025-04-23 22:48:31,680 - INFO - Get LATEST chromedriver version for google-chrome
2025-04-23 22:48:31,740 - INFO - Get LATEST chromedriver version for google-chrome
2025-04-23 22:48:31,798 - INFO - Driver [C:\Users\Rajee\.wdm\drivers\chromedriver\win64\135.0.7049.114\chromedriver-win32/chromedriver.exe] found in cache
2025-04-23 22:48:37,795 - INFO - Chrome WebDriver set up successfully
2025-04-23 22:48:41,497 - INFO - Navigated to login page
2025-04-23 22:49:49,137 - INFO - Navigated to sector performance page: https://intradayscreener.com/sector-performance
2025-04-23 22:49:54,213 - INFO - Successfully navigated to sector performance page
2025-04-23 22:50:05,262 - INFO - Found percentage for NIFTY BANK: -0.5
2025-04-23 22:50:05,349 - INFO - Found percentage for NIFTY_FIN_SERVICE: -0.67
2025-04-23 22:50:05,506 - INFO - Found percentage for AUTOMOBILE: 5.61
2025-04-23 22:50:05,506 - INFO - Final sector data: 3 sectors
2025-04-23 22:50:05,507 - INFO - Successfully scraped 3 sector ranks
2025-04-23 22:50:05,512 - INFO - Saved 3 sector ranks to CSV
2025-04-23 22:50:05,514 - INFO - Saved sector ranks to text file in requested format
2025-04-23 22:50:05,523 - INFO - Waiting 60 seconds until next scrape...
2025-04-23 22:51:07,052 - INFO - Browser page refreshed
2025-04-23 22:51:21,501 - INFO - Found percentage for NIFTY BANK: -0.5
2025-04-23 22:51:21,819 - INFO - Found percentage for NIFTY_FIN_SERVICE: -0.67
2025-04-23 22:51:22,055 - INFO - Found percentage for AUTOMOBILE: 5.61
2025-04-23 22:51:22,058 - INFO - Final sector data: 3 sectors
2025-04-23 22:51:22,058 - INFO - Successfully scraped 3 sector ranks
2025-04-23 22:51:22,063 - INFO - Saved 3 sector ranks to CSV
2025-04-23 22:51:22,069 - INFO - Saved sector ranks to text file in requested format
2025-04-23 22:51:22,080 - INFO - Waiting 60 seconds until next scrape...
2025-04-23 22:52:23,080 - INFO - Browser page refreshed
2025-04-23 22:52:34,538 - INFO - Found percentage for NIFTY BANK: -0.5
2025-04-23 22:52:34,648 - INFO - Found percentage for NIFTY_FIN_SERVICE: -0.67
2025-04-23 22:52:34,944 - INFO - Found percentage for AUTOMOBILE: 5.61
2025-04-23 22:52:34,945 - INFO - Final sector data: 3 sectors
2025-04-23 22:52:34,946 - INFO - Successfully scraped 3 sector ranks
2025-04-23 22:52:34,949 - INFO - Saved 3 sector ranks to CSV
2025-04-23 22:52:34,961 - INFO - Saved sector ranks to text file in requested format
2025-04-23 22:52:34,999 - INFO - Waiting 60 seconds until next scrape...
2025-04-23 22:53:39,111 - INFO - Browser page refreshed
2025-04-23 22:53:51,566 - INFO - Found percentage for NIFTY BANK: -0.5
2025-04-23 22:53:52,131 - INFO - Found percentage for NIFTY_FIN_SERVICE: -0.67
2025-04-23 22:53:52,718 - INFO - Found percentage for AUTOMOBILE: 5.61
2025-04-23 22:53:52,727 - INFO - Final sector data: 3 sectors
2025-04-23 22:53:52,728 - INFO - Successfully scraped 3 sector ranks
2025-04-23 22:53:52,737 - INFO - Saved 3 sector ranks to CSV
2025-04-23 22:53:52,769 - INFO - Saved sector ranks to text file in requested format
2025-04-23 22:53:53,078 - INFO - Waiting 60 seconds until next scrape...
2025-04-23 22:54:34,496 - INFO - Scraper stopped by user
2025-04-23 22:54:34,570 - WARNING - Retrying (Retry(total=2, connect=None, read=None, redirect=None, status=None)) after connection broken by 'ConnectionResetError(10054, 'An existing connection was forcibly closed by the remote host', None, 10054, None)': /session/890a08fabb8a395559fe090b184a3dc6
2025-04-23 22:57:16,011 - INFO - Starting complete sector percentage scraper
2025-04-23 22:57:16,012 - INFO - Configuration loaded successfully
2025-04-23 22:57:16,012 - INFO - ====== WebDriver manager ======
2025-04-23 22:57:17,651 - INFO - Get LATEST chromedriver version for google-chrome
2025-04-23 22:57:17,717 - INFO - Get LATEST chromedriver version for google-chrome
2025-04-23 22:57:17,758 - INFO - Driver [C:\Users\Rajee\.wdm\drivers\chromedriver\win64\135.0.7049.114\chromedriver-win32/chromedriver.exe] found in cache
2025-04-23 22:57:21,201 - INFO - Chrome WebDriver set up successfully
2025-04-23 22:57:29,625 - INFO - Navigated to login page
2025-04-23 22:58:12,366 - INFO - Navigated to sector performance page: https://intradayscreener.com/sector-performance
2025-04-23 22:58:17,505 - INFO - Successfully navigated to sector performance page
2025-04-23 22:58:18,193 - INFO - Saved page screenshot
2025-04-23 22:58:18,241 - INFO - Saved page source HTML
2025-04-23 22:58:18,537 - INFO - Saved full page text
2025-04-23 22:58:18,542 - INFO - Page contains 154 lines of text
2025-04-23 22:58:18,543 - INFO - Line 0: Markets
2025-04-23 22:58:18,543 - INFO - Line 1: Intraday
2025-04-23 22:58:18,544 - INFO - Line 2: Futures
2025-04-23 22:58:18,550 - INFO - Line 3: Options
2025-04-23 22:58:18,551 - INFO - Line 4: Eod Scans
2025-04-23 22:58:18,552 - INFO - Line 5: Trade
2025-04-23 22:58:18,552 - INFO - Line 6: Screener
2025-04-23 22:58:18,553 - INFO - Line 7: Tools
2025-04-23 22:58:18,553 - INFO - Line 8: User
2025-04-23 22:58:18,554 - INFO - Line 9: NIFTY 50
2025-04-23 22:58:18,555 - INFO - Line 10: 24328.95 (0.67%)
2025-04-23 22:58:18,555 - INFO - Line 11: NIFTY BANK
2025-04-23 22:58:18,556 - INFO - Line 12: 55370.05 (-0.50%)
2025-04-23 22:58:18,557 - INFO - Line 13: NIFTY_MIDCAP_100
2025-04-23 22:58:18,557 - INFO - Line 14: 55041.1 (1.18%)
2025-04-23 22:58:18,558 - INFO - Line 15: NIFTY_SMLCAP_100
2025-04-23 22:58:18,558 - INFO - Line 16: 16969.75 (0.44%)
2025-04-23 22:58:18,559 - INFO - Line 17: NIFTY_SMLCAP_100
2025-04-23 22:58:18,559 - INFO - Line 18: 16969.75 (0.44%)
2025-04-23 22:58:18,560 - INFO - Line 19: NIFTY_FIN_SERVICE
2025-04-23 22:58:18,562 - INFO - Line 20: 26446.2 (-0.67%)
2025-04-23 22:58:18,563 - INFO - Line 21: INDIA_VIX
2025-04-23 22:58:18,589 - INFO - Line 22: 15.96 (4.79%)
2025-04-23 22:58:18,590 - INFO - Line 23: F&O
2025-04-23 22:58:18,591 - INFO - Line 24: Cash
2025-04-23 22:58:18,592 - INFO - Line 27: Auto refresh disabled to enable Please Subscribe
2025-04-23 22:58:18,592 - INFO - Line 28: Sector Performance
2025-04-23 22:58:18,593 - INFO - Line 29: Sector Data
2025-04-23 22:58:18,606 - INFO - Line 30: Broader Index
2025-04-23 22:58:18,610 - INFO - Line 31: 1D7D30D90D52W
2025-04-23 22:58:18,664 - INFO - Line 32: 4.34
2025-04-23 22:58:18,667 - INFO - Line 33: 2.38
2025-04-23 22:58:18,668 - INFO - Line 34: 1.4
2025-04-23 22:58:18,668 - INFO - Line 35: 1.34
2025-04-23 22:58:18,669 - INFO - Line 36: 1.33
2025-04-23 22:58:18,669 - INFO - Line 37: 1.01
2025-04-23 22:58:18,671 - INFO - Line 38: 0.78
2025-04-23 22:58:18,672 - INFO - Line 39: 0.69
2025-04-23 22:58:18,672 - INFO - Line 40: 0.53
2025-04-23 22:58:18,673 - INFO - Line 41: 0.14
2025-04-23 22:58:18,673 - INFO - Line 42: -0.09
2025-04-23 22:58:18,674 - INFO - Line 43: -0.26
2025-04-23 22:58:18,675 - INFO - Line 44: -0.5
2025-04-23 22:58:18,675 - INFO - Line 45: -0.57
2025-04-23 22:58:18,676 - INFO - Line 46: -0.67
2025-04-23 22:58:18,676 - INFO - Line 47: -0.75
2025-04-23 22:58:18,676 - INFO - Line 48: -0.96
2025-04-23 22:58:18,677 - INFO - Line 49: NIFTY_IT
2025-04-23 22:58:18,683 - INFO - Method 1: Searching by sector name elements
2025-04-23 22:58:18,710 - INFO - Found 1 elements for NIFTY_IT
2025-04-23 22:58:18,817 - INFO - Found 1 elements for NIFTY_AUTO
2025-04-23 22:58:18,922 - INFO - Found 1 elements for NIFTY_PHARMA
2025-04-23 22:58:19,038 - INFO - Found 1 elements for NIFTY_HEALTHCARE
2025-04-23 22:58:19,172 - INFO - Found 1 elements for NIFTY_REALTY
2025-04-23 22:58:19,380 - INFO - Found 1 elements for NIFTY_CONSUMPTION
2025-04-23 22:58:19,626 - INFO - Found 1 elements for NIFTY_METAL
2025-04-23 22:58:19,788 - INFO - Found 1 elements for NIFTY_ENERGY
2025-04-23 22:58:19,887 - INFO - Found 1 elements for NIFTY_FMCG
2025-04-23 22:58:19,999 - INFO - Found 1 elements for NIFTY_OIL_AND_GAS
2025-04-23 22:58:20,105 - INFO - Found 1 elements for NIFTY_MEDIA
2025-04-23 22:58:20,222 - INFO - Found 1 elements for NIFTY_FINSRV25_50
2025-04-23 22:58:20,304 - INFO - Found 3 elements for NIFTY BANK
2025-04-23 22:58:20,350 - INFO - Found NIFTY BANK: -0.5% (from parent)
2025-04-23 22:58:20,373 - INFO - Found 1 elements for NIFTY_PSU_BANK
2025-04-23 22:58:20,491 - INFO - Found 2 elements for NIFTY_FIN_SERVICE
2025-04-23 22:58:20,584 - INFO - Found NIFTY_FIN_SERVICE: -0.67% (from parent)
2025-04-23 22:58:20,606 - INFO - Found 1 elements for NIFTY_PVT_BANK
2025-04-23 22:58:20,694 - INFO - Found 1 elements for NIFTY_CONSR_DURBL
2025-04-23 22:58:20,759 - INFO - Method 2: Searching by percentage patterns
2025-04-23 22:58:20,761 - INFO - Found 41 lines with valid percentages
2025-04-23 22:58:20,762 - INFO - Method 2: Found NIFTY_IT: -0.75% (from nearby line)
2025-04-23 22:58:20,762 - INFO - Method 2: Found NIFTY_AUTO: -0.96% (from nearby line)
2025-04-23 22:58:20,763 - INFO - Method 3: Special case handling
2025-04-23 22:58:20,866 - WARNING - Only found 4 sectors, using default data
2025-04-23 22:58:20,874 - INFO - Final data contains 17 sectors
2025-04-23 22:58:20,881 - INFO - Saved CSV data with 17 sectors
2025-04-23 22:58:20,893 - INFO - Saved text results in requested format
2025-04-23 22:58:20,944 - INFO - Waiting 60 seconds until next scrape...
2025-04-23 22:59:22,512 - INFO - Browser page refreshed
2025-04-23 22:59:22,956 - INFO - Saved page screenshot
2025-04-23 22:59:23,182 - INFO - Saved page source HTML
2025-04-23 22:59:24,190 - INFO - Saved full page text
2025-04-23 22:59:24,190 - INFO - Page contains 154 lines of text
2025-04-23 22:59:24,191 - INFO - Line 0: Markets
2025-04-23 22:59:24,192 - INFO - Line 1: Intraday
2025-04-23 22:59:24,193 - INFO - Line 2: Futures
2025-04-23 22:59:24,193 - INFO - Line 3: Options
2025-04-23 22:59:24,194 - INFO - Line 4: Eod Scans
2025-04-23 22:59:24,194 - INFO - Line 5: Trade
2025-04-23 22:59:24,194 - INFO - Line 6: Screener
2025-04-23 22:59:24,196 - INFO - Line 7: Tools
2025-04-23 22:59:24,197 - INFO - Line 8: User
2025-04-23 22:59:24,198 - INFO - Line 9: NIFTY 50
2025-04-23 22:59:24,199 - INFO - Line 10: 24328.95 (0.67%)
2025-04-23 22:59:24,204 - INFO - Line 11: NIFTY BANK
2025-04-23 22:59:24,205 - INFO - Line 12: 55370.05 (-0.50%)
2025-04-23 22:59:24,206 - INFO - Line 13: NIFTY_MIDCAP_100
2025-04-23 22:59:24,207 - INFO - Line 14: 55041.1 (1.18%)
2025-04-23 22:59:24,207 - INFO - Line 15: NIFTY_SMLCAP_100
2025-04-23 22:59:24,207 - INFO - Line 16: 16969.75 (0.44%)
2025-04-23 22:59:24,208 - INFO - Line 17: NIFTY_SMLCAP_100
2025-04-23 22:59:24,239 - INFO - Line 18: 16969.75 (0.44%)
2025-04-23 22:59:24,240 - INFO - Line 19: NIFTY_FIN_SERVICE
2025-04-23 22:59:24,241 - INFO - Line 20: 26446.2 (-0.67%)
2025-04-23 22:59:24,246 - INFO - Line 21: INDIA_VIX
2025-04-23 22:59:24,246 - INFO - Line 22: 15.96 (4.79%)
2025-04-23 22:59:24,254 - INFO - Line 23: F&O
2025-04-23 22:59:24,255 - INFO - Line 24: Cash
2025-04-23 22:59:24,256 - INFO - Line 27: Auto refresh disabled to enable Please Subscribe
2025-04-23 22:59:24,257 - INFO - Line 28: Sector Performance
2025-04-23 22:59:24,257 - INFO - Line 29: Sector Data
2025-04-23 22:59:24,258 - INFO - Line 30: Broader Index
2025-04-23 22:59:24,258 - INFO - Line 31: 1D7D30D90D52W
2025-04-23 22:59:24,314 - INFO - Line 32: 4.34
2025-04-23 22:59:24,380 - INFO - Line 33: 2.38
2025-04-23 22:59:24,381 - INFO - Line 34: 1.4
2025-04-23 22:59:24,382 - INFO - Line 35: 1.34
2025-04-23 22:59:24,417 - INFO - Line 36: 1.33
2025-04-23 22:59:24,418 - INFO - Line 37: 1.01
2025-04-23 22:59:24,419 - INFO - Line 38: 0.78
2025-04-23 22:59:24,464 - INFO - Line 39: 0.69
2025-04-23 22:59:24,503 - INFO - Line 40: 0.53
2025-04-23 22:59:24,505 - INFO - Line 41: 0.14
2025-04-23 22:59:24,506 - INFO - Line 42: -0.09
2025-04-23 22:59:24,542 - INFO - Line 43: -0.26
2025-04-23 22:59:24,552 - INFO - Line 44: -0.5
2025-04-23 22:59:24,553 - INFO - Line 45: -0.57
2025-04-23 22:59:24,555 - INFO - Line 46: -0.67
2025-04-23 22:59:24,555 - INFO - Line 47: -0.75
2025-04-23 22:59:24,556 - INFO - Line 48: -0.96
2025-04-23 22:59:24,557 - INFO - Line 49: NIFTY_IT
2025-04-23 22:59:24,558 - INFO - Method 1: Searching by sector name elements
2025-04-23 22:59:24,654 - INFO - Found 1 elements for NIFTY_IT
2025-04-23 22:59:25,200 - INFO - Found 1 elements for NIFTY_AUTO
2025-04-23 22:59:25,656 - INFO - Found 1 elements for NIFTY_PHARMA
2025-04-23 22:59:26,245 - INFO - Found 1 elements for NIFTY_HEALTHCARE
2025-04-23 22:59:29,071 - INFO - Found 1 elements for NIFTY_REALTY
2025-04-23 22:59:30,015 - INFO - Found 1 elements for NIFTY_CONSUMPTION
2025-04-23 22:59:30,595 - INFO - Found 1 elements for NIFTY_METAL
2025-04-23 22:59:31,248 - INFO - Found 1 elements for NIFTY_ENERGY
2025-04-23 22:59:31,815 - INFO - Found 1 elements for NIFTY_FMCG
2025-04-23 22:59:32,361 - INFO - Found 1 elements for NIFTY_OIL_AND_GAS
2025-04-23 22:59:33,005 - INFO - Found 1 elements for NIFTY_MEDIA
2025-04-23 22:59:33,610 - INFO - Found 1 elements for NIFTY_FINSRV25_50
2025-04-23 22:59:34,260 - INFO - Found 3 elements for NIFTY BANK
2025-04-23 22:59:35,045 - INFO - Found NIFTY BANK: -0.5% (from parent)
2025-04-23 22:59:35,597 - INFO - Found 1 elements for NIFTY_PSU_BANK
2025-04-23 22:59:36,151 - INFO - Found 2 elements for NIFTY_FIN_SERVICE
2025-04-23 22:59:36,422 - INFO - Found NIFTY_FIN_SERVICE: -0.67% (from parent)
2025-04-23 22:59:36,563 - INFO - Found 1 elements for NIFTY_PVT_BANK
2025-04-23 22:59:37,436 - INFO - Found 1 elements for NIFTY_CONSR_DURBL
2025-04-23 22:59:37,615 - INFO - Method 2: Searching by percentage patterns
2025-04-23 22:59:37,618 - INFO - Found 41 lines with valid percentages
2025-04-23 22:59:37,619 - INFO - Method 2: Found NIFTY_IT: -0.75% (from nearby line)
2025-04-23 22:59:37,619 - INFO - Method 2: Found NIFTY_AUTO: -0.96% (from nearby line)
2025-04-23 22:59:37,620 - INFO - Method 3: Special case handling
2025-04-23 22:59:37,820 - WARNING - Only found 4 sectors, using default data
2025-04-23 22:59:37,820 - INFO - Final data contains 17 sectors
2025-04-23 22:59:37,824 - INFO - Saved CSV data with 17 sectors
2025-04-23 22:59:37,829 - INFO - Saved text results in requested format
2025-04-23 22:59:37,855 - INFO - Waiting 60 seconds until next scrape...
2025-04-23 22:59:57,242 - INFO - Scraper stopped by user
2025-04-23 22:59:57,263 - WARNING - Retrying (Retry(total=2, connect=None, read=None, redirect=None, status=None)) after connection broken by 'ConnectionResetError(10054, 'An existing connection was forcibly closed by the remote host', None, 10054, None)': /session/6847a717df2b055f8b7cabb5abebbb86
2025-04-23 23:00:01,345 - WARNING - Retrying (Retry(total=1, connect=None, read=None, redirect=None, status=None)) after connection broken by 'NewConnectionError('<urllib3.connection.HTTPConnection object at 0x000001F4C442EB80>: Failed to establish a new connection: [WinError 10061] No connection could be made because the target machine actively refused it')': /session/6847a717df2b055f8b7cabb5abebbb86
2025-04-23 23:00:05,411 - WARNING - Retrying (Retry(total=0, connect=None, read=None, redirect=None, status=None)) after connection broken by 'NewConnectionError('<urllib3.connection.HTTPConnection object at 0x000001F4C442E1C0>: Failed to establish a new connection: [WinError 10061] No connection could be made because the target machine actively refused it')': /session/6847a717df2b055f8b7cabb5abebbb86
2025-04-23 23:00:09,470 - INFO - WebDriver closed
2025-04-23 23:02:20,339 - INFO - Starting final sector scraper
2025-04-23 23:02:20,341 - INFO - Configuration loaded successfully
2025-04-23 23:02:20,342 - INFO - ====== WebDriver manager ======
2025-04-23 23:02:23,446 - INFO - Get LATEST chromedriver version for google-chrome
2025-04-23 23:02:23,543 - INFO - Get LATEST chromedriver version for google-chrome
2025-04-23 23:02:23,598 - INFO - Driver [C:\Users\Rajee\.wdm\drivers\chromedriver\win64\135.0.7049.114\chromedriver-win32/chromedriver.exe] found in cache
2025-04-23 23:02:27,238 - INFO - Chrome WebDriver set up successfully
2025-04-23 23:02:27,797 - INFO - Navigated to login page
2025-04-23 23:03:13,250 - INFO - Navigated to sector performance page: https://intradayscreener.com/sector-performance
2025-04-23 23:03:18,299 - INFO - Successfully navigated to sector performance page
2025-04-23 23:03:18,788 - INFO - Saved page screenshot
2025-04-23 23:03:18,920 - INFO - Saved page source HTML
2025-04-23 23:03:19,296 - INFO - Saved full page text
2025-04-23 23:03:19,311 - INFO - Page contains 154 lines of text
2025-04-23 23:03:19,313 - INFO - Method 1: Searching by sector name elements
2025-04-23 23:03:19,508 - INFO - Found 1 elements for NIFTY_IT
2025-04-23 23:03:20,117 - INFO - Found 1 elements for NIFTY_AUTO
2025-04-23 23:03:20,471 - INFO - Found 1 elements for NIFTY_PHARMA
2025-04-23 23:03:21,277 - INFO - Found 1 elements for NIFTY_HEALTHCARE
2025-04-23 23:03:22,592 - INFO - Found 1 elements for NIFTY_REALTY
2025-04-23 23:03:23,225 - INFO - Found 1 elements for NIFTY_CONSUMPTION
2025-04-23 23:03:23,648 - INFO - Found 1 elements for NIFTY_METAL
2025-04-23 23:03:24,167 - INFO - Found 1 elements for NIFTY_ENERGY
2025-04-23 23:03:25,047 - INFO - Found 1 elements for NIFTY_FMCG
2025-04-23 23:03:26,057 - INFO - Found 1 elements for NIFTY_OIL_AND_GAS
2025-04-23 23:03:26,424 - INFO - Found 1 elements for NIFTY_MEDIA
2025-04-23 23:03:26,846 - INFO - Found 1 elements for NIFTY_FINSRV25_50
2025-04-23 23:03:27,134 - INFO - Found 3 elements for NIFTY BANK
2025-04-23 23:03:27,359 - INFO - Found NIFTY BANK: -0.5% (from parent)
2025-04-23 23:03:27,463 - INFO - Found 1 elements for NIFTY_PSU_BANK
2025-04-23 23:03:27,730 - INFO - Found 2 elements for NIFTY_FIN_SERVICE
2025-04-23 23:03:28,037 - INFO - Found NIFTY_FIN_SERVICE: -0.67% (from parent)
2025-04-23 23:03:28,201 - INFO - Found 1 elements for NIFTY_PVT_BANK
2025-04-23 23:03:28,667 - INFO - Found 1 elements for NIFTY_CONSR_DURBL
2025-04-23 23:03:28,834 - INFO - Method 2: Searching by percentage patterns
2025-04-23 23:03:28,836 - INFO - Found 41 lines with valid percentages
2025-04-23 23:03:28,842 - INFO - Method 2: Found NIFTY_IT: -0.75% (from nearby line)
2025-04-23 23:03:28,843 - INFO - Method 2: Found NIFTY_AUTO: -0.96% (from nearby line)
2025-04-23 23:03:28,845 - INFO - Method 3: Using page structure patterns
2025-04-23 23:03:28,846 - WARNING - Only found 4 sectors, using default data
2025-04-23 23:03:28,846 - INFO - Final data contains 17 sectors
2025-04-23 23:03:28,848 - INFO - Saved sector data to text file: sector_data.txt
2025-04-23 23:03:28,857 - INFO - Saved sector data to CSV file: sector_data.csv
2025-04-23 23:03:28,934 - INFO - Waiting 60 seconds until next scrape...
2025-04-23 23:04:33,360 - INFO - Browser page refreshed
2025-04-23 23:04:33,849 - INFO - Saved page screenshot
2025-04-23 23:04:33,949 - INFO - Saved page source HTML
2025-04-23 23:04:34,356 - INFO - Saved full page text
2025-04-23 23:04:34,360 - INFO - Page contains 154 lines of text
2025-04-23 23:04:34,360 - INFO - Method 1: Searching by sector name elements
2025-04-23 23:04:34,402 - INFO - Found 1 elements for NIFTY_IT
2025-04-23 23:04:34,547 - INFO - Found 1 elements for NIFTY_AUTO
2025-04-23 23:04:35,797 - INFO - Found 1 elements for NIFTY_PHARMA
2025-04-23 23:04:36,099 - INFO - Found 1 elements for NIFTY_HEALTHCARE
2025-04-23 23:04:36,412 - INFO - Found 1 elements for NIFTY_REALTY
2025-04-23 23:04:36,510 - INFO - Found 1 elements for NIFTY_CONSUMPTION
2025-04-23 23:04:36,611 - INFO - Found 1 elements for NIFTY_METAL
2025-04-23 23:04:36,698 - INFO - Found 1 elements for NIFTY_ENERGY
2025-04-23 23:04:36,950 - INFO - Found 1 elements for NIFTY_FMCG
2025-04-23 23:04:37,110 - INFO - Found 1 elements for NIFTY_OIL_AND_GAS
2025-04-23 23:04:37,200 - INFO - Found 1 elements for NIFTY_MEDIA
2025-04-23 23:04:37,356 - INFO - Found 1 elements for NIFTY_FINSRV25_50
2025-04-23 23:04:37,535 - INFO - Found 3 elements for NIFTY BANK
2025-04-23 23:04:37,631 - INFO - Found NIFTY BANK: -0.5% (from parent)
2025-04-23 23:04:37,650 - INFO - Found 1 elements for NIFTY_PSU_BANK
2025-04-23 23:04:37,763 - INFO - Found 2 elements for NIFTY_FIN_SERVICE
2025-04-23 23:04:37,831 - INFO - Found NIFTY_FIN_SERVICE: -0.67% (from parent)
2025-04-23 23:04:37,846 - INFO - Found 1 elements for NIFTY_PVT_BANK
2025-04-23 23:04:37,970 - INFO - Found 1 elements for NIFTY_CONSR_DURBL
2025-04-23 23:04:38,045 - INFO - Method 2: Searching by percentage patterns
2025-04-23 23:04:38,046 - INFO - Found 41 lines with valid percentages
2025-04-23 23:04:38,048 - INFO - Method 2: Found NIFTY_IT: -0.75% (from nearby line)
2025-04-23 23:04:38,048 - INFO - Method 2: Found NIFTY_AUTO: -0.96% (from nearby line)
2025-04-23 23:04:38,049 - INFO - Method 3: Using page structure patterns
2025-04-23 23:04:38,050 - WARNING - Only found 4 sectors, using default data
2025-04-23 23:04:38,050 - INFO - Final data contains 17 sectors
2025-04-23 23:04:38,052 - INFO - Saved sector data to text file: sector_data.txt
2025-04-23 23:04:38,056 - INFO - Saved sector data to CSV file: sector_data.csv
2025-04-23 23:04:38,082 - INFO - Waiting 60 seconds until next scrape...
2025-04-23 23:05:41,599 - INFO - Browser page refreshed
2025-04-23 23:05:42,065 - INFO - Saved page screenshot
2025-04-23 23:05:42,173 - INFO - Saved page source HTML
2025-04-23 23:05:42,603 - INFO - Saved full page text
2025-04-23 23:05:42,605 - INFO - Page contains 154 lines of text
2025-04-23 23:05:42,610 - INFO - Method 1: Searching by sector name elements
2025-04-23 23:05:42,658 - INFO - Found 1 elements for NIFTY_IT
2025-04-23 23:05:42,968 - INFO - Found 1 elements for NIFTY_AUTO
2025-04-23 23:05:43,579 - INFO - Found 1 elements for NIFTY_PHARMA
2025-04-23 23:05:43,717 - INFO - Found 1 elements for NIFTY_HEALTHCARE
2025-04-23 23:05:43,872 - INFO - Found 1 elements for NIFTY_REALTY
2025-04-23 23:05:44,063 - INFO - Found 1 elements for NIFTY_CONSUMPTION
2025-04-23 23:05:44,638 - INFO - Found 1 elements for NIFTY_METAL
2025-04-23 23:05:44,999 - INFO - Found 1 elements for NIFTY_ENERGY
2025-04-23 23:05:45,087 - INFO - Found 1 elements for NIFTY_FMCG
2025-04-23 23:05:45,831 - INFO - Found 1 elements for NIFTY_OIL_AND_GAS
2025-04-23 23:05:46,420 - INFO - Found 1 elements for NIFTY_MEDIA
2025-04-23 23:05:46,639 - INFO - Found 1 elements for NIFTY_FINSRV25_50
2025-04-23 23:05:47,451 - INFO - Found 3 elements for NIFTY BANK
2025-04-23 23:05:47,880 - INFO - Found NIFTY BANK: -0.5% (from parent)
2025-04-23 23:05:48,023 - INFO - Found 1 elements for NIFTY_PSU_BANK
2025-04-23 23:05:48,671 - INFO - Found 2 elements for NIFTY_FIN_SERVICE
2025-04-23 23:05:49,056 - INFO - Found NIFTY_FIN_SERVICE: -0.67% (from parent)
2025-04-23 23:05:49,171 - INFO - Found 1 elements for NIFTY_PVT_BANK
2025-04-23 23:05:49,503 - INFO - Found 1 elements for NIFTY_CONSR_DURBL
2025-04-23 23:05:49,803 - INFO - Method 2: Searching by percentage patterns
2025-04-23 23:05:49,804 - INFO - Found 41 lines with valid percentages
2025-04-23 23:05:49,805 - INFO - Method 2: Found NIFTY_IT: -0.75% (from nearby line)
2025-04-23 23:05:49,819 - INFO - Method 2: Found NIFTY_AUTO: -0.96% (from nearby line)
2025-04-23 23:05:49,820 - INFO - Method 3: Using page structure patterns
2025-04-23 23:05:49,820 - WARNING - Only found 4 sectors, using default data
2025-04-23 23:05:49,821 - INFO - Final data contains 17 sectors
2025-04-23 23:05:49,822 - INFO - Saved sector data to text file: sector_data.txt
2025-04-23 23:05:49,840 - INFO - Saved sector data to CSV file: sector_data.csv
2025-04-23 23:05:49,959 - INFO - Waiting 60 seconds until next scrape...
2025-04-23 23:06:21,792 - INFO - Scraper stopped by user
2025-04-23 23:06:21,808 - WARNING - Retrying (Retry(total=2, connect=None, read=None, redirect=None, status=None)) after connection broken by 'ConnectionResetError(10054, 'An existing connection was forcibly closed by the remote host', None, 10054, None)': /session/80649183dafa54b63a54a468a5be436a
