2025-04-23 04:57:16,261 - INFO - Configuration loaded successfully from trading_config.json
2025-04-23 04:57:16,262 - INFO - Security IDs loaded successfully from security_ids.json
2025-04-23 04:57:16,263 - INFO - Dhan API client initialized successfully
2025-04-23 04:57:16,263 - INFO - Starting intraday trading program
2025-04-23 04:57:16,272 - INFO - Found security ID 11630 for NTPC.NS from mapping file
2025-04-23 04:57:16,288 - INFO - Executing BUY order for NTPC.NS
2025-04-23 04:57:16,294 - INFO - Setting BUY order for NTPC.NS (ID: 11630)
2025-04-23 04:57:16,295 - INFO - Entry: 362.8
2025-04-23 04:57:16,296 - INFO - Stop Loss: 359.17 (1.0% below entry)
2025-04-23 04:57:16,296 - INFO - Target: 366.43 (1.0% above entry)
2025-04-23 04:57:16,877 - INFO - Order placed: {'status': 'success', 'remarks': '', 'data': {'orderId': '1052504238716', 'orderStatus': 'TRANSIT'}}
2025-04-23 04:57:16,962 - INFO - Found security ID 3787 for WIPRO.NS from mapping file
2025-04-23 04:57:16,963 - INFO - Executing BUY order for WIPRO.NS
2025-04-23 04:57:16,963 - INFO - Setting BUY order for WIPRO.NS (ID: 3787)
2025-04-23 04:57:16,964 - INFO - Entry: 239.5
2025-04-23 04:57:16,973 - INFO - Stop Loss: 237.1 (1.0% below entry)
2025-04-23 04:57:16,974 - INFO - Target: 241.9 (1.0% above entry)
2025-04-23 04:57:17,159 - INFO - Order placed: {'status': 'success', 'remarks': '', 'data': {'orderId': '452504238599', 'orderStatus': 'TRANSIT'}}
2025-04-23 04:57:17,203 - INFO - Found security ID 13404 for SUNTV.NS from mapping file
2025-04-23 04:57:17,208 - INFO - Executing BUY order for SUNTV.NS
2025-04-23 04:57:17,208 - INFO - Setting BUY order for SUNTV.NS (ID: 13404)
2025-04-23 04:57:17,210 - INFO - Entry: 655
2025-04-23 04:57:17,211 - INFO - Stop Loss: 648.45 (1.0% below entry)
2025-04-23 04:57:17,212 - INFO - Target: 661.55 (1.0% above entry)
2025-04-23 04:57:17,387 - INFO - Order placed: {'status': 'success', 'remarks': '', 'data': {'orderId': '552504239225', 'orderStatus': 'TRANSIT'}}
2025-04-23 04:57:17,434 - INFO - Monitoring active orders...
2025-04-23 04:57:17,511 - INFO - Monitoring 5 active orders...
2025-04-23 04:57:47,672 - INFO - Monitoring 5 active orders...
2025-04-23 04:58:17,837 - INFO - Monitoring 5 active orders...
2025-04-23 04:58:48,003 - INFO - Monitoring 5 active orders...
2025-04-23 04:59:18,183 - INFO - Monitoring 5 active orders...
2025-04-23 04:59:48,344 - INFO - Monitoring 5 active orders...
2025-04-23 05:00:18,506 - INFO - Monitoring 5 active orders...
2025-04-23 05:00:48,671 - INFO - Monitoring 5 active orders...
2025-04-23 05:01:18,832 - INFO - Monitoring 5 active orders...
2025-04-23 05:01:48,983 - INFO - Monitoring 5 active orders...
2025-04-23 05:02:19,160 - INFO - Monitoring 5 active orders...
2025-04-23 05:02:49,325 - INFO - Monitoring 5 active orders...
2025-04-23 05:03:19,489 - INFO - Monitoring 5 active orders...
2025-04-23 05:03:49,652 - INFO - Monitoring 5 active orders...
2025-04-23 05:04:19,802 - INFO - Monitoring 5 active orders...
2025-04-23 05:04:49,963 - INFO - Monitoring 5 active orders...
2025-04-23 05:05:20,124 - INFO - Monitoring 5 active orders...
2025-04-23 05:05:50,276 - INFO - Monitoring 5 active orders...
2025-04-23 05:06:20,437 - INFO - Monitoring 5 active orders...
2025-04-23 05:06:50,598 - INFO - Monitoring 5 active orders...
2025-04-23 05:07:20,763 - INFO - Monitoring 5 active orders...
2025-04-23 05:07:50,911 - INFO - Monitoring 5 active orders...
2025-04-23 05:08:21,071 - INFO - Monitoring 5 active orders...
2025-04-23 05:08:51,236 - INFO - Monitoring 5 active orders...
2025-04-23 05:09:21,400 - INFO - Monitoring 5 active orders...
2025-04-23 05:09:51,552 - INFO - Monitoring 5 active orders...
2025-04-23 05:09:51,916 - INFO - Monitoring stopped by user.
2025-04-23 05:09:51,917 - INFO - Current positions:
2025-04-23 05:09:52,080 - INFO - {'status': 'success', 'remarks': '', 'data': []}
2025-04-23 05:14:32,342 - INFO - Configuration loaded successfully from trading_config.json
2025-04-23 05:14:32,344 - INFO - Security IDs loaded successfully from security_ids.json
2025-04-23 05:14:32,344 - INFO - Dhan API client initialized successfully
2025-04-23 05:14:32,345 - INFO - Starting intraday trading program
2025-04-23 05:14:32,345 - INFO - Skipping inactive ticker: NTPC.NS
2025-04-23 05:14:32,345 - INFO - Skipping inactive ticker: WIPRO.NS
2025-04-23 05:14:32,346 - INFO - Skipping inactive ticker: SUNTV.NS
2025-04-23 05:14:32,346 - INFO - Found security ID 10794 for CANBK.NS from mapping file
2025-04-23 05:14:32,346 - INFO - Executing SELL order for CANBK.NS
2025-04-23 05:14:32,346 - INFO - Setting SELL order for CANBK.NS (ID: 10794)
2025-04-23 05:14:32,347 - INFO - Entry: 99.91
2025-04-23 05:14:32,347 - INFO - Stop Loss: 101.91 (2.0% above entry)
2025-04-23 05:14:32,347 - INFO - Target: 98.41 (1.5% below entry)
2025-04-23 05:14:32,809 - INFO - Order placed: {'status': 'success', 'remarks': '', 'data': {'orderId': '2125042312282', 'orderStatus': 'TRANSIT'}}
2025-04-23 05:14:32,816 - INFO - Monitoring active orders...
2025-04-23 05:14:32,838 - INFO - Monitoring 6 active orders...
2025-04-23 05:15:02,987 - INFO - Monitoring 6 active orders...
2025-04-23 05:15:33,146 - INFO - Monitoring 6 active orders...
2025-04-23 05:16:03,313 - INFO - Monitoring 6 active orders...
2025-04-23 05:16:33,468 - INFO - Monitoring 6 active orders...
2025-04-23 05:17:03,629 - INFO - Monitoring 6 active orders...
2025-04-23 05:17:23,640 - INFO - Monitoring stopped by user.
2025-04-23 05:17:23,641 - INFO - Current positions:
2025-04-23 05:17:23,790 - INFO - {'status': 'success', 'remarks': '', 'data': [{'dhanClientId': '1106497024', 'tradingSymbol': 'CANBK', 'securityId': '10794', 'positionType': 'CLOSED', 'exchangeSegment': 'NSE_EQ', 'productType': 'INTRADAY', 'buyAvg': 99.84, 'costPrice': 99.91, 'buyQty': 300, 'sellAvg': 99.91, 'sellQty': 300, 'netQty': 0, 'realizedProfit': 21.0, 'unrealizedProfit': 0.0, 'rbiReferenceRate': 1.0, 'multiplier': 1, 'carryForwardBuyQty': 0, 'carryForwardSellQty': 0, 'carryForwardBuyValue': 0.0, 'carryForwardSellValue': 0.0, 'dayBuyQty': 300, 'daySellQty': 300, 'dayBuyValue': 29952.0, 'daySellValue': 29973.0, 'drvExpiryDate': '0001-01-01', 'drvOptionType': 'NA', 'drvStrikePrice': 0.0, 'crossCurrency': False}]}
2025-04-23 05:20:25,146 - INFO - Configuration loaded successfully from trading_config.json
2025-04-23 05:20:25,147 - INFO - Security IDs loaded successfully from security_ids.json
2025-04-23 05:20:25,148 - INFO - Dhan API client initialized successfully
2025-04-23 05:20:25,149 - INFO - Starting intraday trading program
2025-04-23 05:20:25,149 - INFO - Skipping inactive ticker: NTPC.NS
2025-04-23 05:20:25,149 - INFO - Found security ID 3787 for WIPRO.NS from mapping file
2025-04-23 05:20:25,150 - INFO - Executing BUY order for WIPRO.NS
2025-04-23 05:20:25,150 - INFO - Setting BUY order for WIPRO.NS (ID: 3787)
2025-04-23 05:20:25,150 - INFO - Entry: 240.25
2025-04-23 05:20:25,151 - INFO - Stop Loss: 236.65 (1.5% below entry)
2025-04-23 05:20:25,151 - INFO - Target: 243.85 (1.5% above entry)
2025-04-23 05:20:25,610 - INFO - Order placed: {'status': 'success', 'remarks': '', 'data': {'orderId': '4125042310992', 'orderStatus': 'TRANSIT'}}
2025-04-23 05:20:25,617 - INFO - Skipping inactive ticker: SUNTV.NS
2025-04-23 05:20:25,617 - INFO - Skipping inactive ticker: CANBK.NS
2025-04-23 05:20:25,618 - INFO - Monitoring active orders...
2025-04-23 05:20:25,637 - INFO - Monitoring 7 active orders...
2025-04-23 05:20:55,796 - INFO - Monitoring 7 active orders...
2025-04-23 05:21:25,951 - INFO - Monitoring 7 active orders...
2025-04-23 05:21:56,101 - INFO - Monitoring 7 active orders...
2025-04-23 05:22:26,272 - INFO - Monitoring 7 active orders...
2025-04-23 05:22:56,439 - INFO - Monitoring 7 active orders...
2025-04-23 05:23:26,587 - INFO - Monitoring 7 active orders...
2025-04-23 05:23:56,756 - INFO - Monitoring 7 active orders...
2025-04-23 05:24:26,932 - INFO - Monitoring 7 active orders...
2025-04-23 05:24:57,086 - INFO - Monitoring 7 active orders...
2025-04-23 05:25:27,248 - INFO - Monitoring 7 active orders...
2025-04-23 05:25:57,408 - INFO - Monitoring 7 active orders...
2025-04-23 05:26:27,569 - INFO - Monitoring 7 active orders...
2025-04-23 05:26:57,734 - INFO - Monitoring 7 active orders...
2025-04-23 05:27:27,902 - INFO - Monitoring 7 active orders...
2025-04-23 05:27:58,065 - INFO - Monitoring 7 active orders...
2025-04-23 05:28:28,228 - INFO - Monitoring 7 active orders...
2025-04-23 05:28:58,394 - INFO - Monitoring 7 active orders...
2025-04-23 05:29:28,561 - INFO - Monitoring 7 active orders...
2025-04-23 05:29:58,745 - INFO - Monitoring 7 active orders...
2025-04-23 05:30:28,916 - INFO - Monitoring 7 active orders...
2025-04-23 05:30:31,132 - INFO - Monitoring stopped by user.
2025-04-23 05:30:31,135 - INFO - Current positions:
2025-04-23 05:30:31,287 - INFO - {'status': 'success', 'remarks': '', 'data': [{'dhanClientId': '1106497024', 'tradingSymbol': 'CANBK', 'securityId': '10794', 'positionType': 'CLOSED', 'exchangeSegment': 'NSE_EQ', 'productType': 'INTRADAY', 'buyAvg': 99.84, 'costPrice': 99.91, 'buyQty': 300, 'sellAvg': 99.91, 'sellQty': 300, 'netQty': 0, 'realizedProfit': 21.0, 'unrealizedProfit': 0.0, 'rbiReferenceRate': 1.0, 'multiplier': 1, 'carryForwardBuyQty': 0, 'carryForwardSellQty': 0, 'carryForwardBuyValue': 0.0, 'carryForwardSellValue': 0.0, 'dayBuyQty': 300, 'daySellQty': 300, 'dayBuyValue': 29952.0, 'daySellValue': 29973.0, 'drvExpiryDate': '0001-01-01', 'drvOptionType': 'NA', 'drvStrikePrice': 0.0, 'crossCurrency': False}, {'dhanClientId': '1106497024', 'tradingSymbol': 'WIPRO', 'securityId': '3787', 'positionType': 'CLOSED', 'exchangeSegment': 'NSE_EQ', 'productType': 'INTRADAY', 'buyAvg': 240.25, 'costPrice': 240.25, 'buyQty': 193, 'sellAvg': 240.25, 'sellQty': 193, 'netQty': 0, 'realizedProfit': 0.0, 'unrealizedProfit': 0.0, 'rbiReferenceRate': 1.0, 'multiplier': 1, 'carryForwardBuyQty': 0, 'carryForwardSellQty': 0, 'carryForwardBuyValue': 0.0, 'carryForwardSellValue': 0.0, 'dayBuyQty': 193, 'daySellQty': 193, 'dayBuyValue': 46368.25, 'daySellValue': 46368.25, 'drvExpiryDate': '0001-01-01', 'drvOptionType': 'NA', 'drvStrikePrice': 0.0, 'crossCurrency': False}]}
2025-04-23 05:31:22,311 - INFO - Configuration loaded successfully from trading_config.json
2025-04-23 05:31:22,311 - INFO - Security IDs loaded successfully from security_ids.json
2025-04-23 05:31:22,312 - INFO - Dhan API client initialized successfully
2025-04-23 05:31:22,312 - INFO - Starting intraday trading program
2025-04-23 05:31:22,312 - INFO - Skipping inactive ticker: NTPC.NS
2025-04-23 05:31:22,313 - INFO - Found security ID 3787 for WIPRO.NS from mapping file
2025-04-23 05:31:22,313 - INFO - Executing BUY order for WIPRO.NS
2025-04-23 05:31:22,313 - INFO - Setting BUY order for WIPRO.NS (ID: 3787)
2025-04-23 05:31:22,313 - INFO - Entry: 240
2025-04-23 05:31:22,315 - INFO - Stop Loss: 237.6 (1% below entry)
2025-04-23 05:31:22,315 - INFO - Target: 242.4 (1% above entry)
2025-04-23 05:31:22,786 - INFO - Order placed: {'status': 'success', 'remarks': '', 'data': {'orderId': '9125042312902', 'orderStatus': 'TRANSIT'}}
2025-04-23 05:31:22,802 - INFO - Skipping inactive ticker: SUNTV.NS
2025-04-23 05:31:22,803 - INFO - Skipping inactive ticker: CANBK.NS
2025-04-23 05:31:22,803 - INFO - Monitoring active orders...
2025-04-23 05:31:22,833 - INFO - Monitoring 8 active orders...
2025-04-23 05:31:52,984 - INFO - Monitoring 8 active orders...
2025-04-23 05:32:23,158 - INFO - Monitoring 8 active orders...
2025-04-23 05:32:53,312 - INFO - Monitoring 8 active orders...
2025-04-23 05:33:23,476 - INFO - Monitoring 8 active orders...
2025-04-23 05:33:53,635 - INFO - Monitoring 8 active orders...
2025-04-23 05:34:23,803 - INFO - Monitoring 8 active orders...
2025-04-23 05:34:53,973 - INFO - Monitoring 8 active orders...
2025-04-23 05:35:18,209 - INFO - Monitoring stopped by user.
2025-04-23 05:35:18,210 - INFO - Current positions:
2025-04-23 05:35:18,360 - INFO - {'status': 'success', 'remarks': '', 'data': [{'dhanClientId': '1106497024', 'tradingSymbol': 'CANBK', 'securityId': '10794', 'positionType': 'CLOSED', 'exchangeSegment': 'NSE_EQ', 'productType': 'INTRADAY', 'buyAvg': 99.84, 'costPrice': 99.91, 'buyQty': 300, 'sellAvg': 99.91, 'sellQty': 300, 'netQty': 0, 'realizedProfit': 21.0, 'unrealizedProfit': 0.0, 'rbiReferenceRate': 1.0, 'multiplier': 1, 'carryForwardBuyQty': 0, 'carryForwardSellQty': 0, 'carryForwardBuyValue': 0.0, 'carryForwardSellValue': 0.0, 'dayBuyQty': 300, 'daySellQty': 300, 'dayBuyValue': 29952.0, 'daySellValue': 29973.0, 'drvExpiryDate': '0001-01-01', 'drvOptionType': 'NA', 'drvStrikePrice': 0.0, 'crossCurrency': False}, {'dhanClientId': '1106497024', 'tradingSymbol': 'WIPRO', 'securityId': '3787', 'positionType': 'CLOSED', 'exchangeSegment': 'NSE_EQ', 'productType': 'INTRADAY', 'buyAvg': 240.25, 'costPrice': 240.25, 'buyQty': 193, 'sellAvg': 240.25, 'sellQty': 193, 'netQty': 0, 'realizedProfit': 0.0, 'unrealizedProfit': 0.0, 'rbiReferenceRate': 1.0, 'multiplier': 1, 'carryForwardBuyQty': 0, 'carryForwardSellQty': 0, 'carryForwardBuyValue': 0.0, 'carryForwardSellValue': 0.0, 'dayBuyQty': 193, 'daySellQty': 193, 'dayBuyValue': 46368.25, 'daySellValue': 46368.25, 'drvExpiryDate': '0001-01-01', 'drvOptionType': 'NA', 'drvStrikePrice': 0.0, 'crossCurrency': False}]}
2025-04-23 05:36:58,165 - INFO - Configuration loaded successfully from trading_config.json
2025-04-23 05:36:58,168 - INFO - Security IDs loaded successfully from security_ids.json
2025-04-23 05:36:58,168 - INFO - Dhan API client initialized successfully
2025-04-23 05:36:58,169 - INFO - Starting intraday trading program
2025-04-23 05:36:58,169 - INFO - Skipping inactive ticker: NTPC.NS
2025-04-23 05:36:58,169 - INFO - Skipping inactive ticker: WIPRO.NS
2025-04-23 05:36:58,170 - INFO - Skipping inactive ticker: SUNTV.NS
2025-04-23 05:36:58,170 - INFO - Found security ID 10794 for CANBK.NS from mapping file
2025-04-23 05:36:58,170 - INFO - Executing SELL order for CANBK.NS
2025-04-23 05:36:58,170 - INFO - Setting SELL order for CANBK.NS (ID: 10794)
2025-04-23 05:36:58,171 - INFO - Entry: 99.2
2025-04-23 05:36:58,171 - INFO - Stop Loss: 101.18 (2.0% above entry)
2025-04-23 05:36:58,171 - INFO - Target: 97.71 (1.5% below entry)
2025-04-23 05:36:58,640 - INFO - Order placed: {'status': 'success', 'remarks': '', 'data': {'orderId': '3125042313992', 'orderStatus': 'TRANSIT'}}
2025-04-23 05:36:58,671 - INFO - Monitoring active orders...
2025-04-23 05:36:58,699 - INFO - Monitoring 9 active orders...
2025-04-23 05:37:28,857 - INFO - Monitoring 9 active orders...
2025-04-23 05:37:59,007 - INFO - Monitoring 9 active orders...
2025-04-23 05:38:29,159 - INFO - Monitoring 9 active orders...
2025-04-23 05:38:59,314 - INFO - Monitoring 9 active orders...
2025-04-23 05:39:02,768 - INFO - Monitoring stopped by user.
2025-04-23 05:39:02,769 - INFO - Current positions:
2025-04-23 05:39:02,920 - INFO - {'status': 'success', 'remarks': '', 'data': [{'dhanClientId': '1106497024', 'tradingSymbol': 'CANBK', 'securityId': '10794', 'positionType': 'CLOSED', 'exchangeSegment': 'NSE_EQ', 'productType': 'INTRADAY', 'buyAvg': 99.84, 'costPrice': 99.91, 'buyQty': 300, 'sellAvg': 99.91, 'sellQty': 300, 'netQty': 0, 'realizedProfit': 21.0, 'unrealizedProfit': 0.0, 'rbiReferenceRate': 1.0, 'multiplier': 1, 'carryForwardBuyQty': 0, 'carryForwardSellQty': 0, 'carryForwardBuyValue': 0.0, 'carryForwardSellValue': 0.0, 'dayBuyQty': 300, 'daySellQty': 300, 'dayBuyValue': 29952.0, 'daySellValue': 29973.0, 'drvExpiryDate': '0001-01-01', 'drvOptionType': 'NA', 'drvStrikePrice': 0.0, 'crossCurrency': False}, {'dhanClientId': '1106497024', 'tradingSymbol': 'WIPRO', 'securityId': '3787', 'positionType': 'CLOSED', 'exchangeSegment': 'NSE_EQ', 'productType': 'INTRADAY', 'buyAvg': 240.25, 'costPrice': 240.25, 'buyQty': 193, 'sellAvg': 240.25, 'sellQty': 193, 'netQty': 0, 'realizedProfit': 0.0, 'unrealizedProfit': 0.0, 'rbiReferenceRate': 1.0, 'multiplier': 1, 'carryForwardBuyQty': 0, 'carryForwardSellQty': 0, 'carryForwardBuyValue': 0.0, 'carryForwardSellValue': 0.0, 'dayBuyQty': 193, 'daySellQty': 193, 'dayBuyValue': 46368.25, 'daySellValue': 46368.25, 'drvExpiryDate': '0001-01-01', 'drvOptionType': 'NA', 'drvStrikePrice': 0.0, 'crossCurrency': False}]}
2025-04-23 05:39:30,487 - INFO - Configuration loaded successfully from trading_config.json
2025-04-23 05:39:30,488 - INFO - Security IDs loaded successfully from security_ids.json
2025-04-23 05:39:30,489 - INFO - Dhan API client initialized successfully
2025-04-23 05:39:30,489 - INFO - Starting intraday trading program
2025-04-23 05:39:30,489 - INFO - Skipping inactive ticker: NTPC.NS
2025-04-23 05:39:30,489 - INFO - Skipping inactive ticker: WIPRO.NS
2025-04-23 05:39:30,490 - INFO - Skipping inactive ticker: SUNTV.NS
2025-04-23 05:39:30,490 - INFO - Found security ID 10794 for CANBK.NS from mapping file
2025-04-23 05:39:30,491 - INFO - Executing SELL order for CANBK.NS
2025-04-23 05:39:30,492 - INFO - Setting SELL order for CANBK.NS (ID: 10794)
2025-04-23 05:39:30,492 - INFO - Entry: 99.1
2025-04-23 05:39:30,493 - INFO - Stop Loss: 101.08 (2.0% above entry)
2025-04-23 05:39:30,494 - INFO - Target: 97.61 (1.5% below entry)
2025-04-23 05:39:30,955 - INFO - Order placed: {'status': 'success', 'remarks': '', 'data': {'orderId': '2125042319112', 'orderStatus': 'TRANSIT'}}
2025-04-23 05:39:30,962 - INFO - Monitoring active orders...
2025-04-23 05:39:30,980 - INFO - Monitoring 10 active orders...
2025-04-23 05:40:01,141 - INFO - Monitoring 10 active orders...
2025-04-23 05:40:05,776 - INFO - Monitoring stopped by user.
2025-04-23 05:40:05,776 - INFO - Current positions:
2025-04-23 05:40:05,924 - INFO - {'status': 'success', 'remarks': '', 'data': [{'dhanClientId': '1106497024', 'tradingSymbol': 'CANBK', 'securityId': '10794', 'positionType': 'CLOSED', 'exchangeSegment': 'NSE_EQ', 'productType': 'INTRADAY', 'buyAvg': 99.84, 'costPrice': 99.91, 'buyQty': 300, 'sellAvg': 99.91, 'sellQty': 300, 'netQty': 0, 'realizedProfit': 21.0, 'unrealizedProfit': 0.0, 'rbiReferenceRate': 1.0, 'multiplier': 1, 'carryForwardBuyQty': 0, 'carryForwardSellQty': 0, 'carryForwardBuyValue': 0.0, 'carryForwardSellValue': 0.0, 'dayBuyQty': 300, 'daySellQty': 300, 'dayBuyValue': 29952.0, 'daySellValue': 29973.0, 'drvExpiryDate': '0001-01-01', 'drvOptionType': 'NA', 'drvStrikePrice': 0.0, 'crossCurrency': False}, {'dhanClientId': '1106497024', 'tradingSymbol': 'WIPRO', 'securityId': '3787', 'positionType': 'CLOSED', 'exchangeSegment': 'NSE_EQ', 'productType': 'INTRADAY', 'buyAvg': 240.25, 'costPrice': 240.25, 'buyQty': 193, 'sellAvg': 240.25, 'sellQty': 193, 'netQty': 0, 'realizedProfit': 0.0, 'unrealizedProfit': 0.0, 'rbiReferenceRate': 1.0, 'multiplier': 1, 'carryForwardBuyQty': 0, 'carryForwardSellQty': 0, 'carryForwardBuyValue': 0.0, 'carryForwardSellValue': 0.0, 'dayBuyQty': 193, 'daySellQty': 193, 'dayBuyValue': 46368.25, 'daySellValue': 46368.25, 'drvExpiryDate': '0001-01-01', 'drvOptionType': 'NA', 'drvStrikePrice': 0.0, 'crossCurrency': False}]}
2025-04-23 05:40:21,705 - INFO - Configuration loaded successfully from trading_config.json
2025-04-23 05:40:21,706 - INFO - Security IDs loaded successfully from security_ids.json
2025-04-23 05:40:21,706 - INFO - Dhan API client initialized successfully
2025-04-23 05:40:21,706 - INFO - Starting intraday trading program
2025-04-23 05:40:21,707 - INFO - Skipping inactive ticker: NTPC.NS
2025-04-23 05:40:21,707 - INFO - Skipping inactive ticker: WIPRO.NS
2025-04-23 05:40:21,707 - INFO - Skipping inactive ticker: SUNTV.NS
2025-04-23 05:40:21,707 - INFO - Found security ID 10794 for CANBK.NS from mapping file
2025-04-23 05:40:21,707 - INFO - Executing SELL order for CANBK.NS
2025-04-23 05:40:21,708 - INFO - Setting SELL order for CANBK.NS (ID: 10794)
2025-04-23 05:40:21,708 - INFO - Entry: 99
2025-04-23 05:40:21,708 - INFO - Stop Loss: 100.98 (2.0% above entry)
2025-04-23 05:40:21,709 - INFO - Target: 97.52 (1.5% below entry)
2025-04-23 05:40:22,151 - INFO - Order placed: {'status': 'success', 'remarks': '', 'data': {'orderId': '5125042318712', 'orderStatus': 'TRANSIT'}}
2025-04-23 05:40:22,159 - INFO - Monitoring active orders...
2025-04-23 05:40:22,181 - INFO - Monitoring 11 active orders...
2025-04-23 05:40:52,335 - INFO - Monitoring 11 active orders...
2025-04-23 05:41:22,484 - INFO - Monitoring 11 active orders...
2025-04-23 05:41:39,816 - INFO - Monitoring stopped by user.
2025-04-23 05:41:39,816 - INFO - Current positions:
2025-04-23 05:41:39,965 - INFO - {'status': 'success', 'remarks': '', 'data': [{'dhanClientId': '1106497024', 'tradingSymbol': 'CANBK', 'securityId': '10794', 'positionType': 'CLOSED', 'exchangeSegment': 'NSE_EQ', 'productType': 'INTRADAY', 'buyAvg': 99.84, 'costPrice': 99.91, 'buyQty': 300, 'sellAvg': 99.91, 'sellQty': 300, 'netQty': 0, 'realizedProfit': 21.0, 'unrealizedProfit': 0.0, 'rbiReferenceRate': 1.0, 'multiplier': 1, 'carryForwardBuyQty': 0, 'carryForwardSellQty': 0, 'carryForwardBuyValue': 0.0, 'carryForwardSellValue': 0.0, 'dayBuyQty': 300, 'daySellQty': 300, 'dayBuyValue': 29952.0, 'daySellValue': 29973.0, 'drvExpiryDate': '0001-01-01', 'drvOptionType': 'NA', 'drvStrikePrice': 0.0, 'crossCurrency': False}, {'dhanClientId': '1106497024', 'tradingSymbol': 'WIPRO', 'securityId': '3787', 'positionType': 'CLOSED', 'exchangeSegment': 'NSE_EQ', 'productType': 'INTRADAY', 'buyAvg': 240.25, 'costPrice': 240.25, 'buyQty': 193, 'sellAvg': 240.25, 'sellQty': 193, 'netQty': 0, 'realizedProfit': 0.0, 'unrealizedProfit': 0.0, 'rbiReferenceRate': 1.0, 'multiplier': 1, 'carryForwardBuyQty': 0, 'carryForwardSellQty': 0, 'carryForwardBuyValue': 0.0, 'carryForwardSellValue': 0.0, 'dayBuyQty': 193, 'daySellQty': 193, 'dayBuyValue': 46368.25, 'daySellValue': 46368.25, 'drvExpiryDate': '0001-01-01', 'drvOptionType': 'NA', 'drvStrikePrice': 0.0, 'crossCurrency': False}]}
2025-04-23 05:46:15,261 - INFO - Configuration loaded successfully from trading_config.json
2025-04-23 05:46:15,262 - INFO - Security IDs loaded successfully from security_ids.json
2025-04-23 05:46:15,262 - INFO - Dhan API client initialized successfully
2025-04-23 05:46:15,262 - INFO - Starting intraday trading program
2025-04-23 05:46:15,263 - INFO - Skipping inactive ticker: NTPC.NS
2025-04-23 05:46:15,263 - INFO - Skipping inactive ticker: WIPRO.NS
2025-04-23 05:46:15,263 - INFO - Skipping inactive ticker: SUNTV.NS
2025-04-23 05:46:15,263 - INFO - Found security ID 10666 for PNB.NS from mapping file
2025-04-23 05:46:15,264 - INFO - Executing SELL order for PNB.NS
2025-04-23 05:46:15,264 - INFO - Setting SELL order for PNB.NS (ID: 10666)
2025-04-23 05:46:15,264 - INFO - Entry: 102.6
2025-04-23 05:46:15,264 - INFO - Stop Loss: 104.65 (2.0% above entry)
2025-04-23 05:46:15,265 - INFO - Target: 101.06 (1.5% below entry)
2025-04-23 05:46:15,746 - INFO - Order placed: {'status': 'success', 'remarks': '', 'data': {'orderId': '6125042320922', 'orderStatus': 'TRANSIT'}}
2025-04-23 05:46:15,758 - INFO - Monitoring active orders...
2025-04-23 05:46:15,781 - INFO - Monitoring 12 active orders...
2025-04-23 05:46:45,938 - INFO - Monitoring 12 active orders...
2025-04-23 05:47:16,095 - INFO - Monitoring 12 active orders...
2025-04-23 05:47:46,260 - INFO - Monitoring 12 active orders...
2025-04-23 05:48:16,424 - INFO - Monitoring 12 active orders...
2025-04-23 05:48:46,577 - INFO - Monitoring 12 active orders...
2025-04-23 05:49:16,732 - INFO - Monitoring 12 active orders...
2025-04-23 05:49:46,902 - INFO - Monitoring 12 active orders...
2025-04-23 06:21:13,709 - INFO - Monitoring stopped by user.
2025-04-23 06:21:13,735 - INFO - Current positions:
2025-04-23 06:21:13,767 - ERROR - Exception in dhanhq>>get_positions: ('Connection aborted.', ConnectionResetError(10054, 'An existing connection was forcibly closed by the remote host', None, 10054, None))
2025-04-23 06:21:13,799 - INFO - {'status': 'failure', 'remarks': "('Connection aborted.', ConnectionResetError(10054, 'An existing connection was forcibly closed by the remote host', None, 10054, None))", 'data': ''}
2025-04-23 07:01:38,595 - INFO - Configuration loaded successfully from trading_config.json
2025-04-23 07:01:38,597 - INFO - Security IDs loaded successfully from security_ids.json
2025-04-23 07:01:38,597 - INFO - Dhan API client initialized successfully
2025-04-23 07:01:38,597 - INFO - Starting Nifty-based dynamic trading program
2025-04-23 07:01:39,180 - WARNING - No Nifty data available, cannot determine trading action
2025-04-23 07:01:39,180 - INFO - Starting continuous monitoring...
2025-04-23 07:01:39,328 - INFO - Monitoring 12 active orders...
2025-04-23 07:02:09,623 - INFO - Monitoring 12 active orders...
2025-04-23 07:02:39,923 - INFO - Monitoring 12 active orders...
2025-04-23 07:03:10,229 - INFO - Monitoring 12 active orders...
2025-04-23 07:03:17,927 - INFO - Monitoring stopped by user.
2025-04-23 07:03:17,927 - INFO - Current positions:
2025-04-23 07:03:18,078 - INFO - {'status': 'success', 'remarks': '', 'data': [{'dhanClientId': '1106497024', 'tradingSymbol': 'CANBK', 'securityId': '10794', 'positionType': 'CLOSED', 'exchangeSegment': 'NSE_EQ', 'productType': 'INTRADAY', 'buyAvg': 99.84, 'costPrice': 99.91, 'buyQty': 300, 'sellAvg': 99.91, 'sellQty': 300, 'netQty': 0, 'realizedProfit': 21.0, 'unrealizedProfit': 0.0, 'rbiReferenceRate': 1.0, 'multiplier': 1, 'carryForwardBuyQty': 0, 'carryForwardSellQty': 0, 'carryForwardBuyValue': 0.0, 'carryForwardSellValue': 0.0, 'dayBuyQty': 300, 'daySellQty': 300, 'dayBuyValue': 29952.0, 'daySellValue': 29973.0, 'drvExpiryDate': '0001-01-01', 'drvOptionType': 'NA', 'drvStrikePrice': 0.0, 'crossCurrency': False}, {'dhanClientId': '1106497024', 'tradingSymbol': 'WIPRO', 'securityId': '3787', 'positionType': 'CLOSED', 'exchangeSegment': 'NSE_EQ', 'productType': 'INTRADAY', 'buyAvg': 240.25, 'costPrice': 240.25, 'buyQty': 193, 'sellAvg': 240.25, 'sellQty': 193, 'netQty': 0, 'realizedProfit': 0.0, 'unrealizedProfit': 0.0, 'rbiReferenceRate': 1.0, 'multiplier': 1, 'carryForwardBuyQty': 0, 'carryForwardSellQty': 0, 'carryForwardBuyValue': 0.0, 'carryForwardSellValue': 0.0, 'dayBuyQty': 193, 'daySellQty': 193, 'dayBuyValue': 46368.25, 'daySellValue': 46368.25, 'drvExpiryDate': '0001-01-01', 'drvOptionType': 'NA', 'drvStrikePrice': 0.0, 'crossCurrency': False}, {'dhanClientId': '1106497024', 'tradingSymbol': 'PNB', 'securityId': '10666', 'positionType': 'CLOSED', 'exchangeSegment': 'NSE_EQ', 'productType': 'INTRADAY', 'buyAvg': 101.85, 'costPrice': 102.6, 'buyQty': 300, 'sellAvg': 102.6, 'sellQty': 300, 'netQty': 0, 'realizedProfit': 225.0, 'unrealizedProfit': 0.0, 'rbiReferenceRate': 1.0, 'multiplier': 1, 'carryForwardBuyQty': 0, 'carryForwardSellQty': 0, 'carryForwardBuyValue': 0.0, 'carryForwardSellValue': 0.0, 'dayBuyQty': 300, 'daySellQty': 300, 'dayBuyValue': 30555.0, 'daySellValue': 30780.0, 'drvExpiryDate': '0001-01-01', 'drvOptionType': 'NA', 'drvStrikePrice': 0.0, 'crossCurrency': False}, {'dhanClientId': '1106497024', 'tradingSymbol': 'SBIN', 'securityId': '3045', 'positionType': 'CLOSED', 'exchangeSegment': 'NSE_EQ', 'productType': 'INTRADAY', 'buyAvg': 818.1, 'costPrice': 815.9, 'buyQty': 19, 'sellAvg': 815.9, 'sellQty': 19, 'netQty': 0, 'realizedProfit': -41.8, 'unrealizedProfit': 0.0, 'rbiReferenceRate': 1.0, 'multiplier': 1, 'carryForwardBuyQty': 0, 'carryForwardSellQty': 0, 'carryForwardBuyValue': 0.0, 'carryForwardSellValue': 0.0, 'dayBuyQty': 19, 'daySellQty': 19, 'dayBuyValue': 15543.9, 'daySellValue': 15502.1, 'drvExpiryDate': '0001-01-01', 'drvOptionType': 'NA', 'drvStrikePrice': 0.0, 'crossCurrency': False}]}
2025-04-23 07:04:43,014 - INFO - Configuration loaded successfully from trading_config.json
2025-04-23 07:04:43,014 - INFO - Security IDs loaded successfully from security_ids.json
2025-04-23 07:04:43,015 - INFO - Dhan API client initialized successfully
2025-04-23 07:04:43,015 - INFO - Starting Nifty-based dynamic trading program
2025-04-23 07:04:43,482 - WARNING - No Nifty data available, cannot determine trading action
2025-04-23 07:04:43,482 - INFO - Starting continuous monitoring...
2025-04-23 07:04:43,624 - INFO - Monitoring 12 active orders...
2025-04-23 07:04:53,755 - INFO - Monitoring stopped by user.
2025-04-23 07:04:53,757 - INFO - Current positions:
2025-04-23 07:04:53,917 - INFO - {'status': 'success', 'remarks': '', 'data': [{'dhanClientId': '1106497024', 'tradingSymbol': 'CANBK', 'securityId': '10794', 'positionType': 'CLOSED', 'exchangeSegment': 'NSE_EQ', 'productType': 'INTRADAY', 'buyAvg': 99.84, 'costPrice': 99.91, 'buyQty': 300, 'sellAvg': 99.91, 'sellQty': 300, 'netQty': 0, 'realizedProfit': 21.0, 'unrealizedProfit': 0.0, 'rbiReferenceRate': 1.0, 'multiplier': 1, 'carryForwardBuyQty': 0, 'carryForwardSellQty': 0, 'carryForwardBuyValue': 0.0, 'carryForwardSellValue': 0.0, 'dayBuyQty': 300, 'daySellQty': 300, 'dayBuyValue': 29952.0, 'daySellValue': 29973.0, 'drvExpiryDate': '0001-01-01', 'drvOptionType': 'NA', 'drvStrikePrice': 0.0, 'crossCurrency': False}, {'dhanClientId': '1106497024', 'tradingSymbol': 'WIPRO', 'securityId': '3787', 'positionType': 'CLOSED', 'exchangeSegment': 'NSE_EQ', 'productType': 'INTRADAY', 'buyAvg': 240.25, 'costPrice': 240.25, 'buyQty': 193, 'sellAvg': 240.25, 'sellQty': 193, 'netQty': 0, 'realizedProfit': 0.0, 'unrealizedProfit': 0.0, 'rbiReferenceRate': 1.0, 'multiplier': 1, 'carryForwardBuyQty': 0, 'carryForwardSellQty': 0, 'carryForwardBuyValue': 0.0, 'carryForwardSellValue': 0.0, 'dayBuyQty': 193, 'daySellQty': 193, 'dayBuyValue': 46368.25, 'daySellValue': 46368.25, 'drvExpiryDate': '0001-01-01', 'drvOptionType': 'NA', 'drvStrikePrice': 0.0, 'crossCurrency': False}, {'dhanClientId': '1106497024', 'tradingSymbol': 'PNB', 'securityId': '10666', 'positionType': 'CLOSED', 'exchangeSegment': 'NSE_EQ', 'productType': 'INTRADAY', 'buyAvg': 101.85, 'costPrice': 102.6, 'buyQty': 300, 'sellAvg': 102.6, 'sellQty': 300, 'netQty': 0, 'realizedProfit': 225.0, 'unrealizedProfit': 0.0, 'rbiReferenceRate': 1.0, 'multiplier': 1, 'carryForwardBuyQty': 0, 'carryForwardSellQty': 0, 'carryForwardBuyValue': 0.0, 'carryForwardSellValue': 0.0, 'dayBuyQty': 300, 'daySellQty': 300, 'dayBuyValue': 30555.0, 'daySellValue': 30780.0, 'drvExpiryDate': '0001-01-01', 'drvOptionType': 'NA', 'drvStrikePrice': 0.0, 'crossCurrency': False}, {'dhanClientId': '1106497024', 'tradingSymbol': 'SBIN', 'securityId': '3045', 'positionType': 'CLOSED', 'exchangeSegment': 'NSE_EQ', 'productType': 'INTRADAY', 'buyAvg': 818.1, 'costPrice': 815.9, 'buyQty': 19, 'sellAvg': 815.9, 'sellQty': 19, 'netQty': 0, 'realizedProfit': -41.8, 'unrealizedProfit': 0.0, 'rbiReferenceRate': 1.0, 'multiplier': 1, 'carryForwardBuyQty': 0, 'carryForwardSellQty': 0, 'carryForwardBuyValue': 0.0, 'carryForwardSellValue': 0.0, 'dayBuyQty': 19, 'daySellQty': 19, 'dayBuyValue': 15543.9, 'daySellValue': 15502.1, 'drvExpiryDate': '0001-01-01', 'drvOptionType': 'NA', 'drvStrikePrice': 0.0, 'crossCurrency': False}]}
2025-04-23 07:14:02,803 - INFO - Configuration loaded successfully from trading_config.json
2025-04-23 07:14:02,804 - INFO - Security IDs loaded successfully from security_ids.json
2025-04-23 07:14:02,805 - INFO - Dhan API client initialized successfully
2025-04-23 07:14:02,805 - INFO - Starting Nifty-based dynamic trading program
2025-04-23 07:14:02,805 - ERROR - Error connecting to WebSocket: module 'websocket' has no attribute 'WebSocketApp'
2025-04-23 07:14:02,806 - WARNING - WebSocket data not available, falling back to REST API
2025-04-23 07:14:02,806 - INFO - Attempting to fetch Nifty data via REST API
2025-04-23 07:14:02,806 - INFO - REST API request: securities={'NSE_IDX': ['1333']}
2025-04-23 07:14:03,248 - INFO - REST API raw response: {'status': 'failure', 'remarks': {'error_code': None, 'error_type': None, 'error_message': None}, 'data': {'data': {'806': 'Data APIs not Subscribed'}, 'status': 'failed'}}
2025-04-23 07:14:03,249 - WARNING - Incomplete Nifty data: current_price=None, prev_close=None
2025-04-23 07:14:03,250 - ERROR - Failed to get Nifty data from both WebSocket and REST API. Cannot continue.
2025-04-23 07:16:10,166 - INFO - Configuration loaded successfully from trading_config.json
2025-04-23 07:16:10,167 - INFO - Security IDs loaded successfully from security_ids.json
2025-04-23 07:16:10,168 - INFO - Dhan API client initialized successfully
2025-04-23 07:16:10,168 - INFO - Starting Nifty-based dynamic trading program
2025-04-23 07:16:10,169 - INFO - WebSocket connection thread started
2025-04-23 07:16:10,716 - INFO - Websocket connected
2025-04-23 07:16:10,717 - INFO - WebSocket connection established
2025-04-23 07:16:10,719 - INFO - Subscribed to Nifty 50 (ID: 1333)
2025-04-23 07:16:10,723 - ERROR - WebSocket error: Connection to remote host was lost.
2025-04-23 07:16:10,725 - ERROR - Connection to remote host was lost. - goodbye
2025-04-23 07:16:10,729 - WARNING - WebSocket closed: None - None
2025-04-23 07:16:40,383 - WARNING - Timeout waiting for initial Nifty data (waited 30 seconds)
2025-04-23 07:16:40,384 - WARNING - WebSocket data not available, falling back to REST API
2025-04-23 07:16:40,385 - INFO - Attempting to fetch Nifty data via REST API
2025-04-23 07:16:40,386 - INFO - REST API request: securities={'NSE_IDX': ['1333']}
2025-04-23 07:16:40,845 - INFO - REST API raw response: {'status': 'failure', 'remarks': {'error_code': None, 'error_type': None, 'error_message': None}, 'data': {'data': {'806': 'Data APIs not Subscribed'}, 'status': 'failed'}}
2025-04-23 07:16:40,846 - WARNING - Incomplete Nifty data: current_price=None, prev_close=None
2025-04-23 07:16:40,846 - ERROR - Failed to get Nifty data from both WebSocket and REST API. Cannot continue.
2025-04-23 07:19:47,389 - INFO - Configuration loaded successfully from trading_config.json
2025-04-23 07:19:47,390 - INFO - Security IDs loaded successfully from security_ids.json
2025-04-23 07:19:47,390 - INFO - Dhan API client initialized successfully
2025-04-23 07:19:47,391 - INFO - Starting Nifty-based dynamic trading program
2025-04-23 07:19:47,391 - INFO - Fetching Nifty data from Yahoo Finance
2025-04-23 07:19:47,525 - INFO - Nifty 50 (Yahoo): 24249.90, Prev Close: 24167.25, Change: 82.65 pts (0.34%)
2025-04-23 07:19:47,531 - INFO - Current Nifty state: {'current_price': 24249.900390625, 'prev_close': 24167.25, 'change_points': 82.650390625, 'change_percent': 0.3419933613671394, 'is_positive': True, 'timestamp': '2025-04-23T07:19:47.525015'}
2025-04-23 07:19:47,532 - INFO - Nifty up by 82.65 points, signaling to close sell positions
2025-04-23 07:19:47,532 - INFO - Closing 5 SELL positions due to Nifty movement
2025-04-23 07:19:47,533 - INFO - Closing SELL position for CANBK due to Nifty movement
2025-04-23 07:19:47,985 - INFO - Exited position for CANBK - Reason: NIFTY_MOVEMENT
2025-04-23 07:19:47,985 - INFO - Exit order details: {'status': 'success', 'remarks': '', 'data': {'orderId': '9125042325492', 'orderStatus': 'TRANSIT'}}
2025-04-23 07:19:48,036 - INFO - Closing SELL position for CANBK due to Nifty movement
2025-04-23 07:19:48,202 - INFO - Exited position for CANBK - Reason: NIFTY_MOVEMENT
2025-04-23 07:19:48,204 - INFO - Exit order details: {'status': 'success', 'remarks': '', 'data': {'orderId': '5125042331382', 'orderStatus': 'TRANSIT'}}
2025-04-23 07:19:48,242 - INFO - Closing SELL position for CANBK due to Nifty movement
2025-04-23 07:19:48,408 - INFO - Exited position for CANBK - Reason: NIFTY_MOVEMENT
2025-04-23 07:19:48,408 - INFO - Exit order details: {'status': 'success', 'remarks': '', 'data': {'orderId': '6125042332742', 'orderStatus': 'TRANSIT'}}
2025-04-23 07:19:48,434 - INFO - Closing SELL position for CANBK due to Nifty movement
2025-04-23 07:19:48,602 - INFO - Exited position for CANBK - Reason: NIFTY_MOVEMENT
2025-04-23 07:19:48,603 - INFO - Exit order details: {'status': 'success', 'remarks': '', 'data': {'orderId': '112504238432', 'orderStatus': 'TRANSIT'}}
2025-04-23 07:19:48,636 - INFO - Closing SELL position for PNB due to Nifty movement
2025-04-23 07:19:48,808 - INFO - Exited position for PNB - Reason: NIFTY_MOVEMENT
2025-04-23 07:19:48,831 - INFO - Exit order details: {'status': 'success', 'remarks': '', 'data': {'orderId': '2125042331672', 'orderStatus': 'TRANSIT'}}
2025-04-23 07:19:48,871 - INFO - Starting continuous monitoring...
2025-04-23 07:19:48,928 - INFO - Fetching Nifty data from Yahoo Finance
2025-04-23 07:19:49,085 - INFO - Nifty 50 (Yahoo): 24249.70, Prev Close: 24167.25, Change: 82.45 pts (0.34%)
2025-04-23 07:19:49,086 - INFO - Monitoring 7 active orders...
2025-04-23 07:20:19,253 - INFO - Fetching Nifty data from Yahoo Finance
2025-04-23 07:20:19,395 - INFO - Nifty 50 (Yahoo): 24240.60, Prev Close: 24167.25, Change: 73.35 pts (0.30%)
2025-04-23 07:20:19,396 - INFO - Nifty moved -9.10 points since last check
2025-04-23 07:20:19,396 - INFO - Monitoring 7 active orders...
2025-04-23 07:20:49,554 - INFO - Fetching Nifty data from Yahoo Finance
2025-04-23 07:20:49,687 - INFO - Nifty 50 (Yahoo): 24233.65, Prev Close: 24167.25, Change: 66.40 pts (0.27%)
2025-04-23 07:20:49,688 - INFO - Nifty moved -6.95 points since last check
2025-04-23 07:20:49,688 - INFO - Monitoring 7 active orders...
2025-04-23 07:21:19,841 - INFO - Fetching Nifty data from Yahoo Finance
2025-04-23 07:21:19,987 - INFO - Nifty 50 (Yahoo): 24231.35, Prev Close: 24167.25, Change: 64.10 pts (0.27%)
2025-04-23 07:21:19,987 - INFO - Monitoring 7 active orders...
2025-04-23 07:21:50,166 - INFO - Fetching Nifty data from Yahoo Finance
2025-04-23 07:21:50,296 - INFO - Nifty 50 (Yahoo): 24231.50, Prev Close: 24167.25, Change: 64.25 pts (0.27%)
2025-04-23 07:21:50,296 - INFO - Monitoring 7 active orders...
2025-04-23 07:22:20,462 - INFO - Fetching Nifty data from Yahoo Finance
2025-04-23 07:22:20,647 - INFO - Nifty 50 (Yahoo): 24224.50, Prev Close: 24167.25, Change: 57.25 pts (0.24%)
2025-04-23 07:22:20,648 - INFO - Nifty moved -7.00 points since last check
2025-04-23 07:22:20,648 - INFO - Monitoring 7 active orders...
2025-04-23 07:22:50,807 - INFO - Fetching Nifty data from Yahoo Finance
2025-04-23 07:22:50,958 - INFO - Nifty 50 (Yahoo): 24219.90, Prev Close: 24167.25, Change: 52.65 pts (0.22%)
2025-04-23 07:22:50,959 - INFO - Monitoring 7 active orders...
2025-04-23 07:23:21,119 - INFO - Fetching Nifty data from Yahoo Finance
2025-04-23 07:23:21,246 - INFO - Nifty 50 (Yahoo): 24215.50, Prev Close: 24167.25, Change: 48.25 pts (0.20%)
2025-04-23 07:23:21,246 - INFO - Monitoring 7 active orders...
2025-04-23 07:23:51,411 - INFO - Fetching Nifty data from Yahoo Finance
2025-04-23 07:23:51,553 - INFO - Nifty 50 (Yahoo): 24219.20, Prev Close: 24167.25, Change: 51.95 pts (0.21%)
2025-04-23 07:23:51,554 - INFO - Monitoring 7 active orders...
2025-04-23 07:24:21,727 - INFO - Fetching Nifty data from Yahoo Finance
2025-04-23 07:24:21,892 - INFO - Nifty 50 (Yahoo): 24225.10, Prev Close: 24167.25, Change: 57.85 pts (0.24%)
2025-04-23 07:24:21,892 - INFO - Nifty moved 5.90 points since last check
2025-04-23 07:24:21,892 - INFO - Monitoring 7 active orders...
2025-04-23 07:24:42,631 - INFO - Monitoring stopped by user.
2025-04-23 07:24:42,632 - INFO - Current positions:
2025-04-23 07:24:42,791 - INFO - {'status': 'success', 'remarks': '', 'data': [{'dhanClientId': '1106497024', 'tradingSymbol': 'CANBK', 'securityId': '10794', 'positionType': 'CLOSED', 'exchangeSegment': 'NSE_EQ', 'productType': 'INTRADAY', 'buyAvg': 99.39, 'costPrice': 99.39, 'buyQty': 600, 'sellAvg': 99.41, 'sellQty': 600, 'netQty': 0, 'realizedProfit': 12.0, 'unrealizedProfit': 0.0, 'rbiReferenceRate': 1.0, 'multiplier': 1, 'carryForwardBuyQty': 0, 'carryForwardSellQty': 0, 'carryForwardBuyValue': 0.0, 'carryForwardSellValue': 0.0, 'dayBuyQty': 600, 'daySellQty': 600, 'dayBuyValue': 59634.0, 'daySellValue': 59646.0, 'drvExpiryDate': '0001-01-01', 'drvOptionType': 'NA', 'drvStrikePrice': 0.0, 'crossCurrency': False}, {'dhanClientId': '1106497024', 'tradingSymbol': 'WIPRO', 'securityId': '3787', 'positionType': 'CLOSED', 'exchangeSegment': 'NSE_EQ', 'productType': 'INTRADAY', 'buyAvg': 240.25, 'costPrice': 240.25, 'buyQty': 193, 'sellAvg': 240.25, 'sellQty': 193, 'netQty': 0, 'realizedProfit': 0.0, 'unrealizedProfit': 0.0, 'rbiReferenceRate': 1.0, 'multiplier': 1, 'carryForwardBuyQty': 0, 'carryForwardSellQty': 0, 'carryForwardBuyValue': 0.0, 'carryForwardSellValue': 0.0, 'dayBuyQty': 193, 'daySellQty': 193, 'dayBuyValue': 46368.25, 'daySellValue': 46368.25, 'drvExpiryDate': '0001-01-01', 'drvOptionType': 'NA', 'drvStrikePrice': 0.0, 'crossCurrency': False}, {'dhanClientId': '1106497024', 'tradingSymbol': 'PNB', 'securityId': '10666', 'positionType': 'CLOSED', 'exchangeSegment': 'NSE_EQ', 'productType': 'INTRADAY', 'buyAvg': 101.85, 'costPrice': 102.6, 'buyQty': 300, 'sellAvg': 102.6, 'sellQty': 300, 'netQty': 0, 'realizedProfit': 225.0, 'unrealizedProfit': 0.0, 'rbiReferenceRate': 1.0, 'multiplier': 1, 'carryForwardBuyQty': 0, 'carryForwardSellQty': 0, 'carryForwardBuyValue': 0.0, 'carryForwardSellValue': 0.0, 'dayBuyQty': 300, 'daySellQty': 300, 'dayBuyValue': 30555.0, 'daySellValue': 30780.0, 'drvExpiryDate': '0001-01-01', 'drvOptionType': 'NA', 'drvStrikePrice': 0.0, 'crossCurrency': False}, {'dhanClientId': '1106497024', 'tradingSymbol': 'SBIN', 'securityId': '3045', 'positionType': 'CLOSED', 'exchangeSegment': 'NSE_EQ', 'productType': 'INTRADAY', 'buyAvg': 818.1, 'costPrice': 815.9, 'buyQty': 19, 'sellAvg': 815.9, 'sellQty': 19, 'netQty': 0, 'realizedProfit': -41.8, 'unrealizedProfit': 0.0, 'rbiReferenceRate': 1.0, 'multiplier': 1, 'carryForwardBuyQty': 0, 'carryForwardSellQty': 0, 'carryForwardBuyValue': 0.0, 'carryForwardSellValue': 0.0, 'dayBuyQty': 19, 'daySellQty': 19, 'dayBuyValue': 15543.9, 'daySellValue': 15502.1, 'drvExpiryDate': '0001-01-01', 'drvOptionType': 'NA', 'drvStrikePrice': 0.0, 'crossCurrency': False}]}
2025-04-23 07:27:32,590 - INFO - Configuration loaded successfully from trading_config.json
2025-04-23 07:27:32,591 - INFO - Security IDs loaded successfully from security_ids.json
2025-04-23 07:27:32,592 - INFO - Dhan API client initialized successfully
2025-04-23 07:27:32,592 - INFO - Starting Nifty-based dynamic trading program
2025-04-23 07:27:32,592 - INFO - Fetching Nifty data from Yahoo Finance
2025-04-23 07:27:32,728 - INFO - Nifty 50 (Yahoo): 24217.60, Prev Close: 24167.25, Change: 50.35 pts (0.21%)
2025-04-23 07:27:32,740 - INFO - Current Nifty state: {'current_price': 24217.599609375, 'prev_close': 24167.25, 'change_points': 50.349609375, 'change_percent': 0.20833818235421903, 'is_positive': True, 'timestamp': '2025-04-23T07:27:32.729561'}
2025-04-23 07:27:32,740 - INFO - Starting continuous monitoring...
2025-04-23 07:27:32,746 - INFO - Fetching Nifty data from Yahoo Finance
2025-04-23 07:27:32,848 - INFO - Nifty 50 (Yahoo): 24217.60, Prev Close: 24167.25, Change: 50.35 pts (0.21%)
2025-04-23 07:27:32,849 - INFO - Monitoring 7 active orders...
2025-04-23 07:28:03,301 - INFO - Fetching Nifty data from Yahoo Finance
2025-04-23 07:28:03,442 - INFO - Nifty 50 (Yahoo): 24214.35, Prev Close: 24167.25, Change: 47.10 pts (0.19%)
2025-04-23 07:28:03,442 - INFO - Monitoring 7 active orders...
2025-04-23 07:28:33,610 - INFO - Fetching Nifty data from Yahoo Finance
2025-04-23 07:28:33,772 - INFO - Nifty 50 (Yahoo): 24213.95, Prev Close: 24167.25, Change: 46.70 pts (0.19%)
2025-04-23 07:28:33,773 - INFO - Monitoring 7 active orders...
2025-04-23 07:29:03,937 - INFO - Fetching Nifty data from Yahoo Finance
2025-04-23 07:29:04,080 - INFO - Nifty 50 (Yahoo): 24212.50, Prev Close: 24167.25, Change: 45.25 pts (0.19%)
2025-04-23 07:29:04,080 - INFO - Monitoring 7 active orders...
2025-04-23 07:29:34,236 - INFO - Fetching Nifty data from Yahoo Finance
2025-04-23 07:29:34,449 - INFO - Nifty 50 (Yahoo): 24204.25, Prev Close: 24167.25, Change: 37.00 pts (0.15%)
2025-04-23 07:29:34,450 - INFO - Nifty moved -8.25 points since last check
2025-04-23 07:29:34,450 - INFO - Monitoring 7 active orders...
2025-04-23 07:30:04,616 - INFO - Fetching Nifty data from Yahoo Finance
2025-04-23 07:30:04,792 - INFO - Nifty 50 (Yahoo): 24206.65, Prev Close: 24167.25, Change: 39.40 pts (0.16%)
2025-04-23 07:30:04,792 - INFO - Monitoring 7 active orders...
2025-04-23 07:30:35,010 - INFO - Fetching Nifty data from Yahoo Finance
2025-04-23 07:30:35,151 - INFO - Nifty 50 (Yahoo): 24211.95, Prev Close: 24167.25, Change: 44.70 pts (0.18%)
2025-04-23 07:30:35,151 - INFO - Nifty moved 5.30 points since last check
2025-04-23 07:30:35,152 - INFO - Monitoring 7 active orders...
2025-04-23 07:31:05,312 - INFO - Fetching Nifty data from Yahoo Finance
2025-04-23 07:31:05,455 - INFO - Nifty 50 (Yahoo): 24211.95, Prev Close: 24167.25, Change: 44.70 pts (0.18%)
2025-04-23 07:31:05,455 - INFO - Monitoring 7 active orders...
2025-04-23 07:31:24,442 - INFO - Monitoring stopped by user.
2025-04-23 07:31:24,443 - INFO - Current positions:
2025-04-23 07:31:24,601 - INFO - {'status': 'success', 'remarks': '', 'data': [{'dhanClientId': '1106497024', 'tradingSymbol': 'CANBK', 'securityId': '10794', 'positionType': 'CLOSED', 'exchangeSegment': 'NSE_EQ', 'productType': 'INTRADAY', 'buyAvg': 99.39, 'costPrice': 99.39, 'buyQty': 600, 'sellAvg': 99.41, 'sellQty': 600, 'netQty': 0, 'realizedProfit': 12.0, 'unrealizedProfit': 0.0, 'rbiReferenceRate': 1.0, 'multiplier': 1, 'carryForwardBuyQty': 0, 'carryForwardSellQty': 0, 'carryForwardBuyValue': 0.0, 'carryForwardSellValue': 0.0, 'dayBuyQty': 600, 'daySellQty': 600, 'dayBuyValue': 59634.0, 'daySellValue': 59646.0, 'drvExpiryDate': '0001-01-01', 'drvOptionType': 'NA', 'drvStrikePrice': 0.0, 'crossCurrency': False}, {'dhanClientId': '1106497024', 'tradingSymbol': 'WIPRO', 'securityId': '3787', 'positionType': 'CLOSED', 'exchangeSegment': 'NSE_EQ', 'productType': 'INTRADAY', 'buyAvg': 240.25, 'costPrice': 240.25, 'buyQty': 193, 'sellAvg': 240.25, 'sellQty': 193, 'netQty': 0, 'realizedProfit': 0.0, 'unrealizedProfit': 0.0, 'rbiReferenceRate': 1.0, 'multiplier': 1, 'carryForwardBuyQty': 0, 'carryForwardSellQty': 0, 'carryForwardBuyValue': 0.0, 'carryForwardSellValue': 0.0, 'dayBuyQty': 193, 'daySellQty': 193, 'dayBuyValue': 46368.25, 'daySellValue': 46368.25, 'drvExpiryDate': '0001-01-01', 'drvOptionType': 'NA', 'drvStrikePrice': 0.0, 'crossCurrency': False}, {'dhanClientId': '1106497024', 'tradingSymbol': 'PNB', 'securityId': '10666', 'positionType': 'CLOSED', 'exchangeSegment': 'NSE_EQ', 'productType': 'INTRADAY', 'buyAvg': 101.85, 'costPrice': 102.6, 'buyQty': 300, 'sellAvg': 102.6, 'sellQty': 300, 'netQty': 0, 'realizedProfit': 225.0, 'unrealizedProfit': 0.0, 'rbiReferenceRate': 1.0, 'multiplier': 1, 'carryForwardBuyQty': 0, 'carryForwardSellQty': 0, 'carryForwardBuyValue': 0.0, 'carryForwardSellValue': 0.0, 'dayBuyQty': 300, 'daySellQty': 300, 'dayBuyValue': 30555.0, 'daySellValue': 30780.0, 'drvExpiryDate': '0001-01-01', 'drvOptionType': 'NA', 'drvStrikePrice': 0.0, 'crossCurrency': False}, {'dhanClientId': '1106497024', 'tradingSymbol': 'SBIN', 'securityId': '3045', 'positionType': 'CLOSED', 'exchangeSegment': 'NSE_EQ', 'productType': 'INTRADAY', 'buyAvg': 818.1, 'costPrice': 815.9, 'buyQty': 19, 'sellAvg': 815.9, 'sellQty': 19, 'netQty': 0, 'realizedProfit': -41.8, 'unrealizedProfit': 0.0, 'rbiReferenceRate': 1.0, 'multiplier': 1, 'carryForwardBuyQty': 0, 'carryForwardSellQty': 0, 'carryForwardBuyValue': 0.0, 'carryForwardSellValue': 0.0, 'dayBuyQty': 19, 'daySellQty': 19, 'dayBuyValue': 15543.9, 'daySellValue': 15502.1, 'drvExpiryDate': '0001-01-01', 'drvOptionType': 'NA', 'drvStrikePrice': 0.0, 'crossCurrency': False}]}
2025-04-23 07:31:37,303 - INFO - Configuration loaded successfully from trading_config.json
2025-04-23 07:31:37,304 - INFO - Security IDs loaded successfully from security_ids.json
2025-04-23 07:31:37,304 - INFO - Dhan API client initialized successfully
2025-04-23 07:31:37,304 - INFO - Starting Nifty-based dynamic trading program
2025-04-23 07:31:37,305 - INFO - Fetching Nifty data from Yahoo Finance
2025-04-23 07:31:37,428 - INFO - Nifty 50 (Yahoo): 24206.25, Prev Close: 24167.25, Change: 39.00 pts (0.16%)
2025-04-23 07:31:37,435 - INFO - Current Nifty state: {'current_price': 24206.25, 'prev_close': 24167.25, 'change_points': 39.0, 'change_percent': 0.16137541507618783, 'is_positive': True, 'timestamp': '2025-04-23T07:31:37.429267'}
2025-04-23 07:31:37,436 - INFO - place_new_orders setting: True
2025-04-23 07:31:37,436 - INFO - Active tickers in config: ['VBL.NS']
2025-04-23 07:31:37,436 - INFO - Nifty change: 39.00 points, Active buys: 7, Active sells: 0
2025-04-23 07:31:37,437 - INFO - Active order: SUNTV - BUY - OPEN
2025-04-23 07:31:37,437 - INFO - Active order: SUNTV - BUY - OPEN
2025-04-23 07:31:37,438 - INFO - Active order: NTPC - BUY - OPEN
2025-04-23 07:31:37,438 - INFO - Active order: WIPRO - BUY - OPEN
2025-04-23 07:31:37,439 - INFO - Active order: SUNTV - BUY - OPEN
2025-04-23 07:31:37,439 - INFO - Active order: WIPRO - BUY - OPEN
2025-04-23 07:31:37,439 - INFO - Active order: WIPRO - BUY - OPEN
2025-04-23 07:31:37,440 - INFO - No trading action needed at this time
2025-04-23 07:31:37,440 - INFO - Initial trading action determined: None
2025-04-23 07:31:37,441 - INFO - Starting continuous monitoring...
2025-04-23 07:31:37,447 - INFO - Fetching Nifty data from Yahoo Finance
2025-04-23 07:31:37,560 - INFO - Nifty 50 (Yahoo): 24206.25, Prev Close: 24167.25, Change: 39.00 pts (0.16%)
2025-04-23 07:31:37,560 - INFO - Nifty change: 39.00 points, Active buys: 7, Active sells: 0
2025-04-23 07:31:37,561 - INFO - Active order: SUNTV - BUY - OPEN
2025-04-23 07:31:37,561 - INFO - Active order: SUNTV - BUY - OPEN
2025-04-23 07:31:37,561 - INFO - Active order: NTPC - BUY - OPEN
2025-04-23 07:31:37,562 - INFO - Active order: WIPRO - BUY - OPEN
2025-04-23 07:31:37,562 - INFO - Active order: SUNTV - BUY - OPEN
2025-04-23 07:31:37,562 - INFO - Active order: WIPRO - BUY - OPEN
2025-04-23 07:31:37,563 - INFO - Active order: WIPRO - BUY - OPEN
2025-04-23 07:31:37,563 - INFO - No trading action needed at this time
2025-04-23 07:31:37,563 - INFO - Monitoring 7 active orders...
2025-04-23 07:32:08,042 - INFO - Fetching Nifty data from Yahoo Finance
2025-04-23 07:32:08,198 - INFO - Nifty 50 (Yahoo): 24206.15, Prev Close: 24167.25, Change: 38.90 pts (0.16%)
2025-04-23 07:32:08,200 - INFO - Nifty change: 38.90 points, Active buys: 7, Active sells: 0
2025-04-23 07:32:08,201 - INFO - Active order: SUNTV - BUY - OPEN
2025-04-23 07:32:08,202 - INFO - Active order: SUNTV - BUY - OPEN
2025-04-23 07:32:08,203 - INFO - Active order: NTPC - BUY - OPEN
2025-04-23 07:32:08,204 - INFO - Active order: WIPRO - BUY - OPEN
2025-04-23 07:32:08,205 - INFO - Active order: SUNTV - BUY - OPEN
2025-04-23 07:32:08,207 - INFO - Active order: WIPRO - BUY - OPEN
2025-04-23 07:32:08,208 - INFO - Active order: WIPRO - BUY - OPEN
2025-04-23 07:32:08,210 - INFO - No trading action needed at this time
2025-04-23 07:32:08,211 - INFO - Monitoring 7 active orders...
2025-04-23 07:32:38,387 - INFO - Fetching Nifty data from Yahoo Finance
2025-04-23 07:32:38,516 - INFO - Nifty 50 (Yahoo): 24212.90, Prev Close: 24167.25, Change: 45.65 pts (0.19%)
2025-04-23 07:32:38,517 - INFO - Nifty moved 6.75 points since last check
2025-04-23 07:32:38,517 - INFO - Nifty change: 45.65 points, Active buys: 7, Active sells: 0
2025-04-23 07:32:38,517 - INFO - Active order: SUNTV - BUY - OPEN
2025-04-23 07:32:38,518 - INFO - Active order: SUNTV - BUY - OPEN
2025-04-23 07:32:38,518 - INFO - Active order: NTPC - BUY - OPEN
2025-04-23 07:32:38,518 - INFO - Active order: WIPRO - BUY - OPEN
2025-04-23 07:32:38,518 - INFO - Active order: SUNTV - BUY - OPEN
2025-04-23 07:32:38,519 - INFO - Active order: WIPRO - BUY - OPEN
2025-04-23 07:32:38,519 - INFO - Active order: WIPRO - BUY - OPEN
2025-04-23 07:32:38,519 - INFO - No trading action needed at this time
2025-04-23 07:32:38,520 - INFO - Monitoring 7 active orders...
2025-04-23 07:33:08,700 - INFO - Fetching Nifty data from Yahoo Finance
2025-04-23 07:33:09,309 - INFO - Nifty 50 (Yahoo): 24218.80, Prev Close: 24167.25, Change: 51.55 pts (0.21%)
2025-04-23 07:33:09,320 - INFO - Nifty moved 5.90 points since last check
2025-04-23 07:33:09,332 - INFO - Nifty change: 51.55 points, Active buys: 7, Active sells: 0
2025-04-23 07:33:09,334 - INFO - Active order: SUNTV - BUY - OPEN
2025-04-23 07:33:09,336 - INFO - Active order: SUNTV - BUY - OPEN
2025-04-23 07:33:09,336 - INFO - Active order: NTPC - BUY - OPEN
2025-04-23 07:33:09,337 - INFO - Active order: WIPRO - BUY - OPEN
2025-04-23 07:33:09,338 - INFO - Active order: SUNTV - BUY - OPEN
2025-04-23 07:33:09,339 - INFO - Active order: WIPRO - BUY - OPEN
2025-04-23 07:33:09,340 - INFO - Active order: WIPRO - BUY - OPEN
2025-04-23 07:33:09,351 - INFO - No trading action needed at this time
2025-04-23 07:33:09,354 - INFO - Monitoring 7 active orders...
2025-04-23 07:33:39,513 - INFO - Fetching Nifty data from Yahoo Finance
2025-04-23 07:33:39,643 - INFO - Nifty 50 (Yahoo): 24218.30, Prev Close: 24167.25, Change: 51.05 pts (0.21%)
2025-04-23 07:33:39,644 - INFO - Nifty change: 51.05 points, Active buys: 7, Active sells: 0
2025-04-23 07:33:39,644 - INFO - Active order: SUNTV - BUY - OPEN
2025-04-23 07:33:39,645 - INFO - Active order: SUNTV - BUY - OPEN
2025-04-23 07:33:39,645 - INFO - Active order: NTPC - BUY - OPEN
2025-04-23 07:33:39,646 - INFO - Active order: WIPRO - BUY - OPEN
2025-04-23 07:33:39,647 - INFO - Active order: SUNTV - BUY - OPEN
2025-04-23 07:33:39,648 - INFO - Active order: WIPRO - BUY - OPEN
2025-04-23 07:33:39,649 - INFO - Active order: WIPRO - BUY - OPEN
2025-04-23 07:33:39,649 - INFO - No trading action needed at this time
2025-04-23 07:33:39,650 - INFO - Monitoring 7 active orders...
2025-04-23 07:34:09,811 - INFO - Fetching Nifty data from Yahoo Finance
2025-04-23 07:34:09,945 - INFO - Nifty 50 (Yahoo): 24216.65, Prev Close: 24167.25, Change: 49.40 pts (0.20%)
2025-04-23 07:34:09,945 - INFO - Nifty change: 49.40 points, Active buys: 7, Active sells: 0
2025-04-23 07:34:09,946 - INFO - Active order: SUNTV - BUY - OPEN
2025-04-23 07:34:09,946 - INFO - Active order: SUNTV - BUY - OPEN
2025-04-23 07:34:09,946 - INFO - Active order: NTPC - BUY - OPEN
2025-04-23 07:34:09,947 - INFO - Active order: WIPRO - BUY - OPEN
2025-04-23 07:34:09,947 - INFO - Active order: SUNTV - BUY - OPEN
2025-04-23 07:34:09,947 - INFO - Active order: WIPRO - BUY - OPEN
2025-04-23 07:34:09,947 - INFO - Active order: WIPRO - BUY - OPEN
2025-04-23 07:34:09,948 - INFO - No trading action needed at this time
2025-04-23 07:34:09,948 - INFO - Monitoring 7 active orders...
2025-04-23 07:34:40,110 - INFO - Fetching Nifty data from Yahoo Finance
2025-04-23 07:34:40,244 - INFO - Nifty 50 (Yahoo): 24212.80, Prev Close: 24167.25, Change: 45.55 pts (0.19%)
2025-04-23 07:34:40,244 - INFO - Nifty change: 45.55 points, Active buys: 7, Active sells: 0
2025-04-23 07:34:40,244 - INFO - Active order: SUNTV - BUY - OPEN
2025-04-23 07:34:40,245 - INFO - Active order: SUNTV - BUY - OPEN
2025-04-23 07:34:40,245 - INFO - Active order: NTPC - BUY - OPEN
2025-04-23 07:34:40,245 - INFO - Active order: WIPRO - BUY - OPEN
2025-04-23 07:34:40,246 - INFO - Active order: SUNTV - BUY - OPEN
2025-04-23 07:34:40,246 - INFO - Active order: WIPRO - BUY - OPEN
2025-04-23 07:34:40,246 - INFO - Active order: WIPRO - BUY - OPEN
2025-04-23 07:34:40,246 - INFO - No trading action needed at this time
2025-04-23 07:34:40,247 - INFO - Monitoring 7 active orders...
2025-04-23 07:35:10,403 - INFO - Fetching Nifty data from Yahoo Finance
2025-04-23 07:35:10,536 - INFO - Nifty 50 (Yahoo): 24215.60, Prev Close: 24167.25, Change: 48.35 pts (0.20%)
2025-04-23 07:35:10,537 - INFO - Nifty change: 48.35 points, Active buys: 7, Active sells: 0
2025-04-23 07:35:10,537 - INFO - Active order: SUNTV - BUY - OPEN
2025-04-23 07:35:10,537 - INFO - Active order: SUNTV - BUY - OPEN
2025-04-23 07:35:10,538 - INFO - Active order: NTPC - BUY - OPEN
2025-04-23 07:35:10,538 - INFO - Active order: WIPRO - BUY - OPEN
2025-04-23 07:35:10,538 - INFO - Active order: SUNTV - BUY - OPEN
2025-04-23 07:35:10,538 - INFO - Active order: WIPRO - BUY - OPEN
2025-04-23 07:35:10,539 - INFO - Active order: WIPRO - BUY - OPEN
2025-04-23 07:35:10,539 - INFO - No trading action needed at this time
2025-04-23 07:35:10,539 - INFO - Monitoring 7 active orders...
2025-04-23 07:35:40,703 - INFO - Fetching Nifty data from Yahoo Finance
2025-04-23 07:35:40,863 - INFO - Nifty 50 (Yahoo): 24218.95, Prev Close: 24167.25, Change: 51.70 pts (0.21%)
2025-04-23 07:35:40,865 - INFO - Nifty change: 51.70 points, Active buys: 7, Active sells: 0
2025-04-23 07:35:40,865 - INFO - Active order: SUNTV - BUY - OPEN
2025-04-23 07:35:40,866 - INFO - Active order: SUNTV - BUY - OPEN
2025-04-23 07:35:40,867 - INFO - Active order: NTPC - BUY - OPEN
2025-04-23 07:35:40,867 - INFO - Active order: WIPRO - BUY - OPEN
2025-04-23 07:35:40,868 - INFO - Active order: SUNTV - BUY - OPEN
2025-04-23 07:35:40,869 - INFO - Active order: WIPRO - BUY - OPEN
2025-04-23 07:35:40,869 - INFO - Active order: WIPRO - BUY - OPEN
2025-04-23 07:35:40,870 - INFO - No trading action needed at this time
2025-04-23 07:35:40,870 - INFO - Monitoring 7 active orders...
2025-04-23 07:35:44,800 - INFO - Monitoring stopped by user.
2025-04-23 07:35:44,802 - INFO - Current positions:
2025-04-23 07:35:44,957 - INFO - {'status': 'success', 'remarks': '', 'data': [{'dhanClientId': '1106497024', 'tradingSymbol': 'CANBK', 'securityId': '10794', 'positionType': 'CLOSED', 'exchangeSegment': 'NSE_EQ', 'productType': 'INTRADAY', 'buyAvg': 99.39, 'costPrice': 99.39, 'buyQty': 600, 'sellAvg': 99.41, 'sellQty': 600, 'netQty': 0, 'realizedProfit': 12.0, 'unrealizedProfit': 0.0, 'rbiReferenceRate': 1.0, 'multiplier': 1, 'carryForwardBuyQty': 0, 'carryForwardSellQty': 0, 'carryForwardBuyValue': 0.0, 'carryForwardSellValue': 0.0, 'dayBuyQty': 600, 'daySellQty': 600, 'dayBuyValue': 59634.0, 'daySellValue': 59646.0, 'drvExpiryDate': '0001-01-01', 'drvOptionType': 'NA', 'drvStrikePrice': 0.0, 'crossCurrency': False}, {'dhanClientId': '1106497024', 'tradingSymbol': 'WIPRO', 'securityId': '3787', 'positionType': 'CLOSED', 'exchangeSegment': 'NSE_EQ', 'productType': 'INTRADAY', 'buyAvg': 240.25, 'costPrice': 240.25, 'buyQty': 193, 'sellAvg': 240.25, 'sellQty': 193, 'netQty': 0, 'realizedProfit': 0.0, 'unrealizedProfit': 0.0, 'rbiReferenceRate': 1.0, 'multiplier': 1, 'carryForwardBuyQty': 0, 'carryForwardSellQty': 0, 'carryForwardBuyValue': 0.0, 'carryForwardSellValue': 0.0, 'dayBuyQty': 193, 'daySellQty': 193, 'dayBuyValue': 46368.25, 'daySellValue': 46368.25, 'drvExpiryDate': '0001-01-01', 'drvOptionType': 'NA', 'drvStrikePrice': 0.0, 'crossCurrency': False}, {'dhanClientId': '1106497024', 'tradingSymbol': 'PNB', 'securityId': '10666', 'positionType': 'CLOSED', 'exchangeSegment': 'NSE_EQ', 'productType': 'INTRADAY', 'buyAvg': 101.85, 'costPrice': 102.6, 'buyQty': 300, 'sellAvg': 102.6, 'sellQty': 300, 'netQty': 0, 'realizedProfit': 225.0, 'unrealizedProfit': 0.0, 'rbiReferenceRate': 1.0, 'multiplier': 1, 'carryForwardBuyQty': 0, 'carryForwardSellQty': 0, 'carryForwardBuyValue': 0.0, 'carryForwardSellValue': 0.0, 'dayBuyQty': 300, 'daySellQty': 300, 'dayBuyValue': 30555.0, 'daySellValue': 30780.0, 'drvExpiryDate': '0001-01-01', 'drvOptionType': 'NA', 'drvStrikePrice': 0.0, 'crossCurrency': False}, {'dhanClientId': '1106497024', 'tradingSymbol': 'SBIN', 'securityId': '3045', 'positionType': 'CLOSED', 'exchangeSegment': 'NSE_EQ', 'productType': 'INTRADAY', 'buyAvg': 818.1, 'costPrice': 815.9, 'buyQty': 19, 'sellAvg': 815.9, 'sellQty': 19, 'netQty': 0, 'realizedProfit': -41.8, 'unrealizedProfit': 0.0, 'rbiReferenceRate': 1.0, 'multiplier': 1, 'carryForwardBuyQty': 0, 'carryForwardSellQty': 0, 'carryForwardBuyValue': 0.0, 'carryForwardSellValue': 0.0, 'dayBuyQty': 19, 'daySellQty': 19, 'dayBuyValue': 15543.9, 'daySellValue': 15502.1, 'drvExpiryDate': '0001-01-01', 'drvOptionType': 'NA', 'drvStrikePrice': 0.0, 'crossCurrency': False}]}
2025-04-23 07:35:51,630 - INFO - Previous order tracker backed up to order_tracker_backup_20250423_073551.csv
2025-04-23 07:35:51,631 - INFO - Starting with fresh order tracking
2025-04-23 07:35:51,632 - INFO - Configuration loaded successfully from trading_config.json
2025-04-23 07:35:51,633 - INFO - Security IDs loaded successfully from security_ids.json
2025-04-23 07:35:51,634 - INFO - Dhan API client initialized successfully
2025-04-23 07:35:51,634 - INFO - Starting Nifty-based dynamic trading program
2025-04-23 07:35:51,634 - INFO - Fetching Nifty data from Yahoo Finance
2025-04-23 07:35:51,759 - INFO - Nifty 50 (Yahoo): 24215.90, Prev Close: 24167.25, Change: 48.65 pts (0.20%)
2025-04-23 07:35:51,759 - INFO - Current Nifty state: {'current_price': 24215.900390625, 'prev_close': 24167.25, 'change_points': 48.650390625, 'change_percent': 0.20130710206995003, 'is_positive': True, 'timestamp': '2025-04-23T07:35:51.759809'}
2025-04-23 07:35:51,761 - INFO - place_new_orders setting: True
2025-04-23 07:35:51,761 - INFO - Active tickers in config: ['VBL.NS']
2025-04-23 07:35:51,761 - INFO - Nifty change: 48.65 points, Active buys: 0, Active sells: 0
2025-04-23 07:35:51,762 - INFO - Nifty is positive, signaling to open buy positions
2025-04-23 07:35:51,762 - INFO - Initial trading action determined: buy
2025-04-23 07:35:51,762 - INFO - Executing BUY orders based on initial action
2025-04-23 07:35:51,762 - INFO - Processing 5 tickers from config
2025-04-23 07:35:51,763 - INFO - Direction signal: buy
2025-04-23 07:35:51,763 - INFO - Skipping inactive ticker: NTPC.NS
2025-04-23 07:35:51,763 - INFO - Skipping inactive ticker: WIPRO.NS
2025-04-23 07:35:51,764 - INFO - Skipping inactive ticker: SUNTV.NS
2025-04-23 07:35:51,764 - INFO - Skipping inactive ticker: PNB.NS
2025-04-23 07:35:51,764 - INFO - Processing active ticker: VBL.NS
2025-04-23 07:35:51,764 - INFO - Found security ID 18921 for VBL.NS from mapping file
2025-04-23 07:35:51,765 - INFO - Executing BUY order for VBL.NS
2025-04-23 07:35:51,765 - INFO - Setting BUY order for VBL.NS (ID: 18921)
2025-04-23 07:35:51,765 - INFO - Entry: 549.55
2025-04-23 07:35:51,766 - INFO - Stop Loss: 538.56 (2.0% below entry)
2025-04-23 07:35:51,766 - INFO - Target: 552.3 (0.5% above entry)
2025-04-23 07:35:52,217 - INFO - Order placed: {'status': 'success', 'remarks': '', 'data': {'orderId': '9125042327212', 'orderStatus': 'TRANSIT'}}
2025-04-23 07:35:52,242 - INFO - Starting continuous monitoring...
2025-04-23 07:35:52,281 - INFO - Fetching Nifty data from Yahoo Finance
2025-04-23 07:35:56,864 - INFO - Nifty 50 (Yahoo): 24219.50, Prev Close: 24167.25, Change: 52.25 pts (0.22%)
2025-04-23 07:35:56,865 - INFO - Nifty change: 52.25 points, Active buys: 1, Active sells: 0
2025-04-23 07:35:56,866 - INFO - Active order: VBL - BUY - OPEN
2025-04-23 07:35:56,866 - INFO - No trading action needed at this time
2025-04-23 07:35:56,867 - INFO - Monitoring 1 active orders...
2025-04-23 07:36:27,027 - INFO - Fetching Nifty data from Yahoo Finance
2025-04-23 07:36:27,176 - INFO - Nifty 50 (Yahoo): 24224.30, Prev Close: 24167.25, Change: 57.05 pts (0.24%)
2025-04-23 07:36:27,177 - INFO - Nifty change: 57.05 points, Active buys: 1, Active sells: 0
2025-04-23 07:36:27,178 - INFO - Active order: VBL - BUY - OPEN
2025-04-23 07:36:27,178 - INFO - No trading action needed at this time
2025-04-23 07:36:27,179 - INFO - Monitoring 1 active orders...
2025-04-23 07:36:57,346 - INFO - Fetching Nifty data from Yahoo Finance
2025-04-23 07:36:57,493 - INFO - Nifty 50 (Yahoo): 24216.20, Prev Close: 24167.25, Change: 48.95 pts (0.20%)
2025-04-23 07:36:57,494 - INFO - Nifty moved -8.10 points since last check
2025-04-23 07:36:57,494 - INFO - Nifty change: 48.95 points, Active buys: 1, Active sells: 0
2025-04-23 07:36:57,495 - INFO - Active order: VBL - BUY - OPEN
2025-04-23 07:36:57,495 - INFO - No trading action needed at this time
2025-04-23 07:36:57,495 - INFO - Monitoring 1 active orders...
2025-04-23 07:37:27,648 - INFO - Fetching Nifty data from Yahoo Finance
2025-04-23 07:37:27,761 - INFO - Nifty 50 (Yahoo): 24215.15, Prev Close: 24167.25, Change: 47.90 pts (0.20%)
2025-04-23 07:37:27,762 - INFO - Nifty change: 47.90 points, Active buys: 1, Active sells: 0
2025-04-23 07:37:27,762 - INFO - Active order: VBL - BUY - OPEN
2025-04-23 07:37:27,763 - INFO - No trading action needed at this time
2025-04-23 07:37:27,763 - INFO - Monitoring 1 active orders...
2025-04-23 07:37:57,911 - INFO - Fetching Nifty data from Yahoo Finance
2025-04-23 07:37:58,051 - INFO - Nifty 50 (Yahoo): 24212.25, Prev Close: 24167.25, Change: 45.00 pts (0.19%)
2025-04-23 07:37:58,052 - INFO - Nifty change: 45.00 points, Active buys: 1, Active sells: 0
2025-04-23 07:37:58,053 - INFO - Active order: VBL - BUY - OPEN
2025-04-23 07:37:58,054 - INFO - No trading action needed at this time
2025-04-23 07:37:58,054 - INFO - Monitoring 1 active orders...
2025-04-23 07:38:28,210 - INFO - Fetching Nifty data from Yahoo Finance
2025-04-23 07:38:28,346 - INFO - Nifty 50 (Yahoo): 24212.55, Prev Close: 24167.25, Change: 45.30 pts (0.19%)
2025-04-23 07:38:28,347 - INFO - Nifty change: 45.30 points, Active buys: 1, Active sells: 0
2025-04-23 07:38:28,348 - INFO - Active order: VBL - BUY - OPEN
2025-04-23 07:38:28,348 - INFO - No trading action needed at this time
2025-04-23 07:38:28,349 - INFO - Monitoring 1 active orders...
2025-04-23 07:38:58,509 - INFO - Fetching Nifty data from Yahoo Finance
2025-04-23 07:38:58,640 - INFO - Nifty 50 (Yahoo): 24215.60, Prev Close: 24167.25, Change: 48.35 pts (0.20%)
2025-04-23 07:38:58,641 - INFO - Nifty change: 48.35 points, Active buys: 1, Active sells: 0
2025-04-23 07:38:58,642 - INFO - Active order: VBL - BUY - OPEN
2025-04-23 07:38:58,642 - INFO - No trading action needed at this time
2025-04-23 07:38:58,643 - INFO - Monitoring 1 active orders...
2025-04-23 07:39:28,797 - INFO - Fetching Nifty data from Yahoo Finance
2025-04-23 07:39:28,985 - INFO - Nifty 50 (Yahoo): 24200.70, Prev Close: 24167.25, Change: 33.45 pts (0.14%)
2025-04-23 07:39:28,989 - INFO - Nifty moved -14.90 points since last check
2025-04-23 07:39:28,991 - INFO - Nifty change: 33.45 points, Active buys: 1, Active sells: 0
2025-04-23 07:39:28,993 - INFO - Active order: VBL - BUY - OPEN
2025-04-23 07:39:28,994 - INFO - No trading action needed at this time
2025-04-23 07:39:28,997 - INFO - Monitoring 1 active orders...
2025-04-23 07:39:59,176 - INFO - Fetching Nifty data from Yahoo Finance
2025-04-23 07:39:59,316 - INFO - Nifty 50 (Yahoo): 24200.40, Prev Close: 24167.25, Change: 33.15 pts (0.14%)
2025-04-23 07:39:59,316 - INFO - Nifty change: 33.15 points, Active buys: 1, Active sells: 0
2025-04-23 07:39:59,317 - INFO - Active order: VBL - BUY - OPEN
2025-04-23 07:39:59,317 - INFO - No trading action needed at this time
2025-04-23 07:39:59,317 - INFO - Monitoring 1 active orders...
2025-04-23 07:40:29,482 - INFO - Fetching Nifty data from Yahoo Finance
2025-04-23 07:40:29,639 - INFO - Nifty 50 (Yahoo): 24198.95, Prev Close: 24167.25, Change: 31.70 pts (0.13%)
2025-04-23 07:40:29,639 - INFO - Nifty change: 31.70 points, Active buys: 1, Active sells: 0
2025-04-23 07:40:29,640 - INFO - Active order: VBL - BUY - OPEN
2025-04-23 07:40:29,640 - INFO - No trading action needed at this time
2025-04-23 07:40:29,640 - INFO - Monitoring 1 active orders...
2025-04-23 07:40:59,806 - INFO - Fetching Nifty data from Yahoo Finance
2025-04-23 07:40:59,953 - INFO - Nifty 50 (Yahoo): 24202.10, Prev Close: 24167.25, Change: 34.85 pts (0.14%)
2025-04-23 07:40:59,954 - INFO - Nifty change: 34.85 points, Active buys: 1, Active sells: 0
2025-04-23 07:40:59,955 - INFO - Active order: VBL - BUY - OPEN
2025-04-23 07:40:59,955 - INFO - No trading action needed at this time
2025-04-23 07:40:59,955 - INFO - Monitoring 1 active orders...
2025-04-23 07:41:30,118 - INFO - Fetching Nifty data from Yahoo Finance
2025-04-23 07:41:30,268 - INFO - Nifty 50 (Yahoo): 24200.55, Prev Close: 24167.25, Change: 33.30 pts (0.14%)
2025-04-23 07:41:30,269 - INFO - Nifty change: 33.30 points, Active buys: 1, Active sells: 0
2025-04-23 07:41:30,269 - INFO - Active order: VBL - BUY - OPEN
2025-04-23 07:41:30,269 - INFO - No trading action needed at this time
2025-04-23 07:41:30,269 - INFO - Monitoring 1 active orders...
2025-04-23 07:42:00,418 - INFO - Fetching Nifty data from Yahoo Finance
2025-04-23 07:42:00,559 - INFO - Nifty 50 (Yahoo): 24207.20, Prev Close: 24167.25, Change: 39.95 pts (0.17%)
2025-04-23 07:42:00,560 - INFO - Nifty moved 6.65 points since last check
2025-04-23 07:42:00,560 - INFO - Nifty change: 39.95 points, Active buys: 1, Active sells: 0
2025-04-23 07:42:00,560 - INFO - Active order: VBL - BUY - OPEN
2025-04-23 07:42:00,560 - INFO - No trading action needed at this time
2025-04-23 07:42:00,561 - INFO - Monitoring 1 active orders...
2025-04-23 07:42:30,718 - INFO - Fetching Nifty data from Yahoo Finance
2025-04-23 07:42:30,862 - INFO - Nifty 50 (Yahoo): 24211.90, Prev Close: 24167.25, Change: 44.65 pts (0.18%)
2025-04-23 07:42:30,862 - INFO - Nifty change: 44.65 points, Active buys: 1, Active sells: 0
2025-04-23 07:42:30,863 - INFO - Active order: VBL - BUY - OPEN
2025-04-23 07:42:30,863 - INFO - No trading action needed at this time
2025-04-23 07:42:30,863 - INFO - Monitoring 1 active orders...
2025-04-23 07:43:01,024 - INFO - Fetching Nifty data from Yahoo Finance
2025-04-23 07:43:01,166 - INFO - Nifty 50 (Yahoo): 24207.15, Prev Close: 24167.25, Change: 39.90 pts (0.17%)
2025-04-23 07:43:01,167 - INFO - Nifty change: 39.90 points, Active buys: 1, Active sells: 0
2025-04-23 07:43:01,167 - INFO - Active order: VBL - BUY - OPEN
2025-04-23 07:43:01,168 - INFO - No trading action needed at this time
2025-04-23 07:43:01,168 - INFO - Monitoring 1 active orders...
2025-04-23 07:43:31,344 - INFO - Fetching Nifty data from Yahoo Finance
2025-04-23 07:43:31,522 - INFO - Nifty 50 (Yahoo): 24211.50, Prev Close: 24167.25, Change: 44.25 pts (0.18%)
2025-04-23 07:43:31,522 - INFO - Nifty change: 44.25 points, Active buys: 1, Active sells: 0
2025-04-23 07:43:31,523 - INFO - Active order: VBL - BUY - OPEN
2025-04-23 07:43:31,523 - INFO - No trading action needed at this time
2025-04-23 07:43:31,523 - INFO - Monitoring 1 active orders...
2025-04-23 07:44:01,683 - INFO - Fetching Nifty data from Yahoo Finance
2025-04-23 07:44:01,848 - INFO - Nifty 50 (Yahoo): 24215.70, Prev Close: 24167.25, Change: 48.45 pts (0.20%)
2025-04-23 07:44:01,850 - INFO - Nifty change: 48.45 points, Active buys: 1, Active sells: 0
2025-04-23 07:44:01,851 - INFO - Active order: VBL - BUY - OPEN
2025-04-23 07:44:01,852 - INFO - No trading action needed at this time
2025-04-23 07:44:01,853 - INFO - Monitoring 1 active orders...
2025-04-23 07:44:32,021 - INFO - Fetching Nifty data from Yahoo Finance
2025-04-23 07:44:32,183 - INFO - Nifty 50 (Yahoo): 24218.20, Prev Close: 24167.25, Change: 50.95 pts (0.21%)
2025-04-23 07:44:32,183 - INFO - Nifty change: 50.95 points, Active buys: 1, Active sells: 0
2025-04-23 07:44:32,183 - INFO - Active order: VBL - BUY - OPEN
2025-04-23 07:44:32,184 - INFO - No trading action needed at this time
2025-04-23 07:44:32,184 - INFO - Monitoring 1 active orders...
2025-04-23 07:45:02,352 - INFO - Fetching Nifty data from Yahoo Finance
2025-04-23 07:45:02,512 - INFO - Nifty 50 (Yahoo): 24222.75, Prev Close: 24167.25, Change: 55.50 pts (0.23%)
2025-04-23 07:45:02,512 - INFO - Nifty change: 55.50 points, Active buys: 1, Active sells: 0
2025-04-23 07:45:02,512 - INFO - Active order: VBL - BUY - OPEN
2025-04-23 07:45:02,513 - INFO - No trading action needed at this time
2025-04-23 07:45:02,513 - INFO - Monitoring 1 active orders...
2025-04-23 07:45:32,671 - INFO - Fetching Nifty data from Yahoo Finance
2025-04-23 07:45:32,845 - INFO - Nifty 50 (Yahoo): 24216.90, Prev Close: 24167.25, Change: 49.65 pts (0.21%)
2025-04-23 07:45:32,845 - INFO - Nifty moved -5.85 points since last check
2025-04-23 07:45:32,845 - INFO - Nifty change: 49.65 points, Active buys: 1, Active sells: 0
2025-04-23 07:45:32,845 - INFO - Active order: VBL - BUY - OPEN
2025-04-23 07:45:32,846 - INFO - No trading action needed at this time
2025-04-23 07:45:32,846 - INFO - Monitoring 1 active orders...
2025-04-23 07:46:03,010 - INFO - Fetching Nifty data from Yahoo Finance
2025-04-23 07:46:03,164 - INFO - Nifty 50 (Yahoo): 24215.25, Prev Close: 24167.25, Change: 48.00 pts (0.20%)
2025-04-23 07:46:03,165 - INFO - Nifty change: 48.00 points, Active buys: 1, Active sells: 0
2025-04-23 07:46:03,165 - INFO - Active order: VBL - BUY - OPEN
2025-04-23 07:46:03,166 - INFO - No trading action needed at this time
2025-04-23 07:46:03,166 - INFO - Monitoring 1 active orders...
2025-04-23 07:46:33,321 - INFO - Fetching Nifty data from Yahoo Finance
2025-04-23 07:46:33,469 - INFO - Nifty 50 (Yahoo): 24216.00, Prev Close: 24167.25, Change: 48.75 pts (0.20%)
2025-04-23 07:46:33,470 - INFO - Nifty change: 48.75 points, Active buys: 1, Active sells: 0
2025-04-23 07:46:33,470 - INFO - Active order: VBL - BUY - OPEN
2025-04-23 07:46:33,470 - INFO - No trading action needed at this time
2025-04-23 07:46:33,471 - INFO - Monitoring 1 active orders...
2025-04-23 07:47:03,622 - INFO - Fetching Nifty data from Yahoo Finance
2025-04-23 07:47:03,779 - INFO - Nifty 50 (Yahoo): 24209.10, Prev Close: 24167.25, Change: 41.85 pts (0.17%)
2025-04-23 07:47:03,780 - INFO - Nifty moved -6.90 points since last check
2025-04-23 07:47:03,782 - INFO - Nifty change: 41.85 points, Active buys: 1, Active sells: 0
2025-04-23 07:47:03,782 - INFO - Active order: VBL - BUY - OPEN
2025-04-23 07:47:03,783 - INFO - No trading action needed at this time
2025-04-23 07:47:03,784 - INFO - Monitoring 1 active orders...
2025-04-23 07:47:33,952 - INFO - Fetching Nifty data from Yahoo Finance
2025-04-23 07:47:34,129 - INFO - Nifty 50 (Yahoo): 24206.20, Prev Close: 24167.25, Change: 38.95 pts (0.16%)
2025-04-23 07:47:34,130 - INFO - Nifty change: 38.95 points, Active buys: 1, Active sells: 0
2025-04-23 07:47:34,130 - INFO - Active order: VBL - BUY - OPEN
2025-04-23 07:47:34,132 - INFO - No trading action needed at this time
2025-04-23 07:47:34,132 - INFO - Monitoring 1 active orders...
2025-04-23 07:48:04,292 - INFO - Fetching Nifty data from Yahoo Finance
2025-04-23 07:48:04,437 - INFO - Nifty 50 (Yahoo): 24204.50, Prev Close: 24167.25, Change: 37.25 pts (0.15%)
2025-04-23 07:48:04,438 - INFO - Nifty change: 37.25 points, Active buys: 1, Active sells: 0
2025-04-23 07:48:04,438 - INFO - Active order: VBL - BUY - OPEN
2025-04-23 07:48:04,438 - INFO - No trading action needed at this time
2025-04-23 07:48:04,439 - INFO - Monitoring 1 active orders...
2025-04-23 07:48:34,590 - INFO - Fetching Nifty data from Yahoo Finance
2025-04-23 07:48:34,733 - INFO - Nifty 50 (Yahoo): 24208.40, Prev Close: 24167.25, Change: 41.15 pts (0.17%)
2025-04-23 07:48:34,734 - INFO - Nifty change: 41.15 points, Active buys: 1, Active sells: 0
2025-04-23 07:48:34,734 - INFO - Active order: VBL - BUY - OPEN
2025-04-23 07:48:34,734 - INFO - No trading action needed at this time
2025-04-23 07:48:34,735 - INFO - Monitoring 1 active orders...
2025-04-23 07:49:04,902 - INFO - Fetching Nifty data from Yahoo Finance
2025-04-23 07:49:05,042 - INFO - Nifty 50 (Yahoo): 24205.65, Prev Close: 24167.25, Change: 38.40 pts (0.16%)
2025-04-23 07:49:05,043 - INFO - Nifty change: 38.40 points, Active buys: 1, Active sells: 0
2025-04-23 07:49:05,043 - INFO - Active order: VBL - BUY - OPEN
2025-04-23 07:49:05,043 - INFO - No trading action needed at this time
2025-04-23 07:49:05,044 - INFO - Monitoring 1 active orders...
2025-04-23 07:49:35,204 - INFO - Fetching Nifty data from Yahoo Finance
2025-04-23 07:49:35,347 - INFO - Nifty 50 (Yahoo): 24205.85, Prev Close: 24167.25, Change: 38.60 pts (0.16%)
2025-04-23 07:49:35,347 - INFO - Nifty change: 38.60 points, Active buys: 1, Active sells: 0
2025-04-23 07:49:35,348 - INFO - Active order: VBL - BUY - OPEN
2025-04-23 07:49:35,348 - INFO - No trading action needed at this time
2025-04-23 07:49:35,348 - INFO - Monitoring 1 active orders...
2025-04-23 07:50:05,509 - INFO - Fetching Nifty data from Yahoo Finance
2025-04-23 07:50:05,666 - INFO - Nifty 50 (Yahoo): 24208.55, Prev Close: 24167.25, Change: 41.30 pts (0.17%)
2025-04-23 07:50:05,666 - INFO - Nifty change: 41.30 points, Active buys: 1, Active sells: 0
2025-04-23 07:50:05,667 - INFO - Active order: VBL - BUY - OPEN
2025-04-23 07:50:05,667 - INFO - No trading action needed at this time
2025-04-23 07:50:05,667 - INFO - Monitoring 1 active orders...
2025-04-23 07:50:35,828 - INFO - Fetching Nifty data from Yahoo Finance
2025-04-23 07:50:35,952 - INFO - Nifty 50 (Yahoo): 24206.20, Prev Close: 24167.25, Change: 38.95 pts (0.16%)
2025-04-23 07:50:35,953 - INFO - Nifty change: 38.95 points, Active buys: 1, Active sells: 0
2025-04-23 07:50:35,954 - INFO - Active order: VBL - BUY - OPEN
2025-04-23 07:50:35,955 - INFO - No trading action needed at this time
2025-04-23 07:50:35,955 - INFO - Monitoring 1 active orders...
2025-04-23 07:51:06,126 - INFO - Fetching Nifty data from Yahoo Finance
2025-04-23 07:51:06,259 - INFO - Nifty 50 (Yahoo): 24208.70, Prev Close: 24167.25, Change: 41.45 pts (0.17%)
2025-04-23 07:51:06,259 - INFO - Nifty change: 41.45 points, Active buys: 1, Active sells: 0
2025-04-23 07:51:06,259 - INFO - Active order: VBL - BUY - OPEN
2025-04-23 07:51:06,260 - INFO - No trading action needed at this time
2025-04-23 07:51:06,260 - INFO - Monitoring 1 active orders...
2025-04-23 07:51:36,419 - INFO - Fetching Nifty data from Yahoo Finance
2025-04-23 07:51:36,566 - INFO - Nifty 50 (Yahoo): 24212.90, Prev Close: 24167.25, Change: 45.65 pts (0.19%)
2025-04-23 07:51:36,566 - INFO - Nifty change: 45.65 points, Active buys: 1, Active sells: 0
2025-04-23 07:51:36,567 - INFO - Active order: VBL - BUY - OPEN
2025-04-23 07:51:36,567 - INFO - No trading action needed at this time
2025-04-23 07:51:36,567 - INFO - Monitoring 1 active orders...
2025-04-23 07:52:06,731 - INFO - Fetching Nifty data from Yahoo Finance
2025-04-23 07:52:06,961 - INFO - Nifty 50 (Yahoo): 24210.35, Prev Close: 24167.25, Change: 43.10 pts (0.18%)
2025-04-23 07:52:06,962 - INFO - Nifty change: 43.10 points, Active buys: 1, Active sells: 0
2025-04-23 07:52:06,962 - INFO - Active order: VBL - BUY - OPEN
2025-04-23 07:52:06,962 - INFO - No trading action needed at this time
2025-04-23 07:52:06,964 - INFO - Monitoring 1 active orders...
2025-04-23 07:52:37,121 - INFO - Fetching Nifty data from Yahoo Finance
2025-04-23 07:52:37,271 - INFO - Nifty 50 (Yahoo): 24211.55, Prev Close: 24167.25, Change: 44.30 pts (0.18%)
2025-04-23 07:52:37,272 - INFO - Nifty change: 44.30 points, Active buys: 1, Active sells: 0
2025-04-23 07:52:37,272 - INFO - Active order: VBL - BUY - OPEN
2025-04-23 07:52:37,273 - INFO - No trading action needed at this time
2025-04-23 07:52:37,274 - INFO - Monitoring 1 active orders...
2025-04-23 07:53:07,438 - INFO - Fetching Nifty data from Yahoo Finance
2025-04-23 07:53:07,594 - INFO - Nifty 50 (Yahoo): 24213.45, Prev Close: 24167.25, Change: 46.20 pts (0.19%)
2025-04-23 07:53:07,595 - INFO - Nifty change: 46.20 points, Active buys: 1, Active sells: 0
2025-04-23 07:53:07,595 - INFO - Active order: VBL - BUY - OPEN
2025-04-23 07:53:07,595 - INFO - No trading action needed at this time
2025-04-23 07:53:07,596 - INFO - Monitoring 1 active orders...
2025-04-23 07:53:37,751 - INFO - Fetching Nifty data from Yahoo Finance
2025-04-23 07:53:37,899 - INFO - Nifty 50 (Yahoo): 24214.40, Prev Close: 24167.25, Change: 47.15 pts (0.20%)
2025-04-23 07:53:37,901 - INFO - Nifty change: 47.15 points, Active buys: 1, Active sells: 0
2025-04-23 07:53:37,901 - INFO - Active order: VBL - BUY - OPEN
2025-04-23 07:53:37,901 - INFO - No trading action needed at this time
2025-04-23 07:53:37,902 - INFO - Monitoring 1 active orders...
2025-04-23 07:54:08,060 - INFO - Fetching Nifty data from Yahoo Finance
2025-04-23 07:54:08,185 - INFO - Nifty 50 (Yahoo): 24219.70, Prev Close: 24167.25, Change: 52.45 pts (0.22%)
2025-04-23 07:54:08,185 - INFO - Nifty moved 5.30 points since last check
2025-04-23 07:54:08,186 - INFO - Nifty change: 52.45 points, Active buys: 1, Active sells: 0
2025-04-23 07:54:08,186 - INFO - Active order: VBL - BUY - OPEN
2025-04-23 07:54:08,186 - INFO - No trading action needed at this time
2025-04-23 07:54:08,187 - INFO - Monitoring 1 active orders...
2025-04-23 07:54:38,340 - INFO - Fetching Nifty data from Yahoo Finance
2025-04-23 07:54:38,497 - INFO - Nifty 50 (Yahoo): 24218.75, Prev Close: 24167.25, Change: 51.50 pts (0.21%)
2025-04-23 07:54:38,498 - INFO - Nifty change: 51.50 points, Active buys: 1, Active sells: 0
2025-04-23 07:54:38,498 - INFO - Active order: VBL - BUY - OPEN
2025-04-23 07:54:38,499 - INFO - No trading action needed at this time
2025-04-23 07:54:38,499 - INFO - Monitoring 1 active orders...
2025-04-23 07:55:08,662 - INFO - Fetching Nifty data from Yahoo Finance
2025-04-23 07:55:08,785 - INFO - Nifty 50 (Yahoo): 24215.90, Prev Close: 24167.25, Change: 48.65 pts (0.20%)
2025-04-23 07:55:08,785 - INFO - Nifty change: 48.65 points, Active buys: 1, Active sells: 0
2025-04-23 07:55:08,786 - INFO - Active order: VBL - BUY - OPEN
2025-04-23 07:55:08,786 - INFO - No trading action needed at this time
2025-04-23 07:55:08,786 - INFO - Monitoring 1 active orders...
2025-04-23 07:55:38,952 - INFO - Fetching Nifty data from Yahoo Finance
2025-04-23 07:55:39,097 - INFO - Nifty 50 (Yahoo): 24224.40, Prev Close: 24167.25, Change: 57.15 pts (0.24%)
2025-04-23 07:55:39,097 - INFO - Nifty moved 8.50 points since last check
2025-04-23 07:55:39,098 - INFO - Nifty change: 57.15 points, Active buys: 1, Active sells: 0
2025-04-23 07:55:39,098 - INFO - Active order: VBL - BUY - OPEN
2025-04-23 07:55:39,098 - INFO - No trading action needed at this time
2025-04-23 07:55:39,098 - INFO - Monitoring 1 active orders...
2025-04-23 07:56:09,254 - INFO - Fetching Nifty data from Yahoo Finance
2025-04-23 07:56:09,401 - INFO - Nifty 50 (Yahoo): 24217.40, Prev Close: 24167.25, Change: 50.15 pts (0.21%)
2025-04-23 07:56:09,402 - INFO - Nifty moved -7.00 points since last check
2025-04-23 07:56:09,402 - INFO - Nifty change: 50.15 points, Active buys: 1, Active sells: 0
2025-04-23 07:56:09,403 - INFO - Active order: VBL - BUY - OPEN
2025-04-23 07:56:09,403 - INFO - No trading action needed at this time
2025-04-23 07:56:09,403 - INFO - Monitoring 1 active orders...
2025-04-23 07:56:39,566 - INFO - Fetching Nifty data from Yahoo Finance
2025-04-23 07:56:39,750 - INFO - Nifty 50 (Yahoo): 24220.85, Prev Close: 24167.25, Change: 53.60 pts (0.22%)
2025-04-23 07:56:39,752 - INFO - Nifty change: 53.60 points, Active buys: 1, Active sells: 0
2025-04-23 07:56:39,753 - INFO - Active order: VBL - BUY - OPEN
2025-04-23 07:56:39,754 - INFO - No trading action needed at this time
2025-04-23 07:56:39,755 - INFO - Monitoring 1 active orders...
2025-04-23 07:57:09,918 - INFO - Fetching Nifty data from Yahoo Finance
2025-04-23 07:57:10,081 - INFO - Nifty 50 (Yahoo): 24215.60, Prev Close: 24167.25, Change: 48.35 pts (0.20%)
2025-04-23 07:57:10,082 - INFO - Nifty moved -5.25 points since last check
2025-04-23 07:57:10,082 - INFO - Nifty change: 48.35 points, Active buys: 1, Active sells: 0
2025-04-23 07:57:10,082 - INFO - Active order: VBL - BUY - OPEN
2025-04-23 07:57:10,083 - INFO - No trading action needed at this time
2025-04-23 07:57:10,083 - INFO - Monitoring 1 active orders...
2025-04-23 07:57:40,249 - INFO - Fetching Nifty data from Yahoo Finance
2025-04-23 07:57:40,392 - INFO - Nifty 50 (Yahoo): 24216.95, Prev Close: 24167.25, Change: 49.70 pts (0.21%)
2025-04-23 07:57:40,392 - INFO - Nifty change: 49.70 points, Active buys: 1, Active sells: 0
2025-04-23 07:57:40,393 - INFO - Active order: VBL - BUY - OPEN
2025-04-23 07:57:40,393 - INFO - No trading action needed at this time
2025-04-23 07:57:40,393 - INFO - Monitoring 1 active orders...
2025-04-23 07:58:10,553 - INFO - Fetching Nifty data from Yahoo Finance
2025-04-23 07:58:10,707 - INFO - Nifty 50 (Yahoo): 24219.25, Prev Close: 24167.25, Change: 52.00 pts (0.22%)
2025-04-23 07:58:10,707 - INFO - Nifty change: 52.00 points, Active buys: 1, Active sells: 0
2025-04-23 07:58:10,707 - INFO - Active order: VBL - BUY - OPEN
2025-04-23 07:58:10,708 - INFO - No trading action needed at this time
2025-04-23 07:58:10,708 - INFO - Monitoring 1 active orders...
2025-04-23 07:58:40,878 - INFO - Fetching Nifty data from Yahoo Finance
2025-04-23 07:58:41,041 - INFO - Nifty 50 (Yahoo): 24220.40, Prev Close: 24167.25, Change: 53.15 pts (0.22%)
2025-04-23 07:58:41,043 - INFO - Nifty change: 53.15 points, Active buys: 1, Active sells: 0
2025-04-23 07:58:41,044 - INFO - Active order: VBL - BUY - OPEN
2025-04-23 07:58:41,047 - INFO - No trading action needed at this time
2025-04-23 07:58:41,047 - INFO - Monitoring 1 active orders...
2025-04-23 07:59:11,206 - INFO - Fetching Nifty data from Yahoo Finance
2025-04-23 07:59:11,362 - INFO - Nifty 50 (Yahoo): 24214.70, Prev Close: 24167.25, Change: 47.45 pts (0.20%)
2025-04-23 07:59:11,362 - INFO - Nifty moved -5.70 points since last check
2025-04-23 07:59:11,363 - INFO - Nifty change: 47.45 points, Active buys: 1, Active sells: 0
2025-04-23 07:59:11,363 - INFO - Active order: VBL - BUY - OPEN
2025-04-23 07:59:11,363 - INFO - No trading action needed at this time
2025-04-23 07:59:11,364 - INFO - Monitoring 1 active orders...
2025-04-23 07:59:41,518 - INFO - Fetching Nifty data from Yahoo Finance
2025-04-23 07:59:41,695 - INFO - Nifty 50 (Yahoo): 24215.15, Prev Close: 24167.25, Change: 47.90 pts (0.20%)
2025-04-23 07:59:41,695 - INFO - Nifty change: 47.90 points, Active buys: 1, Active sells: 0
2025-04-23 07:59:41,696 - INFO - Active order: VBL - BUY - OPEN
2025-04-23 07:59:41,697 - INFO - No trading action needed at this time
2025-04-23 07:59:41,697 - INFO - Monitoring 1 active orders...
2025-04-23 08:00:11,856 - INFO - Fetching Nifty data from Yahoo Finance
2025-04-23 08:00:11,994 - INFO - Nifty 50 (Yahoo): 24210.00, Prev Close: 24167.25, Change: 42.75 pts (0.18%)
2025-04-23 08:00:11,995 - INFO - Nifty moved -5.15 points since last check
2025-04-23 08:00:11,995 - INFO - Nifty change: 42.75 points, Active buys: 1, Active sells: 0
2025-04-23 08:00:11,996 - INFO - Active order: VBL - BUY - OPEN
2025-04-23 08:00:11,996 - INFO - No trading action needed at this time
2025-04-23 08:00:11,997 - INFO - Monitoring 1 active orders...
2025-04-23 08:00:42,161 - INFO - Fetching Nifty data from Yahoo Finance
2025-04-23 08:00:42,394 - INFO - Nifty 50 (Yahoo): 24212.90, Prev Close: 24167.25, Change: 45.65 pts (0.19%)
2025-04-23 08:00:42,395 - INFO - Nifty change: 45.65 points, Active buys: 1, Active sells: 0
2025-04-23 08:00:42,395 - INFO - Active order: VBL - BUY - OPEN
2025-04-23 08:00:42,395 - INFO - No trading action needed at this time
2025-04-23 08:00:42,395 - INFO - Monitoring 1 active orders...
2025-04-23 08:01:12,558 - INFO - Fetching Nifty data from Yahoo Finance
2025-04-23 08:01:12,692 - INFO - Nifty 50 (Yahoo): 24215.10, Prev Close: 24167.25, Change: 47.85 pts (0.20%)
2025-04-23 08:01:12,692 - INFO - Nifty change: 47.85 points, Active buys: 1, Active sells: 0
2025-04-23 08:01:12,693 - INFO - Active order: VBL - BUY - OPEN
2025-04-23 08:01:12,693 - INFO - No trading action needed at this time
2025-04-23 08:01:12,694 - INFO - Monitoring 1 active orders...
2025-04-23 08:01:42,854 - INFO - Fetching Nifty data from Yahoo Finance
2025-04-23 08:01:43,008 - INFO - Nifty 50 (Yahoo): 24210.45, Prev Close: 24167.25, Change: 43.20 pts (0.18%)
2025-04-23 08:01:43,008 - INFO - Nifty change: 43.20 points, Active buys: 1, Active sells: 0
2025-04-23 08:01:43,008 - INFO - Active order: VBL - BUY - OPEN
2025-04-23 08:01:43,009 - INFO - No trading action needed at this time
2025-04-23 08:01:43,009 - INFO - Monitoring 1 active orders...
2025-04-23 08:02:13,181 - INFO - Fetching Nifty data from Yahoo Finance
2025-04-23 08:02:13,348 - INFO - Nifty 50 (Yahoo): 24215.70, Prev Close: 24167.25, Change: 48.45 pts (0.20%)
2025-04-23 08:02:13,348 - INFO - Nifty moved 5.25 points since last check
2025-04-23 08:02:13,348 - INFO - Nifty change: 48.45 points, Active buys: 1, Active sells: 0
2025-04-23 08:02:13,349 - INFO - Active order: VBL - BUY - OPEN
2025-04-23 08:02:13,349 - INFO - No trading action needed at this time
2025-04-23 08:02:13,349 - INFO - Monitoring 1 active orders...
2025-04-23 08:02:43,501 - INFO - Fetching Nifty data from Yahoo Finance
2025-04-23 08:02:43,622 - INFO - Nifty 50 (Yahoo): 24217.10, Prev Close: 24167.25, Change: 49.85 pts (0.21%)
2025-04-23 08:02:43,622 - INFO - Nifty change: 49.85 points, Active buys: 1, Active sells: 0
2025-04-23 08:02:43,623 - INFO - Active order: VBL - BUY - OPEN
2025-04-23 08:02:43,623 - INFO - No trading action needed at this time
2025-04-23 08:02:43,623 - INFO - Monitoring 1 active orders...
2025-04-23 08:03:13,782 - INFO - Fetching Nifty data from Yahoo Finance
2025-04-23 08:03:13,916 - INFO - Nifty 50 (Yahoo): 24219.05, Prev Close: 24167.25, Change: 51.80 pts (0.21%)
2025-04-23 08:03:13,917 - INFO - Nifty change: 51.80 points, Active buys: 1, Active sells: 0
2025-04-23 08:03:13,917 - INFO - Active order: VBL - BUY - OPEN
2025-04-23 08:03:13,918 - INFO - No trading action needed at this time
2025-04-23 08:03:13,918 - INFO - Monitoring 1 active orders...
2025-04-23 08:03:44,085 - INFO - Fetching Nifty data from Yahoo Finance
2025-04-23 08:03:44,238 - INFO - Nifty 50 (Yahoo): 24220.75, Prev Close: 24167.25, Change: 53.50 pts (0.22%)
2025-04-23 08:03:44,239 - INFO - Nifty change: 53.50 points, Active buys: 1, Active sells: 0
2025-04-23 08:03:44,239 - INFO - Active order: VBL - BUY - OPEN
2025-04-23 08:03:44,239 - INFO - No trading action needed at this time
2025-04-23 08:03:44,240 - INFO - Monitoring 1 active orders...
2025-04-23 08:04:14,413 - INFO - Fetching Nifty data from Yahoo Finance
2025-04-23 08:04:14,590 - INFO - Nifty 50 (Yahoo): 24219.90, Prev Close: 24167.25, Change: 52.65 pts (0.22%)
2025-04-23 08:04:14,590 - INFO - Nifty change: 52.65 points, Active buys: 1, Active sells: 0
2025-04-23 08:04:14,591 - INFO - Active order: VBL - BUY - OPEN
2025-04-23 08:04:14,591 - INFO - No trading action needed at this time
2025-04-23 08:04:14,591 - INFO - Monitoring 1 active orders...
2025-04-23 08:04:44,756 - INFO - Fetching Nifty data from Yahoo Finance
2025-04-23 08:04:44,903 - INFO - Nifty 50 (Yahoo): 24221.80, Prev Close: 24167.25, Change: 54.55 pts (0.23%)
2025-04-23 08:04:44,903 - INFO - Nifty change: 54.55 points, Active buys: 1, Active sells: 0
2025-04-23 08:04:44,903 - INFO - Active order: VBL - BUY - OPEN
2025-04-23 08:04:44,904 - INFO - No trading action needed at this time
2025-04-23 08:04:44,904 - INFO - Monitoring 1 active orders...
2025-04-23 08:05:15,075 - INFO - Fetching Nifty data from Yahoo Finance
2025-04-23 08:05:15,251 - INFO - Nifty 50 (Yahoo): 24223.85, Prev Close: 24167.25, Change: 56.60 pts (0.23%)
2025-04-23 08:05:15,252 - INFO - Nifty change: 56.60 points, Active buys: 1, Active sells: 0
2025-04-23 08:05:15,252 - INFO - Active order: VBL - BUY - OPEN
2025-04-23 08:05:15,253 - INFO - No trading action needed at this time
2025-04-23 08:05:15,254 - INFO - Monitoring 1 active orders...
2025-04-23 08:05:45,403 - INFO - Fetching Nifty data from Yahoo Finance
2025-04-23 08:05:45,556 - INFO - Nifty 50 (Yahoo): 24216.80, Prev Close: 24167.25, Change: 49.55 pts (0.21%)
2025-04-23 08:05:45,556 - INFO - Nifty moved -7.05 points since last check
2025-04-23 08:05:45,556 - INFO - Nifty change: 49.55 points, Active buys: 1, Active sells: 0
2025-04-23 08:05:45,557 - INFO - Active order: VBL - BUY - OPEN
2025-04-23 08:05:45,557 - INFO - No trading action needed at this time
2025-04-23 08:05:45,557 - INFO - Monitoring 1 active orders...
2025-04-23 08:06:15,725 - INFO - Fetching Nifty data from Yahoo Finance
2025-04-23 08:06:15,947 - INFO - Nifty 50 (Yahoo): 24218.30, Prev Close: 24167.25, Change: 51.05 pts (0.21%)
2025-04-23 08:06:15,947 - INFO - Nifty change: 51.05 points, Active buys: 1, Active sells: 0
2025-04-23 08:06:15,947 - INFO - Active order: VBL - BUY - OPEN
2025-04-23 08:06:15,948 - INFO - No trading action needed at this time
2025-04-23 08:06:15,948 - INFO - Monitoring 1 active orders...
2025-04-23 08:06:46,104 - INFO - Fetching Nifty data from Yahoo Finance
2025-04-23 08:06:46,226 - INFO - Nifty 50 (Yahoo): 24217.55, Prev Close: 24167.25, Change: 50.30 pts (0.21%)
2025-04-23 08:06:46,226 - INFO - Nifty change: 50.30 points, Active buys: 1, Active sells: 0
2025-04-23 08:06:46,226 - INFO - Active order: VBL - BUY - OPEN
2025-04-23 08:06:46,228 - INFO - No trading action needed at this time
2025-04-23 08:06:46,228 - INFO - Monitoring 1 active orders...
2025-04-23 08:07:16,390 - INFO - Fetching Nifty data from Yahoo Finance
2025-04-23 08:07:16,543 - INFO - Nifty 50 (Yahoo): 24219.40, Prev Close: 24167.25, Change: 52.15 pts (0.22%)
2025-04-23 08:07:16,543 - INFO - Nifty change: 52.15 points, Active buys: 1, Active sells: 0
2025-04-23 08:07:16,543 - INFO - Active order: VBL - BUY - OPEN
2025-04-23 08:07:16,543 - INFO - No trading action needed at this time
2025-04-23 08:07:16,544 - INFO - Monitoring 1 active orders...
2025-04-23 08:07:46,711 - INFO - Fetching Nifty data from Yahoo Finance
2025-04-23 08:07:46,856 - INFO - Nifty 50 (Yahoo): 24219.25, Prev Close: 24167.25, Change: 52.00 pts (0.22%)
2025-04-23 08:07:46,857 - INFO - Nifty change: 52.00 points, Active buys: 1, Active sells: 0
2025-04-23 08:07:46,857 - INFO - Active order: VBL - BUY - OPEN
2025-04-23 08:07:46,857 - INFO - No trading action needed at this time
2025-04-23 08:07:46,857 - INFO - Monitoring 1 active orders...
2025-04-23 08:08:17,016 - INFO - Fetching Nifty data from Yahoo Finance
2025-04-23 08:08:17,185 - INFO - Nifty 50 (Yahoo): 24213.55, Prev Close: 24167.25, Change: 46.30 pts (0.19%)
2025-04-23 08:08:17,186 - INFO - Nifty moved -5.70 points since last check
2025-04-23 08:08:17,186 - INFO - Nifty change: 46.30 points, Active buys: 1, Active sells: 0
2025-04-23 08:08:17,187 - INFO - Active order: VBL - BUY - OPEN
2025-04-23 08:08:17,187 - INFO - No trading action needed at this time
2025-04-23 08:08:17,188 - INFO - Monitoring 1 active orders...
2025-04-23 08:08:47,341 - INFO - Fetching Nifty data from Yahoo Finance
2025-04-23 08:08:47,482 - INFO - Nifty 50 (Yahoo): 24217.85, Prev Close: 24167.25, Change: 50.60 pts (0.21%)
2025-04-23 08:08:47,483 - INFO - Nifty change: 50.60 points, Active buys: 1, Active sells: 0
2025-04-23 08:08:47,484 - INFO - Active order: VBL - BUY - OPEN
2025-04-23 08:08:47,484 - INFO - No trading action needed at this time
2025-04-23 08:08:47,484 - INFO - Monitoring 1 active orders...
2025-04-23 08:09:17,641 - INFO - Fetching Nifty data from Yahoo Finance
2025-04-23 08:09:17,805 - INFO - Nifty 50 (Yahoo): 24219.25, Prev Close: 24167.25, Change: 52.00 pts (0.22%)
2025-04-23 08:09:17,805 - INFO - Nifty change: 52.00 points, Active buys: 1, Active sells: 0
2025-04-23 08:09:17,806 - INFO - Active order: VBL - BUY - OPEN
2025-04-23 08:09:17,806 - INFO - No trading action needed at this time
2025-04-23 08:09:17,806 - INFO - Monitoring 1 active orders...
2025-04-23 08:09:47,967 - INFO - Fetching Nifty data from Yahoo Finance
2025-04-23 08:09:48,107 - INFO - Nifty 50 (Yahoo): 24215.65, Prev Close: 24167.25, Change: 48.40 pts (0.20%)
2025-04-23 08:09:48,107 - INFO - Nifty change: 48.40 points, Active buys: 1, Active sells: 0
2025-04-23 08:09:48,107 - INFO - Active order: VBL - BUY - OPEN
2025-04-23 08:09:48,108 - INFO - No trading action needed at this time
2025-04-23 08:09:48,108 - INFO - Monitoring 1 active orders...
2025-04-23 08:10:18,263 - INFO - Fetching Nifty data from Yahoo Finance
2025-04-23 08:10:18,407 - INFO - Nifty 50 (Yahoo): 24213.20, Prev Close: 24167.25, Change: 45.95 pts (0.19%)
2025-04-23 08:10:18,408 - INFO - Nifty change: 45.95 points, Active buys: 1, Active sells: 0
2025-04-23 08:10:18,409 - INFO - Active order: VBL - BUY - OPEN
2025-04-23 08:10:18,410 - INFO - No trading action needed at this time
2025-04-23 08:10:18,410 - INFO - Monitoring 1 active orders...
2025-04-23 08:10:48,560 - INFO - Fetching Nifty data from Yahoo Finance
2025-04-23 08:10:48,706 - INFO - Nifty 50 (Yahoo): 24212.20, Prev Close: 24167.25, Change: 44.95 pts (0.19%)
2025-04-23 08:10:48,707 - INFO - Nifty change: 44.95 points, Active buys: 1, Active sells: 0
2025-04-23 08:10:48,708 - INFO - Active order: VBL - BUY - OPEN
2025-04-23 08:10:48,709 - INFO - No trading action needed at this time
2025-04-23 08:10:48,710 - INFO - Monitoring 1 active orders...
2025-04-23 08:11:18,879 - INFO - Fetching Nifty data from Yahoo Finance
2025-04-23 08:11:19,024 - INFO - Nifty 50 (Yahoo): 24208.90, Prev Close: 24167.25, Change: 41.65 pts (0.17%)
2025-04-23 08:11:19,024 - INFO - Nifty change: 41.65 points, Active buys: 1, Active sells: 0
2025-04-23 08:11:19,025 - INFO - Active order: VBL - BUY - OPEN
2025-04-23 08:11:19,025 - INFO - No trading action needed at this time
2025-04-23 08:11:19,025 - INFO - Monitoring 1 active orders...
2025-04-23 08:11:49,187 - INFO - Fetching Nifty data from Yahoo Finance
2025-04-23 08:11:49,335 - INFO - Nifty 50 (Yahoo): 24212.50, Prev Close: 24167.25, Change: 45.25 pts (0.19%)
2025-04-23 08:11:49,336 - INFO - Nifty change: 45.25 points, Active buys: 1, Active sells: 0
2025-04-23 08:11:49,337 - INFO - Active order: VBL - BUY - OPEN
2025-04-23 08:11:49,337 - INFO - No trading action needed at this time
2025-04-23 08:11:49,337 - INFO - Monitoring 1 active orders...
2025-04-23 08:12:19,492 - INFO - Fetching Nifty data from Yahoo Finance
2025-04-23 08:12:19,652 - INFO - Nifty 50 (Yahoo): 24214.00, Prev Close: 24167.25, Change: 46.75 pts (0.19%)
2025-04-23 08:12:19,653 - INFO - Nifty change: 46.75 points, Active buys: 1, Active sells: 0
2025-04-23 08:12:19,653 - INFO - Active order: VBL - BUY - OPEN
2025-04-23 08:12:19,653 - INFO - No trading action needed at this time
2025-04-23 08:12:19,654 - INFO - Monitoring 1 active orders...
2025-04-23 08:12:49,823 - INFO - Fetching Nifty data from Yahoo Finance
2025-04-23 08:12:49,979 - INFO - Nifty 50 (Yahoo): 24214.50, Prev Close: 24167.25, Change: 47.25 pts (0.20%)
2025-04-23 08:12:49,980 - INFO - Nifty change: 47.25 points, Active buys: 1, Active sells: 0
2025-04-23 08:12:49,981 - INFO - Active order: VBL - BUY - OPEN
2025-04-23 08:12:49,981 - INFO - No trading action needed at this time
2025-04-23 08:12:49,982 - INFO - Monitoring 1 active orders...
2025-04-23 08:13:20,153 - INFO - Fetching Nifty data from Yahoo Finance
2025-04-23 08:13:20,296 - INFO - Nifty 50 (Yahoo): 24216.45, Prev Close: 24167.25, Change: 49.20 pts (0.20%)
2025-04-23 08:13:20,297 - INFO - Nifty change: 49.20 points, Active buys: 1, Active sells: 0
2025-04-23 08:13:20,298 - INFO - Active order: VBL - BUY - OPEN
2025-04-23 08:13:20,299 - INFO - No trading action needed at this time
2025-04-23 08:13:20,300 - INFO - Monitoring 1 active orders...
2025-04-23 08:13:50,474 - INFO - Fetching Nifty data from Yahoo Finance
2025-04-23 08:13:50,642 - INFO - Nifty 50 (Yahoo): 24219.00, Prev Close: 24167.25, Change: 51.75 pts (0.21%)
2025-04-23 08:13:50,643 - INFO - Nifty change: 51.75 points, Active buys: 1, Active sells: 0
2025-04-23 08:13:50,643 - INFO - Active order: VBL - BUY - OPEN
2025-04-23 08:13:50,644 - INFO - No trading action needed at this time
2025-04-23 08:13:50,644 - INFO - Monitoring 1 active orders...
2025-04-23 08:14:20,803 - INFO - Fetching Nifty data from Yahoo Finance
2025-04-23 08:14:20,953 - INFO - Nifty 50 (Yahoo): 24224.15, Prev Close: 24167.25, Change: 56.90 pts (0.24%)
2025-04-23 08:14:20,953 - INFO - Nifty moved 5.15 points since last check
2025-04-23 08:14:20,954 - INFO - Nifty change: 56.90 points, Active buys: 1, Active sells: 0
2025-04-23 08:14:20,954 - INFO - Active order: VBL - BUY - OPEN
2025-04-23 08:14:20,954 - INFO - No trading action needed at this time
2025-04-23 08:14:20,954 - INFO - Monitoring 1 active orders...
2025-04-23 08:14:51,107 - INFO - Fetching Nifty data from Yahoo Finance
2025-04-23 08:14:51,253 - INFO - Nifty 50 (Yahoo): 24226.25, Prev Close: 24167.25, Change: 59.00 pts (0.24%)
2025-04-23 08:14:51,253 - INFO - Nifty change: 59.00 points, Active buys: 1, Active sells: 0
2025-04-23 08:14:51,254 - INFO - Active order: VBL - BUY - OPEN
2025-04-23 08:14:51,254 - INFO - No trading action needed at this time
2025-04-23 08:14:51,254 - INFO - Monitoring 1 active orders...
2025-04-23 08:15:21,410 - INFO - Fetching Nifty data from Yahoo Finance
2025-04-23 08:15:21,580 - INFO - Nifty 50 (Yahoo): 24227.45, Prev Close: 24167.25, Change: 60.20 pts (0.25%)
2025-04-23 08:15:21,580 - INFO - Nifty change: 60.20 points, Active buys: 1, Active sells: 0
2025-04-23 08:15:21,581 - INFO - Active order: VBL - BUY - OPEN
2025-04-23 08:15:21,581 - INFO - No trading action needed at this time
2025-04-23 08:15:21,581 - INFO - Monitoring 1 active orders...
2025-04-23 08:15:51,734 - INFO - Fetching Nifty data from Yahoo Finance
2025-04-23 08:15:51,879 - INFO - Nifty 50 (Yahoo): 24228.45, Prev Close: 24167.25, Change: 61.20 pts (0.25%)
2025-04-23 08:15:51,879 - INFO - Nifty change: 61.20 points, Active buys: 1, Active sells: 0
2025-04-23 08:15:51,879 - INFO - Active order: VBL - BUY - OPEN
2025-04-23 08:15:51,880 - INFO - No trading action needed at this time
2025-04-23 08:15:51,880 - INFO - Monitoring 1 active orders...
2025-04-23 08:16:22,054 - INFO - Fetching Nifty data from Yahoo Finance
2025-04-23 08:16:22,231 - INFO - Nifty 50 (Yahoo): 24231.55, Prev Close: 24167.25, Change: 64.30 pts (0.27%)
2025-04-23 08:16:22,232 - INFO - Nifty change: 64.30 points, Active buys: 1, Active sells: 0
2025-04-23 08:16:22,233 - INFO - Active order: VBL - BUY - OPEN
2025-04-23 08:16:22,233 - INFO - No trading action needed at this time
2025-04-23 08:16:22,234 - INFO - Monitoring 1 active orders...
2025-04-23 08:16:52,384 - INFO - Fetching Nifty data from Yahoo Finance
2025-04-23 08:16:52,510 - INFO - Nifty 50 (Yahoo): 24231.65, Prev Close: 24167.25, Change: 64.40 pts (0.27%)
2025-04-23 08:16:52,511 - INFO - Nifty change: 64.40 points, Active buys: 1, Active sells: 0
2025-04-23 08:16:52,511 - INFO - Active order: VBL - BUY - OPEN
2025-04-23 08:16:52,512 - INFO - No trading action needed at this time
2025-04-23 08:16:52,513 - INFO - Monitoring 1 active orders...
2025-04-23 08:17:22,668 - INFO - Fetching Nifty data from Yahoo Finance
2025-04-23 08:17:22,793 - INFO - Nifty 50 (Yahoo): 24231.65, Prev Close: 24167.25, Change: 64.40 pts (0.27%)
2025-04-23 08:17:22,793 - INFO - Nifty change: 64.40 points, Active buys: 1, Active sells: 0
2025-04-23 08:17:22,793 - INFO - Active order: VBL - BUY - OPEN
2025-04-23 08:17:22,794 - INFO - No trading action needed at this time
2025-04-23 08:17:22,794 - INFO - Monitoring 1 active orders...
2025-04-23 08:17:52,953 - INFO - Fetching Nifty data from Yahoo Finance
2025-04-23 08:17:53,135 - INFO - Nifty 50 (Yahoo): 24231.65, Prev Close: 24167.25, Change: 64.40 pts (0.27%)
2025-04-23 08:17:53,137 - INFO - Nifty change: 64.40 points, Active buys: 1, Active sells: 0
2025-04-23 08:17:53,138 - INFO - Active order: VBL - BUY - OPEN
2025-04-23 08:17:53,142 - INFO - No trading action needed at this time
2025-04-23 08:17:53,143 - INFO - Monitoring 1 active orders...
2025-04-23 08:18:23,301 - INFO - Fetching Nifty data from Yahoo Finance
2025-04-23 08:18:23,444 - INFO - Nifty 50 (Yahoo): 24231.65, Prev Close: 24167.25, Change: 64.40 pts (0.27%)
2025-04-23 08:18:23,444 - INFO - Nifty change: 64.40 points, Active buys: 1, Active sells: 0
2025-04-23 08:18:23,444 - INFO - Active order: VBL - BUY - OPEN
2025-04-23 08:18:23,445 - INFO - No trading action needed at this time
2025-04-23 08:18:23,445 - INFO - Monitoring 1 active orders...
2025-04-23 08:18:53,603 - INFO - Fetching Nifty data from Yahoo Finance
2025-04-23 08:18:53,762 - INFO - Nifty 50 (Yahoo): 24231.65, Prev Close: 24167.25, Change: 64.40 pts (0.27%)
2025-04-23 08:18:53,763 - INFO - Nifty change: 64.40 points, Active buys: 1, Active sells: 0
2025-04-23 08:18:53,763 - INFO - Active order: VBL - BUY - OPEN
2025-04-23 08:18:53,764 - INFO - No trading action needed at this time
2025-04-23 08:18:53,764 - INFO - Monitoring 1 active orders...
2025-04-23 08:19:23,928 - INFO - Fetching Nifty data from Yahoo Finance
2025-04-23 08:19:24,076 - INFO - Nifty 50 (Yahoo): 24231.65, Prev Close: 24167.25, Change: 64.40 pts (0.27%)
2025-04-23 08:19:24,077 - INFO - Nifty change: 64.40 points, Active buys: 1, Active sells: 0
2025-04-23 08:19:24,077 - INFO - Active order: VBL - BUY - OPEN
2025-04-23 08:19:24,078 - INFO - No trading action needed at this time
2025-04-23 08:19:24,078 - INFO - Monitoring 1 active orders...
2025-04-23 08:19:54,244 - INFO - Fetching Nifty data from Yahoo Finance
2025-04-23 08:19:54,401 - INFO - Nifty 50 (Yahoo): 24231.65, Prev Close: 24167.25, Change: 64.40 pts (0.27%)
2025-04-23 08:19:54,402 - INFO - Nifty change: 64.40 points, Active buys: 1, Active sells: 0
2025-04-23 08:19:54,402 - INFO - Active order: VBL - BUY - OPEN
2025-04-23 08:19:54,403 - INFO - No trading action needed at this time
2025-04-23 08:19:54,403 - INFO - Monitoring 1 active orders...
2025-04-23 08:20:24,568 - INFO - Fetching Nifty data from Yahoo Finance
2025-04-23 08:20:24,725 - INFO - Nifty 50 (Yahoo): 24232.00, Prev Close: 24167.25, Change: 64.75 pts (0.27%)
2025-04-23 08:20:24,725 - INFO - Nifty change: 64.75 points, Active buys: 1, Active sells: 0
2025-04-23 08:20:24,726 - INFO - Active order: VBL - BUY - OPEN
2025-04-23 08:20:24,726 - INFO - No trading action needed at this time
2025-04-23 08:20:24,726 - INFO - Monitoring 1 active orders...
2025-04-23 08:20:54,888 - INFO - Fetching Nifty data from Yahoo Finance
2025-04-23 08:20:55,051 - INFO - Nifty 50 (Yahoo): 24236.55, Prev Close: 24167.25, Change: 69.30 pts (0.29%)
2025-04-23 08:20:55,051 - INFO - Nifty change: 69.30 points, Active buys: 1, Active sells: 0
2025-04-23 08:20:55,052 - INFO - Active order: VBL - BUY - OPEN
2025-04-23 08:20:55,052 - INFO - No trading action needed at this time
2025-04-23 08:20:55,053 - INFO - Monitoring 1 active orders...
2025-04-23 08:21:25,208 - INFO - Fetching Nifty data from Yahoo Finance
2025-04-23 08:21:25,369 - INFO - Nifty 50 (Yahoo): 24238.60, Prev Close: 24167.25, Change: 71.35 pts (0.30%)
2025-04-23 08:21:25,370 - INFO - Nifty change: 71.35 points, Active buys: 1, Active sells: 0
2025-04-23 08:21:25,371 - INFO - Active order: VBL - BUY - OPEN
2025-04-23 08:21:25,372 - INFO - No trading action needed at this time
2025-04-23 08:21:25,373 - INFO - Monitoring 1 active orders...
2025-04-23 08:21:55,543 - INFO - Fetching Nifty data from Yahoo Finance
2025-04-23 08:21:55,689 - INFO - Nifty 50 (Yahoo): 24230.75, Prev Close: 24167.25, Change: 63.50 pts (0.26%)
2025-04-23 08:21:55,690 - INFO - Nifty moved -7.85 points since last check
2025-04-23 08:21:55,690 - INFO - Nifty change: 63.50 points, Active buys: 1, Active sells: 0
2025-04-23 08:21:55,690 - INFO - Active order: VBL - BUY - OPEN
2025-04-23 08:21:55,691 - INFO - No trading action needed at this time
2025-04-23 08:21:55,691 - INFO - Monitoring 1 active orders...
2025-04-23 08:22:25,848 - INFO - Fetching Nifty data from Yahoo Finance
2025-04-23 08:22:25,985 - INFO - Nifty 50 (Yahoo): 24235.60, Prev Close: 24167.25, Change: 68.35 pts (0.28%)
2025-04-23 08:22:25,986 - INFO - Nifty change: 68.35 points, Active buys: 1, Active sells: 0
2025-04-23 08:22:25,987 - INFO - Active order: VBL - BUY - OPEN
2025-04-23 08:22:25,987 - INFO - No trading action needed at this time
2025-04-23 08:22:25,988 - INFO - Monitoring 1 active orders...
2025-04-23 08:22:56,145 - INFO - Fetching Nifty data from Yahoo Finance
2025-04-23 08:22:56,279 - INFO - Nifty 50 (Yahoo): 24234.50, Prev Close: 24167.25, Change: 67.25 pts (0.28%)
2025-04-23 08:22:56,280 - INFO - Nifty change: 67.25 points, Active buys: 1, Active sells: 0
2025-04-23 08:22:56,280 - INFO - Active order: VBL - BUY - OPEN
2025-04-23 08:22:56,281 - INFO - No trading action needed at this time
2025-04-23 08:22:56,282 - INFO - Monitoring 1 active orders...
2025-04-23 08:23:26,438 - INFO - Fetching Nifty data from Yahoo Finance
2025-04-23 08:23:26,556 - INFO - Nifty 50 (Yahoo): 24235.00, Prev Close: 24167.25, Change: 67.75 pts (0.28%)
2025-04-23 08:23:26,557 - INFO - Nifty change: 67.75 points, Active buys: 1, Active sells: 0
2025-04-23 08:23:26,557 - INFO - Active order: VBL - BUY - OPEN
2025-04-23 08:23:26,558 - INFO - No trading action needed at this time
2025-04-23 08:23:26,558 - INFO - Monitoring 1 active orders...
2025-04-23 08:23:56,709 - INFO - Fetching Nifty data from Yahoo Finance
2025-04-23 08:23:56,830 - INFO - Nifty 50 (Yahoo): 24234.50, Prev Close: 24167.25, Change: 67.25 pts (0.28%)
2025-04-23 08:23:56,831 - INFO - Nifty change: 67.25 points, Active buys: 1, Active sells: 0
2025-04-23 08:23:56,831 - INFO - Active order: VBL - BUY - OPEN
2025-04-23 08:23:56,832 - INFO - No trading action needed at this time
2025-04-23 08:23:56,832 - INFO - Monitoring 1 active orders...
2025-04-23 08:24:27,002 - INFO - Fetching Nifty data from Yahoo Finance
2025-04-23 08:24:27,179 - INFO - Nifty 50 (Yahoo): 24235.70, Prev Close: 24167.25, Change: 68.45 pts (0.28%)
2025-04-23 08:24:27,180 - INFO - Nifty change: 68.45 points, Active buys: 1, Active sells: 0
2025-04-23 08:24:27,181 - INFO - Active order: VBL - BUY - OPEN
2025-04-23 08:24:27,182 - INFO - No trading action needed at this time
2025-04-23 08:24:27,184 - INFO - Monitoring 1 active orders...
2025-04-23 08:24:57,343 - INFO - Fetching Nifty data from Yahoo Finance
2025-04-23 08:24:57,473 - INFO - Nifty 50 (Yahoo): 24241.85, Prev Close: 24167.25, Change: 74.60 pts (0.31%)
2025-04-23 08:24:57,474 - INFO - Nifty moved 6.15 points since last check
2025-04-23 08:24:57,474 - INFO - Nifty change: 74.60 points, Active buys: 1, Active sells: 0
2025-04-23 08:24:57,474 - INFO - Active order: VBL - BUY - OPEN
2025-04-23 08:24:57,474 - INFO - No trading action needed at this time
2025-04-23 08:24:57,476 - INFO - Monitoring 1 active orders...
2025-04-23 08:25:27,634 - INFO - Fetching Nifty data from Yahoo Finance
2025-04-23 08:25:27,817 - INFO - Nifty 50 (Yahoo): 24242.00, Prev Close: 24167.25, Change: 74.75 pts (0.31%)
2025-04-23 08:25:27,818 - INFO - Nifty change: 74.75 points, Active buys: 1, Active sells: 0
2025-04-23 08:25:27,818 - INFO - Active order: VBL - BUY - OPEN
2025-04-23 08:25:27,818 - INFO - No trading action needed at this time
2025-04-23 08:25:27,819 - INFO - Monitoring 1 active orders...
2025-04-23 08:25:57,966 - INFO - Fetching Nifty data from Yahoo Finance
2025-04-23 08:25:58,100 - INFO - Nifty 50 (Yahoo): 24244.15, Prev Close: 24167.25, Change: 76.90 pts (0.32%)
2025-04-23 08:25:58,100 - INFO - Nifty change: 76.90 points, Active buys: 1, Active sells: 0
2025-04-23 08:25:58,101 - INFO - Active order: VBL - BUY - OPEN
2025-04-23 08:25:58,101 - INFO - No trading action needed at this time
2025-04-23 08:25:58,101 - INFO - Monitoring 1 active orders...
2025-04-23 08:26:28,259 - INFO - Fetching Nifty data from Yahoo Finance
2025-04-23 08:26:28,408 - INFO - Nifty 50 (Yahoo): 24241.30, Prev Close: 24167.25, Change: 74.05 pts (0.31%)
2025-04-23 08:26:28,409 - INFO - Nifty change: 74.05 points, Active buys: 1, Active sells: 0
2025-04-23 08:26:28,409 - INFO - Active order: VBL - BUY - OPEN
2025-04-23 08:26:28,409 - INFO - No trading action needed at this time
2025-04-23 08:26:28,410 - INFO - Monitoring 1 active orders...
2025-04-23 08:26:58,572 - INFO - Fetching Nifty data from Yahoo Finance
2025-04-23 08:26:58,712 - INFO - Nifty 50 (Yahoo): 24240.45, Prev Close: 24167.25, Change: 73.20 pts (0.30%)
2025-04-23 08:26:58,713 - INFO - Nifty change: 73.20 points, Active buys: 1, Active sells: 0
2025-04-23 08:26:58,714 - INFO - Active order: VBL - BUY - OPEN
2025-04-23 08:26:58,714 - INFO - No trading action needed at this time
2025-04-23 08:26:58,715 - INFO - Monitoring 1 active orders...
2025-04-23 08:27:28,865 - INFO - Fetching Nifty data from Yahoo Finance
2025-04-23 08:27:29,020 - INFO - Nifty 50 (Yahoo): 24238.20, Prev Close: 24167.25, Change: 70.95 pts (0.29%)
2025-04-23 08:27:29,021 - INFO - Nifty change: 70.95 points, Active buys: 1, Active sells: 0
2025-04-23 08:27:29,022 - INFO - Active order: VBL - BUY - OPEN
2025-04-23 08:27:29,022 - INFO - No trading action needed at this time
2025-04-23 08:27:29,023 - INFO - Monitoring 1 active orders...
2025-04-23 08:27:59,180 - INFO - Fetching Nifty data from Yahoo Finance
2025-04-23 08:27:59,311 - INFO - Nifty 50 (Yahoo): 24240.20, Prev Close: 24167.25, Change: 72.95 pts (0.30%)
2025-04-23 08:27:59,311 - INFO - Nifty change: 72.95 points, Active buys: 1, Active sells: 0
2025-04-23 08:27:59,312 - INFO - Active order: VBL - BUY - OPEN
2025-04-23 08:27:59,312 - INFO - No trading action needed at this time
2025-04-23 08:27:59,312 - INFO - Monitoring 1 active orders...
2025-04-23 08:28:29,477 - INFO - Fetching Nifty data from Yahoo Finance
2025-04-23 08:28:29,622 - INFO - Nifty 50 (Yahoo): 24246.45, Prev Close: 24167.25, Change: 79.20 pts (0.33%)
2025-04-23 08:28:29,623 - INFO - Nifty moved 6.25 points since last check
2025-04-23 08:28:29,623 - INFO - Nifty change: 79.20 points, Active buys: 1, Active sells: 0
2025-04-23 08:28:29,624 - INFO - Active order: VBL - BUY - OPEN
2025-04-23 08:28:29,624 - INFO - No trading action needed at this time
2025-04-23 08:28:29,624 - INFO - Monitoring 1 active orders...
2025-04-23 08:28:59,787 - INFO - Fetching Nifty data from Yahoo Finance
2025-04-23 08:28:59,953 - INFO - Nifty 50 (Yahoo): 24247.70, Prev Close: 24167.25, Change: 80.45 pts (0.33%)
2025-04-23 08:28:59,953 - INFO - Nifty change: 80.45 points, Active buys: 1, Active sells: 0
2025-04-23 08:28:59,953 - INFO - Active order: VBL - BUY - OPEN
2025-04-23 08:28:59,954 - INFO - No trading action needed at this time
2025-04-23 08:28:59,954 - INFO - Monitoring 1 active orders...
2025-04-23 08:29:30,109 - INFO - Fetching Nifty data from Yahoo Finance
2025-04-23 08:29:30,229 - INFO - Nifty 50 (Yahoo): 24247.10, Prev Close: 24167.25, Change: 79.85 pts (0.33%)
2025-04-23 08:29:30,229 - INFO - Nifty change: 79.85 points, Active buys: 1, Active sells: 0
2025-04-23 08:29:30,230 - INFO - Active order: VBL - BUY - OPEN
2025-04-23 08:29:30,230 - INFO - No trading action needed at this time
2025-04-23 08:29:30,230 - INFO - Monitoring 1 active orders...
2025-04-23 08:30:00,394 - INFO - Fetching Nifty data from Yahoo Finance
2025-04-23 08:30:00,524 - INFO - Nifty 50 (Yahoo): 24249.80, Prev Close: 24167.25, Change: 82.55 pts (0.34%)
2025-04-23 08:30:00,525 - INFO - Nifty change: 82.55 points, Active buys: 1, Active sells: 0
2025-04-23 08:30:00,525 - INFO - Active order: VBL - BUY - OPEN
2025-04-23 08:30:00,525 - INFO - No trading action needed at this time
2025-04-23 08:30:00,525 - INFO - Monitoring 1 active orders...
2025-04-23 08:30:30,677 - INFO - Fetching Nifty data from Yahoo Finance
2025-04-23 08:30:30,815 - INFO - Nifty 50 (Yahoo): 24248.90, Prev Close: 24167.25, Change: 81.65 pts (0.34%)
2025-04-23 08:30:30,815 - INFO - Nifty change: 81.65 points, Active buys: 1, Active sells: 0
2025-04-23 08:30:30,815 - INFO - Active order: VBL - BUY - OPEN
2025-04-23 08:30:30,816 - INFO - No trading action needed at this time
2025-04-23 08:30:30,816 - INFO - Monitoring 1 active orders...
2025-04-23 08:31:00,977 - INFO - Fetching Nifty data from Yahoo Finance
2025-04-23 08:31:01,114 - INFO - Nifty 50 (Yahoo): 24250.00, Prev Close: 24167.25, Change: 82.75 pts (0.34%)
2025-04-23 08:31:01,115 - INFO - Nifty change: 82.75 points, Active buys: 1, Active sells: 0
2025-04-23 08:31:01,116 - INFO - Active order: VBL - BUY - OPEN
2025-04-23 08:31:01,116 - INFO - No trading action needed at this time
2025-04-23 08:31:01,117 - INFO - Monitoring 1 active orders...
2025-04-23 08:31:31,266 - INFO - Fetching Nifty data from Yahoo Finance
2025-04-23 08:31:31,387 - INFO - Nifty 50 (Yahoo): 24253.85, Prev Close: 24167.25, Change: 86.60 pts (0.36%)
2025-04-23 08:31:31,390 - INFO - Nifty change: 86.60 points, Active buys: 1, Active sells: 0
2025-04-23 08:31:31,391 - INFO - Active order: VBL - BUY - OPEN
2025-04-23 08:31:31,391 - INFO - No trading action needed at this time
2025-04-23 08:31:31,392 - INFO - Monitoring 1 active orders...
2025-04-23 08:32:01,552 - INFO - Fetching Nifty data from Yahoo Finance
2025-04-23 08:32:01,672 - INFO - Nifty 50 (Yahoo): 24254.80, Prev Close: 24167.25, Change: 87.55 pts (0.36%)
2025-04-23 08:32:01,673 - INFO - Nifty change: 87.55 points, Active buys: 1, Active sells: 0
2025-04-23 08:32:01,673 - INFO - Active order: VBL - BUY - OPEN
2025-04-23 08:32:01,673 - INFO - No trading action needed at this time
2025-04-23 08:32:01,674 - INFO - Monitoring 1 active orders...
2025-04-23 08:32:31,826 - INFO - Fetching Nifty data from Yahoo Finance
2025-04-23 08:32:31,948 - INFO - Nifty 50 (Yahoo): 24257.85, Prev Close: 24167.25, Change: 90.60 pts (0.37%)
2025-04-23 08:32:31,948 - INFO - Nifty change: 90.60 points, Active buys: 1, Active sells: 0
2025-04-23 08:32:31,948 - INFO - Active order: VBL - BUY - OPEN
2025-04-23 08:32:31,949 - INFO - No trading action needed at this time
2025-04-23 08:32:31,949 - INFO - Monitoring 1 active orders...
2025-04-23 08:33:02,118 - INFO - Fetching Nifty data from Yahoo Finance
2025-04-23 08:33:02,281 - INFO - Nifty 50 (Yahoo): 24259.00, Prev Close: 24167.25, Change: 91.75 pts (0.38%)
2025-04-23 08:33:02,281 - INFO - Nifty change: 91.75 points, Active buys: 1, Active sells: 0
2025-04-23 08:33:02,282 - INFO - Active order: VBL - BUY - OPEN
2025-04-23 08:33:02,282 - INFO - No trading action needed at this time
2025-04-23 08:33:02,283 - INFO - Monitoring 1 active orders...
2025-04-23 08:33:32,449 - INFO - Fetching Nifty data from Yahoo Finance
2025-04-23 08:33:32,597 - INFO - Nifty 50 (Yahoo): 24256.60, Prev Close: 24167.25, Change: 89.35 pts (0.37%)
2025-04-23 08:33:32,598 - INFO - Nifty change: 89.35 points, Active buys: 1, Active sells: 0
2025-04-23 08:33:32,598 - INFO - Active order: VBL - BUY - OPEN
2025-04-23 08:33:32,598 - INFO - No trading action needed at this time
2025-04-23 08:33:32,599 - INFO - Monitoring 1 active orders...
2025-04-23 08:34:02,760 - INFO - Fetching Nifty data from Yahoo Finance
2025-04-23 08:34:02,890 - INFO - Nifty 50 (Yahoo): 24261.90, Prev Close: 24167.25, Change: 94.65 pts (0.39%)
2025-04-23 08:34:02,891 - INFO - Nifty moved 5.30 points since last check
2025-04-23 08:34:02,891 - INFO - Nifty change: 94.65 points, Active buys: 1, Active sells: 0
2025-04-23 08:34:02,891 - INFO - Active order: VBL - BUY - OPEN
2025-04-23 08:34:02,892 - INFO - No trading action needed at this time
2025-04-23 08:34:02,892 - INFO - Monitoring 1 active orders...
2025-04-23 08:34:33,057 - INFO - Fetching Nifty data from Yahoo Finance
2025-04-23 08:34:33,213 - INFO - Nifty 50 (Yahoo): 24262.65, Prev Close: 24167.25, Change: 95.40 pts (0.39%)
2025-04-23 08:34:33,214 - INFO - Nifty change: 95.40 points, Active buys: 1, Active sells: 0
2025-04-23 08:34:33,214 - INFO - Active order: VBL - BUY - OPEN
2025-04-23 08:34:33,214 - INFO - No trading action needed at this time
2025-04-23 08:34:33,215 - INFO - Monitoring 1 active orders...
2025-04-23 08:35:03,384 - INFO - Fetching Nifty data from Yahoo Finance
2025-04-23 08:35:03,537 - INFO - Nifty 50 (Yahoo): 24265.15, Prev Close: 24167.25, Change: 97.90 pts (0.41%)
2025-04-23 08:35:03,537 - INFO - Nifty change: 97.90 points, Active buys: 1, Active sells: 0
2025-04-23 08:35:03,537 - INFO - Active order: VBL - BUY - OPEN
2025-04-23 08:35:03,538 - INFO - No trading action needed at this time
2025-04-23 08:35:03,538 - INFO - Monitoring 1 active orders...
2025-04-23 08:35:33,692 - INFO - Fetching Nifty data from Yahoo Finance
2025-04-23 08:35:33,831 - INFO - Nifty 50 (Yahoo): 24264.65, Prev Close: 24167.25, Change: 97.40 pts (0.40%)
2025-04-23 08:35:33,831 - INFO - Nifty change: 97.40 points, Active buys: 1, Active sells: 0
2025-04-23 08:35:33,831 - INFO - Active order: VBL - BUY - OPEN
2025-04-23 08:35:33,832 - INFO - No trading action needed at this time
2025-04-23 08:35:33,832 - INFO - Monitoring 1 active orders...
2025-04-23 08:36:04,010 - INFO - Fetching Nifty data from Yahoo Finance
2025-04-23 08:36:04,181 - INFO - Nifty 50 (Yahoo): 24262.40, Prev Close: 24167.25, Change: 95.15 pts (0.39%)
2025-04-23 08:36:04,183 - INFO - Nifty change: 95.15 points, Active buys: 1, Active sells: 0
2025-04-23 08:36:04,183 - INFO - Active order: VBL - BUY - OPEN
2025-04-23 08:36:04,183 - INFO - No trading action needed at this time
2025-04-23 08:36:04,184 - INFO - Monitoring 1 active orders...
2025-04-23 08:36:34,339 - INFO - Fetching Nifty data from Yahoo Finance
2025-04-23 08:36:34,530 - INFO - Nifty 50 (Yahoo): 24259.45, Prev Close: 24167.25, Change: 92.20 pts (0.38%)
2025-04-23 08:36:34,530 - INFO - Nifty change: 92.20 points, Active buys: 1, Active sells: 0
2025-04-23 08:36:34,531 - INFO - Active order: VBL - BUY - OPEN
2025-04-23 08:36:34,531 - INFO - No trading action needed at this time
2025-04-23 08:36:34,531 - INFO - Monitoring 1 active orders...
2025-04-23 08:37:05,003 - INFO - Fetching Nifty data from Yahoo Finance
2025-04-23 08:37:05,156 - INFO - Nifty 50 (Yahoo): 24255.80, Prev Close: 24167.25, Change: 88.55 pts (0.37%)
2025-04-23 08:37:05,157 - INFO - Nifty change: 88.55 points, Active buys: 1, Active sells: 0
2025-04-23 08:37:05,158 - INFO - Active order: VBL - BUY - OPEN
2025-04-23 08:37:05,158 - INFO - No trading action needed at this time
2025-04-23 08:37:05,159 - INFO - Monitoring 1 active orders...
2025-04-23 08:37:35,327 - INFO - Fetching Nifty data from Yahoo Finance
2025-04-23 08:37:35,477 - INFO - Nifty 50 (Yahoo): 24255.50, Prev Close: 24167.25, Change: 88.25 pts (0.37%)
2025-04-23 08:37:35,477 - INFO - Nifty change: 88.25 points, Active buys: 1, Active sells: 0
2025-04-23 08:37:35,477 - INFO - Active order: VBL - BUY - OPEN
2025-04-23 08:37:35,477 - INFO - No trading action needed at this time
2025-04-23 08:37:35,478 - INFO - Monitoring 1 active orders...
2025-04-23 08:38:05,628 - INFO - Fetching Nifty data from Yahoo Finance
2025-04-23 08:38:05,772 - INFO - Nifty 50 (Yahoo): 24252.50, Prev Close: 24167.25, Change: 85.25 pts (0.35%)
2025-04-23 08:38:05,772 - INFO - Nifty change: 85.25 points, Active buys: 1, Active sells: 0
2025-04-23 08:38:05,773 - INFO - Active order: VBL - BUY - OPEN
2025-04-23 08:38:05,773 - INFO - No trading action needed at this time
2025-04-23 08:38:05,773 - INFO - Monitoring 1 active orders...
2025-04-23 08:38:35,929 - INFO - Fetching Nifty data from Yahoo Finance
2025-04-23 08:38:36,097 - INFO - Nifty 50 (Yahoo): 24256.75, Prev Close: 24167.25, Change: 89.50 pts (0.37%)
2025-04-23 08:38:36,098 - INFO - Nifty change: 89.50 points, Active buys: 1, Active sells: 0
2025-04-23 08:38:36,098 - INFO - Active order: VBL - BUY - OPEN
2025-04-23 08:38:36,098 - INFO - No trading action needed at this time
2025-04-23 08:38:36,098 - INFO - Monitoring 1 active orders...
2025-04-23 08:39:06,250 - INFO - Fetching Nifty data from Yahoo Finance
2025-04-23 08:39:06,403 - INFO - Nifty 50 (Yahoo): 24251.75, Prev Close: 24167.25, Change: 84.50 pts (0.35%)
2025-04-23 08:39:06,404 - INFO - Nifty moved -5.00 points since last check
2025-04-23 08:39:06,404 - INFO - Nifty change: 84.50 points, Active buys: 1, Active sells: 0
2025-04-23 08:39:06,405 - INFO - Active order: VBL - BUY - OPEN
2025-04-23 08:39:06,406 - INFO - No trading action needed at this time
2025-04-23 08:39:06,406 - INFO - Monitoring 1 active orders...
2025-04-23 08:39:36,573 - INFO - Fetching Nifty data from Yahoo Finance
2025-04-23 08:39:36,710 - INFO - Nifty 50 (Yahoo): 24254.40, Prev Close: 24167.25, Change: 87.15 pts (0.36%)
2025-04-23 08:39:36,710 - INFO - Nifty change: 87.15 points, Active buys: 1, Active sells: 0
2025-04-23 08:39:36,711 - INFO - Active order: VBL - BUY - OPEN
2025-04-23 08:39:36,711 - INFO - No trading action needed at this time
2025-04-23 08:39:36,711 - INFO - Monitoring 1 active orders...
2025-04-23 08:40:06,872 - INFO - Fetching Nifty data from Yahoo Finance
2025-04-23 08:40:07,013 - INFO - Nifty 50 (Yahoo): 24254.55, Prev Close: 24167.25, Change: 87.30 pts (0.36%)
2025-04-23 08:40:07,013 - INFO - Nifty change: 87.30 points, Active buys: 1, Active sells: 0
2025-04-23 08:40:07,013 - INFO - Active order: VBL - BUY - OPEN
2025-04-23 08:40:07,014 - INFO - No trading action needed at this time
2025-04-23 08:40:07,014 - INFO - Monitoring 1 active orders...
2025-04-23 08:40:37,177 - INFO - Fetching Nifty data from Yahoo Finance
2025-04-23 08:40:37,345 - INFO - Nifty 50 (Yahoo): 24256.70, Prev Close: 24167.25, Change: 89.45 pts (0.37%)
2025-04-23 08:40:37,346 - INFO - Nifty change: 89.45 points, Active buys: 1, Active sells: 0
2025-04-23 08:40:37,347 - INFO - Active order: VBL - BUY - OPEN
2025-04-23 08:40:37,347 - INFO - No trading action needed at this time
2025-04-23 08:40:37,348 - INFO - Monitoring 1 active orders...
2025-04-23 08:41:07,512 - INFO - Fetching Nifty data from Yahoo Finance
2025-04-23 08:41:07,676 - INFO - Nifty 50 (Yahoo): 24255.70, Prev Close: 24167.25, Change: 88.45 pts (0.37%)
2025-04-23 08:41:07,676 - INFO - Nifty change: 88.45 points, Active buys: 1, Active sells: 0
2025-04-23 08:41:07,677 - INFO - Active order: VBL - BUY - OPEN
2025-04-23 08:41:07,678 - INFO - No trading action needed at this time
2025-04-23 08:41:07,678 - INFO - Monitoring 1 active orders...
2025-04-23 08:41:37,838 - INFO - Fetching Nifty data from Yahoo Finance
2025-04-23 08:41:37,964 - INFO - Nifty 50 (Yahoo): 24255.10, Prev Close: 24167.25, Change: 87.85 pts (0.36%)
2025-04-23 08:41:37,965 - INFO - Nifty change: 87.85 points, Active buys: 1, Active sells: 0
2025-04-23 08:41:37,965 - INFO - Active order: VBL - BUY - OPEN
2025-04-23 08:41:37,965 - INFO - No trading action needed at this time
2025-04-23 08:41:37,966 - INFO - Monitoring 1 active orders...
2025-04-23 08:42:08,132 - INFO - Fetching Nifty data from Yahoo Finance
2025-04-23 08:42:08,254 - INFO - Nifty 50 (Yahoo): 24251.30, Prev Close: 24167.25, Change: 84.05 pts (0.35%)
2025-04-23 08:42:08,255 - INFO - Nifty change: 84.05 points, Active buys: 1, Active sells: 0
2025-04-23 08:42:08,256 - INFO - Active order: VBL - BUY - OPEN
2025-04-23 08:42:08,257 - INFO - No trading action needed at this time
2025-04-23 08:42:08,258 - INFO - Monitoring 1 active orders...
2025-04-23 08:42:38,422 - INFO - Fetching Nifty data from Yahoo Finance
2025-04-23 08:42:38,570 - INFO - Nifty 50 (Yahoo): 24239.70, Prev Close: 24167.25, Change: 72.45 pts (0.30%)
2025-04-23 08:42:38,571 - INFO - Nifty moved -11.60 points since last check
2025-04-23 08:42:38,572 - INFO - Nifty change: 72.45 points, Active buys: 1, Active sells: 0
2025-04-23 08:42:38,573 - INFO - Active order: VBL - BUY - OPEN
2025-04-23 08:42:38,574 - INFO - No trading action needed at this time
2025-04-23 08:42:38,575 - INFO - Monitoring 1 active orders...
2025-04-23 08:43:08,745 - INFO - Fetching Nifty data from Yahoo Finance
2025-04-23 08:43:08,891 - INFO - Nifty 50 (Yahoo): 24232.80, Prev Close: 24167.25, Change: 65.55 pts (0.27%)
2025-04-23 08:43:08,892 - INFO - Nifty moved -6.90 points since last check
2025-04-23 08:43:08,892 - INFO - Nifty change: 65.55 points, Active buys: 1, Active sells: 0
2025-04-23 08:43:08,892 - INFO - Active order: VBL - BUY - OPEN
2025-04-23 08:43:08,893 - INFO - No trading action needed at this time
2025-04-23 08:43:08,893 - INFO - Monitoring 1 active orders...
2025-04-23 08:43:39,059 - INFO - Fetching Nifty data from Yahoo Finance
2025-04-23 08:43:39,227 - INFO - Nifty 50 (Yahoo): 24234.00, Prev Close: 24167.25, Change: 66.75 pts (0.28%)
2025-04-23 08:43:39,228 - INFO - Nifty change: 66.75 points, Active buys: 1, Active sells: 0
2025-04-23 08:43:39,228 - INFO - Active order: VBL - BUY - OPEN
2025-04-23 08:43:39,229 - INFO - No trading action needed at this time
2025-04-23 08:43:39,229 - INFO - Monitoring 1 active orders...
2025-04-23 08:44:09,393 - INFO - Fetching Nifty data from Yahoo Finance
2025-04-23 08:44:09,554 - INFO - Nifty 50 (Yahoo): 24239.55, Prev Close: 24167.25, Change: 72.30 pts (0.30%)
2025-04-23 08:44:09,555 - INFO - Nifty moved 5.55 points since last check
2025-04-23 08:44:09,555 - INFO - Nifty change: 72.30 points, Active buys: 1, Active sells: 0
2025-04-23 08:44:09,556 - INFO - Active order: VBL - BUY - OPEN
2025-04-23 08:44:09,556 - INFO - No trading action needed at this time
2025-04-23 08:44:09,557 - INFO - Monitoring 1 active orders...
2025-04-23 08:44:39,717 - INFO - Fetching Nifty data from Yahoo Finance
2025-04-23 08:44:39,855 - INFO - Nifty 50 (Yahoo): 24245.00, Prev Close: 24167.25, Change: 77.75 pts (0.32%)
2025-04-23 08:44:39,855 - INFO - Nifty moved 5.45 points since last check
2025-04-23 08:44:39,856 - INFO - Nifty change: 77.75 points, Active buys: 1, Active sells: 0
2025-04-23 08:44:39,856 - INFO - Active order: VBL - BUY - OPEN
2025-04-23 08:44:39,856 - INFO - No trading action needed at this time
2025-04-23 08:44:39,856 - INFO - Monitoring 1 active orders...
2025-04-23 08:45:10,016 - INFO - Fetching Nifty data from Yahoo Finance
2025-04-23 08:45:10,196 - INFO - Nifty 50 (Yahoo): 24245.35, Prev Close: 24167.25, Change: 78.10 pts (0.32%)
2025-04-23 08:45:10,196 - INFO - Nifty change: 78.10 points, Active buys: 1, Active sells: 0
2025-04-23 08:45:10,196 - INFO - Active order: VBL - BUY - OPEN
2025-04-23 08:45:10,197 - INFO - No trading action needed at this time
2025-04-23 08:45:10,197 - INFO - Monitoring 1 active orders...
2025-04-23 08:45:40,358 - INFO - Fetching Nifty data from Yahoo Finance
2025-04-23 08:45:40,489 - INFO - Nifty 50 (Yahoo): 24245.55, Prev Close: 24167.25, Change: 78.30 pts (0.32%)
2025-04-23 08:45:40,490 - INFO - Nifty change: 78.30 points, Active buys: 1, Active sells: 0
2025-04-23 08:45:40,491 - INFO - Active order: VBL - BUY - OPEN
2025-04-23 08:45:40,492 - INFO - No trading action needed at this time
2025-04-23 08:45:40,492 - INFO - Monitoring 1 active orders...
2025-04-23 08:46:10,651 - INFO - Fetching Nifty data from Yahoo Finance
2025-04-23 08:46:10,801 - INFO - Nifty 50 (Yahoo): 24239.50, Prev Close: 24167.25, Change: 72.25 pts (0.30%)
2025-04-23 08:46:10,802 - INFO - Nifty moved -6.05 points since last check
2025-04-23 08:46:10,802 - INFO - Nifty change: 72.25 points, Active buys: 1, Active sells: 0
2025-04-23 08:46:10,803 - INFO - Active order: VBL - BUY - OPEN
2025-04-23 08:46:10,803 - INFO - No trading action needed at this time
2025-04-23 08:46:10,804 - INFO - Monitoring 1 active orders...
2025-04-23 08:46:40,975 - INFO - Fetching Nifty data from Yahoo Finance
2025-04-23 08:46:41,131 - INFO - Nifty 50 (Yahoo): 24234.45, Prev Close: 24167.25, Change: 67.20 pts (0.28%)
2025-04-23 08:46:41,132 - INFO - Nifty moved -5.05 points since last check
2025-04-23 08:46:41,132 - INFO - Nifty change: 67.20 points, Active buys: 1, Active sells: 0
2025-04-23 08:46:41,133 - INFO - Active order: VBL - BUY - OPEN
2025-04-23 08:46:41,133 - INFO - No trading action needed at this time
2025-04-23 08:46:41,133 - INFO - Monitoring 1 active orders...
2025-04-23 08:47:11,302 - INFO - Fetching Nifty data from Yahoo Finance
2025-04-23 08:47:11,417 - INFO - Nifty 50 (Yahoo): 24239.65, Prev Close: 24167.25, Change: 72.40 pts (0.30%)
2025-04-23 08:47:11,418 - INFO - Nifty moved 5.20 points since last check
2025-04-23 08:47:11,418 - INFO - Nifty change: 72.40 points, Active buys: 1, Active sells: 0
2025-04-23 08:47:11,418 - INFO - Active order: VBL - BUY - OPEN
2025-04-23 08:47:11,418 - INFO - No trading action needed at this time
2025-04-23 08:47:11,419 - INFO - Monitoring 1 active orders...
2025-04-23 08:47:41,592 - INFO - Fetching Nifty data from Yahoo Finance
2025-04-23 08:47:41,751 - INFO - Nifty 50 (Yahoo): 24238.55, Prev Close: 24167.25, Change: 71.30 pts (0.30%)
2025-04-23 08:47:41,752 - INFO - Nifty change: 71.30 points, Active buys: 1, Active sells: 0
2025-04-23 08:47:41,752 - INFO - Active order: VBL - BUY - OPEN
2025-04-23 08:47:41,752 - INFO - No trading action needed at this time
2025-04-23 08:47:41,753 - INFO - Monitoring 1 active orders...
2025-04-23 08:48:11,910 - INFO - Fetching Nifty data from Yahoo Finance
2025-04-23 08:48:12,061 - INFO - Nifty 50 (Yahoo): 24230.75, Prev Close: 24167.25, Change: 63.50 pts (0.26%)
2025-04-23 08:48:12,062 - INFO - Nifty moved -7.80 points since last check
2025-04-23 08:48:12,062 - INFO - Nifty change: 63.50 points, Active buys: 1, Active sells: 0
2025-04-23 08:48:12,063 - INFO - Active order: VBL - BUY - OPEN
2025-04-23 08:48:12,063 - INFO - No trading action needed at this time
2025-04-23 08:48:12,063 - INFO - Monitoring 1 active orders...
2025-04-23 08:48:42,219 - INFO - Fetching Nifty data from Yahoo Finance
2025-04-23 08:48:42,373 - INFO - Nifty 50 (Yahoo): 24233.45, Prev Close: 24167.25, Change: 66.20 pts (0.27%)
2025-04-23 08:48:42,375 - INFO - Nifty change: 66.20 points, Active buys: 1, Active sells: 0
2025-04-23 08:48:42,376 - INFO - Active order: VBL - BUY - OPEN
2025-04-23 08:48:42,376 - INFO - No trading action needed at this time
2025-04-23 08:48:42,377 - INFO - Monitoring 1 active orders...
2025-04-23 08:49:12,544 - INFO - Fetching Nifty data from Yahoo Finance
2025-04-23 08:49:12,711 - INFO - Nifty 50 (Yahoo): 24233.95, Prev Close: 24167.25, Change: 66.70 pts (0.28%)
2025-04-23 08:49:12,711 - INFO - Nifty change: 66.70 points, Active buys: 1, Active sells: 0
2025-04-23 08:49:12,712 - INFO - Active order: VBL - BUY - OPEN
2025-04-23 08:49:12,712 - INFO - No trading action needed at this time
2025-04-23 08:49:12,712 - INFO - Monitoring 1 active orders...
2025-04-23 08:49:42,882 - INFO - Fetching Nifty data from Yahoo Finance
2025-04-23 08:49:43,059 - INFO - Nifty 50 (Yahoo): 24237.60, Prev Close: 24167.25, Change: 70.35 pts (0.29%)
2025-04-23 08:49:43,060 - INFO - Nifty change: 70.35 points, Active buys: 1, Active sells: 0
2025-04-23 08:49:43,060 - INFO - Active order: VBL - BUY - OPEN
2025-04-23 08:49:43,060 - INFO - No trading action needed at this time
2025-04-23 08:49:43,060 - INFO - Monitoring 1 active orders...
2025-04-23 08:50:13,222 - INFO - Fetching Nifty data from Yahoo Finance
2025-04-23 08:50:13,359 - INFO - Nifty 50 (Yahoo): 24241.25, Prev Close: 24167.25, Change: 74.00 pts (0.31%)
2025-04-23 08:50:13,360 - INFO - Nifty change: 74.00 points, Active buys: 1, Active sells: 0
2025-04-23 08:50:13,360 - INFO - Active order: VBL - BUY - OPEN
2025-04-23 08:50:13,360 - INFO - No trading action needed at this time
2025-04-23 08:50:13,361 - INFO - Monitoring 1 active orders...
2025-04-23 08:50:43,517 - INFO - Fetching Nifty data from Yahoo Finance
2025-04-23 08:50:43,642 - INFO - Nifty 50 (Yahoo): 24243.65, Prev Close: 24167.25, Change: 76.40 pts (0.32%)
2025-04-23 08:50:43,642 - INFO - Nifty change: 76.40 points, Active buys: 1, Active sells: 0
2025-04-23 08:50:43,642 - INFO - Active order: VBL - BUY - OPEN
2025-04-23 08:50:43,643 - INFO - No trading action needed at this time
2025-04-23 08:50:43,643 - INFO - Monitoring 1 active orders...
2025-04-23 08:51:13,794 - INFO - Fetching Nifty data from Yahoo Finance
2025-04-23 08:51:13,933 - INFO - Nifty 50 (Yahoo): 24244.75, Prev Close: 24167.25, Change: 77.50 pts (0.32%)
2025-04-23 08:51:13,934 - INFO - Nifty change: 77.50 points, Active buys: 1, Active sells: 0
2025-04-23 08:51:13,934 - INFO - Active order: VBL - BUY - OPEN
2025-04-23 08:51:13,934 - INFO - No trading action needed at this time
2025-04-23 08:51:13,935 - INFO - Monitoring 1 active orders...
2025-04-23 08:51:44,084 - INFO - Fetching Nifty data from Yahoo Finance
2025-04-23 08:51:44,209 - INFO - Nifty 50 (Yahoo): 24247.45, Prev Close: 24167.25, Change: 80.20 pts (0.33%)
2025-04-23 08:51:44,210 - INFO - Nifty change: 80.20 points, Active buys: 1, Active sells: 0
2025-04-23 08:51:44,210 - INFO - Active order: VBL - BUY - OPEN
2025-04-23 08:51:44,210 - INFO - No trading action needed at this time
2025-04-23 08:51:44,211 - INFO - Monitoring 1 active orders...
2025-04-23 08:52:14,376 - INFO - Fetching Nifty data from Yahoo Finance
2025-04-23 08:52:14,529 - INFO - Nifty 50 (Yahoo): 24247.30, Prev Close: 24167.25, Change: 80.05 pts (0.33%)
2025-04-23 08:52:14,530 - INFO - Nifty change: 80.05 points, Active buys: 1, Active sells: 0
2025-04-23 08:52:14,530 - INFO - Active order: VBL - BUY - OPEN
2025-04-23 08:52:14,530 - INFO - No trading action needed at this time
2025-04-23 08:52:14,531 - INFO - Monitoring 1 active orders...
2025-04-23 08:52:44,687 - INFO - Fetching Nifty data from Yahoo Finance
2025-04-23 08:52:44,866 - INFO - Nifty 50 (Yahoo): 24247.15, Prev Close: 24167.25, Change: 79.90 pts (0.33%)
2025-04-23 08:52:44,868 - INFO - Nifty change: 79.90 points, Active buys: 1, Active sells: 0
2025-04-23 08:52:44,869 - INFO - Active order: VBL - BUY - OPEN
2025-04-23 08:52:44,869 - INFO - No trading action needed at this time
2025-04-23 08:52:44,870 - INFO - Monitoring 1 active orders...
2025-04-23 08:53:15,032 - INFO - Fetching Nifty data from Yahoo Finance
2025-04-23 08:53:15,165 - INFO - Nifty 50 (Yahoo): 24246.05, Prev Close: 24167.25, Change: 78.80 pts (0.33%)
2025-04-23 08:53:15,166 - INFO - Nifty change: 78.80 points, Active buys: 1, Active sells: 0
2025-04-23 08:53:15,166 - INFO - Active order: VBL - BUY - OPEN
2025-04-23 08:53:15,167 - INFO - No trading action needed at this time
2025-04-23 08:53:15,168 - INFO - Monitoring 1 active orders...
2025-04-23 08:53:45,322 - INFO - Fetching Nifty data from Yahoo Finance
2025-04-23 08:53:45,461 - INFO - Nifty 50 (Yahoo): 24246.10, Prev Close: 24167.25, Change: 78.85 pts (0.33%)
2025-04-23 08:53:45,462 - INFO - Nifty change: 78.85 points, Active buys: 1, Active sells: 0
2025-04-23 08:53:45,462 - INFO - Active order: VBL - BUY - OPEN
2025-04-23 08:53:45,462 - INFO - No trading action needed at this time
2025-04-23 08:53:45,463 - INFO - Monitoring 1 active orders...
2025-04-23 08:54:15,622 - INFO - Fetching Nifty data from Yahoo Finance
2025-04-23 08:54:15,766 - INFO - Nifty 50 (Yahoo): 24247.80, Prev Close: 24167.25, Change: 80.55 pts (0.33%)
2025-04-23 08:54:15,767 - INFO - Nifty change: 80.55 points, Active buys: 1, Active sells: 0
2025-04-23 08:54:15,767 - INFO - Active order: VBL - BUY - OPEN
2025-04-23 08:54:15,767 - INFO - No trading action needed at this time
2025-04-23 08:54:15,768 - INFO - Monitoring 1 active orders...
2025-04-23 08:54:45,920 - INFO - Fetching Nifty data from Yahoo Finance
2025-04-23 08:54:46,077 - INFO - Nifty 50 (Yahoo): 24252.40, Prev Close: 24167.25, Change: 85.15 pts (0.35%)
2025-04-23 08:54:46,077 - INFO - Nifty change: 85.15 points, Active buys: 1, Active sells: 0
2025-04-23 08:54:46,077 - INFO - Active order: VBL - BUY - OPEN
2025-04-23 08:54:46,078 - INFO - No trading action needed at this time
2025-04-23 08:54:46,078 - INFO - Monitoring 1 active orders...
2025-04-23 08:55:16,251 - INFO - Fetching Nifty data from Yahoo Finance
2025-04-23 08:55:16,408 - INFO - Nifty 50 (Yahoo): 24254.35, Prev Close: 24167.25, Change: 87.10 pts (0.36%)
2025-04-23 08:55:16,408 - INFO - Nifty change: 87.10 points, Active buys: 1, Active sells: 0
2025-04-23 08:55:16,409 - INFO - Active order: VBL - BUY - OPEN
2025-04-23 08:55:16,409 - INFO - No trading action needed at this time
2025-04-23 08:55:16,409 - INFO - Monitoring 1 active orders...
2025-04-23 08:55:46,568 - INFO - Fetching Nifty data from Yahoo Finance
2025-04-23 08:55:46,695 - INFO - Nifty 50 (Yahoo): 24253.30, Prev Close: 24167.25, Change: 86.05 pts (0.36%)
2025-04-23 08:55:46,696 - INFO - Nifty change: 86.05 points, Active buys: 1, Active sells: 0
2025-04-23 08:55:46,697 - INFO - Active order: VBL - BUY - OPEN
2025-04-23 08:55:46,698 - INFO - No trading action needed at this time
2025-04-23 08:55:46,699 - INFO - Monitoring 1 active orders...
2025-04-23 08:56:16,869 - INFO - Fetching Nifty data from Yahoo Finance
2025-04-23 08:56:17,019 - INFO - Nifty 50 (Yahoo): 24253.05, Prev Close: 24167.25, Change: 85.80 pts (0.36%)
2025-04-23 08:56:17,020 - INFO - Nifty change: 85.80 points, Active buys: 1, Active sells: 0
2025-04-23 08:56:17,020 - INFO - Active order: VBL - BUY - OPEN
2025-04-23 08:56:17,021 - INFO - No trading action needed at this time
2025-04-23 08:56:17,022 - INFO - Monitoring 1 active orders...
2025-04-23 08:56:47,190 - INFO - Fetching Nifty data from Yahoo Finance
2025-04-23 08:56:47,364 - INFO - Nifty 50 (Yahoo): 24254.05, Prev Close: 24167.25, Change: 86.80 pts (0.36%)
2025-04-23 08:56:47,366 - INFO - Nifty change: 86.80 points, Active buys: 1, Active sells: 0
2025-04-23 08:56:47,366 - INFO - Active order: VBL - BUY - OPEN
2025-04-23 08:56:47,367 - INFO - No trading action needed at this time
2025-04-23 08:56:47,368 - INFO - Monitoring 1 active orders...
2025-04-23 08:57:17,524 - INFO - Fetching Nifty data from Yahoo Finance
2025-04-23 08:57:17,662 - INFO - Nifty 50 (Yahoo): 24257.50, Prev Close: 24167.25, Change: 90.25 pts (0.37%)
2025-04-23 08:57:17,663 - INFO - Nifty change: 90.25 points, Active buys: 1, Active sells: 0
2025-04-23 08:57:17,663 - INFO - Active order: VBL - BUY - OPEN
2025-04-23 08:57:17,664 - INFO - No trading action needed at this time
2025-04-23 08:57:17,664 - INFO - Monitoring 1 active orders...
2025-04-23 08:57:47,831 - INFO - Fetching Nifty data from Yahoo Finance
2025-04-23 08:57:47,977 - INFO - Nifty 50 (Yahoo): 24260.20, Prev Close: 24167.25, Change: 92.95 pts (0.38%)
2025-04-23 08:57:47,978 - INFO - Nifty change: 92.95 points, Active buys: 1, Active sells: 0
2025-04-23 08:57:47,979 - INFO - Active order: VBL - BUY - OPEN
2025-04-23 08:57:47,979 - INFO - No trading action needed at this time
2025-04-23 08:57:47,980 - INFO - Monitoring 1 active orders...
2025-04-23 08:58:18,137 - INFO - Fetching Nifty data from Yahoo Finance
2025-04-23 08:58:18,279 - INFO - Nifty 50 (Yahoo): 24259.80, Prev Close: 24167.25, Change: 92.55 pts (0.38%)
2025-04-23 08:58:18,280 - INFO - Nifty change: 92.55 points, Active buys: 1, Active sells: 0
2025-04-23 08:58:18,280 - INFO - Active order: VBL - BUY - OPEN
2025-04-23 08:58:18,281 - INFO - No trading action needed at this time
2025-04-23 08:58:18,281 - INFO - Monitoring 1 active orders...
2025-04-23 08:58:48,454 - INFO - Fetching Nifty data from Yahoo Finance
2025-04-23 08:58:48,600 - INFO - Nifty 50 (Yahoo): 24260.50, Prev Close: 24167.25, Change: 93.25 pts (0.39%)
2025-04-23 08:58:48,600 - INFO - Nifty change: 93.25 points, Active buys: 1, Active sells: 0
2025-04-23 08:58:48,601 - INFO - Active order: VBL - BUY - OPEN
2025-04-23 08:58:48,601 - INFO - No trading action needed at this time
2025-04-23 08:58:48,601 - INFO - Monitoring 1 active orders...
2025-04-23 08:59:18,765 - INFO - Fetching Nifty data from Yahoo Finance
2025-04-23 08:59:18,930 - INFO - Nifty 50 (Yahoo): 24257.40, Prev Close: 24167.25, Change: 90.15 pts (0.37%)
2025-04-23 08:59:18,931 - INFO - Nifty change: 90.15 points, Active buys: 1, Active sells: 0
2025-04-23 08:59:18,931 - INFO - Active order: VBL - BUY - OPEN
2025-04-23 08:59:18,932 - INFO - No trading action needed at this time
2025-04-23 08:59:18,932 - INFO - Monitoring 1 active orders...
2025-04-23 08:59:49,098 - INFO - Fetching Nifty data from Yahoo Finance
2025-04-23 08:59:49,259 - INFO - Nifty 50 (Yahoo): 24258.90, Prev Close: 24167.25, Change: 91.65 pts (0.38%)
2025-04-23 08:59:49,260 - INFO - Nifty change: 91.65 points, Active buys: 1, Active sells: 0
2025-04-23 08:59:49,260 - INFO - Active order: VBL - BUY - OPEN
2025-04-23 08:59:49,261 - INFO - No trading action needed at this time
2025-04-23 08:59:49,261 - INFO - Monitoring 1 active orders...
2025-04-23 09:00:19,418 - INFO - Fetching Nifty data from Yahoo Finance
2025-04-23 09:00:19,576 - INFO - Nifty 50 (Yahoo): 24261.15, Prev Close: 24167.25, Change: 93.90 pts (0.39%)
2025-04-23 09:00:19,577 - INFO - Nifty change: 93.90 points, Active buys: 1, Active sells: 0
2025-04-23 09:00:19,578 - INFO - Active order: VBL - BUY - OPEN
2025-04-23 09:00:19,579 - INFO - No trading action needed at this time
2025-04-23 09:00:19,580 - INFO - Monitoring 1 active orders...
2025-04-23 09:00:49,749 - INFO - Fetching Nifty data from Yahoo Finance
2025-04-23 09:00:49,887 - INFO - Nifty 50 (Yahoo): 24260.40, Prev Close: 24167.25, Change: 93.15 pts (0.39%)
2025-04-23 09:00:49,887 - INFO - Nifty change: 93.15 points, Active buys: 1, Active sells: 0
2025-04-23 09:00:49,887 - INFO - Active order: VBL - BUY - OPEN
2025-04-23 09:00:49,888 - INFO - No trading action needed at this time
2025-04-23 09:00:49,888 - INFO - Monitoring 1 active orders...
2025-04-23 09:01:20,058 - INFO - Fetching Nifty data from Yahoo Finance
2025-04-23 09:01:20,233 - INFO - Nifty 50 (Yahoo): 24260.50, Prev Close: 24167.25, Change: 93.25 pts (0.39%)
2025-04-23 09:01:20,233 - INFO - Nifty change: 93.25 points, Active buys: 1, Active sells: 0
2025-04-23 09:01:20,234 - INFO - Active order: VBL - BUY - OPEN
2025-04-23 09:01:20,234 - INFO - No trading action needed at this time
2025-04-23 09:01:20,235 - INFO - Monitoring 1 active orders...
2025-04-23 09:01:50,392 - INFO - Fetching Nifty data from Yahoo Finance
2025-04-23 09:01:50,532 - INFO - Nifty 50 (Yahoo): 24264.25, Prev Close: 24167.25, Change: 97.00 pts (0.40%)
2025-04-23 09:01:50,533 - INFO - Nifty change: 97.00 points, Active buys: 1, Active sells: 0
2025-04-23 09:01:50,533 - INFO - Active order: VBL - BUY - OPEN
2025-04-23 09:01:50,533 - INFO - No trading action needed at this time
2025-04-23 09:01:50,534 - INFO - Monitoring 1 active orders...
2025-04-23 09:02:20,698 - INFO - Fetching Nifty data from Yahoo Finance
2025-04-23 09:02:20,855 - INFO - Nifty 50 (Yahoo): 24262.30, Prev Close: 24167.25, Change: 95.05 pts (0.39%)
2025-04-23 09:02:20,855 - INFO - Nifty change: 95.05 points, Active buys: 1, Active sells: 0
2025-04-23 09:02:20,855 - INFO - Active order: VBL - BUY - OPEN
2025-04-23 09:02:20,856 - INFO - No trading action needed at this time
2025-04-23 09:02:20,856 - INFO - Monitoring 1 active orders...
2025-04-23 09:02:51,011 - INFO - Fetching Nifty data from Yahoo Finance
2025-04-23 09:02:51,157 - INFO - Nifty 50 (Yahoo): 24261.90, Prev Close: 24167.25, Change: 94.65 pts (0.39%)
2025-04-23 09:02:51,158 - INFO - Nifty change: 94.65 points, Active buys: 1, Active sells: 0
2025-04-23 09:02:51,158 - INFO - Active order: VBL - BUY - OPEN
2025-04-23 09:02:51,158 - INFO - No trading action needed at this time
2025-04-23 09:02:51,159 - INFO - Monitoring 1 active orders...
2025-04-23 09:03:21,322 - INFO - Fetching Nifty data from Yahoo Finance
2025-04-23 09:03:21,464 - INFO - Nifty 50 (Yahoo): 24257.25, Prev Close: 24167.25, Change: 90.00 pts (0.37%)
2025-04-23 09:03:21,465 - INFO - Nifty change: 90.00 points, Active buys: 1, Active sells: 0
2025-04-23 09:03:21,465 - INFO - Active order: VBL - BUY - OPEN
2025-04-23 09:03:21,465 - INFO - No trading action needed at this time
2025-04-23 09:03:21,466 - INFO - Monitoring 1 active orders...
2025-04-23 09:03:51,623 - INFO - Fetching Nifty data from Yahoo Finance
2025-04-23 09:03:51,780 - INFO - Nifty 50 (Yahoo): 24256.60, Prev Close: 24167.25, Change: 89.35 pts (0.37%)
2025-04-23 09:03:51,780 - INFO - Nifty change: 89.35 points, Active buys: 1, Active sells: 0
2025-04-23 09:03:51,781 - INFO - Active order: VBL - BUY - OPEN
2025-04-23 09:03:51,781 - INFO - No trading action needed at this time
2025-04-23 09:03:51,781 - INFO - Monitoring 1 active orders...
2025-04-23 09:04:21,947 - INFO - Fetching Nifty data from Yahoo Finance
2025-04-23 09:04:22,113 - INFO - Nifty 50 (Yahoo): 24257.10, Prev Close: 24167.25, Change: 89.85 pts (0.37%)
2025-04-23 09:04:22,113 - INFO - Nifty change: 89.85 points, Active buys: 1, Active sells: 0
2025-04-23 09:04:22,114 - INFO - Active order: VBL - BUY - OPEN
2025-04-23 09:04:22,114 - INFO - No trading action needed at this time
2025-04-23 09:04:22,114 - INFO - Monitoring 1 active orders...
2025-04-23 09:04:52,272 - INFO - Fetching Nifty data from Yahoo Finance
2025-04-23 09:04:52,406 - INFO - Nifty 50 (Yahoo): 24254.05, Prev Close: 24167.25, Change: 86.80 pts (0.36%)
2025-04-23 09:04:52,406 - INFO - Nifty change: 86.80 points, Active buys: 1, Active sells: 0
2025-04-23 09:04:52,406 - INFO - Active order: VBL - BUY - OPEN
2025-04-23 09:04:52,407 - INFO - No trading action needed at this time
2025-04-23 09:04:52,407 - INFO - Monitoring 1 active orders...
2025-04-23 09:05:22,573 - INFO - Fetching Nifty data from Yahoo Finance
2025-04-23 09:05:22,712 - INFO - Nifty 50 (Yahoo): 24254.05, Prev Close: 24167.25, Change: 86.80 pts (0.36%)
2025-04-23 09:05:22,713 - INFO - Nifty change: 86.80 points, Active buys: 1, Active sells: 0
2025-04-23 09:05:22,714 - INFO - Active order: VBL - BUY - OPEN
2025-04-23 09:05:22,715 - INFO - No trading action needed at this time
2025-04-23 09:05:22,715 - INFO - Monitoring 1 active orders...
2025-04-23 09:05:52,881 - INFO - Fetching Nifty data from Yahoo Finance
2025-04-23 09:05:53,032 - INFO - Nifty 50 (Yahoo): 24256.80, Prev Close: 24167.25, Change: 89.55 pts (0.37%)
2025-04-23 09:05:53,032 - INFO - Nifty change: 89.55 points, Active buys: 1, Active sells: 0
2025-04-23 09:05:53,033 - INFO - Active order: VBL - BUY - OPEN
2025-04-23 09:05:53,033 - INFO - No trading action needed at this time
2025-04-23 09:05:53,033 - INFO - Monitoring 1 active orders...
2025-04-23 09:06:23,186 - INFO - Fetching Nifty data from Yahoo Finance
2025-04-23 09:06:23,338 - INFO - Nifty 50 (Yahoo): 24256.15, Prev Close: 24167.25, Change: 88.90 pts (0.37%)
2025-04-23 09:06:23,339 - INFO - Nifty change: 88.90 points, Active buys: 1, Active sells: 0
2025-04-23 09:06:23,339 - INFO - Active order: VBL - BUY - OPEN
2025-04-23 09:06:23,339 - INFO - No trading action needed at this time
2025-04-23 09:06:23,339 - INFO - Monitoring 1 active orders...
2025-04-23 09:06:53,507 - INFO - Fetching Nifty data from Yahoo Finance
2025-04-23 09:06:53,630 - INFO - Nifty 50 (Yahoo): 24257.45, Prev Close: 24167.25, Change: 90.20 pts (0.37%)
2025-04-23 09:06:53,630 - INFO - Nifty change: 90.20 points, Active buys: 1, Active sells: 0
2025-04-23 09:06:53,631 - INFO - Active order: VBL - BUY - OPEN
2025-04-23 09:06:53,631 - INFO - No trading action needed at this time
2025-04-23 09:06:53,631 - INFO - Monitoring 1 active orders...
2025-04-23 09:07:23,792 - INFO - Fetching Nifty data from Yahoo Finance
2025-04-23 09:07:23,935 - INFO - Nifty 50 (Yahoo): 24258.20, Prev Close: 24167.25, Change: 90.95 pts (0.38%)
2025-04-23 09:07:23,936 - INFO - Nifty change: 90.95 points, Active buys: 1, Active sells: 0
2025-04-23 09:07:23,937 - INFO - Active order: VBL - BUY - OPEN
2025-04-23 09:07:23,937 - INFO - No trading action needed at this time
2025-04-23 09:07:23,938 - INFO - Monitoring 1 active orders...
2025-04-23 09:07:54,099 - INFO - Fetching Nifty data from Yahoo Finance
2025-04-23 09:07:54,250 - INFO - Nifty 50 (Yahoo): 24261.95, Prev Close: 24167.25, Change: 94.70 pts (0.39%)
2025-04-23 09:07:54,251 - INFO - Nifty change: 94.70 points, Active buys: 1, Active sells: 0
2025-04-23 09:07:54,252 - INFO - Active order: VBL - BUY - OPEN
2025-04-23 09:07:54,253 - INFO - No trading action needed at this time
2025-04-23 09:07:54,254 - INFO - Monitoring 1 active orders...
2025-04-23 09:08:24,423 - INFO - Fetching Nifty data from Yahoo Finance
2025-04-23 09:08:24,571 - INFO - Nifty 50 (Yahoo): 24260.30, Prev Close: 24167.25, Change: 93.05 pts (0.39%)
2025-04-23 09:08:24,571 - INFO - Nifty change: 93.05 points, Active buys: 1, Active sells: 0
2025-04-23 09:08:24,572 - INFO - Active order: VBL - BUY - OPEN
2025-04-23 09:08:24,573 - INFO - No trading action needed at this time
2025-04-23 09:08:24,573 - INFO - Monitoring 1 active orders...
2025-04-23 09:08:54,731 - INFO - Fetching Nifty data from Yahoo Finance
2025-04-23 09:08:54,884 - INFO - Nifty 50 (Yahoo): 24256.40, Prev Close: 24167.25, Change: 89.15 pts (0.37%)
2025-04-23 09:08:54,884 - INFO - Nifty change: 89.15 points, Active buys: 1, Active sells: 0
2025-04-23 09:08:54,885 - INFO - Active order: VBL - BUY - OPEN
2025-04-23 09:08:54,885 - INFO - No trading action needed at this time
2025-04-23 09:08:54,885 - INFO - Monitoring 1 active orders...
2025-04-23 09:09:25,043 - INFO - Fetching Nifty data from Yahoo Finance
2025-04-23 09:09:25,202 - INFO - Nifty 50 (Yahoo): 24263.15, Prev Close: 24167.25, Change: 95.90 pts (0.40%)
2025-04-23 09:09:25,202 - INFO - Nifty moved 6.75 points since last check
2025-04-23 09:09:25,202 - INFO - Nifty change: 95.90 points, Active buys: 1, Active sells: 0
2025-04-23 09:09:25,203 - INFO - Active order: VBL - BUY - OPEN
2025-04-23 09:09:25,204 - INFO - No trading action needed at this time
2025-04-23 09:09:25,205 - INFO - Monitoring 1 active orders...
2025-04-23 09:09:55,368 - INFO - Fetching Nifty data from Yahoo Finance
2025-04-23 09:09:55,530 - INFO - Nifty 50 (Yahoo): 24263.85, Prev Close: 24167.25, Change: 96.60 pts (0.40%)
2025-04-23 09:09:55,531 - INFO - Nifty change: 96.60 points, Active buys: 1, Active sells: 0
2025-04-23 09:09:55,532 - INFO - Active order: VBL - BUY - OPEN
2025-04-23 09:09:55,533 - INFO - No trading action needed at this time
2025-04-23 09:09:55,533 - INFO - Monitoring 1 active orders...
2025-04-23 09:10:25,698 - INFO - Fetching Nifty data from Yahoo Finance
2025-04-23 09:10:25,843 - INFO - Nifty 50 (Yahoo): 24263.55, Prev Close: 24167.25, Change: 96.30 pts (0.40%)
2025-04-23 09:10:25,844 - INFO - Nifty change: 96.30 points, Active buys: 1, Active sells: 0
2025-04-23 09:10:25,844 - INFO - Active order: VBL - BUY - OPEN
2025-04-23 09:10:25,844 - INFO - No trading action needed at this time
2025-04-23 09:10:25,844 - INFO - Monitoring 1 active orders...
2025-04-23 09:10:55,997 - INFO - Fetching Nifty data from Yahoo Finance
2025-04-23 09:10:56,142 - INFO - Nifty 50 (Yahoo): 24262.95, Prev Close: 24167.25, Change: 95.70 pts (0.40%)
2025-04-23 09:10:56,142 - INFO - Nifty change: 95.70 points, Active buys: 1, Active sells: 0
2025-04-23 09:10:56,143 - INFO - Active order: VBL - BUY - OPEN
2025-04-23 09:10:56,144 - INFO - No trading action needed at this time
2025-04-23 09:10:56,144 - INFO - Monitoring 1 active orders...
2025-04-23 09:11:26,315 - INFO - Fetching Nifty data from Yahoo Finance
2025-04-23 09:11:26,487 - INFO - Nifty 50 (Yahoo): 24261.00, Prev Close: 24167.25, Change: 93.75 pts (0.39%)
2025-04-23 09:11:26,487 - INFO - Nifty change: 93.75 points, Active buys: 1, Active sells: 0
2025-04-23 09:11:26,488 - INFO - Active order: VBL - BUY - OPEN
2025-04-23 09:11:26,488 - INFO - No trading action needed at this time
2025-04-23 09:11:26,489 - INFO - Monitoring 1 active orders...
2025-04-23 09:11:56,651 - INFO - Fetching Nifty data from Yahoo Finance
2025-04-23 09:11:56,794 - INFO - Nifty 50 (Yahoo): 24258.90, Prev Close: 24167.25, Change: 91.65 pts (0.38%)
2025-04-23 09:11:56,794 - INFO - Nifty change: 91.65 points, Active buys: 1, Active sells: 0
2025-04-23 09:11:56,795 - INFO - Active order: VBL - BUY - OPEN
2025-04-23 09:11:56,795 - INFO - No trading action needed at this time
2025-04-23 09:11:56,795 - INFO - Monitoring 1 active orders...
2025-04-23 09:12:26,944 - INFO - Fetching Nifty data from Yahoo Finance
2025-04-23 09:12:27,125 - INFO - Nifty 50 (Yahoo): 24257.20, Prev Close: 24167.25, Change: 89.95 pts (0.37%)
2025-04-23 09:12:27,126 - INFO - Nifty change: 89.95 points, Active buys: 1, Active sells: 0
2025-04-23 09:12:27,126 - INFO - Active order: VBL - BUY - OPEN
2025-04-23 09:12:27,126 - INFO - No trading action needed at this time
2025-04-23 09:12:27,127 - INFO - Monitoring 1 active orders...
2025-04-23 09:12:57,290 - INFO - Fetching Nifty data from Yahoo Finance
2025-04-23 09:12:57,450 - INFO - Nifty 50 (Yahoo): 24259.80, Prev Close: 24167.25, Change: 92.55 pts (0.38%)
2025-04-23 09:12:57,450 - INFO - Nifty change: 92.55 points, Active buys: 1, Active sells: 0
2025-04-23 09:12:57,451 - INFO - Active order: VBL - BUY - OPEN
2025-04-23 09:12:57,451 - INFO - No trading action needed at this time
2025-04-23 09:12:57,452 - INFO - Monitoring 1 active orders...
2025-04-23 09:13:27,617 - INFO - Fetching Nifty data from Yahoo Finance
2025-04-23 09:13:27,770 - INFO - Nifty 50 (Yahoo): 24264.70, Prev Close: 24167.25, Change: 97.45 pts (0.40%)
2025-04-23 09:13:27,770 - INFO - Nifty change: 97.45 points, Active buys: 1, Active sells: 0
2025-04-23 09:13:27,771 - INFO - Active order: VBL - BUY - OPEN
2025-04-23 09:13:27,771 - INFO - No trading action needed at this time
2025-04-23 09:13:27,771 - INFO - Monitoring 1 active orders...
2025-04-23 09:13:57,932 - INFO - Fetching Nifty data from Yahoo Finance
2025-04-23 09:13:58,101 - INFO - Nifty 50 (Yahoo): 24274.05, Prev Close: 24167.25, Change: 106.80 pts (0.44%)
2025-04-23 09:13:58,101 - INFO - Nifty moved 9.35 points since last check
2025-04-23 09:13:58,102 - INFO - Nifty change: 106.80 points, Active buys: 1, Active sells: 0
2025-04-23 09:13:58,102 - INFO - Active order: VBL - BUY - OPEN
2025-04-23 09:13:58,102 - INFO - No trading action needed at this time
2025-04-23 09:13:58,102 - INFO - Monitoring 1 active orders...
2025-04-23 09:14:28,262 - INFO - Fetching Nifty data from Yahoo Finance
2025-04-23 09:14:28,426 - INFO - Nifty 50 (Yahoo): 24273.75, Prev Close: 24167.25, Change: 106.50 pts (0.44%)
2025-04-23 09:14:28,427 - INFO - Nifty change: 106.50 points, Active buys: 1, Active sells: 0
2025-04-23 09:14:28,427 - INFO - Active order: VBL - BUY - OPEN
2025-04-23 09:14:28,428 - INFO - No trading action needed at this time
2025-04-23 09:14:28,428 - INFO - Monitoring 1 active orders...
2025-04-23 09:14:58,592 - INFO - Fetching Nifty data from Yahoo Finance
2025-04-23 09:14:58,753 - INFO - Nifty 50 (Yahoo): 24274.45, Prev Close: 24167.25, Change: 107.20 pts (0.44%)
2025-04-23 09:14:58,753 - INFO - Nifty change: 107.20 points, Active buys: 1, Active sells: 0
2025-04-23 09:14:58,754 - INFO - Active order: VBL - BUY - OPEN
2025-04-23 09:14:58,754 - INFO - No trading action needed at this time
2025-04-23 09:14:58,754 - INFO - Monitoring 1 active orders...
2025-04-23 09:15:28,912 - INFO - Fetching Nifty data from Yahoo Finance
2025-04-23 09:15:29,053 - INFO - Nifty 50 (Yahoo): 24274.60, Prev Close: 24167.25, Change: 107.35 pts (0.44%)
2025-04-23 09:15:29,053 - INFO - Nifty change: 107.35 points, Active buys: 1, Active sells: 0
2025-04-23 09:15:29,053 - INFO - Active order: VBL - BUY - OPEN
2025-04-23 09:15:29,054 - INFO - No trading action needed at this time
2025-04-23 09:15:29,054 - INFO - Monitoring 1 active orders...
2025-04-23 09:15:59,222 - INFO - Fetching Nifty data from Yahoo Finance
2025-04-23 09:15:59,368 - INFO - Nifty 50 (Yahoo): 24275.05, Prev Close: 24167.25, Change: 107.80 pts (0.45%)
2025-04-23 09:15:59,369 - INFO - Nifty change: 107.80 points, Active buys: 1, Active sells: 0
2025-04-23 09:15:59,369 - INFO - Active order: VBL - BUY - OPEN
2025-04-23 09:15:59,369 - INFO - No trading action needed at this time
2025-04-23 09:15:59,370 - INFO - Monitoring 1 active orders...
2025-04-23 09:16:29,534 - INFO - Fetching Nifty data from Yahoo Finance
2025-04-23 09:16:29,696 - INFO - Nifty 50 (Yahoo): 24271.70, Prev Close: 24167.25, Change: 104.45 pts (0.43%)
2025-04-23 09:16:29,697 - INFO - Nifty change: 104.45 points, Active buys: 1, Active sells: 0
2025-04-23 09:16:29,698 - INFO - Active order: VBL - BUY - OPEN
2025-04-23 09:16:29,699 - INFO - No trading action needed at this time
2025-04-23 09:16:29,701 - INFO - Monitoring 1 active orders...
2025-04-23 09:16:59,875 - INFO - Fetching Nifty data from Yahoo Finance
2025-04-23 09:17:00,047 - INFO - Nifty 50 (Yahoo): 24271.75, Prev Close: 24167.25, Change: 104.50 pts (0.43%)
2025-04-23 09:17:00,048 - INFO - Nifty change: 104.50 points, Active buys: 1, Active sells: 0
2025-04-23 09:17:00,048 - INFO - Active order: VBL - BUY - OPEN
2025-04-23 09:17:00,049 - INFO - No trading action needed at this time
2025-04-23 09:17:00,049 - INFO - Monitoring 1 active orders...
2025-04-23 09:17:30,207 - INFO - Fetching Nifty data from Yahoo Finance
2025-04-23 09:17:30,363 - INFO - Nifty 50 (Yahoo): 24274.05, Prev Close: 24167.25, Change: 106.80 pts (0.44%)
2025-04-23 09:17:30,364 - INFO - Nifty change: 106.80 points, Active buys: 1, Active sells: 0
2025-04-23 09:17:30,364 - INFO - Active order: VBL - BUY - OPEN
2025-04-23 09:17:30,365 - INFO - No trading action needed at this time
2025-04-23 09:17:30,366 - INFO - Monitoring 1 active orders...
2025-04-23 09:18:00,540 - INFO - Fetching Nifty data from Yahoo Finance
2025-04-23 09:18:00,687 - INFO - Nifty 50 (Yahoo): 24277.30, Prev Close: 24167.25, Change: 110.05 pts (0.46%)
2025-04-23 09:18:00,688 - INFO - Nifty change: 110.05 points, Active buys: 1, Active sells: 0
2025-04-23 09:18:00,688 - INFO - Active order: VBL - BUY - OPEN
2025-04-23 09:18:00,688 - INFO - No trading action needed at this time
2025-04-23 09:18:00,689 - INFO - Monitoring 1 active orders...
2025-04-23 09:18:30,849 - INFO - Fetching Nifty data from Yahoo Finance
2025-04-23 09:18:30,987 - INFO - Nifty 50 (Yahoo): 24277.00, Prev Close: 24167.25, Change: 109.75 pts (0.45%)
2025-04-23 09:18:30,987 - INFO - Nifty change: 109.75 points, Active buys: 1, Active sells: 0
2025-04-23 09:18:30,988 - INFO - Active order: VBL - BUY - OPEN
2025-04-23 09:18:30,988 - INFO - No trading action needed at this time
2025-04-23 09:18:30,988 - INFO - Monitoring 1 active orders...
2025-04-23 09:19:01,156 - INFO - Fetching Nifty data from Yahoo Finance
2025-04-23 09:19:01,313 - INFO - Nifty 50 (Yahoo): 24275.00, Prev Close: 24167.25, Change: 107.75 pts (0.45%)
2025-04-23 09:19:01,314 - INFO - Nifty change: 107.75 points, Active buys: 1, Active sells: 0
2025-04-23 09:19:01,314 - INFO - Active order: VBL - BUY - OPEN
2025-04-23 09:19:01,315 - INFO - No trading action needed at this time
2025-04-23 09:19:01,315 - INFO - Monitoring 1 active orders...
2025-04-23 09:19:31,478 - INFO - Fetching Nifty data from Yahoo Finance
2025-04-23 09:19:31,601 - INFO - Nifty 50 (Yahoo): 24270.85, Prev Close: 24167.25, Change: 103.60 pts (0.43%)
2025-04-23 09:19:31,601 - INFO - Nifty change: 103.60 points, Active buys: 1, Active sells: 0
2025-04-23 09:19:31,602 - INFO - Active order: VBL - BUY - OPEN
2025-04-23 09:19:31,602 - INFO - No trading action needed at this time
2025-04-23 09:19:31,602 - INFO - Monitoring 1 active orders...
2025-04-23 09:20:01,758 - INFO - Fetching Nifty data from Yahoo Finance
2025-04-23 09:20:01,922 - INFO - Nifty 50 (Yahoo): 24270.55, Prev Close: 24167.25, Change: 103.30 pts (0.43%)
2025-04-23 09:20:01,922 - INFO - Nifty change: 103.30 points, Active buys: 1, Active sells: 0
2025-04-23 09:20:01,923 - INFO - Active order: VBL - BUY - OPEN
2025-04-23 09:20:01,924 - INFO - No trading action needed at this time
2025-04-23 09:20:01,924 - INFO - Monitoring 1 active orders...
2025-04-23 09:20:32,092 - INFO - Fetching Nifty data from Yahoo Finance
2025-04-23 09:20:32,226 - INFO - Nifty 50 (Yahoo): 24269.60, Prev Close: 24167.25, Change: 102.35 pts (0.42%)
2025-04-23 09:20:32,227 - INFO - Nifty change: 102.35 points, Active buys: 1, Active sells: 0
2025-04-23 09:20:32,227 - INFO - Active order: VBL - BUY - OPEN
2025-04-23 09:20:32,227 - INFO - No trading action needed at this time
2025-04-23 09:20:32,228 - INFO - Monitoring 1 active orders...
2025-04-23 09:21:02,390 - INFO - Fetching Nifty data from Yahoo Finance
2025-04-23 09:21:02,562 - INFO - Nifty 50 (Yahoo): 24269.50, Prev Close: 24167.25, Change: 102.25 pts (0.42%)
2025-04-23 09:21:02,570 - INFO - Nifty change: 102.25 points, Active buys: 1, Active sells: 0
2025-04-23 09:21:02,571 - INFO - Active order: VBL - BUY - OPEN
2025-04-23 09:21:02,571 - INFO - No trading action needed at this time
2025-04-23 09:21:02,572 - INFO - Monitoring 1 active orders...
2025-04-23 09:21:32,736 - INFO - Fetching Nifty data from Yahoo Finance
2025-04-23 09:21:32,891 - INFO - Nifty 50 (Yahoo): 24271.90, Prev Close: 24167.25, Change: 104.65 pts (0.43%)
2025-04-23 09:21:32,892 - INFO - Nifty change: 104.65 points, Active buys: 1, Active sells: 0
2025-04-23 09:21:32,893 - INFO - Active order: VBL - BUY - OPEN
2025-04-23 09:21:32,893 - INFO - No trading action needed at this time
2025-04-23 09:21:32,893 - INFO - Monitoring 1 active orders...
2025-04-23 09:22:03,057 - INFO - Fetching Nifty data from Yahoo Finance
2025-04-23 09:22:03,229 - INFO - Nifty 50 (Yahoo): 24271.80, Prev Close: 24167.25, Change: 104.55 pts (0.43%)
2025-04-23 09:22:03,230 - INFO - Nifty change: 104.55 points, Active buys: 1, Active sells: 0
2025-04-23 09:22:03,231 - INFO - Active order: VBL - BUY - OPEN
2025-04-23 09:22:03,231 - INFO - No trading action needed at this time
2025-04-23 09:22:03,232 - INFO - Monitoring 1 active orders...
2025-04-23 09:22:33,391 - INFO - Fetching Nifty data from Yahoo Finance
2025-04-23 09:22:33,527 - INFO - Nifty 50 (Yahoo): 24273.90, Prev Close: 24167.25, Change: 106.65 pts (0.44%)
2025-04-23 09:22:33,529 - INFO - Nifty change: 106.65 points, Active buys: 1, Active sells: 0
2025-04-23 09:22:33,530 - INFO - Active order: VBL - BUY - OPEN
2025-04-23 09:22:33,531 - INFO - No trading action needed at this time
2025-04-23 09:22:33,532 - INFO - Monitoring 1 active orders...
2025-04-23 09:23:03,713 - INFO - Fetching Nifty data from Yahoo Finance
2025-04-23 09:23:03,851 - INFO - Nifty 50 (Yahoo): 24284.55, Prev Close: 24167.25, Change: 117.30 pts (0.49%)
2025-04-23 09:23:03,851 - INFO - Nifty moved 10.65 points since last check
2025-04-23 09:23:03,851 - INFO - Nifty change: 117.30 points, Active buys: 1, Active sells: 0
2025-04-23 09:23:03,852 - INFO - Active order: VBL - BUY - OPEN
2025-04-23 09:23:03,852 - INFO - No trading action needed at this time
2025-04-23 09:23:03,852 - INFO - Monitoring 1 active orders...
2025-04-23 09:23:34,017 - INFO - Fetching Nifty data from Yahoo Finance
2025-04-23 09:23:34,179 - INFO - Nifty 50 (Yahoo): 24284.05, Prev Close: 24167.25, Change: 116.80 pts (0.48%)
2025-04-23 09:23:34,180 - INFO - Nifty change: 116.80 points, Active buys: 1, Active sells: 0
2025-04-23 09:23:34,181 - INFO - Active order: VBL - BUY - OPEN
2025-04-23 09:23:34,182 - INFO - No trading action needed at this time
2025-04-23 09:23:34,183 - INFO - Monitoring 1 active orders...
2025-04-23 09:24:04,357 - INFO - Fetching Nifty data from Yahoo Finance
2025-04-23 09:24:04,519 - INFO - Nifty 50 (Yahoo): 24284.40, Prev Close: 24167.25, Change: 117.15 pts (0.48%)
2025-04-23 09:24:04,520 - INFO - Nifty change: 117.15 points, Active buys: 1, Active sells: 0
2025-04-23 09:24:04,520 - INFO - Active order: VBL - BUY - OPEN
2025-04-23 09:24:04,520 - INFO - No trading action needed at this time
2025-04-23 09:24:04,520 - INFO - Monitoring 1 active orders...
2025-04-23 09:24:34,685 - INFO - Fetching Nifty data from Yahoo Finance
2025-04-23 09:24:34,840 - INFO - Nifty 50 (Yahoo): 24286.25, Prev Close: 24167.25, Change: 119.00 pts (0.49%)
2025-04-23 09:24:34,841 - INFO - Nifty change: 119.00 points, Active buys: 1, Active sells: 0
2025-04-23 09:24:34,841 - INFO - Active order: VBL - BUY - OPEN
2025-04-23 09:24:34,841 - INFO - No trading action needed at this time
2025-04-23 09:24:34,842 - INFO - Monitoring 1 active orders...
2025-04-23 09:25:05,006 - INFO - Fetching Nifty data from Yahoo Finance
2025-04-23 09:25:05,149 - INFO - Nifty 50 (Yahoo): 24289.30, Prev Close: 24167.25, Change: 122.05 pts (0.51%)
2025-04-23 09:25:05,149 - INFO - Nifty change: 122.05 points, Active buys: 1, Active sells: 0
2025-04-23 09:25:05,149 - INFO - Active order: VBL - BUY - OPEN
2025-04-23 09:25:05,150 - INFO - No trading action needed at this time
2025-04-23 09:25:05,150 - INFO - Monitoring 1 active orders...
2025-04-23 09:25:35,320 - INFO - Fetching Nifty data from Yahoo Finance
2025-04-23 09:25:35,485 - INFO - Nifty 50 (Yahoo): 24290.50, Prev Close: 24167.25, Change: 123.25 pts (0.51%)
2025-04-23 09:25:35,486 - INFO - Nifty change: 123.25 points, Active buys: 1, Active sells: 0
2025-04-23 09:25:35,487 - INFO - Active order: VBL - BUY - OPEN
2025-04-23 09:25:35,487 - INFO - No trading action needed at this time
2025-04-23 09:25:35,488 - INFO - Monitoring 1 active orders...
2025-04-23 09:26:05,641 - INFO - Fetching Nifty data from Yahoo Finance
2025-04-23 09:26:05,771 - INFO - Nifty 50 (Yahoo): 24290.85, Prev Close: 24167.25, Change: 123.60 pts (0.51%)
2025-04-23 09:26:05,772 - INFO - Nifty change: 123.60 points, Active buys: 1, Active sells: 0
2025-04-23 09:26:05,772 - INFO - Active order: VBL - BUY - OPEN
2025-04-23 09:26:05,773 - INFO - No trading action needed at this time
2025-04-23 09:26:05,773 - INFO - Monitoring 1 active orders...
2025-04-23 09:26:35,933 - INFO - Fetching Nifty data from Yahoo Finance
2025-04-23 09:26:36,087 - INFO - Nifty 50 (Yahoo): 24289.10, Prev Close: 24167.25, Change: 121.85 pts (0.50%)
2025-04-23 09:26:36,087 - INFO - Nifty change: 121.85 points, Active buys: 1, Active sells: 0
2025-04-23 09:26:36,087 - INFO - Active order: VBL - BUY - OPEN
2025-04-23 09:26:36,088 - INFO - No trading action needed at this time
2025-04-23 09:26:36,088 - INFO - Monitoring 1 active orders...
2025-04-23 09:27:06,254 - INFO - Fetching Nifty data from Yahoo Finance
2025-04-23 09:27:06,418 - INFO - Nifty 50 (Yahoo): 24294.40, Prev Close: 24167.25, Change: 127.15 pts (0.53%)
2025-04-23 09:27:06,418 - INFO - Nifty moved 5.30 points since last check
2025-04-23 09:27:06,419 - INFO - Nifty change: 127.15 points, Active buys: 1, Active sells: 0
2025-04-23 09:27:06,419 - INFO - Active order: VBL - BUY - OPEN
2025-04-23 09:27:06,420 - INFO - No trading action needed at this time
2025-04-23 09:27:06,420 - INFO - Monitoring 1 active orders...
2025-04-23 09:27:36,578 - INFO - Fetching Nifty data from Yahoo Finance
2025-04-23 09:27:36,753 - INFO - Nifty 50 (Yahoo): 24292.80, Prev Close: 24167.25, Change: 125.55 pts (0.52%)
2025-04-23 09:27:36,754 - INFO - Nifty change: 125.55 points, Active buys: 1, Active sells: 0
2025-04-23 09:27:36,755 - INFO - Active order: VBL - BUY - OPEN
2025-04-23 09:27:36,755 - INFO - No trading action needed at this time
2025-04-23 09:27:36,756 - INFO - Monitoring 1 active orders...
2025-04-23 09:28:06,910 - INFO - Fetching Nifty data from Yahoo Finance
2025-04-23 09:28:07,072 - INFO - Nifty 50 (Yahoo): 24294.25, Prev Close: 24167.25, Change: 127.00 pts (0.53%)
2025-04-23 09:28:07,073 - INFO - Nifty change: 127.00 points, Active buys: 1, Active sells: 0
2025-04-23 09:28:07,074 - INFO - Active order: VBL - BUY - OPEN
2025-04-23 09:28:07,075 - INFO - No trading action needed at this time
2025-04-23 09:28:07,076 - INFO - Monitoring 1 active orders...
2025-04-23 09:28:37,237 - INFO - Fetching Nifty data from Yahoo Finance
2025-04-23 09:28:37,379 - INFO - Nifty 50 (Yahoo): 24296.25, Prev Close: 24167.25, Change: 129.00 pts (0.53%)
2025-04-23 09:28:37,380 - INFO - Nifty change: 129.00 points, Active buys: 1, Active sells: 0
2025-04-23 09:28:37,380 - INFO - Active order: VBL - BUY - OPEN
2025-04-23 09:28:37,381 - INFO - No trading action needed at this time
2025-04-23 09:28:37,381 - INFO - Monitoring 1 active orders...
2025-04-23 09:29:07,548 - INFO - Fetching Nifty data from Yahoo Finance
2025-04-23 09:29:07,686 - INFO - Nifty 50 (Yahoo): 24296.60, Prev Close: 24167.25, Change: 129.35 pts (0.54%)
2025-04-23 09:29:07,686 - INFO - Nifty change: 129.35 points, Active buys: 1, Active sells: 0
2025-04-23 09:29:07,686 - INFO - Active order: VBL - BUY - OPEN
2025-04-23 09:29:07,686 - INFO - No trading action needed at this time
2025-04-23 09:29:07,687 - INFO - Monitoring 1 active orders...
2025-04-23 09:29:37,849 - INFO - Fetching Nifty data from Yahoo Finance
2025-04-23 09:29:38,045 - INFO - Nifty 50 (Yahoo): 24298.65, Prev Close: 24167.25, Change: 131.40 pts (0.54%)
2025-04-23 09:29:38,046 - INFO - Nifty change: 131.40 points, Active buys: 1, Active sells: 0
2025-04-23 09:29:38,046 - INFO - Active order: VBL - BUY - OPEN
2025-04-23 09:29:38,047 - INFO - No trading action needed at this time
2025-04-23 09:29:38,047 - INFO - Monitoring 1 active orders...
2025-04-23 09:30:08,210 - INFO - Fetching Nifty data from Yahoo Finance
2025-04-23 09:30:08,336 - INFO - Nifty 50 (Yahoo): 24296.60, Prev Close: 24167.25, Change: 129.35 pts (0.54%)
2025-04-23 09:30:08,337 - INFO - Nifty change: 129.35 points, Active buys: 1, Active sells: 0
2025-04-23 09:30:08,337 - INFO - Active order: VBL - BUY - OPEN
2025-04-23 09:30:08,337 - INFO - No trading action needed at this time
2025-04-23 09:30:08,338 - INFO - Monitoring 1 active orders...
2025-04-23 09:30:38,491 - INFO - Fetching Nifty data from Yahoo Finance
2025-04-23 09:30:38,665 - INFO - Nifty 50 (Yahoo): 24293.10, Prev Close: 24167.25, Change: 125.85 pts (0.52%)
2025-04-23 09:30:38,666 - INFO - Nifty change: 125.85 points, Active buys: 1, Active sells: 0
2025-04-23 09:30:38,666 - INFO - Active order: VBL - BUY - OPEN
2025-04-23 09:30:38,667 - INFO - No trading action needed at this time
2025-04-23 09:30:38,668 - INFO - Monitoring 1 active orders...
2025-04-23 09:31:08,828 - INFO - Fetching Nifty data from Yahoo Finance
2025-04-23 09:31:08,955 - INFO - Nifty 50 (Yahoo): 24291.85, Prev Close: 24167.25, Change: 124.60 pts (0.52%)
2025-04-23 09:31:08,955 - INFO - Nifty change: 124.60 points, Active buys: 1, Active sells: 0
2025-04-23 09:31:08,956 - INFO - Active order: VBL - BUY - OPEN
2025-04-23 09:31:08,956 - INFO - No trading action needed at this time
2025-04-23 09:31:08,957 - INFO - Monitoring 1 active orders...
2025-04-23 09:31:39,110 - INFO - Fetching Nifty data from Yahoo Finance
2025-04-23 09:31:39,263 - INFO - Nifty 50 (Yahoo): 24291.05, Prev Close: 24167.25, Change: 123.80 pts (0.51%)
2025-04-23 09:31:39,264 - INFO - Nifty change: 123.80 points, Active buys: 1, Active sells: 0
2025-04-23 09:31:39,264 - INFO - Active order: VBL - BUY - OPEN
2025-04-23 09:31:39,265 - INFO - No trading action needed at this time
2025-04-23 09:31:39,265 - INFO - Monitoring 1 active orders...
2025-04-23 09:32:09,423 - INFO - Fetching Nifty data from Yahoo Finance
2025-04-23 09:32:09,567 - INFO - Nifty 50 (Yahoo): 24291.85, Prev Close: 24167.25, Change: 124.60 pts (0.52%)
2025-04-23 09:32:09,567 - INFO - Nifty change: 124.60 points, Active buys: 1, Active sells: 0
2025-04-23 09:32:09,567 - INFO - Active order: VBL - BUY - OPEN
2025-04-23 09:32:09,568 - INFO - No trading action needed at this time
2025-04-23 09:32:09,568 - INFO - Monitoring 1 active orders...
2025-04-23 09:32:39,729 - INFO - Fetching Nifty data from Yahoo Finance
2025-04-23 09:32:39,855 - INFO - Nifty 50 (Yahoo): 24293.90, Prev Close: 24167.25, Change: 126.65 pts (0.52%)
2025-04-23 09:32:39,856 - INFO - Nifty change: 126.65 points, Active buys: 1, Active sells: 0
2025-04-23 09:32:39,856 - INFO - Active order: VBL - BUY - OPEN
2025-04-23 09:32:39,856 - INFO - No trading action needed at this time
2025-04-23 09:32:39,856 - INFO - Monitoring 1 active orders...
2025-04-23 09:33:10,013 - INFO - Fetching Nifty data from Yahoo Finance
2025-04-23 09:33:10,159 - INFO - Nifty 50 (Yahoo): 24298.20, Prev Close: 24167.25, Change: 130.95 pts (0.54%)
2025-04-23 09:33:10,159 - INFO - Nifty change: 130.95 points, Active buys: 1, Active sells: 0
2025-04-23 09:33:10,159 - INFO - Active order: VBL - BUY - OPEN
2025-04-23 09:33:10,160 - INFO - No trading action needed at this time
2025-04-23 09:33:10,160 - INFO - Monitoring 1 active orders...
2025-04-23 09:33:40,316 - INFO - Fetching Nifty data from Yahoo Finance
2025-04-23 09:33:40,519 - INFO - Nifty 50 (Yahoo): 24301.40, Prev Close: 24167.25, Change: 134.15 pts (0.56%)
2025-04-23 09:33:40,520 - INFO - Nifty change: 134.15 points, Active buys: 1, Active sells: 0
2025-04-23 09:33:40,520 - INFO - Active order: VBL - BUY - OPEN
2025-04-23 09:33:40,520 - INFO - No trading action needed at this time
2025-04-23 09:33:40,521 - INFO - Monitoring 1 active orders...
2025-04-23 09:34:10,681 - INFO - Fetching Nifty data from Yahoo Finance
2025-04-23 09:34:10,801 - INFO - Nifty 50 (Yahoo): 24302.40, Prev Close: 24167.25, Change: 135.15 pts (0.56%)
2025-04-23 09:34:10,802 - INFO - Nifty change: 135.15 points, Active buys: 1, Active sells: 0
2025-04-23 09:34:10,802 - INFO - Active order: VBL - BUY - OPEN
2025-04-23 09:34:10,803 - INFO - No trading action needed at this time
2025-04-23 09:34:10,803 - INFO - Monitoring 1 active orders...
2025-04-23 09:34:40,957 - INFO - Fetching Nifty data from Yahoo Finance
2025-04-23 09:34:41,081 - INFO - Nifty 50 (Yahoo): 24304.70, Prev Close: 24167.25, Change: 137.45 pts (0.57%)
2025-04-23 09:34:41,082 - INFO - Nifty change: 137.45 points, Active buys: 1, Active sells: 0
2025-04-23 09:34:41,082 - INFO - Active order: VBL - BUY - OPEN
2025-04-23 09:34:41,083 - INFO - No trading action needed at this time
2025-04-23 09:34:41,085 - INFO - Monitoring 1 active orders...
2025-04-23 09:35:11,248 - INFO - Fetching Nifty data from Yahoo Finance
2025-04-23 09:35:11,419 - INFO - Nifty 50 (Yahoo): 24300.20, Prev Close: 24167.25, Change: 132.95 pts (0.55%)
2025-04-23 09:35:11,420 - INFO - Nifty change: 132.95 points, Active buys: 1, Active sells: 0
2025-04-23 09:35:11,420 - INFO - Active order: VBL - BUY - OPEN
2025-04-23 09:35:11,421 - INFO - No trading action needed at this time
2025-04-23 09:35:11,422 - INFO - Monitoring 1 active orders...
2025-04-23 09:35:41,596 - INFO - Fetching Nifty data from Yahoo Finance
2025-04-23 09:35:41,755 - INFO - Nifty 50 (Yahoo): 24294.35, Prev Close: 24167.25, Change: 127.10 pts (0.53%)
2025-04-23 09:35:41,756 - INFO - Nifty moved -5.85 points since last check
2025-04-23 09:35:41,757 - INFO - Nifty change: 127.10 points, Active buys: 1, Active sells: 0
2025-04-23 09:35:41,758 - INFO - Active order: VBL - BUY - OPEN
2025-04-23 09:35:41,758 - INFO - No trading action needed at this time
2025-04-23 09:35:41,759 - INFO - Monitoring 1 active orders...
2025-04-23 09:36:11,931 - INFO - Fetching Nifty data from Yahoo Finance
2025-04-23 09:36:12,104 - INFO - Nifty 50 (Yahoo): 24294.95, Prev Close: 24167.25, Change: 127.70 pts (0.53%)
2025-04-23 09:36:12,105 - INFO - Nifty change: 127.70 points, Active buys: 1, Active sells: 0
2025-04-23 09:36:12,105 - INFO - Active order: VBL - BUY - OPEN
2025-04-23 09:36:12,105 - INFO - No trading action needed at this time
2025-04-23 09:36:12,106 - INFO - Monitoring 1 active orders...
2025-04-23 09:36:42,274 - INFO - Fetching Nifty data from Yahoo Finance
2025-04-23 09:36:42,436 - INFO - Nifty 50 (Yahoo): 24291.90, Prev Close: 24167.25, Change: 124.65 pts (0.52%)
2025-04-23 09:36:42,437 - INFO - Nifty change: 124.65 points, Active buys: 1, Active sells: 0
2025-04-23 09:36:42,437 - INFO - Active order: VBL - BUY - OPEN
2025-04-23 09:36:42,438 - INFO - No trading action needed at this time
2025-04-23 09:36:42,438 - INFO - Monitoring 1 active orders...
2025-04-23 09:37:12,592 - INFO - Fetching Nifty data from Yahoo Finance
2025-04-23 09:37:12,747 - INFO - Nifty 50 (Yahoo): 24297.75, Prev Close: 24167.25, Change: 130.50 pts (0.54%)
2025-04-23 09:37:12,747 - INFO - Nifty moved 5.85 points since last check
2025-04-23 09:37:12,748 - INFO - Nifty change: 130.50 points, Active buys: 1, Active sells: 0
2025-04-23 09:37:12,748 - INFO - Active order: VBL - BUY - OPEN
2025-04-23 09:37:12,748 - INFO - No trading action needed at this time
2025-04-23 09:37:12,748 - INFO - Monitoring 1 active orders...
2025-04-23 09:37:43,209 - INFO - Fetching Nifty data from Yahoo Finance
2025-04-23 09:37:43,432 - INFO - Nifty 50 (Yahoo): 24296.55, Prev Close: 24167.25, Change: 129.30 pts (0.54%)
2025-04-23 09:37:43,433 - INFO - Nifty change: 129.30 points, Active buys: 1, Active sells: 0
2025-04-23 09:37:43,434 - INFO - Active order: VBL - BUY - OPEN
2025-04-23 09:37:43,434 - INFO - No trading action needed at this time
2025-04-23 09:37:43,435 - INFO - Monitoring 1 active orders...
2025-04-23 09:38:13,599 - INFO - Fetching Nifty data from Yahoo Finance
2025-04-23 09:38:13,775 - INFO - Nifty 50 (Yahoo): 24297.05, Prev Close: 24167.25, Change: 129.80 pts (0.54%)
2025-04-23 09:38:13,776 - INFO - Nifty change: 129.80 points, Active buys: 1, Active sells: 0
2025-04-23 09:38:13,777 - INFO - Active order: VBL - BUY - OPEN
2025-04-23 09:38:13,778 - INFO - No trading action needed at this time
2025-04-23 09:38:13,779 - INFO - Monitoring 1 active orders...
2025-04-23 09:38:43,960 - INFO - Fetching Nifty data from Yahoo Finance
2025-04-23 09:38:44,097 - INFO - Nifty 50 (Yahoo): 24299.35, Prev Close: 24167.25, Change: 132.10 pts (0.55%)
2025-04-23 09:38:44,098 - INFO - Nifty change: 132.10 points, Active buys: 1, Active sells: 0
2025-04-23 09:38:44,098 - INFO - Active order: VBL - BUY - OPEN
2025-04-23 09:38:44,099 - INFO - No trading action needed at this time
2025-04-23 09:38:44,099 - INFO - Monitoring 1 active orders...
2025-04-23 09:39:14,261 - INFO - Fetching Nifty data from Yahoo Finance
2025-04-23 09:39:14,420 - INFO - Nifty 50 (Yahoo): 24300.00, Prev Close: 24167.25, Change: 132.75 pts (0.55%)
2025-04-23 09:39:14,420 - INFO - Nifty change: 132.75 points, Active buys: 1, Active sells: 0
2025-04-23 09:39:14,421 - INFO - Active order: VBL - BUY - OPEN
2025-04-23 09:39:14,421 - INFO - No trading action needed at this time
2025-04-23 09:39:14,421 - INFO - Monitoring 1 active orders...
2025-04-23 09:39:44,581 - INFO - Fetching Nifty data from Yahoo Finance
2025-04-23 09:39:44,740 - INFO - Nifty 50 (Yahoo): 24304.75, Prev Close: 24167.25, Change: 137.50 pts (0.57%)
2025-04-23 09:39:44,740 - INFO - Nifty change: 137.50 points, Active buys: 1, Active sells: 0
2025-04-23 09:39:44,741 - INFO - Active order: VBL - BUY - OPEN
2025-04-23 09:39:44,741 - INFO - No trading action needed at this time
2025-04-23 09:39:44,741 - INFO - Monitoring 1 active orders...
2025-04-23 09:40:14,905 - INFO - Fetching Nifty data from Yahoo Finance
2025-04-23 09:40:15,046 - INFO - Nifty 50 (Yahoo): 24302.20, Prev Close: 24167.25, Change: 134.95 pts (0.56%)
2025-04-23 09:40:15,046 - INFO - Nifty change: 134.95 points, Active buys: 1, Active sells: 0
2025-04-23 09:40:15,047 - INFO - Active order: VBL - BUY - OPEN
2025-04-23 09:40:15,047 - INFO - No trading action needed at this time
2025-04-23 09:40:15,047 - INFO - Monitoring 1 active orders...
2025-04-23 09:40:45,215 - INFO - Fetching Nifty data from Yahoo Finance
2025-04-23 09:40:45,387 - INFO - Nifty 50 (Yahoo): 24301.60, Prev Close: 24167.25, Change: 134.35 pts (0.56%)
2025-04-23 09:40:45,388 - INFO - Nifty change: 134.35 points, Active buys: 1, Active sells: 0
2025-04-23 09:40:45,388 - INFO - Active order: VBL - BUY - OPEN
2025-04-23 09:40:45,388 - INFO - No trading action needed at this time
2025-04-23 09:40:45,389 - INFO - Monitoring 1 active orders...
2025-04-23 09:41:15,543 - INFO - Fetching Nifty data from Yahoo Finance
2025-04-23 09:41:15,689 - INFO - Nifty 50 (Yahoo): 24301.60, Prev Close: 24167.25, Change: 134.35 pts (0.56%)
2025-04-23 09:41:15,690 - INFO - Nifty change: 134.35 points, Active buys: 1, Active sells: 0
2025-04-23 09:41:15,691 - INFO - Active order: VBL - BUY - OPEN
2025-04-23 09:41:15,692 - INFO - No trading action needed at this time
2025-04-23 09:41:15,693 - INFO - Monitoring 1 active orders...
2025-04-23 09:41:45,859 - INFO - Fetching Nifty data from Yahoo Finance
2025-04-23 09:41:46,007 - INFO - Nifty 50 (Yahoo): 24299.20, Prev Close: 24167.25, Change: 131.95 pts (0.55%)
2025-04-23 09:41:46,008 - INFO - Nifty change: 131.95 points, Active buys: 1, Active sells: 0
2025-04-23 09:41:46,008 - INFO - Active order: VBL - BUY - OPEN
2025-04-23 09:41:46,009 - INFO - No trading action needed at this time
2025-04-23 09:41:46,009 - INFO - Monitoring 1 active orders...
2025-04-23 09:42:16,175 - INFO - Fetching Nifty data from Yahoo Finance
2025-04-23 09:42:16,353 - INFO - Nifty 50 (Yahoo): 24298.25, Prev Close: 24167.25, Change: 131.00 pts (0.54%)
2025-04-23 09:42:16,354 - INFO - Nifty change: 131.00 points, Active buys: 1, Active sells: 0
2025-04-23 09:42:16,356 - INFO - Active order: VBL - BUY - OPEN
2025-04-23 09:42:16,357 - INFO - No trading action needed at this time
2025-04-23 09:42:16,358 - INFO - Monitoring 1 active orders...
2025-04-23 09:42:46,514 - INFO - Fetching Nifty data from Yahoo Finance
2025-04-23 09:42:46,628 - INFO - Nifty 50 (Yahoo): 24300.05, Prev Close: 24167.25, Change: 132.80 pts (0.55%)
2025-04-23 09:42:46,629 - INFO - Nifty change: 132.80 points, Active buys: 1, Active sells: 0
2025-04-23 09:42:46,630 - INFO - Active order: VBL - BUY - OPEN
2025-04-23 09:42:46,630 - INFO - No trading action needed at this time
2025-04-23 09:42:46,631 - INFO - Monitoring 1 active orders...
2025-04-23 09:43:16,790 - INFO - Fetching Nifty data from Yahoo Finance
2025-04-23 09:43:16,938 - INFO - Nifty 50 (Yahoo): 24301.75, Prev Close: 24167.25, Change: 134.50 pts (0.56%)
2025-04-23 09:43:16,939 - INFO - Nifty change: 134.50 points, Active buys: 1, Active sells: 0
2025-04-23 09:43:16,939 - INFO - Active order: VBL - BUY - OPEN
2025-04-23 09:43:16,940 - INFO - No trading action needed at this time
2025-04-23 09:43:16,940 - INFO - Monitoring 1 active orders...
2025-04-23 09:43:47,095 - INFO - Fetching Nifty data from Yahoo Finance
2025-04-23 09:43:47,245 - INFO - Nifty 50 (Yahoo): 24298.75, Prev Close: 24167.25, Change: 131.50 pts (0.54%)
2025-04-23 09:43:47,246 - INFO - Nifty change: 131.50 points, Active buys: 1, Active sells: 0
2025-04-23 09:43:47,246 - INFO - Active order: VBL - BUY - OPEN
2025-04-23 09:43:47,247 - INFO - No trading action needed at this time
2025-04-23 09:43:47,248 - INFO - Monitoring 1 active orders...
2025-04-23 09:44:17,418 - INFO - Fetching Nifty data from Yahoo Finance
2025-04-23 09:44:17,563 - INFO - Nifty 50 (Yahoo): 24302.70, Prev Close: 24167.25, Change: 135.45 pts (0.56%)
2025-04-23 09:44:17,563 - INFO - Nifty change: 135.45 points, Active buys: 1, Active sells: 0
2025-04-23 09:44:17,564 - INFO - Active order: VBL - BUY - OPEN
2025-04-23 09:44:17,564 - INFO - No trading action needed at this time
2025-04-23 09:44:17,564 - INFO - Monitoring 1 active orders...
2025-04-23 09:44:47,718 - INFO - Fetching Nifty data from Yahoo Finance
2025-04-23 09:44:47,895 - INFO - Nifty 50 (Yahoo): 24303.30, Prev Close: 24167.25, Change: 136.05 pts (0.56%)
2025-04-23 09:44:47,896 - INFO - Nifty change: 136.05 points, Active buys: 1, Active sells: 0
2025-04-23 09:44:47,896 - INFO - Active order: VBL - BUY - OPEN
2025-04-23 09:44:47,897 - INFO - No trading action needed at this time
2025-04-23 09:44:47,897 - INFO - Monitoring 1 active orders...
2025-04-23 09:45:18,054 - INFO - Fetching Nifty data from Yahoo Finance
2025-04-23 09:45:18,264 - INFO - Nifty 50 (Yahoo): 24304.30, Prev Close: 24167.25, Change: 137.05 pts (0.57%)
2025-04-23 09:45:18,265 - INFO - Nifty change: 137.05 points, Active buys: 1, Active sells: 0
2025-04-23 09:45:18,266 - INFO - Active order: VBL - BUY - OPEN
2025-04-23 09:45:18,266 - INFO - No trading action needed at this time
2025-04-23 09:45:18,267 - INFO - Monitoring 1 active orders...
2025-04-23 09:45:48,421 - INFO - Fetching Nifty data from Yahoo Finance
2025-04-23 09:45:48,577 - INFO - Nifty 50 (Yahoo): 24296.30, Prev Close: 24167.25, Change: 129.05 pts (0.53%)
2025-04-23 09:45:48,577 - INFO - Nifty moved -8.00 points since last check
2025-04-23 09:45:48,578 - INFO - Nifty change: 129.05 points, Active buys: 1, Active sells: 0
2025-04-23 09:45:48,578 - INFO - Active order: VBL - BUY - OPEN
2025-04-23 09:45:48,578 - INFO - No trading action needed at this time
2025-04-23 09:45:48,579 - INFO - Monitoring 1 active orders...
2025-04-23 09:46:18,741 - INFO - Fetching Nifty data from Yahoo Finance
2025-04-23 09:46:18,892 - INFO - Nifty 50 (Yahoo): 24295.90, Prev Close: 24167.25, Change: 128.65 pts (0.53%)
2025-04-23 09:46:18,893 - INFO - Nifty change: 128.65 points, Active buys: 1, Active sells: 0
2025-04-23 09:46:18,893 - INFO - Active order: VBL - BUY - OPEN
2025-04-23 09:46:18,894 - INFO - No trading action needed at this time
2025-04-23 09:46:18,894 - INFO - Monitoring 1 active orders...
2025-04-23 09:46:49,051 - INFO - Fetching Nifty data from Yahoo Finance
2025-04-23 09:46:49,233 - INFO - Nifty 50 (Yahoo): 24295.40, Prev Close: 24167.25, Change: 128.15 pts (0.53%)
2025-04-23 09:46:49,233 - INFO - Nifty change: 128.15 points, Active buys: 1, Active sells: 0
2025-04-23 09:46:49,233 - INFO - Active order: VBL - BUY - OPEN
2025-04-23 09:46:49,234 - INFO - No trading action needed at this time
2025-04-23 09:46:49,234 - INFO - Monitoring 1 active orders...
2025-04-23 09:47:19,401 - INFO - Fetching Nifty data from Yahoo Finance
2025-04-23 09:47:19,580 - INFO - Nifty 50 (Yahoo): 24293.60, Prev Close: 24167.25, Change: 126.35 pts (0.52%)
2025-04-23 09:47:19,581 - INFO - Nifty change: 126.35 points, Active buys: 1, Active sells: 0
2025-04-23 09:47:19,582 - INFO - Active order: VBL - BUY - OPEN
2025-04-23 09:47:19,583 - INFO - No trading action needed at this time
2025-04-23 09:47:19,584 - INFO - Monitoring 1 active orders...
2025-04-23 09:47:49,741 - INFO - Fetching Nifty data from Yahoo Finance
2025-04-23 09:47:49,885 - INFO - Nifty 50 (Yahoo): 24296.35, Prev Close: 24167.25, Change: 129.10 pts (0.53%)
2025-04-23 09:47:49,886 - INFO - Nifty change: 129.10 points, Active buys: 1, Active sells: 0
2025-04-23 09:47:49,886 - INFO - Active order: VBL - BUY - OPEN
2025-04-23 09:47:49,886 - INFO - No trading action needed at this time
2025-04-23 09:47:49,886 - INFO - Monitoring 1 active orders...
2025-04-23 09:48:20,046 - INFO - Fetching Nifty data from Yahoo Finance
2025-04-23 09:48:20,237 - INFO - Nifty 50 (Yahoo): 24296.55, Prev Close: 24167.25, Change: 129.30 pts (0.54%)
2025-04-23 09:48:20,238 - INFO - Nifty change: 129.30 points, Active buys: 1, Active sells: 0
2025-04-23 09:48:20,239 - INFO - Active order: VBL - BUY - OPEN
2025-04-23 09:48:20,239 - INFO - No trading action needed at this time
2025-04-23 09:48:20,240 - INFO - Monitoring 1 active orders...
2025-04-23 09:48:50,402 - INFO - Fetching Nifty data from Yahoo Finance
2025-04-23 09:48:50,568 - INFO - Nifty 50 (Yahoo): 24299.40, Prev Close: 24167.25, Change: 132.15 pts (0.55%)
2025-04-23 09:48:50,569 - INFO - Nifty change: 132.15 points, Active buys: 1, Active sells: 0
2025-04-23 09:48:50,569 - INFO - Active order: VBL - BUY - OPEN
2025-04-23 09:48:50,570 - INFO - No trading action needed at this time
2025-04-23 09:48:50,570 - INFO - Monitoring 1 active orders...
2025-04-23 09:49:20,732 - INFO - Fetching Nifty data from Yahoo Finance
2025-04-23 09:49:20,913 - INFO - Nifty 50 (Yahoo): 24301.70, Prev Close: 24167.25, Change: 134.45 pts (0.56%)
2025-04-23 09:49:20,914 - INFO - Nifty change: 134.45 points, Active buys: 1, Active sells: 0
2025-04-23 09:49:20,915 - INFO - Active order: VBL - BUY - OPEN
2025-04-23 09:49:20,915 - INFO - No trading action needed at this time
2025-04-23 09:49:20,916 - INFO - Monitoring 1 active orders...
2025-04-23 09:49:51,075 - INFO - Fetching Nifty data from Yahoo Finance
2025-04-23 09:49:51,203 - INFO - Nifty 50 (Yahoo): 24301.05, Prev Close: 24167.25, Change: 133.80 pts (0.55%)
2025-04-23 09:49:51,203 - INFO - Nifty change: 133.80 points, Active buys: 1, Active sells: 0
2025-04-23 09:49:51,203 - INFO - Active order: VBL - BUY - OPEN
2025-04-23 09:49:51,204 - INFO - No trading action needed at this time
2025-04-23 09:49:51,204 - INFO - Monitoring 1 active orders...
2025-04-23 09:50:21,379 - INFO - Fetching Nifty data from Yahoo Finance
2025-04-23 09:50:21,529 - INFO - Nifty 50 (Yahoo): 24304.95, Prev Close: 24167.25, Change: 137.70 pts (0.57%)
2025-04-23 09:50:21,529 - INFO - Nifty change: 137.70 points, Active buys: 1, Active sells: 0
2025-04-23 09:50:21,529 - INFO - Active order: VBL - BUY - OPEN
2025-04-23 09:50:21,530 - INFO - No trading action needed at this time
2025-04-23 09:50:21,530 - INFO - Monitoring 1 active orders...
2025-04-23 09:50:51,693 - INFO - Fetching Nifty data from Yahoo Finance
2025-04-23 09:50:51,833 - INFO - Nifty 50 (Yahoo): 24306.25, Prev Close: 24167.25, Change: 139.00 pts (0.58%)
2025-04-23 09:50:51,834 - INFO - Nifty change: 139.00 points, Active buys: 1, Active sells: 0
2025-04-23 09:50:51,834 - INFO - Active order: VBL - BUY - OPEN
2025-04-23 09:50:51,835 - INFO - No trading action needed at this time
2025-04-23 09:50:51,835 - INFO - Monitoring 1 active orders...
2025-04-23 09:51:21,988 - INFO - Fetching Nifty data from Yahoo Finance
2025-04-23 09:51:22,109 - INFO - Nifty 50 (Yahoo): 24301.15, Prev Close: 24167.25, Change: 133.90 pts (0.55%)
2025-04-23 09:51:22,110 - INFO - Nifty moved -5.10 points since last check
2025-04-23 09:51:22,110 - INFO - Nifty change: 133.90 points, Active buys: 1, Active sells: 0
2025-04-23 09:51:22,110 - INFO - Active order: VBL - BUY - OPEN
2025-04-23 09:51:22,111 - INFO - No trading action needed at this time
2025-04-23 09:51:22,111 - INFO - Monitoring 1 active orders...
2025-04-23 09:51:52,267 - INFO - Fetching Nifty data from Yahoo Finance
2025-04-23 09:51:52,438 - INFO - Nifty 50 (Yahoo): 24299.60, Prev Close: 24167.25, Change: 132.35 pts (0.55%)
2025-04-23 09:51:52,439 - INFO - Nifty change: 132.35 points, Active buys: 1, Active sells: 0
2025-04-23 09:51:52,440 - INFO - Active order: VBL - BUY - OPEN
2025-04-23 09:51:52,441 - INFO - No trading action needed at this time
2025-04-23 09:51:52,442 - INFO - Monitoring 1 active orders...
2025-04-23 09:52:22,594 - INFO - Fetching Nifty data from Yahoo Finance
2025-04-23 09:52:22,746 - INFO - Nifty 50 (Yahoo): 24302.20, Prev Close: 24167.25, Change: 134.95 pts (0.56%)
2025-04-23 09:52:22,747 - INFO - Nifty change: 134.95 points, Active buys: 1, Active sells: 0
2025-04-23 09:52:22,748 - INFO - Active order: VBL - BUY - OPEN
2025-04-23 09:52:22,749 - INFO - No trading action needed at this time
2025-04-23 09:52:22,750 - INFO - Monitoring 1 active orders...
2025-04-23 09:52:52,924 - INFO - Fetching Nifty data from Yahoo Finance
2025-04-23 09:52:53,071 - INFO - Nifty 50 (Yahoo): 24301.60, Prev Close: 24167.25, Change: 134.35 pts (0.56%)
2025-04-23 09:52:53,072 - INFO - Nifty change: 134.35 points, Active buys: 1, Active sells: 0
2025-04-23 09:52:53,073 - INFO - Active order: VBL - BUY - OPEN
2025-04-23 09:52:53,074 - INFO - No trading action needed at this time
2025-04-23 09:52:53,074 - INFO - Monitoring 1 active orders...
2025-04-23 09:53:23,247 - INFO - Fetching Nifty data from Yahoo Finance
2025-04-23 09:53:23,433 - INFO - Nifty 50 (Yahoo): 24305.00, Prev Close: 24167.25, Change: 137.75 pts (0.57%)
2025-04-23 09:53:23,434 - INFO - Nifty change: 137.75 points, Active buys: 1, Active sells: 0
2025-04-23 09:53:23,434 - INFO - Active order: VBL - BUY - OPEN
2025-04-23 09:53:23,435 - INFO - No trading action needed at this time
2025-04-23 09:53:23,435 - INFO - Monitoring 1 active orders...
2025-04-23 09:53:53,597 - INFO - Fetching Nifty data from Yahoo Finance
2025-04-23 09:53:53,742 - INFO - Nifty 50 (Yahoo): 24306.75, Prev Close: 24167.25, Change: 139.50 pts (0.58%)
2025-04-23 09:53:53,743 - INFO - Nifty change: 139.50 points, Active buys: 1, Active sells: 0
2025-04-23 09:53:53,743 - INFO - Active order: VBL - BUY - OPEN
2025-04-23 09:53:53,743 - INFO - No trading action needed at this time
2025-04-23 09:53:53,743 - INFO - Monitoring 1 active orders...
2025-04-23 09:54:23,901 - INFO - Fetching Nifty data from Yahoo Finance
2025-04-23 09:54:24,034 - INFO - Nifty 50 (Yahoo): 24310.15, Prev Close: 24167.25, Change: 142.90 pts (0.59%)
2025-04-23 09:54:24,035 - INFO - Nifty change: 142.90 points, Active buys: 1, Active sells: 0
2025-04-23 09:54:24,035 - INFO - Active order: VBL - BUY - OPEN
2025-04-23 09:54:24,036 - INFO - No trading action needed at this time
2025-04-23 09:54:24,036 - INFO - Monitoring 1 active orders...
2025-04-23 09:54:54,196 - INFO - Fetching Nifty data from Yahoo Finance
2025-04-23 09:54:54,362 - INFO - Nifty 50 (Yahoo): 24310.00, Prev Close: 24167.25, Change: 142.75 pts (0.59%)
2025-04-23 09:54:54,363 - INFO - Nifty change: 142.75 points, Active buys: 1, Active sells: 0
2025-04-23 09:54:54,363 - INFO - Active order: VBL - BUY - OPEN
2025-04-23 09:54:54,364 - INFO - No trading action needed at this time
2025-04-23 09:54:54,364 - INFO - Monitoring 1 active orders...
2025-04-23 09:55:24,541 - INFO - Fetching Nifty data from Yahoo Finance
2025-04-23 09:55:24,693 - INFO - Nifty 50 (Yahoo): 24307.50, Prev Close: 24167.25, Change: 140.25 pts (0.58%)
2025-04-23 09:55:24,694 - INFO - Nifty change: 140.25 points, Active buys: 1, Active sells: 0
2025-04-23 09:55:24,694 - INFO - Active order: VBL - BUY - OPEN
2025-04-23 09:55:24,695 - INFO - No trading action needed at this time
2025-04-23 09:55:24,695 - INFO - Monitoring 1 active orders...
2025-04-23 09:55:54,847 - INFO - Fetching Nifty data from Yahoo Finance
2025-04-23 09:55:54,966 - INFO - Nifty 50 (Yahoo): 24312.25, Prev Close: 24167.25, Change: 145.00 pts (0.60%)
2025-04-23 09:55:54,967 - INFO - Nifty change: 145.00 points, Active buys: 1, Active sells: 0
2025-04-23 09:55:54,967 - INFO - Active order: VBL - BUY - OPEN
2025-04-23 09:55:54,968 - INFO - No trading action needed at this time
2025-04-23 09:55:54,968 - INFO - Monitoring 1 active orders...
2025-04-23 09:56:25,137 - INFO - Fetching Nifty data from Yahoo Finance
2025-04-23 09:56:25,313 - INFO - Nifty 50 (Yahoo): 24312.10, Prev Close: 24167.25, Change: 144.85 pts (0.60%)
2025-04-23 09:56:25,314 - INFO - Nifty change: 144.85 points, Active buys: 1, Active sells: 0
2025-04-23 09:56:25,314 - INFO - Active order: VBL - BUY - OPEN
2025-04-23 09:56:25,314 - INFO - No trading action needed at this time
2025-04-23 09:56:25,315 - INFO - Monitoring 1 active orders...
2025-04-23 09:56:55,476 - INFO - Fetching Nifty data from Yahoo Finance
2025-04-23 09:56:55,633 - INFO - Nifty 50 (Yahoo): 24310.95, Prev Close: 24167.25, Change: 143.70 pts (0.59%)
2025-04-23 09:56:55,633 - INFO - Nifty change: 143.70 points, Active buys: 1, Active sells: 0
2025-04-23 09:56:55,634 - INFO - Active order: VBL - BUY - OPEN
2025-04-23 09:56:55,634 - INFO - No trading action needed at this time
2025-04-23 09:56:55,635 - INFO - Monitoring 1 active orders...
2025-04-23 09:57:25,790 - INFO - Fetching Nifty data from Yahoo Finance
2025-04-23 09:57:25,930 - INFO - Nifty 50 (Yahoo): 24310.80, Prev Close: 24167.25, Change: 143.55 pts (0.59%)
2025-04-23 09:57:25,930 - INFO - Nifty change: 143.55 points, Active buys: 1, Active sells: 0
2025-04-23 09:57:25,931 - INFO - Active order: VBL - BUY - OPEN
2025-04-23 09:57:25,931 - INFO - No trading action needed at this time
2025-04-23 09:57:25,931 - INFO - Monitoring 1 active orders...
2025-04-23 09:57:56,090 - INFO - Fetching Nifty data from Yahoo Finance
2025-04-23 09:57:56,269 - INFO - Nifty 50 (Yahoo): 24303.60, Prev Close: 24167.25, Change: 136.35 pts (0.56%)
2025-04-23 09:57:56,269 - INFO - Nifty moved -7.20 points since last check
2025-04-23 09:57:56,270 - INFO - Nifty change: 136.35 points, Active buys: 1, Active sells: 0
2025-04-23 09:57:56,270 - INFO - Active order: VBL - BUY - OPEN
2025-04-23 09:57:56,270 - INFO - No trading action needed at this time
2025-04-23 09:57:56,270 - INFO - Monitoring 1 active orders...
2025-04-23 09:58:26,419 - INFO - Fetching Nifty data from Yahoo Finance
2025-04-23 09:58:26,554 - INFO - Nifty 50 (Yahoo): 24303.70, Prev Close: 24167.25, Change: 136.45 pts (0.56%)
2025-04-23 09:58:26,555 - INFO - Nifty change: 136.45 points, Active buys: 1, Active sells: 0
2025-04-23 09:58:26,556 - INFO - Active order: VBL - BUY - OPEN
2025-04-23 09:58:26,556 - INFO - No trading action needed at this time
2025-04-23 09:58:26,556 - INFO - Monitoring 1 active orders...
2025-04-23 09:58:56,723 - INFO - Fetching Nifty data from Yahoo Finance
2025-04-23 09:58:56,854 - INFO - Nifty 50 (Yahoo): 24305.95, Prev Close: 24167.25, Change: 138.70 pts (0.57%)
2025-04-23 09:58:56,855 - INFO - Nifty change: 138.70 points, Active buys: 1, Active sells: 0
2025-04-23 09:58:56,855 - INFO - Active order: VBL - BUY - OPEN
2025-04-23 09:58:56,855 - INFO - No trading action needed at this time
2025-04-23 09:58:56,856 - INFO - Monitoring 1 active orders...
2025-04-23 09:59:27,009 - INFO - Fetching Nifty data from Yahoo Finance
2025-04-23 09:59:27,144 - INFO - Nifty 50 (Yahoo): 24307.95, Prev Close: 24167.25, Change: 140.70 pts (0.58%)
2025-04-23 09:59:27,144 - INFO - Nifty change: 140.70 points, Active buys: 1, Active sells: 0
2025-04-23 09:59:27,145 - INFO - Active order: VBL - BUY - OPEN
2025-04-23 09:59:27,145 - INFO - No trading action needed at this time
2025-04-23 09:59:27,146 - INFO - Monitoring 1 active orders...
2025-04-23 09:59:57,316 - INFO - Fetching Nifty data from Yahoo Finance
2025-04-23 09:59:57,445 - INFO - Nifty 50 (Yahoo): 24307.65, Prev Close: 24167.25, Change: 140.40 pts (0.58%)
2025-04-23 09:59:57,446 - INFO - Nifty change: 140.40 points, Active buys: 1, Active sells: 0
2025-04-23 09:59:57,447 - INFO - Active order: VBL - BUY - OPEN
2025-04-23 09:59:57,447 - INFO - No trading action needed at this time
2025-04-23 09:59:57,447 - INFO - Monitoring 1 active orders...
2025-04-23 10:00:27,602 - INFO - Fetching Nifty data from Yahoo Finance
2025-04-23 10:00:27,748 - INFO - Nifty 50 (Yahoo): 24310.60, Prev Close: 24167.25, Change: 143.35 pts (0.59%)
2025-04-23 10:00:27,748 - INFO - Nifty change: 143.35 points, Active buys: 1, Active sells: 0
2025-04-23 10:00:27,748 - INFO - Active order: VBL - BUY - OPEN
2025-04-23 10:00:27,749 - INFO - No trading action needed at this time
2025-04-23 10:00:27,749 - INFO - Monitoring 1 active orders...
2025-04-23 10:00:57,908 - INFO - Fetching Nifty data from Yahoo Finance
2025-04-23 10:00:58,082 - INFO - Nifty 50 (Yahoo): 24306.05, Prev Close: 24167.25, Change: 138.80 pts (0.57%)
2025-04-23 10:00:58,082 - INFO - Nifty change: 138.80 points, Active buys: 1, Active sells: 0
2025-04-23 10:00:58,083 - INFO - Active order: VBL - BUY - OPEN
2025-04-23 10:00:58,083 - INFO - No trading action needed at this time
2025-04-23 10:00:58,084 - INFO - Monitoring 1 active orders...
2025-04-23 10:01:28,245 - INFO - Fetching Nifty data from Yahoo Finance
2025-04-23 10:01:28,387 - INFO - Nifty 50 (Yahoo): 24307.65, Prev Close: 24167.25, Change: 140.40 pts (0.58%)
2025-04-23 10:01:28,387 - INFO - Nifty change: 140.40 points, Active buys: 1, Active sells: 0
2025-04-23 10:01:28,388 - INFO - Active order: VBL - BUY - OPEN
2025-04-23 10:01:28,388 - INFO - No trading action needed at this time
2025-04-23 10:01:28,388 - INFO - Monitoring 1 active orders...
2025-04-23 10:01:58,557 - INFO - Fetching Nifty data from Yahoo Finance
2025-04-23 10:01:58,728 - INFO - Nifty 50 (Yahoo): 24309.90, Prev Close: 24167.25, Change: 142.65 pts (0.59%)
2025-04-23 10:01:58,728 - INFO - Nifty change: 142.65 points, Active buys: 1, Active sells: 0
2025-04-23 10:01:58,728 - INFO - Active order: VBL - BUY - OPEN
2025-04-23 10:01:58,728 - INFO - No trading action needed at this time
2025-04-23 10:01:58,729 - INFO - Monitoring 1 active orders...
2025-04-23 10:02:28,888 - INFO - Fetching Nifty data from Yahoo Finance
2025-04-23 10:02:29,047 - INFO - Nifty 50 (Yahoo): 24314.80, Prev Close: 24167.25, Change: 147.55 pts (0.61%)
2025-04-23 10:02:29,048 - INFO - Nifty change: 147.55 points, Active buys: 1, Active sells: 0
2025-04-23 10:02:29,048 - INFO - Active order: VBL - BUY - OPEN
2025-04-23 10:02:29,048 - INFO - No trading action needed at this time
2025-04-23 10:02:29,049 - INFO - Monitoring 1 active orders...
2025-04-23 10:02:59,210 - INFO - Fetching Nifty data from Yahoo Finance
2025-04-23 10:02:59,358 - INFO - Nifty 50 (Yahoo): 24312.80, Prev Close: 24167.25, Change: 145.55 pts (0.60%)
2025-04-23 10:02:59,358 - INFO - Nifty change: 145.55 points, Active buys: 1, Active sells: 0
2025-04-23 10:02:59,359 - INFO - Active order: VBL - BUY - OPEN
2025-04-23 10:02:59,359 - INFO - No trading action needed at this time
2025-04-23 10:02:59,359 - INFO - Monitoring 1 active orders...
2025-04-23 10:03:29,524 - INFO - Fetching Nifty data from Yahoo Finance
2025-04-23 10:03:29,697 - INFO - Nifty 50 (Yahoo): 24309.40, Prev Close: 24167.25, Change: 142.15 pts (0.59%)
2025-04-23 10:03:29,698 - INFO - Nifty change: 142.15 points, Active buys: 1, Active sells: 0
2025-04-23 10:03:29,698 - INFO - Active order: VBL - BUY - OPEN
2025-04-23 10:03:29,698 - INFO - No trading action needed at this time
2025-04-23 10:03:29,699 - INFO - Monitoring 1 active orders...
2025-04-23 10:03:59,854 - INFO - Fetching Nifty data from Yahoo Finance
2025-04-23 10:03:59,981 - INFO - Nifty 50 (Yahoo): 24309.25, Prev Close: 24167.25, Change: 142.00 pts (0.59%)
2025-04-23 10:03:59,981 - INFO - Nifty change: 142.00 points, Active buys: 1, Active sells: 0
2025-04-23 10:03:59,981 - INFO - Active order: VBL - BUY - OPEN
2025-04-23 10:03:59,982 - INFO - No trading action needed at this time
2025-04-23 10:03:59,982 - INFO - Monitoring 1 active orders...
2025-04-23 10:04:30,161 - INFO - Fetching Nifty data from Yahoo Finance
2025-04-23 10:04:30,321 - INFO - Nifty 50 (Yahoo): 24311.00, Prev Close: 24167.25, Change: 143.75 pts (0.59%)
2025-04-23 10:04:30,322 - INFO - Nifty change: 143.75 points, Active buys: 1, Active sells: 0
2025-04-23 10:04:30,323 - INFO - Active order: VBL - BUY - OPEN
2025-04-23 10:04:30,323 - INFO - No trading action needed at this time
2025-04-23 10:04:30,324 - INFO - Monitoring 1 active orders...
2025-04-23 10:05:00,482 - INFO - Fetching Nifty data from Yahoo Finance
2025-04-23 10:05:00,654 - INFO - Nifty 50 (Yahoo): 24309.05, Prev Close: 24167.25, Change: 141.80 pts (0.59%)
2025-04-23 10:05:00,655 - INFO - Nifty change: 141.80 points, Active buys: 1, Active sells: 0
2025-04-23 10:05:00,655 - INFO - Active order: VBL - BUY - OPEN
2025-04-23 10:05:00,656 - INFO - No trading action needed at this time
2025-04-23 10:05:00,656 - INFO - Monitoring 1 active orders...
2025-04-23 10:05:30,813 - INFO - Fetching Nifty data from Yahoo Finance
2025-04-23 10:05:30,959 - INFO - Nifty 50 (Yahoo): 24309.35, Prev Close: 24167.25, Change: 142.10 pts (0.59%)
2025-04-23 10:05:30,960 - INFO - Nifty change: 142.10 points, Active buys: 1, Active sells: 0
2025-04-23 10:05:30,960 - INFO - Active order: VBL - BUY - OPEN
2025-04-23 10:05:30,960 - INFO - No trading action needed at this time
2025-04-23 10:05:30,961 - INFO - Monitoring 1 active orders...
2025-04-23 10:06:01,119 - INFO - Fetching Nifty data from Yahoo Finance
2025-04-23 10:06:01,301 - INFO - Nifty 50 (Yahoo): 24311.65, Prev Close: 24167.25, Change: 144.40 pts (0.60%)
2025-04-23 10:06:01,302 - INFO - Nifty change: 144.40 points, Active buys: 1, Active sells: 0
2025-04-23 10:06:01,302 - INFO - Active order: VBL - BUY - OPEN
2025-04-23 10:06:01,302 - INFO - No trading action needed at this time
2025-04-23 10:06:01,304 - INFO - Monitoring 1 active orders...
2025-04-23 10:06:31,461 - INFO - Fetching Nifty data from Yahoo Finance
2025-04-23 10:06:31,599 - INFO - Nifty 50 (Yahoo): 24310.80, Prev Close: 24167.25, Change: 143.55 pts (0.59%)
2025-04-23 10:06:31,599 - INFO - Nifty change: 143.55 points, Active buys: 1, Active sells: 0
2025-04-23 10:06:31,600 - INFO - Active order: VBL - BUY - OPEN
2025-04-23 10:06:31,600 - INFO - No trading action needed at this time
2025-04-23 10:06:31,600 - INFO - Monitoring 1 active orders...
2025-04-23 10:07:01,759 - INFO - Fetching Nifty data from Yahoo Finance
2025-04-23 10:07:01,883 - INFO - Nifty 50 (Yahoo): 24311.25, Prev Close: 24167.25, Change: 144.00 pts (0.60%)
2025-04-23 10:07:01,883 - INFO - Nifty change: 144.00 points, Active buys: 1, Active sells: 0
2025-04-23 10:07:01,884 - INFO - Active order: VBL - BUY - OPEN
2025-04-23 10:07:01,884 - INFO - No trading action needed at this time
2025-04-23 10:07:01,884 - INFO - Monitoring 1 active orders...
2025-04-23 10:07:32,078 - INFO - Fetching Nifty data from Yahoo Finance
2025-04-23 10:07:32,226 - INFO - Nifty 50 (Yahoo): 24308.05, Prev Close: 24167.25, Change: 140.80 pts (0.58%)
2025-04-23 10:07:32,226 - INFO - Nifty change: 140.80 points, Active buys: 1, Active sells: 0
2025-04-23 10:07:32,227 - INFO - Active order: VBL - BUY - OPEN
2025-04-23 10:07:32,228 - INFO - No trading action needed at this time
2025-04-23 10:07:32,228 - INFO - Monitoring 1 active orders...
2025-04-23 10:08:02,389 - INFO - Fetching Nifty data from Yahoo Finance
2025-04-23 10:08:02,534 - INFO - Nifty 50 (Yahoo): 24301.20, Prev Close: 24167.25, Change: 133.95 pts (0.55%)
2025-04-23 10:08:02,534 - INFO - Nifty moved -6.85 points since last check
2025-04-23 10:08:02,534 - INFO - Nifty change: 133.95 points, Active buys: 1, Active sells: 0
2025-04-23 10:08:02,535 - INFO - Active order: VBL - BUY - OPEN
2025-04-23 10:08:02,535 - INFO - No trading action needed at this time
2025-04-23 10:08:02,535 - INFO - Monitoring 1 active orders...
2025-04-23 10:08:32,694 - INFO - Fetching Nifty data from Yahoo Finance
2025-04-23 10:08:32,824 - INFO - Nifty 50 (Yahoo): 24302.80, Prev Close: 24167.25, Change: 135.55 pts (0.56%)
2025-04-23 10:08:32,825 - INFO - Nifty change: 135.55 points, Active buys: 1, Active sells: 0
2025-04-23 10:08:32,825 - INFO - Active order: VBL - BUY - OPEN
2025-04-23 10:08:32,826 - INFO - No trading action needed at this time
2025-04-23 10:08:32,826 - INFO - Monitoring 1 active orders...
2025-04-23 10:09:02,992 - INFO - Fetching Nifty data from Yahoo Finance
2025-04-23 10:09:03,148 - INFO - Nifty 50 (Yahoo): 24300.65, Prev Close: 24167.25, Change: 133.40 pts (0.55%)
2025-04-23 10:09:03,148 - INFO - Nifty change: 133.40 points, Active buys: 1, Active sells: 0
2025-04-23 10:09:03,148 - INFO - Active order: VBL - BUY - OPEN
2025-04-23 10:09:03,149 - INFO - No trading action needed at this time
2025-04-23 10:09:03,149 - INFO - Monitoring 1 active orders...
2025-04-23 10:09:33,318 - INFO - Fetching Nifty data from Yahoo Finance
2025-04-23 10:09:33,481 - INFO - Nifty 50 (Yahoo): 24303.35, Prev Close: 24167.25, Change: 136.10 pts (0.56%)
2025-04-23 10:09:33,482 - INFO - Nifty change: 136.10 points, Active buys: 1, Active sells: 0
2025-04-23 10:09:33,482 - INFO - Active order: VBL - BUY - OPEN
2025-04-23 10:09:33,482 - INFO - No trading action needed at this time
2025-04-23 10:09:33,482 - INFO - Monitoring 1 active orders...
2025-04-23 10:10:03,647 - INFO - Fetching Nifty data from Yahoo Finance
2025-04-23 10:10:03,809 - INFO - Nifty 50 (Yahoo): 24305.50, Prev Close: 24167.25, Change: 138.25 pts (0.57%)
2025-04-23 10:10:03,809 - INFO - Nifty change: 138.25 points, Active buys: 1, Active sells: 0
2025-04-23 10:10:03,810 - INFO - Active order: VBL - BUY - OPEN
2025-04-23 10:10:03,810 - INFO - No trading action needed at this time
2025-04-23 10:10:03,810 - INFO - Monitoring 1 active orders...
2025-04-23 10:10:33,969 - INFO - Fetching Nifty data from Yahoo Finance
2025-04-23 10:10:34,116 - INFO - Nifty 50 (Yahoo): 24304.60, Prev Close: 24167.25, Change: 137.35 pts (0.57%)
2025-04-23 10:10:34,118 - INFO - Nifty change: 137.35 points, Active buys: 1, Active sells: 0
2025-04-23 10:10:34,118 - INFO - Active order: VBL - BUY - OPEN
2025-04-23 10:10:34,119 - INFO - No trading action needed at this time
2025-04-23 10:10:34,121 - INFO - Monitoring 1 active orders...
2025-04-23 10:11:04,299 - INFO - Fetching Nifty data from Yahoo Finance
2025-04-23 10:11:04,465 - INFO - Nifty 50 (Yahoo): 24301.35, Prev Close: 24167.25, Change: 134.10 pts (0.55%)
2025-04-23 10:11:04,465 - INFO - Nifty change: 134.10 points, Active buys: 1, Active sells: 0
2025-04-23 10:11:04,466 - INFO - Active order: VBL - BUY - OPEN
2025-04-23 10:11:04,467 - INFO - No trading action needed at this time
2025-04-23 10:11:04,467 - INFO - Monitoring 1 active orders...
2025-04-23 10:11:34,636 - INFO - Fetching Nifty data from Yahoo Finance
2025-04-23 10:11:34,782 - INFO - Nifty 50 (Yahoo): 24293.30, Prev Close: 24167.25, Change: 126.05 pts (0.52%)
2025-04-23 10:11:34,782 - INFO - Nifty moved -8.05 points since last check
2025-04-23 10:11:34,783 - INFO - Nifty change: 126.05 points, Active buys: 1, Active sells: 0
2025-04-23 10:11:34,783 - INFO - Active order: VBL - BUY - OPEN
2025-04-23 10:11:34,783 - INFO - No trading action needed at this time
2025-04-23 10:11:34,784 - INFO - Monitoring 1 active orders...
2025-04-23 10:12:04,942 - INFO - Fetching Nifty data from Yahoo Finance
2025-04-23 10:12:05,121 - INFO - Nifty 50 (Yahoo): 24293.90, Prev Close: 24167.25, Change: 126.65 pts (0.52%)
2025-04-23 10:12:05,121 - INFO - Nifty change: 126.65 points, Active buys: 1, Active sells: 0
2025-04-23 10:12:05,122 - INFO - Active order: VBL - BUY - OPEN
2025-04-23 10:12:05,122 - INFO - No trading action needed at this time
2025-04-23 10:12:05,123 - INFO - Monitoring 1 active orders...
2025-04-23 10:12:35,293 - INFO - Fetching Nifty data from Yahoo Finance
2025-04-23 10:12:35,461 - INFO - Nifty 50 (Yahoo): 24290.80, Prev Close: 24167.25, Change: 123.55 pts (0.51%)
2025-04-23 10:12:35,461 - INFO - Nifty change: 123.55 points, Active buys: 1, Active sells: 0
2025-04-23 10:12:35,462 - INFO - Active order: VBL - BUY - OPEN
2025-04-23 10:12:35,462 - INFO - No trading action needed at this time
2025-04-23 10:12:35,462 - INFO - Monitoring 1 active orders...
2025-04-23 10:13:05,632 - INFO - Fetching Nifty data from Yahoo Finance
2025-04-23 10:13:05,805 - INFO - Nifty 50 (Yahoo): 24284.60, Prev Close: 24167.25, Change: 117.35 pts (0.49%)
2025-04-23 10:13:05,806 - INFO - Nifty moved -6.20 points since last check
2025-04-23 10:13:05,807 - INFO - Nifty change: 117.35 points, Active buys: 1, Active sells: 0
2025-04-23 10:13:05,808 - INFO - Active order: VBL - BUY - OPEN
2025-04-23 10:13:05,808 - INFO - No trading action needed at this time
2025-04-23 10:13:05,809 - INFO - Monitoring 1 active orders...
2025-04-23 10:13:35,965 - INFO - Fetching Nifty data from Yahoo Finance
2025-04-23 10:13:36,100 - INFO - Nifty 50 (Yahoo): 24284.00, Prev Close: 24167.25, Change: 116.75 pts (0.48%)
2025-04-23 10:13:36,101 - INFO - Nifty change: 116.75 points, Active buys: 1, Active sells: 0
2025-04-23 10:13:36,101 - INFO - Active order: VBL - BUY - OPEN
2025-04-23 10:13:36,102 - INFO - No trading action needed at this time
2025-04-23 10:13:36,103 - INFO - Monitoring 1 active orders...
2025-04-23 10:14:06,259 - INFO - Fetching Nifty data from Yahoo Finance
2025-04-23 10:14:06,398 - INFO - Nifty 50 (Yahoo): 24279.25, Prev Close: 24167.25, Change: 112.00 pts (0.46%)
2025-04-23 10:14:06,399 - INFO - Nifty change: 112.00 points, Active buys: 1, Active sells: 0
2025-04-23 10:14:06,399 - INFO - Active order: VBL - BUY - OPEN
2025-04-23 10:14:06,399 - INFO - No trading action needed at this time
2025-04-23 10:14:06,400 - INFO - Monitoring 1 active orders...
2025-04-23 10:14:36,555 - INFO - Fetching Nifty data from Yahoo Finance
2025-04-23 10:14:36,677 - INFO - Nifty 50 (Yahoo): 24290.25, Prev Close: 24167.25, Change: 123.00 pts (0.51%)
2025-04-23 10:14:36,678 - INFO - Nifty moved 11.00 points since last check
2025-04-23 10:14:36,678 - INFO - Nifty change: 123.00 points, Active buys: 1, Active sells: 0
2025-04-23 10:14:36,678 - INFO - Active order: VBL - BUY - OPEN
2025-04-23 10:14:36,679 - INFO - No trading action needed at this time
2025-04-23 10:14:36,679 - INFO - Monitoring 1 active orders...
2025-04-23 10:15:06,833 - INFO - Fetching Nifty data from Yahoo Finance
2025-04-23 10:15:06,976 - INFO - Nifty 50 (Yahoo): 24293.20, Prev Close: 24167.25, Change: 125.95 pts (0.52%)
2025-04-23 10:15:06,977 - INFO - Nifty change: 125.95 points, Active buys: 1, Active sells: 0
2025-04-23 10:15:06,977 - INFO - Active order: VBL - BUY - OPEN
2025-04-23 10:15:06,978 - INFO - No trading action needed at this time
2025-04-23 10:15:06,978 - INFO - Monitoring 1 active orders...
2025-04-23 10:15:37,137 - INFO - Fetching Nifty data from Yahoo Finance
2025-04-23 10:15:37,298 - INFO - Nifty 50 (Yahoo): 24297.55, Prev Close: 24167.25, Change: 130.30 pts (0.54%)
2025-04-23 10:15:37,299 - INFO - Nifty change: 130.30 points, Active buys: 1, Active sells: 0
2025-04-23 10:15:37,299 - INFO - Active order: VBL - BUY - OPEN
2025-04-23 10:15:37,300 - INFO - No trading action needed at this time
2025-04-23 10:15:37,301 - INFO - Monitoring 1 active orders...
2025-04-23 10:16:07,453 - INFO - Fetching Nifty data from Yahoo Finance
2025-04-23 10:16:07,601 - INFO - Nifty 50 (Yahoo): 24298.05, Prev Close: 24167.25, Change: 130.80 pts (0.54%)
2025-04-23 10:16:07,601 - INFO - Nifty change: 130.80 points, Active buys: 1, Active sells: 0
2025-04-23 10:16:07,602 - INFO - Active order: VBL - BUY - OPEN
2025-04-23 10:16:07,602 - INFO - No trading action needed at this time
2025-04-23 10:16:07,603 - INFO - Monitoring 1 active orders...
2025-04-23 10:16:37,765 - INFO - Fetching Nifty data from Yahoo Finance
2025-04-23 10:16:37,889 - INFO - Nifty 50 (Yahoo): 24297.30, Prev Close: 24167.25, Change: 130.05 pts (0.54%)
2025-04-23 10:16:37,890 - INFO - Nifty change: 130.05 points, Active buys: 1, Active sells: 0
2025-04-23 10:16:37,890 - INFO - Active order: VBL - BUY - OPEN
2025-04-23 10:16:37,890 - INFO - No trading action needed at this time
2025-04-23 10:16:37,891 - INFO - Monitoring 1 active orders...
2025-04-23 10:17:08,039 - INFO - Fetching Nifty data from Yahoo Finance
2025-04-23 10:17:08,205 - INFO - Nifty 50 (Yahoo): 24297.05, Prev Close: 24167.25, Change: 129.80 pts (0.54%)
2025-04-23 10:17:08,205 - INFO - Nifty change: 129.80 points, Active buys: 1, Active sells: 0
2025-04-23 10:17:08,206 - INFO - Active order: VBL - BUY - OPEN
2025-04-23 10:17:08,206 - INFO - No trading action needed at this time
2025-04-23 10:17:08,206 - INFO - Monitoring 1 active orders...
2025-04-23 10:17:38,359 - INFO - Fetching Nifty data from Yahoo Finance
2025-04-23 10:17:38,538 - INFO - Nifty 50 (Yahoo): 24297.85, Prev Close: 24167.25, Change: 130.60 pts (0.54%)
2025-04-23 10:17:38,540 - INFO - Nifty change: 130.60 points, Active buys: 1, Active sells: 0
2025-04-23 10:17:38,541 - INFO - Active order: VBL - BUY - OPEN
2025-04-23 10:17:38,542 - INFO - No trading action needed at this time
2025-04-23 10:17:38,542 - INFO - Monitoring 1 active orders...
2025-04-23 10:18:08,709 - INFO - Fetching Nifty data from Yahoo Finance
2025-04-23 10:18:08,846 - INFO - Nifty 50 (Yahoo): 24299.00, Prev Close: 24167.25, Change: 131.75 pts (0.55%)
2025-04-23 10:18:08,847 - INFO - Nifty change: 131.75 points, Active buys: 1, Active sells: 0
2025-04-23 10:18:08,847 - INFO - Active order: VBL - BUY - OPEN
2025-04-23 10:18:08,848 - INFO - No trading action needed at this time
2025-04-23 10:18:08,848 - INFO - Monitoring 1 active orders...
2025-04-23 10:18:38,998 - INFO - Fetching Nifty data from Yahoo Finance
2025-04-23 10:18:39,127 - INFO - Nifty 50 (Yahoo): 24299.20, Prev Close: 24167.25, Change: 131.95 pts (0.55%)
2025-04-23 10:18:39,127 - INFO - Nifty change: 131.95 points, Active buys: 1, Active sells: 0
2025-04-23 10:18:39,127 - INFO - Active order: VBL - BUY - OPEN
2025-04-23 10:18:39,128 - INFO - No trading action needed at this time
2025-04-23 10:18:39,128 - INFO - Monitoring 1 active orders...
2025-04-23 10:19:09,300 - INFO - Fetching Nifty data from Yahoo Finance
2025-04-23 10:19:09,452 - INFO - Nifty 50 (Yahoo): 24300.80, Prev Close: 24167.25, Change: 133.55 pts (0.55%)
2025-04-23 10:19:09,453 - INFO - Nifty change: 133.55 points, Active buys: 1, Active sells: 0
2025-04-23 10:19:09,453 - INFO - Active order: VBL - BUY - OPEN
2025-04-23 10:19:09,453 - INFO - No trading action needed at this time
2025-04-23 10:19:09,453 - INFO - Monitoring 1 active orders...
2025-04-23 10:19:39,622 - INFO - Fetching Nifty data from Yahoo Finance
2025-04-23 10:19:39,800 - INFO - Nifty 50 (Yahoo): 24297.90, Prev Close: 24167.25, Change: 130.65 pts (0.54%)
2025-04-23 10:19:39,801 - INFO - Nifty change: 130.65 points, Active buys: 1, Active sells: 0
2025-04-23 10:19:39,802 - INFO - Active order: VBL - BUY - OPEN
2025-04-23 10:19:39,803 - INFO - No trading action needed at this time
2025-04-23 10:19:39,804 - INFO - Monitoring 1 active orders...
2025-04-23 10:20:09,965 - INFO - Fetching Nifty data from Yahoo Finance
2025-04-23 10:20:10,121 - INFO - Nifty 50 (Yahoo): 24303.55, Prev Close: 24167.25, Change: 136.30 pts (0.56%)
2025-04-23 10:20:10,121 - INFO - Nifty moved 5.65 points since last check
2025-04-23 10:20:10,122 - INFO - Nifty change: 136.30 points, Active buys: 1, Active sells: 0
2025-04-23 10:20:10,123 - INFO - Active order: VBL - BUY - OPEN
2025-04-23 10:20:10,123 - INFO - No trading action needed at this time
2025-04-23 10:20:10,124 - INFO - Monitoring 1 active orders...
2025-04-23 10:20:40,283 - INFO - Fetching Nifty data from Yahoo Finance
2025-04-23 10:20:40,452 - INFO - Nifty 50 (Yahoo): 24304.65, Prev Close: 24167.25, Change: 137.40 pts (0.57%)
2025-04-23 10:20:40,453 - INFO - Nifty change: 137.40 points, Active buys: 1, Active sells: 0
2025-04-23 10:20:40,453 - INFO - Active order: VBL - BUY - OPEN
2025-04-23 10:20:40,454 - INFO - No trading action needed at this time
2025-04-23 10:20:40,454 - INFO - Monitoring 1 active orders...
2025-04-23 10:21:10,609 - INFO - Fetching Nifty data from Yahoo Finance
2025-04-23 10:21:10,776 - INFO - Nifty 50 (Yahoo): 24305.25, Prev Close: 24167.25, Change: 138.00 pts (0.57%)
2025-04-23 10:21:10,776 - INFO - Nifty change: 138.00 points, Active buys: 1, Active sells: 0
2025-04-23 10:21:10,776 - INFO - Active order: VBL - BUY - OPEN
2025-04-23 10:21:10,777 - INFO - No trading action needed at this time
2025-04-23 10:21:10,777 - INFO - Monitoring 1 active orders...
2025-04-23 10:21:40,941 - INFO - Fetching Nifty data from Yahoo Finance
2025-04-23 10:21:41,109 - INFO - Nifty 50 (Yahoo): 24306.15, Prev Close: 24167.25, Change: 138.90 pts (0.57%)
2025-04-23 10:21:41,110 - INFO - Nifty change: 138.90 points, Active buys: 1, Active sells: 0
2025-04-23 10:21:41,110 - INFO - Active order: VBL - BUY - OPEN
2025-04-23 10:21:41,111 - INFO - No trading action needed at this time
2025-04-23 10:21:41,111 - INFO - Monitoring 1 active orders...
2025-04-23 10:22:11,267 - INFO - Fetching Nifty data from Yahoo Finance
2025-04-23 10:22:11,420 - INFO - Nifty 50 (Yahoo): 24308.75, Prev Close: 24167.25, Change: 141.50 pts (0.59%)
2025-04-23 10:22:11,422 - INFO - Nifty change: 141.50 points, Active buys: 1, Active sells: 0
2025-04-23 10:22:11,423 - INFO - Active order: VBL - BUY - OPEN
2025-04-23 10:22:11,423 - INFO - No trading action needed at this time
2025-04-23 10:22:11,424 - INFO - Monitoring 1 active orders...
2025-04-23 10:22:41,588 - INFO - Fetching Nifty data from Yahoo Finance
2025-04-23 10:22:41,750 - INFO - Nifty 50 (Yahoo): 24309.35, Prev Close: 24167.25, Change: 142.10 pts (0.59%)
2025-04-23 10:22:41,751 - INFO - Nifty change: 142.10 points, Active buys: 1, Active sells: 0
2025-04-23 10:22:41,752 - INFO - Active order: VBL - BUY - OPEN
2025-04-23 10:22:41,753 - INFO - No trading action needed at this time
2025-04-23 10:22:41,753 - INFO - Monitoring 1 active orders...
2025-04-23 10:23:11,921 - INFO - Fetching Nifty data from Yahoo Finance
2025-04-23 10:23:12,035 - INFO - Nifty 50 (Yahoo): 24309.50, Prev Close: 24167.25, Change: 142.25 pts (0.59%)
2025-04-23 10:23:12,036 - INFO - Nifty change: 142.25 points, Active buys: 1, Active sells: 0
2025-04-23 10:23:12,036 - INFO - Active order: VBL - BUY - OPEN
2025-04-23 10:23:12,037 - INFO - No trading action needed at this time
2025-04-23 10:23:12,037 - INFO - Monitoring 1 active orders...
2025-04-23 10:23:42,193 - INFO - Fetching Nifty data from Yahoo Finance
2025-04-23 10:23:42,377 - INFO - Nifty 50 (Yahoo): 24310.20, Prev Close: 24167.25, Change: 142.95 pts (0.59%)
2025-04-23 10:23:42,378 - INFO - Nifty change: 142.95 points, Active buys: 1, Active sells: 0
2025-04-23 10:23:42,378 - INFO - Active order: VBL - BUY - OPEN
2025-04-23 10:23:42,378 - INFO - No trading action needed at this time
2025-04-23 10:23:42,378 - INFO - Monitoring 1 active orders...
2025-04-23 10:24:12,535 - INFO - Fetching Nifty data from Yahoo Finance
2025-04-23 10:24:12,653 - INFO - Nifty 50 (Yahoo): 24309.10, Prev Close: 24167.25, Change: 141.85 pts (0.59%)
2025-04-23 10:24:12,654 - INFO - Nifty change: 141.85 points, Active buys: 1, Active sells: 0
2025-04-23 10:24:12,654 - INFO - Active order: VBL - BUY - OPEN
2025-04-23 10:24:12,654 - INFO - No trading action needed at this time
2025-04-23 10:24:12,655 - INFO - Monitoring 1 active orders...
2025-04-23 10:24:42,820 - INFO - Fetching Nifty data from Yahoo Finance
2025-04-23 10:24:42,991 - INFO - Nifty 50 (Yahoo): 24309.20, Prev Close: 24167.25, Change: 141.95 pts (0.59%)
2025-04-23 10:24:42,992 - INFO - Nifty change: 141.95 points, Active buys: 1, Active sells: 0
2025-04-23 10:24:42,992 - INFO - Active order: VBL - BUY - OPEN
2025-04-23 10:24:42,993 - INFO - No trading action needed at this time
2025-04-23 10:24:42,993 - INFO - Monitoring 1 active orders...
2025-04-23 10:25:13,148 - INFO - Fetching Nifty data from Yahoo Finance
2025-04-23 10:25:13,295 - INFO - Nifty 50 (Yahoo): 24309.90, Prev Close: 24167.25, Change: 142.65 pts (0.59%)
2025-04-23 10:25:13,297 - INFO - Nifty change: 142.65 points, Active buys: 1, Active sells: 0
2025-04-23 10:25:13,297 - INFO - Active order: VBL - BUY - OPEN
2025-04-23 10:25:13,298 - INFO - No trading action needed at this time
2025-04-23 10:25:13,298 - INFO - Monitoring 1 active orders...
2025-04-23 10:25:43,456 - INFO - Fetching Nifty data from Yahoo Finance
2025-04-23 10:25:43,593 - INFO - Nifty 50 (Yahoo): 24310.90, Prev Close: 24167.25, Change: 143.65 pts (0.59%)
2025-04-23 10:25:43,594 - INFO - Nifty change: 143.65 points, Active buys: 1, Active sells: 0
2025-04-23 10:25:43,594 - INFO - Active order: VBL - BUY - OPEN
2025-04-23 10:25:43,594 - INFO - No trading action needed at this time
2025-04-23 10:25:43,595 - INFO - Monitoring 1 active orders...
2025-04-23 10:26:13,748 - INFO - Fetching Nifty data from Yahoo Finance
2025-04-23 10:26:13,886 - INFO - Nifty 50 (Yahoo): 24311.15, Prev Close: 24167.25, Change: 143.90 pts (0.60%)
2025-04-23 10:26:13,887 - INFO - Nifty change: 143.90 points, Active buys: 1, Active sells: 0
2025-04-23 10:26:13,887 - INFO - Active order: VBL - BUY - OPEN
2025-04-23 10:26:13,887 - INFO - No trading action needed at this time
2025-04-23 10:26:13,888 - INFO - Monitoring 1 active orders...
2025-04-23 10:26:44,047 - INFO - Fetching Nifty data from Yahoo Finance
2025-04-23 10:26:44,192 - INFO - Nifty 50 (Yahoo): 24309.60, Prev Close: 24167.25, Change: 142.35 pts (0.59%)
2025-04-23 10:26:44,193 - INFO - Nifty change: 142.35 points, Active buys: 1, Active sells: 0
2025-04-23 10:26:44,193 - INFO - Active order: VBL - BUY - OPEN
2025-04-23 10:26:44,193 - INFO - No trading action needed at this time
2025-04-23 10:26:44,194 - INFO - Monitoring 1 active orders...
2025-04-23 10:27:14,345 - INFO - Fetching Nifty data from Yahoo Finance
2025-04-23 10:27:14,493 - INFO - Nifty 50 (Yahoo): 24311.40, Prev Close: 24167.25, Change: 144.15 pts (0.60%)
2025-04-23 10:27:14,494 - INFO - Nifty change: 144.15 points, Active buys: 1, Active sells: 0
2025-04-23 10:27:14,494 - INFO - Active order: VBL - BUY - OPEN
2025-04-23 10:27:14,494 - INFO - No trading action needed at this time
2025-04-23 10:27:14,495 - INFO - Monitoring 1 active orders...
2025-04-23 10:27:44,658 - INFO - Fetching Nifty data from Yahoo Finance
2025-04-23 10:27:44,801 - INFO - Nifty 50 (Yahoo): 24311.25, Prev Close: 24167.25, Change: 144.00 pts (0.60%)
2025-04-23 10:27:44,803 - INFO - Nifty change: 144.00 points, Active buys: 1, Active sells: 0
2025-04-23 10:27:44,804 - INFO - Active order: VBL - BUY - OPEN
2025-04-23 10:27:44,805 - INFO - No trading action needed at this time
2025-04-23 10:27:44,807 - INFO - Monitoring 1 active orders...
2025-04-23 10:28:14,979 - INFO - Fetching Nifty data from Yahoo Finance
2025-04-23 10:28:15,136 - INFO - Nifty 50 (Yahoo): 24315.75, Prev Close: 24167.25, Change: 148.50 pts (0.61%)
2025-04-23 10:28:15,137 - INFO - Nifty change: 148.50 points, Active buys: 1, Active sells: 0
2025-04-23 10:28:15,137 - INFO - Active order: VBL - BUY - OPEN
2025-04-23 10:28:15,138 - INFO - No trading action needed at this time
2025-04-23 10:28:15,138 - INFO - Monitoring 1 active orders...
2025-04-23 10:28:45,294 - INFO - Fetching Nifty data from Yahoo Finance
2025-04-23 10:28:45,436 - INFO - Nifty 50 (Yahoo): 24316.50, Prev Close: 24167.25, Change: 149.25 pts (0.62%)
2025-04-23 10:28:45,436 - INFO - Nifty change: 149.25 points, Active buys: 1, Active sells: 0
2025-04-23 10:28:45,438 - INFO - Active order: VBL - BUY - OPEN
2025-04-23 10:28:45,438 - INFO - No trading action needed at this time
2025-04-23 10:28:45,439 - INFO - Monitoring 1 active orders...
2025-04-23 10:29:15,608 - INFO - Fetching Nifty data from Yahoo Finance
2025-04-23 10:29:15,772 - INFO - Nifty 50 (Yahoo): 24315.50, Prev Close: 24167.25, Change: 148.25 pts (0.61%)
2025-04-23 10:29:15,772 - INFO - Nifty change: 148.25 points, Active buys: 1, Active sells: 0
2025-04-23 10:29:15,773 - INFO - Active order: VBL - BUY - OPEN
2025-04-23 10:29:15,773 - INFO - No trading action needed at this time
2025-04-23 10:29:15,773 - INFO - Monitoring 1 active orders...
2025-04-23 10:29:45,937 - INFO - Fetching Nifty data from Yahoo Finance
2025-04-23 10:29:46,120 - INFO - Nifty 50 (Yahoo): 24316.90, Prev Close: 24167.25, Change: 149.65 pts (0.62%)
2025-04-23 10:29:46,122 - INFO - Nifty change: 149.65 points, Active buys: 1, Active sells: 0
2025-04-23 10:29:46,123 - INFO - Active order: VBL - BUY - OPEN
2025-04-23 10:29:46,124 - INFO - No trading action needed at this time
2025-04-23 10:29:46,125 - INFO - Monitoring 1 active orders...
2025-04-23 10:30:16,293 - INFO - Fetching Nifty data from Yahoo Finance
2025-04-23 10:30:16,483 - INFO - Nifty 50 (Yahoo): 24321.05, Prev Close: 24167.25, Change: 153.80 pts (0.64%)
2025-04-23 10:30:16,484 - INFO - Nifty change: 153.80 points, Active buys: 1, Active sells: 0
2025-04-23 10:30:16,484 - INFO - Active order: VBL - BUY - OPEN
2025-04-23 10:30:16,485 - INFO - No trading action needed at this time
2025-04-23 10:30:16,485 - INFO - Monitoring 1 active orders...
2025-04-23 10:30:46,643 - INFO - Fetching Nifty data from Yahoo Finance
2025-04-23 10:30:46,792 - INFO - Nifty 50 (Yahoo): 24323.70, Prev Close: 24167.25, Change: 156.45 pts (0.65%)
2025-04-23 10:30:46,792 - INFO - Nifty change: 156.45 points, Active buys: 1, Active sells: 0
2025-04-23 10:30:46,792 - INFO - Active order: VBL - BUY - OPEN
2025-04-23 10:30:46,793 - INFO - No trading action needed at this time
2025-04-23 10:30:46,793 - INFO - Monitoring 1 active orders...
2025-04-23 10:31:16,943 - INFO - Fetching Nifty data from Yahoo Finance
2025-04-23 10:31:17,113 - INFO - Nifty 50 (Yahoo): 24325.60, Prev Close: 24167.25, Change: 158.35 pts (0.66%)
2025-04-23 10:31:17,115 - INFO - Nifty change: 158.35 points, Active buys: 1, Active sells: 0
2025-04-23 10:31:17,116 - INFO - Active order: VBL - BUY - OPEN
2025-04-23 10:31:17,117 - INFO - No trading action needed at this time
2025-04-23 10:31:17,118 - INFO - Monitoring 1 active orders...
2025-04-23 10:31:47,278 - INFO - Fetching Nifty data from Yahoo Finance
2025-04-23 10:31:47,403 - INFO - Nifty 50 (Yahoo): 24326.35, Prev Close: 24167.25, Change: 159.10 pts (0.66%)
2025-04-23 10:31:47,403 - INFO - Nifty change: 159.10 points, Active buys: 1, Active sells: 0
2025-04-23 10:31:47,403 - INFO - Active order: VBL - BUY - OPEN
2025-04-23 10:31:47,404 - INFO - No trading action needed at this time
2025-04-23 10:31:47,404 - INFO - Monitoring 1 active orders...
2025-04-23 10:32:17,563 - INFO - Fetching Nifty data from Yahoo Finance
2025-04-23 10:32:17,728 - INFO - Nifty 50 (Yahoo): 24326.65, Prev Close: 24167.25, Change: 159.40 pts (0.66%)
2025-04-23 10:32:17,729 - INFO - Nifty change: 159.40 points, Active buys: 1, Active sells: 0
2025-04-23 10:32:17,729 - INFO - Active order: VBL - BUY - OPEN
2025-04-23 10:32:17,730 - INFO - No trading action needed at this time
2025-04-23 10:32:17,730 - INFO - Monitoring 1 active orders...
2025-04-23 10:32:47,893 - INFO - Fetching Nifty data from Yahoo Finance
2025-04-23 10:32:48,033 - INFO - Nifty 50 (Yahoo): 24322.35, Prev Close: 24167.25, Change: 155.10 pts (0.64%)
2025-04-23 10:32:48,035 - INFO - Nifty change: 155.10 points, Active buys: 1, Active sells: 0
2025-04-23 10:32:48,036 - INFO - Active order: VBL - BUY - OPEN
2025-04-23 10:32:48,037 - INFO - No trading action needed at this time
2025-04-23 10:32:48,038 - INFO - Monitoring 1 active orders...
2025-04-23 10:33:18,207 - INFO - Fetching Nifty data from Yahoo Finance
2025-04-23 10:33:18,342 - INFO - Nifty 50 (Yahoo): 24325.25, Prev Close: 24167.25, Change: 158.00 pts (0.65%)
2025-04-23 10:33:18,343 - INFO - Nifty change: 158.00 points, Active buys: 1, Active sells: 0
2025-04-23 10:33:18,343 - INFO - Active order: VBL - BUY - OPEN
2025-04-23 10:33:18,343 - INFO - No trading action needed at this time
2025-04-23 10:33:18,344 - INFO - Monitoring 1 active orders...
2025-04-23 10:33:48,496 - INFO - Fetching Nifty data from Yahoo Finance
2025-04-23 10:33:48,627 - INFO - Nifty 50 (Yahoo): 24327.85, Prev Close: 24167.25, Change: 160.60 pts (0.66%)
2025-04-23 10:33:48,627 - INFO - Nifty change: 160.60 points, Active buys: 1, Active sells: 0
2025-04-23 10:33:48,628 - INFO - Active order: VBL - BUY - OPEN
2025-04-23 10:33:48,628 - INFO - No trading action needed at this time
2025-04-23 10:33:48,628 - INFO - Monitoring 1 active orders...
2025-04-23 10:34:18,780 - INFO - Fetching Nifty data from Yahoo Finance
2025-04-23 10:34:18,963 - INFO - Nifty 50 (Yahoo): 24328.95, Prev Close: 24167.25, Change: 161.70 pts (0.67%)
2025-04-23 10:34:18,963 - INFO - Nifty change: 161.70 points, Active buys: 1, Active sells: 0
2025-04-23 10:34:18,963 - INFO - Active order: VBL - BUY - OPEN
2025-04-23 10:34:18,964 - INFO - No trading action needed at this time
2025-04-23 10:34:18,964 - INFO - Monitoring 1 active orders...
2025-04-23 10:34:49,127 - INFO - Fetching Nifty data from Yahoo Finance
2025-04-23 10:34:49,277 - INFO - Nifty 50 (Yahoo): 24331.30, Prev Close: 24167.25, Change: 164.05 pts (0.68%)
2025-04-23 10:34:49,278 - INFO - Nifty change: 164.05 points, Active buys: 1, Active sells: 0
2025-04-23 10:34:49,279 - INFO - Active order: VBL - BUY - OPEN
2025-04-23 10:34:49,279 - INFO - No trading action needed at this time
2025-04-23 10:34:49,280 - INFO - Monitoring 1 active orders...
2025-04-23 10:35:19,452 - INFO - Fetching Nifty data from Yahoo Finance
2025-04-23 10:35:19,610 - INFO - Nifty 50 (Yahoo): 24333.55, Prev Close: 24167.25, Change: 166.30 pts (0.69%)
2025-04-23 10:35:19,610 - INFO - Nifty change: 166.30 points, Active buys: 1, Active sells: 0
2025-04-23 10:35:19,611 - INFO - Active order: VBL - BUY - OPEN
2025-04-23 10:35:19,611 - INFO - No trading action needed at this time
2025-04-23 10:35:19,611 - INFO - Monitoring 1 active orders...
2025-04-23 10:35:49,782 - INFO - Fetching Nifty data from Yahoo Finance
2025-04-23 10:35:49,943 - INFO - Nifty 50 (Yahoo): 24331.75, Prev Close: 24167.25, Change: 164.50 pts (0.68%)
2025-04-23 10:35:49,944 - INFO - Nifty change: 164.50 points, Active buys: 1, Active sells: 0
2025-04-23 10:35:49,945 - INFO - Active order: VBL - BUY - OPEN
2025-04-23 10:35:49,946 - INFO - No trading action needed at this time
2025-04-23 10:35:49,946 - INFO - Monitoring 1 active orders...
2025-04-23 10:36:20,115 - INFO - Fetching Nifty data from Yahoo Finance
2025-04-23 10:36:20,255 - INFO - Nifty 50 (Yahoo): 24332.00, Prev Close: 24167.25, Change: 164.75 pts (0.68%)
2025-04-23 10:36:20,256 - INFO - Nifty change: 164.75 points, Active buys: 1, Active sells: 0
2025-04-23 10:36:20,256 - INFO - Active order: VBL - BUY - OPEN
2025-04-23 10:36:20,256 - INFO - No trading action needed at this time
2025-04-23 10:36:20,257 - INFO - Monitoring 1 active orders...
2025-04-23 10:36:50,423 - INFO - Fetching Nifty data from Yahoo Finance
2025-04-23 10:36:50,563 - INFO - Nifty 50 (Yahoo): 24331.70, Prev Close: 24167.25, Change: 164.45 pts (0.68%)
2025-04-23 10:36:50,563 - INFO - Nifty change: 164.45 points, Active buys: 1, Active sells: 0
2025-04-23 10:36:50,563 - INFO - Active order: VBL - BUY - OPEN
2025-04-23 10:36:50,564 - INFO - No trading action needed at this time
2025-04-23 10:36:50,564 - INFO - Monitoring 1 active orders...
2025-04-23 10:37:20,732 - INFO - Fetching Nifty data from Yahoo Finance
2025-04-23 10:37:20,861 - INFO - Nifty 50 (Yahoo): 24333.65, Prev Close: 24167.25, Change: 166.40 pts (0.69%)
2025-04-23 10:37:20,862 - INFO - Nifty change: 166.40 points, Active buys: 1, Active sells: 0
2025-04-23 10:37:20,862 - INFO - Active order: VBL - BUY - OPEN
2025-04-23 10:37:20,862 - INFO - No trading action needed at this time
2025-04-23 10:37:20,863 - INFO - Monitoring 1 active orders...
2025-04-23 10:37:51,020 - INFO - Fetching Nifty data from Yahoo Finance
2025-04-23 10:37:51,159 - INFO - Nifty 50 (Yahoo): 24334.65, Prev Close: 24167.25, Change: 167.40 pts (0.69%)
2025-04-23 10:37:51,160 - INFO - Nifty change: 167.40 points, Active buys: 1, Active sells: 0
2025-04-23 10:37:51,160 - INFO - Active order: VBL - BUY - OPEN
2025-04-23 10:37:51,161 - INFO - No trading action needed at this time
2025-04-23 10:37:51,161 - INFO - Monitoring 1 active orders...
2025-04-23 10:38:21,624 - INFO - Fetching Nifty data from Yahoo Finance
2025-04-23 10:38:21,781 - INFO - Nifty 50 (Yahoo): 24333.15, Prev Close: 24167.25, Change: 165.90 pts (0.69%)
2025-04-23 10:38:21,782 - INFO - Nifty change: 165.90 points, Active buys: 1, Active sells: 0
2025-04-23 10:38:21,782 - INFO - Active order: VBL - BUY - OPEN
2025-04-23 10:38:21,782 - INFO - No trading action needed at this time
2025-04-23 10:38:21,782 - INFO - Monitoring 1 active orders...
2025-04-23 10:38:51,939 - INFO - Fetching Nifty data from Yahoo Finance
2025-04-23 10:38:52,087 - INFO - Nifty 50 (Yahoo): 24334.20, Prev Close: 24167.25, Change: 166.95 pts (0.69%)
2025-04-23 10:38:52,087 - INFO - Nifty change: 166.95 points, Active buys: 1, Active sells: 0
2025-04-23 10:38:52,087 - INFO - Active order: VBL - BUY - OPEN
2025-04-23 10:38:52,088 - INFO - No trading action needed at this time
2025-04-23 10:38:52,088 - INFO - Monitoring 1 active orders...
2025-04-23 10:39:22,249 - INFO - Fetching Nifty data from Yahoo Finance
2025-04-23 10:39:22,404 - INFO - Nifty 50 (Yahoo): 24333.80, Prev Close: 24167.25, Change: 166.55 pts (0.69%)
2025-04-23 10:39:22,405 - INFO - Nifty change: 166.55 points, Active buys: 1, Active sells: 0
2025-04-23 10:39:22,405 - INFO - Active order: VBL - BUY - OPEN
2025-04-23 10:39:22,406 - INFO - No trading action needed at this time
2025-04-23 10:39:22,406 - INFO - Monitoring 1 active orders...
2025-04-23 10:39:52,581 - INFO - Fetching Nifty data from Yahoo Finance
2025-04-23 10:39:52,762 - INFO - Nifty 50 (Yahoo): 24334.50, Prev Close: 24167.25, Change: 167.25 pts (0.69%)
2025-04-23 10:39:52,764 - INFO - Nifty change: 167.25 points, Active buys: 1, Active sells: 0
2025-04-23 10:39:52,765 - INFO - Active order: VBL - BUY - OPEN
2025-04-23 10:39:52,766 - INFO - No trading action needed at this time
2025-04-23 10:39:52,767 - INFO - Monitoring 1 active orders...
2025-04-23 10:40:22,936 - INFO - Fetching Nifty data from Yahoo Finance
2025-04-23 10:40:23,094 - INFO - Nifty 50 (Yahoo): 24336.85, Prev Close: 24167.25, Change: 169.60 pts (0.70%)
2025-04-23 10:40:23,096 - INFO - Nifty change: 169.60 points, Active buys: 1, Active sells: 0
2025-04-23 10:40:23,097 - INFO - Active order: VBL - BUY - OPEN
2025-04-23 10:40:23,097 - INFO - No trading action needed at this time
2025-04-23 10:40:23,098 - INFO - Monitoring 1 active orders...
2025-04-23 10:40:53,256 - INFO - Fetching Nifty data from Yahoo Finance
2025-04-23 10:40:53,389 - INFO - Nifty 50 (Yahoo): 24339.95, Prev Close: 24167.25, Change: 172.70 pts (0.71%)
2025-04-23 10:40:53,390 - INFO - Nifty change: 172.70 points, Active buys: 1, Active sells: 0
2025-04-23 10:40:53,390 - INFO - Active order: VBL - BUY - OPEN
2025-04-23 10:40:53,391 - INFO - No trading action needed at this time
2025-04-23 10:40:53,391 - INFO - Monitoring 1 active orders...
2025-04-23 10:41:23,548 - INFO - Fetching Nifty data from Yahoo Finance
2025-04-23 10:41:23,706 - INFO - Nifty 50 (Yahoo): 24337.45, Prev Close: 24167.25, Change: 170.20 pts (0.70%)
2025-04-23 10:41:23,706 - INFO - Nifty change: 170.20 points, Active buys: 1, Active sells: 0
2025-04-23 10:41:23,706 - INFO - Active order: VBL - BUY - OPEN
2025-04-23 10:41:23,707 - INFO - No trading action needed at this time
2025-04-23 10:41:23,707 - INFO - Monitoring 1 active orders...
2025-04-23 10:41:53,858 - INFO - Fetching Nifty data from Yahoo Finance
2025-04-23 10:41:54,017 - INFO - Nifty 50 (Yahoo): 24336.50, Prev Close: 24167.25, Change: 169.25 pts (0.70%)
2025-04-23 10:41:54,017 - INFO - Nifty change: 169.25 points, Active buys: 1, Active sells: 0
2025-04-23 10:41:54,018 - INFO - Active order: VBL - BUY - OPEN
2025-04-23 10:41:54,018 - INFO - No trading action needed at this time
2025-04-23 10:41:54,018 - INFO - Monitoring 1 active orders...
2025-04-23 10:42:24,176 - INFO - Fetching Nifty data from Yahoo Finance
2025-04-23 10:42:24,341 - INFO - Nifty 50 (Yahoo): 24337.00, Prev Close: 24167.25, Change: 169.75 pts (0.70%)
2025-04-23 10:42:24,341 - INFO - Nifty change: 169.75 points, Active buys: 1, Active sells: 0
2025-04-23 10:42:24,342 - INFO - Active order: VBL - BUY - OPEN
2025-04-23 10:42:24,342 - INFO - No trading action needed at this time
2025-04-23 10:42:24,342 - INFO - Monitoring 1 active orders...
2025-04-23 10:42:54,508 - INFO - Fetching Nifty data from Yahoo Finance
2025-04-23 10:42:54,723 - INFO - Nifty 50 (Yahoo): 24337.45, Prev Close: 24167.25, Change: 170.20 pts (0.70%)
2025-04-23 10:42:54,724 - INFO - Nifty change: 170.20 points, Active buys: 1, Active sells: 0
2025-04-23 10:42:54,724 - INFO - Active order: VBL - BUY - OPEN
2025-04-23 10:42:54,724 - INFO - No trading action needed at this time
2025-04-23 10:42:54,725 - INFO - Monitoring 1 active orders...
2025-04-23 10:43:24,874 - INFO - Fetching Nifty data from Yahoo Finance
2025-04-23 10:43:24,999 - INFO - Nifty 50 (Yahoo): 24336.10, Prev Close: 24167.25, Change: 168.85 pts (0.70%)
2025-04-23 10:43:25,000 - INFO - Nifty change: 168.85 points, Active buys: 1, Active sells: 0
2025-04-23 10:43:25,001 - INFO - Active order: VBL - BUY - OPEN
2025-04-23 10:43:25,001 - INFO - No trading action needed at this time
2025-04-23 10:43:25,002 - INFO - Monitoring 1 active orders...
2025-04-23 10:43:55,164 - INFO - Fetching Nifty data from Yahoo Finance
2025-04-23 10:43:55,343 - INFO - Nifty 50 (Yahoo): 24336.70, Prev Close: 24167.25, Change: 169.45 pts (0.70%)
2025-04-23 10:43:55,343 - INFO - Nifty change: 169.45 points, Active buys: 1, Active sells: 0
2025-04-23 10:43:55,344 - INFO - Active order: VBL - BUY - OPEN
2025-04-23 10:43:55,344 - INFO - No trading action needed at this time
2025-04-23 10:43:55,345 - INFO - Monitoring 1 active orders...
2025-04-23 10:44:25,497 - INFO - Fetching Nifty data from Yahoo Finance
2025-04-23 10:44:25,635 - INFO - Nifty 50 (Yahoo): 24338.50, Prev Close: 24167.25, Change: 171.25 pts (0.71%)
2025-04-23 10:44:25,636 - INFO - Nifty change: 171.25 points, Active buys: 1, Active sells: 0
2025-04-23 10:44:25,637 - INFO - Active order: VBL - BUY - OPEN
2025-04-23 10:44:25,637 - INFO - No trading action needed at this time
2025-04-23 10:44:25,638 - INFO - Monitoring 1 active orders...
2025-04-23 10:44:55,807 - INFO - Fetching Nifty data from Yahoo Finance
2025-04-23 10:44:55,975 - INFO - Nifty 50 (Yahoo): 24337.65, Prev Close: 24167.25, Change: 170.40 pts (0.71%)
2025-04-23 10:44:55,976 - INFO - Nifty change: 170.40 points, Active buys: 1, Active sells: 0
2025-04-23 10:44:55,977 - INFO - Active order: VBL - BUY - OPEN
2025-04-23 10:44:55,977 - INFO - No trading action needed at this time
2025-04-23 10:44:55,978 - INFO - Monitoring 1 active orders...
2025-04-23 10:45:26,136 - INFO - Fetching Nifty data from Yahoo Finance
2025-04-23 10:45:26,280 - INFO - Nifty 50 (Yahoo): 24337.65, Prev Close: 24167.25, Change: 170.40 pts (0.71%)
2025-04-23 10:45:26,280 - INFO - Nifty change: 170.40 points, Active buys: 1, Active sells: 0
2025-04-23 10:45:26,281 - INFO - Active order: VBL - BUY - OPEN
2025-04-23 10:45:26,281 - INFO - No trading action needed at this time
2025-04-23 10:45:26,282 - INFO - Monitoring 1 active orders...
2025-04-23 10:45:56,430 - INFO - Fetching Nifty data from Yahoo Finance
2025-04-23 10:45:56,601 - INFO - Nifty 50 (Yahoo): 24337.65, Prev Close: 24167.25, Change: 170.40 pts (0.71%)
2025-04-23 10:45:56,602 - INFO - Nifty change: 170.40 points, Active buys: 1, Active sells: 0
2025-04-23 10:45:56,603 - INFO - Active order: VBL - BUY - OPEN
2025-04-23 10:45:56,603 - INFO - No trading action needed at this time
2025-04-23 10:45:56,604 - INFO - Monitoring 1 active orders...
2025-04-23 10:46:26,766 - INFO - Fetching Nifty data from Yahoo Finance
2025-04-23 10:46:26,908 - INFO - Nifty 50 (Yahoo): 24337.65, Prev Close: 24167.25, Change: 170.40 pts (0.71%)
2025-04-23 10:46:26,908 - INFO - Nifty change: 170.40 points, Active buys: 1, Active sells: 0
2025-04-23 10:46:26,909 - INFO - Active order: VBL - BUY - OPEN
2025-04-23 10:46:26,909 - INFO - No trading action needed at this time
2025-04-23 10:46:26,909 - INFO - Monitoring 1 active orders...
2025-04-23 10:46:57,080 - INFO - Fetching Nifty data from Yahoo Finance
2025-04-23 10:46:57,262 - INFO - Nifty 50 (Yahoo): 24319.35, Prev Close: 24167.25, Change: 152.10 pts (0.63%)
2025-04-23 10:46:57,263 - INFO - Nifty moved -18.30 points since last check
2025-04-23 10:46:57,264 - INFO - Nifty change: 152.10 points, Active buys: 1, Active sells: 0
2025-04-23 10:46:57,265 - INFO - Active order: VBL - BUY - OPEN
2025-04-23 10:46:57,265 - INFO - No trading action needed at this time
2025-04-23 10:46:57,266 - INFO - Monitoring 1 active orders...
2025-04-23 10:47:27,428 - INFO - Fetching Nifty data from Yahoo Finance
2025-04-23 10:47:27,584 - INFO - Nifty 50 (Yahoo): 24324.05, Prev Close: 24167.25, Change: 156.80 pts (0.65%)
2025-04-23 10:47:27,585 - INFO - Nifty change: 156.80 points, Active buys: 1, Active sells: 0
2025-04-23 10:47:27,586 - INFO - Active order: VBL - BUY - OPEN
2025-04-23 10:47:27,586 - INFO - No trading action needed at this time
2025-04-23 10:47:27,587 - INFO - Monitoring 1 active orders...
2025-04-23 10:47:57,748 - INFO - Fetching Nifty data from Yahoo Finance
2025-04-23 10:47:57,886 - INFO - Nifty 50 (Yahoo): 24326.75, Prev Close: 24167.25, Change: 159.50 pts (0.66%)
2025-04-23 10:47:57,887 - INFO - Nifty change: 159.50 points, Active buys: 1, Active sells: 0
2025-04-23 10:47:57,888 - INFO - Active order: VBL - BUY - OPEN
2025-04-23 10:47:57,889 - INFO - No trading action needed at this time
2025-04-23 10:47:57,890 - INFO - Monitoring 1 active orders...
2025-04-23 10:48:28,064 - INFO - Fetching Nifty data from Yahoo Finance
2025-04-23 10:48:28,214 - INFO - Nifty 50 (Yahoo): 24327.05, Prev Close: 24167.25, Change: 159.80 pts (0.66%)
2025-04-23 10:48:28,216 - INFO - Nifty change: 159.80 points, Active buys: 1, Active sells: 0
2025-04-23 10:48:28,217 - INFO - Active order: VBL - BUY - OPEN
2025-04-23 10:48:28,218 - INFO - No trading action needed at this time
2025-04-23 10:48:28,219 - INFO - Monitoring 1 active orders...
2025-04-23 10:48:58,382 - INFO - Fetching Nifty data from Yahoo Finance
2025-04-23 10:48:58,513 - INFO - Nifty 50 (Yahoo): 24327.80, Prev Close: 24167.25, Change: 160.55 pts (0.66%)
2025-04-23 10:48:58,513 - INFO - Nifty change: 160.55 points, Active buys: 1, Active sells: 0
2025-04-23 10:48:58,514 - INFO - Active order: VBL - BUY - OPEN
2025-04-23 10:48:58,514 - INFO - No trading action needed at this time
2025-04-23 10:48:58,514 - INFO - Monitoring 1 active orders...
2025-04-23 10:49:28,669 - INFO - Fetching Nifty data from Yahoo Finance
2025-04-23 10:49:28,830 - INFO - Nifty 50 (Yahoo): 24328.30, Prev Close: 24167.25, Change: 161.05 pts (0.67%)
2025-04-23 10:49:28,830 - INFO - Nifty change: 161.05 points, Active buys: 1, Active sells: 0
2025-04-23 10:49:28,831 - INFO - Active order: VBL - BUY - OPEN
2025-04-23 10:49:28,831 - INFO - No trading action needed at this time
2025-04-23 10:49:28,831 - INFO - Monitoring 1 active orders...
2025-04-23 10:49:58,992 - INFO - Fetching Nifty data from Yahoo Finance
2025-04-23 10:49:59,137 - INFO - Nifty 50 (Yahoo): 24330.00, Prev Close: 24167.25, Change: 162.75 pts (0.67%)
2025-04-23 10:49:59,138 - INFO - Nifty change: 162.75 points, Active buys: 1, Active sells: 0
2025-04-23 10:49:59,138 - INFO - Active order: VBL - BUY - OPEN
2025-04-23 10:49:59,138 - INFO - No trading action needed at this time
2025-04-23 10:49:59,139 - INFO - Monitoring 1 active orders...
2025-04-23 10:50:29,299 - INFO - Fetching Nifty data from Yahoo Finance
2025-04-23 10:50:29,443 - INFO - Nifty 50 (Yahoo): 24329.85, Prev Close: 24167.25, Change: 162.60 pts (0.67%)
2025-04-23 10:50:29,444 - INFO - Nifty change: 162.60 points, Active buys: 1, Active sells: 0
2025-04-23 10:50:29,444 - INFO - Active order: VBL - BUY - OPEN
2025-04-23 10:50:29,444 - INFO - No trading action needed at this time
2025-04-23 10:50:29,444 - INFO - Monitoring 1 active orders...
2025-04-23 10:50:59,624 - INFO - Fetching Nifty data from Yahoo Finance
2025-04-23 10:50:59,760 - INFO - Nifty 50 (Yahoo): 24325.95, Prev Close: 24167.25, Change: 158.70 pts (0.66%)
2025-04-23 10:50:59,761 - INFO - Nifty change: 158.70 points, Active buys: 1, Active sells: 0
2025-04-23 10:50:59,761 - INFO - Active order: VBL - BUY - OPEN
2025-04-23 10:50:59,761 - INFO - No trading action needed at this time
2025-04-23 10:50:59,762 - INFO - Monitoring 1 active orders...
2025-04-23 10:51:29,931 - INFO - Fetching Nifty data from Yahoo Finance
2025-04-23 10:51:30,080 - INFO - Nifty 50 (Yahoo): 24326.90, Prev Close: 24167.25, Change: 159.65 pts (0.66%)
2025-04-23 10:51:30,080 - INFO - Nifty change: 159.65 points, Active buys: 1, Active sells: 0
2025-04-23 10:51:30,080 - INFO - Active order: VBL - BUY - OPEN
2025-04-23 10:51:30,081 - INFO - No trading action needed at this time
2025-04-23 10:51:30,081 - INFO - Monitoring 1 active orders...
2025-04-23 10:52:00,245 - INFO - Fetching Nifty data from Yahoo Finance
2025-04-23 10:52:00,399 - INFO - Nifty 50 (Yahoo): 24324.65, Prev Close: 24167.25, Change: 157.40 pts (0.65%)
2025-04-23 10:52:00,400 - INFO - Nifty change: 157.40 points, Active buys: 1, Active sells: 0
2025-04-23 10:52:00,400 - INFO - Active order: VBL - BUY - OPEN
2025-04-23 10:52:00,401 - INFO - No trading action needed at this time
2025-04-23 10:52:00,401 - INFO - Monitoring 1 active orders...
2025-04-23 10:52:30,562 - INFO - Fetching Nifty data from Yahoo Finance
2025-04-23 10:52:30,740 - INFO - Nifty 50 (Yahoo): 24324.50, Prev Close: 24167.25, Change: 157.25 pts (0.65%)
2025-04-23 10:52:30,741 - INFO - Nifty change: 157.25 points, Active buys: 1, Active sells: 0
2025-04-23 10:52:30,741 - INFO - Active order: VBL - BUY - OPEN
2025-04-23 10:52:30,742 - INFO - No trading action needed at this time
2025-04-23 10:52:30,743 - INFO - Monitoring 1 active orders...
2025-04-23 10:53:00,901 - INFO - Fetching Nifty data from Yahoo Finance
2025-04-23 10:53:01,049 - INFO - Nifty 50 (Yahoo): 24323.85, Prev Close: 24167.25, Change: 156.60 pts (0.65%)
2025-04-23 10:53:01,050 - INFO - Nifty change: 156.60 points, Active buys: 1, Active sells: 0
2025-04-23 10:53:01,050 - INFO - Active order: VBL - BUY - OPEN
2025-04-23 10:53:01,050 - INFO - No trading action needed at this time
2025-04-23 10:53:01,050 - INFO - Monitoring 1 active orders...
2025-04-23 10:53:31,213 - INFO - Fetching Nifty data from Yahoo Finance
2025-04-23 10:53:31,375 - INFO - Nifty 50 (Yahoo): 24324.50, Prev Close: 24167.25, Change: 157.25 pts (0.65%)
2025-04-23 10:53:31,376 - INFO - Nifty change: 157.25 points, Active buys: 1, Active sells: 0
2025-04-23 10:53:31,377 - INFO - Active order: VBL - BUY - OPEN
2025-04-23 10:53:31,378 - INFO - No trading action needed at this time
2025-04-23 10:53:31,379 - INFO - Monitoring 1 active orders...
2025-04-23 10:54:01,536 - INFO - Fetching Nifty data from Yahoo Finance
2025-04-23 10:54:01,670 - INFO - Nifty 50 (Yahoo): 24324.75, Prev Close: 24167.25, Change: 157.50 pts (0.65%)
2025-04-23 10:54:01,670 - INFO - Nifty change: 157.50 points, Active buys: 1, Active sells: 0
2025-04-23 10:54:01,671 - INFO - Active order: VBL - BUY - OPEN
2025-04-23 10:54:01,671 - INFO - No trading action needed at this time
2025-04-23 10:54:01,671 - INFO - Monitoring 1 active orders...
2025-04-23 10:54:31,826 - INFO - Fetching Nifty data from Yahoo Finance
2025-04-23 10:54:31,958 - INFO - Nifty 50 (Yahoo): 24326.35, Prev Close: 24167.25, Change: 159.10 pts (0.66%)
2025-04-23 10:54:31,958 - INFO - Nifty change: 159.10 points, Active buys: 1, Active sells: 0
2025-04-23 10:54:31,958 - INFO - Active order: VBL - BUY - OPEN
2025-04-23 10:54:31,959 - INFO - No trading action needed at this time
2025-04-23 10:54:31,959 - INFO - Monitoring 1 active orders...
2025-04-23 10:55:02,112 - INFO - Fetching Nifty data from Yahoo Finance
2025-04-23 10:55:02,242 - INFO - Nifty 50 (Yahoo): 24324.60, Prev Close: 24167.25, Change: 157.35 pts (0.65%)
2025-04-23 10:55:02,242 - INFO - Nifty change: 157.35 points, Active buys: 1, Active sells: 0
2025-04-23 10:55:02,243 - INFO - Active order: VBL - BUY - OPEN
2025-04-23 10:55:02,243 - INFO - No trading action needed at this time
2025-04-23 10:55:02,243 - INFO - Monitoring 1 active orders...
2025-04-23 10:55:32,394 - INFO - Fetching Nifty data from Yahoo Finance
2025-04-23 10:55:32,533 - INFO - Nifty 50 (Yahoo): 24325.95, Prev Close: 24167.25, Change: 158.70 pts (0.66%)
2025-04-23 10:55:32,533 - INFO - Nifty change: 158.70 points, Active buys: 1, Active sells: 0
2025-04-23 10:55:32,534 - INFO - Active order: VBL - BUY - OPEN
2025-04-23 10:55:32,534 - INFO - No trading action needed at this time
2025-04-23 10:55:32,534 - INFO - Monitoring 1 active orders...
2025-04-23 10:56:02,703 - INFO - Fetching Nifty data from Yahoo Finance
2025-04-23 10:56:02,874 - INFO - Nifty 50 (Yahoo): 24324.15, Prev Close: 24167.25, Change: 156.90 pts (0.65%)
2025-04-23 10:56:02,875 - INFO - Nifty change: 156.90 points, Active buys: 1, Active sells: 0
2025-04-23 10:56:02,876 - INFO - Active order: VBL - BUY - OPEN
2025-04-23 10:56:02,876 - INFO - No trading action needed at this time
2025-04-23 10:56:02,877 - INFO - Monitoring 1 active orders...
2025-04-23 10:56:33,047 - INFO - Fetching Nifty data from Yahoo Finance
2025-04-23 10:56:33,204 - INFO - Nifty 50 (Yahoo): 24325.60, Prev Close: 24167.25, Change: 158.35 pts (0.66%)
2025-04-23 10:56:33,205 - INFO - Nifty change: 158.35 points, Active buys: 1, Active sells: 0
2025-04-23 10:56:33,205 - INFO - Active order: VBL - BUY - OPEN
2025-04-23 10:56:33,205 - INFO - No trading action needed at this time
2025-04-23 10:56:33,206 - INFO - Monitoring 1 active orders...
2025-04-23 10:57:03,371 - INFO - Fetching Nifty data from Yahoo Finance
2025-04-23 10:57:03,517 - INFO - Nifty 50 (Yahoo): 24327.00, Prev Close: 24167.25, Change: 159.75 pts (0.66%)
2025-04-23 10:57:03,517 - INFO - Nifty change: 159.75 points, Active buys: 1, Active sells: 0
2025-04-23 10:57:03,518 - INFO - Active order: VBL - BUY - OPEN
2025-04-23 10:57:03,518 - INFO - No trading action needed at this time
2025-04-23 10:57:03,518 - INFO - Monitoring 1 active orders...
2025-04-23 10:57:33,674 - INFO - Fetching Nifty data from Yahoo Finance
2025-04-23 10:57:33,833 - INFO - Nifty 50 (Yahoo): 24325.25, Prev Close: 24167.25, Change: 158.00 pts (0.65%)
2025-04-23 10:57:33,834 - INFO - Nifty change: 158.00 points, Active buys: 1, Active sells: 0
2025-04-23 10:57:33,834 - INFO - Active order: VBL - BUY - OPEN
2025-04-23 10:57:33,834 - INFO - No trading action needed at this time
2025-04-23 10:57:33,835 - INFO - Monitoring 1 active orders...
2025-04-23 10:58:03,992 - INFO - Fetching Nifty data from Yahoo Finance
2025-04-23 10:58:04,150 - INFO - Nifty 50 (Yahoo): 24321.35, Prev Close: 24167.25, Change: 154.10 pts (0.64%)
2025-04-23 10:58:04,150 - INFO - Nifty change: 154.10 points, Active buys: 1, Active sells: 0
2025-04-23 10:58:04,150 - INFO - Active order: VBL - BUY - OPEN
2025-04-23 10:58:04,151 - INFO - No trading action needed at this time
2025-04-23 10:58:04,151 - INFO - Monitoring 1 active orders...
2025-04-23 10:58:34,317 - INFO - Fetching Nifty data from Yahoo Finance
2025-04-23 10:58:34,467 - INFO - Nifty 50 (Yahoo): 24316.15, Prev Close: 24167.25, Change: 148.90 pts (0.62%)
2025-04-23 10:58:34,467 - INFO - Nifty moved -5.20 points since last check
2025-04-23 10:58:34,468 - INFO - Nifty change: 148.90 points, Active buys: 1, Active sells: 0
2025-04-23 10:58:34,468 - INFO - Active order: VBL - BUY - OPEN
2025-04-23 10:58:34,468 - INFO - No trading action needed at this time
2025-04-23 10:58:34,469 - INFO - Monitoring 1 active orders...
2025-04-23 10:59:04,622 - INFO - Fetching Nifty data from Yahoo Finance
2025-04-23 10:59:04,767 - INFO - Nifty 50 (Yahoo): 24319.10, Prev Close: 24167.25, Change: 151.85 pts (0.63%)
2025-04-23 10:59:04,768 - INFO - Nifty change: 151.85 points, Active buys: 1, Active sells: 0
2025-04-23 10:59:04,769 - INFO - Active order: VBL - BUY - OPEN
2025-04-23 10:59:04,769 - INFO - No trading action needed at this time
2025-04-23 10:59:04,770 - INFO - Monitoring 1 active orders...
2025-04-23 10:59:34,935 - INFO - Fetching Nifty data from Yahoo Finance
2025-04-23 10:59:35,107 - INFO - Nifty 50 (Yahoo): 24314.75, Prev Close: 24167.25, Change: 147.50 pts (0.61%)
2025-04-23 10:59:35,108 - INFO - Nifty change: 147.50 points, Active buys: 1, Active sells: 0
2025-04-23 10:59:35,109 - INFO - Active order: VBL - BUY - OPEN
2025-04-23 10:59:35,109 - INFO - No trading action needed at this time
2025-04-23 10:59:35,109 - INFO - Monitoring 1 active orders...
2025-04-23 11:00:05,264 - INFO - Fetching Nifty data from Yahoo Finance
2025-04-23 11:00:05,422 - INFO - Nifty 50 (Yahoo): 24282.35, Prev Close: 24167.25, Change: 115.10 pts (0.48%)
2025-04-23 11:00:05,423 - INFO - Nifty moved -32.40 points since last check
2025-04-23 11:00:05,423 - INFO - Nifty change: 115.10 points, Active buys: 1, Active sells: 0
2025-04-23 11:00:05,423 - INFO - Active order: VBL - BUY - OPEN
2025-04-23 11:00:05,423 - INFO - No trading action needed at this time
2025-04-23 11:00:05,424 - INFO - Monitoring 1 active orders...
2025-04-23 11:00:35,582 - INFO - Fetching Nifty data from Yahoo Finance
2025-04-23 11:00:35,741 - INFO - Nifty 50 (Yahoo): 24282.35, Prev Close: 24167.25, Change: 115.10 pts (0.48%)
2025-04-23 11:00:35,742 - INFO - Nifty change: 115.10 points, Active buys: 1, Active sells: 0
2025-04-23 11:00:35,743 - INFO - Active order: VBL - BUY - OPEN
2025-04-23 11:00:35,743 - INFO - No trading action needed at this time
2025-04-23 11:00:35,744 - INFO - Monitoring 1 active orders...
2025-04-23 11:01:05,908 - INFO - Fetching Nifty data from Yahoo Finance
2025-04-23 11:01:06,057 - INFO - Nifty 50 (Yahoo): 24328.95, Prev Close: 24167.25, Change: 161.70 pts (0.67%)
2025-04-23 11:01:06,057 - INFO - Nifty moved 46.60 points since last check
2025-04-23 11:01:06,058 - INFO - Nifty change: 161.70 points, Active buys: 1, Active sells: 0
2025-04-23 11:01:06,058 - INFO - Active order: VBL - BUY - OPEN
2025-04-23 11:01:06,058 - INFO - No trading action needed at this time
2025-04-23 11:01:06,058 - INFO - Monitoring 1 active orders...
2025-04-23 11:01:36,208 - INFO - Fetching Nifty data from Yahoo Finance
2025-04-23 11:01:36,356 - INFO - Nifty 50 (Yahoo): 24328.95, Prev Close: 24167.25, Change: 161.70 pts (0.67%)
2025-04-23 11:01:36,356 - INFO - Nifty change: 161.70 points, Active buys: 1, Active sells: 0
2025-04-23 11:01:36,356 - INFO - Active order: VBL - BUY - OPEN
2025-04-23 11:01:36,357 - INFO - No trading action needed at this time
2025-04-23 11:01:36,357 - INFO - Monitoring 1 active orders...
2025-04-23 11:02:06,516 - INFO - Fetching Nifty data from Yahoo Finance
2025-04-23 11:02:06,660 - INFO - Nifty 50 (Yahoo): 24328.95, Prev Close: 24167.25, Change: 161.70 pts (0.67%)
2025-04-23 11:02:06,661 - INFO - Nifty change: 161.70 points, Active buys: 1, Active sells: 0
2025-04-23 11:02:06,661 - INFO - Active order: VBL - BUY - OPEN
2025-04-23 11:02:06,662 - INFO - No trading action needed at this time
2025-04-23 11:02:06,662 - INFO - Monitoring 1 active orders...
2025-04-23 11:02:36,821 - INFO - Fetching Nifty data from Yahoo Finance
2025-04-23 11:02:36,977 - INFO - Nifty 50 (Yahoo): 24328.95, Prev Close: 24167.25, Change: 161.70 pts (0.67%)
2025-04-23 11:02:36,977 - INFO - Nifty change: 161.70 points, Active buys: 1, Active sells: 0
2025-04-23 11:02:36,978 - INFO - Active order: VBL - BUY - OPEN
2025-04-23 11:02:36,978 - INFO - No trading action needed at this time
2025-04-23 11:02:36,979 - INFO - Monitoring 1 active orders...
2025-04-23 11:03:07,133 - INFO - Fetching Nifty data from Yahoo Finance
2025-04-23 11:03:07,264 - INFO - Nifty 50 (Yahoo): 24328.95, Prev Close: 24167.25, Change: 161.70 pts (0.67%)
2025-04-23 11:03:07,265 - INFO - Nifty change: 161.70 points, Active buys: 1, Active sells: 0
2025-04-23 11:03:07,265 - INFO - Active order: VBL - BUY - OPEN
2025-04-23 11:03:07,265 - INFO - No trading action needed at this time
2025-04-23 11:03:07,265 - INFO - Monitoring 1 active orders...
2025-04-23 11:03:37,437 - INFO - Fetching Nifty data from Yahoo Finance
2025-04-23 11:03:37,589 - INFO - Nifty 50 (Yahoo): 24328.95, Prev Close: 24167.25, Change: 161.70 pts (0.67%)
2025-04-23 11:03:37,589 - INFO - Nifty change: 161.70 points, Active buys: 1, Active sells: 0
2025-04-23 11:03:37,589 - INFO - Active order: VBL - BUY - OPEN
2025-04-23 11:03:37,590 - INFO - No trading action needed at this time
2025-04-23 11:03:37,590 - INFO - Monitoring 1 active orders...
2025-04-23 11:04:07,753 - INFO - Fetching Nifty data from Yahoo Finance
2025-04-23 11:04:07,908 - INFO - Nifty 50 (Yahoo): 24328.95, Prev Close: 24167.25, Change: 161.70 pts (0.67%)
2025-04-23 11:04:07,909 - INFO - Nifty change: 161.70 points, Active buys: 1, Active sells: 0
2025-04-23 11:04:07,910 - INFO - Active order: VBL - BUY - OPEN
2025-04-23 11:04:07,910 - INFO - No trading action needed at this time
2025-04-23 11:04:07,911 - INFO - Monitoring 1 active orders...
2025-04-23 11:04:38,063 - INFO - Fetching Nifty data from Yahoo Finance
2025-04-23 11:04:38,211 - INFO - Nifty 50 (Yahoo): 24328.95, Prev Close: 24167.25, Change: 161.70 pts (0.67%)
2025-04-23 11:04:38,212 - INFO - Nifty change: 161.70 points, Active buys: 1, Active sells: 0
2025-04-23 11:04:38,213 - INFO - Active order: VBL - BUY - OPEN
2025-04-23 11:04:38,214 - INFO - No trading action needed at this time
2025-04-23 11:04:38,215 - INFO - Monitoring 1 active orders...
2025-04-23 11:05:08,371 - INFO - Fetching Nifty data from Yahoo Finance
2025-04-23 11:05:08,505 - INFO - Nifty 50 (Yahoo): 24328.95, Prev Close: 24167.25, Change: 161.70 pts (0.67%)
2025-04-23 11:05:08,506 - INFO - Nifty change: 161.70 points, Active buys: 1, Active sells: 0
2025-04-23 11:05:08,506 - INFO - Active order: VBL - BUY - OPEN
2025-04-23 11:05:08,506 - INFO - No trading action needed at this time
2025-04-23 11:05:08,507 - INFO - Monitoring 1 active orders...
2025-04-23 11:05:38,690 - INFO - Fetching Nifty data from Yahoo Finance
2025-04-23 11:05:38,850 - INFO - Nifty 50 (Yahoo): 24328.95, Prev Close: 24167.25, Change: 161.70 pts (0.67%)
2025-04-23 11:05:38,850 - INFO - Nifty change: 161.70 points, Active buys: 1, Active sells: 0
2025-04-23 11:05:38,850 - INFO - Active order: VBL - BUY - OPEN
2025-04-23 11:05:38,851 - INFO - No trading action needed at this time
2025-04-23 11:05:38,851 - INFO - Monitoring 1 active orders...
2025-04-23 11:06:08,997 - INFO - Fetching Nifty data from Yahoo Finance
2025-04-23 11:06:09,133 - INFO - Nifty 50 (Yahoo): 24328.95, Prev Close: 24167.25, Change: 161.70 pts (0.67%)
2025-04-23 11:06:09,134 - INFO - Nifty change: 161.70 points, Active buys: 1, Active sells: 0
2025-04-23 11:06:09,134 - INFO - Active order: VBL - BUY - OPEN
2025-04-23 11:06:09,135 - INFO - No trading action needed at this time
2025-04-23 11:06:09,135 - INFO - Monitoring 1 active orders...
2025-04-23 11:06:39,293 - INFO - Fetching Nifty data from Yahoo Finance
2025-04-23 11:06:39,463 - INFO - Nifty 50 (Yahoo): 24328.95, Prev Close: 24167.25, Change: 161.70 pts (0.67%)
2025-04-23 11:06:39,464 - INFO - Nifty change: 161.70 points, Active buys: 1, Active sells: 0
2025-04-23 11:06:39,464 - INFO - Active order: VBL - BUY - OPEN
2025-04-23 11:06:39,465 - INFO - No trading action needed at this time
2025-04-23 11:06:39,466 - INFO - Monitoring 1 active orders...
2025-04-23 11:07:09,623 - INFO - Fetching Nifty data from Yahoo Finance
2025-04-23 11:07:09,791 - INFO - Nifty 50 (Yahoo): 24328.95, Prev Close: 24167.25, Change: 161.70 pts (0.67%)
2025-04-23 11:07:09,792 - INFO - Nifty change: 161.70 points, Active buys: 1, Active sells: 0
2025-04-23 11:07:09,793 - INFO - Active order: VBL - BUY - OPEN
2025-04-23 11:07:09,793 - INFO - No trading action needed at this time
2025-04-23 11:07:09,794 - INFO - Monitoring 1 active orders...
2025-04-23 11:07:39,960 - INFO - Fetching Nifty data from Yahoo Finance
2025-04-23 11:07:40,101 - INFO - Nifty 50 (Yahoo): 24328.95, Prev Close: 24167.25, Change: 161.70 pts (0.67%)
2025-04-23 11:07:40,102 - INFO - Nifty change: 161.70 points, Active buys: 1, Active sells: 0
2025-04-23 11:07:40,102 - INFO - Active order: VBL - BUY - OPEN
2025-04-23 11:07:40,103 - INFO - No trading action needed at this time
2025-04-23 11:07:40,103 - INFO - Monitoring 1 active orders...
2025-04-23 11:08:10,249 - INFO - Fetching Nifty data from Yahoo Finance
2025-04-23 11:08:10,377 - INFO - Nifty 50 (Yahoo): 24328.95, Prev Close: 24167.25, Change: 161.70 pts (0.67%)
2025-04-23 11:08:10,377 - INFO - Nifty change: 161.70 points, Active buys: 1, Active sells: 0
2025-04-23 11:08:10,379 - INFO - Active order: VBL - BUY - OPEN
2025-04-23 11:08:10,379 - INFO - No trading action needed at this time
2025-04-23 11:08:10,379 - INFO - Monitoring 1 active orders...
2025-04-23 11:08:40,545 - INFO - Fetching Nifty data from Yahoo Finance
2025-04-23 11:08:40,703 - INFO - Nifty 50 (Yahoo): 24328.95, Prev Close: 24167.25, Change: 161.70 pts (0.67%)
2025-04-23 11:08:40,704 - INFO - Nifty change: 161.70 points, Active buys: 1, Active sells: 0
2025-04-23 11:08:40,705 - INFO - Active order: VBL - BUY - OPEN
2025-04-23 11:08:40,705 - INFO - No trading action needed at this time
2025-04-23 11:08:40,706 - INFO - Monitoring 1 active orders...
2025-04-23 11:09:10,860 - INFO - Fetching Nifty data from Yahoo Finance
2025-04-23 11:09:11,006 - INFO - Nifty 50 (Yahoo): 24328.95, Prev Close: 24167.25, Change: 161.70 pts (0.67%)
2025-04-23 11:09:11,007 - INFO - Nifty change: 161.70 points, Active buys: 1, Active sells: 0
2025-04-23 11:09:11,007 - INFO - Active order: VBL - BUY - OPEN
2025-04-23 11:09:11,008 - INFO - No trading action needed at this time
2025-04-23 11:09:11,008 - INFO - Monitoring 1 active orders...
2025-04-23 11:09:41,170 - INFO - Fetching Nifty data from Yahoo Finance
2025-04-23 11:09:41,325 - INFO - Nifty 50 (Yahoo): 24328.95, Prev Close: 24167.25, Change: 161.70 pts (0.67%)
2025-04-23 11:09:41,326 - INFO - Nifty change: 161.70 points, Active buys: 1, Active sells: 0
2025-04-23 11:09:41,326 - INFO - Active order: VBL - BUY - OPEN
2025-04-23 11:09:41,327 - INFO - No trading action needed at this time
2025-04-23 11:09:41,327 - INFO - Monitoring 1 active orders...
2025-04-23 11:10:11,475 - INFO - Fetching Nifty data from Yahoo Finance
2025-04-23 11:10:11,610 - INFO - Nifty 50 (Yahoo): 24328.95, Prev Close: 24167.25, Change: 161.70 pts (0.67%)
2025-04-23 11:10:11,611 - INFO - Nifty change: 161.70 points, Active buys: 1, Active sells: 0
2025-04-23 11:10:11,612 - INFO - Active order: VBL - BUY - OPEN
2025-04-23 11:10:11,612 - INFO - No trading action needed at this time
2025-04-23 11:10:11,613 - INFO - Monitoring 1 active orders...
2025-04-23 11:10:41,771 - INFO - Fetching Nifty data from Yahoo Finance
2025-04-23 11:10:41,937 - INFO - Nifty 50 (Yahoo): 24328.95, Prev Close: 24167.25, Change: 161.70 pts (0.67%)
2025-04-23 11:10:41,938 - INFO - Nifty change: 161.70 points, Active buys: 1, Active sells: 0
2025-04-23 11:10:41,939 - INFO - Active order: VBL - BUY - OPEN
2025-04-23 11:10:41,939 - INFO - No trading action needed at this time
2025-04-23 11:10:41,940 - INFO - Monitoring 1 active orders...
2025-04-23 11:11:12,103 - INFO - Fetching Nifty data from Yahoo Finance
2025-04-23 11:11:12,230 - INFO - Nifty 50 (Yahoo): 24328.95, Prev Close: 24167.25, Change: 161.70 pts (0.67%)
2025-04-23 11:11:12,231 - INFO - Nifty change: 161.70 points, Active buys: 1, Active sells: 0
2025-04-23 11:11:12,231 - INFO - Active order: VBL - BUY - OPEN
2025-04-23 11:11:12,231 - INFO - No trading action needed at this time
2025-04-23 11:11:12,232 - INFO - Monitoring 1 active orders...
2025-04-23 11:11:42,387 - INFO - Fetching Nifty data from Yahoo Finance
2025-04-23 11:11:42,553 - INFO - Nifty 50 (Yahoo): 24328.95, Prev Close: 24167.25, Change: 161.70 pts (0.67%)
2025-04-23 11:11:42,554 - INFO - Nifty change: 161.70 points, Active buys: 1, Active sells: 0
2025-04-23 11:11:42,554 - INFO - Active order: VBL - BUY - OPEN
2025-04-23 11:11:42,554 - INFO - No trading action needed at this time
2025-04-23 11:11:42,555 - INFO - Monitoring 1 active orders...
2025-04-23 11:12:12,715 - INFO - Fetching Nifty data from Yahoo Finance
2025-04-23 11:12:12,851 - INFO - Nifty 50 (Yahoo): 24328.95, Prev Close: 24167.25, Change: 161.70 pts (0.67%)
2025-04-23 11:12:12,852 - INFO - Nifty change: 161.70 points, Active buys: 1, Active sells: 0
2025-04-23 11:12:12,852 - INFO - Active order: VBL - BUY - OPEN
2025-04-23 11:12:12,853 - INFO - No trading action needed at this time
2025-04-23 11:12:12,853 - INFO - Monitoring 1 active orders...
2025-04-23 11:12:43,023 - INFO - Fetching Nifty data from Yahoo Finance
2025-04-23 11:12:43,158 - INFO - Nifty 50 (Yahoo): 24328.95, Prev Close: 24167.25, Change: 161.70 pts (0.67%)
2025-04-23 11:12:43,159 - INFO - Nifty change: 161.70 points, Active buys: 1, Active sells: 0
2025-04-23 11:12:43,159 - INFO - Active order: VBL - BUY - OPEN
2025-04-23 11:12:43,159 - INFO - No trading action needed at this time
2025-04-23 11:12:43,159 - INFO - Monitoring 1 active orders...
2025-04-23 11:13:13,323 - INFO - Fetching Nifty data from Yahoo Finance
2025-04-23 11:13:13,492 - INFO - Nifty 50 (Yahoo): 24328.95, Prev Close: 24167.25, Change: 161.70 pts (0.67%)
2025-04-23 11:13:13,492 - INFO - Nifty change: 161.70 points, Active buys: 1, Active sells: 0
2025-04-23 11:13:13,492 - INFO - Active order: VBL - BUY - OPEN
2025-04-23 11:13:13,492 - INFO - No trading action needed at this time
2025-04-23 11:13:13,492 - INFO - Monitoring 1 active orders...
2025-04-23 11:13:43,656 - INFO - Fetching Nifty data from Yahoo Finance
2025-04-23 11:13:43,816 - INFO - Nifty 50 (Yahoo): 24328.95, Prev Close: 24167.25, Change: 161.70 pts (0.67%)
2025-04-23 11:13:43,818 - INFO - Nifty change: 161.70 points, Active buys: 1, Active sells: 0
2025-04-23 11:13:43,819 - INFO - Active order: VBL - BUY - OPEN
2025-04-23 11:13:43,820 - INFO - No trading action needed at this time
2025-04-23 11:13:43,821 - INFO - Monitoring 1 active orders...
2025-04-23 11:14:13,989 - INFO - Fetching Nifty data from Yahoo Finance
2025-04-23 11:14:14,150 - INFO - Nifty 50 (Yahoo): 24328.95, Prev Close: 24167.25, Change: 161.70 pts (0.67%)
2025-04-23 11:14:14,150 - INFO - Nifty change: 161.70 points, Active buys: 1, Active sells: 0
2025-04-23 11:14:14,150 - INFO - Active order: VBL - BUY - OPEN
2025-04-23 11:14:14,151 - INFO - No trading action needed at this time
2025-04-23 11:14:14,151 - INFO - Monitoring 1 active orders...
2025-04-23 11:14:44,323 - INFO - Fetching Nifty data from Yahoo Finance
2025-04-23 11:14:44,485 - INFO - Nifty 50 (Yahoo): 24328.95, Prev Close: 24167.25, Change: 161.70 pts (0.67%)
2025-04-23 11:14:44,486 - INFO - Nifty change: 161.70 points, Active buys: 1, Active sells: 0
2025-04-23 11:14:44,487 - INFO - Active order: VBL - BUY - OPEN
2025-04-23 11:14:44,487 - INFO - No trading action needed at this time
2025-04-23 11:14:44,488 - INFO - Monitoring 1 active orders...
2025-04-23 11:15:14,643 - INFO - Fetching Nifty data from Yahoo Finance
2025-04-23 11:15:14,780 - INFO - Nifty 50 (Yahoo): 24328.95, Prev Close: 24167.25, Change: 161.70 pts (0.67%)
2025-04-23 11:15:14,780 - INFO - Nifty change: 161.70 points, Active buys: 1, Active sells: 0
2025-04-23 11:15:14,781 - INFO - Active order: VBL - BUY - OPEN
2025-04-23 11:15:14,781 - INFO - No trading action needed at this time
2025-04-23 11:15:14,781 - INFO - Monitoring 1 active orders...
2025-04-23 11:15:44,932 - INFO - Fetching Nifty data from Yahoo Finance
2025-04-23 11:15:45,080 - INFO - Nifty 50 (Yahoo): 24328.95, Prev Close: 24167.25, Change: 161.70 pts (0.67%)
2025-04-23 11:15:45,081 - INFO - Nifty change: 161.70 points, Active buys: 1, Active sells: 0
2025-04-23 11:15:45,081 - INFO - Active order: VBL - BUY - OPEN
2025-04-23 11:15:45,081 - INFO - No trading action needed at this time
2025-04-23 11:15:45,081 - INFO - Monitoring 1 active orders...
2025-04-23 11:16:15,233 - INFO - Fetching Nifty data from Yahoo Finance
2025-04-23 11:16:15,382 - INFO - Nifty 50 (Yahoo): 24328.95, Prev Close: 24167.25, Change: 161.70 pts (0.67%)
2025-04-23 11:16:15,383 - INFO - Nifty change: 161.70 points, Active buys: 1, Active sells: 0
2025-04-23 11:16:15,383 - INFO - Active order: VBL - BUY - OPEN
2025-04-23 11:16:15,384 - INFO - No trading action needed at this time
2025-04-23 11:16:15,384 - INFO - Monitoring 1 active orders...
2025-04-23 11:16:45,547 - INFO - Fetching Nifty data from Yahoo Finance
2025-04-23 11:16:45,689 - INFO - Nifty 50 (Yahoo): 24328.95, Prev Close: 24167.25, Change: 161.70 pts (0.67%)
2025-04-23 11:16:45,691 - INFO - Nifty change: 161.70 points, Active buys: 1, Active sells: 0
2025-04-23 11:16:45,692 - INFO - Active order: VBL - BUY - OPEN
2025-04-23 11:16:45,693 - INFO - No trading action needed at this time
2025-04-23 11:16:45,694 - INFO - Monitoring 1 active orders...
2025-04-23 11:17:15,852 - INFO - Fetching Nifty data from Yahoo Finance
2025-04-23 11:17:16,013 - INFO - Nifty 50 (Yahoo): 24328.95, Prev Close: 24167.25, Change: 161.70 pts (0.67%)
2025-04-23 11:17:16,014 - INFO - Nifty change: 161.70 points, Active buys: 1, Active sells: 0
2025-04-23 11:17:16,014 - INFO - Active order: VBL - BUY - OPEN
2025-04-23 11:17:16,014 - INFO - No trading action needed at this time
2025-04-23 11:17:16,014 - INFO - Monitoring 1 active orders...
2025-04-23 11:17:46,178 - INFO - Fetching Nifty data from Yahoo Finance
2025-04-23 11:17:46,341 - INFO - Nifty 50 (Yahoo): 24328.95, Prev Close: 24167.25, Change: 161.70 pts (0.67%)
2025-04-23 11:17:46,342 - INFO - Nifty change: 161.70 points, Active buys: 1, Active sells: 0
2025-04-23 11:17:46,343 - INFO - Active order: VBL - BUY - OPEN
2025-04-23 11:17:46,344 - INFO - No trading action needed at this time
2025-04-23 11:17:46,344 - INFO - Monitoring 1 active orders...
2025-04-23 11:18:16,506 - INFO - Fetching Nifty data from Yahoo Finance
2025-04-23 11:18:16,658 - INFO - Nifty 50 (Yahoo): 24328.95, Prev Close: 24167.25, Change: 161.70 pts (0.67%)
2025-04-23 11:18:16,658 - INFO - Nifty change: 161.70 points, Active buys: 1, Active sells: 0
2025-04-23 11:18:16,659 - INFO - Active order: VBL - BUY - OPEN
2025-04-23 11:18:16,659 - INFO - No trading action needed at this time
2025-04-23 11:18:16,660 - INFO - Monitoring 1 active orders...
2025-04-23 11:18:35,528 - INFO - Monitoring stopped by user.
2025-04-23 11:18:35,529 - INFO - Current positions:
2025-04-23 11:18:35,684 - INFO - {'status': 'success', 'remarks': '', 'data': [{'dhanClientId': '1106497024', 'tradingSymbol': 'CANBK', 'securityId': '10794', 'positionType': 'CLOSED', 'exchangeSegment': 'NSE_EQ', 'productType': 'INTRADAY', 'buyAvg': 99.39, 'costPrice': 99.39, 'buyQty': 600, 'sellAvg': 99.41, 'sellQty': 600, 'netQty': 0, 'realizedProfit': 12.0, 'unrealizedProfit': 0.0, 'rbiReferenceRate': 1.0, 'multiplier': 1, 'carryForwardBuyQty': 0, 'carryForwardSellQty': 0, 'carryForwardBuyValue': 0.0, 'carryForwardSellValue': 0.0, 'dayBuyQty': 600, 'daySellQty': 600, 'dayBuyValue': 59634.0, 'daySellValue': 59646.0, 'drvExpiryDate': '0001-01-01', 'drvOptionType': 'NA', 'drvStrikePrice': 0.0, 'crossCurrency': False}, {'dhanClientId': '1106497024', 'tradingSymbol': 'WIPRO', 'securityId': '3787', 'positionType': 'CLOSED', 'exchangeSegment': 'NSE_EQ', 'productType': 'INTRADAY', 'buyAvg': 240.25, 'costPrice': 240.25, 'buyQty': 193, 'sellAvg': 240.25, 'sellQty': 193, 'netQty': 0, 'realizedProfit': 0.0, 'unrealizedProfit': 0.0, 'rbiReferenceRate': 1.0, 'multiplier': 1, 'carryForwardBuyQty': 0, 'carryForwardSellQty': 0, 'carryForwardBuyValue': 0.0, 'carryForwardSellValue': 0.0, 'dayBuyQty': 193, 'daySellQty': 193, 'dayBuyValue': 46368.25, 'daySellValue': 46368.25, 'drvExpiryDate': '0001-01-01', 'drvOptionType': 'NA', 'drvStrikePrice': 0.0, 'crossCurrency': False}, {'dhanClientId': '1106497024', 'tradingSymbol': 'PNB', 'securityId': '10666', 'positionType': 'CLOSED', 'exchangeSegment': 'NSE_EQ', 'productType': 'INTRADAY', 'buyAvg': 101.85, 'costPrice': 102.6, 'buyQty': 300, 'sellAvg': 102.6, 'sellQty': 300, 'netQty': 0, 'realizedProfit': 225.0, 'unrealizedProfit': 0.0, 'rbiReferenceRate': 1.0, 'multiplier': 1, 'carryForwardBuyQty': 0, 'carryForwardSellQty': 0, 'carryForwardBuyValue': 0.0, 'carryForwardSellValue': 0.0, 'dayBuyQty': 300, 'daySellQty': 300, 'dayBuyValue': 30555.0, 'daySellValue': 30780.0, 'drvExpiryDate': '0001-01-01', 'drvOptionType': 'NA', 'drvStrikePrice': 0.0, 'crossCurrency': False}, {'dhanClientId': '1106497024', 'tradingSymbol': 'SBIN', 'securityId': '3045', 'positionType': 'CLOSED', 'exchangeSegment': 'NSE_EQ', 'productType': 'INTRADAY', 'buyAvg': 818.1, 'costPrice': 815.9, 'buyQty': 19, 'sellAvg': 815.9, 'sellQty': 19, 'netQty': 0, 'realizedProfit': -41.8, 'unrealizedProfit': 0.0, 'rbiReferenceRate': 1.0, 'multiplier': 1, 'carryForwardBuyQty': 0, 'carryForwardSellQty': 0, 'carryForwardBuyValue': 0.0, 'carryForwardSellValue': 0.0, 'dayBuyQty': 19, 'daySellQty': 19, 'dayBuyValue': 15543.9, 'daySellValue': 15502.1, 'drvExpiryDate': '0001-01-01', 'drvOptionType': 'NA', 'drvStrikePrice': 0.0, 'crossCurrency': False}, {'dhanClientId': '1106497024', 'tradingSymbol': 'VBL', 'securityId': '18921', 'positionType': 'CLOSED', 'exchangeSegment': 'NSE_EQ', 'productType': 'INTRADAY', 'buyAvg': 549.45, 'costPrice': 549.45, 'buyQty': 10, 'sellAvg': 549.2, 'sellQty': 10, 'netQty': 0, 'realizedProfit': -2.5, 'unrealizedProfit': 0.0, 'rbiReferenceRate': 1.0, 'multiplier': 1, 'carryForwardBuyQty': 0, 'carryForwardSellQty': 0, 'carryForwardBuyValue': 0.0, 'carryForwardSellValue': 0.0, 'dayBuyQty': 10, 'daySellQty': 10, 'dayBuyValue': 5494.5, 'daySellValue': 5492.0, 'drvExpiryDate': '0001-01-01', 'drvOptionType': 'NA', 'drvStrikePrice': 0.0, 'crossCurrency': False}]}
2025-04-23 19:55:58,045 - INFO - Previous order tracker backed up to order_tracker_backup_20250423_195558.csv
2025-04-23 19:55:58,046 - INFO - Starting with fresh order tracking
2025-04-23 19:55:58,047 - INFO - Configuration loaded successfully from trading_config.json
2025-04-23 19:55:58,047 - INFO - Security IDs loaded successfully from security_ids.json
2025-04-23 19:55:58,048 - INFO - Sector mapping loaded successfully with 141 tickers
2025-04-23 19:55:58,048 - INFO - Price levels configuration loaded successfully with 3 stocks
2025-04-23 19:55:58,049 - INFO - Credentials loaded successfully
2025-04-23 19:55:58,050 - INFO - Dhan API client initialized successfully
2025-04-23 19:55:58,050 - INFO - Starting trading program with multiple strategies
2025-04-23 19:55:58,050 - INFO - place_new_orders setting: True
2025-04-23 19:55:58,050 - INFO - Active tickers in sector-based config: ['VBL.NS']
2025-04-23 19:55:58,051 - INFO - Price level strategy enabled: True
2025-04-23 19:55:58,051 - INFO - Active tickers in price level config: ['INFY.NS', 'SBIN.NS']
2025-04-23 19:55:58,052 - INFO - Logging in to intradayscreener.com as ramadurairajeev@gmail.com
2025-04-23 19:55:59,279 - ERROR - Network error accessing intradayscreener.com: HTTP Error 405: Not Allowed
2025-04-23 19:55:59,285 - INFO - Checking price levels for trading
2025-04-23 19:55:59,288 - INFO - Checking price levels for 3 stocks
2025-04-23 19:55:59,743 - WARNING - Could not determine current price for INFY.NS
2025-04-23 19:55:59,883 - WARNING - Could not determine current price for SBIN.NS
2025-04-23 19:55:59,883 - INFO - Starting continuous monitoring with 1-minute refresh interval...
2025-04-23 19:55:59,885 - INFO - Logging in to intradayscreener.com as ramadurairajeev@gmail.com
2025-04-23 19:56:01,044 - ERROR - Network error accessing intradayscreener.com: HTTP Error 405: Not Allowed
2025-04-23 19:56:01,047 - WARNING - Failed to get updated sector performance data
2025-04-23 19:56:01,049 - INFO - Checking price levels for trading
2025-04-23 19:56:01,051 - INFO - Checking price levels for 3 stocks
2025-04-23 19:56:01,207 - WARNING - Could not determine current price for INFY.NS
2025-04-23 19:56:01,349 - WARNING - Could not determine current price for SBIN.NS
2025-04-23 19:56:01,351 - INFO - Waiting 60 seconds for next refresh...
2025-04-23 19:57:01,367 - INFO - Logging in to intradayscreener.com as ramadurairajeev@gmail.com
2025-04-23 19:57:02,649 - ERROR - Network error accessing intradayscreener.com: HTTP Error 405: Not Allowed
2025-04-23 19:57:02,650 - WARNING - Failed to get updated sector performance data
2025-04-23 19:57:02,650 - INFO - Checking price levels for trading
2025-04-23 19:57:02,651 - INFO - Checking price levels for 3 stocks
2025-04-23 19:57:03,102 - WARNING - Could not determine current price for INFY.NS
2025-04-23 19:57:03,253 - WARNING - Could not determine current price for SBIN.NS
2025-04-23 19:57:03,254 - INFO - Waiting 60 seconds for next refresh...
2025-04-23 19:58:03,265 - INFO - Logging in to intradayscreener.com as ramadurairajeev@gmail.com
2025-04-23 19:58:04,541 - ERROR - Network error accessing intradayscreener.com: HTTP Error 405: Not Allowed
2025-04-23 19:58:04,542 - WARNING - Failed to get updated sector performance data
2025-04-23 19:58:04,542 - INFO - Checking price levels for trading
2025-04-23 19:58:04,542 - INFO - Checking price levels for 3 stocks
2025-04-23 19:58:04,998 - WARNING - Could not determine current price for INFY.NS
2025-04-23 19:58:05,141 - WARNING - Could not determine current price for SBIN.NS
2025-04-23 19:58:05,143 - INFO - Waiting 60 seconds for next refresh...
2025-04-23 19:59:05,148 - INFO - Logging in to intradayscreener.com as ramadurairajeev@gmail.com
2025-04-23 19:59:06,314 - ERROR - Network error accessing intradayscreener.com: HTTP Error 405: Not Allowed
2025-04-23 19:59:06,315 - WARNING - Failed to get updated sector performance data
2025-04-23 19:59:06,316 - INFO - Checking price levels for trading
2025-04-23 19:59:06,316 - INFO - Checking price levels for 3 stocks
2025-04-23 19:59:06,749 - WARNING - Could not determine current price for INFY.NS
2025-04-23 19:59:06,894 - WARNING - Could not determine current price for SBIN.NS
2025-04-23 19:59:06,894 - INFO - Waiting 60 seconds for next refresh...
2025-04-23 20:00:06,912 - INFO - Logging in to intradayscreener.com as ramadurairajeev@gmail.com
2025-04-23 20:00:08,012 - ERROR - Network error accessing intradayscreener.com: HTTP Error 405: Not Allowed
2025-04-23 20:00:08,013 - WARNING - Failed to get updated sector performance data
2025-04-23 20:00:08,013 - INFO - Checking price levels for trading
2025-04-23 20:00:08,014 - INFO - Checking price levels for 3 stocks
2025-04-23 20:00:08,455 - WARNING - Could not determine current price for INFY.NS
2025-04-23 20:00:08,601 - WARNING - Could not determine current price for SBIN.NS
2025-04-23 20:00:08,602 - INFO - Waiting 60 seconds for next refresh...
2025-04-23 20:01:08,618 - INFO - Logging in to intradayscreener.com as ramadurairajeev@gmail.com
2025-04-23 20:01:09,864 - ERROR - Network error accessing intradayscreener.com: HTTP Error 405: Not Allowed
2025-04-23 20:01:09,864 - WARNING - Failed to get updated sector performance data
2025-04-23 20:01:09,865 - INFO - Checking price levels for trading
2025-04-23 20:01:09,865 - INFO - Checking price levels for 3 stocks
2025-04-23 20:01:10,310 - WARNING - Could not determine current price for INFY.NS
2025-04-23 20:01:10,451 - WARNING - Could not determine current price for SBIN.NS
2025-04-23 20:01:10,451 - INFO - Waiting 60 seconds for next refresh...
2025-04-23 20:02:10,464 - INFO - Logging in to intradayscreener.com as ramadurairajeev@gmail.com
2025-04-23 20:02:11,742 - ERROR - Network error accessing intradayscreener.com: HTTP Error 405: Not Allowed
2025-04-23 20:02:11,742 - WARNING - Failed to get updated sector performance data
2025-04-23 20:02:11,743 - INFO - Checking price levels for trading
2025-04-23 20:02:11,743 - INFO - Checking price levels for 3 stocks
2025-04-23 20:02:12,181 - WARNING - Could not determine current price for INFY.NS
2025-04-23 20:02:12,323 - WARNING - Could not determine current price for SBIN.NS
2025-04-23 20:02:12,323 - INFO - Waiting 60 seconds for next refresh...
2025-04-23 20:03:12,332 - INFO - Logging in to intradayscreener.com as ramadurairajeev@gmail.com
2025-04-23 20:03:13,550 - ERROR - Network error accessing intradayscreener.com: HTTP Error 405: Not Allowed
2025-04-23 20:03:13,551 - WARNING - Failed to get updated sector performance data
2025-04-23 20:03:13,552 - INFO - Checking price levels for trading
2025-04-23 20:03:13,552 - INFO - Checking price levels for 3 stocks
2025-04-23 20:03:14,000 - WARNING - Could not determine current price for INFY.NS
2025-04-23 20:03:14,141 - WARNING - Could not determine current price for SBIN.NS
2025-04-23 20:03:14,142 - INFO - Waiting 60 seconds for next refresh...
2025-04-23 20:04:14,159 - INFO - Logging in to intradayscreener.com as ramadurairajeev@gmail.com
2025-04-23 20:04:15,287 - ERROR - Network error accessing intradayscreener.com: HTTP Error 405: Not Allowed
2025-04-23 20:04:15,289 - WARNING - Failed to get updated sector performance data
2025-04-23 20:04:15,289 - INFO - Checking price levels for trading
2025-04-23 20:04:15,290 - INFO - Checking price levels for 3 stocks
2025-04-23 20:04:15,722 - WARNING - Could not determine current price for INFY.NS
2025-04-23 20:04:15,863 - WARNING - Could not determine current price for SBIN.NS
2025-04-23 20:04:15,864 - INFO - Waiting 60 seconds for next refresh...
2025-04-23 20:05:15,882 - INFO - Logging in to intradayscreener.com as ramadurairajeev@gmail.com
2025-04-23 20:05:17,221 - ERROR - Network error accessing intradayscreener.com: HTTP Error 405: Not Allowed
2025-04-23 20:05:17,222 - WARNING - Failed to get updated sector performance data
2025-04-23 20:05:17,222 - INFO - Checking price levels for trading
2025-04-23 20:05:17,222 - INFO - Checking price levels for 3 stocks
2025-04-23 20:05:17,651 - WARNING - Could not determine current price for INFY.NS
2025-04-23 20:05:17,794 - WARNING - Could not determine current price for SBIN.NS
2025-04-23 20:05:17,794 - INFO - Waiting 60 seconds for next refresh...
2025-04-23 20:06:17,810 - INFO - Logging in to intradayscreener.com as ramadurairajeev@gmail.com
2025-04-23 20:06:19,008 - ERROR - Network error accessing intradayscreener.com: HTTP Error 405: Not Allowed
2025-04-23 20:06:19,009 - WARNING - Failed to get updated sector performance data
2025-04-23 20:06:19,009 - INFO - Checking price levels for trading
2025-04-23 20:06:19,010 - INFO - Checking price levels for 3 stocks
2025-04-23 20:06:19,458 - WARNING - Could not determine current price for INFY.NS
2025-04-23 20:06:19,600 - WARNING - Could not determine current price for SBIN.NS
2025-04-23 20:06:19,601 - INFO - Waiting 60 seconds for next refresh...
2025-04-23 20:06:31,944 - INFO - Monitoring stopped by user.
2025-04-23 20:06:31,944 - INFO - Current positions:
2025-04-23 20:06:32,099 - INFO - {'status': 'success', 'remarks': '', 'data': [{'dhanClientId': '1106497024', 'tradingSymbol': 'CANBK', 'securityId': '10794', 'positionType': 'CLOSED', 'exchangeSegment': 'NSE_EQ', 'productType': 'INTRADAY', 'buyAvg': 99.39, 'costPrice': 99.39, 'buyQty': 600, 'sellAvg': 99.41, 'sellQty': 600, 'netQty': 0, 'realizedProfit': 12.0, 'unrealizedProfit': 0.0, 'rbiReferenceRate': 1.0, 'multiplier': 1, 'carryForwardBuyQty': 0, 'carryForwardSellQty': 0, 'carryForwardBuyValue': 0.0, 'carryForwardSellValue': 0.0, 'dayBuyQty': 600, 'daySellQty': 600, 'dayBuyValue': 59634.0, 'daySellValue': 59646.0, 'drvExpiryDate': '0001-01-01', 'drvOptionType': 'NA', 'drvStrikePrice': 0.0, 'crossCurrency': False}, {'dhanClientId': '1106497024', 'tradingSymbol': 'WIPRO', 'securityId': '3787', 'positionType': 'CLOSED', 'exchangeSegment': 'NSE_EQ', 'productType': 'INTRADAY', 'buyAvg': 240.25, 'costPrice': 240.25, 'buyQty': 193, 'sellAvg': 240.25, 'sellQty': 193, 'netQty': 0, 'realizedProfit': 0.0, 'unrealizedProfit': 0.0, 'rbiReferenceRate': 1.0, 'multiplier': 1, 'carryForwardBuyQty': 0, 'carryForwardSellQty': 0, 'carryForwardBuyValue': 0.0, 'carryForwardSellValue': 0.0, 'dayBuyQty': 193, 'daySellQty': 193, 'dayBuyValue': 46368.25, 'daySellValue': 46368.25, 'drvExpiryDate': '0001-01-01', 'drvOptionType': 'NA', 'drvStrikePrice': 0.0, 'crossCurrency': False}, {'dhanClientId': '1106497024', 'tradingSymbol': 'PNB', 'securityId': '10666', 'positionType': 'CLOSED', 'exchangeSegment': 'NSE_EQ', 'productType': 'INTRADAY', 'buyAvg': 101.85, 'costPrice': 102.6, 'buyQty': 300, 'sellAvg': 102.6, 'sellQty': 300, 'netQty': 0, 'realizedProfit': 225.0, 'unrealizedProfit': 0.0, 'rbiReferenceRate': 1.0, 'multiplier': 1, 'carryForwardBuyQty': 0, 'carryForwardSellQty': 0, 'carryForwardBuyValue': 0.0, 'carryForwardSellValue': 0.0, 'dayBuyQty': 300, 'daySellQty': 300, 'dayBuyValue': 30555.0, 'daySellValue': 30780.0, 'drvExpiryDate': '0001-01-01', 'drvOptionType': 'NA', 'drvStrikePrice': 0.0, 'crossCurrency': False}, {'dhanClientId': '1106497024', 'tradingSymbol': 'SBIN', 'securityId': '3045', 'positionType': 'CLOSED', 'exchangeSegment': 'NSE_EQ', 'productType': 'INTRADAY', 'buyAvg': 818.1, 'costPrice': 815.9, 'buyQty': 19, 'sellAvg': 815.9, 'sellQty': 19, 'netQty': 0, 'realizedProfit': -41.8, 'unrealizedProfit': 0.0, 'rbiReferenceRate': 1.0, 'multiplier': 1, 'carryForwardBuyQty': 0, 'carryForwardSellQty': 0, 'carryForwardBuyValue': 0.0, 'carryForwardSellValue': 0.0, 'dayBuyQty': 19, 'daySellQty': 19, 'dayBuyValue': 15543.9, 'daySellValue': 15502.1, 'drvExpiryDate': '0001-01-01', 'drvOptionType': 'NA', 'drvStrikePrice': 0.0, 'crossCurrency': False}, {'dhanClientId': '1106497024', 'tradingSymbol': 'VBL', 'securityId': '18921', 'positionType': 'CLOSED', 'exchangeSegment': 'NSE_EQ', 'productType': 'INTRADAY', 'buyAvg': 549.45, 'costPrice': 549.45, 'buyQty': 10, 'sellAvg': 549.2, 'sellQty': 10, 'netQty': 0, 'realizedProfit': -2.5, 'unrealizedProfit': 0.0, 'rbiReferenceRate': 1.0, 'multiplier': 1, 'carryForwardBuyQty': 0, 'carryForwardSellQty': 0, 'carryForwardBuyValue': 0.0, 'carryForwardSellValue': 0.0, 'dayBuyQty': 10, 'daySellQty': 10, 'dayBuyValue': 5494.5, 'daySellValue': 5492.0, 'drvExpiryDate': '0001-01-01', 'drvOptionType': 'NA', 'drvStrikePrice': 0.0, 'crossCurrency': False}]}
2025-04-23 20:18:05,254 - INFO - Configuration loaded successfully from trading_config.json
2025-04-23 20:18:05,255 - INFO - Security IDs loaded successfully from security_ids.json
2025-04-23 20:18:05,256 - INFO - Sector mapping loaded successfully with 141 tickers
2025-04-23 20:18:05,257 - INFO - Price levels configuration loaded successfully with 3 stocks
2025-04-23 20:18:05,258 - INFO - Credentials loaded successfully
2025-04-23 20:18:05,258 - INFO - Dhan API client initialized successfully
2025-04-23 20:18:05,259 - INFO - Starting trading program with multiple strategies
2025-04-23 20:18:05,260 - INFO - place_new_orders setting: True
2025-04-23 20:18:05,261 - INFO - Active tickers in sector-based config: ['VBL.NS']
2025-04-23 20:18:05,262 - INFO - Price level strategy enabled: True
2025-04-23 20:18:05,262 - INFO - Active tickers in price level config: ['INFY.NS', 'SBIN.NS']
2025-04-23 20:18:05,993 - INFO - Attempting to authenticate with intradayscreener.com via Dhan
2025-04-23 20:18:06,632 - INFO - Dhan auth redirected to: https://intradayscreener.com/auth/broker/dhan
2025-04-23 20:18:07,242 - INFO - Found 0 sectors in performance data
2025-04-23 20:18:07,244 - WARNING - Failed to parse sector performance data
2025-04-23 20:18:07,245 - WARNING - Dhan authentication for sector data failed, trying regular authentication
2025-04-23 20:18:07,250 - INFO - Logging in to intradayscreener.com as 9087198304
2025-04-23 20:18:08,444 - ERROR - Network error accessing intradayscreener.com: HTTP Error 405: Not Allowed
2025-04-23 20:18:08,446 - INFO - Checking price levels for trading
2025-04-23 20:18:08,446 - INFO - Checking price levels for 3 stocks
2025-04-23 20:18:08,899 - WARNING - Could not determine current price for INFY.NS
2025-04-23 20:18:09,042 - WARNING - Could not determine current price for SBIN.NS
2025-04-23 20:18:09,043 - INFO - Starting continuous monitoring with 1-minute refresh interval...
2025-04-23 20:18:09,706 - INFO - Attempting to authenticate with intradayscreener.com via Dhan
2025-04-23 20:18:10,366 - INFO - Dhan auth redirected to: https://intradayscreener.com/auth/broker/dhan
2025-04-23 20:18:11,033 - INFO - Found 0 sectors in performance data
2025-04-23 20:18:11,033 - WARNING - Failed to parse sector performance data
2025-04-23 20:18:11,035 - INFO - Logging in to intradayscreener.com as 9087198304
2025-04-23 20:18:12,167 - ERROR - Network error accessing intradayscreener.com: HTTP Error 405: Not Allowed
2025-04-23 20:18:12,168 - WARNING - Failed to get updated sector performance data
2025-04-23 20:18:12,168 - INFO - Checking price levels for trading
2025-04-23 20:18:12,168 - INFO - Checking price levels for 3 stocks
2025-04-23 20:18:12,311 - WARNING - Could not determine current price for INFY.NS
2025-04-23 20:18:12,451 - WARNING - Could not determine current price for SBIN.NS
2025-04-23 20:18:12,452 - INFO - Waiting 60 seconds for next refresh...
2025-04-23 20:19:13,183 - INFO - Attempting to authenticate with intradayscreener.com via Dhan
2025-04-23 20:19:13,846 - INFO - Dhan auth redirected to: https://intradayscreener.com/auth/broker/dhan
2025-04-23 20:19:14,567 - INFO - Found 0 sectors in performance data
2025-04-23 20:19:14,568 - WARNING - Failed to parse sector performance data
2025-04-23 20:19:14,569 - INFO - Logging in to intradayscreener.com as 9087198304
2025-04-23 20:19:15,755 - ERROR - Network error accessing intradayscreener.com: HTTP Error 405: Not Allowed
2025-04-23 20:19:15,756 - WARNING - Failed to get updated sector performance data
2025-04-23 20:19:15,756 - INFO - Checking price levels for trading
2025-04-23 20:19:15,757 - INFO - Checking price levels for 3 stocks
2025-04-23 20:19:16,192 - WARNING - Could not determine current price for INFY.NS
2025-04-23 20:19:16,331 - WARNING - Could not determine current price for SBIN.NS
2025-04-23 20:19:16,331 - INFO - Waiting 60 seconds for next refresh...
2025-04-23 20:20:17,072 - INFO - Attempting to authenticate with intradayscreener.com via Dhan
2025-04-23 20:20:17,796 - INFO - Dhan auth redirected to: https://intradayscreener.com/auth/broker/dhan
2025-04-23 20:20:18,464 - INFO - Found 0 sectors in performance data
2025-04-23 20:20:18,465 - WARNING - Failed to parse sector performance data
2025-04-23 20:20:18,466 - INFO - Logging in to intradayscreener.com as 9087198304
2025-04-23 20:20:19,588 - ERROR - Network error accessing intradayscreener.com: HTTP Error 405: Not Allowed
2025-04-23 20:20:19,589 - WARNING - Failed to get updated sector performance data
2025-04-23 20:20:19,590 - INFO - Checking price levels for trading
2025-04-23 20:20:19,590 - INFO - Checking price levels for 3 stocks
2025-04-23 20:20:20,028 - WARNING - Could not determine current price for INFY.NS
2025-04-23 20:20:20,170 - WARNING - Could not determine current price for SBIN.NS
2025-04-23 20:20:20,171 - INFO - Waiting 60 seconds for next refresh...
2025-04-23 20:20:38,564 - INFO - Monitoring stopped by user.
2025-04-23 20:20:38,567 - INFO - Current positions:
2025-04-23 20:20:38,725 - INFO - {'status': 'success', 'remarks': '', 'data': [{'dhanClientId': '1106497024', 'tradingSymbol': 'CANBK', 'securityId': '10794', 'positionType': 'CLOSED', 'exchangeSegment': 'NSE_EQ', 'productType': 'INTRADAY', 'buyAvg': 99.39, 'costPrice': 99.39, 'buyQty': 600, 'sellAvg': 99.41, 'sellQty': 600, 'netQty': 0, 'realizedProfit': 12.0, 'unrealizedProfit': 0.0, 'rbiReferenceRate': 1.0, 'multiplier': 1, 'carryForwardBuyQty': 0, 'carryForwardSellQty': 0, 'carryForwardBuyValue': 0.0, 'carryForwardSellValue': 0.0, 'dayBuyQty': 600, 'daySellQty': 600, 'dayBuyValue': 59634.0, 'daySellValue': 59646.0, 'drvExpiryDate': '0001-01-01', 'drvOptionType': 'NA', 'drvStrikePrice': 0.0, 'crossCurrency': False}, {'dhanClientId': '1106497024', 'tradingSymbol': 'WIPRO', 'securityId': '3787', 'positionType': 'CLOSED', 'exchangeSegment': 'NSE_EQ', 'productType': 'INTRADAY', 'buyAvg': 240.25, 'costPrice': 240.25, 'buyQty': 193, 'sellAvg': 240.25, 'sellQty': 193, 'netQty': 0, 'realizedProfit': 0.0, 'unrealizedProfit': 0.0, 'rbiReferenceRate': 1.0, 'multiplier': 1, 'carryForwardBuyQty': 0, 'carryForwardSellQty': 0, 'carryForwardBuyValue': 0.0, 'carryForwardSellValue': 0.0, 'dayBuyQty': 193, 'daySellQty': 193, 'dayBuyValue': 46368.25, 'daySellValue': 46368.25, 'drvExpiryDate': '0001-01-01', 'drvOptionType': 'NA', 'drvStrikePrice': 0.0, 'crossCurrency': False}, {'dhanClientId': '1106497024', 'tradingSymbol': 'PNB', 'securityId': '10666', 'positionType': 'CLOSED', 'exchangeSegment': 'NSE_EQ', 'productType': 'INTRADAY', 'buyAvg': 101.85, 'costPrice': 102.6, 'buyQty': 300, 'sellAvg': 102.6, 'sellQty': 300, 'netQty': 0, 'realizedProfit': 225.0, 'unrealizedProfit': 0.0, 'rbiReferenceRate': 1.0, 'multiplier': 1, 'carryForwardBuyQty': 0, 'carryForwardSellQty': 0, 'carryForwardBuyValue': 0.0, 'carryForwardSellValue': 0.0, 'dayBuyQty': 300, 'daySellQty': 300, 'dayBuyValue': 30555.0, 'daySellValue': 30780.0, 'drvExpiryDate': '0001-01-01', 'drvOptionType': 'NA', 'drvStrikePrice': 0.0, 'crossCurrency': False}, {'dhanClientId': '1106497024', 'tradingSymbol': 'SBIN', 'securityId': '3045', 'positionType': 'CLOSED', 'exchangeSegment': 'NSE_EQ', 'productType': 'INTRADAY', 'buyAvg': 818.1, 'costPrice': 815.9, 'buyQty': 19, 'sellAvg': 815.9, 'sellQty': 19, 'netQty': 0, 'realizedProfit': -41.8, 'unrealizedProfit': 0.0, 'rbiReferenceRate': 1.0, 'multiplier': 1, 'carryForwardBuyQty': 0, 'carryForwardSellQty': 0, 'carryForwardBuyValue': 0.0, 'carryForwardSellValue': 0.0, 'dayBuyQty': 19, 'daySellQty': 19, 'dayBuyValue': 15543.9, 'daySellValue': 15502.1, 'drvExpiryDate': '0001-01-01', 'drvOptionType': 'NA', 'drvStrikePrice': 0.0, 'crossCurrency': False}, {'dhanClientId': '1106497024', 'tradingSymbol': 'VBL', 'securityId': '18921', 'positionType': 'CLOSED', 'exchangeSegment': 'NSE_EQ', 'productType': 'INTRADAY', 'buyAvg': 549.45, 'costPrice': 549.45, 'buyQty': 10, 'sellAvg': 549.2, 'sellQty': 10, 'netQty': 0, 'realizedProfit': -2.5, 'unrealizedProfit': 0.0, 'rbiReferenceRate': 1.0, 'multiplier': 1, 'carryForwardBuyQty': 0, 'carryForwardSellQty': 0, 'carryForwardBuyValue': 0.0, 'carryForwardSellValue': 0.0, 'dayBuyQty': 10, 'daySellQty': 10, 'dayBuyValue': 5494.5, 'daySellValue': 5492.0, 'drvExpiryDate': '0001-01-01', 'drvOptionType': 'NA', 'drvStrikePrice': 0.0, 'crossCurrency': False}]}
2025-04-23 20:20:43,521 - INFO - Configuration loaded successfully from trading_config.json
2025-04-23 20:20:43,522 - INFO - Security IDs loaded successfully from security_ids.json
2025-04-23 20:20:43,523 - INFO - Sector mapping loaded successfully with 141 tickers
2025-04-23 20:20:43,523 - INFO - Price levels configuration loaded successfully with 3 stocks
2025-04-23 20:20:43,524 - INFO - Credentials loaded successfully
2025-04-23 20:20:43,525 - INFO - Dhan API client initialized successfully
2025-04-23 20:20:43,525 - INFO - Starting trading program with multiple strategies
2025-04-23 20:20:43,526 - INFO - place_new_orders setting: True
2025-04-23 20:20:43,526 - INFO - Active tickers in sector-based config: ['VBL.NS']
2025-04-23 20:20:43,526 - INFO - Price level strategy enabled: True
2025-04-23 20:20:43,527 - INFO - Active tickers in price level config: ['INFY.NS', 'SBIN.NS']
2025-04-23 20:20:43,527 - INFO - Trying to get sector data without authentication
2025-04-23 20:20:43,527 - INFO - Attempting to access sector performance data without authentication
2025-04-23 20:20:44,247 - INFO - Found 0 sectors in performance data
2025-04-23 20:20:44,249 - WARNING - Failed to parse sector performance data
2025-04-23 20:20:44,249 - WARNING - Direct access failed, trying with Dhan authentication
2025-04-23 20:20:44,913 - INFO - Attempting to authenticate with intradayscreener.com via Dhan
2025-04-23 20:20:45,644 - INFO - Dhan auth redirected to: https://intradayscreener.com/auth/broker/dhan
2025-04-23 20:20:46,321 - INFO - Found 0 sectors in performance data
2025-04-23 20:20:46,323 - WARNING - Failed to parse sector performance data
2025-04-23 20:20:46,323 - WARNING - Dhan authentication failed, trying with regular authentication
2025-04-23 20:20:46,328 - INFO - Logging in to intradayscreener.com as 9087198304
2025-04-23 20:20:47,480 - ERROR - Network error accessing intradayscreener.com: HTTP Error 405: Not Allowed
2025-04-23 20:20:47,481 - ERROR - Failed to get sector data through any method. Sector-based strategy will be disabled.
2025-04-23 20:20:47,482 - INFO - Checking price levels for trading
2025-04-23 20:20:47,483 - INFO - Checking price levels for 3 stocks
2025-04-23 20:20:47,914 - WARNING - Could not determine current price for INFY.NS
2025-04-23 20:20:48,057 - WARNING - Could not determine current price for SBIN.NS
2025-04-23 20:20:48,057 - INFO - Starting continuous monitoring with 1-minute refresh interval...
2025-04-23 20:20:48,058 - INFO - Attempting to access sector performance data without authentication
2025-04-23 20:20:48,676 - INFO - Found 0 sectors in performance data
2025-04-23 20:20:48,678 - WARNING - Failed to parse sector performance data
2025-04-23 20:20:49,350 - INFO - Attempting to authenticate with intradayscreener.com via Dhan
2025-04-23 20:20:50,030 - INFO - Dhan auth redirected to: https://intradayscreener.com/auth/broker/dhan
2025-04-23 20:20:50,683 - INFO - Found 0 sectors in performance data
2025-04-23 20:20:50,684 - WARNING - Failed to parse sector performance data
2025-04-23 20:20:50,687 - INFO - Logging in to intradayscreener.com as 9087198304
2025-04-23 20:20:51,954 - ERROR - Network error accessing intradayscreener.com: HTTP Error 405: Not Allowed
2025-04-23 20:20:51,956 - WARNING - Failed to get updated sector performance data through any method
2025-04-23 20:20:51,957 - INFO - Checking price levels for trading
2025-04-23 20:20:51,957 - INFO - Checking price levels for 3 stocks
2025-04-23 20:20:52,106 - WARNING - Could not determine current price for INFY.NS
2025-04-23 20:20:52,251 - WARNING - Could not determine current price for SBIN.NS
2025-04-23 20:20:52,251 - INFO - Waiting 60 seconds for next refresh...
2025-04-23 20:21:05,175 - INFO - Monitoring stopped by user.
2025-04-23 20:21:05,177 - INFO - Current positions:
2025-04-23 20:21:05,342 - INFO - {'status': 'success', 'remarks': '', 'data': [{'dhanClientId': '1106497024', 'tradingSymbol': 'CANBK', 'securityId': '10794', 'positionType': 'CLOSED', 'exchangeSegment': 'NSE_EQ', 'productType': 'INTRADAY', 'buyAvg': 99.39, 'costPrice': 99.39, 'buyQty': 600, 'sellAvg': 99.41, 'sellQty': 600, 'netQty': 0, 'realizedProfit': 12.0, 'unrealizedProfit': 0.0, 'rbiReferenceRate': 1.0, 'multiplier': 1, 'carryForwardBuyQty': 0, 'carryForwardSellQty': 0, 'carryForwardBuyValue': 0.0, 'carryForwardSellValue': 0.0, 'dayBuyQty': 600, 'daySellQty': 600, 'dayBuyValue': 59634.0, 'daySellValue': 59646.0, 'drvExpiryDate': '0001-01-01', 'drvOptionType': 'NA', 'drvStrikePrice': 0.0, 'crossCurrency': False}, {'dhanClientId': '1106497024', 'tradingSymbol': 'WIPRO', 'securityId': '3787', 'positionType': 'CLOSED', 'exchangeSegment': 'NSE_EQ', 'productType': 'INTRADAY', 'buyAvg': 240.25, 'costPrice': 240.25, 'buyQty': 193, 'sellAvg': 240.25, 'sellQty': 193, 'netQty': 0, 'realizedProfit': 0.0, 'unrealizedProfit': 0.0, 'rbiReferenceRate': 1.0, 'multiplier': 1, 'carryForwardBuyQty': 0, 'carryForwardSellQty': 0, 'carryForwardBuyValue': 0.0, 'carryForwardSellValue': 0.0, 'dayBuyQty': 193, 'daySellQty': 193, 'dayBuyValue': 46368.25, 'daySellValue': 46368.25, 'drvExpiryDate': '0001-01-01', 'drvOptionType': 'NA', 'drvStrikePrice': 0.0, 'crossCurrency': False}, {'dhanClientId': '1106497024', 'tradingSymbol': 'PNB', 'securityId': '10666', 'positionType': 'CLOSED', 'exchangeSegment': 'NSE_EQ', 'productType': 'INTRADAY', 'buyAvg': 101.85, 'costPrice': 102.6, 'buyQty': 300, 'sellAvg': 102.6, 'sellQty': 300, 'netQty': 0, 'realizedProfit': 225.0, 'unrealizedProfit': 0.0, 'rbiReferenceRate': 1.0, 'multiplier': 1, 'carryForwardBuyQty': 0, 'carryForwardSellQty': 0, 'carryForwardBuyValue': 0.0, 'carryForwardSellValue': 0.0, 'dayBuyQty': 300, 'daySellQty': 300, 'dayBuyValue': 30555.0, 'daySellValue': 30780.0, 'drvExpiryDate': '0001-01-01', 'drvOptionType': 'NA', 'drvStrikePrice': 0.0, 'crossCurrency': False}, {'dhanClientId': '1106497024', 'tradingSymbol': 'SBIN', 'securityId': '3045', 'positionType': 'CLOSED', 'exchangeSegment': 'NSE_EQ', 'productType': 'INTRADAY', 'buyAvg': 818.1, 'costPrice': 815.9, 'buyQty': 19, 'sellAvg': 815.9, 'sellQty': 19, 'netQty': 0, 'realizedProfit': -41.8, 'unrealizedProfit': 0.0, 'rbiReferenceRate': 1.0, 'multiplier': 1, 'carryForwardBuyQty': 0, 'carryForwardSellQty': 0, 'carryForwardBuyValue': 0.0, 'carryForwardSellValue': 0.0, 'dayBuyQty': 19, 'daySellQty': 19, 'dayBuyValue': 15543.9, 'daySellValue': 15502.1, 'drvExpiryDate': '0001-01-01', 'drvOptionType': 'NA', 'drvStrikePrice': 0.0, 'crossCurrency': False}, {'dhanClientId': '1106497024', 'tradingSymbol': 'VBL', 'securityId': '18921', 'positionType': 'CLOSED', 'exchangeSegment': 'NSE_EQ', 'productType': 'INTRADAY', 'buyAvg': 549.45, 'costPrice': 549.45, 'buyQty': 10, 'sellAvg': 549.2, 'sellQty': 10, 'netQty': 0, 'realizedProfit': -2.5, 'unrealizedProfit': 0.0, 'rbiReferenceRate': 1.0, 'multiplier': 1, 'carryForwardBuyQty': 0, 'carryForwardSellQty': 0, 'carryForwardBuyValue': 0.0, 'carryForwardSellValue': 0.0, 'dayBuyQty': 10, 'daySellQty': 10, 'dayBuyValue': 5494.5, 'daySellValue': 5492.0, 'drvExpiryDate': '0001-01-01', 'drvOptionType': 'NA', 'drvStrikePrice': 0.0, 'crossCurrency': False}]}
2025-04-23 20:21:09,171 - INFO - Configuration loaded successfully from trading_config.json
2025-04-23 20:21:09,171 - INFO - Security IDs loaded successfully from security_ids.json
2025-04-23 20:21:09,172 - INFO - Sector mapping loaded successfully with 141 tickers
2025-04-23 20:21:09,172 - INFO - Price levels configuration loaded successfully with 3 stocks
2025-04-23 20:21:09,173 - INFO - Credentials loaded successfully
2025-04-23 20:21:09,174 - INFO - Dhan API client initialized successfully
2025-04-23 20:21:09,174 - INFO - Starting trading program with multiple strategies
2025-04-23 20:21:09,174 - INFO - place_new_orders setting: True
2025-04-23 20:21:09,174 - INFO - Active tickers in sector-based config: ['VBL.NS']
2025-04-23 20:21:09,174 - INFO - Price level strategy enabled: True
2025-04-23 20:21:09,175 - INFO - Active tickers in price level config: ['INFY.NS', 'SBIN.NS']
2025-04-23 20:21:09,175 - INFO - Trying to get sector data without authentication
2025-04-23 20:21:09,175 - INFO - Attempting to access sector performance data without authentication
2025-04-23 20:21:09,783 - INFO - Found 0 sectors in performance data
2025-04-23 20:21:09,785 - WARNING - Failed to parse sector performance data
2025-04-23 20:21:09,786 - WARNING - Direct access failed, trying with Dhan authentication
2025-04-23 20:21:10,404 - INFO - Attempting to authenticate with intradayscreener.com via Dhan
2025-04-23 20:21:11,116 - INFO - Dhan auth redirected to: https://intradayscreener.com/auth/broker/dhan
2025-04-23 20:21:11,830 - INFO - Found 0 sectors in performance data
2025-04-23 20:21:11,830 - WARNING - Failed to parse sector performance data
2025-04-23 20:21:11,831 - WARNING - Dhan authentication failed, trying with regular authentication
2025-04-23 20:21:11,832 - INFO - Logging in to intradayscreener.com as 9087198304
2025-04-23 20:21:13,040 - ERROR - Network error accessing intradayscreener.com: HTTP Error 405: Not Allowed
2025-04-23 20:21:13,042 - ERROR - Failed to get sector data through any method. Sector-based strategy will be disabled.
2025-04-23 20:21:13,042 - INFO - Checking price levels for trading
2025-04-23 20:21:13,043 - INFO - Checking price levels for 3 stocks
2025-04-23 20:21:13,470 - WARNING - Could not determine current price for INFY.NS
2025-04-23 20:21:13,616 - WARNING - Could not determine current price for SBIN.NS
2025-04-23 20:21:13,617 - INFO - Starting continuous monitoring with 1-minute refresh interval...
2025-04-23 20:21:13,619 - INFO - Attempting to access sector performance data without authentication
2025-04-23 20:21:14,261 - INFO - Found 0 sectors in performance data
2025-04-23 20:21:14,263 - WARNING - Failed to parse sector performance data
2025-04-23 20:21:15,048 - INFO - Attempting to authenticate with intradayscreener.com via Dhan
2025-04-23 20:21:15,802 - INFO - Dhan auth redirected to: https://intradayscreener.com/auth/broker/dhan
2025-04-23 20:21:16,491 - INFO - Found 0 sectors in performance data
2025-04-23 20:21:16,491 - WARNING - Failed to parse sector performance data
2025-04-23 20:21:16,492 - INFO - Logging in to intradayscreener.com as 9087198304
2025-04-23 20:21:17,640 - ERROR - Network error accessing intradayscreener.com: HTTP Error 405: Not Allowed
2025-04-23 20:21:17,641 - WARNING - Failed to get updated sector performance data through any method
2025-04-23 20:21:17,642 - INFO - Checking price levels for trading
2025-04-23 20:21:17,642 - INFO - Checking price levels for 3 stocks
2025-04-23 20:21:17,792 - WARNING - Could not determine current price for INFY.NS
2025-04-23 20:21:17,934 - WARNING - Could not determine current price for SBIN.NS
2025-04-23 20:21:17,935 - INFO - Waiting 60 seconds for next refresh...
2025-04-23 20:22:17,944 - INFO - Attempting to access sector performance data without authentication
2025-04-23 20:22:18,623 - INFO - Found 0 sectors in performance data
2025-04-23 20:22:18,625 - WARNING - Failed to parse sector performance data
2025-04-23 20:22:19,350 - INFO - Attempting to authenticate with intradayscreener.com via Dhan
2025-04-23 20:22:20,106 - INFO - Dhan auth redirected to: https://intradayscreener.com/auth/broker/dhan
2025-04-23 20:22:20,794 - INFO - Found 0 sectors in performance data
2025-04-23 20:22:20,795 - WARNING - Failed to parse sector performance data
2025-04-23 20:22:20,796 - INFO - Logging in to intradayscreener.com as 9087198304
2025-04-23 20:22:21,977 - ERROR - Network error accessing intradayscreener.com: HTTP Error 405: Not Allowed
2025-04-23 20:22:21,979 - WARNING - Failed to get updated sector performance data through any method
2025-04-23 20:22:21,979 - INFO - Checking price levels for trading
2025-04-23 20:22:21,980 - INFO - Checking price levels for 3 stocks
2025-04-23 20:22:22,427 - WARNING - Could not determine current price for INFY.NS
2025-04-23 20:22:22,569 - WARNING - Could not determine current price for SBIN.NS
2025-04-23 20:22:22,571 - INFO - Waiting 60 seconds for next refresh...
2025-04-23 20:23:22,582 - INFO - Attempting to access sector performance data without authentication
2025-04-23 20:23:23,269 - INFO - Found 0 sectors in performance data
2025-04-23 20:23:23,269 - WARNING - Failed to parse sector performance data
2025-04-23 20:23:23,959 - INFO - Attempting to authenticate with intradayscreener.com via Dhan
2025-04-23 20:23:24,559 - INFO - Dhan auth redirected to: https://intradayscreener.com/auth/broker/dhan
2025-04-23 20:23:25,192 - INFO - Found 0 sectors in performance data
2025-04-23 20:23:25,195 - WARNING - Failed to parse sector performance data
2025-04-23 20:23:25,199 - INFO - Logging in to intradayscreener.com as 9087198304
2025-04-23 20:23:26,362 - ERROR - Network error accessing intradayscreener.com: HTTP Error 405: Not Allowed
2025-04-23 20:23:26,363 - WARNING - Failed to get updated sector performance data through any method
2025-04-23 20:23:26,363 - INFO - Checking price levels for trading
2025-04-23 20:23:26,363 - INFO - Checking price levels for 3 stocks
2025-04-23 20:23:26,811 - WARNING - Could not determine current price for INFY.NS
2025-04-23 20:23:26,955 - WARNING - Could not determine current price for SBIN.NS
2025-04-23 20:23:26,955 - INFO - Waiting 60 seconds for next refresh...
2025-04-23 20:24:26,961 - INFO - Attempting to access sector performance data without authentication
2025-04-23 20:24:27,704 - INFO - Found 0 sectors in performance data
2025-04-23 20:24:27,704 - WARNING - Failed to parse sector performance data
2025-04-23 20:24:28,355 - INFO - Attempting to authenticate with intradayscreener.com via Dhan
2025-04-23 20:24:29,056 - INFO - Dhan auth redirected to: https://intradayscreener.com/auth/broker/dhan
2025-04-23 20:24:29,744 - INFO - Found 0 sectors in performance data
2025-04-23 20:24:29,745 - WARNING - Failed to parse sector performance data
2025-04-23 20:24:29,749 - INFO - Logging in to intradayscreener.com as 9087198304
2025-04-23 20:24:30,902 - ERROR - Network error accessing intradayscreener.com: HTTP Error 405: Not Allowed
2025-04-23 20:24:30,904 - WARNING - Failed to get updated sector performance data through any method
2025-04-23 20:24:30,906 - INFO - Checking price levels for trading
2025-04-23 20:24:30,909 - INFO - Checking price levels for 3 stocks
2025-04-23 20:24:31,366 - WARNING - Could not determine current price for INFY.NS
2025-04-23 20:24:31,507 - WARNING - Could not determine current price for SBIN.NS
2025-04-23 20:24:31,507 - INFO - Waiting 60 seconds for next refresh...
2025-04-23 20:25:31,520 - INFO - Attempting to access sector performance data without authentication
2025-04-23 20:25:32,151 - INFO - Found 0 sectors in performance data
2025-04-23 20:25:32,152 - WARNING - Failed to parse sector performance data
2025-04-23 20:25:32,811 - INFO - Attempting to authenticate with intradayscreener.com via Dhan
2025-04-23 20:25:33,544 - INFO - Dhan auth redirected to: https://intradayscreener.com/auth/broker/dhan
2025-04-23 20:25:34,209 - INFO - Found 0 sectors in performance data
2025-04-23 20:25:34,210 - WARNING - Failed to parse sector performance data
2025-04-23 20:25:34,211 - INFO - Logging in to intradayscreener.com as 9087198304
2025-04-23 20:25:35,354 - ERROR - Network error accessing intradayscreener.com: HTTP Error 405: Not Allowed
2025-04-23 20:25:35,356 - WARNING - Failed to get updated sector performance data through any method
2025-04-23 20:25:35,356 - INFO - Checking price levels for trading
2025-04-23 20:25:35,357 - INFO - Checking price levels for 3 stocks
2025-04-23 20:25:35,802 - WARNING - Could not determine current price for INFY.NS
2025-04-23 20:25:35,946 - WARNING - Could not determine current price for SBIN.NS
2025-04-23 20:25:35,946 - INFO - Waiting 60 seconds for next refresh...
2025-04-23 20:26:35,958 - INFO - Attempting to access sector performance data without authentication
2025-04-23 20:26:36,677 - INFO - Found 0 sectors in performance data
2025-04-23 20:26:36,677 - WARNING - Failed to parse sector performance data
2025-04-23 20:26:37,342 - INFO - Attempting to authenticate with intradayscreener.com via Dhan
2025-04-23 20:26:38,063 - INFO - Dhan auth redirected to: https://intradayscreener.com/auth/broker/dhan
2025-04-23 20:26:38,787 - INFO - Found 0 sectors in performance data
2025-04-23 20:26:38,789 - WARNING - Failed to parse sector performance data
2025-04-23 20:26:38,790 - INFO - Logging in to intradayscreener.com as 9087198304
2025-04-23 20:26:39,990 - ERROR - Network error accessing intradayscreener.com: HTTP Error 405: Not Allowed
2025-04-23 20:26:39,990 - WARNING - Failed to get updated sector performance data through any method
2025-04-23 20:26:39,991 - INFO - Checking price levels for trading
2025-04-23 20:26:39,991 - INFO - Checking price levels for 3 stocks
2025-04-23 20:26:40,454 - WARNING - Could not determine current price for INFY.NS
2025-04-23 20:26:40,594 - WARNING - Could not determine current price for SBIN.NS
2025-04-23 20:26:40,595 - INFO - Waiting 60 seconds for next refresh...
2025-04-23 20:27:40,604 - INFO - Attempting to access sector performance data without authentication
2025-04-23 20:27:41,329 - INFO - Found 0 sectors in performance data
2025-04-23 20:27:41,331 - WARNING - Failed to parse sector performance data
2025-04-23 20:27:41,997 - INFO - Attempting to authenticate with intradayscreener.com via Dhan
2025-04-23 20:27:42,699 - INFO - Dhan auth redirected to: https://intradayscreener.com/auth/broker/dhan
2025-04-23 20:27:43,326 - INFO - Found 0 sectors in performance data
2025-04-23 20:27:43,328 - WARNING - Failed to parse sector performance data
2025-04-23 20:27:43,330 - INFO - Logging in to intradayscreener.com as 9087198304
2025-04-23 20:27:44,425 - ERROR - Network error accessing intradayscreener.com: HTTP Error 405: Not Allowed
2025-04-23 20:27:44,426 - WARNING - Failed to get updated sector performance data through any method
2025-04-23 20:27:44,426 - INFO - Checking price levels for trading
2025-04-23 20:27:44,427 - INFO - Checking price levels for 3 stocks
2025-04-23 20:27:44,869 - WARNING - Could not determine current price for INFY.NS
2025-04-23 20:27:45,007 - WARNING - Could not determine current price for SBIN.NS
2025-04-23 20:27:45,008 - INFO - Waiting 60 seconds for next refresh...
2025-04-23 20:28:45,021 - INFO - Attempting to access sector performance data without authentication
2025-04-23 20:28:45,704 - INFO - Found 0 sectors in performance data
2025-04-23 20:28:45,705 - WARNING - Failed to parse sector performance data
2025-04-23 20:28:46,398 - INFO - Attempting to authenticate with intradayscreener.com via Dhan
2025-04-23 20:28:47,069 - INFO - Dhan auth redirected to: https://intradayscreener.com/auth/broker/dhan
2025-04-23 20:28:47,722 - INFO - Found 0 sectors in performance data
2025-04-23 20:28:47,722 - WARNING - Failed to parse sector performance data
2025-04-23 20:28:47,724 - INFO - Logging in to intradayscreener.com as 9087198304
2025-04-23 20:28:48,907 - ERROR - Network error accessing intradayscreener.com: HTTP Error 405: Not Allowed
2025-04-23 20:28:48,908 - WARNING - Failed to get updated sector performance data through any method
2025-04-23 20:28:48,908 - INFO - Checking price levels for trading
2025-04-23 20:28:48,908 - INFO - Checking price levels for 3 stocks
2025-04-23 20:28:49,361 - WARNING - Could not determine current price for INFY.NS
2025-04-23 20:28:49,508 - WARNING - Could not determine current price for SBIN.NS
2025-04-23 20:28:49,509 - INFO - Waiting 60 seconds for next refresh...
2025-04-23 20:29:49,517 - INFO - Attempting to access sector performance data without authentication
2025-04-23 20:29:50,195 - INFO - Found 0 sectors in performance data
2025-04-23 20:29:50,198 - WARNING - Failed to parse sector performance data
2025-04-23 20:29:50,833 - INFO - Attempting to authenticate with intradayscreener.com via Dhan
2025-04-23 20:29:51,505 - INFO - Dhan auth redirected to: https://intradayscreener.com/auth/broker/dhan
2025-04-23 20:29:52,205 - INFO - Found 0 sectors in performance data
2025-04-23 20:29:52,205 - WARNING - Failed to parse sector performance data
2025-04-23 20:29:52,207 - INFO - Logging in to intradayscreener.com as 9087198304
2025-04-23 20:29:53,345 - ERROR - Network error accessing intradayscreener.com: HTTP Error 405: Not Allowed
2025-04-23 20:29:53,347 - WARNING - Failed to get updated sector performance data through any method
2025-04-23 20:29:53,349 - INFO - Checking price levels for trading
2025-04-23 20:29:53,349 - INFO - Checking price levels for 3 stocks
2025-04-23 20:29:53,785 - WARNING - Could not determine current price for INFY.NS
2025-04-23 20:29:53,926 - WARNING - Could not determine current price for SBIN.NS
2025-04-23 20:29:53,927 - INFO - Waiting 60 seconds for next refresh...
2025-04-23 20:30:53,939 - INFO - Attempting to access sector performance data without authentication
2025-04-23 20:30:54,671 - INFO - Found 0 sectors in performance data
2025-04-23 20:30:54,671 - WARNING - Failed to parse sector performance data
2025-04-23 20:30:55,304 - INFO - Attempting to authenticate with intradayscreener.com via Dhan
2025-04-23 20:30:55,959 - INFO - Dhan auth redirected to: https://intradayscreener.com/auth/broker/dhan
2025-04-23 20:30:56,598 - INFO - Found 0 sectors in performance data
2025-04-23 20:30:56,598 - WARNING - Failed to parse sector performance data
2025-04-23 20:30:56,600 - INFO - Logging in to intradayscreener.com as 9087198304
2025-04-23 20:30:57,872 - ERROR - Network error accessing intradayscreener.com: HTTP Error 405: Not Allowed
2025-04-23 20:30:57,875 - WARNING - Failed to get updated sector performance data through any method
2025-04-23 20:30:57,880 - INFO - Checking price levels for trading
2025-04-23 20:30:57,881 - INFO - Checking price levels for 3 stocks
2025-04-23 20:30:58,325 - WARNING - Could not determine current price for INFY.NS
2025-04-23 20:30:58,471 - WARNING - Could not determine current price for SBIN.NS
2025-04-23 20:30:58,471 - INFO - Waiting 60 seconds for next refresh...
2025-04-23 20:31:58,480 - INFO - Attempting to access sector performance data without authentication
2025-04-23 20:31:59,094 - INFO - Found 0 sectors in performance data
2025-04-23 20:31:59,095 - WARNING - Failed to parse sector performance data
2025-04-23 20:31:59,820 - INFO - Attempting to authenticate with intradayscreener.com via Dhan
2025-04-23 20:32:00,493 - INFO - Dhan auth redirected to: https://intradayscreener.com/auth/broker/dhan
2025-04-23 20:32:01,269 - INFO - Found 0 sectors in performance data
2025-04-23 20:32:01,271 - WARNING - Failed to parse sector performance data
2025-04-23 20:32:01,279 - INFO - Logging in to intradayscreener.com as 9087198304
2025-04-23 20:32:02,476 - ERROR - Network error accessing intradayscreener.com: HTTP Error 405: Not Allowed
2025-04-23 20:32:02,479 - WARNING - Failed to get updated sector performance data through any method
2025-04-23 20:32:02,480 - INFO - Checking price levels for trading
2025-04-23 20:32:02,481 - INFO - Checking price levels for 3 stocks
2025-04-23 20:32:02,939 - WARNING - Could not determine current price for INFY.NS
2025-04-23 20:32:03,085 - WARNING - Could not determine current price for SBIN.NS
2025-04-23 20:32:03,086 - INFO - Waiting 60 seconds for next refresh...
2025-04-23 20:33:03,093 - INFO - Attempting to access sector performance data without authentication
2025-04-23 20:33:03,767 - INFO - Found 0 sectors in performance data
2025-04-23 20:33:03,771 - WARNING - Failed to parse sector performance data
2025-04-23 20:33:04,494 - INFO - Attempting to authenticate with intradayscreener.com via Dhan
2025-04-23 20:33:05,193 - INFO - Dhan auth redirected to: https://intradayscreener.com/auth/broker/dhan
2025-04-23 20:33:05,856 - INFO - Found 0 sectors in performance data
2025-04-23 20:33:05,856 - WARNING - Failed to parse sector performance data
2025-04-23 20:33:05,857 - INFO - Logging in to intradayscreener.com as 9087198304
2025-04-23 20:33:07,022 - ERROR - Network error accessing intradayscreener.com: HTTP Error 405: Not Allowed
2025-04-23 20:33:07,023 - WARNING - Failed to get updated sector performance data through any method
2025-04-23 20:33:07,023 - INFO - Checking price levels for trading
2025-04-23 20:33:07,024 - INFO - Checking price levels for 3 stocks
2025-04-23 20:33:07,456 - WARNING - Could not determine current price for INFY.NS
2025-04-23 20:33:07,597 - WARNING - Could not determine current price for SBIN.NS
2025-04-23 20:33:07,597 - INFO - Waiting 60 seconds for next refresh...
2025-04-23 20:34:07,602 - INFO - Attempting to access sector performance data without authentication
2025-04-23 20:34:08,338 - INFO - Found 0 sectors in performance data
2025-04-23 20:34:08,339 - WARNING - Failed to parse sector performance data
2025-04-23 20:34:08,945 - INFO - Attempting to authenticate with intradayscreener.com via Dhan
2025-04-23 20:34:09,584 - INFO - Dhan auth redirected to: https://intradayscreener.com/auth/broker/dhan
2025-04-23 20:34:10,261 - INFO - Found 0 sectors in performance data
2025-04-23 20:34:10,261 - WARNING - Failed to parse sector performance data
2025-04-23 20:34:10,262 - INFO - Logging in to intradayscreener.com as 9087198304
2025-04-23 20:34:11,598 - ERROR - Network error accessing intradayscreener.com: HTTP Error 405: Not Allowed
2025-04-23 20:34:11,599 - WARNING - Failed to get updated sector performance data through any method
2025-04-23 20:34:11,599 - INFO - Checking price levels for trading
2025-04-23 20:34:11,600 - INFO - Checking price levels for 3 stocks
2025-04-23 20:34:12,049 - WARNING - Could not determine current price for INFY.NS
2025-04-23 20:34:12,189 - WARNING - Could not determine current price for SBIN.NS
2025-04-23 20:34:12,189 - INFO - Waiting 60 seconds for next refresh...
2025-04-23 20:35:12,202 - INFO - Attempting to access sector performance data without authentication
2025-04-23 20:35:12,819 - INFO - Found 0 sectors in performance data
2025-04-23 20:35:12,819 - WARNING - Failed to parse sector performance data
2025-04-23 20:35:13,495 - INFO - Attempting to authenticate with intradayscreener.com via Dhan
2025-04-23 20:35:14,158 - INFO - Dhan auth redirected to: https://intradayscreener.com/auth/broker/dhan
2025-04-23 20:35:14,828 - INFO - Found 0 sectors in performance data
2025-04-23 20:35:14,828 - WARNING - Failed to parse sector performance data
2025-04-23 20:35:14,830 - INFO - Logging in to intradayscreener.com as 9087198304
2025-04-23 20:35:15,988 - ERROR - Network error accessing intradayscreener.com: HTTP Error 405: Not Allowed
2025-04-23 20:35:15,994 - WARNING - Failed to get updated sector performance data through any method
2025-04-23 20:35:15,994 - INFO - Checking price levels for trading
2025-04-23 20:35:15,995 - INFO - Checking price levels for 3 stocks
2025-04-23 20:35:16,443 - WARNING - Could not determine current price for INFY.NS
2025-04-23 20:35:16,586 - WARNING - Could not determine current price for SBIN.NS
2025-04-23 20:35:16,587 - INFO - Waiting 60 seconds for next refresh...
2025-04-23 20:36:16,600 - INFO - Attempting to access sector performance data without authentication
2025-04-23 20:36:17,283 - INFO - Found 0 sectors in performance data
2025-04-23 20:36:17,291 - WARNING - Failed to parse sector performance data
2025-04-23 20:36:17,953 - INFO - Attempting to authenticate with intradayscreener.com via Dhan
2025-04-23 20:36:18,724 - INFO - Dhan auth redirected to: https://intradayscreener.com/auth/broker/dhan
2025-04-23 20:36:19,443 - INFO - Found 0 sectors in performance data
2025-04-23 20:36:19,443 - WARNING - Failed to parse sector performance data
2025-04-23 20:36:19,444 - INFO - Logging in to intradayscreener.com as 9087198304
2025-04-23 20:36:20,540 - ERROR - Network error accessing intradayscreener.com: HTTP Error 405: Not Allowed
2025-04-23 20:36:20,540 - WARNING - Failed to get updated sector performance data through any method
2025-04-23 20:36:20,541 - INFO - Checking price levels for trading
2025-04-23 20:36:20,541 - INFO - Checking price levels for 3 stocks
2025-04-23 20:36:20,970 - WARNING - Could not determine current price for INFY.NS
2025-04-23 20:36:21,111 - WARNING - Could not determine current price for SBIN.NS
2025-04-23 20:36:21,121 - INFO - Waiting 60 seconds for next refresh...
2025-04-23 20:37:21,133 - INFO - Attempting to access sector performance data without authentication
2025-04-23 20:37:21,743 - INFO - Found 0 sectors in performance data
2025-04-23 20:37:21,744 - WARNING - Failed to parse sector performance data
2025-04-23 20:37:22,368 - INFO - Monitoring stopped by user.
2025-04-23 20:37:22,369 - INFO - Current positions:
2025-04-23 20:37:22,836 - INFO - {'status': 'success', 'remarks': '', 'data': [{'dhanClientId': '1106497024', 'tradingSymbol': 'CANBK', 'securityId': '10794', 'positionType': 'CLOSED', 'exchangeSegment': 'NSE_EQ', 'productType': 'INTRADAY', 'buyAvg': 99.39, 'costPrice': 99.39, 'buyQty': 600, 'sellAvg': 99.41, 'sellQty': 600, 'netQty': 0, 'realizedProfit': 12.0, 'unrealizedProfit': 0.0, 'rbiReferenceRate': 1.0, 'multiplier': 1, 'carryForwardBuyQty': 0, 'carryForwardSellQty': 0, 'carryForwardBuyValue': 0.0, 'carryForwardSellValue': 0.0, 'dayBuyQty': 600, 'daySellQty': 600, 'dayBuyValue': 59634.0, 'daySellValue': 59646.0, 'drvExpiryDate': '0001-01-01', 'drvOptionType': 'NA', 'drvStrikePrice': 0.0, 'crossCurrency': False}, {'dhanClientId': '1106497024', 'tradingSymbol': 'WIPRO', 'securityId': '3787', 'positionType': 'CLOSED', 'exchangeSegment': 'NSE_EQ', 'productType': 'INTRADAY', 'buyAvg': 240.25, 'costPrice': 240.25, 'buyQty': 193, 'sellAvg': 240.25, 'sellQty': 193, 'netQty': 0, 'realizedProfit': 0.0, 'unrealizedProfit': 0.0, 'rbiReferenceRate': 1.0, 'multiplier': 1, 'carryForwardBuyQty': 0, 'carryForwardSellQty': 0, 'carryForwardBuyValue': 0.0, 'carryForwardSellValue': 0.0, 'dayBuyQty': 193, 'daySellQty': 193, 'dayBuyValue': 46368.25, 'daySellValue': 46368.25, 'drvExpiryDate': '0001-01-01', 'drvOptionType': 'NA', 'drvStrikePrice': 0.0, 'crossCurrency': False}, {'dhanClientId': '1106497024', 'tradingSymbol': 'PNB', 'securityId': '10666', 'positionType': 'CLOSED', 'exchangeSegment': 'NSE_EQ', 'productType': 'INTRADAY', 'buyAvg': 101.85, 'costPrice': 102.6, 'buyQty': 300, 'sellAvg': 102.6, 'sellQty': 300, 'netQty': 0, 'realizedProfit': 225.0, 'unrealizedProfit': 0.0, 'rbiReferenceRate': 1.0, 'multiplier': 1, 'carryForwardBuyQty': 0, 'carryForwardSellQty': 0, 'carryForwardBuyValue': 0.0, 'carryForwardSellValue': 0.0, 'dayBuyQty': 300, 'daySellQty': 300, 'dayBuyValue': 30555.0, 'daySellValue': 30780.0, 'drvExpiryDate': '0001-01-01', 'drvOptionType': 'NA', 'drvStrikePrice': 0.0, 'crossCurrency': False}, {'dhanClientId': '1106497024', 'tradingSymbol': 'SBIN', 'securityId': '3045', 'positionType': 'CLOSED', 'exchangeSegment': 'NSE_EQ', 'productType': 'INTRADAY', 'buyAvg': 818.1, 'costPrice': 815.9, 'buyQty': 19, 'sellAvg': 815.9, 'sellQty': 19, 'netQty': 0, 'realizedProfit': -41.8, 'unrealizedProfit': 0.0, 'rbiReferenceRate': 1.0, 'multiplier': 1, 'carryForwardBuyQty': 0, 'carryForwardSellQty': 0, 'carryForwardBuyValue': 0.0, 'carryForwardSellValue': 0.0, 'dayBuyQty': 19, 'daySellQty': 19, 'dayBuyValue': 15543.9, 'daySellValue': 15502.1, 'drvExpiryDate': '0001-01-01', 'drvOptionType': 'NA', 'drvStrikePrice': 0.0, 'crossCurrency': False}, {'dhanClientId': '1106497024', 'tradingSymbol': 'VBL', 'securityId': '18921', 'positionType': 'CLOSED', 'exchangeSegment': 'NSE_EQ', 'productType': 'INTRADAY', 'buyAvg': 549.45, 'costPrice': 549.45, 'buyQty': 10, 'sellAvg': 549.2, 'sellQty': 10, 'netQty': 0, 'realizedProfit': -2.5, 'unrealizedProfit': 0.0, 'rbiReferenceRate': 1.0, 'multiplier': 1, 'carryForwardBuyQty': 0, 'carryForwardSellQty': 0, 'carryForwardBuyValue': 0.0, 'carryForwardSellValue': 0.0, 'dayBuyQty': 10, 'daySellQty': 10, 'dayBuyValue': 5494.5, 'daySellValue': 5492.0, 'drvExpiryDate': '0001-01-01', 'drvOptionType': 'NA', 'drvStrikePrice': 0.0, 'crossCurrency': False}]}
