2025-04-24 10:10:50,484 - INFO - ==========================================
2025-04-24 10:10:50,485 - INFO - Starting Sector Performance Analyzer
2025-04-24 10:10:50,485 - INFO - ==========================================
2025-04-24 10:10:50,486 - INFO - Step 1: Loading configurations...
2025-04-24 10:10:50,486 - INFO - Configuration loaded successfully from trading_config.json
2025-04-24 10:10:50,487 - INFO - Security IDs loaded successfully from security_ids.json
2025-04-24 10:10:50,488 - INFO - Sector mapping loaded successfully with 141 tickers
2025-04-24 10:10:50,488 - INFO - Loaded configuration with 141 security IDs and 141 sector mappings
2025-04-24 10:10:50,491 - INFO - Step 2: Connecting to Dhan API...
2025-04-24 10:10:50,492 - INFO - Dhan API client initialized successfully
2025-04-24 10:10:50,943 - INFO - Successfully verified Dhan API connection
2025-04-24 10:10:50,943 - INFO - Successfully connected to Dhan API
2025-04-24 10:10:50,944 - INFO - Testing market data retrieval...
2025-04-24 10:10:50,944 - INFO - Testing market data retrieval for VBL.NS (ID: 18921)...
2025-04-24 10:10:51,093 - WARNING - Could not determine current price for VBL.NS
2025-04-24 10:10:51,095 - WARNING - Could not retrieve complete data for test security VBL.NS
2025-04-24 10:10:51,097 - INFO - Testing market data retrieval for WIPRO.NS (ID: 3787)...
2025-04-24 10:10:51,240 - WARNING - Could not determine current price for WIPRO.NS
2025-04-24 10:10:51,241 - WARNING - Could not retrieve complete data for test security WIPRO.NS
2025-04-24 10:10:51,241 - INFO - Testing market data retrieval for NTPC.NS (ID: 11630)...
2025-04-24 10:10:51,384 - WARNING - Could not determine current price for NTPC.NS
2025-04-24 10:10:51,384 - WARNING - Could not retrieve complete data for test security NTPC.NS
2025-04-24 10:10:51,385 - INFO - Testing market data retrieval for SUNTV.NS (ID: 13404)...
2025-04-24 10:10:51,530 - WARNING - Could not determine current price for SUNTV.NS
2025-04-24 10:10:51,530 - WARNING - Could not retrieve complete data for test security SUNTV.NS
2025-04-24 10:10:51,531 - INFO - Testing market data retrieval for CANBK.NS (ID: 10794)...
2025-04-24 10:10:51,671 - WARNING - Could not determine current price for CANBK.NS
2025-04-24 10:10:51,671 - WARNING - Could not retrieve complete data for test security CANBK.NS
2025-04-24 10:10:51,673 - ERROR - Failed to retrieve market data for any test securities
2025-04-24 10:10:51,675 - WARNING - Market data retrieval test failed. Continuing with caution...
2025-04-24 10:10:51,677 - INFO - Step 4: Starting continuous sector performance analysis...
2025-04-24 10:10:51,678 - INFO - Analysis will refresh every 180 seconds
2025-04-24 10:10:51,678 - INFO - Collecting sector data...
2025-04-24 10:10:51,682 - INFO - Getting market data for 141 stocks grouped by sector
2025-04-24 10:10:51,683 - INFO - Processing batch 1 with 20 tickers
2025-04-24 10:10:51,841 - WARNING - Could not determine current price for NATIONALUM.NS
2025-04-24 10:10:51,987 - WARNING - Could not determine current price for JSWSTEEL.NS
2025-04-24 10:10:52,167 - WARNING - Could not determine current price for HINDCOPPER.NS
2025-04-24 10:10:52,171 - WARNING - Could not determine current price for HINDALCO.NS
2025-04-24 10:10:52,173 - WARNING - Could not determine current price for TATASTEEL.NS
2025-04-24 10:10:52,176 - WARNING - Could not determine current price for JSL.NS
2025-04-24 10:10:52,178 - WARNING - Could not determine current price for SAIL.NS
2025-04-24 10:10:52,180 - WARNING - Could not determine current price for VEDL.NS
2025-04-24 10:10:52,184 - WARNING - Could not determine current price for COALINDIA.NS
2025-04-24 10:10:52,185 - WARNING - Could not determine current price for NMDC.NS
2025-04-24 10:10:52,188 - WARNING - Could not determine current price for JINDALSTEL.NS
2025-04-24 10:10:52,192 - WARNING - Could not determine current price for APLAPOLLO.NS
2025-04-24 10:10:52,368 - WARNING - Could not determine current price for ADANIENT.NS
2025-04-24 10:10:52,369 - WARNING - Could not determine current price for BATAINDIA.NS
2025-04-24 10:10:52,369 - WARNING - Could not determine current price for TITAN.NS
2025-04-24 10:10:52,373 - WARNING - Could not determine current price for HAVELLS.NS
2025-04-24 10:10:52,379 - WARNING - Could not determine current price for VOLTAS.NS
2025-04-24 10:10:52,385 - WARNING - Could not determine current price for TIINDIA.NS
2025-04-24 10:10:52,386 - WARNING - Could not determine current price for CROMPTON.NS
2025-04-24 10:10:52,386 - WARNING - Could not determine current price for DIXON.NS
2025-04-24 10:10:54,399 - INFO - Processing batch 2 with 20 tickers
2025-04-24 10:10:54,565 - WARNING - Could not determine current price for MOTHERSON.NS
2025-04-24 10:10:54,574 - WARNING - Could not determine current price for TATAMOTORS.NS
2025-04-24 10:10:54,576 - WARNING - Could not determine current price for TVSMOTOR.NS
2025-04-24 10:10:54,578 - WARNING - Could not determine current price for HEROMOTOCO.NS
2025-04-24 10:10:54,581 - WARNING - Could not determine current price for EXIDEIND.NS
2025-04-24 10:10:54,592 - WARNING - Could not determine current price for BOSCHLTD.NS
2025-04-24 10:10:54,593 - WARNING - Could not determine current price for BHARATFORG.NS
2025-04-24 10:10:54,594 - WARNING - Could not determine current price for BAJAJAUTO.NS
2025-04-24 10:10:54,595 - WARNING - Could not determine current price for MARUTI.NS
2025-04-24 10:10:54,600 - WARNING - Could not determine current price for MRF.NS
2025-04-24 10:10:54,710 - WARNING - Could not determine current price for ASHOKLEY.NS
2025-04-24 10:10:54,726 - WARNING - Could not determine current price for EICHERMOT.NS
2025-04-24 10:10:54,733 - WARNING - Could not determine current price for BALKRISIND.NS
2025-04-24 10:10:54,737 - WARNING - Could not determine current price for SONACOMS.NS
2025-04-24 10:10:54,741 - WARNING - Could not determine current price for M&M.NS
2025-04-24 10:10:54,749 - WARNING - Could not determine current price for ABBOTINDIA.NS
2025-04-24 10:10:54,750 - WARNING - Could not determine current price for DIVISLAB.NS
2025-04-24 10:10:54,755 - WARNING - Could not determine current price for APOLLOHOSP.NS
2025-04-24 10:10:54,757 - WARNING - Could not determine current price for ALKEM.NS
2025-04-24 10:10:54,758 - WARNING - Could not determine current price for LALPATHLAB.NS
2025-04-24 10:10:56,773 - INFO - Processing batch 3 with 20 tickers
2025-04-24 10:10:56,923 - WARNING - Could not determine current price for GLENMARK.NS
2025-04-24 10:10:56,925 - WARNING - Could not determine current price for IPCALAB.NS
2025-04-24 10:10:56,941 - WARNING - Could not determine current price for DRREDDY.NS
2025-04-24 10:10:56,943 - WARNING - Could not determine current price for AUROPHARMA.NS
2025-04-24 10:10:56,950 - WARNING - Could not determine current price for LUPIN.NS
2025-04-24 10:10:56,954 - WARNING - Could not determine current price for SUNPHARMA.NS
2025-04-24 10:10:56,960 - WARNING - Could not determine current price for MAXHEALTH.NS
2025-04-24 10:10:56,961 - WARNING - Could not determine current price for LAURUSLABS.NS
2025-04-24 10:10:56,963 - WARNING - Could not determine current price for TORNTPHARM.NS
2025-04-24 10:10:56,970 - WARNING - Could not determine current price for ZYDUSLIFE.NS
2025-04-24 10:10:57,064 - WARNING - Could not determine current price for GRANULES.NS
2025-04-24 10:10:57,068 - WARNING - Could not determine current price for BIOCON.NS
2025-04-24 10:10:57,088 - WARNING - Could not determine current price for CIPLA.NS
2025-04-24 10:10:57,094 - WARNING - Could not determine current price for METROPOLIS.NS
2025-04-24 10:10:57,100 - WARNING - Could not determine current price for SYNGENE.NS
2025-04-24 10:10:57,112 - WARNING - Could not determine current price for COLPAL.NS
2025-04-24 10:10:57,122 - WARNING - Could not determine current price for GODREJCP.NS
2025-04-24 10:10:57,124 - WARNING - Could not determine current price for DABUR.NS
2025-04-24 10:10:57,124 - WARNING - Could not determine current price for UNITDSPR.NS
2025-04-24 10:10:57,125 - WARNING - Could not determine current price for UBL.NS
2025-04-24 10:10:59,138 - INFO - Processing batch 4 with 20 tickers
2025-04-24 10:10:59,280 - WARNING - Could not determine current price for MARICO.NS
2025-04-24 10:10:59,281 - WARNING - Could not determine current price for ITC.NS
2025-04-24 10:10:59,284 - WARNING - Could not determine current price for NESTLEIND.NS
2025-04-24 10:10:59,285 - WARNING - Could not determine current price for HINDUNILVR.NS
2025-04-24 10:10:59,286 - WARNING - Could not determine current price for VBL.NS
2025-04-24 10:10:59,289 - WARNING - Could not determine current price for TATACONSUM.NS
2025-04-24 10:10:59,291 - WARNING - Could not determine current price for RELIANCE.NS
2025-04-24 10:10:59,293 - WARNING - Could not determine current price for BRITANNIA.NS
2025-04-24 10:10:59,296 - WARNING - Could not determine current price for TATAPOWER.NS
2025-04-24 10:10:59,301 - WARNING - Could not determine current price for ADANIGREEN.NS
2025-04-24 10:10:59,418 - WARNING - Could not determine current price for BPCL.NS
2025-04-24 10:10:59,422 - WARNING - Could not determine current price for NTPC.NS
2025-04-24 10:10:59,432 - WARNING - Could not determine current price for POWERGRID.NS
2025-04-24 10:10:59,433 - WARNING - Could not determine current price for ONGC.NS
2025-04-24 10:10:59,434 - WARNING - Could not determine current price for ADANIENSOL.NS
2025-04-24 10:10:59,440 - WARNING - Could not determine current price for GAIL.NS
2025-04-24 10:10:59,442 - WARNING - Could not determine current price for JIOFIN.NS
2025-04-24 10:10:59,444 - WARNING - Could not determine current price for HINDPETRO.NS
2025-04-24 10:10:59,445 - WARNING - Could not determine current price for IOC.NS
2025-04-24 10:10:59,446 - WARNING - Could not determine current price for OIL.NS
2025-04-24 10:11:01,456 - INFO - Processing batch 5 with 20 tickers
2025-04-24 10:11:01,606 - WARNING - Could not determine current price for ATGL.NS
2025-04-24 10:11:01,611 - WARNING - Could not determine current price for IGL.NS
2025-04-24 10:11:01,617 - WARNING - Could not determine current price for PETRONET.NS
2025-04-24 10:11:01,627 - WARNING - Could not determine current price for GUJGASLTD.NS
2025-04-24 10:11:01,629 - WARNING - Could not determine current price for COFORGE.NS
2025-04-24 10:11:01,630 - WARNING - Could not determine current price for MGL.NS
2025-04-24 10:11:01,643 - WARNING - Could not determine current price for LTTS.NS
2025-04-24 10:11:01,644 - WARNING - Could not determine current price for PERSISTENT.NS
2025-04-24 10:11:01,647 - WARNING - Could not determine current price for TCS.NS
2025-04-24 10:11:01,650 - WARNING - Could not determine current price for MPHASIS.NS
2025-04-24 10:11:01,767 - WARNING - Could not determine current price for BSOFT.NS
2025-04-24 10:11:01,781 - WARNING - Could not determine current price for LTIM.NS
2025-04-24 10:11:01,782 - WARNING - Could not determine current price for WIPRO.NS
2025-04-24 10:11:01,783 - WARNING - Could not determine current price for TECHM.NS
2025-04-24 10:11:01,791 - WARNING - Could not determine current price for HCLTECH.NS
2025-04-24 10:11:01,812 - WARNING - Could not determine current price for SUNTV.NS
2025-04-24 10:11:01,821 - WARNING - Could not determine current price for INFY.NS
2025-04-24 10:11:01,822 - WARNING - Could not determine current price for PVRINOX.NS
2025-04-24 10:11:01,822 - WARNING - Could not determine current price for NAZARA.NS
2025-04-24 10:11:01,825 - WARNING - Could not determine current price for NETWORK18.NS
2025-04-24 10:11:03,841 - INFO - Processing batch 6 with 20 tickers
2025-04-24 10:11:03,988 - WARNING - Could not determine current price for ZEEL.NS
2025-04-24 10:11:03,989 - WARNING - Could not determine current price for DISHTV.NS
2025-04-24 10:11:03,991 - WARNING - Could not determine current price for HATHWAY.NS
2025-04-24 10:11:03,993 - WARNING - Could not determine current price for SAREGAMA.NS
2025-04-24 10:11:03,995 - WARNING - Could not determine current price for SBIN.NS
2025-04-24 10:11:04,008 - WARNING - Could not determine current price for PNB.NS
2025-04-24 10:11:04,010 - WARNING - Could not determine current price for CANBK.NS
2025-04-24 10:11:04,021 - WARNING - Could not determine current price for UNIONBANK.NS
2025-04-24 10:11:04,026 - WARNING - Could not determine current price for BANKBARODA.NS
2025-04-24 10:11:04,027 - WARNING - Could not determine current price for BANKINDIA.NS
2025-04-24 10:11:04,153 - WARNING - Could not determine current price for HDFCBANK.NS
2025-04-24 10:11:04,167 - WARNING - Could not determine current price for INDIANB.NS
2025-04-24 10:11:04,171 - WARNING - Could not determine current price for KOTAKBANK.NS
2025-04-24 10:11:04,173 - WARNING - Could not determine current price for BANDHANBNK.NS
2025-04-24 10:11:04,178 - WARNING - Could not determine current price for CUB.NS
2025-04-24 10:11:04,182 - WARNING - Could not determine current price for IDFCFIRSTB.NS
2025-04-24 10:11:04,185 - WARNING - Could not determine current price for FEDERALBNK.NS
2025-04-24 10:11:04,186 - WARNING - Could not determine current price for RBLBANK.NS
2025-04-24 10:11:04,187 - WARNING - Could not determine current price for AXISBANK.NS
2025-04-24 10:11:04,190 - WARNING - Could not determine current price for ICICIBANK.NS
2025-04-24 10:11:06,200 - INFO - Processing batch 7 with 20 tickers
2025-04-24 10:11:06,347 - WARNING - Could not determine current price for ICICIGI.NS
2025-04-24 10:11:06,349 - WARNING - Could not determine current price for SBILIFE.NS
2025-04-24 10:11:06,351 - WARNING - Could not determine current price for INDUSINDBK.NS
2025-04-24 10:11:06,363 - WARNING - Could not determine current price for IEX.NS
2025-04-24 10:11:06,369 - WARNING - Could not determine current price for PEL.NS
2025-04-24 10:11:06,375 - WARNING - Could not determine current price for HDFCLIFE.NS
2025-04-24 10:11:06,381 - WARNING - Could not determine current price for PFC.NS
2025-04-24 10:11:06,385 - WARNING - Could not determine current price for RECLTD.NS
2025-04-24 10:11:06,389 - WARNING - Could not determine current price for M&MFIN.NS
2025-04-24 10:11:06,392 - WARNING - Could not determine current price for ICICIPRULI.NS
2025-04-24 10:11:06,487 - WARNING - Could not determine current price for BAJAJFINSV.NS
2025-04-24 10:11:06,489 - WARNING - Could not determine current price for BAJFINANCE.NS
2025-04-24 10:11:06,490 - WARNING - Could not determine current price for MUTHOOTFIN.NS
2025-04-24 10:11:06,502 - WARNING - Could not determine current price for HDFCAMC.NS
2025-04-24 10:11:06,509 - WARNING - Could not determine current price for CHOLAFIN.NS
2025-04-24 10:11:06,515 - WARNING - Could not determine current price for LODHA.NS
2025-04-24 10:11:06,519 - WARNING - Could not determine current price for GODREJPROP.NS
2025-04-24 10:11:06,525 - WARNING - Could not determine current price for PRESTIGE.NS
2025-04-24 10:11:06,529 - WARNING - Could not determine current price for OBEROIRLTY.NS
2025-04-24 10:11:06,530 - WARNING - Could not determine current price for DLF.NS
2025-04-24 10:11:08,538 - INFO - Processing batch 8 with 1 tickers
2025-04-24 10:11:08,689 - WARNING - Could not determine current price for HUDCO.NS
2025-04-24 10:11:08,690 - INFO - Got market data for 0 stocks in 0 sectors
2025-04-24 10:11:08,691 - WARNING - Failed to get sector data
2025-04-24 10:11:08,691 - INFO - Waiting 180 seconds for next refresh...
2025-04-24 10:11:58,564 - INFO - Sector analysis stopped by user.
2025-04-24 10:18:11,435 - INFO - ==========================================
2025-04-24 10:18:11,435 - INFO - Starting Sector Performance Analyzer (Yahoo Finance)
2025-04-24 10:18:11,435 - INFO - ==========================================
2025-04-24 10:18:11,435 - INFO - Step 1: Loading sector mapping...
2025-04-24 10:18:11,436 - INFO - Sector mapping loaded successfully with 141 tickers
2025-04-24 10:18:11,436 - INFO - Loaded sector mapping with 141 tickers
2025-04-24 10:18:11,436 - INFO - Step 2: Testing Yahoo Finance data retrieval...
2025-04-24 10:18:11,437 - INFO - Testing Yahoo Finance data retrieval...
2025-04-24 10:18:11,437 - INFO - Testing Yahoo Finance data retrieval for RELIANCE.NS...
2025-04-24 10:18:11,628 - INFO - Yahoo data for RELIANCE.NS: Current: 1298.300048828125, Prev Close: 1300.0, Change: -0.13%
2025-04-24 10:18:11,629 - INFO - Successfully retrieved data for RELIANCE.NS: Price 1298.300048828125, Previous Close 1300.0
2025-04-24 10:18:11,629 - INFO - Yahoo Finance data retrieval test successful
2025-04-24 10:18:11,629 - INFO - Step 3: Starting continuous sector performance analysis...
2025-04-24 10:18:11,630 - INFO - Analysis will refresh every 180 seconds
2025-04-24 10:18:11,630 - INFO - Collecting sector data from Yahoo Finance...
2025-04-24 10:18:11,630 - INFO - Getting market data from Yahoo Finance for 141 stocks grouped by sector
2025-04-24 10:18:11,631 - INFO - Processing batch 1 with 20 tickers
2025-04-24 10:18:11,914 - INFO - Yahoo data for NATIONALUM.NS: Current: 161.89999389648438, Prev Close: 162.07000732421875, Change: -0.10%
2025-04-24 10:18:11,916 - INFO - Yahoo data for SAIL.NS: Current: 118.12999725341797, Prev Close: 116.76000213623047, Change: 1.17%
2025-04-24 10:18:11,934 - INFO - Yahoo data for HINDALCO.NS: Current: 628.6500244140625, Prev Close: 629.0999755859375, Change: -0.07%
2025-04-24 10:18:12,026 - INFO - Yahoo data for TATASTEEL.NS: Current: 141.35000610351562, Prev Close: 141.16000366210938, Change: 0.13%
2025-04-24 10:18:12,048 - INFO - Yahoo data for JSL.NS: Current: 574.25, Prev Close: 575.4000244140625, Change: -0.20%
2025-04-24 10:18:12,174 - INFO - Yahoo data for NMDC.NS: Current: 68.23999786376953, Prev Close: 68.11000061035156, Change: 0.19%
2025-04-24 10:18:12,177 - INFO - Yahoo data for VEDL.NS: Current: 423.54998779296875, Prev Close: 418.20001220703125, Change: 1.28%
2025-04-24 10:18:12,254 - INFO - Yahoo data for JSWSTEEL.NS: Current: 1043.4000244140625, Prev Close: 1039.199951171875, Change: 0.40%
2025-04-24 10:18:12,257 - INFO - Yahoo data for APLAPOLLO.NS: Current: 1628.699951171875, Prev Close: 1623.800048828125, Change: 0.30%
2025-04-24 10:18:12,326 - INFO - Yahoo data for ADANIENT.NS: Current: 2437.89990234375, Prev Close: 2453.60009765625, Change: -0.64%
2025-04-24 10:18:12,328 - INFO - Yahoo data for COALINDIA.NS: Current: 399.1499938964844, Prev Close: 398.95001220703125, Change: 0.05%
2025-04-24 10:18:12,366 - INFO - Yahoo data for TITAN.NS: Current: 3375.199951171875, Prev Close: 3357.300048828125, Change: 0.53%
2025-04-24 10:18:12,370 - INFO - Yahoo data for JINDALSTEL.NS: Current: 908.2999877929688, Prev Close: 919.0499877929688, Change: -1.17%
2025-04-24 10:18:12,373 - INFO - Yahoo data for CROMPTON.NS: Current: 340.1000061035156, Prev Close: 343.79998779296875, Change: -1.08%
2025-04-24 10:18:12,376 - INFO - Yahoo data for BATAINDIA.NS: Current: 1226.0999755859375, Prev Close: 1231.800048828125, Change: -0.46%
2025-04-24 10:18:12,385 - INFO - Yahoo data for HINDCOPPER.NS: Current: 224.5, Prev Close: 225.32000732421875, Change: -0.36%
2025-04-24 10:18:12,426 - INFO - Yahoo data for DIXON.NS: Current: 16634.0, Prev Close: 16607.0, Change: 0.16%
2025-04-24 10:18:12,438 - INFO - Yahoo data for TIINDIA.NS: Current: 2658.300048828125, Prev Close: 2673.0, Change: -0.55%
2025-04-24 10:18:12,441 - INFO - Yahoo data for HAVELLS.NS: Current: 1597.699951171875, Prev Close: 1612.0, Change: -0.89%
2025-04-24 10:18:12,466 - INFO - Yahoo data for VOLTAS.NS: Current: 1277.4000244140625, Prev Close: 1299.0, Change: -1.66%
2025-04-24 10:18:14,470 - INFO - Processing batch 2 with 20 tickers
2025-04-24 10:18:14,817 - INFO - Yahoo data for MOTHERSON.NS: Current: 135.8699951171875, Prev Close: 135.72999572753906, Change: 0.10%
2025-04-24 10:18:14,910 - INFO - Yahoo data for TVSMOTOR.NS: Current: 2766.5, Prev Close: 2806.699951171875, Change: -1.43%
2025-04-24 10:18:14,962 - INFO - Yahoo data for HEROMOTOCO.NS: Current: 3940.800048828125, Prev Close: 3940.5, Change: 0.01%
2025-04-24 10:18:14,998 - ERROR - Network error accessing Yahoo Finance for BAJAJAUTO.NS: HTTP Error 404: Not Found
2025-04-24 10:18:15,019 - INFO - Yahoo data for TATAMOTORS.NS: Current: 667.0, Prev Close: 659.9000244140625, Change: 1.08%
2025-04-24 10:18:15,039 - INFO - Yahoo data for BOSCHLTD.NS: Current: 28390.0, Prev Close: 28415.0, Change: -0.09%
2025-04-24 10:18:15,041 - INFO - Yahoo data for ASHOKLEY.NS: Current: 230.57000732421875, Prev Close: 230.67999267578125, Change: -0.05%
2025-04-24 10:18:15,050 - INFO - Yahoo data for BHARATFORG.NS: Current: 1109.699951171875, Prev Close: 1135.5, Change: -2.27%
2025-04-24 10:18:15,067 - INFO - Yahoo data for MARUTI.NS: Current: 11916.0, Prev Close: 11907.0, Change: 0.08%
2025-04-24 10:18:15,070 - INFO - Yahoo data for MRF.NS: Current: 129030.0, Prev Close: 127980.0, Change: 0.82%
2025-04-24 10:18:15,072 - INFO - Yahoo data for EXIDEIND.NS: Current: 383.0, Prev Close: 380.79998779296875, Change: 0.58%
2025-04-24 10:18:15,130 - INFO - Yahoo data for EICHERMOT.NS: Current: 5647.5, Prev Close: 5740.0, Change: -1.61%
2025-04-24 10:18:15,251 - INFO - Yahoo data for BALKRISIND.NS: Current: 2568.0, Prev Close: 2577.0, Change: -0.35%
2025-04-24 10:18:15,299 - INFO - Yahoo data for SONACOMS.NS: Current: 469.6000061035156, Prev Close: 478.45001220703125, Change: -1.85%
2025-04-24 10:18:15,305 - INFO - Yahoo data for ABBOTINDIA.NS: Current: 30090.0, Prev Close: 30470.0, Change: -1.25%
2025-04-24 10:18:15,354 - INFO - Yahoo data for ALKEM.NS: Current: 5177.2998046875, Prev Close: 5233.0, Change: -1.06%
2025-04-24 10:18:15,361 - INFO - Yahoo data for M&M.NS: Current: 2890.199951171875, Prev Close: 2917.800048828125, Change: -0.95%
2025-04-24 10:18:15,373 - INFO - Yahoo data for DIVISLAB.NS: Current: 6205.0, Prev Close: 5924.5, Change: 4.73%
2025-04-24 10:18:15,380 - INFO - Yahoo data for LALPATHLAB.NS: Current: 2787.0, Prev Close: 2768.199951171875, Change: 0.68%
2025-04-24 10:18:15,383 - INFO - Yahoo data for APOLLOHOSP.NS: Current: 7131.5, Prev Close: 7142.0, Change: -0.15%
2025-04-24 10:18:17,403 - INFO - Processing batch 3 with 20 tickers
2025-04-24 10:18:17,734 - INFO - Yahoo data for DRREDDY.NS: Current: 1192.5999755859375, Prev Close: 1186.0, Change: 0.56%
2025-04-24 10:18:17,759 - INFO - Yahoo data for GLENMARK.NS: Current: 1422.300048828125, Prev Close: 1412.5, Change: 0.69%
2025-04-24 10:18:17,780 - INFO - Yahoo data for IPCALAB.NS: Current: 1445.0999755859375, Prev Close: 1470.9000244140625, Change: -1.75%
2025-04-24 10:18:17,796 - INFO - Yahoo data for AUROPHARMA.NS: Current: 1257.0999755859375, Prev Close: 1246.800048828125, Change: 0.83%
2025-04-24 10:18:17,832 - INFO - Yahoo data for SUNPHARMA.NS: Current: 1800.800048828125, Prev Close: 1788.800048828125, Change: 0.67%
2025-04-24 10:18:17,947 - INFO - Yahoo data for LUPIN.NS: Current: 2102.300048828125, Prev Close: 2089.5, Change: 0.61%
2025-04-24 10:18:18,019 - INFO - Yahoo data for MAXHEALTH.NS: Current: 1110.5, Prev Close: 1129.5999755859375, Change: -1.69%
2025-04-24 10:18:18,051 - INFO - Yahoo data for GRANULES.NS: Current: 480.0, Prev Close: 484.95001220703125, Change: -1.02%
2025-04-24 10:18:18,099 - INFO - Yahoo data for CIPLA.NS: Current: 1543.800048828125, Prev Close: 1533.699951171875, Change: 0.66%
2025-04-24 10:18:18,101 - INFO - Yahoo data for TORNTPHARM.NS: Current: 3318.89990234375, Prev Close: 3332.39990234375, Change: -0.41%
2025-04-24 10:18:18,103 - INFO - Yahoo data for LAURUSLABS.NS: Current: 639.25, Prev Close: 650.7000122070312, Change: -1.76%
2025-04-24 10:18:18,140 - INFO - Yahoo data for BIOCON.NS: Current: 327.29998779296875, Prev Close: 335.70001220703125, Change: -2.50%
2025-04-24 10:18:18,180 - INFO - Yahoo data for ZYDUSLIFE.NS: Current: 877.1500244140625, Prev Close: 868.0, Change: 1.05%
2025-04-24 10:18:18,182 - INFO - Yahoo data for METROPOLIS.NS: Current: 1763.800048828125, Prev Close: 1749.699951171875, Change: 0.81%
2025-04-24 10:18:18,185 - INFO - Yahoo data for SYNGENE.NS: Current: 651.9000244140625, Prev Close: 749.1500244140625, Change: -12.98%
2025-04-24 10:18:18,188 - INFO - Yahoo data for COLPAL.NS: Current: 2729.60009765625, Prev Close: 2688.60009765625, Change: 1.52%
2025-04-24 10:18:18,240 - INFO - Yahoo data for GODREJCP.NS: Current: 1264.300048828125, Prev Close: 1268.5, Change: -0.33%
2025-04-24 10:18:18,243 - INFO - Yahoo data for UNITDSPR.NS: Current: 1565.0, Prev Close: 1580.4000244140625, Change: -0.97%
2025-04-24 10:18:18,247 - INFO - Yahoo data for UBL.NS: Current: 2183.60009765625, Prev Close: 2238.89990234375, Change: -2.47%
2025-04-24 10:18:18,280 - INFO - Yahoo data for DABUR.NS: Current: 490.6499938964844, Prev Close: 486.20001220703125, Change: 0.92%
2025-04-24 10:18:20,286 - INFO - Processing batch 4 with 20 tickers
2025-04-24 10:18:20,617 - INFO - Yahoo data for VBL.NS: Current: 532.5999755859375, Prev Close: 549.1500244140625, Change: -3.01%
2025-04-24 10:18:20,651 - INFO - Yahoo data for MARICO.NS: Current: 713.9000244140625, Prev Close: 716.5499877929688, Change: -0.37%
2025-04-24 10:18:20,669 - INFO - Yahoo data for ITC.NS: Current: 430.8500061035156, Prev Close: 430.8500061035156, Change: 0.00%
2025-04-24 10:18:20,708 - INFO - Yahoo data for TATACONSUM.NS: Current: 1159.300048828125, Prev Close: 1150.0999755859375, Change: 0.80%
2025-04-24 10:18:20,709 - INFO - Yahoo data for NESTLEIND.NS: Current: 2426.0, Prev Close: 2433.39990234375, Change: -0.30%
2025-04-24 10:18:20,851 - INFO - Yahoo data for HINDUNILVR.NS: Current: 2329.89990234375, Prev Close: 2423.800048828125, Change: -3.87%
2025-04-24 10:18:20,883 - INFO - Yahoo data for BRITANNIA.NS: Current: 5465.39990234375, Prev Close: 5544.2998046875, Change: -1.42%
2025-04-24 10:18:20,925 - INFO - Yahoo data for RELIANCE.NS: Current: 1298.300048828125, Prev Close: 1300.0, Change: -0.13%
2025-04-24 10:18:21,001 - INFO - Yahoo data for ADANIGREEN.NS: Current: 965.5999755859375, Prev Close: 952.5, Change: 1.38%
2025-04-24 10:18:21,003 - INFO - Yahoo data for BPCL.NS: Current: 302.70001220703125, Prev Close: 300.45001220703125, Change: 0.75%
2025-04-24 10:18:21,072 - INFO - Yahoo data for TATAPOWER.NS: Current: 395.8500061035156, Prev Close: 394.45001220703125, Change: 0.35%
2025-04-24 10:18:21,120 - INFO - Yahoo data for ADANIENSOL.NS: Current: 946.2000122070312, Prev Close: 938.7999877929688, Change: 0.79%
2025-04-24 10:18:21,127 - INFO - Yahoo data for POWERGRID.NS: Current: 314.1000061035156, Prev Close: 314.95001220703125, Change: -0.27%
2025-04-24 10:18:21,132 - INFO - Yahoo data for NTPC.NS: Current: 362.5, Prev Close: 363.79998779296875, Change: -0.36%
2025-04-24 10:18:21,135 - INFO - Yahoo data for JIOFIN.NS: Current: 258.3299865722656, Prev Close: 258.1400146484375, Change: 0.07%
2025-04-24 10:18:21,151 - INFO - Yahoo data for OIL.NS: Current: 402.1000061035156, Prev Close: 406.8500061035156, Change: -1.17%
2025-04-24 10:18:21,153 - INFO - Yahoo data for ONGC.NS: Current: 248.36000061035156, Prev Close: 252.1699981689453, Change: -1.51%
2025-04-24 10:18:21,162 - INFO - Yahoo data for GAIL.NS: Current: 193.33999633789062, Prev Close: 193.5, Change: -0.08%
2025-04-24 10:18:21,176 - INFO - Yahoo data for IOC.NS: Current: 138.41000366210938, Prev Close: 137.64999389648438, Change: 0.55%
2025-04-24 10:18:21,223 - INFO - Yahoo data for HINDPETRO.NS: Current: 390.29998779296875, Prev Close: 388.79998779296875, Change: 0.39%
2025-04-24 10:18:23,239 - INFO - Processing batch 5 with 20 tickers
2025-04-24 10:18:23,486 - INFO - Yahoo data for ATGL.NS: Current: 622.4000244140625, Prev Close: 626.5, Change: -0.65%
2025-04-24 10:18:23,510 - INFO - Yahoo data for IGL.NS: Current: 185.3000030517578, Prev Close: 185.50999450683594, Change: -0.11%
2025-04-24 10:18:23,560 - INFO - Yahoo data for PETRONET.NS: Current: 311.3500061035156, Prev Close: 315.45001220703125, Change: -1.30%
2025-04-24 10:18:23,595 - INFO - Yahoo data for GUJGASLTD.NS: Current: 458.45001220703125, Prev Close: 451.3500061035156, Change: 1.57%
2025-04-24 10:18:23,636 - INFO - Yahoo data for MGL.NS: Current: 1330.0, Prev Close: 1323.0999755859375, Change: 0.52%
2025-04-24 10:18:23,707 - INFO - Yahoo data for COFORGE.NS: Current: 7295.0, Prev Close: 7392.0, Change: -1.31%
2025-04-24 10:18:23,750 - INFO - Yahoo data for LTTS.NS: Current: 4485.0, Prev Close: 4451.39990234375, Change: 0.75%
2025-04-24 10:18:23,828 - INFO - Yahoo data for PERSISTENT.NS: Current: 5179.5, Prev Close: 5163.5, Change: 0.31%
2025-04-24 10:18:23,830 - INFO - Yahoo data for TCS.NS: Current: 3394.10009765625, Prev Close: 3413.0, Change: -0.55%
2025-04-24 10:18:23,905 - INFO - Yahoo data for LTIM.NS: Current: 4516.0, Prev Close: 4536.7001953125, Change: -0.46%
2025-04-24 10:18:23,927 - INFO - Yahoo data for MPHASIS.NS: Current: 2460.5, Prev Close: 2507.300048828125, Change: -1.87%
2025-04-24 10:18:23,984 - INFO - Yahoo data for WIPRO.NS: Current: 242.1999969482422, Prev Close: 243.60000610351562, Change: -0.57%
2025-04-24 10:18:23,986 - INFO - Yahoo data for TECHM.NS: Current: 1440.800048828125, Prev Close: 1439.5999755859375, Change: 0.08%
2025-04-24 10:18:23,989 - INFO - Yahoo data for HCLTECH.NS: Current: 1580.199951171875, Prev Close: 1594.0, Change: -0.87%
2025-04-24 10:18:23,993 - INFO - Yahoo data for BSOFT.NS: Current: 396.25, Prev Close: 399.6499938964844, Change: -0.85%
2025-04-24 10:18:24,037 - INFO - Yahoo data for PVRINOX.NS: Current: 1011.4500122070312, Prev Close: 982.5499877929688, Change: 2.94%
2025-04-24 10:18:24,043 - INFO - Yahoo data for SUNTV.NS: Current: 657.0999755859375, Prev Close: 656.4500122070312, Change: 0.10%
2025-04-24 10:18:24,047 - INFO - Yahoo data for NAZARA.NS: Current: 1021.5, Prev Close: 1006.9500122070312, Change: 1.44%
2025-04-24 10:18:24,051 - INFO - Yahoo data for NETWORK18.NS: Current: 46.20000076293945, Prev Close: 45.869998931884766, Change: 0.72%
2025-04-24 10:18:24,076 - INFO - Yahoo data for INFY.NS: Current: 1468.5, Prev Close: 1474.9000244140625, Change: -0.43%
2025-04-24 10:18:26,090 - INFO - Processing batch 6 with 20 tickers
2025-04-24 10:18:26,485 - INFO - Yahoo data for DISHTV.NS: Current: 5.400000095367432, Prev Close: 5.389999866485596, Change: 0.19%
2025-04-24 10:18:26,486 - INFO - Yahoo data for SAREGAMA.NS: Current: 546.7999877929688, Prev Close: 565.5499877929688, Change: -3.32%
2025-04-24 10:18:26,561 - INFO - Yahoo data for ZEEL.NS: Current: 114.22000122070312, Prev Close: 114.58999633789062, Change: -0.32%
2025-04-24 10:18:26,564 - INFO - Yahoo data for HATHWAY.NS: Current: 14.8100004196167, Prev Close: 14.729999542236328, Change: 0.54%
2025-04-24 10:18:26,675 - INFO - Yahoo data for BANKINDIA.NS: Current: 118.66999816894531, Prev Close: 117.77999877929688, Change: 0.76%
2025-04-24 10:18:26,677 - INFO - Yahoo data for CANBK.NS: Current: 99.7300033569336, Prev Close: 99.44999694824219, Change: 0.28%
2025-04-24 10:18:26,679 - INFO - Yahoo data for SBIN.NS: Current: 815.7000122070312, Prev Close: 813.4500122070312, Change: 0.28%
2025-04-24 10:18:26,758 - INFO - Yahoo data for UNIONBANK.NS: Current: 128.49000549316406, Prev Close: 129.3000030517578, Change: -0.63%
2025-04-24 10:18:26,761 - INFO - Yahoo data for PNB.NS: Current: 103.06999969482422, Prev Close: 103.01000213623047, Change: 0.06%
2025-04-24 10:18:26,763 - INFO - Yahoo data for BANKBARODA.NS: Current: 252.7899932861328, Prev Close: 251.47000122070312, Change: 0.52%
2025-04-24 10:18:26,844 - INFO - Yahoo data for HDFCBANK.NS: Current: 1920.800048828125, Prev Close: 1923.9000244140625, Change: -0.16%
2025-04-24 10:18:26,880 - INFO - Yahoo data for KOTAKBANK.NS: Current: 2230.300048828125, Prev Close: 2227.0, Change: 0.15%
2025-04-24 10:18:26,901 - INFO - Yahoo data for INDIANB.NS: Current: 574.9000244140625, Prev Close: 582.0999755859375, Change: -1.24%
2025-04-24 10:18:26,922 - INFO - Yahoo data for CUB.NS: Current: 182.0, Prev Close: 176.88999938964844, Change: 2.89%
2025-04-24 10:18:26,932 - INFO - Yahoo data for BANDHANBNK.NS: Current: 171.3300018310547, Prev Close: 170.58999633789062, Change: 0.43%
2025-04-24 10:18:26,970 - INFO - Yahoo data for IDFCFIRSTB.NS: Current: 67.69000244140625, Prev Close: 68.44999694824219, Change: -1.11%
2025-04-24 10:18:26,982 - INFO - Yahoo data for RBLBANK.NS: Current: 197.92999267578125, Prev Close: 191.6699981689453, Change: 3.27%
2025-04-24 10:18:27,005 - INFO - Yahoo data for FEDERALBNK.NS: Current: 202.2899932861328, Prev Close: 199.77000427246094, Change: 1.26%
2025-04-24 10:18:27,009 - INFO - Yahoo data for AXISBANK.NS: Current: 1211.5999755859375, Prev Close: 1206.9000244140625, Change: 0.39%
2025-04-24 10:18:27,022 - INFO - Yahoo data for ICICIBANK.NS: Current: 1407.0, Prev Close: 1424.4000244140625, Change: -1.22%
2025-04-24 10:18:29,037 - INFO - Processing batch 7 with 20 tickers
2025-04-24 10:18:29,385 - INFO - Yahoo data for INDUSINDBK.NS: Current: 826.1500244140625, Prev Close: 794.2000122070312, Change: 4.02%
2025-04-24 10:18:29,445 - INFO - Yahoo data for SBILIFE.NS: Current: 1612.699951171875, Prev Close: 1615.5, Change: -0.17%
2025-04-24 10:18:29,480 - INFO - Yahoo data for IEX.NS: Current: 191.86000061035156, Prev Close: 191.3300018310547, Change: 0.28%
2025-04-24 10:18:29,495 - INFO - Yahoo data for ICICIGI.NS: Current: 1884.5, Prev Close: 1880.0, Change: 0.24%
2025-04-24 10:18:29,497 - INFO - Yahoo data for PEL.NS: Current: 1017.6500244140625, Prev Close: 1021.5, Change: -0.38%
2025-04-24 10:18:29,556 - INFO - Yahoo data for PFC.NS: Current: 434.25, Prev Close: 433.1000061035156, Change: 0.27%
2025-04-24 10:18:29,597 - INFO - Yahoo data for M&MFIN.NS: Current: 268.5, Prev Close: 269.8999938964844, Change: -0.52%
2025-04-24 10:18:29,636 - INFO - Yahoo data for HDFCLIFE.NS: Current: 707.4000244140625, Prev Close: 709.0999755859375, Change: -0.24%
2025-04-24 10:18:29,638 - INFO - Yahoo data for RECLTD.NS: Current: 441.20001220703125, Prev Close: 440.79998779296875, Change: 0.09%
2025-04-24 10:18:29,694 - INFO - Yahoo data for ICICIPRULI.NS: Current: 603.2999877929688, Prev Close: 607.0, Change: -0.61%
2025-04-24 10:18:29,815 - INFO - Yahoo data for BAJFINANCE.NS: Current: 9289.0, Prev Close: 9323.0, Change: -0.36%
2025-04-24 10:18:29,824 - INFO - Yahoo data for MUTHOOTFIN.NS: Current: 2148.800048828125, Prev Close: 2191.39990234375, Change: -1.94%
2025-04-24 10:18:29,856 - INFO - Yahoo data for BAJAJFINSV.NS: Current: 2096.0, Prev Close: 2100.800048828125, Change: -0.23%
2025-04-24 10:18:29,858 - INFO - Yahoo data for HDFCAMC.NS: Current: 4560.0, Prev Close: 4559.5, Change: 0.01%
2025-04-24 10:18:29,889 - INFO - Yahoo data for CHOLAFIN.NS: Current: 1542.0999755859375, Prev Close: 1566.800048828125, Change: -1.58%
2025-04-24 10:18:29,926 - INFO - Yahoo data for LODHA.NS: Current: 1319.0, Prev Close: 1366.4000244140625, Change: -3.47%
2025-04-24 10:18:29,939 - INFO - Yahoo data for GODREJPROP.NS: Current: 2149.199951171875, Prev Close: 2152.39990234375, Change: -0.15%
2025-04-24 10:18:29,944 - INFO - Yahoo data for OBEROIRLTY.NS: Current: 1669.0, Prev Close: 1706.0, Change: -2.17%
2025-04-24 10:18:29,958 - INFO - Yahoo data for PRESTIGE.NS: Current: 1286.0999755859375, Prev Close: 1323.800048828125, Change: -2.85%
2025-04-24 10:18:29,964 - INFO - Yahoo data for DLF.NS: Current: 679.4000244140625, Prev Close: 687.7000122070312, Change: -1.21%
2025-04-24 10:18:31,984 - INFO - Processing batch 8 with 1 tickers
2025-04-24 10:18:32,142 - INFO - Yahoo data for HUDCO.NS: Current: 231.19000244140625, Prev Close: 231.4499969482422, Change: -0.11%
2025-04-24 10:18:32,142 - INFO - Sector Metal: 13 stocks
2025-04-24 10:18:32,143 - INFO - Sector Consumer Durables: 7 stocks
2025-04-24 10:18:32,143 - INFO - Sector Auto: 14 stocks
2025-04-24 10:18:32,143 - INFO - Sector Pharma: 20 stocks
2025-04-24 10:18:32,143 - INFO - Sector FMCG: 12 stocks
2025-04-24 10:18:32,144 - INFO - Sector Oil & Gas: 18 stocks
2025-04-24 10:18:32,144 - INFO - Sector IT: 11 stocks
2025-04-24 10:18:32,144 - INFO - Sector Media: 8 stocks
2025-04-24 10:18:32,144 - INFO - Sector Bank: 17 stocks
2025-04-24 10:18:32,145 - INFO - Sector Financial Services: 14 stocks
2025-04-24 10:18:32,145 - INFO - Sector Realty: 6 stocks
2025-04-24 10:18:32,145 - INFO - Got market data for 140 stocks in 11 sectors
2025-04-24 10:18:32,145 - INFO - Calculating sector performance
2025-04-24 10:18:32,240 - INFO - Saved sector performance to sector.csv
2025-04-24 10:18:32,240 - INFO - Current sector performance summary:
2025-04-24 10:18:32,241 - INFO -   Media: +0.75% (Adv/Dec: 6/2)
2025-04-24 10:18:32,241 - INFO -   Auto: +0.44% (Adv/Dec: 6/8)
2025-04-24 10:18:32,242 - INFO -   Bank: +0.29% (Adv/Dec: 12/5)
2025-04-24 10:18:32,243 - INFO -   Oil & Gas: +0.22% (Adv/Dec: 9/9)
2025-04-24 10:18:32,243 - INFO -   Consumer Durables: -0.06% (Adv/Dec: 2/5)
2025-04-24 10:18:32,244 - INFO -   Metal: -0.14% (Adv/Dec: 7/6)
2025-04-24 10:18:32,244 - INFO -   Pharma: -0.34% (Adv/Dec: 10/10)
2025-04-24 10:18:32,245 - INFO -   Financial Services: -0.42% (Adv/Dec: 5/9)
2025-04-24 10:18:32,245 - INFO -   IT: -0.48% (Adv/Dec: 3/8)
2025-04-24 10:18:32,246 - INFO -   FMCG: -1.02% (Adv/Dec: 3/8)
2025-04-24 10:18:32,247 - INFO -   Realty: -1.79% (Adv/Dec: 0/6)
2025-04-24 10:18:32,256 - INFO - Top performing sectors:
2025-04-24 10:18:32,256 - INFO -   Media: 0.75%
2025-04-24 10:18:32,257 - INFO -   Auto: 0.44%
2025-04-24 10:18:32,257 - INFO -   Bank: 0.29%
2025-04-24 10:18:32,257 - INFO - Bottom performing sectors:
2025-04-24 10:18:32,257 - INFO -   IT: -0.48%
2025-04-24 10:18:32,257 - INFO -   FMCG: -1.02%
2025-04-24 10:18:32,257 - INFO -   Realty: -1.79%
2025-04-24 10:18:32,258 - INFO - Buy signals for 40 stocks in top sectors
2025-04-24 10:18:32,258 - INFO - Sell signals for 29 stocks in bottom sectors
2025-04-24 10:18:32,258 - INFO - Sector performance analysis completed in 20.63 seconds
2025-04-24 10:18:32,259 - INFO - Buy signals: 40, Sell signals: 29
2025-04-24 10:18:32,259 - INFO - Sample buy stocks: ['MOTHERSON.NS', 'TVSMOTOR.NS', 'TATAMOTORS.NS', 'HEROMOTOCO.NS', 'EXIDEIND.NS']
2025-04-24 10:18:32,259 - INFO - Sample sell stocks: ['COLPAL.NS', 'GODREJCP.NS', 'UBL.NS', 'UNITDSPR.NS', 'DABUR.NS']
2025-04-24 10:18:32,259 - INFO - Waiting 180 seconds for next refresh...
2025-04-24 10:21:32,274 - INFO - Collecting sector data from Yahoo Finance...
2025-04-24 10:21:32,277 - INFO - Getting market data from Yahoo Finance for 141 stocks grouped by sector
2025-04-24 10:21:32,278 - INFO - Processing batch 1 with 20 tickers
2025-04-24 10:21:32,606 - INFO - Yahoo data for NATIONALUM.NS: Current: 161.80999755859375, Prev Close: 162.07000732421875, Change: -0.16%
2025-04-24 10:21:32,685 - INFO - Yahoo data for HINDALCO.NS: Current: 629.0, Prev Close: 629.0999755859375, Change: -0.02%
2025-04-24 10:21:32,990 - INFO - Yahoo data for SAIL.NS: Current: 118.05999755859375, Prev Close: 116.76000213623047, Change: 1.11%
2025-04-24 10:21:33,008 - INFO - Yahoo data for JSL.NS: Current: 573.6500244140625, Prev Close: 575.4000244140625, Change: -0.30%
2025-04-24 10:21:33,104 - INFO - Yahoo data for VEDL.NS: Current: 421.79998779296875, Prev Close: 418.20001220703125, Change: 0.86%
2025-04-24 10:21:33,127 - INFO - Yahoo data for TATASTEEL.NS: Current: 141.24000549316406, Prev Close: 141.16000366210938, Change: 0.06%
2025-04-24 10:21:33,171 - INFO - Yahoo data for NMDC.NS: Current: 68.19000244140625, Prev Close: 68.11000061035156, Change: 0.12%
2025-04-24 10:21:33,218 - INFO - Yahoo data for APLAPOLLO.NS: Current: 1631.199951171875, Prev Close: 1623.800048828125, Change: 0.46%
2025-04-24 10:21:33,331 - INFO - Yahoo data for ADANIENT.NS: Current: 2439.0, Prev Close: 2453.60009765625, Change: -0.60%
2025-04-24 10:21:33,333 - INFO - Yahoo data for COALINDIA.NS: Current: 399.3999938964844, Prev Close: 398.95001220703125, Change: 0.11%
2025-04-24 10:21:33,354 - INFO - Yahoo data for JINDALSTEL.NS: Current: 906.7000122070312, Prev Close: 919.0499877929688, Change: -1.34%
2025-04-24 10:21:33,380 - INFO - Yahoo data for HINDCOPPER.NS: Current: 224.19000244140625, Prev Close: 225.32000732421875, Change: -0.50%
2025-04-24 10:21:33,383 - INFO - Yahoo data for JSWSTEEL.NS: Current: 1043.0, Prev Close: 1039.199951171875, Change: 0.37%
2025-04-24 10:21:33,493 - INFO - Yahoo data for BATAINDIA.NS: Current: 1225.9000244140625, Prev Close: 1231.800048828125, Change: -0.48%
2025-04-24 10:21:33,525 - INFO - Yahoo data for TITAN.NS: Current: 3375.0, Prev Close: 3357.300048828125, Change: 0.53%
2025-04-24 10:21:33,529 - INFO - Yahoo data for CROMPTON.NS: Current: 340.25, Prev Close: 343.79998779296875, Change: -1.03%
2025-04-24 10:21:33,538 - INFO - Yahoo data for HAVELLS.NS: Current: 1597.800048828125, Prev Close: 1612.0, Change: -0.88%
2025-04-24 10:21:33,572 - INFO - Yahoo data for TIINDIA.NS: Current: 2659.60009765625, Prev Close: 2673.0, Change: -0.50%
2025-04-24 10:21:33,583 - INFO - Yahoo data for VOLTAS.NS: Current: 1276.699951171875, Prev Close: 1299.0, Change: -1.72%
2025-04-24 10:21:33,588 - INFO - Yahoo data for DIXON.NS: Current: 16637.0, Prev Close: 16607.0, Change: 0.18%
2025-04-24 10:21:35,603 - INFO - Processing batch 2 with 20 tickers
2025-04-24 10:21:35,876 - INFO - Yahoo data for TVSMOTOR.NS: Current: 2764.699951171875, Prev Close: 2806.699951171875, Change: -1.50%
2025-04-24 10:21:35,900 - INFO - Yahoo data for MOTHERSON.NS: Current: 135.72999572753906, Prev Close: 135.72999572753906, Change: 0.00%
2025-04-24 10:21:35,965 - INFO - Yahoo data for TATAMOTORS.NS: Current: 667.0, Prev Close: 659.9000244140625, Change: 1.08%
2025-04-24 10:21:36,036 - INFO - Yahoo data for EXIDEIND.NS: Current: 383.20001220703125, Prev Close: 380.79998779296875, Change: 0.63%
2025-04-24 10:21:36,099 - INFO - Yahoo data for HEROMOTOCO.NS: Current: 3942.199951171875, Prev Close: 3940.5, Change: 0.04%
2025-04-24 10:21:36,123 - INFO - Yahoo data for MARUTI.NS: Current: 11911.0, Prev Close: 11907.0, Change: 0.03%
2025-04-24 10:21:36,281 - ERROR - Network error accessing Yahoo Finance for BAJAJAUTO.NS: HTTP Error 404: Not Found
2025-04-24 10:21:36,284 - INFO - Yahoo data for BHARATFORG.NS: Current: 1109.5999755859375, Prev Close: 1135.5, Change: -2.28%
2025-04-24 10:21:36,287 - INFO - Yahoo data for BOSCHLTD.NS: Current: 28390.0, Prev Close: 28415.0, Change: -0.09%
2025-04-24 10:21:36,336 - INFO - Yahoo data for EICHERMOT.NS: Current: 5644.0, Prev Close: 5740.0, Change: -1.67%
2025-04-24 10:21:36,446 - INFO - Yahoo data for ASHOKLEY.NS: Current: 230.5, Prev Close: 230.67999267578125, Change: -0.08%
2025-04-24 10:21:36,462 - INFO - Yahoo data for M&M.NS: Current: 2891.39990234375, Prev Close: 2917.800048828125, Change: -0.90%
2025-04-24 10:21:36,464 - INFO - Yahoo data for SONACOMS.NS: Current: 469.8500061035156, Prev Close: 478.45001220703125, Change: -1.80%
2025-04-24 10:21:36,466 - INFO - Yahoo data for MRF.NS: Current: 129165.0, Prev Close: 127980.0, Change: 0.93%
2025-04-24 10:21:36,470 - INFO - Yahoo data for BALKRISIND.NS: Current: 2570.89990234375, Prev Close: 2577.0, Change: -0.24%
2025-04-24 10:21:36,521 - INFO - Yahoo data for ABBOTINDIA.NS: Current: 30090.0, Prev Close: 30470.0, Change: -1.25%
2025-04-24 10:21:36,541 - INFO - Yahoo data for DIVISLAB.NS: Current: 6205.5, Prev Close: 5924.5, Change: 4.74%
2025-04-24 10:21:36,543 - INFO - Yahoo data for LALPATHLAB.NS: Current: 2771.60009765625, Prev Close: 2768.199951171875, Change: 0.12%
2025-04-24 10:21:36,546 - INFO - Yahoo data for ALKEM.NS: Current: 5179.2998046875, Prev Close: 5233.0, Change: -1.03%
2025-04-24 10:21:36,562 - INFO - Yahoo data for APOLLOHOSP.NS: Current: 7137.0, Prev Close: 7142.0, Change: -0.07%
2025-04-24 10:21:38,579 - INFO - Processing batch 3 with 20 tickers
2025-04-24 10:21:38,886 - INFO - Yahoo data for IPCALAB.NS: Current: 1439.800048828125, Prev Close: 1470.9000244140625, Change: -2.11%
2025-04-24 10:21:38,890 - INFO - Yahoo data for GLENMARK.NS: Current: 1422.300048828125, Prev Close: 1412.5, Change: 0.69%
2025-04-24 10:21:38,995 - INFO - Yahoo data for AUROPHARMA.NS: Current: 1256.0, Prev Close: 1246.800048828125, Change: 0.74%
2025-04-24 10:21:38,998 - INFO - Yahoo data for DRREDDY.NS: Current: 1193.800048828125, Prev Close: 1186.0, Change: 0.66%
2025-04-24 10:21:39,000 - INFO - Yahoo data for LUPIN.NS: Current: 2101.39990234375, Prev Close: 2089.5, Change: 0.57%
2025-04-24 10:21:39,002 - INFO - Yahoo data for LAURUSLABS.NS: Current: 640.75, Prev Close: 650.7000122070312, Change: -1.53%
2025-04-24 10:21:39,039 - INFO - Yahoo data for MAXHEALTH.NS: Current: 1110.800048828125, Prev Close: 1129.5999755859375, Change: -1.66%
2025-04-24 10:21:39,060 - INFO - Yahoo data for SUNPHARMA.NS: Current: 1800.800048828125, Prev Close: 1788.800048828125, Change: 0.67%
2025-04-24 10:21:39,142 - INFO - Yahoo data for ZYDUSLIFE.NS: Current: 876.0999755859375, Prev Close: 868.0, Change: 0.93%
2025-04-24 10:21:39,153 - INFO - Yahoo data for TORNTPHARM.NS: Current: 3316.5, Prev Close: 3332.39990234375, Change: -0.48%
2025-04-24 10:21:39,157 - INFO - Yahoo data for BIOCON.NS: Current: 327.25, Prev Close: 335.70001220703125, Change: -2.52%
2025-04-24 10:21:39,232 - INFO - Yahoo data for GRANULES.NS: Current: 477.70001220703125, Prev Close: 484.95001220703125, Change: -1.49%
2025-04-24 10:21:39,240 - INFO - Yahoo data for METROPOLIS.NS: Current: 1764.800048828125, Prev Close: 1749.699951171875, Change: 0.86%
2025-04-24 10:21:39,242 - INFO - Yahoo data for CIPLA.NS: Current: 1543.699951171875, Prev Close: 1533.699951171875, Change: 0.65%
2025-04-24 10:21:39,316 - INFO - Yahoo data for SYNGENE.NS: Current: 651.9500122070312, Prev Close: 749.1500244140625, Change: -12.97%
2025-04-24 10:21:39,379 - INFO - Yahoo data for COLPAL.NS: Current: 2729.300048828125, Prev Close: 2688.60009765625, Change: 1.51%
2025-04-24 10:21:39,385 - INFO - Yahoo data for UBL.NS: Current: 2182.800048828125, Prev Close: 2238.89990234375, Change: -2.51%
2025-04-24 10:21:39,389 - INFO - Yahoo data for UNITDSPR.NS: Current: 1561.0, Prev Close: 1580.4000244140625, Change: -1.23%
2025-04-24 10:21:39,393 - INFO - Yahoo data for GODREJCP.NS: Current: 1261.0, Prev Close: 1268.5, Change: -0.59%
2025-04-24 10:21:39,427 - INFO - Yahoo data for DABUR.NS: Current: 490.3500061035156, Prev Close: 486.20001220703125, Change: 0.85%
2025-04-24 10:21:41,442 - INFO - Processing batch 4 with 20 tickers
2025-04-24 10:21:41,746 - INFO - Yahoo data for MARICO.NS: Current: 713.7000122070312, Prev Close: 716.5499877929688, Change: -0.40%
2025-04-24 10:21:41,787 - INFO - Yahoo data for VBL.NS: Current: 533.0, Prev Close: 549.1500244140625, Change: -2.94%
2025-04-24 10:21:41,891 - INFO - Yahoo data for TATACONSUM.NS: Current: 1158.699951171875, Prev Close: 1150.0999755859375, Change: 0.75%
2025-04-24 10:21:41,897 - INFO - Yahoo data for ITC.NS: Current: 430.3999938964844, Prev Close: 430.8500061035156, Change: -0.10%
2025-04-24 10:21:41,898 - INFO - Yahoo data for NESTLEIND.NS: Current: 2424.60009765625, Prev Close: 2433.39990234375, Change: -0.36%
2025-04-24 10:21:41,902 - INFO - Yahoo data for HINDUNILVR.NS: Current: 2330.0, Prev Close: 2423.800048828125, Change: -3.87%
2025-04-24 10:21:41,977 - INFO - Yahoo data for RELIANCE.NS: Current: 1298.9000244140625, Prev Close: 1300.0, Change: -0.08%
2025-04-24 10:21:41,980 - INFO - Yahoo data for BRITANNIA.NS: Current: 5458.60009765625, Prev Close: 5544.2998046875, Change: -1.55%
2025-04-24 10:21:42,018 - INFO - Yahoo data for ADANIGREEN.NS: Current: 965.0, Prev Close: 952.5, Change: 1.31%
2025-04-24 10:21:42,097 - INFO - Yahoo data for BPCL.NS: Current: 302.54998779296875, Prev Close: 300.45001220703125, Change: 0.70%
2025-04-24 10:21:42,185 - INFO - Yahoo data for TATAPOWER.NS: Current: 396.20001220703125, Prev Close: 394.45001220703125, Change: 0.44%
2025-04-24 10:21:42,186 - INFO - Yahoo data for NTPC.NS: Current: 362.3999938964844, Prev Close: 363.79998779296875, Change: -0.38%
2025-04-24 10:21:42,220 - INFO - Yahoo data for ADANIENSOL.NS: Current: 945.2000122070312, Prev Close: 938.7999877929688, Change: 0.68%
2025-04-24 10:21:42,244 - INFO - Yahoo data for ONGC.NS: Current: 248.25, Prev Close: 252.1699981689453, Change: -1.55%
2025-04-24 10:21:42,273 - INFO - Yahoo data for JIOFIN.NS: Current: 258.3800048828125, Prev Close: 258.1400146484375, Change: 0.09%
2025-04-24 10:21:42,280 - INFO - Yahoo data for POWERGRID.NS: Current: 314.04998779296875, Prev Close: 314.95001220703125, Change: -0.29%
2025-04-24 10:21:42,283 - INFO - Yahoo data for IOC.NS: Current: 138.41000366210938, Prev Close: 137.64999389648438, Change: 0.55%
2025-04-24 10:21:42,292 - INFO - Yahoo data for GAIL.NS: Current: 193.38999938964844, Prev Close: 193.5, Change: -0.06%
2025-04-24 10:21:42,296 - INFO - Yahoo data for OIL.NS: Current: 402.29998779296875, Prev Close: 406.8500061035156, Change: -1.12%
2025-04-24 10:21:42,312 - INFO - Yahoo data for HINDPETRO.NS: Current: 390.3500061035156, Prev Close: 388.79998779296875, Change: 0.40%
2025-04-24 10:21:44,318 - INFO - Processing batch 5 with 20 tickers
2025-04-24 10:21:44,566 - INFO - Yahoo data for IGL.NS: Current: 185.3000030517578, Prev Close: 185.50999450683594, Change: -0.11%
2025-04-24 10:21:44,737 - INFO - Yahoo data for GUJGASLTD.NS: Current: 458.1000061035156, Prev Close: 451.3500061035156, Change: 1.50%
2025-04-24 10:21:44,772 - INFO - Yahoo data for MGL.NS: Current: 1329.0999755859375, Prev Close: 1323.0999755859375, Change: 0.45%
2025-04-24 10:21:44,774 - INFO - Yahoo data for ATGL.NS: Current: 623.0, Prev Close: 626.5, Change: -0.56%
2025-04-24 10:21:44,906 - INFO - Yahoo data for PETRONET.NS: Current: 311.8999938964844, Prev Close: 315.45001220703125, Change: -1.13%
2025-04-24 10:21:44,970 - INFO - Yahoo data for COFORGE.NS: Current: 7291.5, Prev Close: 7392.0, Change: -1.36%
2025-04-24 10:21:45,011 - INFO - Yahoo data for LTTS.NS: Current: 4483.0, Prev Close: 4451.39990234375, Change: 0.71%
2025-04-24 10:21:45,014 - INFO - Yahoo data for LTIM.NS: Current: 4505.5, Prev Close: 4536.7001953125, Change: -0.69%
2025-04-24 10:21:45,016 - INFO - Yahoo data for MPHASIS.NS: Current: 2448.39990234375, Prev Close: 2507.300048828125, Change: -2.35%
2025-04-24 10:21:45,018 - INFO - Yahoo data for PERSISTENT.NS: Current: 5181.0, Prev Close: 5163.5, Change: 0.34%
2025-04-24 10:21:45,056 - INFO - Yahoo data for WIPRO.NS: Current: 242.14999389648438, Prev Close: 243.60000610351562, Change: -0.60%
2025-04-24 10:21:45,057 - INFO - Yahoo data for TCS.NS: Current: 3394.39990234375, Prev Close: 3413.0, Change: -0.54%
2025-04-24 10:21:45,097 - INFO - Yahoo data for BSOFT.NS: Current: 395.95001220703125, Prev Close: 399.6499938964844, Change: -0.93%
2025-04-24 10:21:45,099 - INFO - Yahoo data for HCLTECH.NS: Current: 1579.5, Prev Close: 1594.0, Change: -0.91%
2025-04-24 10:21:45,102 - INFO - Yahoo data for TECHM.NS: Current: 1438.0999755859375, Prev Close: 1439.5999755859375, Change: -0.10%
2025-04-24 10:21:45,227 - INFO - Yahoo data for INFY.NS: Current: 1467.0, Prev Close: 1474.9000244140625, Change: -0.54%
2025-04-24 10:21:45,231 - INFO - Yahoo data for PVRINOX.NS: Current: 1011.5, Prev Close: 982.5499877929688, Change: 2.95%
2025-04-24 10:21:45,235 - INFO - Yahoo data for SUNTV.NS: Current: 657.9500122070312, Prev Close: 656.4500122070312, Change: 0.23%
2025-04-24 10:21:45,240 - INFO - Yahoo data for NAZARA.NS: Current: 1021.7000122070312, Prev Close: 1006.9500122070312, Change: 1.46%
2025-04-24 10:21:45,248 - INFO - Yahoo data for NETWORK18.NS: Current: 46.11000061035156, Prev Close: 45.869998931884766, Change: 0.52%
2025-04-24 10:21:47,251 - INFO - Processing batch 6 with 20 tickers
2025-04-24 10:21:47,524 - INFO - Yahoo data for SAREGAMA.NS: Current: 547.7999877929688, Prev Close: 565.5499877929688, Change: -3.14%
2025-04-24 10:21:47,588 - INFO - Yahoo data for ZEEL.NS: Current: 114.0, Prev Close: 114.58999633789062, Change: -0.51%
2025-04-24 10:21:47,592 - INFO - Yahoo data for DISHTV.NS: Current: 5.389999866485596, Prev Close: 5.389999866485596, Change: 0.00%
2025-04-24 10:21:47,645 - INFO - Yahoo data for HATHWAY.NS: Current: 14.819999694824219, Prev Close: 14.729999542236328, Change: 0.61%
2025-04-24 10:21:47,749 - INFO - Yahoo data for SBIN.NS: Current: 815.5999755859375, Prev Close: 813.4500122070312, Change: 0.26%
2025-04-24 10:21:47,800 - INFO - Yahoo data for CANBK.NS: Current: 99.70999908447266, Prev Close: 99.44999694824219, Change: 0.26%
2025-04-24 10:21:47,923 - INFO - Yahoo data for BANKINDIA.NS: Current: 118.69999694824219, Prev Close: 117.77999877929688, Change: 0.78%
2025-04-24 10:21:47,971 - INFO - Yahoo data for BANKBARODA.NS: Current: 252.5500030517578, Prev Close: 251.47000122070312, Change: 0.43%
2025-04-24 10:21:47,972 - INFO - Yahoo data for UNIONBANK.NS: Current: 128.5, Prev Close: 129.3000030517578, Change: -0.62%
2025-04-24 10:21:47,977 - INFO - Yahoo data for INDIANB.NS: Current: 575.25, Prev Close: 582.0999755859375, Change: -1.18%
2025-04-24 10:21:48,069 - INFO - Yahoo data for PNB.NS: Current: 103.06999969482422, Prev Close: 103.01000213623047, Change: 0.06%
2025-04-24 10:21:48,126 - INFO - Yahoo data for BANDHANBNK.NS: Current: 170.97999572753906, Prev Close: 170.58999633789062, Change: 0.23%
2025-04-24 10:21:48,137 - INFO - Yahoo data for CUB.NS: Current: 181.94000244140625, Prev Close: 176.88999938964844, Change: 2.85%
2025-04-24 10:21:48,167 - INFO - Yahoo data for IDFCFIRSTB.NS: Current: 67.76000213623047, Prev Close: 68.44999694824219, Change: -1.01%
2025-04-24 10:21:48,205 - INFO - Yahoo data for RBLBANK.NS: Current: 197.67999267578125, Prev Close: 191.6699981689453, Change: 3.14%
2025-04-24 10:21:48,206 - INFO - Yahoo data for HDFCBANK.NS: Current: 1920.300048828125, Prev Close: 1923.9000244140625, Change: -0.19%
2025-04-24 10:21:48,209 - INFO - Yahoo data for AXISBANK.NS: Current: 1212.5, Prev Close: 1206.9000244140625, Change: 0.46%
2025-04-24 10:21:48,218 - INFO - Yahoo data for FEDERALBNK.NS: Current: 202.22000122070312, Prev Close: 199.77000427246094, Change: 1.23%
2025-04-24 10:21:48,221 - INFO - Yahoo data for KOTAKBANK.NS: Current: 2228.300048828125, Prev Close: 2227.0, Change: 0.06%
2025-04-24 10:21:48,225 - INFO - Yahoo data for ICICIBANK.NS: Current: 1406.9000244140625, Prev Close: 1424.4000244140625, Change: -1.23%
2025-04-24 10:21:50,228 - INFO - Processing batch 7 with 20 tickers
2025-04-24 10:21:50,608 - INFO - Yahoo data for INDUSINDBK.NS: Current: 824.2999877929688, Prev Close: 794.2000122070312, Change: 3.79%
2025-04-24 10:21:50,612 - INFO - Yahoo data for PEL.NS: Current: 1019.75, Prev Close: 1021.5, Change: -0.17%
2025-04-24 10:21:50,694 - INFO - Yahoo data for IEX.NS: Current: 190.02999877929688, Prev Close: 191.3300018310547, Change: -0.68%
2025-04-24 10:21:50,698 - INFO - Yahoo data for ICICIGI.NS: Current: 1883.300048828125, Prev Close: 1880.0, Change: 0.18%
2025-04-24 10:21:50,700 - INFO - Yahoo data for HDFCLIFE.NS: Current: 707.5, Prev Close: 709.0999755859375, Change: -0.23%
2025-04-24 10:21:50,703 - INFO - Yahoo data for SBILIFE.NS: Current: 1609.5, Prev Close: 1615.5, Change: -0.37%
2025-04-24 10:21:50,762 - INFO - Yahoo data for RECLTD.NS: Current: 440.8500061035156, Prev Close: 440.79998779296875, Change: 0.01%
2025-04-24 10:21:50,797 - INFO - Yahoo data for M&MFIN.NS: Current: 268.5, Prev Close: 269.8999938964844, Change: -0.52%
2025-04-24 10:21:50,840 - INFO - Yahoo data for PFC.NS: Current: 433.5, Prev Close: 433.1000061035156, Change: 0.09%
2025-04-24 10:21:50,866 - INFO - Yahoo data for ICICIPRULI.NS: Current: 602.8499755859375, Prev Close: 607.0, Change: -0.68%
2025-04-24 10:21:50,909 - INFO - Yahoo data for BAJAJFINSV.NS: Current: 2095.300048828125, Prev Close: 2100.800048828125, Change: -0.26%
2025-04-24 10:21:51,005 - INFO - Yahoo data for BAJFINANCE.NS: Current: 9289.5, Prev Close: 9323.0, Change: -0.36%
2025-04-24 10:21:51,008 - INFO - Yahoo data for HDFCAMC.NS: Current: 4553.5, Prev Close: 4559.5, Change: -0.13%
2025-04-24 10:21:51,028 - INFO - Yahoo data for MUTHOOTFIN.NS: Current: 2150.0, Prev Close: 2191.39990234375, Change: -1.89%
2025-04-24 10:21:51,092 - INFO - Yahoo data for CHOLAFIN.NS: Current: 1540.5, Prev Close: 1566.800048828125, Change: -1.68%
2025-04-24 10:21:51,129 - INFO - Yahoo data for LODHA.NS: Current: 1319.0, Prev Close: 1366.4000244140625, Change: -3.47%
2025-04-24 10:21:51,140 - INFO - Yahoo data for GODREJPROP.NS: Current: 2148.89990234375, Prev Close: 2152.39990234375, Change: -0.16%
2025-04-24 10:21:51,167 - INFO - Yahoo data for DLF.NS: Current: 679.5, Prev Close: 687.7000122070312, Change: -1.19%
2025-04-24 10:21:51,171 - INFO - Yahoo data for OBEROIRLTY.NS: Current: 1670.0, Prev Close: 1706.0, Change: -2.11%
2025-04-24 10:21:51,175 - INFO - Yahoo data for PRESTIGE.NS: Current: 1287.800048828125, Prev Close: 1323.800048828125, Change: -2.72%
2025-04-24 10:21:53,180 - INFO - Processing batch 8 with 1 tickers
2025-04-24 10:21:53,335 - INFO - Yahoo data for HUDCO.NS: Current: 230.8800048828125, Prev Close: 231.4499969482422, Change: -0.25%
2025-04-24 10:21:53,336 - INFO - Sector Metal: 13 stocks
2025-04-24 10:21:53,336 - INFO - Sector Consumer Durables: 7 stocks
2025-04-24 10:21:53,337 - INFO - Sector Auto: 14 stocks
2025-04-24 10:21:53,337 - INFO - Sector Pharma: 20 stocks
2025-04-24 10:21:53,337 - INFO - Sector FMCG: 12 stocks
2025-04-24 10:21:53,338 - INFO - Sector Oil & Gas: 18 stocks
2025-04-24 10:21:53,338 - INFO - Sector IT: 11 stocks
2025-04-24 10:21:53,338 - INFO - Sector Media: 8 stocks
2025-04-24 10:21:53,339 - INFO - Sector Bank: 17 stocks
2025-04-24 10:21:53,339 - INFO - Sector Financial Services: 14 stocks
2025-04-24 10:21:53,339 - INFO - Sector Realty: 6 stocks
2025-04-24 10:21:53,340 - INFO - Got market data for 140 stocks in 11 sectors
2025-04-24 10:21:53,340 - INFO - Calculating sector performance
2025-04-24 10:21:53,345 - ERROR - Error saving sector performance: [Errno 13] Permission denied: 'sector.csv'
2025-04-24 10:21:53,350 - INFO - Top performing sectors:
2025-04-24 10:21:53,350 - INFO -   Media: 0.80%
2025-04-24 10:21:53,352 - INFO -   Auto: 0.51%
2025-04-24 10:21:53,353 - INFO -   Bank: 0.25%
2025-04-24 10:21:53,353 - INFO - Bottom performing sectors:
2025-04-24 10:21:53,354 - INFO -   IT: -0.58%
2025-04-24 10:21:53,354 - INFO -   FMCG: -1.10%
2025-04-24 10:21:53,355 - INFO -   Realty: -1.76%
2025-04-24 10:21:53,355 - INFO - Buy signals for 40 stocks in top sectors
2025-04-24 10:21:53,355 - INFO - Sell signals for 29 stocks in bottom sectors
2025-04-24 10:21:53,356 - INFO - Sector performance analysis completed in 21.08 seconds
2025-04-24 10:21:53,356 - INFO - Buy signals: 40, Sell signals: 29
2025-04-24 10:21:53,356 - INFO - Sample buy stocks: ['MOTHERSON.NS', 'TVSMOTOR.NS', 'TATAMOTORS.NS', 'HEROMOTOCO.NS', 'EXIDEIND.NS']
2025-04-24 10:21:53,357 - INFO - Sample sell stocks: ['COLPAL.NS', 'GODREJCP.NS', 'UBL.NS', 'UNITDSPR.NS', 'DABUR.NS']
2025-04-24 10:21:53,358 - INFO - Waiting 180 seconds for next refresh...
2025-04-24 10:24:53,368 - INFO - Collecting sector data from Yahoo Finance...
2025-04-24 10:24:53,370 - INFO - Getting market data from Yahoo Finance for 141 stocks grouped by sector
2025-04-24 10:24:53,371 - INFO - Processing batch 1 with 20 tickers
2025-04-24 10:24:53,693 - INFO - Yahoo data for NATIONALUM.NS: Current: 161.77000427246094, Prev Close: 162.07000732421875, Change: -0.19%
2025-04-24 10:24:53,694 - INFO - Yahoo data for SAIL.NS: Current: 117.87999725341797, Prev Close: 116.76000213623047, Change: 0.96%
2025-04-24 10:24:53,755 - INFO - Yahoo data for TATASTEEL.NS: Current: 141.13999938964844, Prev Close: 141.16000366210938, Change: -0.01%
2025-04-24 10:24:53,755 - INFO - Yahoo data for HINDALCO.NS: Current: 628.1500244140625, Prev Close: 629.0999755859375, Change: -0.15%
2025-04-24 10:24:53,765 - INFO - Yahoo data for VEDL.NS: Current: 420.95001220703125, Prev Close: 418.20001220703125, Change: 0.66%
2025-04-24 10:24:54,040 - INFO - Yahoo data for APLAPOLLO.NS: Current: 1629.300048828125, Prev Close: 1623.800048828125, Change: 0.34%
2025-04-24 10:24:54,044 - INFO - Yahoo data for JSL.NS: Current: 572.5999755859375, Prev Close: 575.4000244140625, Change: -0.49%
2025-04-24 10:24:54,146 - INFO - Yahoo data for NMDC.NS: Current: 68.0999984741211, Prev Close: 68.11000061035156, Change: -0.01%
2025-04-24 10:24:54,297 - INFO - Yahoo data for COALINDIA.NS: Current: 399.3999938964844, Prev Close: 398.95001220703125, Change: 0.11%
2025-04-24 10:24:54,431 - INFO - Yahoo data for JINDALSTEL.NS: Current: 905.2000122070312, Prev Close: 919.0499877929688, Change: -1.51%
2025-04-24 10:24:54,433 - INFO - Yahoo data for JSWSTEEL.NS: Current: 1043.0, Prev Close: 1039.199951171875, Change: 0.37%
2025-04-24 10:24:54,436 - INFO - Yahoo data for HINDCOPPER.NS: Current: 223.9199981689453, Prev Close: 225.32000732421875, Change: -0.62%
2025-04-24 10:24:54,476 - INFO - Yahoo data for BATAINDIA.NS: Current: 1223.4000244140625, Prev Close: 1231.800048828125, Change: -0.68%
2025-04-24 10:24:54,478 - INFO - Yahoo data for ADANIENT.NS: Current: 2430.699951171875, Prev Close: 2453.60009765625, Change: -0.93%
2025-04-24 10:24:54,591 - INFO - Yahoo data for HAVELLS.NS: Current: 1597.9000244140625, Prev Close: 1612.0, Change: -0.87%
2025-04-24 10:24:54,616 - INFO - Yahoo data for CROMPTON.NS: Current: 340.04998779296875, Prev Close: 343.79998779296875, Change: -1.09%
2025-04-24 10:24:54,627 - INFO - Yahoo data for TITAN.NS: Current: 3374.0, Prev Close: 3357.300048828125, Change: 0.50%
2025-04-24 10:24:54,661 - INFO - Yahoo data for DIXON.NS: Current: 16603.0, Prev Close: 16607.0, Change: -0.02%
2025-04-24 10:24:54,701 - INFO - Yahoo data for VOLTAS.NS: Current: 1275.699951171875, Prev Close: 1299.0, Change: -1.79%
2025-04-24 10:24:54,706 - INFO - Yahoo data for TIINDIA.NS: Current: 2651.199951171875, Prev Close: 2673.0, Change: -0.82%
2025-04-24 10:24:56,712 - INFO - Processing batch 2 with 20 tickers
2025-04-24 10:24:56,995 - INFO - Yahoo data for TVSMOTOR.NS: Current: 2761.199951171875, Prev Close: 2806.699951171875, Change: -1.62%
2025-04-24 10:24:57,017 - INFO - Yahoo data for MOTHERSON.NS: Current: 135.72999572753906, Prev Close: 135.72999572753906, Change: 0.00%
2025-04-24 10:24:57,092 - INFO - Yahoo data for TATAMOTORS.NS: Current: 666.9000244140625, Prev Close: 659.9000244140625, Change: 1.06%
2025-04-24 10:24:57,201 - INFO - Yahoo data for HEROMOTOCO.NS: Current: 3941.0, Prev Close: 3940.5, Change: 0.01%
2025-04-24 10:24:57,204 - INFO - Yahoo data for EXIDEIND.NS: Current: 382.1499938964844, Prev Close: 380.79998779296875, Change: 0.35%
2025-04-24 10:24:57,272 - INFO - Yahoo data for BHARATFORG.NS: Current: 1106.4000244140625, Prev Close: 1135.5, Change: -2.56%
2025-04-24 10:24:57,275 - INFO - Yahoo data for MARUTI.NS: Current: 11896.0, Prev Close: 11907.0, Change: -0.09%
2025-04-24 10:24:57,294 - ERROR - Network error accessing Yahoo Finance for BAJAJAUTO.NS: HTTP Error 404: Not Found
2025-04-24 10:24:57,342 - INFO - Yahoo data for BOSCHLTD.NS: Current: 28340.0, Prev Close: 28415.0, Change: -0.26%
2025-04-24 10:24:57,357 - INFO - Yahoo data for MRF.NS: Current: 129040.0, Prev Close: 127980.0, Change: 0.83%
2025-04-24 10:24:57,460 - INFO - Yahoo data for BALKRISIND.NS: Current: 2569.699951171875, Prev Close: 2577.0, Change: -0.28%
2025-04-24 10:24:57,462 - INFO - Yahoo data for ASHOKLEY.NS: Current: 230.52000427246094, Prev Close: 230.67999267578125, Change: -0.07%
2025-04-24 10:24:57,497 - INFO - Yahoo data for SONACOMS.NS: Current: 469.1499938964844, Prev Close: 478.45001220703125, Change: -1.94%
2025-04-24 10:24:57,529 - INFO - Yahoo data for LALPATHLAB.NS: Current: 2784.199951171875, Prev Close: 2768.199951171875, Change: 0.58%
2025-04-24 10:24:57,533 - INFO - Yahoo data for DIVISLAB.NS: Current: 6192.5, Prev Close: 5924.5, Change: 4.52%
2025-04-24 10:24:57,536 - INFO - Yahoo data for M&M.NS: Current: 2889.800048828125, Prev Close: 2917.800048828125, Change: -0.96%
2025-04-24 10:24:57,541 - INFO - Yahoo data for APOLLOHOSP.NS: Current: 7116.5, Prev Close: 7142.0, Change: -0.36%
2025-04-24 10:24:57,544 - INFO - Yahoo data for EICHERMOT.NS: Current: 5634.0, Prev Close: 5740.0, Change: -1.85%
2025-04-24 10:24:57,547 - INFO - Yahoo data for ALKEM.NS: Current: 5176.5, Prev Close: 5233.0, Change: -1.08%
2025-04-24 10:24:57,560 - INFO - Yahoo data for ABBOTINDIA.NS: Current: 30065.0, Prev Close: 30470.0, Change: -1.33%
2025-04-24 10:24:59,565 - INFO - Processing batch 3 with 20 tickers
2025-04-24 10:24:59,896 - INFO - Yahoo data for GLENMARK.NS: Current: 1420.0999755859375, Prev Close: 1412.5, Change: 0.54%
2025-04-24 10:24:59,897 - INFO - Yahoo data for IPCALAB.NS: Current: 1440.0999755859375, Prev Close: 1470.9000244140625, Change: -2.09%
2025-04-24 10:24:59,965 - INFO - Yahoo data for DRREDDY.NS: Current: 1192.699951171875, Prev Close: 1186.0, Change: 0.56%
2025-04-24 10:25:00,086 - INFO - Yahoo data for SUNPHARMA.NS: Current: 1799.4000244140625, Prev Close: 1788.800048828125, Change: 0.59%
2025-04-24 10:25:00,089 - INFO - Yahoo data for MAXHEALTH.NS: Current: 1108.300048828125, Prev Close: 1129.5999755859375, Change: -1.89%
2025-04-24 10:25:00,093 - INFO - Yahoo data for LUPIN.NS: Current: 2099.0, Prev Close: 2089.5, Change: 0.45%
2025-04-24 10:25:00,200 - INFO - Yahoo data for AUROPHARMA.NS: Current: 1253.199951171875, Prev Close: 1246.800048828125, Change: 0.51%
2025-04-24 10:25:00,286 - INFO - Yahoo data for GRANULES.NS: Current: 476.3500061035156, Prev Close: 484.95001220703125, Change: -1.77%
2025-04-24 10:25:00,290 - INFO - Yahoo data for LAURUSLABS.NS: Current: 639.7000122070312, Prev Close: 650.7000122070312, Change: -1.69%
2025-04-24 10:25:00,293 - INFO - Yahoo data for BIOCON.NS: Current: 327.0, Prev Close: 335.70001220703125, Change: -2.59%
2025-04-24 10:25:00,298 - INFO - Yahoo data for TORNTPHARM.NS: Current: 3310.300048828125, Prev Close: 3332.39990234375, Change: -0.66%
2025-04-24 10:25:00,302 - INFO - Yahoo data for ZYDUSLIFE.NS: Current: 876.0, Prev Close: 868.0, Change: 0.92%
2025-04-24 10:25:00,472 - INFO - Yahoo data for METROPOLIS.NS: Current: 1765.199951171875, Prev Close: 1749.699951171875, Change: 0.89%
2025-04-24 10:25:00,514 - INFO - Yahoo data for SYNGENE.NS: Current: 651.25, Prev Close: 749.1500244140625, Change: -13.07%
2025-04-24 10:25:00,540 - INFO - Yahoo data for CIPLA.NS: Current: 1543.5999755859375, Prev Close: 1533.699951171875, Change: 0.65%
2025-04-24 10:25:00,679 - INFO - Yahoo data for COLPAL.NS: Current: 2724.89990234375, Prev Close: 2688.60009765625, Change: 1.35%
2025-04-24 10:25:00,710 - INFO - Yahoo data for GODREJCP.NS: Current: 1260.699951171875, Prev Close: 1268.5, Change: -0.61%
2025-04-24 10:25:00,750 - INFO - Yahoo data for UNITDSPR.NS: Current: 1560.0, Prev Close: 1580.4000244140625, Change: -1.29%
2025-04-24 10:25:00,762 - INFO - Yahoo data for DABUR.NS: Current: 490.04998779296875, Prev Close: 486.20001220703125, Change: 0.79%
2025-04-24 10:25:00,782 - INFO - Yahoo data for UBL.NS: Current: 2182.60009765625, Prev Close: 2238.89990234375, Change: -2.51%
2025-04-24 10:25:02,987 - INFO - Processing batch 4 with 20 tickers
2025-04-24 10:25:03,521 - INFO - Yahoo data for MARICO.NS: Current: 712.7999877929688, Prev Close: 716.5499877929688, Change: -0.52%
2025-04-24 10:25:03,543 - INFO - Yahoo data for VBL.NS: Current: 531.8499755859375, Prev Close: 549.1500244140625, Change: -3.15%
2025-04-24 10:25:03,548 - INFO - Yahoo data for ITC.NS: Current: 430.29998779296875, Prev Close: 430.8500061035156, Change: -0.13%
2025-04-24 10:25:03,551 - INFO - Yahoo data for NESTLEIND.NS: Current: 2419.10009765625, Prev Close: 2433.39990234375, Change: -0.59%
2025-04-24 10:25:03,726 - INFO - Yahoo data for TATACONSUM.NS: Current: 1158.0, Prev Close: 1150.0999755859375, Change: 0.69%
2025-04-24 10:25:03,728 - INFO - Yahoo data for HINDUNILVR.NS: Current: 2327.0, Prev Close: 2423.800048828125, Change: -3.99%
2025-04-24 10:25:03,969 - INFO - Yahoo data for BRITANNIA.NS: Current: 5451.60009765625, Prev Close: 5544.2998046875, Change: -1.67%
2025-04-24 10:25:03,974 - INFO - Yahoo data for ADANIGREEN.NS: Current: 961.5499877929688, Prev Close: 952.5, Change: 0.95%
2025-04-24 10:25:03,992 - INFO - Yahoo data for RELIANCE.NS: Current: 1297.0, Prev Close: 1300.0, Change: -0.23%
2025-04-24 10:25:04,221 - INFO - Yahoo data for ONGC.NS: Current: 248.0, Prev Close: 252.1699981689453, Change: -1.65%
2025-04-24 10:25:04,284 - INFO - Yahoo data for NTPC.NS: Current: 362.1000061035156, Prev Close: 363.79998779296875, Change: -0.47%
2025-04-24 10:25:04,298 - INFO - Yahoo data for ADANIENSOL.NS: Current: 942.5999755859375, Prev Close: 938.7999877929688, Change: 0.40%
2025-04-24 10:25:04,326 - INFO - Yahoo data for BPCL.NS: Current: 301.29998779296875, Prev Close: 300.45001220703125, Change: 0.28%
2025-04-24 10:25:04,330 - INFO - Yahoo data for JIOFIN.NS: Current: 258.20001220703125, Prev Close: 258.1400146484375, Change: 0.02%
2025-04-24 10:25:04,339 - INFO - Yahoo data for HINDPETRO.NS: Current: 389.8999938964844, Prev Close: 388.79998779296875, Change: 0.28%
2025-04-24 10:25:04,342 - INFO - Yahoo data for TATAPOWER.NS: Current: 394.79998779296875, Prev Close: 394.45001220703125, Change: 0.09%
2025-04-24 10:25:04,347 - INFO - Yahoo data for OIL.NS: Current: 402.04998779296875, Prev Close: 406.8500061035156, Change: -1.18%
2025-04-24 10:25:04,349 - INFO - Yahoo data for POWERGRID.NS: Current: 313.1000061035156, Prev Close: 314.95001220703125, Change: -0.59%
2025-04-24 10:25:04,367 - INFO - Yahoo data for IOC.NS: Current: 138.10000610351562, Prev Close: 137.64999389648438, Change: 0.33%
2025-04-24 10:25:04,372 - INFO - Yahoo data for GAIL.NS: Current: 193.11000061035156, Prev Close: 193.5, Change: -0.20%
2025-04-24 10:25:06,386 - INFO - Processing batch 5 with 20 tickers
2025-04-24 10:25:06,954 - INFO - Yahoo data for IGL.NS: Current: 185.2100067138672, Prev Close: 185.50999450683594, Change: -0.16%
2025-04-24 10:25:07,027 - INFO - Yahoo data for ATGL.NS: Current: 622.2000122070312, Prev Close: 626.5, Change: -0.69%
2025-04-24 10:25:07,280 - INFO - Yahoo data for MGL.NS: Current: 1329.0, Prev Close: 1323.0999755859375, Change: 0.45%
2025-04-24 10:25:07,390 - INFO - Yahoo data for PETRONET.NS: Current: 311.29998779296875, Prev Close: 315.45001220703125, Change: -1.32%
2025-04-24 10:25:07,530 - INFO - Yahoo data for GUJGASLTD.NS: Current: 457.1499938964844, Prev Close: 451.3500061035156, Change: 1.29%
2025-04-24 10:25:07,538 - INFO - Yahoo data for LTTS.NS: Current: 4482.10009765625, Prev Close: 4451.39990234375, Change: 0.69%
2025-04-24 10:25:07,554 - INFO - Yahoo data for COFORGE.NS: Current: 7288.0, Prev Close: 7392.0, Change: -1.41%
2025-04-24 10:25:07,601 - INFO - Yahoo data for PERSISTENT.NS: Current: 5182.5, Prev Close: 5163.5, Change: 0.37%
2025-04-24 10:25:07,741 - INFO - Yahoo data for BSOFT.NS: Current: 395.75, Prev Close: 399.6499938964844, Change: -0.98%
2025-04-24 10:25:07,775 - INFO - Yahoo data for MPHASIS.NS: Current: 2452.10009765625, Prev Close: 2507.300048828125, Change: -2.20%
2025-04-24 10:25:07,973 - INFO - Yahoo data for TCS.NS: Current: 3393.39990234375, Prev Close: 3413.0, Change: -0.57%
2025-04-24 10:25:07,995 - INFO - Yahoo data for WIPRO.NS: Current: 241.6999969482422, Prev Close: 243.60000610351562, Change: -0.78%
2025-04-24 10:25:08,134 - INFO - Yahoo data for LTIM.NS: Current: 4515.0, Prev Close: 4536.7001953125, Change: -0.48%
2025-04-24 10:25:08,171 - INFO - Yahoo data for TECHM.NS: Current: 1438.800048828125, Prev Close: 1439.5999755859375, Change: -0.06%
2025-04-24 10:25:08,183 - INFO - Yahoo data for HCLTECH.NS: Current: 1578.800048828125, Prev Close: 1594.0, Change: -0.95%
2025-04-24 10:25:08,238 - INFO - Yahoo data for INFY.NS: Current: 1466.5999755859375, Prev Close: 1474.9000244140625, Change: -0.56%
2025-04-24 10:25:08,250 - INFO - Yahoo data for NAZARA.NS: Current: 1021.0, Prev Close: 1006.9500122070312, Change: 1.40%
2025-04-24 10:25:08,263 - INFO - Yahoo data for NETWORK18.NS: Current: 46.150001525878906, Prev Close: 45.869998931884766, Change: 0.61%
2025-04-24 10:25:08,269 - INFO - Yahoo data for SUNTV.NS: Current: 656.7999877929688, Prev Close: 656.4500122070312, Change: 0.05%
2025-04-24 10:25:08,290 - INFO - Yahoo data for PVRINOX.NS: Current: 1010.25, Prev Close: 982.5499877929688, Change: 2.82%
2025-04-24 10:25:10,291 - INFO - Processing batch 6 with 20 tickers
2025-04-24 10:25:10,666 - INFO - Yahoo data for ZEEL.NS: Current: 113.88999938964844, Prev Close: 114.58999633789062, Change: -0.61%
2025-04-24 10:25:10,668 - INFO - Yahoo data for DISHTV.NS: Current: 5.400000095367432, Prev Close: 5.389999866485596, Change: 0.19%
2025-04-24 10:25:10,686 - INFO - Yahoo data for SAREGAMA.NS: Current: 546.5, Prev Close: 565.5499877929688, Change: -3.37%
2025-04-24 10:25:10,764 - INFO - Yahoo data for CANBK.NS: Current: 99.61000061035156, Prev Close: 99.44999694824219, Change: 0.16%
2025-04-24 10:25:10,768 - INFO - Yahoo data for HATHWAY.NS: Current: 14.84000015258789, Prev Close: 14.729999542236328, Change: 0.75%
2025-04-24 10:25:10,879 - INFO - Yahoo data for SBIN.NS: Current: 815.75, Prev Close: 813.4500122070312, Change: 0.28%
2025-04-24 10:25:10,902 - INFO - Yahoo data for BANKINDIA.NS: Current: 118.52999877929688, Prev Close: 117.77999877929688, Change: 0.64%
2025-04-24 10:25:10,931 - INFO - Yahoo data for PNB.NS: Current: 102.94999694824219, Prev Close: 103.01000213623047, Change: -0.06%
2025-04-24 10:25:10,933 - INFO - Yahoo data for UNIONBANK.NS: Current: 128.3699951171875, Prev Close: 129.3000030517578, Change: -0.72%
2025-04-24 10:25:11,042 - INFO - Yahoo data for BANKBARODA.NS: Current: 252.27000427246094, Prev Close: 251.47000122070312, Change: 0.32%
2025-04-24 10:25:11,123 - INFO - Yahoo data for INDIANB.NS: Current: 574.9500122070312, Prev Close: 582.0999755859375, Change: -1.23%
2025-04-24 10:25:11,127 - INFO - Yahoo data for KOTAKBANK.NS: Current: 2233.89990234375, Prev Close: 2227.0, Change: 0.31%
2025-04-24 10:25:11,184 - INFO - Yahoo data for HDFCBANK.NS: Current: 1919.4000244140625, Prev Close: 1923.9000244140625, Change: -0.23%
2025-04-24 10:25:11,194 - INFO - Yahoo data for CUB.NS: Current: 181.94000244140625, Prev Close: 176.88999938964844, Change: 2.85%
2025-04-24 10:25:11,321 - INFO - Yahoo data for BANDHANBNK.NS: Current: 170.9199981689453, Prev Close: 170.58999633789062, Change: 0.19%
2025-04-24 10:25:11,497 - INFO - Yahoo data for IDFCFIRSTB.NS: Current: 67.6500015258789, Prev Close: 68.44999694824219, Change: -1.17%
2025-04-24 10:25:11,511 - INFO - Yahoo data for RBLBANK.NS: Current: 197.41000366210938, Prev Close: 191.6699981689453, Change: 2.99%
2025-04-24 10:25:11,562 - INFO - Yahoo data for AXISBANK.NS: Current: 1212.0, Prev Close: 1206.9000244140625, Change: 0.42%
2025-04-24 10:25:11,579 - INFO - Yahoo data for FEDERALBNK.NS: Current: 202.3800048828125, Prev Close: 199.77000427246094, Change: 1.31%
2025-04-24 10:25:11,584 - INFO - Yahoo data for ICICIBANK.NS: Current: 1407.0, Prev Close: 1424.4000244140625, Change: -1.22%
2025-04-24 10:25:13,599 - INFO - Processing batch 7 with 20 tickers
2025-04-24 10:25:13,940 - INFO - Yahoo data for INDUSINDBK.NS: Current: 823.3499755859375, Prev Close: 794.2000122070312, Change: 3.67%
2025-04-24 10:25:14,062 - INFO - Yahoo data for ICICIGI.NS: Current: 1879.9000244140625, Prev Close: 1880.0, Change: -0.01%
2025-04-24 10:25:14,077 - INFO - Yahoo data for IEX.NS: Current: 189.86000061035156, Prev Close: 191.3300018310547, Change: -0.77%
2025-04-24 10:25:14,083 - INFO - Yahoo data for SBILIFE.NS: Current: 1608.300048828125, Prev Close: 1615.5, Change: -0.45%
2025-04-24 10:25:14,158 - INFO - Yahoo data for PEL.NS: Current: 1018.9000244140625, Prev Close: 1021.5, Change: -0.25%
2025-04-24 10:25:14,159 - INFO - Yahoo data for HDFCLIFE.NS: Current: 707.5, Prev Close: 709.0999755859375, Change: -0.23%
2025-04-24 10:25:14,234 - INFO - Yahoo data for RECLTD.NS: Current: 441.1000061035156, Prev Close: 440.79998779296875, Change: 0.07%
2025-04-24 10:25:14,255 - INFO - Yahoo data for PFC.NS: Current: 433.45001220703125, Prev Close: 433.1000061035156, Change: 0.08%
2025-04-24 10:25:14,274 - INFO - Yahoo data for M&MFIN.NS: Current: 268.3500061035156, Prev Close: 269.8999938964844, Change: -0.57%
2025-04-24 10:25:14,323 - INFO - Yahoo data for BAJFINANCE.NS: Current: 9282.0, Prev Close: 9323.0, Change: -0.44%
2025-04-24 10:25:14,327 - INFO - Yahoo data for BAJAJFINSV.NS: Current: 2094.699951171875, Prev Close: 2100.800048828125, Change: -0.29%
2025-04-24 10:25:14,329 - INFO - Yahoo data for ICICIPRULI.NS: Current: 600.5, Prev Close: 607.0, Change: -1.07%
2025-04-24 10:25:14,403 - INFO - Yahoo data for MUTHOOTFIN.NS: Current: 2148.5, Prev Close: 2191.39990234375, Change: -1.96%
2025-04-24 10:25:14,425 - INFO - Yahoo data for CHOLAFIN.NS: Current: 1539.699951171875, Prev Close: 1566.800048828125, Change: -1.73%
2025-04-24 10:25:14,428 - INFO - Yahoo data for HDFCAMC.NS: Current: 4554.7998046875, Prev Close: 4559.5, Change: -0.10%
2025-04-24 10:25:14,492 - INFO - Yahoo data for GODREJPROP.NS: Current: 2146.699951171875, Prev Close: 2152.39990234375, Change: -0.26%
2025-04-24 10:25:14,494 - INFO - Yahoo data for LODHA.NS: Current: 1317.699951171875, Prev Close: 1366.4000244140625, Change: -3.56%
2025-04-24 10:25:14,521 - INFO - Yahoo data for OBEROIRLTY.NS: Current: 1669.0, Prev Close: 1706.0, Change: -2.17%
2025-04-24 10:25:14,525 - INFO - Yahoo data for PRESTIGE.NS: Current: 1288.9000244140625, Prev Close: 1323.800048828125, Change: -2.64%
2025-04-24 10:25:14,541 - INFO - Yahoo data for DLF.NS: Current: 678.75, Prev Close: 687.7000122070312, Change: -1.30%
2025-04-24 10:25:16,551 - INFO - Processing batch 8 with 1 tickers
2025-04-24 10:25:16,680 - INFO - Yahoo data for HUDCO.NS: Current: 230.9199981689453, Prev Close: 231.4499969482422, Change: -0.23%
2025-04-24 10:25:16,680 - INFO - Sector Metal: 13 stocks
2025-04-24 10:25:16,681 - INFO - Sector Consumer Durables: 7 stocks
2025-04-24 10:25:16,681 - INFO - Sector Auto: 14 stocks
2025-04-24 10:25:16,681 - INFO - Sector Pharma: 20 stocks
2025-04-24 10:25:16,682 - INFO - Sector FMCG: 12 stocks
2025-04-24 10:25:16,682 - INFO - Sector Oil & Gas: 18 stocks
2025-04-24 10:25:16,682 - INFO - Sector IT: 11 stocks
2025-04-24 10:25:16,683 - INFO - Sector Media: 8 stocks
2025-04-24 10:25:16,683 - INFO - Sector Bank: 17 stocks
2025-04-24 10:25:16,683 - INFO - Sector Financial Services: 14 stocks
2025-04-24 10:25:16,684 - INFO - Sector Realty: 6 stocks
2025-04-24 10:25:16,684 - INFO - Got market data for 140 stocks in 11 sectors
2025-04-24 10:25:16,684 - INFO - Calculating sector performance
2025-04-24 10:25:16,689 - INFO - Saved sector performance to sector.csv
2025-04-24 10:25:16,689 - INFO - Current sector performance summary:
2025-04-24 10:25:16,690 - INFO -   Media: +0.67% (Adv/Dec: 6/2)
2025-04-24 10:25:16,691 - INFO -   Auto: +0.4% (Adv/Dec: 4/9)
2025-04-24 10:25:16,692 - INFO -   Bank: +0.27% (Adv/Dec: 11/6)
2025-04-24 10:25:16,692 - INFO -   Oil & Gas: +0.03% (Adv/Dec: 9/9)
2025-04-24 10:25:16,693 - INFO -   Consumer Durables: -0.22% (Adv/Dec: 1/6)
2025-04-24 10:25:16,693 - INFO -   Metal: -0.33% (Adv/Dec: 5/8)
2025-04-24 10:25:16,694 - INFO -   Pharma: -0.46% (Adv/Dec: 10/10)
2025-04-24 10:25:16,694 - INFO -   Financial Services: -0.53% (Adv/Dec: 2/12)
2025-04-24 10:25:16,694 - INFO -   IT: -0.55% (Adv/Dec: 2/9)
2025-04-24 10:25:16,695 - INFO -   FMCG: -1.22% (Adv/Dec: 3/9)
2025-04-24 10:25:16,695 - INFO -   Realty: -1.82% (Adv/Dec: 0/6)
2025-04-24 10:25:16,698 - INFO - Top performing sectors:
2025-04-24 10:25:16,700 - INFO -   Media: 0.67%
2025-04-24 10:25:16,700 - INFO -   Auto: 0.40%
2025-04-24 10:25:16,700 - INFO -   Bank: 0.27%
2025-04-24 10:25:16,700 - INFO - Bottom performing sectors:
2025-04-24 10:25:16,701 - INFO -   IT: -0.55%
2025-04-24 10:25:16,701 - INFO -   FMCG: -1.22%
2025-04-24 10:25:16,701 - INFO -   Realty: -1.82%
2025-04-24 10:25:16,702 - INFO - Buy signals for 40 stocks in top sectors
2025-04-24 10:25:16,702 - INFO - Sell signals for 29 stocks in bottom sectors
2025-04-24 10:25:16,702 - INFO - Sector performance analysis completed in 23.33 seconds
2025-04-24 10:25:16,703 - INFO - Buy signals: 40, Sell signals: 29
2025-04-24 10:25:16,703 - INFO - Sample buy stocks: ['MOTHERSON.NS', 'TVSMOTOR.NS', 'TATAMOTORS.NS', 'HEROMOTOCO.NS', 'EXIDEIND.NS']
2025-04-24 10:25:16,703 - INFO - Sample sell stocks: ['COLPAL.NS', 'GODREJCP.NS', 'UBL.NS', 'UNITDSPR.NS', 'DABUR.NS']
2025-04-24 10:25:16,703 - INFO - Waiting 180 seconds for next refresh...
2025-04-24 10:28:16,704 - INFO - Collecting sector data from Yahoo Finance...
2025-04-24 10:28:16,705 - INFO - Getting market data from Yahoo Finance for 141 stocks grouped by sector
2025-04-24 10:28:16,706 - INFO - Processing batch 1 with 20 tickers
2025-04-24 10:28:16,989 - INFO - Yahoo data for HINDALCO.NS: Current: 628.0, Prev Close: 629.0999755859375, Change: -0.17%
2025-04-24 10:28:17,006 - INFO - Yahoo data for NATIONALUM.NS: Current: 161.91000366210938, Prev Close: 162.07000732421875, Change: -0.10%
2025-04-24 10:28:17,093 - INFO - Yahoo data for SAIL.NS: Current: 117.97000122070312, Prev Close: 116.76000213623047, Change: 1.04%
2025-04-24 10:28:17,095 - INFO - Yahoo data for JSL.NS: Current: 571.7999877929688, Prev Close: 575.4000244140625, Change: -0.63%
2025-04-24 10:28:17,131 - INFO - Yahoo data for TATASTEEL.NS: Current: 141.16000366210938, Prev Close: 141.16000366210938, Change: 0.00%
2025-04-24 10:28:17,186 - INFO - Yahoo data for VEDL.NS: Current: 420.8500061035156, Prev Close: 418.20001220703125, Change: 0.63%
2025-04-24 10:28:17,206 - INFO - Yahoo data for COALINDIA.NS: Current: 399.25, Prev Close: 398.95001220703125, Change: 0.08%
2025-04-24 10:28:17,208 - INFO - Yahoo data for APLAPOLLO.NS: Current: 1628.5, Prev Close: 1623.800048828125, Change: 0.29%
2025-04-24 10:28:17,237 - INFO - Yahoo data for NMDC.NS: Current: 68.05999755859375, Prev Close: 68.11000061035156, Change: -0.07%
2025-04-24 10:28:17,285 - INFO - Yahoo data for JINDALSTEL.NS: Current: 906.2999877929688, Prev Close: 919.0499877929688, Change: -1.39%
2025-04-24 10:28:17,318 - INFO - Yahoo data for JSWSTEEL.NS: Current: 1042.5, Prev Close: 1039.199951171875, Change: 0.32%
2025-04-24 10:28:17,371 - INFO - Yahoo data for BATAINDIA.NS: Current: 1223.4000244140625, Prev Close: 1231.800048828125, Change: -0.68%
2025-04-24 10:28:17,386 - INFO - Yahoo data for HINDCOPPER.NS: Current: 223.85000610351562, Prev Close: 225.32000732421875, Change: -0.65%
2025-04-24 10:28:17,393 - INFO - Yahoo data for ADANIENT.NS: Current: 2434.800048828125, Prev Close: 2453.60009765625, Change: -0.77%
2025-04-24 10:28:17,421 - INFO - Yahoo data for TITAN.NS: Current: 3373.39990234375, Prev Close: 3357.300048828125, Change: 0.48%
2025-04-24 10:28:17,424 - INFO - Yahoo data for HAVELLS.NS: Current: 1597.5999755859375, Prev Close: 1612.0, Change: -0.89%
2025-04-24 10:28:17,459 - INFO - Yahoo data for CROMPTON.NS: Current: 340.3999938964844, Prev Close: 343.79998779296875, Change: -0.99%
2025-04-24 10:28:17,461 - INFO - Yahoo data for TIINDIA.NS: Current: 2650.60009765625, Prev Close: 2673.0, Change: -0.84%
2025-04-24 10:28:17,467 - INFO - Yahoo data for DIXON.NS: Current: 16605.0, Prev Close: 16607.0, Change: -0.01%
2025-04-24 10:28:17,487 - INFO - Yahoo data for VOLTAS.NS: Current: 1276.0, Prev Close: 1299.0, Change: -1.77%
2025-04-24 10:28:19,502 - INFO - Processing batch 2 with 20 tickers
2025-04-24 10:28:19,846 - INFO - Yahoo data for MOTHERSON.NS: Current: 135.67999267578125, Prev Close: 135.72999572753906, Change: -0.04%
2025-04-24 10:28:19,873 - INFO - Yahoo data for TVSMOTOR.NS: Current: 2752.699951171875, Prev Close: 2806.699951171875, Change: -1.92%
2025-04-24 10:28:19,957 - INFO - Yahoo data for HEROMOTOCO.NS: Current: 3939.699951171875, Prev Close: 3940.5, Change: -0.02%
2025-04-24 10:28:20,043 - INFO - Yahoo data for TATAMOTORS.NS: Current: 666.75, Prev Close: 659.9000244140625, Change: 1.04%
2025-04-24 10:28:20,076 - INFO - Yahoo data for MARUTI.NS: Current: 11900.0, Prev Close: 11907.0, Change: -0.06%
2025-04-24 10:28:20,150 - INFO - Yahoo data for EXIDEIND.NS: Current: 382.20001220703125, Prev Close: 380.79998779296875, Change: 0.37%
2025-04-24 10:28:20,153 - INFO - Yahoo data for BOSCHLTD.NS: Current: 28375.0, Prev Close: 28415.0, Change: -0.14%
2025-04-24 10:28:20,191 - INFO - Yahoo data for BHARATFORG.NS: Current: 1106.300048828125, Prev Close: 1135.5, Change: -2.57%
2025-04-24 10:28:20,192 - ERROR - Network error accessing Yahoo Finance for BAJAJAUTO.NS: HTTP Error 404: Not Found
2025-04-24 10:28:20,233 - INFO - Yahoo data for MRF.NS: Current: 129030.0, Prev Close: 127980.0, Change: 0.82%
2025-04-24 10:28:20,360 - INFO - Yahoo data for ASHOKLEY.NS: Current: 230.67999267578125, Prev Close: 230.67999267578125, Change: 0.00%
2025-04-24 10:28:20,363 - INFO - Yahoo data for EICHERMOT.NS: Current: 5638.0, Prev Close: 5740.0, Change: -1.78%
2025-04-24 10:28:20,367 - INFO - Yahoo data for SONACOMS.NS: Current: 469.1499938964844, Prev Close: 478.45001220703125, Change: -1.94%
2025-04-24 10:28:20,370 - INFO - Yahoo data for BALKRISIND.NS: Current: 2569.0, Prev Close: 2577.0, Change: -0.31%
2025-04-24 10:28:20,373 - INFO - Yahoo data for M&M.NS: Current: 2893.39990234375, Prev Close: 2917.800048828125, Change: -0.84%
2025-04-24 10:28:20,431 - INFO - Yahoo data for APOLLOHOSP.NS: Current: 7117.5, Prev Close: 7142.0, Change: -0.34%
2025-04-24 10:28:20,435 - INFO - Yahoo data for ALKEM.NS: Current: 5176.60009765625, Prev Close: 5233.0, Change: -1.08%
2025-04-24 10:28:20,445 - INFO - Yahoo data for DIVISLAB.NS: Current: 6204.0, Prev Close: 5924.5, Change: 4.72%
2025-04-24 10:28:20,450 - INFO - Yahoo data for ABBOTINDIA.NS: Current: 30085.0, Prev Close: 30470.0, Change: -1.26%
2025-04-24 10:28:20,480 - INFO - Yahoo data for LALPATHLAB.NS: Current: 2784.300048828125, Prev Close: 2768.199951171875, Change: 0.58%
2025-04-24 10:28:22,486 - INFO - Processing batch 3 with 20 tickers
2025-04-24 10:28:22,826 - INFO - Yahoo data for GLENMARK.NS: Current: 1421.699951171875, Prev Close: 1412.5, Change: 0.65%
2025-04-24 10:28:22,842 - INFO - Yahoo data for IPCALAB.NS: Current: 1438.699951171875, Prev Close: 1470.9000244140625, Change: -2.19%
2025-04-24 10:28:22,898 - INFO - Yahoo data for DRREDDY.NS: Current: 1194.0, Prev Close: 1186.0, Change: 0.67%
2025-04-24 10:28:23,073 - INFO - Yahoo data for AUROPHARMA.NS: Current: 1254.5999755859375, Prev Close: 1246.800048828125, Change: 0.63%
2025-04-24 10:28:23,075 - INFO - Yahoo data for MAXHEALTH.NS: Current: 1109.0, Prev Close: 1129.5999755859375, Change: -1.82%
2025-04-24 10:28:23,142 - INFO - Yahoo data for LUPIN.NS: Current: 2101.10009765625, Prev Close: 2089.5, Change: 0.56%
2025-04-24 10:28:23,166 - INFO - Yahoo data for SUNPHARMA.NS: Current: 1801.0999755859375, Prev Close: 1788.800048828125, Change: 0.69%
2025-04-24 10:28:23,225 - INFO - Yahoo data for LAURUSLABS.NS: Current: 644.9500122070312, Prev Close: 650.7000122070312, Change: -0.88%
2025-04-24 10:28:23,226 - INFO - Yahoo data for TORNTPHARM.NS: Current: 3316.0, Prev Close: 3332.39990234375, Change: -0.49%
2025-04-24 10:28:23,228 - INFO - Yahoo data for ZYDUSLIFE.NS: Current: 876.4000244140625, Prev Close: 868.0, Change: 0.97%
2025-04-24 10:28:23,306 - INFO - Yahoo data for BIOCON.NS: Current: 327.1000061035156, Prev Close: 335.70001220703125, Change: -2.56%
2025-04-24 10:28:23,347 - INFO - Yahoo data for CIPLA.NS: Current: 1544.800048828125, Prev Close: 1533.699951171875, Change: 0.72%
2025-04-24 10:28:23,348 - INFO - Yahoo data for GRANULES.NS: Current: 476.79998779296875, Prev Close: 484.95001220703125, Change: -1.68%
2025-04-24 10:28:23,351 - INFO - Yahoo data for METROPOLIS.NS: Current: 1762.9000244140625, Prev Close: 1749.699951171875, Change: 0.75%
2025-04-24 10:28:23,382 - INFO - Yahoo data for GODREJCP.NS: Current: 1264.0999755859375, Prev Close: 1268.5, Change: -0.35%
2025-04-24 10:28:23,385 - INFO - Yahoo data for SYNGENE.NS: Current: 650.5999755859375, Prev Close: 749.1500244140625, Change: -13.15%
2025-04-24 10:28:23,393 - INFO - Yahoo data for UNITDSPR.NS: Current: 1559.5999755859375, Prev Close: 1580.4000244140625, Change: -1.32%
2025-04-24 10:28:23,412 - INFO - Yahoo data for COLPAL.NS: Current: 2728.0, Prev Close: 2688.60009765625, Change: 1.47%
2025-04-24 10:28:23,416 - INFO - Yahoo data for UBL.NS: Current: 2180.60009765625, Prev Close: 2238.89990234375, Change: -2.60%
2025-04-24 10:28:23,435 - INFO - Yahoo data for DABUR.NS: Current: 490.5, Prev Close: 486.20001220703125, Change: 0.88%
2025-04-24 10:28:25,447 - INFO - Processing batch 4 with 20 tickers
2025-04-24 10:28:25,767 - INFO - Yahoo data for MARICO.NS: Current: 711.7999877929688, Prev Close: 716.5499877929688, Change: -0.66%
2025-04-24 10:28:25,844 - INFO - Yahoo data for VBL.NS: Current: 532.0499877929688, Prev Close: 549.1500244140625, Change: -3.11%
2025-04-24 10:28:25,902 - INFO - Yahoo data for NESTLEIND.NS: Current: 2419.89990234375, Prev Close: 2433.39990234375, Change: -0.55%
2025-04-24 10:28:25,904 - INFO - Yahoo data for TATACONSUM.NS: Current: 1158.800048828125, Prev Close: 1150.0999755859375, Change: 0.76%
2025-04-24 10:28:25,905 - INFO - Yahoo data for ITC.NS: Current: 429.6000061035156, Prev Close: 430.8500061035156, Change: -0.29%
2025-04-24 10:28:25,914 - INFO - Yahoo data for HINDUNILVR.NS: Current: 2327.5, Prev Close: 2423.800048828125, Change: -3.97%
2025-04-24 10:28:25,952 - INFO - Yahoo data for BRITANNIA.NS: Current: 5448.60009765625, Prev Close: 5544.2998046875, Change: -1.73%
2025-04-24 10:28:25,984 - INFO - Yahoo data for RELIANCE.NS: Current: 1296.0, Prev Close: 1300.0, Change: -0.31%
2025-04-24 10:28:26,070 - INFO - Yahoo data for ADANIGREEN.NS: Current: 964.0, Prev Close: 952.5, Change: 1.21%
2025-04-24 10:28:26,089 - INFO - Yahoo data for TATAPOWER.NS: Current: 395.6499938964844, Prev Close: 394.45001220703125, Change: 0.30%
2025-04-24 10:28:26,212 - INFO - Yahoo data for POWERGRID.NS: Current: 313.6499938964844, Prev Close: 314.95001220703125, Change: -0.41%
2025-04-24 10:28:26,218 - INFO - Yahoo data for BPCL.NS: Current: 301.6499938964844, Prev Close: 300.45001220703125, Change: 0.40%
2025-04-24 10:28:26,221 - INFO - Yahoo data for ADANIENSOL.NS: Current: 944.6500244140625, Prev Close: 938.7999877929688, Change: 0.62%
2025-04-24 10:28:26,223 - INFO - Yahoo data for ONGC.NS: Current: 248.13999938964844, Prev Close: 252.1699981689453, Change: -1.60%
2025-04-24 10:28:26,225 - INFO - Yahoo data for NTPC.NS: Current: 362.3999938964844, Prev Close: 363.79998779296875, Change: -0.38%
2025-04-24 10:28:26,292 - INFO - Yahoo data for JIOFIN.NS: Current: 258.05999755859375, Prev Close: 258.1400146484375, Change: -0.03%
2025-04-24 10:28:26,305 - INFO - Yahoo data for IOC.NS: Current: 138.3300018310547, Prev Close: 137.64999389648438, Change: 0.49%
2025-04-24 10:28:26,312 - INFO - Yahoo data for HINDPETRO.NS: Current: 390.0, Prev Close: 388.79998779296875, Change: 0.31%
2025-04-24 10:28:26,341 - INFO - Yahoo data for OIL.NS: Current: 402.04998779296875, Prev Close: 406.8500061035156, Change: -1.18%
2025-04-24 10:28:26,345 - INFO - Yahoo data for GAIL.NS: Current: 193.3300018310547, Prev Close: 193.5, Change: -0.09%
2025-04-24 10:28:28,354 - INFO - Processing batch 5 with 20 tickers
2025-04-24 10:28:28,742 - INFO - Yahoo data for IGL.NS: Current: 185.3000030517578, Prev Close: 185.50999450683594, Change: -0.11%
2025-04-24 10:28:28,745 - INFO - Yahoo data for ATGL.NS: Current: 622.4000244140625, Prev Close: 626.5, Change: -0.65%
2025-04-24 10:28:28,747 - INFO - Yahoo data for GUJGASLTD.NS: Current: 457.1499938964844, Prev Close: 451.3500061035156, Change: 1.29%
2025-04-24 10:28:28,749 - INFO - Yahoo data for PETRONET.NS: Current: 311.54998779296875, Prev Close: 315.45001220703125, Change: -1.24%
2025-04-24 10:28:28,750 - INFO - Yahoo data for MGL.NS: Current: 1329.699951171875, Prev Close: 1323.0999755859375, Change: 0.50%
2025-04-24 10:28:28,752 - INFO - Yahoo data for LTTS.NS: Current: 4468.2001953125, Prev Close: 4451.39990234375, Change: 0.38%
2025-04-24 10:28:28,824 - INFO - Yahoo data for COFORGE.NS: Current: 7273.0, Prev Close: 7392.0, Change: -1.61%
2025-04-24 10:28:28,886 - INFO - Yahoo data for MPHASIS.NS: Current: 2450.10009765625, Prev Close: 2507.300048828125, Change: -2.28%
2025-04-24 10:28:28,967 - INFO - Yahoo data for PERSISTENT.NS: Current: 5181.5, Prev Close: 5163.5, Change: 0.35%
2025-04-24 10:28:29,011 - INFO - Yahoo data for TCS.NS: Current: 3394.10009765625, Prev Close: 3413.0, Change: -0.55%
2025-04-24 10:28:29,062 - INFO - Yahoo data for BSOFT.NS: Current: 395.70001220703125, Prev Close: 399.6499938964844, Change: -0.99%
2025-04-24 10:28:29,072 - INFO - Yahoo data for LTIM.NS: Current: 4515.89990234375, Prev Close: 4536.7001953125, Change: -0.46%
2025-04-24 10:28:29,139 - INFO - Yahoo data for HCLTECH.NS: Current: 1578.800048828125, Prev Close: 1594.0, Change: -0.95%
2025-04-24 10:28:29,140 - INFO - Yahoo data for WIPRO.NS: Current: 241.85000610351562, Prev Close: 243.60000610351562, Change: -0.72%
2025-04-24 10:28:29,191 - INFO - Yahoo data for TECHM.NS: Current: 1439.0, Prev Close: 1439.5999755859375, Change: -0.04%
2025-04-24 10:28:29,203 - INFO - Yahoo data for NAZARA.NS: Current: 1020.5, Prev Close: 1006.9500122070312, Change: 1.35%
2025-04-24 10:28:29,206 - INFO - Yahoo data for NETWORK18.NS: Current: 46.119998931884766, Prev Close: 45.869998931884766, Change: 0.55%
2025-04-24 10:28:29,223 - INFO - Yahoo data for SUNTV.NS: Current: 656.9000244140625, Prev Close: 656.4500122070312, Change: 0.07%
2025-04-24 10:28:29,226 - INFO - Yahoo data for PVRINOX.NS: Current: 1010.0999755859375, Prev Close: 982.5499877929688, Change: 2.80%
2025-04-24 10:28:29,236 - INFO - Yahoo data for INFY.NS: Current: 1467.800048828125, Prev Close: 1474.9000244140625, Change: -0.48%
2025-04-24 10:28:31,238 - INFO - Processing batch 6 with 20 tickers
2025-04-24 10:28:31,508 - INFO - Yahoo data for SAREGAMA.NS: Current: 546.0499877929688, Prev Close: 565.5499877929688, Change: -3.45%
2025-04-24 10:28:31,559 - INFO - Yahoo data for ZEEL.NS: Current: 113.87999725341797, Prev Close: 114.58999633789062, Change: -0.62%
2025-04-24 10:28:31,621 - INFO - Yahoo data for HATHWAY.NS: Current: 14.8100004196167, Prev Close: 14.729999542236328, Change: 0.54%
2025-04-24 10:28:31,656 - INFO - Yahoo data for DISHTV.NS: Current: 5.400000095367432, Prev Close: 5.389999866485596, Change: 0.19%
2025-04-24 10:28:31,658 - INFO - Yahoo data for SBIN.NS: Current: 815.5999755859375, Prev Close: 813.4500122070312, Change: 0.26%
2025-04-24 10:28:31,797 - INFO - Yahoo data for CANBK.NS: Current: 99.58999633789062, Prev Close: 99.44999694824219, Change: 0.14%
2025-04-24 10:28:31,872 - INFO - Yahoo data for BANKINDIA.NS: Current: 118.79000091552734, Prev Close: 117.77999877929688, Change: 0.86%
2025-04-24 10:28:31,908 - INFO - Yahoo data for UNIONBANK.NS: Current: 128.44000244140625, Prev Close: 129.3000030517578, Change: -0.67%
2025-04-24 10:28:31,910 - INFO - Yahoo data for PNB.NS: Current: 102.91000366210938, Prev Close: 103.01000213623047, Change: -0.10%
2025-04-24 10:28:31,947 - INFO - Yahoo data for INDIANB.NS: Current: 574.0, Prev Close: 582.0999755859375, Change: -1.39%
2025-04-24 10:28:31,980 - INFO - Yahoo data for HDFCBANK.NS: Current: 1920.0, Prev Close: 1923.9000244140625, Change: -0.20%
2025-04-24 10:28:32,017 - INFO - Yahoo data for IDFCFIRSTB.NS: Current: 67.68000030517578, Prev Close: 68.44999694824219, Change: -1.12%
2025-04-24 10:28:32,023 - INFO - Yahoo data for BANKBARODA.NS: Current: 252.49000549316406, Prev Close: 251.47000122070312, Change: 0.41%
2025-04-24 10:28:32,029 - INFO - Yahoo data for CUB.NS: Current: 181.99000549316406, Prev Close: 176.88999938964844, Change: 2.88%
2025-04-24 10:28:32,032 - INFO - Yahoo data for KOTAKBANK.NS: Current: 2232.60009765625, Prev Close: 2227.0, Change: 0.25%
2025-04-24 10:28:32,061 - INFO - Yahoo data for BANDHANBNK.NS: Current: 170.75, Prev Close: 170.58999633789062, Change: 0.09%
2025-04-24 10:28:32,077 - INFO - Yahoo data for FEDERALBNK.NS: Current: 202.2100067138672, Prev Close: 199.77000427246094, Change: 1.22%
2025-04-24 10:28:32,101 - INFO - Yahoo data for RBLBANK.NS: Current: 197.38999938964844, Prev Close: 191.6699981689453, Change: 2.98%
2025-04-24 10:28:32,119 - INFO - Yahoo data for ICICIBANK.NS: Current: 1406.699951171875, Prev Close: 1424.4000244140625, Change: -1.24%
2025-04-24 10:28:32,136 - INFO - Yahoo data for AXISBANK.NS: Current: 1212.5999755859375, Prev Close: 1206.9000244140625, Change: 0.47%
2025-04-24 10:28:34,145 - INFO - Processing batch 7 with 20 tickers
2025-04-24 10:28:34,449 - INFO - Yahoo data for INDUSINDBK.NS: Current: 824.0, Prev Close: 794.2000122070312, Change: 3.75%
2025-04-24 10:28:34,451 - INFO - Yahoo data for ICICIGI.NS: Current: 1879.199951171875, Prev Close: 1880.0, Change: -0.04%
2025-04-24 10:28:34,555 - INFO - Yahoo data for HDFCLIFE.NS: Current: 707.4000244140625, Prev Close: 709.0999755859375, Change: -0.24%
2025-04-24 10:28:34,571 - INFO - Yahoo data for SBILIFE.NS: Current: 1608.4000244140625, Prev Close: 1615.5, Change: -0.44%
2025-04-24 10:28:34,578 - INFO - Yahoo data for PEL.NS: Current: 1020.7999877929688, Prev Close: 1021.5, Change: -0.07%
2025-04-24 10:28:34,636 - INFO - Yahoo data for IEX.NS: Current: 190.9199981689453, Prev Close: 191.3300018310547, Change: -0.21%
2025-04-24 10:28:34,638 - INFO - Yahoo data for PFC.NS: Current: 434.25, Prev Close: 433.1000061035156, Change: 0.27%
2025-04-24 10:28:34,666 - INFO - Yahoo data for M&MFIN.NS: Current: 268.3500061035156, Prev Close: 269.8999938964844, Change: -0.57%
2025-04-24 10:28:34,820 - INFO - Yahoo data for RECLTD.NS: Current: 440.25, Prev Close: 440.79998779296875, Change: -0.12%
2025-04-24 10:28:34,823 - INFO - Yahoo data for BAJFINANCE.NS: Current: 9296.5, Prev Close: 9323.0, Change: -0.28%
2025-04-24 10:28:34,859 - INFO - Yahoo data for ICICIPRULI.NS: Current: 601.7000122070312, Prev Close: 607.0, Change: -0.87%
2025-04-24 10:28:34,896 - INFO - Yahoo data for BAJAJFINSV.NS: Current: 2097.5, Prev Close: 2100.800048828125, Change: -0.16%
2025-04-24 10:28:34,898 - INFO - Yahoo data for LODHA.NS: Current: 1319.5, Prev Close: 1366.4000244140625, Change: -3.43%
2025-04-24 10:28:34,900 - INFO - Yahoo data for MUTHOOTFIN.NS: Current: 2145.5, Prev Close: 2191.39990234375, Change: -2.09%
2025-04-24 10:28:34,902 - INFO - Yahoo data for HDFCAMC.NS: Current: 4555.5, Prev Close: 4559.5, Change: -0.09%
2025-04-24 10:28:34,918 - INFO - Yahoo data for CHOLAFIN.NS: Current: 1542.5999755859375, Prev Close: 1566.800048828125, Change: -1.54%
2025-04-24 10:28:34,938 - INFO - Yahoo data for GODREJPROP.NS: Current: 2146.699951171875, Prev Close: 2152.39990234375, Change: -0.26%
2025-04-24 10:28:34,955 - INFO - Yahoo data for PRESTIGE.NS: Current: 1288.699951171875, Prev Close: 1323.800048828125, Change: -2.65%
2025-04-24 10:28:34,964 - INFO - Yahoo data for OBEROIRLTY.NS: Current: 1669.5, Prev Close: 1706.0, Change: -2.14%
2025-04-24 10:28:34,979 - INFO - Yahoo data for DLF.NS: Current: 678.7999877929688, Prev Close: 687.7000122070312, Change: -1.29%
2025-04-24 10:28:36,993 - INFO - Processing batch 8 with 1 tickers
2025-04-24 10:28:37,160 - INFO - Yahoo data for HUDCO.NS: Current: 230.6999969482422, Prev Close: 231.4499969482422, Change: -0.32%
2025-04-24 10:28:37,161 - INFO - Sector Metal: 13 stocks
2025-04-24 10:28:37,161 - INFO - Sector Consumer Durables: 7 stocks
2025-04-24 10:28:37,162 - INFO - Sector Auto: 14 stocks
2025-04-24 10:28:37,162 - INFO - Sector Pharma: 20 stocks
2025-04-24 10:28:37,162 - INFO - Sector FMCG: 12 stocks
2025-04-24 10:28:37,162 - INFO - Sector Oil & Gas: 18 stocks
2025-04-24 10:28:37,163 - INFO - Sector IT: 11 stocks
2025-04-24 10:28:37,163 - INFO - Sector Media: 8 stocks
2025-04-24 10:28:37,163 - INFO - Sector Bank: 17 stocks
2025-04-24 10:28:37,163 - INFO - Sector Financial Services: 14 stocks
2025-04-24 10:28:37,164 - INFO - Sector Realty: 6 stocks
2025-04-24 10:28:37,164 - INFO - Got market data for 140 stocks in 11 sectors
2025-04-24 10:28:37,164 - INFO - Calculating sector performance
2025-04-24 10:28:37,169 - INFO - Saved sector performance to sector.csv
2025-04-24 10:28:37,169 - INFO - Current sector performance summary:
2025-04-24 10:28:37,170 - INFO -   Media: +0.64% (Adv/Dec: 6/2)
2025-04-24 10:28:37,171 - INFO -   Auto: +0.41% (Adv/Dec: 3/10)
2025-04-24 10:28:37,172 - INFO -   Bank: +0.26% (Adv/Dec: 11/6)
2025-04-24 10:28:37,172 - INFO -   Oil & Gas: +0.11% (Adv/Dec: 8/10)
2025-04-24 10:28:37,173 - INFO -   Consumer Durables: -0.21% (Adv/Dec: 1/6)
2025-04-24 10:28:37,173 - INFO -   Metal: -0.29% (Adv/Dec: 5/7)
2025-04-24 10:28:37,173 - INFO -   Pharma: -0.39% (Adv/Dec: 10/10)
2025-04-24 10:28:37,174 - INFO -   Financial Services: -0.45% (Adv/Dec: 1/13)
2025-04-24 10:28:37,174 - INFO -   IT: -0.64% (Adv/Dec: 2/9)
2025-04-24 10:28:37,175 - INFO -   FMCG: -1.21% (Adv/Dec: 3/9)
2025-04-24 10:28:37,177 - INFO -   Realty: -1.79% (Adv/Dec: 0/6)
2025-04-24 10:28:37,179 - INFO - Top performing sectors:
2025-04-24 10:28:37,180 - INFO -   Media: 0.64%
2025-04-24 10:28:37,180 - INFO -   Auto: 0.41%
2025-04-24 10:28:37,180 - INFO -   Bank: 0.26%
2025-04-24 10:28:37,180 - INFO - Bottom performing sectors:
2025-04-24 10:28:37,181 - INFO -   IT: -0.64%
2025-04-24 10:28:37,181 - INFO -   FMCG: -1.21%
2025-04-24 10:28:37,181 - INFO -   Realty: -1.79%
2025-04-24 10:28:37,182 - INFO - Buy signals for 40 stocks in top sectors
2025-04-24 10:28:37,182 - INFO - Sell signals for 29 stocks in bottom sectors
2025-04-24 10:28:37,182 - INFO - Sector performance analysis completed in 20.48 seconds
2025-04-24 10:28:37,182 - INFO - Buy signals: 40, Sell signals: 29
2025-04-24 10:28:37,183 - INFO - Sample buy stocks: ['MOTHERSON.NS', 'TVSMOTOR.NS', 'TATAMOTORS.NS', 'HEROMOTOCO.NS', 'EXIDEIND.NS']
2025-04-24 10:28:37,183 - INFO - Sample sell stocks: ['COLPAL.NS', 'GODREJCP.NS', 'UBL.NS', 'UNITDSPR.NS', 'DABUR.NS']
2025-04-24 10:28:37,183 - INFO - Waiting 180 seconds for next refresh...
2025-04-24 10:31:37,197 - INFO - Collecting sector data from Yahoo Finance...
2025-04-24 10:31:37,197 - INFO - Getting market data from Yahoo Finance for 141 stocks grouped by sector
2025-04-24 10:31:37,197 - INFO - Processing batch 1 with 20 tickers
2025-04-24 10:31:37,562 - INFO - Yahoo data for NATIONALUM.NS: Current: 161.99000549316406, Prev Close: 162.07000732421875, Change: -0.05%
2025-04-24 10:31:37,584 - INFO - Yahoo data for JSL.NS: Current: 571.9000244140625, Prev Close: 575.4000244140625, Change: -0.61%
2025-04-24 10:31:37,663 - INFO - Yahoo data for TATASTEEL.NS: Current: 141.39999389648438, Prev Close: 141.16000366210938, Change: 0.17%
2025-04-24 10:31:37,665 - INFO - Yahoo data for VEDL.NS: Current: 420.75, Prev Close: 418.20001220703125, Change: 0.61%
2025-04-24 10:31:37,666 - INFO - Yahoo data for SAIL.NS: Current: 118.0, Prev Close: 116.76000213623047, Change: 1.06%
2025-04-24 10:31:37,667 - INFO - Yahoo data for NMDC.NS: Current: 68.08000183105469, Prev Close: 68.11000061035156, Change: -0.04%
2025-04-24 10:31:37,669 - INFO - Yahoo data for HINDALCO.NS: Current: 628.5999755859375, Prev Close: 629.0999755859375, Change: -0.08%
2025-04-24 10:31:37,675 - INFO - Yahoo data for APLAPOLLO.NS: Current: 1632.699951171875, Prev Close: 1623.800048828125, Change: 0.55%
2025-04-24 10:31:37,777 - INFO - Yahoo data for COALINDIA.NS: Current: 399.70001220703125, Prev Close: 398.95001220703125, Change: 0.19%
2025-04-24 10:31:37,851 - INFO - Yahoo data for JINDALSTEL.NS: Current: 905.9000244140625, Prev Close: 919.0499877929688, Change: -1.43%
2025-04-24 10:31:37,933 - INFO - Yahoo data for JSWSTEEL.NS: Current: 1045.4000244140625, Prev Close: 1039.199951171875, Change: 0.60%
2025-04-24 10:31:37,942 - INFO - Yahoo data for HINDCOPPER.NS: Current: 224.19000244140625, Prev Close: 225.32000732421875, Change: -0.50%
2025-04-24 10:31:37,965 - INFO - Yahoo data for BATAINDIA.NS: Current: 1224.9000244140625, Prev Close: 1231.800048828125, Change: -0.56%
2025-04-24 10:31:37,980 - INFO - Yahoo data for ADANIENT.NS: Current: 2436.800048828125, Prev Close: 2453.60009765625, Change: -0.68%
2025-04-24 10:31:38,053 - INFO - Yahoo data for TITAN.NS: Current: 3373.0, Prev Close: 3357.300048828125, Change: 0.47%
2025-04-24 10:31:38,055 - INFO - Yahoo data for HAVELLS.NS: Current: 1599.5, Prev Close: 1612.0, Change: -0.78%
2025-04-24 10:31:38,102 - INFO - Yahoo data for CROMPTON.NS: Current: 343.0, Prev Close: 343.79998779296875, Change: -0.23%
2025-04-24 10:31:38,119 - INFO - Yahoo data for DIXON.NS: Current: 16596.0, Prev Close: 16607.0, Change: -0.07%
2025-04-24 10:31:38,122 - INFO - Yahoo data for TIINDIA.NS: Current: 2655.10009765625, Prev Close: 2673.0, Change: -0.67%
2025-04-24 10:31:38,158 - INFO - Yahoo data for VOLTAS.NS: Current: 1275.5, Prev Close: 1299.0, Change: -1.81%
2025-04-24 10:31:40,175 - INFO - Processing batch 2 with 20 tickers
2025-04-24 10:31:40,462 - INFO - Yahoo data for TVSMOTOR.NS: Current: 2755.60009765625, Prev Close: 2806.699951171875, Change: -1.82%
2025-04-24 10:31:40,482 - INFO - Yahoo data for MOTHERSON.NS: Current: 135.7100067138672, Prev Close: 135.72999572753906, Change: -0.01%
2025-04-24 10:31:40,563 - INFO - Yahoo data for TATAMOTORS.NS: Current: 667.4500122070312, Prev Close: 659.9000244140625, Change: 1.14%
2025-04-24 10:31:40,594 - INFO - Yahoo data for HEROMOTOCO.NS: Current: 3943.60009765625, Prev Close: 3940.5, Change: 0.08%
2025-04-24 10:31:40,701 - INFO - Yahoo data for EXIDEIND.NS: Current: 382.75, Prev Close: 380.79998779296875, Change: 0.51%
2025-04-24 10:31:40,726 - INFO - Yahoo data for MARUTI.NS: Current: 11904.0, Prev Close: 11907.0, Change: -0.03%
2025-04-24 10:31:40,803 - INFO - Yahoo data for BOSCHLTD.NS: Current: 28470.0, Prev Close: 28415.0, Change: 0.19%
2025-04-24 10:31:40,812 - ERROR - Network error accessing Yahoo Finance for BAJAJAUTO.NS: HTTP Error 404: Not Found
2025-04-24 10:31:40,908 - INFO - Yahoo data for BHARATFORG.NS: Current: 1106.9000244140625, Prev Close: 1135.5, Change: -2.52%
2025-04-24 10:31:40,924 - INFO - Yahoo data for MRF.NS: Current: 129755.0, Prev Close: 127980.0, Change: 1.39%
2025-04-24 10:31:41,033 - INFO - Yahoo data for BALKRISIND.NS: Current: 2584.10009765625, Prev Close: 2577.0, Change: 0.28%
2025-04-24 10:31:41,045 - INFO - Yahoo data for ASHOKLEY.NS: Current: 230.32000732421875, Prev Close: 230.67999267578125, Change: -0.16%
2025-04-24 10:31:41,073 - INFO - Yahoo data for ABBOTINDIA.NS: Current: 30055.0, Prev Close: 30470.0, Change: -1.36%
2025-04-24 10:31:41,076 - INFO - Yahoo data for SONACOMS.NS: Current: 469.3500061035156, Prev Close: 478.45001220703125, Change: -1.90%
2025-04-24 10:31:41,092 - INFO - Yahoo data for M&M.NS: Current: 2900.699951171875, Prev Close: 2917.800048828125, Change: -0.59%
2025-04-24 10:31:41,093 - INFO - Yahoo data for EICHERMOT.NS: Current: 5647.5, Prev Close: 5740.0, Change: -1.61%
2025-04-24 10:31:41,170 - INFO - Yahoo data for DIVISLAB.NS: Current: 6201.0, Prev Close: 5924.5, Change: 4.67%
2025-04-24 10:31:41,171 - INFO - Yahoo data for ALKEM.NS: Current: 5180.0, Prev Close: 5233.0, Change: -1.01%
2025-04-24 10:31:41,175 - INFO - Yahoo data for LALPATHLAB.NS: Current: 2787.39990234375, Prev Close: 2768.199951171875, Change: 0.69%
2025-04-24 10:31:41,229 - INFO - Yahoo data for APOLLOHOSP.NS: Current: 7130.5, Prev Close: 7142.0, Change: -0.16%
2025-04-24 10:31:43,237 - INFO - Processing batch 3 with 20 tickers
2025-04-24 10:31:43,602 - INFO - Yahoo data for GLENMARK.NS: Current: 1424.699951171875, Prev Close: 1412.5, Change: 0.86%
2025-04-24 10:31:43,613 - INFO - Yahoo data for AUROPHARMA.NS: Current: 1256.9000244140625, Prev Close: 1246.800048828125, Change: 0.81%
2025-04-24 10:31:43,704 - INFO - Yahoo data for DRREDDY.NS: Current: 1196.0, Prev Close: 1186.0, Change: 0.84%
2025-04-24 10:31:43,750 - INFO - Yahoo data for IPCALAB.NS: Current: 1440.0999755859375, Prev Close: 1470.9000244140625, Change: -2.09%
2025-04-24 10:31:43,762 - INFO - Yahoo data for SUNPHARMA.NS: Current: 1800.5, Prev Close: 1788.800048828125, Change: 0.65%
2025-04-24 10:31:43,810 - INFO - Yahoo data for LUPIN.NS: Current: 2102.89990234375, Prev Close: 2089.5, Change: 0.64%
2025-04-24 10:31:43,863 - INFO - Yahoo data for MAXHEALTH.NS: Current: 1109.699951171875, Prev Close: 1129.5999755859375, Change: -1.76%
2025-04-24 10:31:43,996 - INFO - Yahoo data for LAURUSLABS.NS: Current: 652.0, Prev Close: 650.7000122070312, Change: 0.20%
2025-04-24 10:31:44,096 - INFO - Yahoo data for GRANULES.NS: Current: 477.6000061035156, Prev Close: 484.95001220703125, Change: -1.52%
2025-04-24 10:31:44,098 - INFO - Yahoo data for CIPLA.NS: Current: 1549.300048828125, Prev Close: 1533.699951171875, Change: 1.02%
2025-04-24 10:31:44,101 - INFO - Yahoo data for BIOCON.NS: Current: 327.1000061035156, Prev Close: 335.70001220703125, Change: -2.56%
2025-04-24 10:31:44,129 - INFO - Yahoo data for ZYDUSLIFE.NS: Current: 880.9500122070312, Prev Close: 868.0, Change: 1.49%
2025-04-24 10:31:44,133 - INFO - Yahoo data for TORNTPHARM.NS: Current: 3318.199951171875, Prev Close: 3332.39990234375, Change: -0.43%
2025-04-24 10:31:44,155 - INFO - Yahoo data for METROPOLIS.NS: Current: 1765.0, Prev Close: 1749.699951171875, Change: 0.87%
2025-04-24 10:31:44,237 - INFO - Yahoo data for SYNGENE.NS: Current: 653.6500244140625, Prev Close: 749.1500244140625, Change: -12.75%
2025-04-24 10:31:44,280 - INFO - Yahoo data for COLPAL.NS: Current: 2726.5, Prev Close: 2688.60009765625, Change: 1.41%
2025-04-24 10:31:44,305 - INFO - Yahoo data for UNITDSPR.NS: Current: 1560.0, Prev Close: 1580.4000244140625, Change: -1.29%
2025-04-24 10:31:44,320 - INFO - Yahoo data for GODREJCP.NS: Current: 1263.0, Prev Close: 1268.5, Change: -0.43%
2025-04-24 10:31:44,323 - INFO - Yahoo data for UBL.NS: Current: 2171.800048828125, Prev Close: 2238.89990234375, Change: -3.00%
2025-04-24 10:31:44,387 - INFO - Yahoo data for DABUR.NS: Current: 492.0, Prev Close: 486.20001220703125, Change: 1.19%
2025-04-24 10:31:46,396 - INFO - Processing batch 4 with 20 tickers
2025-04-24 10:31:46,658 - INFO - Yahoo data for VBL.NS: Current: 531.7000122070312, Prev Close: 549.1500244140625, Change: -3.18%
2025-04-24 10:31:46,744 - INFO - Yahoo data for MARICO.NS: Current: 712.9000244140625, Prev Close: 716.5499877929688, Change: -0.51%
2025-04-24 10:31:46,819 - INFO - Yahoo data for NESTLEIND.NS: Current: 2428.10009765625, Prev Close: 2433.39990234375, Change: -0.22%
2025-04-24 10:31:46,838 - INFO - Yahoo data for ITC.NS: Current: 430.29998779296875, Prev Close: 430.8500061035156, Change: -0.13%
2025-04-24 10:31:46,955 - INFO - Yahoo data for ADANIGREEN.NS: Current: 964.9500122070312, Prev Close: 952.5, Change: 1.31%
2025-04-24 10:31:47,052 - INFO - Yahoo data for RELIANCE.NS: Current: 1299.699951171875, Prev Close: 1300.0, Change: -0.02%
2025-04-24 10:31:47,055 - INFO - Yahoo data for HINDUNILVR.NS: Current: 2323.699951171875, Prev Close: 2423.800048828125, Change: -4.13%
2025-04-24 10:31:47,060 - INFO - Yahoo data for BRITANNIA.NS: Current: 5449.7998046875, Prev Close: 5544.2998046875, Change: -1.70%
2025-04-24 10:31:47,064 - INFO - Yahoo data for TATACONSUM.NS: Current: 1159.5, Prev Close: 1150.0999755859375, Change: 0.82%
2025-04-24 10:31:47,319 - INFO - Yahoo data for ONGC.NS: Current: 249.2899932861328, Prev Close: 252.1699981689453, Change: -1.14%
2025-04-24 10:31:47,330 - INFO - Yahoo data for NTPC.NS: Current: 362.95001220703125, Prev Close: 363.79998779296875, Change: -0.23%
2025-04-24 10:31:47,332 - INFO - Yahoo data for TATAPOWER.NS: Current: 395.95001220703125, Prev Close: 394.45001220703125, Change: 0.38%
2025-04-24 10:31:47,435 - INFO - Yahoo data for IOC.NS: Current: 138.32000732421875, Prev Close: 137.64999389648438, Change: 0.49%
2025-04-24 10:31:47,438 - INFO - Yahoo data for BPCL.NS: Current: 302.1499938964844, Prev Close: 300.45001220703125, Change: 0.57%
2025-04-24 10:31:47,441 - INFO - Yahoo data for POWERGRID.NS: Current: 314.6000061035156, Prev Close: 314.95001220703125, Change: -0.11%
2025-04-24 10:31:47,500 - INFO - Yahoo data for JIOFIN.NS: Current: 258.29998779296875, Prev Close: 258.1400146484375, Change: 0.06%
2025-04-24 10:31:47,504 - INFO - Yahoo data for ADANIENSOL.NS: Current: 949.0999755859375, Prev Close: 938.7999877929688, Change: 1.10%
2025-04-24 10:31:47,523 - INFO - Yahoo data for OIL.NS: Current: 402.29998779296875, Prev Close: 406.8500061035156, Change: -1.12%
2025-04-24 10:31:47,526 - INFO - Yahoo data for GAIL.NS: Current: 193.3800048828125, Prev Close: 193.5, Change: -0.06%
2025-04-24 10:31:47,540 - INFO - Yahoo data for HINDPETRO.NS: Current: 390.25, Prev Close: 388.79998779296875, Change: 0.37%
2025-04-24 10:31:49,552 - INFO - Processing batch 5 with 20 tickers
2025-04-24 10:31:49,896 - INFO - Yahoo data for ATGL.NS: Current: 623.25, Prev Close: 626.5, Change: -0.52%
2025-04-24 10:31:49,958 - INFO - Yahoo data for PETRONET.NS: Current: 312.5, Prev Close: 315.45001220703125, Change: -0.94%
2025-04-24 10:31:49,986 - INFO - Yahoo data for GUJGASLTD.NS: Current: 457.8999938964844, Prev Close: 451.3500061035156, Change: 1.45%
2025-04-24 10:31:49,988 - INFO - Yahoo data for IGL.NS: Current: 185.14999389648438, Prev Close: 185.50999450683594, Change: -0.19%
2025-04-24 10:31:50,067 - INFO - Yahoo data for LTTS.NS: Current: 4475.2998046875, Prev Close: 4451.39990234375, Change: 0.54%
2025-04-24 10:31:50,096 - INFO - Yahoo data for COFORGE.NS: Current: 7253.5, Prev Close: 7392.0, Change: -1.87%
2025-04-24 10:31:50,168 - INFO - Yahoo data for TCS.NS: Current: 3391.699951171875, Prev Close: 3413.0, Change: -0.62%
2025-04-24 10:31:50,239 - INFO - Yahoo data for MGL.NS: Current: 1328.199951171875, Prev Close: 1323.0999755859375, Change: 0.39%
2025-04-24 10:31:50,306 - INFO - Yahoo data for PERSISTENT.NS: Current: 5184.5, Prev Close: 5163.5, Change: 0.41%
2025-04-24 10:31:50,459 - INFO - Yahoo data for BSOFT.NS: Current: 395.45001220703125, Prev Close: 399.6499938964844, Change: -1.05%
2025-04-24 10:31:50,462 - INFO - Yahoo data for MPHASIS.NS: Current: 2455.60009765625, Prev Close: 2507.300048828125, Change: -2.06%
2025-04-24 10:31:50,490 - INFO - Yahoo data for LTIM.NS: Current: 4519.7001953125, Prev Close: 4536.7001953125, Change: -0.37%
2025-04-24 10:31:50,493 - INFO - Yahoo data for WIPRO.NS: Current: 242.0, Prev Close: 243.60000610351562, Change: -0.66%
2025-04-24 10:31:50,596 - INFO - Yahoo data for TECHM.NS: Current: 1441.5, Prev Close: 1439.5999755859375, Change: 0.13%
2025-04-24 10:31:50,658 - INFO - Yahoo data for HCLTECH.NS: Current: 1582.5, Prev Close: 1594.0, Change: -0.72%
2025-04-24 10:31:50,662 - INFO - Yahoo data for SUNTV.NS: Current: 657.9500122070312, Prev Close: 656.4500122070312, Change: 0.23%
2025-04-24 10:31:50,701 - INFO - Yahoo data for NAZARA.NS: Current: 1023.0, Prev Close: 1006.9500122070312, Change: 1.59%
2025-04-24 10:31:50,731 - INFO - Yahoo data for PVRINOX.NS: Current: 1010.7000122070312, Prev Close: 982.5499877929688, Change: 2.86%
2025-04-24 10:31:50,736 - INFO - Yahoo data for NETWORK18.NS: Current: 46.31999969482422, Prev Close: 45.869998931884766, Change: 0.98%
2025-04-24 10:31:50,769 - INFO - Yahoo data for INFY.NS: Current: 1466.199951171875, Prev Close: 1474.9000244140625, Change: -0.59%
2025-04-24 10:31:52,791 - INFO - Processing batch 6 with 20 tickers
2025-04-24 10:31:53,121 - INFO - Yahoo data for SAREGAMA.NS: Current: 546.8499755859375, Prev Close: 565.5499877929688, Change: -3.31%
2025-04-24 10:31:53,141 - INFO - Yahoo data for ZEEL.NS: Current: 114.0999984741211, Prev Close: 114.58999633789062, Change: -0.43%
2025-04-24 10:31:53,142 - INFO - Yahoo data for HATHWAY.NS: Current: 14.8100004196167, Prev Close: 14.729999542236328, Change: 0.54%
2025-04-24 10:31:53,198 - INFO - Yahoo data for DISHTV.NS: Current: 5.420000076293945, Prev Close: 5.389999866485596, Change: 0.56%
2025-04-24 10:31:53,231 - INFO - Yahoo data for SBIN.NS: Current: 815.0, Prev Close: 813.4500122070312, Change: 0.19%
2025-04-24 10:31:53,234 - INFO - Yahoo data for CANBK.NS: Current: 99.47000122070312, Prev Close: 99.44999694824219, Change: 0.02%
2025-04-24 10:31:53,238 - INFO - Yahoo data for BANKINDIA.NS: Current: 118.58999633789062, Prev Close: 117.77999877929688, Change: 0.69%
2025-04-24 10:31:53,311 - INFO - Yahoo data for UNIONBANK.NS: Current: 128.63999938964844, Prev Close: 129.3000030517578, Change: -0.51%
2025-04-24 10:31:53,347 - INFO - Yahoo data for PNB.NS: Current: 102.61000061035156, Prev Close: 103.01000213623047, Change: -0.39%
2025-04-24 10:31:53,422 - INFO - Yahoo data for INDIANB.NS: Current: 574.7000122070312, Prev Close: 582.0999755859375, Change: -1.27%
2025-04-24 10:31:53,439 - INFO - Yahoo data for BANKBARODA.NS: Current: 251.8300018310547, Prev Close: 251.47000122070312, Change: 0.14%
2025-04-24 10:31:53,504 - INFO - Yahoo data for HDFCBANK.NS: Current: 1918.5999755859375, Prev Close: 1923.9000244140625, Change: -0.28%
2025-04-24 10:31:53,522 - INFO - Yahoo data for KOTAKBANK.NS: Current: 2227.699951171875, Prev Close: 2227.0, Change: 0.03%
2025-04-24 10:31:53,580 - INFO - Yahoo data for CUB.NS: Current: 182.0, Prev Close: 176.88999938964844, Change: 2.89%
2025-04-24 10:31:53,581 - INFO - Yahoo data for BANDHANBNK.NS: Current: 170.67999267578125, Prev Close: 170.58999633789062, Change: 0.05%
2025-04-24 10:31:53,636 - INFO - Yahoo data for IDFCFIRSTB.NS: Current: 67.5999984741211, Prev Close: 68.44999694824219, Change: -1.24%
2025-04-24 10:31:53,651 - INFO - Yahoo data for RBLBANK.NS: Current: 197.10000610351562, Prev Close: 191.6699981689453, Change: 2.83%
2025-04-24 10:31:53,678 - INFO - Yahoo data for AXISBANK.NS: Current: 1207.5999755859375, Prev Close: 1206.9000244140625, Change: 0.06%
2025-04-24 10:31:53,691 - INFO - Yahoo data for FEDERALBNK.NS: Current: 201.8800048828125, Prev Close: 199.77000427246094, Change: 1.06%
2025-04-24 10:31:53,705 - INFO - Yahoo data for ICICIBANK.NS: Current: 1405.699951171875, Prev Close: 1424.4000244140625, Change: -1.31%
2025-04-24 10:31:55,709 - INFO - Processing batch 7 with 20 tickers
2025-04-24 10:31:56,028 - INFO - Yahoo data for INDUSINDBK.NS: Current: 822.0499877929688, Prev Close: 794.2000122070312, Change: 3.51%
2025-04-24 10:31:56,052 - INFO - Yahoo data for SBILIFE.NS: Current: 1610.199951171875, Prev Close: 1615.5, Change: -0.33%
2025-04-24 10:31:56,056 - INFO - Yahoo data for ICICIGI.NS: Current: 1879.9000244140625, Prev Close: 1880.0, Change: -0.01%
2025-04-24 10:31:56,162 - INFO - Yahoo data for IEX.NS: Current: 190.9499969482422, Prev Close: 191.3300018310547, Change: -0.20%
2025-04-24 10:31:56,189 - INFO - Yahoo data for PEL.NS: Current: 1022.4500122070312, Prev Close: 1021.5, Change: 0.09%
2025-04-24 10:31:56,214 - INFO - Yahoo data for HDFCLIFE.NS: Current: 708.6500244140625, Prev Close: 709.0999755859375, Change: -0.06%
2025-04-24 10:31:56,341 - INFO - Yahoo data for PFC.NS: Current: 434.54998779296875, Prev Close: 433.1000061035156, Change: 0.33%
2025-04-24 10:31:56,391 - INFO - Yahoo data for M&MFIN.NS: Current: 269.20001220703125, Prev Close: 269.8999938964844, Change: -0.26%
2025-04-24 10:31:56,479 - INFO - Yahoo data for ICICIPRULI.NS: Current: 602.3499755859375, Prev Close: 607.0, Change: -0.77%
2025-04-24 10:31:56,480 - INFO - Yahoo data for RECLTD.NS: Current: 440.29998779296875, Prev Close: 440.79998779296875, Change: -0.11%
2025-04-24 10:31:56,561 - INFO - Yahoo data for BAJAJFINSV.NS: Current: 2104.89990234375, Prev Close: 2100.800048828125, Change: 0.20%
2025-04-24 10:31:56,597 - INFO - Yahoo data for LODHA.NS: Current: 1320.0999755859375, Prev Close: 1366.4000244140625, Change: -3.39%
2025-04-24 10:31:56,617 - INFO - Yahoo data for HDFCAMC.NS: Current: 4550.2998046875, Prev Close: 4559.5, Change: -0.20%
2025-04-24 10:31:56,628 - INFO - Yahoo data for MUTHOOTFIN.NS: Current: 2146.10009765625, Prev Close: 2191.39990234375, Change: -2.07%
2025-04-24 10:31:56,636 - INFO - Yahoo data for GODREJPROP.NS: Current: 2146.89990234375, Prev Close: 2152.39990234375, Change: -0.26%
2025-04-24 10:31:56,640 - INFO - Yahoo data for CHOLAFIN.NS: Current: 1542.5999755859375, Prev Close: 1566.800048828125, Change: -1.54%
2025-04-24 10:31:56,643 - INFO - Yahoo data for PRESTIGE.NS: Current: 1292.5999755859375, Prev Close: 1323.800048828125, Change: -2.36%
2025-04-24 10:31:56,656 - INFO - Yahoo data for BAJFINANCE.NS: Current: 9300.5, Prev Close: 9323.0, Change: -0.24%
2025-04-24 10:31:56,664 - INFO - Yahoo data for OBEROIRLTY.NS: Current: 1671.5999755859375, Prev Close: 1706.0, Change: -2.02%
2025-04-24 10:31:56,685 - INFO - Yahoo data for DLF.NS: Current: 679.6500244140625, Prev Close: 687.7000122070312, Change: -1.17%
2025-04-24 10:31:58,699 - INFO - Processing batch 8 with 1 tickers
2025-04-24 10:31:58,822 - INFO - Yahoo data for HUDCO.NS: Current: 229.83999633789062, Prev Close: 231.4499969482422, Change: -0.70%
2025-04-24 10:31:58,823 - INFO - Sector Metal: 13 stocks
2025-04-24 10:31:58,824 - INFO - Sector Consumer Durables: 7 stocks
2025-04-24 10:31:58,825 - INFO - Sector Auto: 14 stocks
2025-04-24 10:31:58,825 - INFO - Sector Pharma: 20 stocks
2025-04-24 10:31:58,825 - INFO - Sector FMCG: 12 stocks
2025-04-24 10:31:58,826 - INFO - Sector Oil & Gas: 18 stocks
2025-04-24 10:31:58,826 - INFO - Sector IT: 11 stocks
2025-04-24 10:31:58,826 - INFO - Sector Media: 8 stocks
2025-04-24 10:31:58,827 - INFO - Sector Bank: 17 stocks
2025-04-24 10:31:58,827 - INFO - Sector Financial Services: 14 stocks
2025-04-24 10:31:58,827 - INFO - Sector Realty: 6 stocks
2025-04-24 10:31:58,828 - INFO - Got market data for 140 stocks in 11 sectors
2025-04-24 10:31:58,828 - INFO - Calculating sector performance
2025-04-24 10:31:58,834 - INFO - Saved sector performance to sector.csv
2025-04-24 10:31:58,834 - INFO - Current sector performance summary:
2025-04-24 10:31:58,835 - INFO -   Auto: +0.87% (Adv/Dec: 6/8)
2025-04-24 10:31:58,836 - INFO -   Media: +0.8% (Adv/Dec: 6/2)
2025-04-24 10:31:58,837 - INFO -   Oil & Gas: +0.27% (Adv/Dec: 9/9)
2025-04-24 10:31:58,837 - INFO -   Bank: +0.11% (Adv/Dec: 11/6)
2025-04-24 10:31:58,838 - INFO -   Metal: -0.17% (Adv/Dec: 6/7)
2025-04-24 10:31:58,839 - INFO -   Consumer Durables: -0.21% (Adv/Dec: 1/6)
2025-04-24 10:31:58,841 - INFO -   Pharma: -0.36% (Adv/Dec: 11/9)
2025-04-24 10:31:58,843 - INFO -   Financial Services: -0.4% (Adv/Dec: 3/11)
2025-04-24 10:31:58,843 - INFO -   IT: -0.64% (Adv/Dec: 3/8)
2025-04-24 10:31:58,844 - INFO -   FMCG: -1.22% (Adv/Dec: 3/9)
2025-04-24 10:31:58,845 - INFO -   Realty: -1.7% (Adv/Dec: 0/6)
2025-04-24 10:31:58,849 - INFO - Top performing sectors:
2025-04-24 10:31:58,850 - INFO -   Auto: 0.87%
2025-04-24 10:31:58,851 - INFO -   Media: 0.80%
2025-04-24 10:31:58,851 - INFO -   Oil & Gas: 0.27%
2025-04-24 10:31:58,851 - INFO - Bottom performing sectors:
2025-04-24 10:31:58,852 - INFO -   IT: -0.64%
2025-04-24 10:31:58,852 - INFO -   FMCG: -1.22%
2025-04-24 10:31:58,852 - INFO -   Realty: -1.70%
2025-04-24 10:31:58,852 - INFO - Buy signals for 41 stocks in top sectors
2025-04-24 10:31:58,853 - INFO - Sell signals for 29 stocks in bottom sectors
2025-04-24 10:31:58,853 - INFO - Sector performance analysis completed in 21.66 seconds
2025-04-24 10:31:58,853 - INFO - Buy signals: 41, Sell signals: 29
2025-04-24 10:31:58,854 - INFO - Sample buy stocks: ['MOTHERSON.NS', 'TVSMOTOR.NS', 'TATAMOTORS.NS', 'HEROMOTOCO.NS', 'EXIDEIND.NS']
2025-04-24 10:31:58,854 - INFO - Sample sell stocks: ['COLPAL.NS', 'GODREJCP.NS', 'UBL.NS', 'UNITDSPR.NS', 'DABUR.NS']
2025-04-24 10:31:58,854 - INFO - Waiting 180 seconds for next refresh...
2025-04-24 10:34:11,481 - INFO - Sector analysis stopped by user.
2025-04-24 10:34:14,924 - INFO - ==========================================
2025-04-24 10:34:14,924 - INFO - Starting Sector Performance Analyzer (Yahoo Finance)
2025-04-24 10:34:14,924 - INFO - ==========================================
2025-04-24 10:34:14,925 - INFO - Step 1: Loading sector mapping...
2025-04-24 10:34:14,926 - INFO - Sector mapping loaded successfully with 141 tickers
2025-04-24 10:34:14,927 - INFO - Loaded sector mapping with 141 tickers
2025-04-24 10:34:14,927 - INFO - Step 2: Testing Yahoo Finance data retrieval...
2025-04-24 10:34:14,928 - INFO - Testing Yahoo Finance data retrieval...
2025-04-24 10:34:14,928 - INFO - Testing Yahoo Finance data retrieval for RELIANCE.NS...
2025-04-24 10:34:15,083 - INFO - Successfully retrieved data for RELIANCE.NS: Price 1299.800048828125, Previous Close 1300.0
2025-04-24 10:34:15,083 - INFO - Yahoo Finance data retrieval test successful
2025-04-24 10:34:15,084 - INFO - Step 3: Starting continuous sector performance analysis...
2025-04-24 10:34:15,084 - INFO - Analysis will refresh every 180 seconds
2025-04-24 10:34:15,084 - INFO - Collecting sector data from Yahoo Finance...
2025-04-24 10:34:15,084 - INFO - Getting market data from Yahoo Finance for 141 stocks grouped by sector
2025-04-24 10:34:15,085 - INFO - Processing batch 1 with 20 tickers
2025-04-24 10:34:17,885 - INFO - Processing batch 2 with 20 tickers
2025-04-24 10:34:18,459 - ERROR - Network error accessing Yahoo Finance for BAJAJAUTO.NS: HTTP Error 404: Not Found
2025-04-24 10:34:20,772 - INFO - Processing batch 3 with 20 tickers
2025-04-24 10:34:23,606 - INFO - Processing batch 4 with 20 tickers
2025-04-24 10:34:26,501 - INFO - Processing batch 5 with 20 tickers
2025-04-24 10:34:29,321 - INFO - Processing batch 6 with 20 tickers
2025-04-24 10:34:32,158 - INFO - Processing batch 7 with 20 tickers
2025-04-24 10:34:35,024 - INFO - Processing batch 8 with 1 tickers
2025-04-24 10:34:35,164 - INFO - Sector Metal: 13 stocks
2025-04-24 10:34:35,164 - INFO - Sector Consumer Durables: 7 stocks
2025-04-24 10:34:35,164 - INFO - Sector Auto: 14 stocks
2025-04-24 10:34:35,165 - INFO - Sector Pharma: 20 stocks
2025-04-24 10:34:35,166 - INFO - Sector FMCG: 12 stocks
2025-04-24 10:34:35,166 - INFO - Sector Oil & Gas: 18 stocks
2025-04-24 10:34:35,166 - INFO - Sector IT: 11 stocks
2025-04-24 10:34:35,166 - INFO - Sector Media: 8 stocks
2025-04-24 10:34:35,167 - INFO - Sector Bank: 17 stocks
2025-04-24 10:34:35,167 - INFO - Sector Financial Services: 14 stocks
2025-04-24 10:34:35,167 - INFO - Sector Realty: 6 stocks
2025-04-24 10:34:35,167 - INFO - Got market data for 140 stocks in 11 sectors
2025-04-24 10:34:35,168 - INFO - Calculating sector performance using simple averaging method
2025-04-24 10:34:35,176 - INFO - Saved sector performance to sector.csv
2025-04-24 10:34:35,177 - INFO - Current sector performance summary:
2025-04-24 10:34:35,178 - INFO -   Media: +0.43% (Adv/Dec: 6/2)
2025-04-24 10:34:35,179 - INFO -   Bank: +0.4% (Adv/Dec: 9/8)
2025-04-24 10:34:35,180 - INFO -   Oil & Gas: +0.15% (Adv/Dec: 9/8)
2025-04-24 10:34:35,181 - INFO -   Metal: -0.03% (Adv/Dec: 6/7)
2025-04-24 10:34:35,182 - INFO -   Financial Services: -0.31% (Adv/Dec: 5/9)
2025-04-24 10:34:35,186 - INFO -   Auto: -0.35% (Adv/Dec: 6/8)
2025-04-24 10:34:35,186 - INFO -   IT: -0.46% (Adv/Dec: 3/8)
2025-04-24 10:34:35,187 - INFO -   Consumer Durables: -0.47% (Adv/Dec: 1/6)
2025-04-24 10:34:35,188 - INFO -   Pharma: -0.51% (Adv/Dec: 11/9)
2025-04-24 10:34:35,188 - INFO -   FMCG: -0.79% (Adv/Dec: 4/8)
2025-04-24 10:34:35,189 - INFO -   Realty: -1.61% (Adv/Dec: 0/6)
2025-04-24 10:34:35,192 - INFO - Top performing sectors:
2025-04-24 10:34:35,193 - INFO -   Media: 0.43%
2025-04-24 10:34:35,193 - INFO -   Bank: 0.40%
2025-04-24 10:34:35,193 - INFO -   Oil & Gas: 0.15%
2025-04-24 10:34:35,194 - INFO - Bottom performing sectors:
2025-04-24 10:34:35,194 - INFO -   Pharma: -0.51%
2025-04-24 10:34:35,194 - INFO -   FMCG: -0.79%
2025-04-24 10:34:35,195 - INFO -   Realty: -1.61%
2025-04-24 10:34:35,195 - INFO - Buy signals for 43 stocks in top sectors
2025-04-24 10:34:35,195 - INFO - Sell signals for 38 stocks in bottom sectors
2025-04-24 10:34:35,195 - INFO - Sector performance analysis completed in 20.11 seconds
2025-04-24 10:34:35,196 - INFO - Buy signals: 43, Sell signals: 38
2025-04-24 10:34:35,200 - INFO - Sample buy stocks: ['RELIANCE.NS', 'ADANIGREEN.NS', 'TATAPOWER.NS', 'BPCL.NS', 'NTPC.NS']
2025-04-24 10:34:35,201 - INFO - Sample sell stocks: ['ABBOTINDIA.NS', 'DIVISLAB.NS', 'APOLLOHOSP.NS', 'ALKEM.NS', 'LALPATHLAB.NS']
2025-04-24 10:34:35,201 - INFO - Waiting 180 seconds for next refresh...
2025-04-24 10:37:35,216 - INFO - Collecting sector data from Yahoo Finance...
2025-04-24 10:37:35,218 - INFO - Getting market data from Yahoo Finance for 141 stocks grouped by sector
2025-04-24 10:37:35,219 - INFO - Processing batch 1 with 20 tickers
2025-04-24 10:37:38,070 - INFO - Processing batch 2 with 20 tickers
2025-04-24 10:37:38,753 - ERROR - Network error accessing Yahoo Finance for BAJAJAUTO.NS: HTTP Error 404: Not Found
2025-04-24 10:37:40,922 - INFO - Processing batch 3 with 20 tickers
2025-04-24 10:37:43,944 - INFO - Processing batch 4 with 20 tickers
2025-04-24 10:37:46,828 - INFO - Processing batch 5 with 20 tickers
2025-04-24 10:37:50,626 - INFO - Processing batch 6 with 20 tickers
2025-04-24 10:37:54,399 - INFO - Processing batch 7 with 20 tickers
2025-04-24 10:37:58,234 - INFO - Processing batch 8 with 1 tickers
2025-04-24 10:37:58,364 - INFO - Sector Metal: 13 stocks
2025-04-24 10:37:58,364 - INFO - Sector Consumer Durables: 7 stocks
2025-04-24 10:37:58,365 - INFO - Sector Auto: 14 stocks
2025-04-24 10:37:58,366 - INFO - Sector Pharma: 20 stocks
2025-04-24 10:37:58,366 - INFO - Sector FMCG: 12 stocks
2025-04-24 10:37:58,367 - INFO - Sector Oil & Gas: 18 stocks
2025-04-24 10:37:58,368 - INFO - Sector IT: 11 stocks
2025-04-24 10:37:58,369 - INFO - Sector Media: 8 stocks
2025-04-24 10:37:58,369 - INFO - Sector Bank: 17 stocks
2025-04-24 10:37:58,370 - INFO - Sector Financial Services: 14 stocks
2025-04-24 10:37:58,371 - INFO - Sector Realty: 6 stocks
2025-04-24 10:37:58,372 - INFO - Got market data for 140 stocks in 11 sectors
2025-04-24 10:37:58,372 - INFO - Calculating sector performance using simple averaging method
2025-04-24 10:37:58,390 - INFO - Saved sector performance to sector.csv
2025-04-24 10:37:58,392 - INFO - Current sector performance summary:
2025-04-24 10:37:58,394 - INFO -   Media: +0.46% (Adv/Dec: 6/2)
2025-04-24 10:37:58,396 - INFO -   Bank: +0.27% (Adv/Dec: 8/9)
2025-04-24 10:37:58,396 - INFO -   Oil & Gas: +0.14% (Adv/Dec: 11/7)
2025-04-24 10:37:58,397 - INFO -   Metal: -0.06% (Adv/Dec: 6/7)
2025-04-24 10:37:58,398 - INFO -   Auto: -0.3% (Adv/Dec: 6/7)
2025-04-24 10:37:58,398 - INFO -   IT: -0.36% (Adv/Dec: 3/8)
2025-04-24 10:37:58,399 - INFO -   Financial Services: -0.36% (Adv/Dec: 4/10)
2025-04-24 10:37:58,400 - INFO -   Consumer Durables: -0.5% (Adv/Dec: 1/6)
2025-04-24 10:37:58,400 - INFO -   Pharma: -0.53% (Adv/Dec: 11/9)
2025-04-24 10:37:58,401 - INFO -   FMCG: -0.76% (Adv/Dec: 4/8)
2025-04-24 10:37:58,402 - INFO -   Realty: -1.6% (Adv/Dec: 0/6)
2025-04-24 10:37:58,408 - INFO - Top performing sectors:
2025-04-24 10:37:58,408 - INFO -   Media: 0.46%
2025-04-24 10:37:58,408 - INFO -   Bank: 0.27%
2025-04-24 10:37:58,409 - INFO -   Oil & Gas: 0.14%
2025-04-24 10:37:58,409 - INFO - Bottom performing sectors:
2025-04-24 10:37:58,409 - INFO -   Pharma: -0.53%
2025-04-24 10:37:58,410 - INFO -   FMCG: -0.76%
2025-04-24 10:37:58,410 - INFO -   Realty: -1.60%
2025-04-24 10:37:58,410 - INFO - Buy signals for 43 stocks in top sectors
2025-04-24 10:37:58,410 - INFO - Sell signals for 38 stocks in bottom sectors
2025-04-24 10:37:58,411 - INFO - Sector performance analysis completed in 23.20 seconds
2025-04-24 10:37:58,411 - INFO - Buy signals: 43, Sell signals: 38
2025-04-24 10:37:58,411 - INFO - Sample buy stocks: ['RELIANCE.NS', 'ADANIGREEN.NS', 'TATAPOWER.NS', 'BPCL.NS', 'NTPC.NS']
2025-04-24 10:37:58,412 - INFO - Sample sell stocks: ['ABBOTINDIA.NS', 'DIVISLAB.NS', 'APOLLOHOSP.NS', 'ALKEM.NS', 'LALPATHLAB.NS']
2025-04-24 10:37:58,412 - INFO - Waiting 180 seconds for next refresh...
2025-04-24 10:39:59,305 - INFO - Sector analysis stopped by user.
2025-04-24 10:40:02,495 - INFO - ==========================================
2025-04-24 10:40:02,495 - INFO - Starting Sector Performance Analyzer (Yahoo Finance)
2025-04-24 10:40:02,496 - INFO - ==========================================
2025-04-24 10:40:02,496 - INFO - Step 1: Loading sector mapping...
2025-04-24 10:40:02,497 - INFO - Sector mapping loaded successfully with 142 tickers
2025-04-24 10:40:02,497 - INFO - Loaded sector mapping with 142 tickers
2025-04-24 10:40:02,497 - INFO - Step 2: Testing Yahoo Finance data retrieval...
2025-04-24 10:40:02,497 - INFO - Testing Yahoo Finance data retrieval...
2025-04-24 10:40:02,498 - INFO - Testing Yahoo Finance data retrieval for RELIANCE.NS...
2025-04-24 10:40:02,657 - INFO - Successfully retrieved data for RELIANCE.NS: Price 1301.5999755859375, Previous Close 1300.0
2025-04-24 10:40:02,658 - INFO - Yahoo Finance data retrieval test successful
2025-04-24 10:40:02,658 - INFO - Step 3: Starting continuous sector performance analysis...
2025-04-24 10:40:02,658 - INFO - Analysis will refresh every 180 seconds
2025-04-24 10:40:02,659 - INFO - Collecting sector data from Yahoo Finance...
2025-04-24 10:40:02,659 - INFO - Getting market data from Yahoo Finance for 142 stocks grouped by sector
2025-04-24 10:40:02,659 - INFO - Processing batch 1 with 20 tickers
2025-04-24 10:40:05,450 - INFO - Processing batch 2 with 20 tickers
2025-04-24 10:40:06,027 - ERROR - Network error accessing Yahoo Finance for BAJAJAUTO.NS: HTTP Error 404: Not Found
2025-04-24 10:40:08,299 - INFO - Processing batch 3 with 20 tickers
2025-04-24 10:40:11,195 - INFO - Processing batch 4 with 20 tickers
2025-04-24 10:40:13,986 - INFO - Processing batch 5 with 20 tickers
2025-04-24 10:40:16,821 - INFO - Processing batch 6 with 20 tickers
2025-04-24 10:40:19,627 - INFO - Processing batch 7 with 20 tickers
2025-04-24 10:40:22,462 - INFO - Processing batch 8 with 2 tickers
2025-04-24 10:40:22,643 - INFO - Sector Metal: 13 stocks
2025-04-24 10:40:22,643 - INFO - Sector Consumer Durables: 7 stocks
2025-04-24 10:40:22,643 - INFO - Sector Auto: 14 stocks
2025-04-24 10:40:22,643 - INFO - Sector Pharma: 21 stocks
2025-04-24 10:40:22,644 - INFO - Sector FMCG: 12 stocks
2025-04-24 10:40:22,644 - INFO - Sector Oil & Gas: 18 stocks
2025-04-24 10:40:22,644 - INFO - Sector IT: 11 stocks
2025-04-24 10:40:22,645 - INFO - Sector Media: 8 stocks
2025-04-24 10:40:22,645 - INFO - Sector Bank: 17 stocks
2025-04-24 10:40:22,645 - INFO - Sector Financial Services: 14 stocks
2025-04-24 10:40:22,646 - INFO - Sector Realty: 6 stocks
2025-04-24 10:40:22,646 - INFO - Got market data for 141 stocks in 11 sectors
2025-04-24 10:40:22,646 - INFO - Calculating sector performance using simple averaging method
2025-04-24 10:40:22,654 - INFO - Saved sector performance to sector.csv
2025-04-24 10:40:22,655 - INFO - Current sector performance summary:
2025-04-24 10:40:22,656 - INFO -   Pharma: +0.6% (Adv/Dec: 12/9)
2025-04-24 10:40:22,658 - INFO -   Media: +0.44% (Adv/Dec: 6/2)
2025-04-24 10:40:22,659 - INFO -   Bank: +0.22% (Adv/Dec: 7/10)
2025-04-24 10:40:22,660 - INFO -   Oil & Gas: +0.16% (Adv/Dec: 9/7)
2025-04-24 10:40:22,662 - INFO -   Metal: -0.1% (Adv/Dec: 6/7)
2025-04-24 10:40:22,663 - INFO -   Auto: -0.25% (Adv/Dec: 6/8)
2025-04-24 10:40:22,664 - INFO -   IT: -0.32% (Adv/Dec: 3/8)
2025-04-24 10:40:22,665 - INFO -   Financial Services: -0.34% (Adv/Dec: 4/10)
2025-04-24 10:40:22,665 - INFO -   Consumer Durables: -0.42% (Adv/Dec: 1/6)
2025-04-24 10:40:22,666 - INFO -   FMCG: -0.77% (Adv/Dec: 4/8)
2025-04-24 10:40:22,666 - INFO -   Realty: -1.56% (Adv/Dec: 0/6)
2025-04-24 10:40:22,669 - INFO - Top performing sectors:
2025-04-24 10:40:22,669 - INFO -   Pharma: 0.60%
2025-04-24 10:40:22,670 - INFO -   Media: 0.44%
2025-04-24 10:40:22,670 - INFO -   Bank: 0.22%
2025-04-24 10:40:22,671 - INFO - Bottom performing sectors:
2025-04-24 10:40:22,671 - INFO -   Consumer Durables: -0.42%
2025-04-24 10:40:22,671 - INFO -   FMCG: -0.77%
2025-04-24 10:40:22,672 - INFO -   Realty: -1.56%
2025-04-24 10:40:22,672 - INFO - Buy signals for 46 stocks in top sectors
2025-04-24 10:40:22,672 - INFO - Sell signals for 25 stocks in bottom sectors
2025-04-24 10:40:22,672 - INFO - Sector performance analysis completed in 20.01 seconds
2025-04-24 10:40:22,673 - INFO - Buy signals: 46, Sell signals: 25
2025-04-24 10:40:22,673 - INFO - Sample buy stocks: ['NATCOPHARM.NS', 'DIVISLAB.NS', 'STAR.NS', 'SANOFI.NS', 'ZYDUSLIFE.NS']
2025-04-24 10:40:22,673 - INFO - Sample sell stocks: ['BATAINDIA.NS', 'TITAN.NS', 'HAVELLS.NS', 'CROMPTON.NS', 'VOLTAS.NS']
2025-04-24 10:40:22,673 - INFO - Waiting 180 seconds for next refresh...
2025-04-24 10:43:04,335 - INFO - Sector analysis stopped by user.
2025-04-24 10:49:40,326 - INFO - ==========================================
2025-04-24 10:49:40,326 - INFO - Starting Sector Performance Analyzer (Yahoo Finance)
2025-04-24 10:49:40,327 - INFO - ==========================================
2025-04-24 10:49:40,327 - INFO - Step 1: Loading sector mapping...
2025-04-24 10:49:40,328 - INFO - Sector mapping loaded successfully with 174 tickers
2025-04-24 10:49:40,328 - INFO - Loaded sector mapping with 174 tickers
2025-04-24 10:49:40,329 - INFO - Step 2: Testing Yahoo Finance data retrieval...
2025-04-24 10:49:40,329 - INFO - Testing Yahoo Finance data retrieval...
2025-04-24 10:49:40,329 - INFO - Testing Yahoo Finance data retrieval for RELIANCE.NS...
2025-04-24 10:49:40,478 - INFO - Successfully retrieved data for RELIANCE.NS: Price 1303.699951171875, Previous Close 1300.0
2025-04-24 10:49:40,479 - INFO - Yahoo Finance data retrieval test successful
2025-04-24 10:49:40,479 - INFO - Step 3: Starting continuous sector performance analysis...
2025-04-24 10:49:40,479 - INFO - Analysis will refresh every 180 seconds
2025-04-24 10:49:40,480 - INFO - Collecting sector data from Yahoo Finance...
2025-04-24 10:49:40,480 - INFO - Getting market data from Yahoo Finance for 174 stocks grouped by sector
2025-04-24 10:49:40,480 - INFO - Processing batch 1 with 20 tickers
2025-04-24 10:49:43,297 - INFO - Processing batch 2 with 20 tickers
2025-04-24 10:49:44,002 - ERROR - Network error accessing Yahoo Finance for BAJAJELE.NS: HTTP Error 404: Not Found
2025-04-24 10:49:44,031 - ERROR - Network error accessing Yahoo Finance for BLUESTAR.NS: HTTP Error 404: Not Found
2025-04-24 10:49:46,071 - INFO - Processing batch 3 with 20 tickers
2025-04-24 10:49:46,631 - ERROR - Network error accessing Yahoo Finance for ADANITRANS.NS: HTTP Error 404: Not Found
2025-04-24 10:49:48,904 - INFO - Processing batch 4 with 20 tickers
2025-04-24 10:49:51,795 - INFO - Processing batch 5 with 20 tickers
2025-04-24 10:49:52,082 - ERROR - Network error accessing Yahoo Finance for MAHAGAS.NS: HTTP Error 404: Not Found
2025-04-24 10:49:54,713 - INFO - Processing batch 6 with 20 tickers
2025-04-24 10:49:58,497 - INFO - Processing batch 7 with 20 tickers
2025-04-24 10:49:58,859 - ERROR - Network error accessing Yahoo Finance for HDFC.NS: HTTP Error 404: Not Found
2025-04-24 10:49:59,124 - ERROR - Network error accessing Yahoo Finance for SRTRANSFIN.NS: HTTP Error 404: Not Found
2025-04-24 10:50:01,408 - INFO - Processing batch 8 with 20 tickers
2025-04-24 10:50:01,992 - WARNING - Could not extract price data for BOB.NS from Yahoo response
2025-04-24 10:50:02,187 - ERROR - Network error accessing Yahoo Finance for PHOENIX.NS: HTTP Error 404: Not Found
2025-04-24 10:50:02,276 - ERROR - Network error accessing Yahoo Finance for IREO.NS: HTTP Error 404: Not Found
2025-04-24 10:50:04,294 - INFO - Processing batch 9 with 14 tickers
2025-04-24 10:50:04,910 - INFO - Sector IT: 10 stocks
2025-04-24 10:50:04,911 - INFO - Sector Metal: 17 stocks
2025-04-24 10:50:04,911 - INFO - Sector Consumer Durables: 13 stocks
2025-04-24 10:50:04,911 - INFO - Sector Energy: 9 stocks
2025-04-24 10:50:04,912 - INFO - Sector Pharma: 26 stocks
2025-04-24 10:50:04,912 - INFO - Sector Oil & Gas: 10 stocks
2025-04-24 10:50:04,912 - INFO - Sector Auto: 17 stocks
2025-04-24 10:50:04,912 - INFO - Sector Financial Services: 18 stocks
2025-04-24 10:50:04,913 - INFO - Sector PVT Bank: 4 stocks
2025-04-24 10:50:04,913 - INFO - Sector Bank: 3 stocks
2025-04-24 10:50:04,914 - INFO - Sector Media: 8 stocks
2025-04-24 10:50:04,914 - INFO - Sector PSU Bank: 7 stocks
2025-04-24 10:50:04,915 - INFO - Sector Realty: 8 stocks
2025-04-24 10:50:04,915 - INFO - Sector FMCG: 15 stocks
2025-04-24 10:50:04,915 - INFO - Got market data for 165 stocks in 14 sectors
2025-04-24 10:50:04,916 - INFO - Calculating sector performance using modified averaging method
2025-04-24 10:50:04,916 - INFO - Sector IT: Using trimmed mean of 8 values out of 10 stocks
2025-04-24 10:50:04,916 - INFO - Sector Metal: Using trimmed mean of 15 values out of 17 stocks
2025-04-24 10:50:04,917 - INFO - Sector Consumer Durables: Using trimmed mean of 11 values out of 13 stocks
2025-04-24 10:50:04,917 - INFO - Sector Energy: Using median value for 9 stocks
2025-04-24 10:50:04,917 - INFO - Sector Pharma: Using trimmed mean of 22 values out of 26 stocks
2025-04-24 10:50:04,918 - INFO - Sector Oil & Gas: Using trimmed mean of 8 values out of 10 stocks
2025-04-24 10:50:04,918 - INFO - Sector Auto: Using trimmed mean of 15 values out of 17 stocks
2025-04-24 10:50:04,918 - INFO - Sector Financial Services: Using trimmed mean of 16 values out of 18 stocks
2025-04-24 10:50:04,919 - INFO - Sector PVT Bank: Using median value for 4 stocks
2025-04-24 10:50:04,919 - INFO - Sector Bank: Using median value for 3 stocks
2025-04-24 10:50:04,919 - INFO - Sector Media: Using median value for 8 stocks
2025-04-24 10:50:04,920 - INFO - Sector PSU Bank: Using median value for 7 stocks
2025-04-24 10:50:04,920 - INFO - Sector Realty: Using median value for 8 stocks
2025-04-24 10:50:04,921 - INFO - Sector FMCG: Using trimmed mean of 13 values out of 15 stocks
2025-04-24 10:50:04,935 - INFO - Saved sector performance to sector.csv
2025-04-24 10:50:04,935 - INFO - Current sector performance summary:
2025-04-24 10:50:04,936 - INFO -   PVT Bank: +1.53% (Adv/Dec: 3/1)
2025-04-24 10:50:04,937 - INFO -   Media: +0.46% (Adv/Dec: 5/3)
2025-04-24 10:50:04,938 - INFO -   Metal: +0.39% (Adv/Dec: 11/6)
2025-04-24 10:50:04,938 - INFO -   Consumer Durables: +0.25% (Adv/Dec: 5/8)
2025-04-24 10:50:04,939 - INFO -   Pharma: +0.2% (Adv/Dec: 15/11)
2025-04-24 10:50:04,939 - INFO -   Oil & Gas: +0.0% (Adv/Dec: 6/4)
2025-04-24 10:50:04,940 - INFO -   Energy: -0.03% (Adv/Dec: 3/6)
2025-04-24 10:50:04,940 - INFO -   Bank: -0.06% (Adv/Dec: 1/2)
2025-04-24 10:50:04,940 - INFO -   Auto: -0.29% (Adv/Dec: 5/10)
2025-04-24 10:50:04,941 - INFO -   FMCG: -0.29% (Adv/Dec: 6/9)
2025-04-24 10:50:04,941 - INFO -   PSU Bank: -0.42% (Adv/Dec: 1/6)
2025-04-24 10:50:04,942 - INFO -   Financial Services: -0.36% (Adv/Dec: 5/13)
2025-04-24 10:50:04,943 - INFO -   IT: -0.33% (Adv/Dec: 4/6)
2025-04-24 10:50:04,944 - INFO -   Realty: -0.95% (Adv/Dec: 0/8)
2025-04-24 10:50:04,951 - INFO - Top performing sectors:
2025-04-24 10:50:04,952 - INFO -   PVT Bank: 1.53%
2025-04-24 10:50:04,952 - INFO -   Media: 0.46%
2025-04-24 10:50:04,952 - INFO -   Metal: 0.39%
2025-04-24 10:50:04,953 - INFO - Bottom performing sectors:
2025-04-24 10:50:04,953 - INFO -   Financial Services: -0.36%
2025-04-24 10:50:04,953 - INFO -   PSU Bank: -0.42%
2025-04-24 10:50:04,953 - INFO -   Realty: -0.95%
2025-04-24 10:50:04,954 - INFO - Buy signals for 29 stocks in top sectors
2025-04-24 10:50:04,954 - INFO - Sell signals for 38 stocks in bottom sectors
2025-04-24 10:50:04,954 - INFO - Sector performance analysis completed in 24.47 seconds
2025-04-24 10:50:04,954 - INFO - Buy signals: 29, Sell signals: 38
2025-04-24 10:50:04,955 - INFO - Sample buy stocks: ['HINDALCO.NS', 'JSL.NS', 'TATASTEEL.NS', 'JSWSTEEL.NS', 'COALINDIA.NS']
2025-04-24 10:50:04,955 - INFO - Sample sell stocks: ['HDFCAMC.NS', 'RECLTD.NS', 'CHOLAFIN.NS', 'SBILIFE.NS', 'ICICIPRULI.NS']
2025-04-24 10:50:04,955 - INFO - Waiting 180 seconds for next refresh...
2025-04-24 10:53:05,074 - INFO - Collecting sector data from Yahoo Finance...
2025-04-24 10:53:05,112 - INFO - Getting market data from Yahoo Finance for 174 stocks grouped by sector
2025-04-24 10:53:05,120 - INFO - Processing batch 1 with 20 tickers
2025-04-24 10:53:09,007 - INFO - Processing batch 2 with 20 tickers
2025-04-24 10:53:09,803 - ERROR - Network error accessing Yahoo Finance for BAJAJELE.NS: HTTP Error 404: Not Found
2025-04-24 10:53:09,807 - ERROR - Network error accessing Yahoo Finance for BLUESTAR.NS: HTTP Error 404: Not Found
2025-04-24 10:53:11,892 - INFO - Processing batch 3 with 20 tickers
2025-04-24 10:53:12,604 - ERROR - Network error accessing Yahoo Finance for ADANITRANS.NS: HTTP Error 404: Not Found
2025-04-24 10:53:14,826 - INFO - Processing batch 4 with 20 tickers
2025-04-24 10:53:17,737 - INFO - Processing batch 5 with 20 tickers
2025-04-24 10:53:18,180 - ERROR - Network error accessing Yahoo Finance for MAHAGAS.NS: HTTP Error 404: Not Found
2025-04-24 10:53:20,615 - INFO - Processing batch 6 with 20 tickers
2025-04-24 10:53:23,604 - INFO - Processing batch 7 with 20 tickers
2025-04-24 10:53:23,993 - ERROR - Network error accessing Yahoo Finance for HDFC.NS: HTTP Error 404: Not Found
2025-04-24 10:53:24,157 - ERROR - Network error accessing Yahoo Finance for SRTRANSFIN.NS: HTTP Error 404: Not Found
2025-04-24 10:53:26,550 - INFO - Processing batch 8 with 20 tickers
2025-04-24 10:53:27,914 - WARNING - Could not extract price data for BOB.NS from Yahoo response
2025-04-24 10:53:28,250 - ERROR - Network error accessing Yahoo Finance for IREO.NS: HTTP Error 404: Not Found
2025-04-24 10:53:28,251 - ERROR - Network error accessing Yahoo Finance for PHOENIX.NS: HTTP Error 404: Not Found
2025-04-24 10:53:30,319 - INFO - Processing batch 9 with 14 tickers
2025-04-24 10:53:31,375 - INFO - Sector IT: 10 stocks
2025-04-24 10:53:31,376 - INFO - Sector Metal: 17 stocks
2025-04-24 10:53:31,376 - INFO - Sector Consumer Durables: 13 stocks
2025-04-24 10:53:31,376 - INFO - Sector Energy: 9 stocks
2025-04-24 10:53:31,376 - INFO - Sector Pharma: 26 stocks
2025-04-24 10:53:31,377 - INFO - Sector Oil & Gas: 10 stocks
2025-04-24 10:53:31,377 - INFO - Sector Auto: 17 stocks
2025-04-24 10:53:31,377 - INFO - Sector Financial Services: 18 stocks
2025-04-24 10:53:31,378 - INFO - Sector PVT Bank: 4 stocks
2025-04-24 10:53:31,378 - INFO - Sector Bank: 3 stocks
2025-04-24 10:53:31,378 - INFO - Sector Media: 8 stocks
2025-04-24 10:53:31,378 - INFO - Sector PSU Bank: 7 stocks
2025-04-24 10:53:31,379 - INFO - Sector Realty: 8 stocks
2025-04-24 10:53:31,379 - INFO - Sector FMCG: 15 stocks
2025-04-24 10:53:31,379 - INFO - Got market data for 165 stocks in 14 sectors
2025-04-24 10:53:31,380 - INFO - Calculating sector performance using modified averaging method
2025-04-24 10:53:31,380 - INFO - Sector IT: Using trimmed mean of 8 values out of 10 stocks
2025-04-24 10:53:31,380 - INFO - Sector Metal: Using trimmed mean of 15 values out of 17 stocks
2025-04-24 10:53:31,383 - INFO - Sector Consumer Durables: Using trimmed mean of 11 values out of 13 stocks
2025-04-24 10:53:31,384 - INFO - Sector Energy: Using median value for 9 stocks
2025-04-24 10:53:31,385 - INFO - Sector Pharma: Using trimmed mean of 22 values out of 26 stocks
2025-04-24 10:53:31,385 - INFO - Sector Oil & Gas: Using trimmed mean of 8 values out of 10 stocks
2025-04-24 10:53:31,386 - INFO - Sector Auto: Using trimmed mean of 15 values out of 17 stocks
2025-04-24 10:53:31,386 - INFO - Sector Financial Services: Using trimmed mean of 16 values out of 18 stocks
2025-04-24 10:53:31,386 - INFO - Sector PVT Bank: Using median value for 4 stocks
2025-04-24 10:53:31,387 - INFO - Sector Bank: Using median value for 3 stocks
2025-04-24 10:53:31,387 - INFO - Sector Media: Using median value for 8 stocks
2025-04-24 10:53:31,387 - INFO - Sector PSU Bank: Using median value for 7 stocks
2025-04-24 10:53:31,388 - INFO - Sector Realty: Using median value for 8 stocks
2025-04-24 10:53:31,388 - INFO - Sector FMCG: Using trimmed mean of 13 values out of 15 stocks
2025-04-24 10:53:31,401 - INFO - Saved sector performance to sector.csv
2025-04-24 10:53:31,406 - INFO - Current sector performance summary:
2025-04-24 10:53:31,408 - INFO -   PVT Bank: +2.09% (Adv/Dec: 4/0)
2025-04-24 10:53:31,411 - INFO -   Media: +0.68% (Adv/Dec: 5/2)
2025-04-24 10:53:31,412 - INFO -   Metal: +0.4% (Adv/Dec: 11/6)
2025-04-24 10:53:31,413 - INFO -   Consumer Durables: +0.32% (Adv/Dec: 5/8)
2025-04-24 10:53:31,413 - INFO -   Pharma: +0.23% (Adv/Dec: 16/10)
2025-04-24 10:53:31,414 - INFO -   Energy: +0.03% (Adv/Dec: 5/4)
2025-04-24 10:53:31,414 - INFO -   Oil & Gas: -0.03% (Adv/Dec: 5/5)
2025-04-24 10:53:31,415 - INFO -   Bank: -0.11% (Adv/Dec: 1/2)
2025-04-24 10:53:31,417 - INFO -   IT: -0.3% (Adv/Dec: 2/8)
2025-04-24 10:53:31,419 - INFO -   FMCG: -0.3% (Adv/Dec: 6/9)
2025-04-24 10:53:31,419 - INFO -   Auto: -0.3% (Adv/Dec: 7/10)
2025-04-24 10:53:31,420 - INFO -   Financial Services: -0.36% (Adv/Dec: 5/13)
2025-04-24 10:53:31,420 - INFO -   PSU Bank: -0.53% (Adv/Dec: 1/6)
2025-04-24 10:53:31,425 - INFO -   Realty: -1.05% (Adv/Dec: 0/8)
2025-04-24 10:53:31,429 - INFO - Top performing sectors:
2025-04-24 10:53:31,429 - INFO -   PVT Bank: 2.09%
2025-04-24 10:53:31,429 - INFO -   Media: 0.68%
2025-04-24 10:53:31,430 - INFO -   Metal: 0.40%
2025-04-24 10:53:31,430 - INFO - Bottom performing sectors:
2025-04-24 10:53:31,430 - INFO -   Financial Services: -0.36%
2025-04-24 10:53:31,431 - INFO -   PSU Bank: -0.53%
2025-04-24 10:53:31,431 - INFO -   Realty: -1.05%
2025-04-24 10:53:31,431 - INFO - Buy signals for 29 stocks in top sectors
2025-04-24 10:53:31,432 - INFO - Sell signals for 38 stocks in bottom sectors
2025-04-24 10:53:31,433 - INFO - Sector performance analysis completed in 26.36 seconds
2025-04-24 10:53:31,435 - INFO - Buy signals: 29, Sell signals: 38
2025-04-24 10:53:31,436 - INFO - Sample buy stocks: ['HINDALCO.NS', 'JSL.NS', 'TATASTEEL.NS', 'JSWSTEEL.NS', 'COALINDIA.NS']
2025-04-24 10:53:31,438 - INFO - Sample sell stocks: ['HDFCAMC.NS', 'RECLTD.NS', 'CHOLAFIN.NS', 'SBILIFE.NS', 'ICICIPRULI.NS']
2025-04-24 10:53:31,440 - INFO - Waiting 180 seconds for next refresh...
2025-04-24 10:56:31,451 - INFO - Collecting sector data from Yahoo Finance...
2025-04-24 10:56:31,452 - INFO - Getting market data from Yahoo Finance for 174 stocks grouped by sector
2025-04-24 10:56:31,452 - INFO - Processing batch 1 with 20 tickers
2025-04-24 10:56:34,583 - INFO - Processing batch 2 with 20 tickers
2025-04-24 10:56:35,481 - ERROR - Network error accessing Yahoo Finance for BLUESTAR.NS: HTTP Error 404: Not Found
2025-04-24 10:56:35,537 - ERROR - Network error accessing Yahoo Finance for BAJAJELE.NS: HTTP Error 404: Not Found
2025-04-24 10:56:37,582 - INFO - Processing batch 3 with 20 tickers
2025-04-24 10:56:38,704 - ERROR - Network error accessing Yahoo Finance for ADANITRANS.NS: HTTP Error 404: Not Found
2025-04-24 10:56:40,813 - INFO - Processing batch 4 with 20 tickers
2025-04-24 10:56:43,950 - INFO - Processing batch 5 with 20 tickers
2025-04-24 10:56:44,349 - ERROR - Network error accessing Yahoo Finance for MAHAGAS.NS: HTTP Error 404: Not Found
2025-04-24 10:56:47,070 - INFO - Processing batch 6 with 20 tickers
2025-04-24 10:56:50,096 - INFO - Processing batch 7 with 20 tickers
2025-04-24 10:56:50,449 - ERROR - Network error accessing Yahoo Finance for HDFC.NS: HTTP Error 404: Not Found
2025-04-24 10:56:50,737 - ERROR - Network error accessing Yahoo Finance for SRTRANSFIN.NS: HTTP Error 404: Not Found
2025-04-24 10:56:52,965 - INFO - Processing batch 8 with 20 tickers
2025-04-24 10:56:53,538 - WARNING - Could not extract price data for BOB.NS from Yahoo response
2025-04-24 10:56:53,783 - ERROR - Network error accessing Yahoo Finance for PHOENIX.NS: HTTP Error 404: Not Found
2025-04-24 10:56:53,821 - ERROR - Network error accessing Yahoo Finance for IREO.NS: HTTP Error 404: Not Found
2025-04-24 10:56:55,881 - INFO - Processing batch 9 with 14 tickers
2025-04-24 10:56:56,646 - INFO - Sector IT: 10 stocks
2025-04-24 10:56:56,647 - INFO - Sector Metal: 17 stocks
2025-04-24 10:56:56,652 - INFO - Sector Consumer Durables: 13 stocks
2025-04-24 10:56:56,653 - INFO - Sector Energy: 9 stocks
2025-04-24 10:56:56,654 - INFO - Sector Pharma: 26 stocks
2025-04-24 10:56:56,655 - INFO - Sector Oil & Gas: 10 stocks
2025-04-24 10:56:56,656 - INFO - Sector Auto: 17 stocks
2025-04-24 10:56:56,657 - INFO - Sector Financial Services: 18 stocks
2025-04-24 10:56:56,659 - INFO - Sector PVT Bank: 4 stocks
2025-04-24 10:56:56,660 - INFO - Sector Bank: 3 stocks
2025-04-24 10:56:56,661 - INFO - Sector Media: 8 stocks
2025-04-24 10:56:56,662 - INFO - Sector PSU Bank: 7 stocks
2025-04-24 10:56:56,663 - INFO - Sector Realty: 8 stocks
2025-04-24 10:56:56,665 - INFO - Sector FMCG: 15 stocks
2025-04-24 10:56:56,666 - INFO - Got market data for 165 stocks in 14 sectors
2025-04-24 10:56:56,667 - INFO - Calculating sector performance using modified averaging method
2025-04-24 10:56:56,668 - INFO - Sector IT: Using trimmed mean of 8 values out of 10 stocks
2025-04-24 10:56:56,669 - INFO - Sector Metal: Using trimmed mean of 15 values out of 17 stocks
2025-04-24 10:56:56,669 - INFO - Sector Consumer Durables: Using trimmed mean of 11 values out of 13 stocks
2025-04-24 10:56:56,673 - INFO - Sector Energy: Using median value for 9 stocks
2025-04-24 10:56:56,674 - INFO - Sector Pharma: Using trimmed mean of 22 values out of 26 stocks
2025-04-24 10:56:56,675 - INFO - Sector Oil & Gas: Using trimmed mean of 8 values out of 10 stocks
2025-04-24 10:56:56,676 - INFO - Sector Auto: Using trimmed mean of 15 values out of 17 stocks
2025-04-24 10:56:56,676 - INFO - Sector Financial Services: Using trimmed mean of 16 values out of 18 stocks
2025-04-24 10:56:56,677 - INFO - Sector PVT Bank: Using median value for 4 stocks
2025-04-24 10:56:56,679 - INFO - Sector Bank: Using median value for 3 stocks
2025-04-24 10:56:56,680 - INFO - Sector Media: Using median value for 8 stocks
2025-04-24 10:56:56,681 - INFO - Sector PSU Bank: Using median value for 7 stocks
2025-04-24 10:56:56,682 - INFO - Sector Realty: Using median value for 8 stocks
2025-04-24 10:56:56,682 - INFO - Sector FMCG: Using trimmed mean of 13 values out of 15 stocks
2025-04-24 10:56:56,694 - INFO - Saved sector performance to sector.csv
2025-04-24 10:56:56,696 - INFO - Current sector performance summary:
2025-04-24 10:56:56,697 - INFO -   PVT Bank: +2.35% (Adv/Dec: 4/0)
2025-04-24 10:56:56,698 - INFO -   Media: +0.44% (Adv/Dec: 6/2)
2025-04-24 10:56:56,698 - INFO -   Metal: +0.43% (Adv/Dec: 10/7)
2025-04-24 10:56:56,699 - INFO -   Consumer Durables: +0.39% (Adv/Dec: 5/8)
2025-04-24 10:56:56,700 - INFO -   Pharma: +0.24% (Adv/Dec: 16/10)
2025-04-24 10:56:56,700 - INFO -   Oil & Gas: +0.04% (Adv/Dec: 5/5)
2025-04-24 10:56:56,701 - INFO -   Energy: +0.03% (Adv/Dec: 5/4)
2025-04-24 10:56:56,702 - INFO -   Bank: -0.19% (Adv/Dec: 1/2)
2025-04-24 10:56:56,704 - INFO -   IT: -0.33% (Adv/Dec: 2/8)
2025-04-24 10:56:56,709 - INFO -   FMCG: -0.28% (Adv/Dec: 5/10)
2025-04-24 10:56:56,710 - INFO -   Auto: -0.33% (Adv/Dec: 7/10)
2025-04-24 10:56:56,711 - INFO -   Financial Services: -0.43% (Adv/Dec: 4/14)
2025-04-24 10:56:56,712 - INFO -   PSU Bank: -0.55% (Adv/Dec: 1/6)
2025-04-24 10:56:56,712 - INFO -   Realty: -1.19% (Adv/Dec: 0/8)
2025-04-24 10:56:56,728 - INFO - Top performing sectors:
2025-04-24 10:56:56,729 - INFO -   PVT Bank: 2.35%
2025-04-24 10:56:56,730 - INFO -   Media: 0.44%
2025-04-24 10:56:56,730 - INFO -   Metal: 0.43%
2025-04-24 10:56:56,731 - INFO - Bottom performing sectors:
2025-04-24 10:56:56,731 - INFO -   Financial Services: -0.43%
2025-04-24 10:56:56,731 - INFO -   PSU Bank: -0.55%
2025-04-24 10:56:56,732 - INFO -   Realty: -1.19%
2025-04-24 10:56:56,733 - INFO - Buy signals for 29 stocks in top sectors
2025-04-24 10:56:56,733 - INFO - Sell signals for 38 stocks in bottom sectors
2025-04-24 10:56:56,734 - INFO - Sector performance analysis completed in 25.28 seconds
2025-04-24 10:56:56,734 - INFO - Buy signals: 29, Sell signals: 38
2025-04-24 10:56:56,735 - INFO - Sample buy stocks: ['HINDALCO.NS', 'JSL.NS', 'TATASTEEL.NS', 'JSWSTEEL.NS', 'COALINDIA.NS']
2025-04-24 10:56:56,739 - INFO - Sample sell stocks: ['HDFCAMC.NS', 'RECLTD.NS', 'CHOLAFIN.NS', 'SBILIFE.NS', 'ICICIPRULI.NS']
2025-04-24 10:56:56,742 - INFO - Waiting 180 seconds for next refresh...
2025-04-24 10:57:54,800 - INFO - Sector analysis stopped by user.
2025-04-24 10:57:57,718 - INFO - ==========================================
2025-04-24 10:57:57,718 - INFO - Starting Sector Performance Analyzer (Yahoo Finance)
2025-04-24 10:57:57,719 - INFO - ==========================================
2025-04-24 10:57:57,719 - INFO - Step 1: Loading sector mapping...
2025-04-24 10:57:57,720 - INFO - Sector mapping loaded successfully with 176 tickers
2025-04-24 10:57:57,720 - INFO - Loaded sector mapping with 176 tickers
2025-04-24 10:57:57,720 - INFO - Step 2: Testing Yahoo Finance data retrieval...
2025-04-24 10:57:57,720 - INFO - Testing Yahoo Finance data retrieval...
2025-04-24 10:57:57,721 - INFO - Testing Yahoo Finance data retrieval for RELIANCE.NS...
2025-04-24 10:57:57,874 - INFO - Successfully retrieved data for RELIANCE.NS: Price 1303.0, Previous Close 1300.0
2025-04-24 10:57:57,874 - INFO - Yahoo Finance data retrieval test successful
2025-04-24 10:57:57,875 - INFO - Step 3: Starting continuous sector performance analysis...
2025-04-24 10:57:57,875 - INFO - Analysis will refresh every 180 seconds
2025-04-24 10:57:57,875 - INFO - Collecting sector data from Yahoo Finance...
2025-04-24 10:57:57,875 - INFO - Getting market data from Yahoo Finance for 176 stocks grouped by sector
2025-04-24 10:57:57,876 - INFO - Processing batch 1 with 20 tickers
2025-04-24 10:58:00,687 - INFO - Processing batch 2 with 20 tickers
2025-04-24 10:58:01,415 - ERROR - Network error accessing Yahoo Finance for BAJAJELE.NS: HTTP Error 404: Not Found
2025-04-24 10:58:01,456 - ERROR - Network error accessing Yahoo Finance for BLUESTAR.NS: HTTP Error 404: Not Found
2025-04-24 10:58:03,504 - INFO - Processing batch 3 with 20 tickers
2025-04-24 10:58:04,176 - ERROR - Network error accessing Yahoo Finance for ADANITRANS.NS: HTTP Error 404: Not Found
2025-04-24 10:58:06,508 - INFO - Processing batch 4 with 20 tickers
2025-04-24 10:58:09,321 - INFO - Processing batch 5 with 20 tickers
2025-04-24 10:58:09,596 - ERROR - Network error accessing Yahoo Finance for MAHAGAS.NS: HTTP Error 404: Not Found
2025-04-24 10:58:12,135 - INFO - Processing batch 6 with 20 tickers
2025-04-24 10:58:15,086 - INFO - Processing batch 7 with 20 tickers
2025-04-24 10:58:15,630 - ERROR - Network error accessing Yahoo Finance for HDFC.NS: HTTP Error 404: Not Found
2025-04-24 10:58:15,713 - ERROR - Network error accessing Yahoo Finance for SRTRANSFIN.NS: HTTP Error 404: Not Found
2025-04-24 10:58:18,046 - INFO - Processing batch 8 with 20 tickers
2025-04-24 10:58:18,592 - WARNING - Could not extract price data for BOB.NS from Yahoo response
2025-04-24 10:58:18,793 - ERROR - Network error accessing Yahoo Finance for PHOENIX.NS: HTTP Error 404: Not Found
2025-04-24 10:58:18,811 - ERROR - Network error accessing Yahoo Finance for IREO.NS: HTTP Error 404: Not Found
2025-04-24 10:58:20,848 - INFO - Processing batch 9 with 16 tickers
2025-04-24 10:58:21,576 - INFO - Sector IT: 10 stocks
2025-04-24 10:58:21,576 - INFO - Sector Metal: 17 stocks
2025-04-24 10:58:21,577 - INFO - Sector Consumer Durables: 13 stocks
2025-04-24 10:58:21,578 - INFO - Sector Energy: 9 stocks
2025-04-24 10:58:21,578 - INFO - Sector Pharma: 26 stocks
2025-04-24 10:58:21,578 - INFO - Sector Oil & Gas: 10 stocks
2025-04-24 10:58:21,578 - INFO - Sector Auto: 17 stocks
2025-04-24 10:58:21,578 - INFO - Sector Financial Services: 16 stocks
2025-04-24 10:58:21,578 - INFO - Sector PVT Bank: 8 stocks
2025-04-24 10:58:21,578 - INFO - Sector Bank: 3 stocks
2025-04-24 10:58:21,579 - INFO - Sector Media: 8 stocks
2025-04-24 10:58:21,579 - INFO - Sector PSU Bank: 7 stocks
2025-04-24 10:58:21,579 - INFO - Sector Realty: 8 stocks
2025-04-24 10:58:21,579 - INFO - Sector FMCG: 15 stocks
2025-04-24 10:58:21,580 - INFO - Got market data for 167 stocks in 14 sectors
2025-04-24 10:58:21,587 - INFO - Saved sector performance to sector.csv
2025-04-24 10:58:21,587 - INFO - Current sector performance summary:
2025-04-24 10:58:21,589 - INFO -   Bank: +0.81% (Adv/Dec: 1/2)
2025-04-24 10:58:21,590 - INFO -   Consumer Durables: +0.66% (Adv/Dec: 5/8)
2025-04-24 10:58:21,591 - INFO -   PVT Bank: +0.5% (Adv/Dec: 4/4)
2025-04-24 10:58:21,592 - INFO -   Metal: +0.45% (Adv/Dec: 11/6)
2025-04-24 10:58:21,593 - INFO -   Media: +0.24% (Adv/Dec: 6/2)
2025-04-24 10:58:21,595 - INFO -   Oil & Gas: +0.13% (Adv/Dec: 6/4)
2025-04-24 10:58:21,596 - INFO -   Pharma: +0.05% (Adv/Dec: 15/11)
2025-04-24 10:58:21,597 - INFO -   Energy: +0.01% (Adv/Dec: 3/4)
2025-04-24 10:58:21,597 - INFO -   Auto: -0.32% (Adv/Dec: 8/9)
2025-04-24 10:58:21,598 - INFO -   Financial Services: -0.38% (Adv/Dec: 3/13)
2025-04-24 10:58:21,599 - INFO -   IT: -0.39% (Adv/Dec: 2/8)
2025-04-24 10:58:21,599 - INFO -   FMCG: -0.47% (Adv/Dec: 5/10)
2025-04-24 10:58:21,600 - INFO -   PSU Bank: -0.49% (Adv/Dec: 1/6)
2025-04-24 10:58:21,600 - INFO -   Realty: -1.28% (Adv/Dec: 0/8)
2025-04-24 10:58:21,604 - INFO - Top performing sectors:
2025-04-24 10:58:21,604 - INFO -   Bank: 0.81%
2025-04-24 10:58:21,605 - INFO -   Consumer Durables: 0.66%
2025-04-24 10:58:21,605 - INFO -   PVT Bank: 0.50%
2025-04-24 10:58:21,607 - INFO - Bottom performing sectors:
2025-04-24 10:58:21,608 - INFO -   FMCG: -0.47%
2025-04-24 10:58:21,609 - INFO -   PSU Bank: -0.49%
2025-04-24 10:58:21,610 - INFO -   Realty: -1.28%
2025-04-24 10:58:21,611 - INFO - Buy signals for 26 stocks in top sectors
2025-04-24 10:58:21,613 - INFO - Sell signals for 33 stocks in bottom sectors
2025-04-24 10:58:21,613 - INFO - Sector performance analysis completed in 23.74 seconds
2025-04-24 10:58:21,613 - INFO - Buy signals: 26, Sell signals: 33
2025-04-24 10:58:21,614 - INFO - Sample buy stocks: ['DIXON.NS', 'ORIENTELEC.NS', 'AMBER.NS', 'HAVELLS.NS', 'TTKPRESTIG.NS']
2025-04-24 10:58:21,614 - INFO - Sample sell stocks: ['SBIN.NS', 'CENTRALBK.NS', 'INDIANB.NS', 'BANKINDIA.NS', 'PNB.NS']
2025-04-24 10:58:21,614 - INFO - Waiting 180 seconds for next refresh...
2025-04-24 11:01:21,627 - INFO - Collecting sector data from Yahoo Finance...
2025-04-24 11:01:21,628 - INFO - Getting market data from Yahoo Finance for 176 stocks grouped by sector
2025-04-24 11:01:21,629 - INFO - Processing batch 1 with 20 tickers
2025-04-24 11:01:24,466 - INFO - Processing batch 2 with 20 tickers
2025-04-24 11:01:25,203 - ERROR - Network error accessing Yahoo Finance for BAJAJELE.NS: HTTP Error 404: Not Found
2025-04-24 11:01:25,214 - ERROR - Network error accessing Yahoo Finance for BLUESTAR.NS: HTTP Error 404: Not Found
2025-04-24 11:01:27,270 - INFO - Processing batch 3 with 20 tickers
2025-04-24 11:01:27,904 - ERROR - Network error accessing Yahoo Finance for ADANITRANS.NS: HTTP Error 404: Not Found
2025-04-24 11:01:30,145 - INFO - Processing batch 4 with 20 tickers
2025-04-24 11:01:32,935 - INFO - Processing batch 5 with 20 tickers
2025-04-24 11:01:33,236 - ERROR - Network error accessing Yahoo Finance for MAHAGAS.NS: HTTP Error 404: Not Found
2025-04-24 11:01:35,788 - INFO - Processing batch 6 with 20 tickers
2025-04-24 11:01:38,680 - INFO - Processing batch 7 with 20 tickers
2025-04-24 11:01:39,046 - ERROR - Network error accessing Yahoo Finance for HDFC.NS: HTTP Error 404: Not Found
2025-04-24 11:01:39,173 - ERROR - Network error accessing Yahoo Finance for SRTRANSFIN.NS: HTTP Error 404: Not Found
2025-04-24 11:01:41,520 - INFO - Processing batch 8 with 20 tickers
2025-04-24 11:01:42,220 - ERROR - Network error accessing Yahoo Finance for PHOENIX.NS: HTTP Error 404: Not Found
2025-04-24 11:01:42,228 - WARNING - Could not extract price data for BOB.NS from Yahoo response
2025-04-24 11:01:42,277 - ERROR - Network error accessing Yahoo Finance for IREO.NS: HTTP Error 404: Not Found
2025-04-24 11:01:44,292 - INFO - Processing batch 9 with 16 tickers
2025-04-24 11:01:45,032 - INFO - Sector IT: 10 stocks
2025-04-24 11:01:45,033 - INFO - Sector Metal: 17 stocks
2025-04-24 11:01:45,034 - INFO - Sector Consumer Durables: 13 stocks
2025-04-24 11:01:45,034 - INFO - Sector Energy: 9 stocks
2025-04-24 11:01:45,035 - INFO - Sector Pharma: 26 stocks
2025-04-24 11:01:45,035 - INFO - Sector Oil & Gas: 10 stocks
2025-04-24 11:01:45,035 - INFO - Sector Auto: 17 stocks
2025-04-24 11:01:45,036 - INFO - Sector Financial Services: 16 stocks
2025-04-24 11:01:45,036 - INFO - Sector PVT Bank: 8 stocks
2025-04-24 11:01:45,036 - INFO - Sector Bank: 3 stocks
2025-04-24 11:01:45,036 - INFO - Sector Media: 8 stocks
2025-04-24 11:01:45,037 - INFO - Sector PSU Bank: 7 stocks
2025-04-24 11:01:45,037 - INFO - Sector Realty: 8 stocks
2025-04-24 11:01:45,037 - INFO - Sector FMCG: 15 stocks
2025-04-24 11:01:45,038 - INFO - Got market data for 167 stocks in 14 sectors
2025-04-24 11:01:45,048 - INFO - Saved sector performance to sector.csv
2025-04-24 11:01:45,048 - INFO - Current sector performance summary:
2025-04-24 11:01:45,049 - INFO -   Bank: +0.93% (Adv/Dec: 1/2)
2025-04-24 11:01:45,050 - INFO -   Consumer Durables: +0.66% (Adv/Dec: 5/8)
2025-04-24 11:01:45,050 - INFO -   PVT Bank: +0.52% (Adv/Dec: 5/3)
2025-04-24 11:01:45,051 - INFO -   Metal: +0.39% (Adv/Dec: 11/6)
2025-04-24 11:01:45,051 - INFO -   Media: +0.25% (Adv/Dec: 5/2)
2025-04-24 11:01:45,052 - INFO -   Pharma: +0.01% (Adv/Dec: 15/11)
2025-04-24 11:01:45,052 - INFO -   Energy: +0.01% (Adv/Dec: 3/6)
2025-04-24 11:01:45,053 - INFO -   Oil & Gas: +0.01% (Adv/Dec: 5/5)
2025-04-24 11:01:45,053 - INFO -   Auto: -0.33% (Adv/Dec: 7/10)
2025-04-24 11:01:45,054 - INFO -   PSU Bank: -0.37% (Adv/Dec: 1/6)
2025-04-24 11:01:45,054 - INFO -   IT: -0.38% (Adv/Dec: 2/8)
2025-04-24 11:01:45,055 - INFO -   Financial Services: -0.38% (Adv/Dec: 4/12)
2025-04-24 11:01:45,055 - INFO -   FMCG: -0.41% (Adv/Dec: 5/10)
2025-04-24 11:01:45,056 - INFO -   Realty: -1.3% (Adv/Dec: 0/8)
2025-04-24 11:01:45,061 - INFO - Top performing sectors:
2025-04-24 11:01:45,063 - INFO -   Bank: 0.93%
2025-04-24 11:01:45,063 - INFO -   Consumer Durables: 0.66%
2025-04-24 11:01:45,063 - INFO -   PVT Bank: 0.52%
2025-04-24 11:01:45,064 - INFO - Bottom performing sectors:
2025-04-24 11:01:45,064 - INFO -   Financial Services: -0.38%
2025-04-24 11:01:45,064 - INFO -   FMCG: -0.41%
2025-04-24 11:01:45,064 - INFO -   Realty: -1.30%
2025-04-24 11:01:45,065 - INFO - Buy signals for 26 stocks in top sectors
2025-04-24 11:01:45,065 - INFO - Sell signals for 43 stocks in bottom sectors
2025-04-24 11:01:45,065 - INFO - Sector performance analysis completed in 23.44 seconds
2025-04-24 11:01:45,066 - INFO - Buy signals: 26, Sell signals: 43
2025-04-24 11:01:45,066 - INFO - Sample buy stocks: ['DIXON.NS', 'ORIENTELEC.NS', 'AMBER.NS', 'HAVELLS.NS', 'TTKPRESTIG.NS']
2025-04-24 11:01:45,066 - INFO - Sample sell stocks: ['HDFCAMC.NS', 'RECLTD.NS', 'CHOLAFIN.NS', 'SBILIFE.NS', 'ICICIPRULI.NS']
2025-04-24 11:01:45,066 - INFO - Waiting 180 seconds for next refresh...
2025-04-24 11:04:45,069 - INFO - Collecting sector data from Yahoo Finance...
2025-04-24 11:04:45,070 - INFO - Getting market data from Yahoo Finance for 176 stocks grouped by sector
2025-04-24 11:04:45,070 - INFO - Processing batch 1 with 20 tickers
2025-04-24 11:04:47,993 - INFO - Processing batch 2 with 20 tickers
2025-04-24 11:04:48,677 - ERROR - Network error accessing Yahoo Finance for BAJAJELE.NS: HTTP Error 404: Not Found
2025-04-24 11:04:48,757 - ERROR - Network error accessing Yahoo Finance for BLUESTAR.NS: HTTP Error 404: Not Found
2025-04-24 11:04:50,852 - INFO - Processing batch 3 with 20 tickers
2025-04-24 11:04:51,496 - ERROR - Network error accessing Yahoo Finance for ADANITRANS.NS: HTTP Error 404: Not Found
2025-04-24 11:04:53,712 - INFO - Processing batch 4 with 20 tickers
2025-04-24 11:04:56,555 - INFO - Processing batch 5 with 20 tickers
2025-04-24 11:04:56,936 - ERROR - Network error accessing Yahoo Finance for MAHAGAS.NS: HTTP Error 404: Not Found
2025-04-24 11:04:59,408 - INFO - Processing batch 6 with 20 tickers
2025-04-24 11:05:02,300 - INFO - Processing batch 7 with 20 tickers
2025-04-24 11:05:02,678 - ERROR - Network error accessing Yahoo Finance for HDFC.NS: HTTP Error 404: Not Found
2025-04-24 11:05:02,893 - ERROR - Network error accessing Yahoo Finance for SRTRANSFIN.NS: HTTP Error 404: Not Found
2025-04-24 11:05:05,207 - INFO - Processing batch 8 with 20 tickers
2025-04-24 11:05:05,740 - WARNING - Could not extract price data for BOB.NS from Yahoo response
2025-04-24 11:05:05,982 - ERROR - Network error accessing Yahoo Finance for IREO.NS: HTTP Error 404: Not Found
2025-04-24 11:05:05,984 - ERROR - Network error accessing Yahoo Finance for PHOENIX.NS: HTTP Error 404: Not Found
2025-04-24 11:05:08,017 - INFO - Processing batch 9 with 16 tickers
2025-04-24 11:05:08,697 - INFO - Sector IT: 10 stocks
2025-04-24 11:05:08,697 - INFO - Sector Metal: 17 stocks
2025-04-24 11:05:08,698 - INFO - Sector Consumer Durables: 13 stocks
2025-04-24 11:05:08,698 - INFO - Sector Energy: 9 stocks
2025-04-24 11:05:08,698 - INFO - Sector Pharma: 26 stocks
2025-04-24 11:05:08,698 - INFO - Sector Oil & Gas: 10 stocks
2025-04-24 11:05:08,699 - INFO - Sector Auto: 17 stocks
2025-04-24 11:05:08,700 - INFO - Sector Financial Services: 16 stocks
2025-04-24 11:05:08,701 - INFO - Sector PVT Bank: 8 stocks
2025-04-24 11:05:08,701 - INFO - Sector Bank: 3 stocks
2025-04-24 11:05:08,701 - INFO - Sector Media: 8 stocks
2025-04-24 11:05:08,701 - INFO - Sector PSU Bank: 7 stocks
2025-04-24 11:05:08,702 - INFO - Sector Realty: 8 stocks
2025-04-24 11:05:08,702 - INFO - Sector FMCG: 15 stocks
2025-04-24 11:05:08,702 - INFO - Got market data for 167 stocks in 14 sectors
2025-04-24 11:05:08,706 - INFO - Saved sector performance to sector.csv
2025-04-24 11:05:08,707 - INFO - Current sector performance summary:
2025-04-24 11:05:08,708 - INFO -   Bank: +0.93% (Adv/Dec: 1/2)
2025-04-24 11:05:08,708 - INFO -   Consumer Durables: +0.66% (Adv/Dec: 5/8)
2025-04-24 11:05:08,709 - INFO -   PVT Bank: +0.52% (Adv/Dec: 5/3)
2025-04-24 11:05:08,709 - INFO -   Metal: +0.38% (Adv/Dec: 10/7)
2025-04-24 11:05:08,710 - INFO -   Media: +0.25% (Adv/Dec: 5/2)
2025-04-24 11:05:08,711 - INFO -   Pharma: +0.01% (Adv/Dec: 15/11)
2025-04-24 11:05:08,711 - INFO -   Energy: +0.01% (Adv/Dec: 3/6)
2025-04-24 11:05:08,712 - INFO -   Oil & Gas: +0.01% (Adv/Dec: 5/5)
2025-04-24 11:05:08,717 - INFO -   Auto: -0.33% (Adv/Dec: 7/10)
2025-04-24 11:05:08,717 - INFO -   PSU Bank: -0.37% (Adv/Dec: 1/6)
2025-04-24 11:05:08,718 - INFO -   Financial Services: -0.38% (Adv/Dec: 4/12)
2025-04-24 11:05:08,718 - INFO -   IT: -0.41% (Adv/Dec: 2/8)
2025-04-24 11:05:08,719 - INFO -   FMCG: -0.41% (Adv/Dec: 5/10)
2025-04-24 11:05:08,719 - INFO -   Realty: -1.3% (Adv/Dec: 0/8)
2025-04-24 11:05:08,721 - INFO - Top performing sectors:
2025-04-24 11:05:08,722 - INFO -   Bank: 0.93%
2025-04-24 11:05:08,722 - INFO -   Consumer Durables: 0.66%
2025-04-24 11:05:08,722 - INFO -   PVT Bank: 0.52%
2025-04-24 11:05:08,722 - INFO - Bottom performing sectors:
2025-04-24 11:05:08,723 - INFO -   IT: -0.41%
2025-04-24 11:05:08,723 - INFO -   FMCG: -0.41%
2025-04-24 11:05:08,723 - INFO -   Realty: -1.30%
2025-04-24 11:05:08,723 - INFO - Buy signals for 26 stocks in top sectors
2025-04-24 11:05:08,724 - INFO - Sell signals for 35 stocks in bottom sectors
2025-04-24 11:05:08,724 - INFO - Sector performance analysis completed in 23.66 seconds
2025-04-24 11:05:08,724 - INFO - Buy signals: 26, Sell signals: 35
2025-04-24 11:05:08,724 - INFO - Sample buy stocks: ['DIXON.NS', 'ORIENTELEC.NS', 'AMBER.NS', 'HAVELLS.NS', 'TTKPRESTIG.NS']
2025-04-24 11:05:08,725 - INFO - Sample sell stocks: ['LTIM.NS', 'PERSISTENT.NS', 'MPHASIS.NS', 'WIPRO.NS', 'LTTS.NS']
2025-04-24 11:05:08,725 - INFO - Waiting 180 seconds for next refresh...
2025-04-24 11:08:08,727 - INFO - Collecting sector data from Yahoo Finance...
2025-04-24 11:08:08,730 - INFO - Getting market data from Yahoo Finance for 176 stocks grouped by sector
2025-04-24 11:08:08,731 - INFO - Processing batch 1 with 20 tickers
2025-04-24 11:08:11,589 - INFO - Processing batch 2 with 20 tickers
2025-04-24 11:08:12,236 - ERROR - Network error accessing Yahoo Finance for BAJAJELE.NS: HTTP Error 404: Not Found
2025-04-24 11:08:12,236 - ERROR - Network error accessing Yahoo Finance for BLUESTAR.NS: HTTP Error 404: Not Found
2025-04-24 11:08:14,447 - INFO - Processing batch 3 with 20 tickers
2025-04-24 11:08:15,078 - ERROR - Network error accessing Yahoo Finance for ADANITRANS.NS: HTTP Error 404: Not Found
2025-04-24 11:08:17,401 - INFO - Processing batch 4 with 20 tickers
2025-04-24 11:08:20,190 - INFO - Processing batch 5 with 20 tickers
2025-04-24 11:08:20,443 - ERROR - Network error accessing Yahoo Finance for MAHAGAS.NS: HTTP Error 404: Not Found
2025-04-24 11:08:23,029 - INFO - Processing batch 6 with 20 tickers
2025-04-24 11:08:25,882 - INFO - Processing batch 7 with 20 tickers
2025-04-24 11:08:26,246 - ERROR - Network error accessing Yahoo Finance for HDFC.NS: HTTP Error 404: Not Found
2025-04-24 11:08:26,366 - ERROR - Network error accessing Yahoo Finance for SRTRANSFIN.NS: HTTP Error 404: Not Found
2025-04-24 11:08:28,751 - INFO - Processing batch 8 with 20 tickers
2025-04-24 11:08:29,423 - WARNING - Could not extract price data for BOB.NS from Yahoo response
2025-04-24 11:08:29,504 - ERROR - Network error accessing Yahoo Finance for PHOENIX.NS: HTTP Error 404: Not Found
2025-04-24 11:08:29,523 - ERROR - Network error accessing Yahoo Finance for IREO.NS: HTTP Error 404: Not Found
2025-04-24 11:08:31,559 - INFO - Processing batch 9 with 16 tickers
2025-04-24 11:08:32,300 - INFO - Sector IT: 10 stocks
2025-04-24 11:08:32,300 - INFO - Sector Metal: 17 stocks
2025-04-24 11:08:32,301 - INFO - Sector Consumer Durables: 13 stocks
2025-04-24 11:08:32,301 - INFO - Sector Energy: 9 stocks
2025-04-24 11:08:32,302 - INFO - Sector Pharma: 26 stocks
2025-04-24 11:08:32,302 - INFO - Sector Oil & Gas: 10 stocks
2025-04-24 11:08:32,302 - INFO - Sector Auto: 17 stocks
2025-04-24 11:08:32,303 - INFO - Sector PVT Bank: 8 stocks
2025-04-24 11:08:32,304 - INFO - Sector Financial Services: 16 stocks
2025-04-24 11:08:32,304 - INFO - Sector Bank: 3 stocks
2025-04-24 11:08:32,304 - INFO - Sector Media: 8 stocks
2025-04-24 11:08:32,305 - INFO - Sector PSU Bank: 7 stocks
2025-04-24 11:08:32,305 - INFO - Sector Realty: 8 stocks
2025-04-24 11:08:32,306 - INFO - Sector FMCG: 15 stocks
2025-04-24 11:08:32,306 - INFO - Got market data for 167 stocks in 14 sectors
2025-04-24 11:08:32,314 - INFO - Saved sector performance to sector.csv
2025-04-24 11:08:32,317 - INFO - Current sector performance summary:
2025-04-24 11:08:32,319 - INFO -   Bank: +0.93% (Adv/Dec: 1/2)
2025-04-24 11:08:32,320 - INFO -   Consumer Durables: +0.66% (Adv/Dec: 5/8)
2025-04-24 11:08:32,321 - INFO -   PVT Bank: +0.52% (Adv/Dec: 5/3)
2025-04-24 11:08:32,322 - INFO -   Metal: +0.38% (Adv/Dec: 10/7)
2025-04-24 11:08:32,322 - INFO -   Media: +0.25% (Adv/Dec: 5/2)
2025-04-24 11:08:32,323 - INFO -   Pharma: +0.01% (Adv/Dec: 15/11)
2025-04-24 11:08:32,324 - INFO -   Energy: +0.01% (Adv/Dec: 3/6)
2025-04-24 11:08:32,324 - INFO -   Oil & Gas: +0.01% (Adv/Dec: 5/5)
2025-04-24 11:08:32,325 - INFO -   Auto: -0.33% (Adv/Dec: 7/10)
2025-04-24 11:08:32,325 - INFO -   PSU Bank: -0.37% (Adv/Dec: 1/6)
2025-04-24 11:08:32,326 - INFO -   Financial Services: -0.38% (Adv/Dec: 4/12)
2025-04-24 11:08:32,326 - INFO -   IT: -0.41% (Adv/Dec: 2/8)
2025-04-24 11:08:32,327 - INFO -   FMCG: -0.41% (Adv/Dec: 5/10)
2025-04-24 11:08:32,327 - INFO -   Realty: -1.3% (Adv/Dec: 0/8)
2025-04-24 11:08:32,329 - INFO - Top performing sectors:
2025-04-24 11:08:32,330 - INFO -   Bank: 0.93%
2025-04-24 11:08:32,330 - INFO -   Consumer Durables: 0.66%
2025-04-24 11:08:32,330 - INFO -   PVT Bank: 0.52%
2025-04-24 11:08:32,330 - INFO - Bottom performing sectors:
2025-04-24 11:08:32,331 - INFO -   IT: -0.41%
2025-04-24 11:08:32,331 - INFO -   FMCG: -0.41%
2025-04-24 11:08:32,331 - INFO -   Realty: -1.30%
2025-04-24 11:08:32,332 - INFO - Buy signals for 26 stocks in top sectors
2025-04-24 11:08:32,332 - INFO - Sell signals for 35 stocks in bottom sectors
2025-04-24 11:08:32,333 - INFO - Sector performance analysis completed in 23.61 seconds
2025-04-24 11:08:32,333 - INFO - Buy signals: 26, Sell signals: 35
2025-04-24 11:08:32,333 - INFO - Sample buy stocks: ['DIXON.NS', 'ORIENTELEC.NS', 'AMBER.NS', 'HAVELLS.NS', 'TTKPRESTIG.NS']
2025-04-24 11:08:32,334 - INFO - Sample sell stocks: ['LTIM.NS', 'PERSISTENT.NS', 'MPHASIS.NS', 'WIPRO.NS', 'LTTS.NS']
2025-04-24 11:08:32,334 - INFO - Waiting 180 seconds for next refresh...
2025-04-24 11:11:32,342 - INFO - Collecting sector data from Yahoo Finance...
2025-04-24 11:11:32,346 - INFO - Getting market data from Yahoo Finance for 176 stocks grouped by sector
2025-04-24 11:11:32,347 - INFO - Processing batch 1 with 20 tickers
2025-04-24 11:11:35,234 - INFO - Processing batch 2 with 20 tickers
2025-04-24 11:11:35,883 - ERROR - Network error accessing Yahoo Finance for BLUESTAR.NS: HTTP Error 404: Not Found
2025-04-24 11:11:36,875 - ERROR - Network error accessing Yahoo Finance for BAJAJELE.NS: HTTP Error 404: Not Found
2025-04-24 11:11:38,970 - INFO - Processing batch 3 with 20 tickers
2025-04-24 11:11:39,578 - ERROR - Network error accessing Yahoo Finance for ADANITRANS.NS: HTTP Error 404: Not Found
2025-04-24 11:11:41,954 - INFO - Processing batch 4 with 20 tickers
2025-04-24 11:11:45,225 - INFO - Processing batch 5 with 20 tickers
2025-04-24 11:11:45,588 - ERROR - Network error accessing Yahoo Finance for MAHAGAS.NS: HTTP Error 404: Not Found
2025-04-24 11:11:48,059 - INFO - Processing batch 6 with 20 tickers
2025-04-24 11:11:50,872 - INFO - Processing batch 7 with 20 tickers
2025-04-24 11:11:51,269 - ERROR - Network error accessing Yahoo Finance for HDFC.NS: HTTP Error 404: Not Found
2025-04-24 11:11:51,474 - ERROR - Network error accessing Yahoo Finance for SRTRANSFIN.NS: HTTP Error 404: Not Found
2025-04-24 11:11:53,757 - INFO - Processing batch 8 with 20 tickers
2025-04-24 11:11:54,323 - WARNING - Could not extract price data for BOB.NS from Yahoo response
2025-04-24 11:11:54,503 - ERROR - Network error accessing Yahoo Finance for PHOENIX.NS: HTTP Error 404: Not Found
2025-04-24 11:11:54,511 - ERROR - Network error accessing Yahoo Finance for IREO.NS: HTTP Error 404: Not Found
2025-04-24 11:11:56,591 - INFO - Processing batch 9 with 16 tickers
2025-04-24 11:11:57,288 - INFO - Sector IT: 10 stocks
2025-04-24 11:11:57,289 - INFO - Sector Metal: 17 stocks
2025-04-24 11:11:57,289 - INFO - Sector Consumer Durables: 13 stocks
2025-04-24 11:11:57,290 - INFO - Sector Energy: 9 stocks
2025-04-24 11:11:57,290 - INFO - Sector Pharma: 26 stocks
2025-04-24 11:11:57,290 - INFO - Sector Oil & Gas: 10 stocks
2025-04-24 11:11:57,290 - INFO - Sector Auto: 17 stocks
2025-04-24 11:11:57,290 - INFO - Sector Financial Services: 16 stocks
2025-04-24 11:11:57,291 - INFO - Sector PVT Bank: 8 stocks
2025-04-24 11:11:57,291 - INFO - Sector Bank: 3 stocks
2025-04-24 11:11:57,291 - INFO - Sector Media: 8 stocks
2025-04-24 11:11:57,291 - INFO - Sector PSU Bank: 7 stocks
2025-04-24 11:11:57,292 - INFO - Sector Realty: 8 stocks
2025-04-24 11:11:57,292 - INFO - Sector FMCG: 15 stocks
2025-04-24 11:11:57,292 - INFO - Got market data for 167 stocks in 14 sectors
2025-04-24 11:11:57,296 - INFO - Saved sector performance to sector.csv
2025-04-24 11:11:57,297 - INFO - Current sector performance summary:
2025-04-24 11:11:57,298 - INFO -   Bank: +0.93% (Adv/Dec: 1/2)
2025-04-24 11:11:57,299 - INFO -   Consumer Durables: +0.66% (Adv/Dec: 5/8)
2025-04-24 11:11:57,299 - INFO -   PVT Bank: +0.52% (Adv/Dec: 5/3)
2025-04-24 11:11:57,299 - INFO -   Metal: +0.38% (Adv/Dec: 10/7)
2025-04-24 11:11:57,300 - INFO -   Media: +0.25% (Adv/Dec: 5/2)
2025-04-24 11:11:57,301 - INFO -   Pharma: +0.01% (Adv/Dec: 15/11)
2025-04-24 11:11:57,301 - INFO -   Energy: +0.01% (Adv/Dec: 3/6)
2025-04-24 11:11:57,303 - INFO -   Oil & Gas: +0.01% (Adv/Dec: 5/5)
2025-04-24 11:11:57,306 - INFO -   Auto: -0.33% (Adv/Dec: 7/10)
2025-04-24 11:11:57,308 - INFO -   PSU Bank: -0.37% (Adv/Dec: 1/6)
2025-04-24 11:11:57,309 - INFO -   Financial Services: -0.38% (Adv/Dec: 4/12)
2025-04-24 11:11:57,309 - INFO -   IT: -0.41% (Adv/Dec: 2/8)
2025-04-24 11:11:57,310 - INFO -   FMCG: -0.41% (Adv/Dec: 5/10)
2025-04-24 11:11:57,310 - INFO -   Realty: -1.3% (Adv/Dec: 0/8)
2025-04-24 11:11:57,313 - INFO - Top performing sectors:
2025-04-24 11:11:57,313 - INFO -   Bank: 0.93%
2025-04-24 11:11:57,313 - INFO -   Consumer Durables: 0.66%
2025-04-24 11:11:57,314 - INFO -   PVT Bank: 0.52%
2025-04-24 11:11:57,314 - INFO - Bottom performing sectors:
2025-04-24 11:11:57,314 - INFO -   IT: -0.41%
2025-04-24 11:11:57,315 - INFO -   FMCG: -0.41%
2025-04-24 11:11:57,315 - INFO -   Realty: -1.30%
2025-04-24 11:11:57,315 - INFO - Buy signals for 26 stocks in top sectors
2025-04-24 11:11:57,316 - INFO - Sell signals for 35 stocks in bottom sectors
2025-04-24 11:11:57,316 - INFO - Sector performance analysis completed in 24.97 seconds
2025-04-24 11:11:57,316 - INFO - Buy signals: 26, Sell signals: 35
2025-04-24 11:11:57,317 - INFO - Sample buy stocks: ['DIXON.NS', 'ORIENTELEC.NS', 'AMBER.NS', 'HAVELLS.NS', 'TTKPRESTIG.NS']
2025-04-24 11:11:57,317 - INFO - Sample sell stocks: ['LTIM.NS', 'PERSISTENT.NS', 'MPHASIS.NS', 'WIPRO.NS', 'LTTS.NS']
2025-04-24 11:11:57,317 - INFO - Waiting 180 seconds for next refresh...
2025-04-24 11:14:57,329 - INFO - Collecting sector data from Yahoo Finance...
2025-04-24 11:14:57,330 - INFO - Getting market data from Yahoo Finance for 176 stocks grouped by sector
2025-04-24 11:14:57,331 - INFO - Processing batch 1 with 20 tickers
2025-04-24 11:15:00,162 - INFO - Processing batch 2 with 20 tickers
2025-04-24 11:15:00,911 - ERROR - Network error accessing Yahoo Finance for BLUESTAR.NS: HTTP Error 404: Not Found
2025-04-24 11:15:00,915 - ERROR - Network error accessing Yahoo Finance for BAJAJELE.NS: HTTP Error 404: Not Found
2025-04-24 11:15:02,975 - INFO - Processing batch 3 with 20 tickers
2025-04-24 11:15:03,580 - ERROR - Network error accessing Yahoo Finance for ADANITRANS.NS: HTTP Error 404: Not Found
2025-04-24 11:15:05,981 - INFO - Processing batch 4 with 20 tickers
2025-04-24 11:15:08,789 - INFO - Processing batch 5 with 20 tickers
2025-04-24 11:15:09,107 - ERROR - Network error accessing Yahoo Finance for MAHAGAS.NS: HTTP Error 404: Not Found
2025-04-24 11:15:11,623 - INFO - Processing batch 6 with 20 tickers
2025-04-24 11:15:14,433 - INFO - Processing batch 7 with 20 tickers
2025-04-24 11:15:14,824 - ERROR - Network error accessing Yahoo Finance for HDFC.NS: HTTP Error 404: Not Found
2025-04-24 11:15:14,852 - ERROR - Network error accessing Yahoo Finance for SRTRANSFIN.NS: HTTP Error 404: Not Found
2025-04-24 11:15:18,410 - INFO - Processing batch 8 with 20 tickers
2025-04-24 11:15:19,118 - WARNING - Could not extract price data for BOB.NS from Yahoo response
2025-04-24 11:15:19,670 - ERROR - Network error accessing Yahoo Finance for IREO.NS: HTTP Error 404: Not Found
2025-04-24 11:15:19,677 - ERROR - Network error accessing Yahoo Finance for PHOENIX.NS: HTTP Error 404: Not Found
2025-04-24 11:15:21,695 - INFO - Processing batch 9 with 16 tickers
2025-04-24 11:15:22,532 - INFO - Sector IT: 10 stocks
2025-04-24 11:15:22,533 - INFO - Sector Metal: 17 stocks
2025-04-24 11:15:22,535 - INFO - Sector Consumer Durables: 13 stocks
2025-04-24 11:15:22,536 - INFO - Sector Energy: 9 stocks
2025-04-24 11:15:22,537 - INFO - Sector Pharma: 26 stocks
2025-04-24 11:15:22,537 - INFO - Sector Oil & Gas: 10 stocks
2025-04-24 11:15:22,538 - INFO - Sector Auto: 17 stocks
2025-04-24 11:15:22,540 - INFO - Sector Financial Services: 16 stocks
2025-04-24 11:15:22,541 - INFO - Sector PVT Bank: 8 stocks
2025-04-24 11:15:22,545 - INFO - Sector Bank: 3 stocks
2025-04-24 11:15:22,547 - INFO - Sector Media: 8 stocks
2025-04-24 11:15:22,549 - INFO - Sector PSU Bank: 7 stocks
2025-04-24 11:15:22,549 - INFO - Sector Realty: 8 stocks
2025-04-24 11:15:22,550 - INFO - Sector FMCG: 15 stocks
2025-04-24 11:15:22,550 - INFO - Got market data for 167 stocks in 14 sectors
2025-04-24 11:15:22,557 - INFO - Saved sector performance to sector.csv
2025-04-24 11:15:22,564 - INFO - Current sector performance summary:
2025-04-24 11:15:22,566 - INFO -   Bank: +0.93% (Adv/Dec: 1/2)
2025-04-24 11:15:22,571 - INFO -   Consumer Durables: +0.66% (Adv/Dec: 5/8)
2025-04-24 11:15:22,573 - INFO -   PVT Bank: +0.52% (Adv/Dec: 5/3)
2025-04-24 11:15:22,574 - INFO -   Metal: +0.38% (Adv/Dec: 10/7)
2025-04-24 11:15:22,581 - INFO -   Media: +0.25% (Adv/Dec: 5/2)
2025-04-24 11:15:22,582 - INFO -   Pharma: +0.01% (Adv/Dec: 15/11)
2025-04-24 11:15:22,583 - INFO -   Energy: +0.01% (Adv/Dec: 3/6)
2025-04-24 11:15:22,584 - INFO -   Oil & Gas: +0.01% (Adv/Dec: 5/5)
2025-04-24 11:15:22,585 - INFO -   Auto: -0.33% (Adv/Dec: 7/10)
2025-04-24 11:15:22,586 - INFO -   PSU Bank: -0.37% (Adv/Dec: 1/6)
2025-04-24 11:15:22,586 - INFO -   Financial Services: -0.38% (Adv/Dec: 4/12)
2025-04-24 11:15:22,587 - INFO -   IT: -0.41% (Adv/Dec: 2/8)
2025-04-24 11:15:22,589 - INFO -   FMCG: -0.41% (Adv/Dec: 5/10)
2025-04-24 11:15:22,590 - INFO -   Realty: -1.3% (Adv/Dec: 0/8)
2025-04-24 11:15:22,600 - INFO - Top performing sectors:
2025-04-24 11:15:22,601 - INFO -   Bank: 0.93%
2025-04-24 11:15:22,601 - INFO -   Consumer Durables: 0.66%
2025-04-24 11:15:22,603 - INFO -   PVT Bank: 0.52%
2025-04-24 11:15:22,603 - INFO - Bottom performing sectors:
2025-04-24 11:15:22,605 - INFO -   IT: -0.41%
2025-04-24 11:15:22,605 - INFO -   FMCG: -0.41%
2025-04-24 11:15:22,605 - INFO -   Realty: -1.30%
2025-04-24 11:15:22,606 - INFO - Buy signals for 26 stocks in top sectors
2025-04-24 11:15:22,607 - INFO - Sell signals for 35 stocks in bottom sectors
2025-04-24 11:15:22,607 - INFO - Sector performance analysis completed in 25.28 seconds
2025-04-24 11:15:22,608 - INFO - Buy signals: 26, Sell signals: 35
2025-04-24 11:15:22,615 - INFO - Sample buy stocks: ['DIXON.NS', 'ORIENTELEC.NS', 'AMBER.NS', 'HAVELLS.NS', 'TTKPRESTIG.NS']
2025-04-24 11:15:22,616 - INFO - Sample sell stocks: ['LTIM.NS', 'PERSISTENT.NS', 'MPHASIS.NS', 'WIPRO.NS', 'LTTS.NS']
2025-04-24 11:15:22,616 - INFO - Waiting 180 seconds for next refresh...
2025-04-24 11:15:29,004 - INFO - Sector analysis stopped by user.
2025-04-24 11:15:38,827 - INFO - ==========================================
2025-04-24 11:15:38,828 - INFO - Starting Sector Performance Analyzer (Yahoo Finance)
2025-04-24 11:15:38,828 - INFO - ==========================================
2025-04-24 11:15:38,828 - INFO - Step 1: Loading sector mapping...
2025-04-24 11:15:38,829 - INFO - Sector mapping loaded successfully with 176 tickers
2025-04-24 11:15:38,829 - INFO - Loaded sector mapping with 176 tickers
2025-04-24 11:15:38,829 - INFO - Step 2: Testing Yahoo Finance data retrieval...
2025-04-24 11:15:38,830 - INFO - Testing Yahoo Finance data retrieval...
2025-04-24 11:15:38,830 - INFO - Testing Yahoo Finance data retrieval for RELIANCE.NS...
2025-04-24 11:15:38,984 - INFO - Successfully retrieved data for RELIANCE.NS: Price 1301.5999755859375, Previous Close 1300.0
2025-04-24 11:15:38,984 - INFO - Yahoo Finance data retrieval test successful
2025-04-24 11:15:38,985 - INFO - Step 3: Starting continuous sector performance analysis...
2025-04-24 11:15:38,985 - INFO - Analysis will refresh every 180 seconds
2025-04-24 11:15:38,985 - INFO - Collecting sector data from Yahoo Finance...
2025-04-24 11:15:38,986 - INFO - Getting market data from Yahoo Finance for 176 stocks grouped by sector
2025-04-24 11:15:38,986 - INFO - Processing batch 1 with 20 tickers
2025-04-24 11:15:41,860 - INFO - Processing batch 2 with 20 tickers
2025-04-24 11:15:42,524 - ERROR - Network error accessing Yahoo Finance for BAJAJELE.NS: HTTP Error 404: Not Found
2025-04-24 11:15:42,581 - ERROR - Network error accessing Yahoo Finance for BLUESTAR.NS: HTTP Error 404: Not Found
2025-04-24 11:15:44,737 - INFO - Processing batch 3 with 20 tickers
2025-04-24 11:15:45,445 - ERROR - Network error accessing Yahoo Finance for ADANITRANS.NS: HTTP Error 404: Not Found
2025-04-24 11:15:47,592 - INFO - Processing batch 4 with 20 tickers
2025-04-24 11:15:50,401 - INFO - Processing batch 5 with 20 tickers
2025-04-24 11:15:50,719 - ERROR - Network error accessing Yahoo Finance for MAHAGAS.NS: HTTP Error 404: Not Found
2025-04-24 11:15:53,379 - INFO - Processing batch 6 with 20 tickers
2025-04-24 11:15:56,252 - INFO - Processing batch 7 with 20 tickers
2025-04-24 11:15:56,616 - ERROR - Network error accessing Yahoo Finance for HDFC.NS: HTTP Error 404: Not Found
2025-04-24 11:15:56,858 - ERROR - Network error accessing Yahoo Finance for SRTRANSFIN.NS: HTTP Error 404: Not Found
2025-04-24 11:15:59,103 - INFO - Processing batch 8 with 20 tickers
2025-04-24 11:15:59,747 - WARNING - Could not extract price data for BOB.NS from Yahoo response
2025-04-24 11:15:59,865 - ERROR - Network error accessing Yahoo Finance for PHOENIX.NS: HTTP Error 404: Not Found
2025-04-24 11:15:59,907 - ERROR - Network error accessing Yahoo Finance for IREO.NS: HTTP Error 404: Not Found
2025-04-24 11:16:01,918 - INFO - Processing batch 9 with 16 tickers
2025-04-24 11:16:02,600 - INFO - Sector IT: 10 stocks
2025-04-24 11:16:02,600 - INFO - Sector Metal: 17 stocks
2025-04-24 11:16:02,600 - INFO - Sector Consumer Durables: 13 stocks
2025-04-24 11:16:02,601 - INFO - Sector Energy: 9 stocks
2025-04-24 11:16:02,602 - INFO - Sector Pharma: 26 stocks
2025-04-24 11:16:02,602 - INFO - Sector Oil & Gas: 10 stocks
2025-04-24 11:16:02,602 - INFO - Sector Auto: 17 stocks
2025-04-24 11:16:02,603 - INFO - Sector Financial Services: 16 stocks
2025-04-24 11:16:02,603 - INFO - Sector PVT Bank: 8 stocks
2025-04-24 11:16:02,603 - INFO - Sector Bank: 3 stocks
2025-04-24 11:16:02,603 - INFO - Sector Media: 8 stocks
2025-04-24 11:16:02,604 - INFO - Sector PSU Bank: 7 stocks
2025-04-24 11:16:02,604 - INFO - Sector Realty: 8 stocks
2025-04-24 11:16:02,604 - INFO - Sector FMCG: 15 stocks
2025-04-24 11:16:02,604 - INFO - Got market data for 167 stocks in 14 sectors
2025-04-24 11:16:02,605 - INFO - Calculating sector performance using simple averaging method
2025-04-24 11:16:02,616 - INFO - Saved sector performance to sector.csv
2025-04-24 11:16:02,619 - INFO - Current sector performance summary:
2025-04-24 11:16:02,621 - INFO -   Bank: +0.93% (Adv/Dec: 1/2)
2025-04-24 11:16:02,623 - INFO -   Consumer Durables: +0.66% (Adv/Dec: 5/8)
2025-04-24 11:16:02,624 - INFO -   PVT Bank: +0.52% (Adv/Dec: 5/3)
2025-04-24 11:16:02,625 - INFO -   Metal: +0.38% (Adv/Dec: 10/7)
2025-04-24 11:16:02,626 - INFO -   Media: +0.25% (Adv/Dec: 5/2)
2025-04-24 11:16:02,626 - INFO -   Pharma: +0.01% (Adv/Dec: 15/11)
2025-04-24 11:16:02,626 - INFO -   Energy: +0.01% (Adv/Dec: 3/6)
2025-04-24 11:16:02,627 - INFO -   Oil & Gas: +0.01% (Adv/Dec: 5/5)
2025-04-24 11:16:02,627 - INFO -   Auto: -0.33% (Adv/Dec: 7/10)
2025-04-24 11:16:02,627 - INFO -   PSU Bank: -0.37% (Adv/Dec: 1/6)
2025-04-24 11:16:02,628 - INFO -   Financial Services: -0.38% (Adv/Dec: 4/12)
2025-04-24 11:16:02,628 - INFO -   IT: -0.41% (Adv/Dec: 2/8)
2025-04-24 11:16:02,629 - INFO -   FMCG: -0.41% (Adv/Dec: 5/10)
2025-04-24 11:16:02,629 - INFO -   Realty: -1.3% (Adv/Dec: 0/8)
2025-04-24 11:16:02,635 - INFO - Top performing sectors:
2025-04-24 11:16:02,636 - INFO -   Bank: 0.93%
2025-04-24 11:16:02,636 - INFO -   Consumer Durables: 0.66%
2025-04-24 11:16:02,637 - INFO -   PVT Bank: 0.52%
2025-04-24 11:16:02,638 - INFO - Bottom performing sectors:
2025-04-24 11:16:02,639 - INFO -   IT: -0.41%
2025-04-24 11:16:02,639 - INFO -   FMCG: -0.41%
2025-04-24 11:16:02,639 - INFO -   Realty: -1.30%
2025-04-24 11:16:02,640 - INFO - Buy signals for 26 stocks in top sectors
2025-04-24 11:16:02,640 - INFO - Sell signals for 35 stocks in bottom sectors
2025-04-24 11:16:02,640 - INFO - Sector performance analysis completed in 23.65 seconds
2025-04-24 11:16:02,641 - INFO - Buy signals: 26, Sell signals: 35
2025-04-24 11:16:02,641 - INFO - Sample buy stocks: ['DIXON.NS', 'ORIENTELEC.NS', 'AMBER.NS', 'HAVELLS.NS', 'TTKPRESTIG.NS']
2025-04-24 11:16:02,641 - INFO - Sample sell stocks: ['LTIM.NS', 'PERSISTENT.NS', 'MPHASIS.NS', 'WIPRO.NS', 'LTTS.NS']
2025-04-24 11:16:02,641 - INFO - Waiting 180 seconds for next refresh...
2025-04-24 11:19:02,657 - INFO - Collecting sector data from Yahoo Finance...
2025-04-24 11:19:02,659 - INFO - Getting market data from Yahoo Finance for 176 stocks grouped by sector
2025-04-24 11:19:02,660 - INFO - Processing batch 1 with 20 tickers
2025-04-24 11:19:05,513 - INFO - Processing batch 2 with 20 tickers
2025-04-24 11:19:07,267 - ERROR - Network error accessing Yahoo Finance for BAJAJELE.NS: HTTP Error 404: Not Found
2025-04-24 11:19:07,303 - ERROR - Network error accessing Yahoo Finance for BLUESTAR.NS: HTTP Error 404: Not Found
2025-04-24 11:19:09,312 - INFO - Processing batch 3 with 20 tickers
2025-04-24 11:19:09,964 - ERROR - Network error accessing Yahoo Finance for ADANITRANS.NS: HTTP Error 404: Not Found
2025-04-24 11:19:12,120 - INFO - Processing batch 4 with 20 tickers
2025-04-24 11:19:14,926 - INFO - Processing batch 5 with 20 tickers
2025-04-24 11:19:15,306 - ERROR - Network error accessing Yahoo Finance for MAHAGAS.NS: HTTP Error 404: Not Found
2025-04-24 11:19:17,848 - INFO - Processing batch 6 with 20 tickers
2025-04-24 11:19:20,684 - INFO - Processing batch 7 with 20 tickers
2025-04-24 11:19:20,999 - ERROR - Network error accessing Yahoo Finance for HDFC.NS: HTTP Error 404: Not Found
2025-04-24 11:19:21,196 - ERROR - Network error accessing Yahoo Finance for SRTRANSFIN.NS: HTTP Error 404: Not Found
2025-04-24 11:19:24,533 - INFO - Processing batch 8 with 20 tickers
2025-04-24 11:19:25,175 - WARNING - Could not extract price data for BOB.NS from Yahoo response
2025-04-24 11:19:25,295 - ERROR - Network error accessing Yahoo Finance for PHOENIX.NS: HTTP Error 404: Not Found
2025-04-24 11:19:25,322 - ERROR - Network error accessing Yahoo Finance for IREO.NS: HTTP Error 404: Not Found
2025-04-24 11:19:27,343 - INFO - Processing batch 9 with 16 tickers
2025-04-24 11:19:28,031 - INFO - Sector IT: 10 stocks
2025-04-24 11:19:28,031 - INFO - Sector Metal: 17 stocks
2025-04-24 11:19:28,032 - INFO - Sector Consumer Durables: 13 stocks
2025-04-24 11:19:28,032 - INFO - Sector Energy: 9 stocks
2025-04-24 11:19:28,032 - INFO - Sector Pharma: 26 stocks
2025-04-24 11:19:28,032 - INFO - Sector Oil & Gas: 10 stocks
2025-04-24 11:19:28,033 - INFO - Sector Auto: 17 stocks
2025-04-24 11:19:28,033 - INFO - Sector PVT Bank: 8 stocks
2025-04-24 11:19:28,033 - INFO - Sector Financial Services: 16 stocks
2025-04-24 11:19:28,034 - INFO - Sector Bank: 3 stocks
2025-04-24 11:19:28,034 - INFO - Sector Media: 8 stocks
2025-04-24 11:19:28,034 - INFO - Sector PSU Bank: 7 stocks
2025-04-24 11:19:28,034 - INFO - Sector Realty: 8 stocks
2025-04-24 11:19:28,035 - INFO - Sector FMCG: 15 stocks
2025-04-24 11:19:28,035 - INFO - Got market data for 167 stocks in 14 sectors
2025-04-24 11:19:28,035 - INFO - Calculating sector performance using simple averaging method
2025-04-24 11:19:28,041 - INFO - Saved sector performance to sector.csv
2025-04-24 11:19:28,041 - INFO - Current sector performance summary:
2025-04-24 11:19:28,042 - INFO -   Bank: +0.93% (Adv/Dec: 1/2)
2025-04-24 11:19:28,043 - INFO -   Consumer Durables: +0.66% (Adv/Dec: 5/8)
2025-04-24 11:19:28,043 - INFO -   PVT Bank: +0.52% (Adv/Dec: 5/3)
2025-04-24 11:19:28,044 - INFO -   Metal: +0.38% (Adv/Dec: 10/7)
2025-04-24 11:19:28,045 - INFO -   Media: +0.25% (Adv/Dec: 5/2)
2025-04-24 11:19:28,046 - INFO -   Pharma: +0.01% (Adv/Dec: 15/11)
2025-04-24 11:19:28,046 - INFO -   Energy: +0.01% (Adv/Dec: 3/6)
2025-04-24 11:19:28,046 - INFO -   Oil & Gas: +0.01% (Adv/Dec: 5/5)
2025-04-24 11:19:28,047 - INFO -   Auto: -0.33% (Adv/Dec: 7/10)
2025-04-24 11:19:28,047 - INFO -   PSU Bank: -0.37% (Adv/Dec: 1/6)
2025-04-24 11:19:28,048 - INFO -   Financial Services: -0.38% (Adv/Dec: 4/12)
2025-04-24 11:19:28,048 - INFO -   IT: -0.41% (Adv/Dec: 2/8)
2025-04-24 11:19:28,049 - INFO -   FMCG: -0.41% (Adv/Dec: 5/10)
2025-04-24 11:19:28,049 - INFO -   Realty: -1.3% (Adv/Dec: 0/8)
2025-04-24 11:19:28,051 - INFO - Top performing sectors:
2025-04-24 11:19:28,051 - INFO -   Bank: 0.93%
2025-04-24 11:19:28,052 - INFO -   Consumer Durables: 0.66%
2025-04-24 11:19:28,052 - INFO -   PVT Bank: 0.52%
2025-04-24 11:19:28,052 - INFO - Bottom performing sectors:
2025-04-24 11:19:28,053 - INFO -   IT: -0.41%
2025-04-24 11:19:28,053 - INFO -   FMCG: -0.41%
2025-04-24 11:19:28,053 - INFO -   Realty: -1.30%
2025-04-24 11:19:28,054 - INFO - Buy signals for 26 stocks in top sectors
2025-04-24 11:19:28,054 - INFO - Sell signals for 35 stocks in bottom sectors
2025-04-24 11:19:28,056 - INFO - Sector performance analysis completed in 25.40 seconds
2025-04-24 11:19:28,058 - INFO - Buy signals: 26, Sell signals: 35
2025-04-24 11:19:28,060 - INFO - Sample buy stocks: ['DIXON.NS', 'ORIENTELEC.NS', 'AMBER.NS', 'HAVELLS.NS', 'TTKPRESTIG.NS']
2025-04-24 11:19:28,061 - INFO - Sample sell stocks: ['LTIM.NS', 'PERSISTENT.NS', 'MPHASIS.NS', 'WIPRO.NS', 'LTTS.NS']
2025-04-24 11:19:28,061 - INFO - Waiting 180 seconds for next refresh...
2025-04-24 11:22:28,071 - INFO - Collecting sector data from Yahoo Finance...
2025-04-24 11:22:28,072 - INFO - Getting market data from Yahoo Finance for 176 stocks grouped by sector
2025-04-24 11:22:28,072 - INFO - Processing batch 1 with 20 tickers
2025-04-24 11:22:30,921 - INFO - Processing batch 2 with 20 tickers
2025-04-24 11:22:31,577 - ERROR - Network error accessing Yahoo Finance for BAJAJELE.NS: HTTP Error 404: Not Found
2025-04-24 11:22:31,642 - ERROR - Network error accessing Yahoo Finance for BLUESTAR.NS: HTTP Error 404: Not Found
2025-04-24 11:22:33,739 - INFO - Processing batch 3 with 20 tickers
2025-04-24 11:22:34,465 - ERROR - Network error accessing Yahoo Finance for ADANITRANS.NS: HTTP Error 404: Not Found
2025-04-24 11:22:36,634 - INFO - Processing batch 4 with 20 tickers
2025-04-24 11:22:39,493 - INFO - Processing batch 5 with 20 tickers
2025-04-24 11:22:39,831 - ERROR - Network error accessing Yahoo Finance for MAHAGAS.NS: HTTP Error 404: Not Found
2025-04-24 11:22:42,348 - INFO - Processing batch 6 with 20 tickers
2025-04-24 11:22:45,140 - INFO - Processing batch 7 with 20 tickers
2025-04-24 11:22:45,613 - ERROR - Network error accessing Yahoo Finance for HDFC.NS: HTTP Error 404: Not Found
2025-04-24 11:22:45,640 - ERROR - Network error accessing Yahoo Finance for SRTRANSFIN.NS: HTTP Error 404: Not Found
2025-04-24 11:22:47,994 - INFO - Processing batch 8 with 20 tickers
2025-04-24 11:22:48,630 - WARNING - Could not extract price data for BOB.NS from Yahoo response
2025-04-24 11:22:48,770 - ERROR - Network error accessing Yahoo Finance for PHOENIX.NS: HTTP Error 404: Not Found
2025-04-24 11:22:48,782 - ERROR - Network error accessing Yahoo Finance for IREO.NS: HTTP Error 404: Not Found
2025-04-24 11:22:50,815 - INFO - Processing batch 9 with 16 tickers
2025-04-24 11:22:51,511 - INFO - Sector IT: 10 stocks
2025-04-24 11:22:51,511 - INFO - Sector Metal: 17 stocks
2025-04-24 11:22:51,512 - INFO - Sector Consumer Durables: 13 stocks
2025-04-24 11:22:51,512 - INFO - Sector Energy: 9 stocks
2025-04-24 11:22:51,512 - INFO - Sector Pharma: 26 stocks
2025-04-24 11:22:51,513 - INFO - Sector Oil & Gas: 10 stocks
2025-04-24 11:22:51,513 - INFO - Sector Auto: 17 stocks
2025-04-24 11:22:51,513 - INFO - Sector Financial Services: 16 stocks
2025-04-24 11:22:51,513 - INFO - Sector PVT Bank: 8 stocks
2025-04-24 11:22:51,514 - INFO - Sector Bank: 3 stocks
2025-04-24 11:22:51,514 - INFO - Sector Media: 8 stocks
2025-04-24 11:22:51,514 - INFO - Sector PSU Bank: 7 stocks
2025-04-24 11:22:51,515 - INFO - Sector Realty: 8 stocks
2025-04-24 11:22:51,515 - INFO - Sector FMCG: 15 stocks
2025-04-24 11:22:51,515 - INFO - Got market data for 167 stocks in 14 sectors
2025-04-24 11:22:51,515 - INFO - Calculating sector performance using simple averaging method
2025-04-24 11:22:51,520 - INFO - Saved sector performance to sector.csv
2025-04-24 11:22:51,520 - INFO - Current sector performance summary:
2025-04-24 11:22:51,521 - INFO -   Bank: +0.93% (Adv/Dec: 1/2)
2025-04-24 11:22:51,521 - INFO -   Consumer Durables: +0.66% (Adv/Dec: 5/8)
2025-04-24 11:22:51,522 - INFO -   PVT Bank: +0.52% (Adv/Dec: 5/3)
2025-04-24 11:22:51,522 - INFO -   Metal: +0.38% (Adv/Dec: 10/7)
2025-04-24 11:22:51,525 - INFO -   Media: +0.25% (Adv/Dec: 5/2)
2025-04-24 11:22:51,526 - INFO -   Pharma: +0.01% (Adv/Dec: 15/11)
2025-04-24 11:22:51,528 - INFO -   Energy: +0.01% (Adv/Dec: 3/6)
2025-04-24 11:22:51,529 - INFO -   Oil & Gas: +0.01% (Adv/Dec: 5/5)
2025-04-24 11:22:51,529 - INFO -   Auto: -0.33% (Adv/Dec: 7/10)
2025-04-24 11:22:51,529 - INFO -   PSU Bank: -0.37% (Adv/Dec: 1/6)
2025-04-24 11:22:51,530 - INFO -   Financial Services: -0.38% (Adv/Dec: 4/12)
2025-04-24 11:22:51,530 - INFO -   IT: -0.41% (Adv/Dec: 2/8)
2025-04-24 11:22:51,531 - INFO -   FMCG: -0.41% (Adv/Dec: 5/10)
2025-04-24 11:22:51,531 - INFO -   Realty: -1.3% (Adv/Dec: 0/8)
2025-04-24 11:22:51,534 - INFO - Top performing sectors:
2025-04-24 11:22:51,535 - INFO -   Bank: 0.93%
2025-04-24 11:22:51,535 - INFO -   Consumer Durables: 0.66%
2025-04-24 11:22:51,535 - INFO -   PVT Bank: 0.52%
2025-04-24 11:22:51,536 - INFO - Bottom performing sectors:
2025-04-24 11:22:51,536 - INFO -   IT: -0.41%
2025-04-24 11:22:51,536 - INFO -   FMCG: -0.41%
2025-04-24 11:22:51,536 - INFO -   Realty: -1.30%
2025-04-24 11:22:51,537 - INFO - Buy signals for 26 stocks in top sectors
2025-04-24 11:22:51,537 - INFO - Sell signals for 35 stocks in bottom sectors
2025-04-24 11:22:51,537 - INFO - Sector performance analysis completed in 23.47 seconds
2025-04-24 11:22:51,537 - INFO - Buy signals: 26, Sell signals: 35
2025-04-24 11:22:51,538 - INFO - Sample buy stocks: ['DIXON.NS', 'ORIENTELEC.NS', 'AMBER.NS', 'HAVELLS.NS', 'TTKPRESTIG.NS']
2025-04-24 11:22:51,538 - INFO - Sample sell stocks: ['LTIM.NS', 'PERSISTENT.NS', 'MPHASIS.NS', 'WIPRO.NS', 'LTTS.NS']
2025-04-24 11:22:51,538 - INFO - Waiting 180 seconds for next refresh...
2025-04-24 11:25:51,551 - INFO - Collecting sector data from Yahoo Finance...
2025-04-24 11:25:51,551 - INFO - Getting market data from Yahoo Finance for 176 stocks grouped by sector
2025-04-24 11:25:51,551 - INFO - Processing batch 1 with 20 tickers
2025-04-24 11:25:54,356 - INFO - Processing batch 2 with 20 tickers
2025-04-24 11:25:55,062 - ERROR - Network error accessing Yahoo Finance for BLUESTAR.NS: HTTP Error 404: Not Found
2025-04-24 11:25:55,062 - ERROR - Network error accessing Yahoo Finance for BAJAJELE.NS: HTTP Error 404: Not Found
2025-04-24 11:25:57,162 - INFO - Processing batch 3 with 20 tickers
2025-04-24 11:25:57,787 - ERROR - Network error accessing Yahoo Finance for ADANITRANS.NS: HTTP Error 404: Not Found
2025-04-24 11:26:00,009 - INFO - Processing batch 4 with 20 tickers
2025-04-24 11:26:02,818 - INFO - Processing batch 5 with 20 tickers
2025-04-24 11:26:03,156 - ERROR - Network error accessing Yahoo Finance for MAHAGAS.NS: HTTP Error 404: Not Found
2025-04-24 11:26:05,786 - INFO - Processing batch 6 with 20 tickers
2025-04-24 11:26:08,630 - INFO - Processing batch 7 with 20 tickers
2025-04-24 11:26:09,010 - ERROR - Network error accessing Yahoo Finance for HDFC.NS: HTTP Error 404: Not Found
2025-04-24 11:26:09,139 - ERROR - Network error accessing Yahoo Finance for SRTRANSFIN.NS: HTTP Error 404: Not Found
2025-04-24 11:26:11,548 - INFO - Processing batch 8 with 20 tickers
2025-04-24 11:26:12,127 - WARNING - Could not extract price data for BOB.NS from Yahoo response
2025-04-24 11:26:12,271 - ERROR - Network error accessing Yahoo Finance for PHOENIX.NS: HTTP Error 404: Not Found
2025-04-24 11:26:12,296 - ERROR - Network error accessing Yahoo Finance for IREO.NS: HTTP Error 404: Not Found
2025-04-24 11:26:14,321 - INFO - Processing batch 9 with 16 tickers
2025-04-24 11:26:14,997 - INFO - Sector IT: 10 stocks
2025-04-24 11:26:14,997 - INFO - Sector Metal: 17 stocks
2025-04-24 11:26:14,998 - INFO - Sector Consumer Durables: 13 stocks
2025-04-24 11:26:14,998 - INFO - Sector Energy: 9 stocks
2025-04-24 11:26:14,998 - INFO - Sector Pharma: 26 stocks
2025-04-24 11:26:14,999 - INFO - Sector Oil & Gas: 10 stocks
2025-04-24 11:26:14,999 - INFO - Sector Auto: 17 stocks
2025-04-24 11:26:14,999 - INFO - Sector Financial Services: 16 stocks
2025-04-24 11:26:14,999 - INFO - Sector PVT Bank: 8 stocks
2025-04-24 11:26:15,000 - INFO - Sector Bank: 3 stocks
2025-04-24 11:26:15,000 - INFO - Sector Media: 8 stocks
2025-04-24 11:26:15,000 - INFO - Sector PSU Bank: 7 stocks
2025-04-24 11:26:15,000 - INFO - Sector Realty: 8 stocks
2025-04-24 11:26:15,001 - INFO - Sector FMCG: 15 stocks
2025-04-24 11:26:15,001 - INFO - Got market data for 167 stocks in 14 sectors
2025-04-24 11:26:15,001 - INFO - Calculating sector performance using simple averaging method
2025-04-24 11:26:15,005 - INFO - Saved sector performance to sector.csv
2025-04-24 11:26:15,006 - INFO - Current sector performance summary:
2025-04-24 11:26:15,007 - INFO -   Bank: +0.93% (Adv/Dec: 1/2)
2025-04-24 11:26:15,009 - INFO -   Consumer Durables: +0.66% (Adv/Dec: 5/8)
2025-04-24 11:26:15,010 - INFO -   PVT Bank: +0.52% (Adv/Dec: 5/3)
2025-04-24 11:26:15,014 - INFO -   Metal: +0.38% (Adv/Dec: 10/7)
2025-04-24 11:26:15,015 - INFO -   Media: +0.25% (Adv/Dec: 5/2)
2025-04-24 11:26:15,016 - INFO -   Pharma: +0.01% (Adv/Dec: 15/11)
2025-04-24 11:26:15,016 - INFO -   Energy: +0.01% (Adv/Dec: 3/6)
2025-04-24 11:26:15,017 - INFO -   Oil & Gas: +0.01% (Adv/Dec: 5/5)
2025-04-24 11:26:15,017 - INFO -   Auto: -0.33% (Adv/Dec: 7/10)
2025-04-24 11:26:15,018 - INFO -   PSU Bank: -0.37% (Adv/Dec: 1/6)
2025-04-24 11:26:15,018 - INFO -   Financial Services: -0.38% (Adv/Dec: 4/12)
2025-04-24 11:26:15,019 - INFO -   IT: -0.41% (Adv/Dec: 2/8)
2025-04-24 11:26:15,019 - INFO -   FMCG: -0.41% (Adv/Dec: 5/10)
2025-04-24 11:26:15,020 - INFO -   Realty: -1.3% (Adv/Dec: 0/8)
2025-04-24 11:26:15,021 - INFO - Top performing sectors:
2025-04-24 11:26:15,022 - INFO -   Bank: 0.93%
2025-04-24 11:26:15,022 - INFO -   Consumer Durables: 0.66%
2025-04-24 11:26:15,022 - INFO -   PVT Bank: 0.52%
2025-04-24 11:26:15,023 - INFO - Bottom performing sectors:
2025-04-24 11:26:15,024 - INFO -   IT: -0.41%
2025-04-24 11:26:15,024 - INFO -   FMCG: -0.41%
2025-04-24 11:26:15,024 - INFO -   Realty: -1.30%
2025-04-24 11:26:15,025 - INFO - Buy signals for 26 stocks in top sectors
2025-04-24 11:26:15,025 - INFO - Sell signals for 35 stocks in bottom sectors
2025-04-24 11:26:15,025 - INFO - Sector performance analysis completed in 23.47 seconds
2025-04-24 11:26:15,026 - INFO - Buy signals: 26, Sell signals: 35
2025-04-24 11:26:15,026 - INFO - Sample buy stocks: ['DIXON.NS', 'ORIENTELEC.NS', 'AMBER.NS', 'HAVELLS.NS', 'TTKPRESTIG.NS']
2025-04-24 11:26:15,026 - INFO - Sample sell stocks: ['LTIM.NS', 'PERSISTENT.NS', 'MPHASIS.NS', 'WIPRO.NS', 'LTTS.NS']
2025-04-24 11:26:15,026 - INFO - Waiting 180 seconds for next refresh...
2025-04-24 11:29:15,036 - INFO - Collecting sector data from Yahoo Finance...
2025-04-24 11:29:15,037 - INFO - Getting market data from Yahoo Finance for 176 stocks grouped by sector
2025-04-24 11:29:15,038 - INFO - Processing batch 1 with 20 tickers
2025-04-24 11:29:17,833 - INFO - Processing batch 2 with 20 tickers
2025-04-24 11:29:18,538 - ERROR - Network error accessing Yahoo Finance for BAJAJELE.NS: HTTP Error 404: Not Found
2025-04-24 11:29:18,576 - ERROR - Network error accessing Yahoo Finance for BLUESTAR.NS: HTTP Error 404: Not Found
2025-04-24 11:29:20,629 - INFO - Processing batch 3 with 20 tickers
2025-04-24 11:29:21,227 - ERROR - Network error accessing Yahoo Finance for ADANITRANS.NS: HTTP Error 404: Not Found
2025-04-24 11:29:23,574 - INFO - Processing batch 4 with 20 tickers
2025-04-24 11:29:26,484 - INFO - Processing batch 5 with 20 tickers
2025-04-24 11:29:26,813 - ERROR - Network error accessing Yahoo Finance for MAHAGAS.NS: HTTP Error 404: Not Found
2025-04-24 11:29:29,320 - INFO - Processing batch 6 with 20 tickers
2025-04-24 11:29:32,272 - INFO - Processing batch 7 with 20 tickers
2025-04-24 11:29:32,663 - ERROR - Network error accessing Yahoo Finance for HDFC.NS: HTTP Error 404: Not Found
2025-04-24 11:29:32,946 - ERROR - Network error accessing Yahoo Finance for SRTRANSFIN.NS: HTTP Error 404: Not Found
2025-04-24 11:29:35,196 - INFO - Processing batch 8 with 20 tickers
2025-04-24 11:29:35,817 - WARNING - Could not extract price data for BOB.NS from Yahoo response
2025-04-24 11:29:35,907 - ERROR - Network error accessing Yahoo Finance for PHOENIX.NS: HTTP Error 404: Not Found
2025-04-24 11:29:36,010 - ERROR - Network error accessing Yahoo Finance for IREO.NS: HTTP Error 404: Not Found
2025-04-24 11:29:38,049 - INFO - Processing batch 9 with 16 tickers
2025-04-24 11:29:38,756 - INFO - Sector IT: 10 stocks
2025-04-24 11:29:38,756 - INFO - Sector Metal: 17 stocks
2025-04-24 11:29:38,757 - INFO - Sector Consumer Durables: 13 stocks
2025-04-24 11:29:38,757 - INFO - Sector Energy: 9 stocks
2025-04-24 11:29:38,757 - INFO - Sector Pharma: 26 stocks
2025-04-24 11:29:38,758 - INFO - Sector Oil & Gas: 10 stocks
2025-04-24 11:29:38,758 - INFO - Sector Auto: 17 stocks
2025-04-24 11:29:38,758 - INFO - Sector Financial Services: 16 stocks
2025-04-24 11:29:38,758 - INFO - Sector PVT Bank: 8 stocks
2025-04-24 11:29:38,759 - INFO - Sector Bank: 3 stocks
2025-04-24 11:29:38,759 - INFO - Sector Media: 8 stocks
2025-04-24 11:29:38,759 - INFO - Sector PSU Bank: 7 stocks
2025-04-24 11:29:38,759 - INFO - Sector Realty: 8 stocks
2025-04-24 11:29:38,760 - INFO - Sector FMCG: 15 stocks
2025-04-24 11:29:38,760 - INFO - Got market data for 167 stocks in 14 sectors
2025-04-24 11:29:38,760 - INFO - Calculating sector performance using simple averaging method
2025-04-24 11:29:38,765 - INFO - Saved sector performance to sector.csv
2025-04-24 11:29:38,766 - INFO - Current sector performance summary:
2025-04-24 11:29:38,767 - INFO -   Bank: +0.93% (Adv/Dec: 1/2)
2025-04-24 11:29:38,768 - INFO -   Consumer Durables: +0.66% (Adv/Dec: 5/8)
2025-04-24 11:29:38,769 - INFO -   PVT Bank: +0.52% (Adv/Dec: 5/3)
2025-04-24 11:29:38,769 - INFO -   Metal: +0.38% (Adv/Dec: 10/7)
2025-04-24 11:29:38,770 - INFO -   Media: +0.25% (Adv/Dec: 5/2)
2025-04-24 11:29:38,771 - INFO -   Pharma: +0.01% (Adv/Dec: 15/11)
2025-04-24 11:29:38,772 - INFO -   Energy: +0.01% (Adv/Dec: 3/6)
2025-04-24 11:29:38,773 - INFO -   Oil & Gas: +0.01% (Adv/Dec: 5/5)
2025-04-24 11:29:38,774 - INFO -   Auto: -0.33% (Adv/Dec: 7/10)
2025-04-24 11:29:38,775 - INFO -   PSU Bank: -0.37% (Adv/Dec: 1/6)
2025-04-24 11:29:38,775 - INFO -   Financial Services: -0.38% (Adv/Dec: 4/12)
2025-04-24 11:29:38,775 - INFO -   IT: -0.41% (Adv/Dec: 2/8)
2025-04-24 11:29:38,776 - INFO -   FMCG: -0.41% (Adv/Dec: 5/10)
2025-04-24 11:29:38,776 - INFO -   Realty: -1.3% (Adv/Dec: 0/8)
2025-04-24 11:29:38,778 - INFO - Top performing sectors:
2025-04-24 11:29:38,778 - INFO -   Bank: 0.93%
2025-04-24 11:29:38,778 - INFO -   Consumer Durables: 0.66%
2025-04-24 11:29:38,779 - INFO -   PVT Bank: 0.52%
2025-04-24 11:29:38,779 - INFO - Bottom performing sectors:
2025-04-24 11:29:38,779 - INFO -   IT: -0.41%
2025-04-24 11:29:38,780 - INFO -   FMCG: -0.41%
2025-04-24 11:29:38,780 - INFO -   Realty: -1.30%
2025-04-24 11:29:38,780 - INFO - Buy signals for 26 stocks in top sectors
2025-04-24 11:29:38,781 - INFO - Sell signals for 35 stocks in bottom sectors
2025-04-24 11:29:38,781 - INFO - Sector performance analysis completed in 23.75 seconds
2025-04-24 11:29:38,781 - INFO - Buy signals: 26, Sell signals: 35
2025-04-24 11:29:38,782 - INFO - Sample buy stocks: ['DIXON.NS', 'ORIENTELEC.NS', 'AMBER.NS', 'HAVELLS.NS', 'TTKPRESTIG.NS']
2025-04-24 11:29:38,782 - INFO - Sample sell stocks: ['LTIM.NS', 'PERSISTENT.NS', 'MPHASIS.NS', 'WIPRO.NS', 'LTTS.NS']
2025-04-24 11:29:38,782 - INFO - Waiting 180 seconds for next refresh...
2025-04-24 11:32:38,795 - INFO - Collecting sector data from Yahoo Finance...
2025-04-24 11:32:38,796 - INFO - Getting market data from Yahoo Finance for 176 stocks grouped by sector
2025-04-24 11:32:38,797 - INFO - Processing batch 1 with 20 tickers
2025-04-24 11:32:41,773 - INFO - Processing batch 2 with 20 tickers
2025-04-24 11:32:42,506 - ERROR - Network error accessing Yahoo Finance for BAJAJELE.NS: HTTP Error 404: Not Found
2025-04-24 11:32:42,507 - ERROR - Network error accessing Yahoo Finance for BLUESTAR.NS: HTTP Error 404: Not Found
2025-04-24 11:32:44,598 - INFO - Processing batch 3 with 20 tickers
2025-04-24 11:32:45,767 - ERROR - Network error accessing Yahoo Finance for ADANITRANS.NS: HTTP Error 404: Not Found
2025-04-24 11:32:47,981 - INFO - Processing batch 4 with 20 tickers
2025-04-24 11:32:50,780 - INFO - Processing batch 5 with 20 tickers
2025-04-24 11:32:51,117 - ERROR - Network error accessing Yahoo Finance for MAHAGAS.NS: HTTP Error 404: Not Found
2025-04-24 11:32:53,873 - INFO - Processing batch 6 with 20 tickers
2025-04-24 11:32:56,796 - INFO - Processing batch 7 with 20 tickers
2025-04-24 11:32:57,189 - ERROR - Network error accessing Yahoo Finance for HDFC.NS: HTTP Error 404: Not Found
2025-04-24 11:32:57,394 - ERROR - Network error accessing Yahoo Finance for SRTRANSFIN.NS: HTTP Error 404: Not Found
2025-04-24 11:32:59,703 - INFO - Processing batch 8 with 20 tickers
2025-04-24 11:33:00,438 - WARNING - Could not extract price data for BOB.NS from Yahoo response
2025-04-24 11:33:00,928 - ERROR - Network error accessing Yahoo Finance for IREO.NS: HTTP Error 404: Not Found
2025-04-24 11:33:00,932 - ERROR - Network error accessing Yahoo Finance for PHOENIX.NS: HTTP Error 404: Not Found
2025-04-24 11:33:02,988 - INFO - Processing batch 9 with 16 tickers
2025-04-24 11:33:05,038 - INFO - Sector IT: 10 stocks
2025-04-24 11:33:05,038 - INFO - Sector Metal: 17 stocks
2025-04-24 11:33:05,038 - INFO - Sector Consumer Durables: 13 stocks
2025-04-24 11:33:05,039 - INFO - Sector Energy: 9 stocks
2025-04-24 11:33:05,039 - INFO - Sector Pharma: 26 stocks
2025-04-24 11:33:05,039 - INFO - Sector Oil & Gas: 10 stocks
2025-04-24 11:33:05,040 - INFO - Sector Auto: 17 stocks
2025-04-24 11:33:05,040 - INFO - Sector Financial Services: 16 stocks
2025-04-24 11:33:05,040 - INFO - Sector PVT Bank: 8 stocks
2025-04-24 11:33:05,040 - INFO - Sector Bank: 3 stocks
2025-04-24 11:33:05,041 - INFO - Sector Media: 8 stocks
2025-04-24 11:33:05,041 - INFO - Sector PSU Bank: 7 stocks
2025-04-24 11:33:05,041 - INFO - Sector Realty: 8 stocks
2025-04-24 11:33:05,041 - INFO - Sector FMCG: 15 stocks
2025-04-24 11:33:05,042 - INFO - Got market data for 167 stocks in 14 sectors
2025-04-24 11:33:05,042 - INFO - Calculating sector performance using simple averaging method
2025-04-24 11:33:05,047 - INFO - Saved sector performance to sector.csv
2025-04-24 11:33:05,048 - INFO - Current sector performance summary:
2025-04-24 11:33:05,053 - INFO -   Bank: +0.93% (Adv/Dec: 1/2)
2025-04-24 11:33:05,053 - INFO -   Consumer Durables: +0.66% (Adv/Dec: 5/8)
2025-04-24 11:33:05,056 - INFO -   PVT Bank: +0.52% (Adv/Dec: 5/3)
2025-04-24 11:33:05,057 - INFO -   Metal: +0.38% (Adv/Dec: 10/7)
2025-04-24 11:33:05,058 - INFO -   Media: +0.25% (Adv/Dec: 5/2)
2025-04-24 11:33:05,059 - INFO -   Pharma: +0.01% (Adv/Dec: 15/11)
2025-04-24 11:33:05,059 - INFO -   Energy: +0.01% (Adv/Dec: 3/6)
2025-04-24 11:33:05,060 - INFO -   Oil & Gas: +0.01% (Adv/Dec: 5/5)
2025-04-24 11:33:05,061 - INFO -   Auto: -0.33% (Adv/Dec: 7/10)
2025-04-24 11:33:05,061 - INFO -   PSU Bank: -0.37% (Adv/Dec: 1/6)
2025-04-24 11:33:05,062 - INFO -   Financial Services: -0.38% (Adv/Dec: 4/12)
2025-04-24 11:33:05,062 - INFO -   IT: -0.41% (Adv/Dec: 2/8)
2025-04-24 11:33:05,062 - INFO -   FMCG: -0.41% (Adv/Dec: 5/10)
2025-04-24 11:33:05,063 - INFO -   Realty: -1.3% (Adv/Dec: 0/8)
2025-04-24 11:33:05,065 - INFO - Top performing sectors:
2025-04-24 11:33:05,065 - INFO -   Bank: 0.93%
2025-04-24 11:33:05,065 - INFO -   Consumer Durables: 0.66%
2025-04-24 11:33:05,065 - INFO -   PVT Bank: 0.52%
2025-04-24 11:33:05,066 - INFO - Bottom performing sectors:
2025-04-24 11:33:05,067 - INFO -   IT: -0.41%
2025-04-24 11:33:05,067 - INFO -   FMCG: -0.41%
2025-04-24 11:33:05,068 - INFO -   Realty: -1.30%
2025-04-24 11:33:05,068 - INFO - Buy signals for 26 stocks in top sectors
2025-04-24 11:33:05,069 - INFO - Sell signals for 35 stocks in bottom sectors
2025-04-24 11:33:05,069 - INFO - Sector performance analysis completed in 26.27 seconds
2025-04-24 11:33:05,069 - INFO - Buy signals: 26, Sell signals: 35
2025-04-24 11:33:05,070 - INFO - Sample buy stocks: ['DIXON.NS', 'ORIENTELEC.NS', 'AMBER.NS', 'HAVELLS.NS', 'TTKPRESTIG.NS']
2025-04-24 11:33:05,071 - INFO - Sample sell stocks: ['LTIM.NS', 'PERSISTENT.NS', 'MPHASIS.NS', 'WIPRO.NS', 'LTTS.NS']
2025-04-24 11:33:05,074 - INFO - Waiting 180 seconds for next refresh...
2025-04-24 11:36:05,082 - INFO - Collecting sector data from Yahoo Finance...
2025-04-24 11:36:05,087 - INFO - Getting market data from Yahoo Finance for 176 stocks grouped by sector
2025-04-24 11:36:05,087 - INFO - Processing batch 1 with 20 tickers
2025-04-24 11:36:09,251 - INFO - Processing batch 2 with 20 tickers
2025-04-24 11:36:10,300 - ERROR - Network error accessing Yahoo Finance for BLUESTAR.NS: HTTP Error 404: Not Found
2025-04-24 11:36:10,577 - ERROR - Network error accessing Yahoo Finance for BAJAJELE.NS: HTTP Error 404: Not Found
2025-04-24 11:36:12,635 - INFO - Processing batch 3 with 20 tickers
2025-04-24 11:36:13,837 - ERROR - Network error accessing Yahoo Finance for ADANITRANS.NS: HTTP Error 404: Not Found
2025-04-24 11:36:16,113 - INFO - Processing batch 4 with 20 tickers
2025-04-24 11:36:19,151 - INFO - Processing batch 5 with 20 tickers
2025-04-24 11:36:19,784 - ERROR - Network error accessing Yahoo Finance for MAHAGAS.NS: HTTP Error 404: Not Found
2025-04-24 11:36:22,356 - INFO - Processing batch 6 with 20 tickers
2025-04-24 11:36:25,357 - INFO - Processing batch 7 with 20 tickers
2025-04-24 11:36:25,701 - ERROR - Network error accessing Yahoo Finance for HDFC.NS: HTTP Error 404: Not Found
2025-04-24 11:36:26,003 - ERROR - Network error accessing Yahoo Finance for SRTRANSFIN.NS: HTTP Error 404: Not Found
2025-04-24 11:36:28,236 - INFO - Processing batch 8 with 20 tickers
2025-04-24 11:36:29,759 - WARNING - Could not extract price data for BOB.NS from Yahoo response
2025-04-24 11:36:30,090 - ERROR - Network error accessing Yahoo Finance for PHOENIX.NS: HTTP Error 404: Not Found
2025-04-24 11:36:30,380 - ERROR - Network error accessing Yahoo Finance for IREO.NS: HTTP Error 404: Not Found
2025-04-24 11:36:32,530 - INFO - Processing batch 9 with 16 tickers
2025-04-24 11:36:33,253 - INFO - Sector IT: 10 stocks
2025-04-24 11:36:33,255 - INFO - Sector Metal: 17 stocks
2025-04-24 11:36:33,256 - INFO - Sector Consumer Durables: 13 stocks
2025-04-24 11:36:33,256 - INFO - Sector Energy: 9 stocks
2025-04-24 11:36:33,256 - INFO - Sector Pharma: 26 stocks
2025-04-24 11:36:33,257 - INFO - Sector Oil & Gas: 10 stocks
2025-04-24 11:36:33,257 - INFO - Sector Auto: 17 stocks
2025-04-24 11:36:33,257 - INFO - Sector Financial Services: 16 stocks
2025-04-24 11:36:33,257 - INFO - Sector PVT Bank: 8 stocks
2025-04-24 11:36:33,258 - INFO - Sector Bank: 3 stocks
2025-04-24 11:36:33,258 - INFO - Sector Media: 8 stocks
2025-04-24 11:36:33,258 - INFO - Sector PSU Bank: 7 stocks
2025-04-24 11:36:33,258 - INFO - Sector Realty: 8 stocks
2025-04-24 11:36:33,259 - INFO - Sector FMCG: 15 stocks
2025-04-24 11:36:33,259 - INFO - Got market data for 167 stocks in 14 sectors
2025-04-24 11:36:33,259 - INFO - Calculating sector performance using simple averaging method
2025-04-24 11:36:33,267 - INFO - Saved sector performance to sector.csv
2025-04-24 11:36:33,270 - INFO - Current sector performance summary:
2025-04-24 11:36:33,271 - INFO -   Bank: +0.93% (Adv/Dec: 1/2)
2025-04-24 11:36:33,273 - INFO -   Consumer Durables: +0.66% (Adv/Dec: 5/8)
2025-04-24 11:36:33,273 - INFO -   PVT Bank: +0.52% (Adv/Dec: 5/3)
2025-04-24 11:36:33,274 - INFO -   Metal: +0.38% (Adv/Dec: 10/7)
2025-04-24 11:36:33,274 - INFO -   Media: +0.25% (Adv/Dec: 5/2)
2025-04-24 11:36:33,275 - INFO -   Pharma: +0.01% (Adv/Dec: 15/11)
2025-04-24 11:36:33,275 - INFO -   Energy: +0.01% (Adv/Dec: 3/6)
2025-04-24 11:36:33,277 - INFO -   Oil & Gas: +0.01% (Adv/Dec: 5/5)
2025-04-24 11:36:33,277 - INFO -   Auto: -0.33% (Adv/Dec: 7/10)
2025-04-24 11:36:33,277 - INFO -   PSU Bank: -0.37% (Adv/Dec: 1/6)
2025-04-24 11:36:33,277 - INFO -   Financial Services: -0.38% (Adv/Dec: 4/12)
2025-04-24 11:36:33,278 - INFO -   IT: -0.41% (Adv/Dec: 2/8)
2025-04-24 11:36:33,279 - INFO -   FMCG: -0.41% (Adv/Dec: 5/10)
2025-04-24 11:36:33,281 - INFO -   Realty: -1.3% (Adv/Dec: 0/8)
2025-04-24 11:36:33,291 - INFO - Top performing sectors:
2025-04-24 11:36:33,291 - INFO -   Bank: 0.93%
2025-04-24 11:36:33,292 - INFO -   Consumer Durables: 0.66%
2025-04-24 11:36:33,292 - INFO -   PVT Bank: 0.52%
2025-04-24 11:36:33,292 - INFO - Bottom performing sectors:
2025-04-24 11:36:33,292 - INFO -   IT: -0.41%
2025-04-24 11:36:33,293 - INFO -   FMCG: -0.41%
2025-04-24 11:36:33,293 - INFO -   Realty: -1.30%
2025-04-24 11:36:33,294 - INFO - Buy signals for 26 stocks in top sectors
2025-04-24 11:36:33,294 - INFO - Sell signals for 35 stocks in bottom sectors
2025-04-24 11:36:33,294 - INFO - Sector performance analysis completed in 28.21 seconds
2025-04-24 11:36:33,295 - INFO - Buy signals: 26, Sell signals: 35
2025-04-24 11:36:33,296 - INFO - Sample buy stocks: ['DIXON.NS', 'ORIENTELEC.NS', 'AMBER.NS', 'HAVELLS.NS', 'TTKPRESTIG.NS']
2025-04-24 11:36:33,302 - INFO - Sample sell stocks: ['LTIM.NS', 'PERSISTENT.NS', 'MPHASIS.NS', 'WIPRO.NS', 'LTTS.NS']
2025-04-24 11:36:33,305 - INFO - Waiting 180 seconds for next refresh...
2025-04-24 11:39:33,307 - INFO - Collecting sector data from Yahoo Finance...
2025-04-24 11:39:33,307 - INFO - Getting market data from Yahoo Finance for 176 stocks grouped by sector
2025-04-24 11:39:33,308 - INFO - Processing batch 1 with 20 tickers
2025-04-24 11:39:36,227 - INFO - Processing batch 2 with 20 tickers
2025-04-24 11:39:36,915 - ERROR - Network error accessing Yahoo Finance for BLUESTAR.NS: HTTP Error 404: Not Found
2025-04-24 11:39:36,921 - ERROR - Network error accessing Yahoo Finance for BAJAJELE.NS: HTTP Error 404: Not Found
2025-04-24 11:39:39,007 - INFO - Processing batch 3 with 20 tickers
2025-04-24 11:39:39,667 - ERROR - Network error accessing Yahoo Finance for ADANITRANS.NS: HTTP Error 404: Not Found
2025-04-24 11:39:41,875 - INFO - Processing batch 4 with 20 tickers
2025-04-24 11:39:44,701 - INFO - Processing batch 5 with 20 tickers
2025-04-24 11:39:45,086 - ERROR - Network error accessing Yahoo Finance for MAHAGAS.NS: HTTP Error 404: Not Found
2025-04-24 11:39:47,641 - INFO - Processing batch 6 with 20 tickers
2025-04-24 11:39:50,478 - INFO - Processing batch 7 with 20 tickers
2025-04-24 11:39:50,874 - ERROR - Network error accessing Yahoo Finance for HDFC.NS: HTTP Error 404: Not Found
2025-04-24 11:39:50,921 - ERROR - Network error accessing Yahoo Finance for SRTRANSFIN.NS: HTTP Error 404: Not Found
2025-04-24 11:39:53,344 - INFO - Processing batch 8 with 20 tickers
2025-04-24 11:39:53,949 - WARNING - Could not extract price data for BOB.NS from Yahoo response
2025-04-24 11:39:54,214 - ERROR - Network error accessing Yahoo Finance for IREO.NS: HTTP Error 404: Not Found
2025-04-24 11:39:54,241 - ERROR - Network error accessing Yahoo Finance for PHOENIX.NS: HTTP Error 404: Not Found
2025-04-24 11:39:56,253 - INFO - Processing batch 9 with 16 tickers
2025-04-24 11:39:56,940 - INFO - Sector IT: 10 stocks
2025-04-24 11:39:56,941 - INFO - Sector Metal: 17 stocks
2025-04-24 11:39:56,941 - INFO - Sector Consumer Durables: 13 stocks
2025-04-24 11:39:56,942 - INFO - Sector Energy: 9 stocks
2025-04-24 11:39:56,942 - INFO - Sector Pharma: 26 stocks
2025-04-24 11:39:56,942 - INFO - Sector Oil & Gas: 10 stocks
2025-04-24 11:39:56,943 - INFO - Sector Auto: 17 stocks
2025-04-24 11:39:56,943 - INFO - Sector Financial Services: 16 stocks
2025-04-24 11:39:56,943 - INFO - Sector PVT Bank: 8 stocks
2025-04-24 11:39:56,944 - INFO - Sector Bank: 3 stocks
2025-04-24 11:39:56,944 - INFO - Sector Media: 8 stocks
2025-04-24 11:39:56,945 - INFO - Sector PSU Bank: 7 stocks
2025-04-24 11:39:56,945 - INFO - Sector Realty: 8 stocks
2025-04-24 11:39:56,945 - INFO - Sector FMCG: 15 stocks
2025-04-24 11:39:56,946 - INFO - Got market data for 167 stocks in 14 sectors
2025-04-24 11:39:56,947 - INFO - Calculating sector performance using simple averaging method
2025-04-24 11:39:56,957 - INFO - Saved sector performance to sector.csv
2025-04-24 11:39:56,957 - INFO - Current sector performance summary:
2025-04-24 11:39:56,958 - INFO -   Bank: +0.93% (Adv/Dec: 1/2)
2025-04-24 11:39:56,959 - INFO -   Consumer Durables: +0.66% (Adv/Dec: 5/8)
2025-04-24 11:39:56,959 - INFO -   PVT Bank: +0.52% (Adv/Dec: 5/3)
2025-04-24 11:39:56,960 - INFO -   Metal: +0.38% (Adv/Dec: 10/7)
2025-04-24 11:39:56,960 - INFO -   Media: +0.25% (Adv/Dec: 5/2)
2025-04-24 11:39:56,961 - INFO -   Pharma: +0.01% (Adv/Dec: 15/11)
2025-04-24 11:39:56,962 - INFO -   Energy: +0.01% (Adv/Dec: 3/6)
2025-04-24 11:39:56,962 - INFO -   Oil & Gas: +0.01% (Adv/Dec: 5/5)
2025-04-24 11:39:56,963 - INFO -   Auto: -0.33% (Adv/Dec: 7/10)
2025-04-24 11:39:56,963 - INFO -   PSU Bank: -0.37% (Adv/Dec: 1/6)
2025-04-24 11:39:56,964 - INFO -   Financial Services: -0.38% (Adv/Dec: 4/12)
2025-04-24 11:39:56,964 - INFO -   IT: -0.41% (Adv/Dec: 2/8)
2025-04-24 11:39:56,965 - INFO -   FMCG: -0.41% (Adv/Dec: 5/10)
2025-04-24 11:39:56,968 - INFO -   Realty: -1.3% (Adv/Dec: 0/8)
2025-04-24 11:39:56,972 - INFO - Top performing sectors:
2025-04-24 11:39:56,972 - INFO -   Bank: 0.93%
2025-04-24 11:39:56,972 - INFO -   Consumer Durables: 0.66%
2025-04-24 11:39:56,972 - INFO -   PVT Bank: 0.52%
2025-04-24 11:39:56,973 - INFO - Bottom performing sectors:
2025-04-24 11:39:56,973 - INFO -   IT: -0.41%
2025-04-24 11:39:56,973 - INFO -   FMCG: -0.41%
2025-04-24 11:39:56,974 - INFO -   Realty: -1.30%
2025-04-24 11:39:56,974 - INFO - Buy signals for 26 stocks in top sectors
2025-04-24 11:39:56,974 - INFO - Sell signals for 35 stocks in bottom sectors
2025-04-24 11:39:56,974 - INFO - Sector performance analysis completed in 23.67 seconds
2025-04-24 11:39:56,975 - INFO - Buy signals: 26, Sell signals: 35
2025-04-24 11:39:56,975 - INFO - Sample buy stocks: ['DIXON.NS', 'ORIENTELEC.NS', 'AMBER.NS', 'HAVELLS.NS', 'TTKPRESTIG.NS']
2025-04-24 11:39:56,975 - INFO - Sample sell stocks: ['LTIM.NS', 'PERSISTENT.NS', 'MPHASIS.NS', 'WIPRO.NS', 'LTTS.NS']
2025-04-24 11:39:56,975 - INFO - Waiting 180 seconds for next refresh...
2025-04-24 11:42:56,985 - INFO - Collecting sector data from Yahoo Finance...
2025-04-24 11:42:56,987 - INFO - Getting market data from Yahoo Finance for 176 stocks grouped by sector
2025-04-24 11:42:56,987 - INFO - Processing batch 1 with 20 tickers
2025-04-24 11:42:59,918 - INFO - Processing batch 2 with 20 tickers
2025-04-24 11:43:00,736 - ERROR - Network error accessing Yahoo Finance for BLUESTAR.NS: HTTP Error 404: Not Found
2025-04-24 11:43:02,108 - ERROR - Network error accessing Yahoo Finance for BAJAJELE.NS: HTTP Error 404: Not Found
2025-04-24 11:43:04,118 - INFO - Processing batch 3 with 20 tickers
2025-04-24 11:43:04,924 - ERROR - Network error accessing Yahoo Finance for ADANITRANS.NS: HTTP Error 404: Not Found
2025-04-24 11:43:07,032 - INFO - Processing batch 4 with 20 tickers
2025-04-24 11:43:10,591 - INFO - Processing batch 5 with 20 tickers
2025-04-24 11:43:11,051 - ERROR - Network error accessing Yahoo Finance for MAHAGAS.NS: HTTP Error 404: Not Found
2025-04-24 11:43:13,907 - INFO - Processing batch 6 with 20 tickers
2025-04-24 11:43:17,105 - INFO - Processing batch 7 with 20 tickers
2025-04-24 11:43:17,413 - ERROR - Network error accessing Yahoo Finance for HDFC.NS: HTTP Error 404: Not Found
2025-04-24 11:43:17,502 - ERROR - Network error accessing Yahoo Finance for SRTRANSFIN.NS: HTTP Error 404: Not Found
2025-04-24 11:43:20,899 - INFO - Processing batch 8 with 20 tickers
2025-04-24 11:43:21,479 - WARNING - Could not extract price data for BOB.NS from Yahoo response
2025-04-24 11:43:21,680 - ERROR - Network error accessing Yahoo Finance for PHOENIX.NS: HTTP Error 404: Not Found
2025-04-24 11:43:21,719 - ERROR - Network error accessing Yahoo Finance for IREO.NS: HTTP Error 404: Not Found
2025-04-24 11:43:23,733 - INFO - Processing batch 9 with 16 tickers
2025-04-24 11:43:24,486 - INFO - Sector IT: 10 stocks
2025-04-24 11:43:24,487 - INFO - Sector Metal: 17 stocks
2025-04-24 11:43:24,487 - INFO - Sector Consumer Durables: 13 stocks
2025-04-24 11:43:24,487 - INFO - Sector Energy: 9 stocks
2025-04-24 11:43:24,488 - INFO - Sector Pharma: 26 stocks
2025-04-24 11:43:24,488 - INFO - Sector Oil & Gas: 10 stocks
2025-04-24 11:43:24,488 - INFO - Sector Auto: 17 stocks
2025-04-24 11:43:24,489 - INFO - Sector Financial Services: 16 stocks
2025-04-24 11:43:24,489 - INFO - Sector PVT Bank: 8 stocks
2025-04-24 11:43:24,489 - INFO - Sector Bank: 3 stocks
2025-04-24 11:43:24,490 - INFO - Sector Media: 8 stocks
2025-04-24 11:43:24,490 - INFO - Sector PSU Bank: 7 stocks
2025-04-24 11:43:24,490 - INFO - Sector Realty: 8 stocks
2025-04-24 11:43:24,490 - INFO - Sector FMCG: 15 stocks
2025-04-24 11:43:24,491 - INFO - Got market data for 167 stocks in 14 sectors
2025-04-24 11:43:24,491 - INFO - Calculating sector performance using simple averaging method
2025-04-24 11:43:24,501 - INFO - Saved sector performance to sector.csv
2025-04-24 11:43:24,501 - INFO - Current sector performance summary:
2025-04-24 11:43:24,502 - INFO -   Bank: +0.93% (Adv/Dec: 1/2)
2025-04-24 11:43:24,503 - INFO -   Consumer Durables: +0.66% (Adv/Dec: 5/8)
2025-04-24 11:43:24,503 - INFO -   PVT Bank: +0.52% (Adv/Dec: 5/3)
2025-04-24 11:43:24,504 - INFO -   Metal: +0.38% (Adv/Dec: 10/7)
2025-04-24 11:43:24,504 - INFO -   Media: +0.25% (Adv/Dec: 5/2)
2025-04-24 11:43:24,505 - INFO -   Pharma: +0.01% (Adv/Dec: 15/11)
2025-04-24 11:43:24,506 - INFO -   Energy: +0.01% (Adv/Dec: 3/6)
2025-04-24 11:43:24,507 - INFO -   Oil & Gas: +0.01% (Adv/Dec: 5/5)
2025-04-24 11:43:24,508 - INFO -   Auto: -0.33% (Adv/Dec: 7/10)
2025-04-24 11:43:24,508 - INFO -   PSU Bank: -0.37% (Adv/Dec: 1/6)
2025-04-24 11:43:24,509 - INFO -   Financial Services: -0.38% (Adv/Dec: 4/12)
2025-04-24 11:43:24,510 - INFO -   IT: -0.41% (Adv/Dec: 2/8)
2025-04-24 11:43:24,511 - INFO -   FMCG: -0.41% (Adv/Dec: 5/10)
2025-04-24 11:43:24,514 - INFO -   Realty: -1.3% (Adv/Dec: 0/8)
2025-04-24 11:43:24,516 - INFO - Top performing sectors:
2025-04-24 11:43:24,516 - INFO -   Bank: 0.93%
2025-04-24 11:43:24,517 - INFO -   Consumer Durables: 0.66%
2025-04-24 11:43:24,517 - INFO -   PVT Bank: 0.52%
2025-04-24 11:43:24,517 - INFO - Bottom performing sectors:
2025-04-24 11:43:24,518 - INFO -   IT: -0.41%
2025-04-24 11:43:24,518 - INFO -   FMCG: -0.41%
2025-04-24 11:43:24,518 - INFO -   Realty: -1.30%
2025-04-24 11:43:24,519 - INFO - Buy signals for 26 stocks in top sectors
2025-04-24 11:43:24,519 - INFO - Sell signals for 35 stocks in bottom sectors
2025-04-24 11:43:24,519 - INFO - Sector performance analysis completed in 27.53 seconds
2025-04-24 11:43:24,520 - INFO - Buy signals: 26, Sell signals: 35
2025-04-24 11:43:24,520 - INFO - Sample buy stocks: ['DIXON.NS', 'ORIENTELEC.NS', 'AMBER.NS', 'HAVELLS.NS', 'TTKPRESTIG.NS']
2025-04-24 11:43:24,520 - INFO - Sample sell stocks: ['LTIM.NS', 'PERSISTENT.NS', 'MPHASIS.NS', 'WIPRO.NS', 'LTTS.NS']
2025-04-24 11:43:24,520 - INFO - Waiting 180 seconds for next refresh...
2025-04-24 11:46:24,529 - INFO - Collecting sector data from Yahoo Finance...
2025-04-24 11:46:24,530 - INFO - Getting market data from Yahoo Finance for 176 stocks grouped by sector
2025-04-24 11:46:24,530 - INFO - Processing batch 1 with 20 tickers
2025-04-24 11:46:27,574 - INFO - Processing batch 2 with 20 tickers
2025-04-24 11:46:28,311 - ERROR - Network error accessing Yahoo Finance for BAJAJELE.NS: HTTP Error 404: Not Found
2025-04-24 11:46:28,311 - ERROR - Network error accessing Yahoo Finance for BLUESTAR.NS: HTTP Error 404: Not Found
2025-04-24 11:46:30,456 - INFO - Processing batch 3 with 20 tickers
2025-04-24 11:46:31,037 - ERROR - Network error accessing Yahoo Finance for ADANITRANS.NS: HTTP Error 404: Not Found
2025-04-24 11:46:33,302 - INFO - Processing batch 4 with 20 tickers
2025-04-24 11:46:36,112 - INFO - Processing batch 5 with 20 tickers
2025-04-24 11:46:36,491 - ERROR - Network error accessing Yahoo Finance for MAHAGAS.NS: HTTP Error 404: Not Found
2025-04-24 11:46:38,996 - INFO - Processing batch 6 with 20 tickers
2025-04-24 11:46:41,854 - INFO - Processing batch 7 with 20 tickers
2025-04-24 11:46:42,249 - ERROR - Network error accessing Yahoo Finance for HDFC.NS: HTTP Error 404: Not Found
2025-04-24 11:46:42,308 - ERROR - Network error accessing Yahoo Finance for SRTRANSFIN.NS: HTTP Error 404: Not Found
2025-04-24 11:46:44,710 - INFO - Processing batch 8 with 20 tickers
2025-04-24 11:46:45,374 - WARNING - Could not extract price data for BOB.NS from Yahoo response
2025-04-24 11:46:45,576 - ERROR - Network error accessing Yahoo Finance for PHOENIX.NS: HTTP Error 404: Not Found
2025-04-24 11:46:45,580 - ERROR - Network error accessing Yahoo Finance for IREO.NS: HTTP Error 404: Not Found
2025-04-24 11:46:47,613 - INFO - Processing batch 9 with 16 tickers
2025-04-24 11:46:49,297 - INFO - Sector IT: 10 stocks
2025-04-24 11:46:49,297 - INFO - Sector Metal: 17 stocks
2025-04-24 11:46:49,298 - INFO - Sector Consumer Durables: 13 stocks
2025-04-24 11:46:49,298 - INFO - Sector Energy: 9 stocks
2025-04-24 11:46:49,298 - INFO - Sector Pharma: 26 stocks
2025-04-24 11:46:49,299 - INFO - Sector Oil & Gas: 10 stocks
2025-04-24 11:46:49,299 - INFO - Sector Auto: 17 stocks
2025-04-24 11:46:49,299 - INFO - Sector Financial Services: 16 stocks
2025-04-24 11:46:49,301 - INFO - Sector PVT Bank: 8 stocks
2025-04-24 11:46:49,302 - INFO - Sector Bank: 3 stocks
2025-04-24 11:46:49,302 - INFO - Sector Media: 8 stocks
2025-04-24 11:46:49,303 - INFO - Sector PSU Bank: 7 stocks
2025-04-24 11:46:49,303 - INFO - Sector Realty: 8 stocks
2025-04-24 11:46:49,304 - INFO - Sector FMCG: 15 stocks
2025-04-24 11:46:49,304 - INFO - Got market data for 167 stocks in 14 sectors
2025-04-24 11:46:49,305 - INFO - Calculating sector performance using simple averaging method
2025-04-24 11:46:49,315 - INFO - Saved sector performance to sector.csv
2025-04-24 11:46:49,315 - INFO - Current sector performance summary:
2025-04-24 11:46:49,317 - INFO -   Bank: +0.93% (Adv/Dec: 1/2)
2025-04-24 11:46:49,318 - INFO -   Consumer Durables: +0.66% (Adv/Dec: 5/8)
2025-04-24 11:46:49,319 - INFO -   PVT Bank: +0.52% (Adv/Dec: 5/3)
2025-04-24 11:46:49,319 - INFO -   Metal: +0.38% (Adv/Dec: 10/7)
2025-04-24 11:46:49,320 - INFO -   Media: +0.25% (Adv/Dec: 5/2)
2025-04-24 11:46:49,320 - INFO -   Pharma: +0.01% (Adv/Dec: 15/11)
2025-04-24 11:46:49,321 - INFO -   Energy: +0.01% (Adv/Dec: 3/6)
2025-04-24 11:46:49,321 - INFO -   Oil & Gas: +0.01% (Adv/Dec: 5/5)
2025-04-24 11:46:49,322 - INFO -   Auto: -0.33% (Adv/Dec: 7/10)
2025-04-24 11:46:49,322 - INFO -   PSU Bank: -0.37% (Adv/Dec: 1/6)
2025-04-24 11:46:49,323 - INFO -   Financial Services: -0.38% (Adv/Dec: 4/12)
2025-04-24 11:46:49,323 - INFO -   IT: -0.41% (Adv/Dec: 2/8)
2025-04-24 11:46:49,324 - INFO -   FMCG: -0.41% (Adv/Dec: 5/10)
2025-04-24 11:46:49,325 - INFO -   Realty: -1.3% (Adv/Dec: 0/8)
2025-04-24 11:46:49,326 - INFO - Top performing sectors:
2025-04-24 11:46:49,326 - INFO -   Bank: 0.93%
2025-04-24 11:46:49,327 - INFO -   Consumer Durables: 0.66%
2025-04-24 11:46:49,328 - INFO -   PVT Bank: 0.52%
2025-04-24 11:46:49,328 - INFO - Bottom performing sectors:
2025-04-24 11:46:49,329 - INFO -   IT: -0.41%
2025-04-24 11:46:49,329 - INFO -   FMCG: -0.41%
2025-04-24 11:46:49,329 - INFO -   Realty: -1.30%
2025-04-24 11:46:49,330 - INFO - Buy signals for 26 stocks in top sectors
2025-04-24 11:46:49,330 - INFO - Sell signals for 35 stocks in bottom sectors
2025-04-24 11:46:49,331 - INFO - Sector performance analysis completed in 24.80 seconds
2025-04-24 11:46:49,332 - INFO - Buy signals: 26, Sell signals: 35
2025-04-24 11:46:49,333 - INFO - Sample buy stocks: ['DIXON.NS', 'ORIENTELEC.NS', 'AMBER.NS', 'HAVELLS.NS', 'TTKPRESTIG.NS']
2025-04-24 11:46:49,335 - INFO - Sample sell stocks: ['LTIM.NS', 'PERSISTENT.NS', 'MPHASIS.NS', 'WIPRO.NS', 'LTTS.NS']
2025-04-24 11:46:49,335 - INFO - Waiting 180 seconds for next refresh...
2025-04-24 11:49:49,339 - INFO - Collecting sector data from Yahoo Finance...
2025-04-24 11:49:49,340 - INFO - Getting market data from Yahoo Finance for 176 stocks grouped by sector
2025-04-24 11:49:49,343 - INFO - Processing batch 1 with 20 tickers
2025-04-24 11:49:52,201 - INFO - Processing batch 2 with 20 tickers
2025-04-24 11:49:52,901 - ERROR - Network error accessing Yahoo Finance for BAJAJELE.NS: HTTP Error 404: Not Found
2025-04-24 11:49:52,960 - ERROR - Network error accessing Yahoo Finance for BLUESTAR.NS: HTTP Error 404: Not Found
2025-04-24 11:49:55,010 - INFO - Processing batch 3 with 20 tickers
2025-04-24 11:49:55,618 - ERROR - Network error accessing Yahoo Finance for ADANITRANS.NS: HTTP Error 404: Not Found
2025-04-24 11:49:57,856 - INFO - Processing batch 4 with 20 tickers
2025-04-24 11:50:00,674 - INFO - Processing batch 5 with 20 tickers
2025-04-24 11:50:01,153 - ERROR - Network error accessing Yahoo Finance for MAHAGAS.NS: HTTP Error 404: Not Found
2025-04-24 11:50:03,707 - INFO - Processing batch 6 with 20 tickers
2025-04-24 11:50:06,702 - INFO - Processing batch 7 with 20 tickers
2025-04-24 11:50:07,021 - ERROR - Network error accessing Yahoo Finance for HDFC.NS: HTTP Error 404: Not Found
2025-04-24 11:50:07,319 - ERROR - Network error accessing Yahoo Finance for SRTRANSFIN.NS: HTTP Error 404: Not Found
2025-04-24 11:50:09,535 - INFO - Processing batch 8 with 20 tickers
2025-04-24 11:50:10,243 - ERROR - Network error accessing Yahoo Finance for PHOENIX.NS: HTTP Error 404: Not Found
2025-04-24 11:50:10,273 - WARNING - Could not extract price data for BOB.NS from Yahoo response
2025-04-24 11:50:10,362 - ERROR - Network error accessing Yahoo Finance for IREO.NS: HTTP Error 404: Not Found
2025-04-24 11:50:13,250 - INFO - Processing batch 9 with 16 tickers
2025-04-24 11:50:13,985 - INFO - Sector IT: 10 stocks
2025-04-24 11:50:13,986 - INFO - Sector Metal: 17 stocks
2025-04-24 11:50:13,986 - INFO - Sector Consumer Durables: 13 stocks
2025-04-24 11:50:13,986 - INFO - Sector Energy: 9 stocks
2025-04-24 11:50:13,987 - INFO - Sector Pharma: 26 stocks
2025-04-24 11:50:13,987 - INFO - Sector Oil & Gas: 10 stocks
2025-04-24 11:50:13,987 - INFO - Sector Auto: 17 stocks
2025-04-24 11:50:13,988 - INFO - Sector Financial Services: 16 stocks
2025-04-24 11:50:13,988 - INFO - Sector PVT Bank: 8 stocks
2025-04-24 11:50:13,988 - INFO - Sector Bank: 3 stocks
2025-04-24 11:50:13,989 - INFO - Sector Media: 8 stocks
2025-04-24 11:50:13,989 - INFO - Sector PSU Bank: 7 stocks
2025-04-24 11:50:13,989 - INFO - Sector Realty: 8 stocks
2025-04-24 11:50:13,990 - INFO - Sector FMCG: 15 stocks
2025-04-24 11:50:13,990 - INFO - Got market data for 167 stocks in 14 sectors
2025-04-24 11:50:13,990 - INFO - Calculating sector performance using simple averaging method
2025-04-24 11:50:13,994 - INFO - Saved sector performance to sector.csv
2025-04-24 11:50:13,996 - INFO - Current sector performance summary:
2025-04-24 11:50:13,997 - INFO -   Bank: +0.93% (Adv/Dec: 1/2)
2025-04-24 11:50:13,998 - INFO -   Consumer Durables: +0.66% (Adv/Dec: 5/8)
2025-04-24 11:50:14,000 - INFO -   PVT Bank: +0.52% (Adv/Dec: 5/3)
2025-04-24 11:50:14,001 - INFO -   Metal: +0.38% (Adv/Dec: 10/7)
2025-04-24 11:50:14,002 - INFO -   Media: +0.25% (Adv/Dec: 5/2)
2025-04-24 11:50:14,003 - INFO -   Pharma: +0.01% (Adv/Dec: 15/11)
2025-04-24 11:50:14,005 - INFO -   Energy: +0.01% (Adv/Dec: 3/6)
2025-04-24 11:50:14,005 - INFO -   Oil & Gas: +0.01% (Adv/Dec: 5/5)
2025-04-24 11:50:14,006 - INFO -   Auto: -0.33% (Adv/Dec: 7/10)
2025-04-24 11:50:14,006 - INFO -   PSU Bank: -0.37% (Adv/Dec: 1/6)
2025-04-24 11:50:14,007 - INFO -   Financial Services: -0.38% (Adv/Dec: 4/12)
2025-04-24 11:50:14,007 - INFO -   IT: -0.41% (Adv/Dec: 2/8)
2025-04-24 11:50:14,008 - INFO -   FMCG: -0.41% (Adv/Dec: 5/10)
2025-04-24 11:50:14,008 - INFO -   Realty: -1.3% (Adv/Dec: 0/8)
2025-04-24 11:50:14,010 - INFO - Top performing sectors:
2025-04-24 11:50:14,010 - INFO -   Bank: 0.93%
2025-04-24 11:50:14,010 - INFO -   Consumer Durables: 0.66%
2025-04-24 11:50:14,011 - INFO -   PVT Bank: 0.52%
2025-04-24 11:50:14,012 - INFO - Bottom performing sectors:
2025-04-24 11:50:14,012 - INFO -   IT: -0.41%
2025-04-24 11:50:14,012 - INFO -   FMCG: -0.41%
2025-04-24 11:50:14,013 - INFO -   Realty: -1.30%
2025-04-24 11:50:14,013 - INFO - Buy signals for 26 stocks in top sectors
2025-04-24 11:50:14,013 - INFO - Sell signals for 35 stocks in bottom sectors
2025-04-24 11:50:14,014 - INFO - Sector performance analysis completed in 24.68 seconds
2025-04-24 11:50:14,014 - INFO - Buy signals: 26, Sell signals: 35
2025-04-24 11:50:14,014 - INFO - Sample buy stocks: ['DIXON.NS', 'ORIENTELEC.NS', 'AMBER.NS', 'HAVELLS.NS', 'TTKPRESTIG.NS']
2025-04-24 11:50:14,014 - INFO - Sample sell stocks: ['LTIM.NS', 'PERSISTENT.NS', 'MPHASIS.NS', 'WIPRO.NS', 'LTTS.NS']
2025-04-24 11:50:14,015 - INFO - Waiting 180 seconds for next refresh...
2025-04-24 11:52:26,265 - INFO - Sector analysis stopped by user.
