2025-05-08 05:01:29,461 - INFO - 
==================================================
PROGRAM START
==================================================
2025-05-08 05:01:29,463 - INFO - ==========================================
2025-05-08 05:01:29,464 - INFO - Starting Dhan Sector-Based Trading Program
2025-05-08 05:01:29,464 - INFO - ==========================================
2025-05-08 05:01:29,465 - INFO - Current time: 2025-05-08 05:01:29
2025-05-08 05:01:29,466 - INFO - Found generic sector.csv file
2025-05-08 05:01:29,466 - INFO - File was modified today - marking as fresh data
2025-05-08 05:01:29,467 - INFO - Step 1: Loading trading configuration...
2025-05-08 05:01:29,468 - INFO - Loading trading configuration from trading_config.json
2025-05-08 05:01:29,469 - INFO - Configuration loaded successfully
2025-05-08 05:01:29,469 - INFO - Found 33 active tickers out of 33 total
2025-05-08 05:01:29,470 - INFO - Step 2: Initializing Dhan API client...
2025-05-08 05:01:29,470 - INFO - Initializing Dhan client with client_id: 1106497024
2025-05-08 05:01:29,471 - INFO - Dhan API client initialized successfully
2025-05-08 05:01:30,098 - INFO - Dhan API connection test successful
2025-05-08 05:01:30,099 - INFO - Step 3: Loading sector mapping...
2025-05-08 05:01:30,099 - INFO - Loading sector mapping from sector_mapping.json
2025-05-08 05:01:30,119 - INFO - Sector mapping loaded successfully with 176 tickers
2025-05-08 05:01:30,120 - INFO - Found 14 unique sectors
2025-05-08 05:01:30,120 - INFO - Step 4: Loading security IDs mapping from Excel...
2025-05-08 05:01:30,121 - INFO - Loading security IDs from security_ids.xlsx
2025-05-08 05:01:48,134 - INFO - Successfully read Excel file with 1850 rows
2025-05-08 05:01:48,134 - INFO - Excel columns: ['SEM_EXM_EXCH_ID', 'SEM_SEGMENT', 'SEM_SMST_SECURITY_ID', 'SEM_INSTRUMENT_NAME', 'SEM_EXPIRY_CODE', 'SEM_TRADING_SYMBOL', 'SEM_LOT_UNITS', 'SEM_CUSTOM_SYMBOL', 'SEM_EXPIRY_DATE', 'SEM_STRIKE_PRICE', 'SEM_OPTION_TYPE', 'SEM_TICK_SIZE', 'SEM_EXPIRY_FLAG', 'SEM_EXCH_INSTRUMENT_TYPE', 'SEM_SERIES', 'SM_SYMBOL_NAME']
2025-05-08 05:01:48,135 - INFO - Using columns: Symbol='SEM_TRADING_SYMBOL', ID='SEM_SMST_SECURITY_ID'
2025-05-08 05:01:48,401 - INFO - Security IDs mapping created with 3700 entries
2025-05-08 05:01:48,401 - INFO - Checking for critical symbols:
2025-05-08 05:01:48,402 - INFO - Found ID for SYNGENE: 10243
2025-05-08 05:01:48,402 - INFO - Found ID for SYNGENE.NS: 10243
2025-05-08 05:01:48,402 - INFO - Found ID for GRANULES: 11872
2025-05-08 05:01:48,403 - INFO - Found ID for GRANULES.NS: 11872
2025-05-08 05:01:48,403 - INFO - Found ID for ZEEL: 3812
2025-05-08 05:01:48,404 - INFO - Found ID for ZEEL.NS: 3812
2025-05-08 05:01:48,404 - INFO - Found ID for SBILIFE: 21808
2025-05-08 05:01:48,404 - INFO - Found ID for SBILIFE.NS: 21808
2025-05-08 05:01:48,405 - INFO - Found ID for RBLBANK: 18391
2025-05-08 05:01:48,405 - INFO - Found ID for RBLBANK.NS: 18391
2025-05-08 05:01:48,406 - INFO - Step 4.5: Validating security IDs for active tickers...
2025-05-08 05:01:48,407 - INFO - 
==================================================
VALIDATING SECURITY IDS
==================================================
2025-05-08 05:01:48,408 - INFO - Found 33 active tickers to validate
2025-05-08 05:01:48,409 - INFO - Found security ID for BALKRISIND.NS via BALKRISIND.NS: 335
2025-05-08 05:01:48,410 - INFO - Found security ID for M&M.NS via M&M.NS: 2031
2025-05-08 05:01:48,412 - INFO - Found security ID for MARUTI.NS via MARUTI.NS: 10999
2025-05-08 05:01:48,413 - INFO - Found security ID for MOTHERSON.NS via MOTHERSON.NS: 4204
2025-05-08 05:01:48,414 - INFO - Found security ID for MRF.NS via MRF.NS: 2277
2025-05-08 05:01:48,415 - INFO - Found security ID for MARICO.NS via MARICO.NS: 4067
2025-05-08 05:01:48,416 - INFO - Found security ID for CHOLAFIN.NS via CHOLAFIN.NS: 685
2025-05-08 05:01:48,416 - INFO - Found security ID for MUTHOOTFIN.NS via MUTHOOTFIN.NS: 23650
2025-05-08 05:01:48,417 - INFO - Found security ID for PEL.NS via PEL.NS: 2412
2025-05-08 05:01:48,423 - INFO - Found security ID for LALPATHLAB.NS via LALPATHLAB.NS: 11654
2025-05-08 05:01:48,424 - INFO - Found security ID for NAZARA.NS via NAZARA.NS: 2987
2025-05-08 05:01:48,424 - INFO - Found security ID for TATASTEEL.NS via TATASTEEL.NS: 3499
2025-05-08 05:01:48,424 - INFO - Found security ID for MGL.NS via MGL.NS: 17534
2025-05-08 05:01:48,425 - INFO - Found security ID for BIOCON.NS via BIOCON.NS: 11373
2025-05-08 05:01:48,425 - INFO - Found security ID for VBL.NS via VBL.NS: 18921
2025-05-08 05:01:48,425 - INFO - Found security ID for ADANIENSOL.NS via ADANIENSOL.NS: 10217
2025-05-08 05:01:48,426 - INFO - Found security ID for ADANIGREEN.NS via ADANIGREEN.NS: 3563
2025-05-08 05:01:48,426 - INFO - Found security ID for TATAPOWER.NS via TATAPOWER.NS: 3426
2025-05-08 05:01:48,427 - INFO - Found security ID for RECLTD.NS via RECLTD.NS: 15355
2025-05-08 05:01:48,427 - INFO - Found security ID for LTTS.NS via LTTS.NS: 18564
2025-05-08 05:01:48,427 - INFO - Found security ID for MPHASIS.NS via MPHASIS.NS: 4503
2025-05-08 05:01:48,428 - INFO - Found security ID for HATHWAY.NS via HATHWAY.NS: 18154
2025-05-08 05:01:48,428 - INFO - Found security ID for SUNTV.NS via SUNTV.NS: 13404
2025-05-08 05:01:48,429 - INFO - Found security ID for PETRONET.NS via PETRONET.NS: 11351
2025-05-08 05:01:48,429 - INFO - Found security ID for AUROPHARMA.NS via AUROPHARMA.NS: 275
2025-05-08 05:01:48,429 - INFO - Found security ID for BANKBARODA.NS via BANKBARODA.NS: 4668
2025-05-08 05:01:48,430 - INFO - Found security ID for BANKINDIA.NS via BANKINDIA.NS: 4745
2025-05-08 05:01:48,430 - INFO - Found security ID for CANBK.NS via CANBK.NS: 10794
2025-05-08 05:01:48,431 - INFO - Found security ID for PNB.NS via PNB.NS: 10666
2025-05-08 05:01:48,431 - INFO - Found security ID for UNIONBANK.NS via UNIONBANK.NS: 10753
2025-05-08 05:01:48,431 - INFO - Found security ID for BANDHANBNK.NS via BANDHANBNK.NS: 2263
2025-05-08 05:01:48,432 - INFO - Found security ID for PRESTIGE.NS via PRESTIGE.NS: 20302
2025-05-08 05:01:48,432 - INFO - Found security ID for HUDCO.NS via HUDCO.NS: 20825
2025-05-08 05:01:48,434 - INFO - All active tickers have security IDs
2025-05-08 05:01:48,435 - INFO - Step 5: Loading existing positions...
2025-05-08 05:01:48,458 - INFO - Loaded 10 existing positions
2025-05-08 05:01:48,458 - INFO - Positions: 10 open, 0 closed
2025-05-08 05:01:48,459 - INFO - Open positions:
2025-05-08 05:01:48,459 - INFO -   BUY EXIDEIND.NS (Order ID: 412505057762)
2025-05-08 05:01:48,460 - INFO -   BUY HEROMOTOCO.NS (Order ID: 912505057802)
2025-05-08 05:01:48,460 - INFO -   BUY BAJAJFINSV.NS (Order ID: 912505057892)
2025-05-08 05:01:48,460 - INFO -   BUY PFC.NS (Order ID: 912505057962)
2025-05-08 05:01:48,461 - INFO -   BUY RECLTD.NS (Order ID: 912505058012)
2025-05-08 05:01:48,461 - INFO -   SELL GODREJPROP.NS (Order ID: 312505057842)
2025-05-08 05:01:48,461 - INFO -   BUY COLPAL.NS (Order ID: 6125050517042)
2025-05-08 05:01:48,462 - INFO -   SELL SBILIFE.NS (Order ID: 9125050513002)
2025-05-08 05:01:48,462 - INFO -   BUY NESTLEIND.NS (Order ID: 212505067072)
2025-05-08 05:01:48,463 - INFO -   BUY ONGC.NS (Order ID: 512505067422)
2025-05-08 05:01:48,463 - INFO - Step 6: Starting trading loop (check interval: 30 seconds)...
2025-05-08 05:01:48,464 - INFO - 
==================================================
TRADING CYCLE 1
==================================================
2025-05-08 05:01:48,465 - INFO - Trading cycle 1 started at 2025-05-08 05:01:48
2025-05-08 05:01:48,465 - INFO - New trading day - resetting flags for fresh sector data check
2025-05-08 05:01:48,467 - INFO - Found fresh sector.csv file modified today
2025-05-08 05:01:48,468 - INFO - 
==================================================
READING SECTOR PERFORMANCE DATA
==================================================
2025-05-08 05:01:48,470 - INFO - Reading sector performance data from sector.csv
2025-05-08 05:01:48,471 - INFO - File last modified: 2025-05-08 05:01:01
2025-05-08 05:01:48,476 - INFO - Adding sector rankings to data
2025-05-08 05:01:48,482 - INFO - Sector rankings:
2025-05-08 05:01:48,483 - INFO - Rank 1: Auto (+1.66%) - TOP
2025-05-08 05:01:48,484 - INFO - Rank 2: Realty (+1.12%) - TOP
2025-05-08 05:01:48,485 - INFO - Rank 3: Media (+1.06%) - TOP
2025-05-08 05:01:48,487 - INFO - Rank 4: Metal (+0.98%) - MIDDLE
2025-05-08 05:01:48,489 - INFO - Rank 5: Energy (+0.82%) - MIDDLE
2025-05-08 05:01:48,490 - INFO - Rank 6: Financial Services (+0.76%) - MIDDLE
2025-05-08 05:01:48,491 - INFO - Rank 7: PSU Bank (+0.29%) - MIDDLE
2025-05-08 05:01:48,492 - INFO - Rank 8: IT (+0.14%) - BOTTOM
2025-05-08 05:01:48,493 - INFO - Rank 9: Pharma (-0.33%) - BOTTOM
2025-05-08 05:01:48,493 - INFO - Rank 10: FMCG (-0.52%) - BOTTOM
2025-05-08 05:01:48,494 - INFO - Latest timestamp in data: 2025-05-08 05:01:01
2025-05-08 05:01:48,495 - INFO - Loaded data for 10 sectors
2025-05-08 05:01:48,495 - INFO - Sector performance details:
2025-05-08 05:01:48,496 - INFO -   Rank 1: Auto - POSITIVE (1.66%) - TOP
2025-05-08 05:01:48,498 - INFO -   Rank 2: Realty - POSITIVE (1.12%) - TOP
2025-05-08 05:01:48,499 - INFO -   Rank 3: Media - POSITIVE (1.06%) - TOP
2025-05-08 05:01:48,501 - INFO -   Rank 4: Metal - POSITIVE (0.98%) - MIDDLE
2025-05-08 05:01:48,503 - INFO -   Rank 5: Energy - POSITIVE (0.82%) - MIDDLE
2025-05-08 05:01:48,504 - INFO -   Rank 6: Financial Services - POSITIVE (0.76%) - MIDDLE
2025-05-08 05:01:48,505 - INFO -   Rank 7: PSU Bank - POSITIVE (0.29%) - MIDDLE
2025-05-08 05:01:48,507 - INFO -   Rank 8: IT - POSITIVE (0.14%) - BOTTOM
2025-05-08 05:01:48,508 - INFO -   Rank 9: Pharma - NEGATIVE (-0.33%) - BOTTOM
2025-05-08 05:01:48,508 - INFO -   Rank 10: FMCG - NEGATIVE (-0.52%) - BOTTOM
2025-05-08 05:01:48,509 - INFO - 
==================================================
SECTOR DATA READ COMPLETE
==================================================
2025-05-08 05:01:48,510 - INFO - 
==================================================
PROCESSING SECTOR DATA
==================================================
2025-05-08 05:01:48,510 - INFO - Processing existing positions for potential exits...
2025-05-08 05:01:48,511 - INFO - 
==================================================
PROCESSING EXISTING POSITIONS
==================================================
2025-05-08 05:01:48,512 - INFO - Processing 10 existing positions
2025-05-08 05:01:48,513 - INFO - Checking position: BUY EXIDEIND.NS (Sector: Auto)
2025-05-08 05:01:48,513 - INFO - SECURITY ID LOOKUP: Searching for EXIDEIND.NS
2025-05-08 05:01:48,514 - INFO - Trying exact match for 'EXIDEIND.NS'
2025-05-08 05:01:48,514 - INFO - FOUND EXACT MATCH: ID 676 for EXIDEIND.NS
2025-05-08 05:01:48,515 - INFO - Getting current market price for EXIDEIND.NS
2025-05-08 05:01:48,515 - INFO - Failed to get quote using symbol: 'dhanhq' object has no attribute 'get_quote'
2025-05-08 05:01:48,516 - INFO - Failed to get LTP using security_id: 'dhanhq' object has no attribute 'get_ltp'
2025-05-08 05:01:48,516 - INFO - Failed to get price from candles: 'dhanhq' object has no attribute 'intraday_daily_minute_charts'
2025-05-08 05:01:48,519 - ERROR - Could not get current market price for EXIDEIND.NS
2025-05-08 05:01:48,519 - WARNING - Could not get current market price for EXIDEIND.NS
2025-05-08 05:01:48,519 - INFO - Checking position: BUY HEROMOTOCO.NS (Sector: Auto)
2025-05-08 05:01:48,521 - INFO - SECURITY ID LOOKUP: Searching for HEROMOTOCO.NS
2025-05-08 05:01:48,523 - INFO - Trying exact match for 'HEROMOTOCO.NS'
2025-05-08 05:01:48,526 - INFO - FOUND EXACT MATCH: ID 1348 for HEROMOTOCO.NS
2025-05-08 05:01:48,526 - INFO - Getting current market price for HEROMOTOCO.NS
2025-05-08 05:01:48,526 - INFO - Failed to get quote using symbol: 'dhanhq' object has no attribute 'get_quote'
2025-05-08 05:01:48,528 - INFO - Failed to get LTP using security_id: 'dhanhq' object has no attribute 'get_ltp'
2025-05-08 05:01:48,528 - INFO - Failed to get price from candles: 'dhanhq' object has no attribute 'intraday_daily_minute_charts'
2025-05-08 05:01:48,529 - ERROR - Could not get current market price for HEROMOTOCO.NS
2025-05-08 05:01:48,529 - WARNING - Could not get current market price for HEROMOTOCO.NS
2025-05-08 05:01:48,529 - INFO - Checking position: BUY BAJAJFINSV.NS (Sector: Financial Services)
2025-05-08 05:01:48,530 - INFO - SECURITY ID LOOKUP: Searching for BAJAJFINSV.NS
2025-05-08 05:01:48,530 - INFO - Trying exact match for 'BAJAJFINSV.NS'
2025-05-08 05:01:48,531 - INFO - FOUND EXACT MATCH: ID 16675 for BAJAJFINSV.NS
2025-05-08 05:01:48,531 - INFO - Getting current market price for BAJAJFINSV.NS
2025-05-08 05:01:48,532 - INFO - Failed to get quote using symbol: 'dhanhq' object has no attribute 'get_quote'
2025-05-08 05:01:48,535 - INFO - Failed to get LTP using security_id: 'dhanhq' object has no attribute 'get_ltp'
2025-05-08 05:01:48,536 - INFO - Failed to get price from candles: 'dhanhq' object has no attribute 'intraday_daily_minute_charts'
2025-05-08 05:01:48,537 - ERROR - Could not get current market price for BAJAJFINSV.NS
2025-05-08 05:01:48,538 - WARNING - Could not get current market price for BAJAJFINSV.NS
2025-05-08 05:01:48,539 - INFO - Checking position: BUY PFC.NS (Sector: Financial Services)
2025-05-08 05:01:48,540 - INFO - SECURITY ID LOOKUP: Searching for PFC.NS
2025-05-08 05:01:48,541 - INFO - Trying exact match for 'PFC.NS'
2025-05-08 05:01:48,541 - INFO - FOUND EXACT MATCH: ID 14299 for PFC.NS
2025-05-08 05:01:48,541 - INFO - Getting current market price for PFC.NS
2025-05-08 05:01:48,542 - INFO - Failed to get quote using symbol: 'dhanhq' object has no attribute 'get_quote'
2025-05-08 05:01:48,542 - INFO - Failed to get LTP using security_id: 'dhanhq' object has no attribute 'get_ltp'
2025-05-08 05:01:48,543 - INFO - Failed to get price from candles: 'dhanhq' object has no attribute 'intraday_daily_minute_charts'
2025-05-08 05:01:48,543 - ERROR - Could not get current market price for PFC.NS
2025-05-08 05:01:48,544 - WARNING - Could not get current market price for PFC.NS
2025-05-08 05:01:48,544 - INFO - Checking position: BUY RECLTD.NS (Sector: Financial Services)
2025-05-08 05:01:48,545 - INFO - SECURITY ID LOOKUP: Searching for RECLTD.NS
2025-05-08 05:01:48,545 - INFO - Trying exact match for 'RECLTD.NS'
2025-05-08 05:01:48,545 - INFO - FOUND EXACT MATCH: ID 15355 for RECLTD.NS
2025-05-08 05:01:48,546 - INFO - Getting current market price for RECLTD.NS
2025-05-08 05:01:48,546 - INFO - Failed to get quote using symbol: 'dhanhq' object has no attribute 'get_quote'
2025-05-08 05:01:48,546 - INFO - Failed to get LTP using security_id: 'dhanhq' object has no attribute 'get_ltp'
2025-05-08 05:01:48,547 - INFO - Failed to get price from candles: 'dhanhq' object has no attribute 'intraday_daily_minute_charts'
2025-05-08 05:01:48,547 - ERROR - Could not get current market price for RECLTD.NS
2025-05-08 05:01:48,548 - WARNING - Could not get current market price for RECLTD.NS
2025-05-08 05:01:48,548 - INFO - Checking position: SELL GODREJPROP.NS (Sector: Realty)
2025-05-08 05:01:48,548 - INFO - SECURITY ID LOOKUP: Searching for GODREJPROP.NS
2025-05-08 05:01:48,549 - INFO - Trying exact match for 'GODREJPROP.NS'
2025-05-08 05:01:48,549 - INFO - FOUND EXACT MATCH: ID 17875 for GODREJPROP.NS
2025-05-08 05:01:48,551 - INFO - Getting current market price for GODREJPROP.NS
2025-05-08 05:01:48,551 - INFO - Failed to get quote using symbol: 'dhanhq' object has no attribute 'get_quote'
2025-05-08 05:01:48,553 - INFO - Failed to get LTP using security_id: 'dhanhq' object has no attribute 'get_ltp'
2025-05-08 05:01:48,555 - INFO - Failed to get price from candles: 'dhanhq' object has no attribute 'intraday_daily_minute_charts'
2025-05-08 05:01:48,557 - ERROR - Could not get current market price for GODREJPROP.NS
2025-05-08 05:01:48,558 - WARNING - Could not get current market price for GODREJPROP.NS
2025-05-08 05:01:48,560 - INFO - Checking position: BUY COLPAL.NS (Sector: FMCG)
2025-05-08 05:01:48,561 - INFO - SECURITY ID LOOKUP: Searching for COLPAL.NS
2025-05-08 05:01:48,561 - INFO - Trying exact match for 'COLPAL.NS'
2025-05-08 05:01:48,562 - INFO - FOUND EXACT MATCH: ID 15141 for COLPAL.NS
2025-05-08 05:01:48,562 - INFO - Getting current market price for COLPAL.NS
2025-05-08 05:01:48,562 - INFO - Failed to get quote using symbol: 'dhanhq' object has no attribute 'get_quote'
2025-05-08 05:01:48,563 - INFO - Failed to get LTP using security_id: 'dhanhq' object has no attribute 'get_ltp'
2025-05-08 05:01:48,563 - INFO - Failed to get price from candles: 'dhanhq' object has no attribute 'intraday_daily_minute_charts'
2025-05-08 05:01:48,564 - ERROR - Could not get current market price for COLPAL.NS
2025-05-08 05:01:48,565 - WARNING - Could not get current market price for COLPAL.NS
2025-05-08 05:01:48,566 - INFO - Checking position: SELL SBILIFE.NS (Sector: Financial Services)
2025-05-08 05:01:48,566 - INFO - SECURITY ID LOOKUP: Searching for SBILIFE.NS
2025-05-08 05:01:48,569 - INFO - Trying exact match for 'SBILIFE.NS'
2025-05-08 05:01:48,573 - INFO - FOUND EXACT MATCH: ID 21808 for SBILIFE.NS
2025-05-08 05:01:48,575 - INFO - Getting current market price for SBILIFE.NS
2025-05-08 05:01:48,575 - INFO - Failed to get quote using symbol: 'dhanhq' object has no attribute 'get_quote'
2025-05-08 05:01:48,576 - INFO - Failed to get LTP using security_id: 'dhanhq' object has no attribute 'get_ltp'
2025-05-08 05:01:48,576 - INFO - Failed to get price from candles: 'dhanhq' object has no attribute 'intraday_daily_minute_charts'
2025-05-08 05:01:48,577 - ERROR - Could not get current market price for SBILIFE.NS
2025-05-08 05:01:48,577 - WARNING - Could not get current market price for SBILIFE.NS
2025-05-08 05:01:48,578 - INFO - Checking position: BUY NESTLEIND.NS (Sector: FMCG)
2025-05-08 05:01:48,578 - INFO - SECURITY ID LOOKUP: Searching for NESTLEIND.NS
2025-05-08 05:01:48,579 - INFO - Trying exact match for 'NESTLEIND.NS'
2025-05-08 05:01:48,580 - INFO - FOUND EXACT MATCH: ID 17963 for NESTLEIND.NS
2025-05-08 05:01:48,581 - INFO - Getting current market price for NESTLEIND.NS
2025-05-08 05:01:48,581 - INFO - Failed to get quote using symbol: 'dhanhq' object has no attribute 'get_quote'
2025-05-08 05:01:48,581 - INFO - Failed to get LTP using security_id: 'dhanhq' object has no attribute 'get_ltp'
2025-05-08 05:01:48,582 - INFO - Failed to get price from candles: 'dhanhq' object has no attribute 'intraday_daily_minute_charts'
2025-05-08 05:01:48,582 - ERROR - Could not get current market price for NESTLEIND.NS
2025-05-08 05:01:48,583 - WARNING - Could not get current market price for NESTLEIND.NS
2025-05-08 05:01:48,583 - INFO - Checking position: BUY ONGC.NS (Sector: Energy)
2025-05-08 05:01:48,584 - INFO - SECURITY ID LOOKUP: Searching for ONGC.NS
2025-05-08 05:01:48,585 - INFO - Trying exact match for 'ONGC.NS'
2025-05-08 05:01:48,587 - INFO - FOUND EXACT MATCH: ID 2475 for ONGC.NS
2025-05-08 05:01:48,588 - INFO - Getting current market price for ONGC.NS
2025-05-08 05:01:48,588 - INFO - Failed to get quote using symbol: 'dhanhq' object has no attribute 'get_quote'
2025-05-08 05:01:48,590 - INFO - Failed to get LTP using security_id: 'dhanhq' object has no attribute 'get_ltp'
2025-05-08 05:01:48,591 - INFO - Failed to get price from candles: 'dhanhq' object has no attribute 'intraday_daily_minute_charts'
2025-05-08 05:01:48,591 - ERROR - Could not get current market price for ONGC.NS
2025-05-08 05:01:48,592 - WARNING - Could not get current market price for ONGC.NS
2025-05-08 05:01:48,592 - INFO - No positions needed to be exited
2025-05-08 05:01:48,593 - INFO - 
==================================================
POSITION PROCESSING COMPLETE
==================================================
2025-05-08 05:01:48,593 - INFO - First run of the day - looking for sector-based trading opportunities...
2025-05-08 05:01:48,594 - INFO - 
==================================================
FINDING NEW TRADING OPPORTUNITIES
==================================================
2025-05-08 05:01:48,595 - INFO - Found 33 active tickers out of 33 total
2025-05-08 05:01:48,597 - INFO - Processed sector data for 10 sectors
2025-05-08 05:01:48,597 - INFO - Processing tickers in order: ['BALKRISIND.NS', 'M&M.NS', 'MARUTI.NS', 'MOTHERSON.NS', 'MRF.NS', 'MARICO.NS', 'CHOLAFIN.NS', 'MUTHOOTFIN.NS', 'PEL.NS', 'LALPATHLAB.NS', 'NAZARA.NS', 'TATASTEEL.NS', 'MGL.NS', 'BIOCON.NS', 'VBL.NS', 'ADANIENSOL.NS', 'ADANIGREEN.NS', 'TATAPOWER.NS', 'RECLTD.NS', 'LTTS.NS', 'MPHASIS.NS', 'HATHWAY.NS', 'SUNTV.NS', 'PETRONET.NS', 'AUROPHARMA.NS', 'BANKBARODA.NS', 'BANKINDIA.NS', 'CANBK.NS', 'PNB.NS', 'UNIONBANK.NS', 'BANDHANBNK.NS', 'PRESTIGE.NS', 'HUDCO.NS']
2025-05-08 05:01:48,598 - INFO - Already have open positions for: ['EXIDEIND.NS', 'HEROMOTOCO.NS', 'BAJAJFINSV.NS', 'PFC.NS', 'RECLTD.NS', 'GODREJPROP.NS', 'COLPAL.NS', 'SBILIFE.NS', 'NESTLEIND.NS', 'ONGC.NS']
2025-05-08 05:01:48,599 - INFO - Current sector rankings:
2025-05-08 05:01:48,599 - INFO -   Rank 1: Auto - POSITIVE (1.66%) - TOP
2025-05-08 05:01:48,601 - INFO -   Rank 2: Realty - POSITIVE (1.12%) - TOP
2025-05-08 05:01:48,602 - INFO -   Rank 3: Media - POSITIVE (1.06%) - TOP
2025-05-08 05:01:48,604 - INFO -   Rank 4: Metal - POSITIVE (0.98%) - MIDDLE
2025-05-08 05:01:48,607 - INFO -   Rank 5: Energy - POSITIVE (0.82%) - MIDDLE
2025-05-08 05:01:48,608 - INFO -   Rank 6: Financial Services - POSITIVE (0.76%) - MIDDLE
2025-05-08 05:01:48,608 - INFO -   Rank 7: PSU Bank - POSITIVE (0.29%) - MIDDLE
2025-05-08 05:01:48,609 - INFO -   Rank 8: IT - POSITIVE (0.14%) - BOTTOM
2025-05-08 05:01:48,609 - INFO -   Rank 9: Pharma - NEGATIVE (-0.33%) - BOTTOM
2025-05-08 05:01:48,610 - INFO -   Rank 10: FMCG - NEGATIVE (-0.52%) - BOTTOM
2025-05-08 05:01:48,610 - INFO - Processing ticker 1: BALKRISIND.NS
2025-05-08 05:01:48,611 - INFO - Found sector Auto for BALKRISIND.NS
2025-05-08 05:01:48,611 - INFO - Evaluating BALKRISIND.NS in sector Auto - Rank 1 (TOP)
2025-05-08 05:01:48,612 - INFO -   Performance: +1.66%
2025-05-08 05:01:48,612 - INFO - Not trading BALKRISIND.NS - sector ranking doesn't match strategy
2025-05-08 05:01:48,612 - INFO -   Transaction type: SELL
2025-05-08 05:01:48,614 - INFO -   Sector category: TOP
2025-05-08 05:01:48,615 - INFO -   Sector is_positive: True
2025-05-08 05:01:48,615 - INFO - Processing ticker 2: M&M.NS
2025-05-08 05:01:48,616 - INFO - Found sector Auto for M&M.NS
2025-05-08 05:01:48,616 - INFO - Evaluating M&M.NS in sector Auto - Rank 1 (TOP)
2025-05-08 05:01:48,616 - INFO -   Performance: +1.66%
2025-05-08 05:01:48,617 - INFO - Not trading M&M.NS - sector ranking doesn't match strategy
2025-05-08 05:01:48,618 - INFO -   Transaction type: SELL
2025-05-08 05:01:48,621 - INFO -   Sector category: TOP
2025-05-08 05:01:48,623 - INFO -   Sector is_positive: True
2025-05-08 05:01:48,625 - INFO - Processing ticker 3: MARUTI.NS
2025-05-08 05:01:48,626 - INFO - Found sector Auto for MARUTI.NS
2025-05-08 05:01:48,628 - INFO - Evaluating MARUTI.NS in sector Auto - Rank 1 (TOP)
2025-05-08 05:01:48,628 - INFO -   Performance: +1.66%
2025-05-08 05:01:48,629 - INFO - Not trading MARUTI.NS - sector ranking doesn't match strategy
2025-05-08 05:01:48,630 - INFO -   Transaction type: SELL
2025-05-08 05:01:48,630 - INFO -   Sector category: TOP
2025-05-08 05:01:48,631 - INFO -   Sector is_positive: True
2025-05-08 05:01:48,631 - INFO - Processing ticker 4: MOTHERSON.NS
2025-05-08 05:01:48,632 - INFO - Found sector Auto for MOTHERSON.NS
2025-05-08 05:01:48,632 - INFO - Evaluating MOTHERSON.NS in sector Auto - Rank 1 (TOP)
2025-05-08 05:01:48,632 - INFO -   Performance: +1.66%
2025-05-08 05:01:48,633 - INFO - Not trading MOTHERSON.NS - sector ranking doesn't match strategy
2025-05-08 05:01:48,633 - INFO -   Transaction type: SELL
2025-05-08 05:01:48,635 - INFO -   Sector category: TOP
2025-05-08 05:01:48,636 - INFO -   Sector is_positive: True
2025-05-08 05:01:48,636 - INFO - Processing ticker 5: MRF.NS
2025-05-08 05:01:48,637 - INFO - Found sector Auto for MRF.NS
2025-05-08 05:01:48,638 - INFO - Evaluating MRF.NS in sector Auto - Rank 1 (TOP)
2025-05-08 05:01:48,638 - INFO -   Performance: +1.66%
2025-05-08 05:01:48,639 - INFO - Not trading MRF.NS - sector ranking doesn't match strategy
2025-05-08 05:01:48,640 - INFO -   Transaction type: SELL
2025-05-08 05:01:48,641 - INFO -   Sector category: TOP
2025-05-08 05:01:48,641 - INFO -   Sector is_positive: True
2025-05-08 05:01:48,642 - INFO - Processing ticker 6: MARICO.NS
2025-05-08 05:01:48,642 - INFO - Found sector FMCG for MARICO.NS
2025-05-08 05:01:48,642 - INFO - Evaluating MARICO.NS in sector FMCG - Rank 10 (BOTTOM)
2025-05-08 05:01:48,643 - INFO -   Performance: -0.52%
2025-05-08 05:01:48,643 - INFO - Should SELL MARICO.NS - sector FMCG is in BOTTOM 3 (Rank 10)
2025-05-08 05:01:48,643 - INFO - SECURITY ID LOOKUP: Searching for MARICO.NS
2025-05-08 05:01:48,644 - INFO - Trying exact match for 'MARICO.NS'
2025-05-08 05:01:48,644 - INFO - FOUND EXACT MATCH: ID 4067 for MARICO.NS
2025-05-08 05:01:48,645 - INFO - Placing SELL order for 20 shares of MARICO.NS: BOTTOM 3 sector (Rank 10): -0.52%
2025-05-08 05:01:48,645 - INFO - Executing SELL order for 20 shares of MARICO.NS with up to 3 retries
2025-05-08 05:01:48,645 - INFO - ORDER ATTEMPT: SELL 20 shares of MARICO.NS
2025-05-08 05:01:48,646 - INFO - Using security ID: 4067
2025-05-08 05:01:48,646 - INFO - ORDER PARAMS: security_id: 4067, exchange_segment: NSE_EQ, transaction_type: SELL, quantity: 20, order_type: MARKET, product_type: INTRADAY, price: 0
2025-05-08 05:01:48,863 - INFO - Response type: <class 'dict'>
2025-05-08 05:01:48,864 - INFO - COMPLETE ORDER RESPONSE:
{
  "status": "success",
  "remarks": "",
  "data": {
    "orderId": "512505087152",
    "orderStatus": "TRANSIT"
  }
}
2025-05-08 05:01:48,865 - INFO - SUCCESS: Got order ID 512505087152 for MARICO.NS
2025-05-08 05:01:48,865 - INFO - Order executed successfully for MARICO.NS, order ID: 512505087152
2025-05-08 05:01:48,866 - INFO - Getting current market price for MARICO.NS
2025-05-08 05:01:48,866 - INFO - Failed to get quote using symbol: 'dhanhq' object has no attribute 'get_quote'
2025-05-08 05:01:48,867 - INFO - Failed to get LTP using security_id: 'dhanhq' object has no attribute 'get_ltp'
2025-05-08 05:01:48,867 - INFO - Failed to get price from candles: 'dhanhq' object has no attribute 'intraday_daily_minute_charts'
2025-05-08 05:01:48,867 - ERROR - Could not get current market price for MARICO.NS
2025-05-08 05:01:48,868 - WARNING - Could not determine execution price for MARICO.NS
2025-05-08 05:01:48,868 - INFO - Waiting 2 seconds for order execution...
2025-05-08 05:01:50,870 - INFO - Getting execution price for order ID: 512505087152
2025-05-08 05:01:51,079 - WARNING - Order 512505087152 not executed yet. Status: success
2025-05-08 05:01:51,080 - INFO - New SELL position for MARICO.NS: BOTTOM 3 sector (Rank 10): -0.52%
2025-05-08 05:01:51,080 - INFO - Waiting 10 seconds before next order to avoid rate limiting...
2025-05-08 05:02:01,085 - INFO - Processing ticker 7: CHOLAFIN.NS
2025-05-08 05:02:01,086 - INFO - Found sector Financial Services for CHOLAFIN.NS
2025-05-08 05:02:01,086 - INFO - Evaluating CHOLAFIN.NS in sector Financial Services - Rank 6 (MIDDLE)
2025-05-08 05:02:01,086 - INFO -   Performance: +0.76%
2025-05-08 05:02:01,087 - INFO - Not trading CHOLAFIN.NS - sector ranking doesn't match strategy
2025-05-08 05:02:01,087 - INFO -   Transaction type: SELL
2025-05-08 05:02:01,087 - INFO -   Sector category: MIDDLE
2025-05-08 05:02:01,088 - INFO -   Sector is_positive: True
2025-05-08 05:02:01,088 - INFO - Processing ticker 8: MUTHOOTFIN.NS
2025-05-08 05:02:01,089 - INFO - Found sector Financial Services for MUTHOOTFIN.NS
2025-05-08 05:02:01,089 - INFO - Evaluating MUTHOOTFIN.NS in sector Financial Services - Rank 6 (MIDDLE)
2025-05-08 05:02:01,089 - INFO -   Performance: +0.76%
2025-05-08 05:02:01,090 - INFO - Not trading MUTHOOTFIN.NS - sector ranking doesn't match strategy
2025-05-08 05:02:01,090 - INFO -   Transaction type: SELL
2025-05-08 05:02:01,090 - INFO -   Sector category: MIDDLE
2025-05-08 05:02:01,091 - INFO -   Sector is_positive: True
2025-05-08 05:02:01,091 - INFO - Processing ticker 9: PEL.NS
2025-05-08 05:02:01,092 - INFO - Found sector Financial Services for PEL.NS
2025-05-08 05:02:01,092 - INFO - Evaluating PEL.NS in sector Financial Services - Rank 6 (MIDDLE)
2025-05-08 05:02:01,092 - INFO -   Performance: +0.76%
2025-05-08 05:02:01,093 - INFO - Not trading PEL.NS - sector ranking doesn't match strategy
2025-05-08 05:02:01,093 - INFO -   Transaction type: SELL
2025-05-08 05:02:01,093 - INFO -   Sector category: MIDDLE
2025-05-08 05:02:01,094 - INFO -   Sector is_positive: True
2025-05-08 05:02:01,094 - INFO - Processing ticker 10: LALPATHLAB.NS
2025-05-08 05:02:01,095 - INFO - Found sector Pharma for LALPATHLAB.NS
2025-05-08 05:02:01,095 - INFO - Evaluating LALPATHLAB.NS in sector Pharma - Rank 9 (BOTTOM)
2025-05-08 05:02:01,097 - INFO -   Performance: -0.33%
2025-05-08 05:02:01,098 - INFO - Should SELL LALPATHLAB.NS - sector Pharma is in BOTTOM 3 (Rank 9)
2025-05-08 05:02:01,099 - INFO - SECURITY ID LOOKUP: Searching for LALPATHLAB.NS
2025-05-08 05:02:01,100 - INFO - Trying exact match for 'LALPATHLAB.NS'
2025-05-08 05:02:01,100 - INFO - FOUND EXACT MATCH: ID 11654 for LALPATHLAB.NS
2025-05-08 05:02:01,100 - INFO - Placing SELL order for 20 shares of LALPATHLAB.NS: BOTTOM 3 sector (Rank 9): -0.33%
2025-05-08 05:02:01,102 - INFO - Executing SELL order for 20 shares of LALPATHLAB.NS with up to 3 retries
2025-05-08 05:02:01,103 - INFO - ORDER ATTEMPT: SELL 20 shares of LALPATHLAB.NS
2025-05-08 05:02:01,103 - INFO - Using security ID: 11654
2025-05-08 05:02:01,104 - INFO - ORDER PARAMS: security_id: 11654, exchange_segment: NSE_EQ, transaction_type: SELL, quantity: 20, order_type: MARKET, product_type: INTRADAY, price: 0
2025-05-08 05:02:01,319 - INFO - Response type: <class 'dict'>
2025-05-08 05:02:01,320 - INFO - COMPLETE ORDER RESPONSE:
{
  "status": "success",
  "remarks": "",
  "data": {
    "orderId": "412505086142",
    "orderStatus": "TRANSIT"
  }
}
2025-05-08 05:02:01,321 - INFO - SUCCESS: Got order ID 412505086142 for LALPATHLAB.NS
2025-05-08 05:02:01,322 - INFO - Order executed successfully for LALPATHLAB.NS, order ID: 412505086142
2025-05-08 05:02:01,322 - INFO - Getting current market price for LALPATHLAB.NS
2025-05-08 05:02:01,322 - INFO - Failed to get quote using symbol: 'dhanhq' object has no attribute 'get_quote'
2025-05-08 05:02:01,323 - INFO - Failed to get LTP using security_id: 'dhanhq' object has no attribute 'get_ltp'
2025-05-08 05:02:01,323 - INFO - Failed to get price from candles: 'dhanhq' object has no attribute 'intraday_daily_minute_charts'
2025-05-08 05:02:01,324 - ERROR - Could not get current market price for LALPATHLAB.NS
2025-05-08 05:02:01,324 - WARNING - Could not determine execution price for LALPATHLAB.NS
2025-05-08 05:02:01,324 - INFO - Waiting 2 seconds for order execution...
2025-05-08 05:02:03,337 - INFO - Getting execution price for order ID: 412505086142
2025-05-08 05:02:03,544 - WARNING - Order 412505086142 not executed yet. Status: success
2025-05-08 05:02:03,544 - INFO - New SELL position for LALPATHLAB.NS: BOTTOM 3 sector (Rank 9): -0.33%
2025-05-08 05:02:03,545 - INFO - Waiting 10 seconds before next order to avoid rate limiting...
2025-05-08 05:02:13,553 - INFO - Processing ticker 11: NAZARA.NS
2025-05-08 05:02:13,553 - INFO - Found sector Media for NAZARA.NS
2025-05-08 05:02:13,553 - INFO - Evaluating NAZARA.NS in sector Media - Rank 3 (TOP)
2025-05-08 05:02:13,554 - INFO -   Performance: +1.06%
2025-05-08 05:02:13,554 - INFO - Not trading NAZARA.NS - sector ranking doesn't match strategy
2025-05-08 05:02:13,555 - INFO -   Transaction type: SELL
2025-05-08 05:02:13,555 - INFO -   Sector category: TOP
2025-05-08 05:02:13,555 - INFO -   Sector is_positive: True
2025-05-08 05:02:13,556 - INFO - Processing ticker 12: TATASTEEL.NS
2025-05-08 05:02:13,556 - INFO - Found sector Metal for TATASTEEL.NS
2025-05-08 05:02:13,556 - INFO - Evaluating TATASTEEL.NS in sector Metal - Rank 4 (MIDDLE)
2025-05-08 05:02:13,557 - INFO -   Performance: +0.98%
2025-05-08 05:02:13,557 - INFO - Not trading TATASTEEL.NS - sector ranking doesn't match strategy
2025-05-08 05:02:13,557 - INFO -   Transaction type: SELL
2025-05-08 05:02:13,558 - INFO -   Sector category: MIDDLE
2025-05-08 05:02:13,558 - INFO -   Sector is_positive: True
2025-05-08 05:02:13,559 - INFO - Processing ticker 13: MGL.NS
2025-05-08 05:02:13,559 - WARNING - Could not find sector for MGL.NS in sector mapping
2025-05-08 05:02:13,560 - INFO - Processing ticker 14: BIOCON.NS
2025-05-08 05:02:13,560 - INFO - Found sector Pharma for BIOCON.NS
2025-05-08 05:02:13,561 - INFO - Evaluating BIOCON.NS in sector Pharma - Rank 9 (BOTTOM)
2025-05-08 05:02:13,561 - INFO -   Performance: -0.33%
2025-05-08 05:02:13,562 - INFO - Should SELL BIOCON.NS - sector Pharma is in BOTTOM 3 (Rank 9)
2025-05-08 05:02:13,562 - INFO - SECURITY ID LOOKUP: Searching for BIOCON.NS
2025-05-08 05:02:13,562 - INFO - Trying exact match for 'BIOCON.NS'
2025-05-08 05:02:13,563 - INFO - FOUND EXACT MATCH: ID 11373 for BIOCON.NS
2025-05-08 05:02:13,563 - INFO - Placing SELL order for 20 shares of BIOCON.NS: BOTTOM 3 sector (Rank 9): -0.33%
2025-05-08 05:02:13,564 - INFO - Executing SELL order for 20 shares of BIOCON.NS with up to 3 retries
2025-05-08 05:02:13,565 - INFO - ORDER ATTEMPT: SELL 20 shares of BIOCON.NS
2025-05-08 05:02:13,565 - INFO - Using security ID: 11373
2025-05-08 05:02:13,567 - INFO - ORDER PARAMS: security_id: 11373, exchange_segment: NSE_EQ, transaction_type: SELL, quantity: 20, order_type: MARKET, product_type: INTRADAY, price: 0
2025-05-08 05:02:13,784 - INFO - Response type: <class 'dict'>
2025-05-08 05:02:13,784 - INFO - COMPLETE ORDER RESPONSE:
{
  "status": "success",
  "remarks": "",
  "data": {
    "orderId": "612505087882",
    "orderStatus": "TRANSIT"
  }
}
2025-05-08 05:02:13,786 - INFO - SUCCESS: Got order ID 612505087882 for BIOCON.NS
2025-05-08 05:02:13,787 - INFO - Order executed successfully for BIOCON.NS, order ID: 612505087882
2025-05-08 05:02:13,787 - INFO - Getting current market price for BIOCON.NS
2025-05-08 05:02:13,787 - INFO - Failed to get quote using symbol: 'dhanhq' object has no attribute 'get_quote'
2025-05-08 05:02:13,788 - INFO - Failed to get LTP using security_id: 'dhanhq' object has no attribute 'get_ltp'
2025-05-08 05:02:13,788 - INFO - Failed to get price from candles: 'dhanhq' object has no attribute 'intraday_daily_minute_charts'
2025-05-08 05:02:13,788 - ERROR - Could not get current market price for BIOCON.NS
2025-05-08 05:02:13,789 - WARNING - Could not determine execution price for BIOCON.NS
2025-05-08 05:02:13,789 - INFO - Waiting 2 seconds for order execution...
2025-05-08 05:02:15,795 - INFO - Getting execution price for order ID: 612505087882
2025-05-08 05:02:15,998 - WARNING - Order 612505087882 not executed yet. Status: success
2025-05-08 05:02:15,999 - INFO - New SELL position for BIOCON.NS: BOTTOM 3 sector (Rank 9): -0.33%
2025-05-08 05:02:15,999 - INFO - Waiting 10 seconds before next order to avoid rate limiting...
2025-05-08 05:02:26,006 - INFO - Processing ticker 15: VBL.NS
2025-05-08 05:02:26,006 - WARNING - Could not find sector for VBL.NS in sector mapping
2025-05-08 05:02:26,007 - INFO - Processing ticker 16: ADANIENSOL.NS
2025-05-08 05:02:26,007 - WARNING - Could not find sector for ADANIENSOL.NS in sector mapping
2025-05-08 05:02:26,008 - INFO - Processing ticker 17: ADANIGREEN.NS
2025-05-08 05:02:26,008 - INFO - Found sector Energy for ADANIGREEN.NS
2025-05-08 05:02:26,009 - INFO - Evaluating ADANIGREEN.NS in sector Energy - Rank 5 (MIDDLE)
2025-05-08 05:02:26,009 - INFO -   Performance: +0.82%
2025-05-08 05:02:26,009 - INFO - Not trading ADANIGREEN.NS - sector ranking doesn't match strategy
2025-05-08 05:02:26,010 - INFO -   Transaction type: BUY
2025-05-08 05:02:26,010 - INFO -   Sector category: MIDDLE
2025-05-08 05:02:26,011 - INFO -   Sector is_positive: True
2025-05-08 05:02:26,011 - INFO - Processing ticker 18: TATAPOWER.NS
2025-05-08 05:02:26,012 - INFO - Found sector Energy for TATAPOWER.NS
2025-05-08 05:02:26,012 - INFO - Evaluating TATAPOWER.NS in sector Energy - Rank 5 (MIDDLE)
2025-05-08 05:02:26,013 - INFO -   Performance: +0.82%
2025-05-08 05:02:26,013 - INFO - Not trading TATAPOWER.NS - sector ranking doesn't match strategy
2025-05-08 05:02:26,013 - INFO -   Transaction type: BUY
2025-05-08 05:02:26,014 - INFO -   Sector category: MIDDLE
2025-05-08 05:02:26,014 - INFO -   Sector is_positive: True
2025-05-08 05:02:26,014 - INFO - Processing ticker 19: RECLTD.NS
2025-05-08 05:02:26,015 - INFO - Skipping RECLTD.NS - already have an open position
2025-05-08 05:02:26,016 - INFO - Processing ticker 20: LTTS.NS
2025-05-08 05:02:26,016 - INFO - Found sector IT for LTTS.NS
2025-05-08 05:02:26,017 - INFO - Evaluating LTTS.NS in sector IT - Rank 8 (BOTTOM)
2025-05-08 05:02:26,017 - INFO -   Performance: +0.14%
2025-05-08 05:02:26,018 - INFO - Not trading LTTS.NS - sector ranking doesn't match strategy
2025-05-08 05:02:26,019 - INFO -   Transaction type: BUY
2025-05-08 05:02:26,020 - INFO -   Sector category: BOTTOM
2025-05-08 05:02:26,021 - INFO -   Sector is_positive: True
2025-05-08 05:02:26,022 - INFO - Processing ticker 21: MPHASIS.NS
2025-05-08 05:02:26,023 - INFO - Found sector IT for MPHASIS.NS
2025-05-08 05:02:26,023 - INFO - Evaluating MPHASIS.NS in sector IT - Rank 8 (BOTTOM)
2025-05-08 05:02:26,024 - INFO -   Performance: +0.14%
2025-05-08 05:02:26,024 - INFO - Not trading MPHASIS.NS - sector ranking doesn't match strategy
2025-05-08 05:02:26,025 - INFO -   Transaction type: BUY
2025-05-08 05:02:26,025 - INFO -   Sector category: BOTTOM
2025-05-08 05:02:26,027 - INFO -   Sector is_positive: True
2025-05-08 05:02:26,027 - INFO - Processing ticker 22: HATHWAY.NS
2025-05-08 05:02:26,028 - INFO - Found sector Media for HATHWAY.NS
2025-05-08 05:02:26,028 - INFO - Evaluating HATHWAY.NS in sector Media - Rank 3 (TOP)
2025-05-08 05:02:26,029 - INFO -   Performance: +1.06%
2025-05-08 05:02:26,029 - INFO - Should BUY HATHWAY.NS - sector Media is in TOP 3 (Rank 3)
2025-05-08 05:02:26,030 - INFO - SECURITY ID LOOKUP: Searching for HATHWAY.NS
2025-05-08 05:02:26,030 - INFO - Trying exact match for 'HATHWAY.NS'
2025-05-08 05:02:26,030 - INFO - FOUND EXACT MATCH: ID 18154 for HATHWAY.NS
2025-05-08 05:02:26,031 - INFO - Placing BUY order for 20 shares of HATHWAY.NS: TOP 3 sector (Rank 3): 1.06%
2025-05-08 05:02:26,031 - INFO - Executing BUY order for 20 shares of HATHWAY.NS with up to 3 retries
2025-05-08 05:02:26,032 - INFO - ORDER ATTEMPT: BUY 20 shares of HATHWAY.NS
2025-05-08 05:02:26,032 - INFO - Using security ID: 18154
2025-05-08 05:02:26,033 - INFO - ORDER PARAMS: security_id: 18154, exchange_segment: NSE_EQ, transaction_type: BUY, quantity: 20, order_type: MARKET, product_type: INTRADAY, price: 0
2025-05-08 05:02:26,247 - INFO - Response type: <class 'dict'>
2025-05-08 05:02:26,248 - INFO - COMPLETE ORDER RESPONSE:
{
  "status": "success",
  "remarks": "",
  "data": {
    "orderId": "512505087252",
    "orderStatus": "TRANSIT"
  }
}
2025-05-08 05:02:26,250 - INFO - SUCCESS: Got order ID 512505087252 for HATHWAY.NS
2025-05-08 05:02:26,250 - INFO - Order executed successfully for HATHWAY.NS, order ID: 512505087252
2025-05-08 05:02:26,250 - INFO - Getting current market price for HATHWAY.NS
2025-05-08 05:02:26,251 - INFO - Failed to get quote using symbol: 'dhanhq' object has no attribute 'get_quote'
2025-05-08 05:02:26,251 - INFO - Failed to get LTP using security_id: 'dhanhq' object has no attribute 'get_ltp'
2025-05-08 05:02:26,252 - INFO - Failed to get price from candles: 'dhanhq' object has no attribute 'intraday_daily_minute_charts'
2025-05-08 05:02:26,252 - ERROR - Could not get current market price for HATHWAY.NS
2025-05-08 05:02:26,253 - WARNING - Could not determine execution price for HATHWAY.NS
2025-05-08 05:02:26,253 - INFO - Waiting 2 seconds for order execution...
2025-05-08 05:02:28,257 - INFO - Getting execution price for order ID: 512505087252
2025-05-08 05:02:28,460 - WARNING - Order 512505087252 not executed yet. Status: success
2025-05-08 05:02:28,460 - INFO - New BUY position for HATHWAY.NS: TOP 3 sector (Rank 3): 1.06%
2025-05-08 05:02:28,461 - INFO - Waiting 10 seconds before next order to avoid rate limiting...
2025-05-08 05:02:38,462 - INFO - Processing ticker 23: SUNTV.NS
2025-05-08 05:02:38,464 - INFO - Found sector Media for SUNTV.NS
2025-05-08 05:02:38,465 - INFO - Evaluating SUNTV.NS in sector Media - Rank 3 (TOP)
2025-05-08 05:02:38,466 - INFO -   Performance: +1.06%
2025-05-08 05:02:38,467 - INFO - Should BUY SUNTV.NS - sector Media is in TOP 3 (Rank 3)
2025-05-08 05:02:38,468 - INFO - SECURITY ID LOOKUP: Searching for SUNTV.NS
2025-05-08 05:02:38,468 - INFO - Trying exact match for 'SUNTV.NS'
2025-05-08 05:02:38,470 - INFO - FOUND EXACT MATCH: ID 13404 for SUNTV.NS
2025-05-08 05:02:38,471 - INFO - Placing BUY order for 20 shares of SUNTV.NS: TOP 3 sector (Rank 3): 1.06%
2025-05-08 05:02:38,472 - INFO - Executing BUY order for 20 shares of SUNTV.NS with up to 3 retries
2025-05-08 05:02:38,473 - INFO - ORDER ATTEMPT: BUY 20 shares of SUNTV.NS
2025-05-08 05:02:38,475 - INFO - Using security ID: 13404
2025-05-08 05:02:38,476 - INFO - ORDER PARAMS: security_id: 13404, exchange_segment: NSE_EQ, transaction_type: BUY, quantity: 20, order_type: MARKET, product_type: INTRADAY, price: 0
2025-05-08 05:02:38,698 - INFO - Response type: <class 'dict'>
2025-05-08 05:02:38,705 - INFO - COMPLETE ORDER RESPONSE:
{
  "status": "success",
  "remarks": "",
  "data": {
    "orderId": "912505086332",
    "orderStatus": "TRANSIT"
  }
}
2025-05-08 05:02:38,714 - INFO - SUCCESS: Got order ID 912505086332 for SUNTV.NS
2025-05-08 05:02:38,715 - INFO - Order executed successfully for SUNTV.NS, order ID: 912505086332
2025-05-08 05:02:38,716 - INFO - Getting current market price for SUNTV.NS
2025-05-08 05:02:38,717 - INFO - Failed to get quote using symbol: 'dhanhq' object has no attribute 'get_quote'
2025-05-08 05:02:38,718 - INFO - Failed to get LTP using security_id: 'dhanhq' object has no attribute 'get_ltp'
2025-05-08 05:02:38,721 - INFO - Failed to get price from candles: 'dhanhq' object has no attribute 'intraday_daily_minute_charts'
2025-05-08 05:02:38,724 - ERROR - Could not get current market price for SUNTV.NS
2025-05-08 05:02:38,724 - WARNING - Could not determine execution price for SUNTV.NS
2025-05-08 05:02:38,725 - INFO - Waiting 2 seconds for order execution...
2025-05-08 05:02:40,735 - INFO - Getting execution price for order ID: 912505086332
2025-05-08 05:02:40,941 - WARNING - Order 912505086332 not executed yet. Status: success
2025-05-08 05:02:40,942 - INFO - New BUY position for SUNTV.NS: TOP 3 sector (Rank 3): 1.06%
2025-05-08 05:02:40,942 - INFO - Waiting 10 seconds before next order to avoid rate limiting...
2025-05-08 05:02:50,942 - INFO - Processing ticker 24: PETRONET.NS
2025-05-08 05:02:50,942 - INFO - Found sector Oil & Gas for PETRONET.NS
2025-05-08 05:02:50,942 - WARNING - No data for sector Oil & Gas
2025-05-08 05:02:50,943 - INFO - Processing ticker 25: AUROPHARMA.NS
2025-05-08 05:02:50,943 - INFO - Found sector Pharma for AUROPHARMA.NS
2025-05-08 05:02:50,944 - INFO - Evaluating AUROPHARMA.NS in sector Pharma - Rank 9 (BOTTOM)
2025-05-08 05:02:50,944 - INFO -   Performance: -0.33%
2025-05-08 05:02:50,944 - INFO - Not trading AUROPHARMA.NS - sector ranking doesn't match strategy
2025-05-08 05:02:50,945 - INFO -   Transaction type: BUY
2025-05-08 05:02:50,945 - INFO -   Sector category: BOTTOM
2025-05-08 05:02:50,947 - INFO -   Sector is_positive: False
2025-05-08 05:02:50,947 - INFO - Processing ticker 26: BANKBARODA.NS
2025-05-08 05:02:50,947 - WARNING - Could not find sector for BANKBARODA.NS in sector mapping
2025-05-08 05:02:50,948 - INFO - Processing ticker 27: BANKINDIA.NS
2025-05-08 05:02:50,948 - INFO - Found sector PSU Bank for BANKINDIA.NS
2025-05-08 05:02:50,949 - INFO - Evaluating BANKINDIA.NS in sector PSU Bank - Rank 7 (MIDDLE)
2025-05-08 05:02:50,949 - INFO -   Performance: +0.29%
2025-05-08 05:02:50,950 - INFO - Not trading BANKINDIA.NS - sector ranking doesn't match strategy
2025-05-08 05:02:50,950 - INFO -   Transaction type: BUY
2025-05-08 05:02:50,950 - INFO -   Sector category: MIDDLE
2025-05-08 05:02:50,951 - INFO -   Sector is_positive: True
2025-05-08 05:02:50,951 - INFO - Processing ticker 28: CANBK.NS
2025-05-08 05:02:50,951 - INFO - Found sector Bank for CANBK.NS
2025-05-08 05:02:50,952 - WARNING - No data for sector Bank
2025-05-08 05:02:50,952 - INFO - Processing ticker 29: PNB.NS
2025-05-08 05:02:50,953 - INFO - Found sector PSU Bank for PNB.NS
2025-05-08 05:02:50,954 - INFO - Evaluating PNB.NS in sector PSU Bank - Rank 7 (MIDDLE)
2025-05-08 05:02:50,955 - INFO -   Performance: +0.29%
2025-05-08 05:02:50,956 - INFO - Not trading PNB.NS - sector ranking doesn't match strategy
2025-05-08 05:02:50,957 - INFO -   Transaction type: BUY
2025-05-08 05:02:50,957 - INFO -   Sector category: MIDDLE
2025-05-08 05:02:50,957 - INFO -   Sector is_positive: True
2025-05-08 05:02:50,958 - INFO - Processing ticker 30: UNIONBANK.NS
2025-05-08 05:02:50,958 - INFO - Found sector PSU Bank for UNIONBANK.NS
2025-05-08 05:02:50,958 - INFO - Evaluating UNIONBANK.NS in sector PSU Bank - Rank 7 (MIDDLE)
2025-05-08 05:02:50,959 - INFO -   Performance: +0.29%
2025-05-08 05:02:50,959 - INFO - Not trading UNIONBANK.NS - sector ranking doesn't match strategy
2025-05-08 05:02:50,959 - INFO -   Transaction type: BUY
2025-05-08 05:02:50,960 - INFO -   Sector category: MIDDLE
2025-05-08 05:02:50,960 - INFO -   Sector is_positive: True
2025-05-08 05:02:50,960 - INFO - Processing ticker 31: BANDHANBNK.NS
2025-05-08 05:02:50,961 - INFO - Found sector PVT Bank for BANDHANBNK.NS
2025-05-08 05:02:50,961 - WARNING - No data for sector PVT Bank
2025-05-08 05:02:50,961 - INFO - Processing ticker 32: PRESTIGE.NS
2025-05-08 05:02:50,962 - INFO - Found sector Realty for PRESTIGE.NS
2025-05-08 05:02:50,963 - INFO - Evaluating PRESTIGE.NS in sector Realty - Rank 2 (TOP)
2025-05-08 05:02:50,963 - INFO -   Performance: +1.12%
2025-05-08 05:02:50,964 - INFO - Should BUY PRESTIGE.NS - sector Realty is in TOP 3 (Rank 2)
2025-05-08 05:02:50,966 - INFO - SECURITY ID LOOKUP: Searching for PRESTIGE.NS
2025-05-08 05:02:50,966 - INFO - Trying exact match for 'PRESTIGE.NS'
2025-05-08 05:02:50,967 - INFO - FOUND EXACT MATCH: ID 20302 for PRESTIGE.NS
2025-05-08 05:02:50,967 - INFO - Placing BUY order for 20 shares of PRESTIGE.NS: TOP 3 sector (Rank 2): 1.12%
2025-05-08 05:02:50,968 - INFO - Executing BUY order for 20 shares of PRESTIGE.NS with up to 3 retries
2025-05-08 05:02:50,970 - INFO - ORDER ATTEMPT: BUY 20 shares of PRESTIGE.NS
2025-05-08 05:02:50,970 - INFO - Using security ID: 20302
2025-05-08 05:02:50,971 - INFO - ORDER PARAMS: security_id: 20302, exchange_segment: NSE_EQ, transaction_type: BUY, quantity: 20, order_type: MARKET, product_type: INTRADAY, price: 0
2025-05-08 05:02:51,187 - INFO - Response type: <class 'dict'>
2025-05-08 05:02:51,187 - INFO - COMPLETE ORDER RESPONSE:
{
  "status": "success",
  "remarks": "",
  "data": {
    "orderId": "912505086372",
    "orderStatus": "TRANSIT"
  }
}
2025-05-08 05:02:51,188 - INFO - SUCCESS: Got order ID 912505086372 for PRESTIGE.NS
2025-05-08 05:02:51,189 - INFO - Order executed successfully for PRESTIGE.NS, order ID: 912505086372
2025-05-08 05:02:51,189 - INFO - Getting current market price for PRESTIGE.NS
2025-05-08 05:02:51,189 - INFO - Failed to get quote using symbol: 'dhanhq' object has no attribute 'get_quote'
2025-05-08 05:02:51,190 - INFO - Failed to get LTP using security_id: 'dhanhq' object has no attribute 'get_ltp'
2025-05-08 05:02:51,190 - INFO - Failed to get price from candles: 'dhanhq' object has no attribute 'intraday_daily_minute_charts'
2025-05-08 05:02:51,190 - ERROR - Could not get current market price for PRESTIGE.NS
2025-05-08 05:02:51,191 - WARNING - Could not determine execution price for PRESTIGE.NS
2025-05-08 05:02:51,191 - INFO - Waiting 2 seconds for order execution...
2025-05-08 05:02:53,206 - INFO - Getting execution price for order ID: 912505086372
2025-05-08 05:02:53,413 - WARNING - Order 912505086372 not executed yet. Status: success
2025-05-08 05:02:53,414 - INFO - New BUY position for PRESTIGE.NS: TOP 3 sector (Rank 2): 1.12%
2025-05-08 05:02:53,414 - INFO - Waiting 10 seconds before next order to avoid rate limiting...
2025-05-08 05:03:03,425 - INFO - Processing ticker 33: HUDCO.NS
2025-05-08 05:03:03,425 - WARNING - Could not find sector for HUDCO.NS in sector mapping
2025-05-08 05:03:03,426 - INFO - Ticker processing summary:
2025-05-08 05:03:03,426 - INFO -   Total tickers considered: 33
2025-05-08 05:03:03,427 - INFO -   Tickers with sector data: 27
2025-05-08 05:03:03,427 - INFO -   Tickers matching sector ranking strategy: 6
2025-05-08 05:03:03,427 - INFO -   Tickers with security ID: 6
2025-05-08 05:03:03,428 - INFO -   Orders successfully placed: 6
2025-05-08 05:03:03,428 - INFO - New positions added: 6
2025-05-08 05:03:03,428 - INFO - Positions skipped: 27
2025-05-08 05:03:03,429 - INFO - Positions with errors: 0
2025-05-08 05:03:03,429 - INFO - Added 6 new positions based on sector rankings
2025-05-08 05:03:03,429 - INFO - 
==================================================
NEW OPPORTUNITIES PROCESSING COMPLETE
==================================================
2025-05-08 05:03:03,430 - INFO - Initial trades have been executed - no more new trades will be placed today
2025-05-08 05:03:03,430 - INFO - 
==================================================
SECTOR PROCESSING COMPLETE
==================================================
2025-05-08 05:03:03,433 - INFO - Saved 16 positions to dhan_positions.json
2025-05-08 05:03:03,434 - INFO - 
==================================================
POSITIONS SUMMARY
==================================================
2025-05-08 05:03:03,436 - INFO - Current positions summary:
2025-05-08 05:03:03,437 - INFO -   Open BUY positions: 11
2025-05-08 05:03:03,438 - INFO -   Open SELL positions: 5
2025-05-08 05:03:03,439 - INFO -   Closed positions: 0
2025-05-08 05:03:03,439 - INFO -   Total positions: 16
2025-05-08 05:03:03,439 - INFO - Open positions:
2025-05-08 05:03:03,440 - INFO -   BUY EXIDEIND.NS (Sector: Auto, Entry: 2025-05-05 05:08:27, Order ID: 412505057762, SL%: 1.0%, Target%: 1.0%)
2025-05-08 05:03:03,440 - INFO -   BUY HEROMOTOCO.NS (Sector: Auto, Entry: 2025-05-05 05:08:39, Order ID: 912505057802, SL%: 1.0%, Target%: 1.0%)
2025-05-08 05:03:03,441 - INFO -   BUY BAJAJFINSV.NS (Sector: Financial Services, Entry: 2025-05-05 05:08:51, Order ID: 912505057892, SL%: 1.0%, Target%: 1.0%)
2025-05-08 05:03:03,441 - INFO -   BUY PFC.NS (Sector: Financial Services, Entry: 2025-05-05 05:09:04, Order ID: 912505057962, SL%: 1.0%, Target%: 1.0%)
2025-05-08 05:03:03,442 - INFO -   BUY RECLTD.NS (Sector: Financial Services, Entry: 2025-05-05 05:09:16, Order ID: 912505058012, SL%: 1.0%, Target%: 1.0%)
2025-05-08 05:03:03,443 - INFO -   SELL GODREJPROP.NS (Sector: Realty, Entry: 2025-05-05 05:09:29, Order ID: 312505057842, SL%: 1.0%, Target%: 1.0%)
2025-05-08 05:03:03,443 - INFO -   BUY COLPAL.NS (Sector: FMCG, Entry: 2025-05-05 05:34:29, Order ID: 6125050517042, SL%: 1.0%, Target%: 1.0%)
2025-05-08 05:03:03,444 - INFO -   SELL SBILIFE.NS (Sector: Financial Services, Entry: 2025-05-05 05:34:42, Order ID: 9125050513002, SL%: 1.0%, Target%: 1.0%)
2025-05-08 05:03:03,444 - INFO -   BUY NESTLEIND.NS (Sector: FMCG, Entry: 2025-05-06 05:01:40, Order ID: 212505067072, SL%: 1.0%, Target%: 1.0%)
2025-05-08 05:03:03,445 - INFO -   BUY ONGC.NS (Sector: Energy, Entry: 2025-05-06 05:01:52, Order ID: 512505067422, SL%: 1.0%, Target%: 1.0%)
2025-05-08 05:03:03,445 - INFO -   SELL MARICO.NS (Sector: FMCG, Entry: 2025-05-08 05:01:51, Order ID: 512505087152, SL%: 1.0%, Target%: 1.0%)
2025-05-08 05:03:03,446 - INFO -   SELL LALPATHLAB.NS (Sector: Pharma, Entry: 2025-05-08 05:02:03, Order ID: 412505086142, SL%: 1.0%, Target%: 1.0%)
2025-05-08 05:03:03,446 - INFO -   SELL BIOCON.NS (Sector: Pharma, Entry: 2025-05-08 05:02:15, Order ID: 612505087882, SL%: 1.0%, Target%: 1.0%)
2025-05-08 05:03:03,447 - INFO -   BUY HATHWAY.NS (Sector: Media, Entry: 2025-05-08 05:02:28, Order ID: 512505087252, SL%: 1.0%, Target%: 1.0%)
2025-05-08 05:03:03,447 - INFO -   BUY SUNTV.NS (Sector: Media, Entry: 2025-05-08 05:02:40, Order ID: 912505086332, SL%: 1.0%, Target%: 1.0%)
2025-05-08 05:03:03,448 - INFO -   BUY PRESTIGE.NS (Sector: Realty, Entry: 2025-05-08 05:02:53, Order ID: 912505086372, SL%: 1.0%, Target%: 1.0%)
2025-05-08 05:03:03,449 - INFO - 
==================================================
POSITIONS SUMMARY COMPLETE
==================================================
2025-05-08 05:03:03,450 - INFO - Trading cycle 1 completed
2025-05-08 05:03:03,454 - INFO - Waiting 30 seconds until next check at 05:03:33...
2025-05-08 05:03:03,454 - INFO - 
==================================================
CYCLE 1 COMPLETE
==================================================
2025-05-08 05:03:33,463 - INFO - 
==================================================
TRADING CYCLE 2
==================================================
2025-05-08 05:03:33,464 - INFO - Trading cycle 2 started at 2025-05-08 05:03:33
2025-05-08 05:03:33,464 - INFO - New trading day - resetting flags for fresh sector data check
2025-05-08 05:03:33,465 - INFO - Found fresh sector.csv file modified today
2025-05-08 05:03:33,465 - INFO - 
==================================================
READING SECTOR PERFORMANCE DATA
==================================================
2025-05-08 05:03:33,466 - INFO - Reading sector performance data from sector.csv
2025-05-08 05:03:33,467 - INFO - File last modified: 2025-05-08 05:02:42
2025-05-08 05:03:33,473 - INFO - Adding sector rankings to data
2025-05-08 05:03:33,480 - INFO - Sector rankings:
2025-05-08 05:03:33,481 - INFO - Rank 1: Auto (+1.66%) - TOP
2025-05-08 05:03:33,482 - INFO - Rank 2: Realty (+1.12%) - TOP
2025-05-08 05:03:33,483 - INFO - Rank 3: Media (+1.06%) - TOP
2025-05-08 05:03:33,484 - INFO - Rank 4: Metal (+0.98%) - MIDDLE
2025-05-08 05:03:33,485 - INFO - Rank 5: Energy (+0.82%) - MIDDLE
2025-05-08 05:03:33,486 - INFO - Rank 6: Financial Services (+0.76%) - MIDDLE
2025-05-08 05:03:33,487 - INFO - Rank 7: PSU Bank (+0.29%) - MIDDLE
2025-05-08 05:03:33,487 - INFO - Rank 8: IT (+0.14%) - BOTTOM
2025-05-08 05:03:33,488 - INFO - Rank 9: Pharma (-0.33%) - BOTTOM
2025-05-08 05:03:33,490 - INFO - Rank 10: FMCG (-0.52%) - BOTTOM
2025-05-08 05:03:33,491 - INFO - Latest timestamp in data: 2025-05-08 05:02:42
2025-05-08 05:03:33,492 - INFO - Loaded data for 10 sectors
2025-05-08 05:03:33,493 - INFO - Sector performance details:
2025-05-08 05:03:33,495 - INFO -   Rank 1: Auto - POSITIVE (1.66%) - TOP
2025-05-08 05:03:33,496 - INFO -   Rank 2: Realty - POSITIVE (1.12%) - TOP
2025-05-08 05:03:33,497 - INFO -   Rank 3: Media - POSITIVE (1.06%) - TOP
2025-05-08 05:03:33,498 - INFO -   Rank 4: Metal - POSITIVE (0.98%) - MIDDLE
2025-05-08 05:03:33,499 - INFO -   Rank 5: Energy - POSITIVE (0.82%) - MIDDLE
2025-05-08 05:03:33,500 - INFO -   Rank 6: Financial Services - POSITIVE (0.76%) - MIDDLE
2025-05-08 05:03:33,501 - INFO -   Rank 7: PSU Bank - POSITIVE (0.29%) - MIDDLE
2025-05-08 05:03:33,502 - INFO -   Rank 8: IT - POSITIVE (0.14%) - BOTTOM
2025-05-08 05:03:33,503 - INFO -   Rank 9: Pharma - NEGATIVE (-0.33%) - BOTTOM
2025-05-08 05:03:33,503 - INFO -   Rank 10: FMCG - NEGATIVE (-0.52%) - BOTTOM
2025-05-08 05:03:33,504 - INFO - 
==================================================
SECTOR DATA READ COMPLETE
==================================================
2025-05-08 05:03:33,506 - INFO - 
==================================================
PROCESSING SECTOR DATA
==================================================
2025-05-08 05:03:33,508 - INFO - Processing existing positions for potential exits...
2025-05-08 05:03:33,509 - INFO - 
==================================================
PROCESSING EXISTING POSITIONS
==================================================
2025-05-08 05:03:33,509 - INFO - Processing 16 existing positions
2025-05-08 05:03:33,511 - INFO - Checking position: BUY EXIDEIND.NS (Sector: Auto)
2025-05-08 05:03:33,512 - INFO - SECURITY ID LOOKUP: Searching for EXIDEIND.NS
2025-05-08 05:03:33,513 - INFO - Trying exact match for 'EXIDEIND.NS'
2025-05-08 05:03:33,514 - INFO - FOUND EXACT MATCH: ID 676 for EXIDEIND.NS
2025-05-08 05:03:33,514 - INFO - Getting current market price for EXIDEIND.NS
2025-05-08 05:03:33,514 - INFO - Failed to get quote using symbol: 'dhanhq' object has no attribute 'get_quote'
2025-05-08 05:03:33,515 - INFO - Failed to get LTP using security_id: 'dhanhq' object has no attribute 'get_ltp'
2025-05-08 05:03:33,515 - INFO - Failed to get price from candles: 'dhanhq' object has no attribute 'intraday_daily_minute_charts'
2025-05-08 05:03:33,516 - ERROR - Could not get current market price for EXIDEIND.NS
2025-05-08 05:03:33,516 - WARNING - Could not get current market price for EXIDEIND.NS
2025-05-08 05:03:33,517 - INFO - Checking position: BUY HEROMOTOCO.NS (Sector: Auto)
2025-05-08 05:03:33,517 - INFO - SECURITY ID LOOKUP: Searching for HEROMOTOCO.NS
2025-05-08 05:03:33,517 - INFO - Trying exact match for 'HEROMOTOCO.NS'
2025-05-08 05:03:33,518 - INFO - FOUND EXACT MATCH: ID 1348 for HEROMOTOCO.NS
2025-05-08 05:03:33,518 - INFO - Getting current market price for HEROMOTOCO.NS
2025-05-08 05:03:33,519 - INFO - Failed to get quote using symbol: 'dhanhq' object has no attribute 'get_quote'
2025-05-08 05:03:33,519 - INFO - Failed to get LTP using security_id: 'dhanhq' object has no attribute 'get_ltp'
2025-05-08 05:03:33,520 - INFO - Failed to get price from candles: 'dhanhq' object has no attribute 'intraday_daily_minute_charts'
2025-05-08 05:03:33,520 - ERROR - Could not get current market price for HEROMOTOCO.NS
2025-05-08 05:03:33,521 - WARNING - Could not get current market price for HEROMOTOCO.NS
2025-05-08 05:03:33,521 - INFO - Checking position: BUY BAJAJFINSV.NS (Sector: Financial Services)
2025-05-08 05:03:33,523 - INFO - SECURITY ID LOOKUP: Searching for BAJAJFINSV.NS
2025-05-08 05:03:33,524 - INFO - Trying exact match for 'BAJAJFINSV.NS'
2025-05-08 05:03:33,524 - INFO - FOUND EXACT MATCH: ID 16675 for BAJAJFINSV.NS
2025-05-08 05:03:33,525 - INFO - Getting current market price for BAJAJFINSV.NS
2025-05-08 05:03:33,526 - INFO - Failed to get quote using symbol: 'dhanhq' object has no attribute 'get_quote'
2025-05-08 05:03:33,527 - INFO - Failed to get LTP using security_id: 'dhanhq' object has no attribute 'get_ltp'
2025-05-08 05:03:33,528 - INFO - Failed to get price from candles: 'dhanhq' object has no attribute 'intraday_daily_minute_charts'
2025-05-08 05:03:33,529 - ERROR - Could not get current market price for BAJAJFINSV.NS
2025-05-08 05:03:33,530 - WARNING - Could not get current market price for BAJAJFINSV.NS
2025-05-08 05:03:33,530 - INFO - Checking position: BUY PFC.NS (Sector: Financial Services)
2025-05-08 05:03:33,530 - INFO - SECURITY ID LOOKUP: Searching for PFC.NS
2025-05-08 05:03:33,531 - INFO - Trying exact match for 'PFC.NS'
2025-05-08 05:03:33,531 - INFO - FOUND EXACT MATCH: ID 14299 for PFC.NS
2025-05-08 05:03:33,532 - INFO - Getting current market price for PFC.NS
2025-05-08 05:03:33,532 - INFO - Failed to get quote using symbol: 'dhanhq' object has no attribute 'get_quote'
2025-05-08 05:03:33,533 - INFO - Failed to get LTP using security_id: 'dhanhq' object has no attribute 'get_ltp'
2025-05-08 05:03:33,533 - INFO - Failed to get price from candles: 'dhanhq' object has no attribute 'intraday_daily_minute_charts'
2025-05-08 05:03:33,534 - ERROR - Could not get current market price for PFC.NS
2025-05-08 05:03:33,534 - WARNING - Could not get current market price for PFC.NS
2025-05-08 05:03:33,535 - INFO - Checking position: BUY RECLTD.NS (Sector: Financial Services)
2025-05-08 05:03:33,535 - INFO - SECURITY ID LOOKUP: Searching for RECLTD.NS
2025-05-08 05:03:33,536 - INFO - Trying exact match for 'RECLTD.NS'
2025-05-08 05:03:33,536 - INFO - FOUND EXACT MATCH: ID 15355 for RECLTD.NS
2025-05-08 05:03:33,537 - INFO - Getting current market price for RECLTD.NS
2025-05-08 05:03:33,537 - INFO - Failed to get quote using symbol: 'dhanhq' object has no attribute 'get_quote'
2025-05-08 05:03:33,538 - INFO - Failed to get LTP using security_id: 'dhanhq' object has no attribute 'get_ltp'
2025-05-08 05:03:33,538 - INFO - Failed to get price from candles: 'dhanhq' object has no attribute 'intraday_daily_minute_charts'
2025-05-08 05:03:33,541 - ERROR - Could not get current market price for RECLTD.NS
2025-05-08 05:03:33,541 - WARNING - Could not get current market price for RECLTD.NS
2025-05-08 05:03:33,543 - INFO - Checking position: SELL GODREJPROP.NS (Sector: Realty)
2025-05-08 05:03:33,544 - INFO - SECURITY ID LOOKUP: Searching for GODREJPROP.NS
2025-05-08 05:03:33,544 - INFO - Trying exact match for 'GODREJPROP.NS'
2025-05-08 05:03:33,545 - INFO - FOUND EXACT MATCH: ID 17875 for GODREJPROP.NS
2025-05-08 05:03:33,546 - INFO - Getting current market price for GODREJPROP.NS
2025-05-08 05:03:33,547 - INFO - Failed to get quote using symbol: 'dhanhq' object has no attribute 'get_quote'
2025-05-08 05:03:33,547 - INFO - Failed to get LTP using security_id: 'dhanhq' object has no attribute 'get_ltp'
2025-05-08 05:03:33,548 - INFO - Failed to get price from candles: 'dhanhq' object has no attribute 'intraday_daily_minute_charts'
2025-05-08 05:03:33,548 - ERROR - Could not get current market price for GODREJPROP.NS
2025-05-08 05:03:33,549 - WARNING - Could not get current market price for GODREJPROP.NS
2025-05-08 05:03:33,549 - INFO - Checking position: BUY COLPAL.NS (Sector: FMCG)
2025-05-08 05:03:33,550 - INFO - SECURITY ID LOOKUP: Searching for COLPAL.NS
2025-05-08 05:03:33,550 - INFO - Trying exact match for 'COLPAL.NS'
2025-05-08 05:03:33,550 - INFO - FOUND EXACT MATCH: ID 15141 for COLPAL.NS
2025-05-08 05:03:33,551 - INFO - Getting current market price for COLPAL.NS
2025-05-08 05:03:33,551 - INFO - Failed to get quote using symbol: 'dhanhq' object has no attribute 'get_quote'
2025-05-08 05:03:33,552 - INFO - Failed to get LTP using security_id: 'dhanhq' object has no attribute 'get_ltp'
2025-05-08 05:03:33,553 - INFO - Failed to get price from candles: 'dhanhq' object has no attribute 'intraday_daily_minute_charts'
2025-05-08 05:03:33,553 - ERROR - Could not get current market price for COLPAL.NS
2025-05-08 05:03:33,554 - WARNING - Could not get current market price for COLPAL.NS
2025-05-08 05:03:33,554 - INFO - Checking position: SELL SBILIFE.NS (Sector: Financial Services)
2025-05-08 05:03:33,554 - INFO - SECURITY ID LOOKUP: Searching for SBILIFE.NS
2025-05-08 05:03:33,555 - INFO - Trying exact match for 'SBILIFE.NS'
2025-05-08 05:03:33,557 - INFO - FOUND EXACT MATCH: ID 21808 for SBILIFE.NS
2025-05-08 05:03:33,559 - INFO - Getting current market price for SBILIFE.NS
2025-05-08 05:03:33,559 - INFO - Failed to get quote using symbol: 'dhanhq' object has no attribute 'get_quote'
2025-05-08 05:03:33,560 - INFO - Failed to get LTP using security_id: 'dhanhq' object has no attribute 'get_ltp'
2025-05-08 05:03:33,560 - INFO - Failed to get price from candles: 'dhanhq' object has no attribute 'intraday_daily_minute_charts'
2025-05-08 05:03:33,561 - ERROR - Could not get current market price for SBILIFE.NS
2025-05-08 05:03:33,562 - WARNING - Could not get current market price for SBILIFE.NS
2025-05-08 05:03:33,562 - INFO - Checking position: BUY NESTLEIND.NS (Sector: FMCG)
2025-05-08 05:03:33,563 - INFO - SECURITY ID LOOKUP: Searching for NESTLEIND.NS
2025-05-08 05:03:33,564 - INFO - Trying exact match for 'NESTLEIND.NS'
2025-05-08 05:03:33,565 - INFO - FOUND EXACT MATCH: ID 17963 for NESTLEIND.NS
2025-05-08 05:03:33,565 - INFO - Getting current market price for NESTLEIND.NS
2025-05-08 05:03:33,566 - INFO - Failed to get quote using symbol: 'dhanhq' object has no attribute 'get_quote'
2025-05-08 05:03:33,566 - INFO - Failed to get LTP using security_id: 'dhanhq' object has no attribute 'get_ltp'
2025-05-08 05:03:33,566 - INFO - Failed to get price from candles: 'dhanhq' object has no attribute 'intraday_daily_minute_charts'
2025-05-08 05:03:33,567 - ERROR - Could not get current market price for NESTLEIND.NS
2025-05-08 05:03:33,567 - WARNING - Could not get current market price for NESTLEIND.NS
2025-05-08 05:03:33,568 - INFO - Checking position: BUY ONGC.NS (Sector: Energy)
2025-05-08 05:03:33,568 - INFO - SECURITY ID LOOKUP: Searching for ONGC.NS
2025-05-08 05:03:33,568 - INFO - Trying exact match for 'ONGC.NS'
2025-05-08 05:03:33,569 - INFO - FOUND EXACT MATCH: ID 2475 for ONGC.NS
2025-05-08 05:03:33,569 - INFO - Getting current market price for ONGC.NS
2025-05-08 05:03:33,570 - INFO - Failed to get quote using symbol: 'dhanhq' object has no attribute 'get_quote'
2025-05-08 05:03:33,570 - INFO - Failed to get LTP using security_id: 'dhanhq' object has no attribute 'get_ltp'
2025-05-08 05:03:33,570 - INFO - Failed to get price from candles: 'dhanhq' object has no attribute 'intraday_daily_minute_charts'
2025-05-08 05:03:33,571 - ERROR - Could not get current market price for ONGC.NS
2025-05-08 05:03:33,571 - WARNING - Could not get current market price for ONGC.NS
2025-05-08 05:03:33,573 - INFO - Checking position: SELL MARICO.NS (Sector: FMCG)
2025-05-08 05:03:33,574 - INFO - SECURITY ID LOOKUP: Searching for MARICO.NS
2025-05-08 05:03:33,575 - INFO - Trying exact match for 'MARICO.NS'
2025-05-08 05:03:33,576 - INFO - FOUND EXACT MATCH: ID 4067 for MARICO.NS
2025-05-08 05:03:33,576 - INFO - Getting current market price for MARICO.NS
2025-05-08 05:03:33,577 - INFO - Failed to get quote using symbol: 'dhanhq' object has no attribute 'get_quote'
2025-05-08 05:03:33,579 - INFO - Failed to get LTP using security_id: 'dhanhq' object has no attribute 'get_ltp'
2025-05-08 05:03:33,581 - INFO - Failed to get price from candles: 'dhanhq' object has no attribute 'intraday_daily_minute_charts'
2025-05-08 05:03:33,581 - ERROR - Could not get current market price for MARICO.NS
2025-05-08 05:03:33,582 - WARNING - Could not get current market price for MARICO.NS
2025-05-08 05:03:33,582 - INFO - Checking position: SELL LALPATHLAB.NS (Sector: Pharma)
2025-05-08 05:03:33,582 - INFO - SECURITY ID LOOKUP: Searching for LALPATHLAB.NS
2025-05-08 05:03:33,583 - INFO - Trying exact match for 'LALPATHLAB.NS'
2025-05-08 05:03:33,583 - INFO - FOUND EXACT MATCH: ID 11654 for LALPATHLAB.NS
2025-05-08 05:03:33,584 - INFO - Getting current market price for LALPATHLAB.NS
2025-05-08 05:03:33,584 - INFO - Failed to get quote using symbol: 'dhanhq' object has no attribute 'get_quote'
2025-05-08 05:03:33,585 - INFO - Failed to get LTP using security_id: 'dhanhq' object has no attribute 'get_ltp'
2025-05-08 05:03:33,587 - INFO - Failed to get price from candles: 'dhanhq' object has no attribute 'intraday_daily_minute_charts'
2025-05-08 05:03:33,587 - ERROR - Could not get current market price for LALPATHLAB.NS
2025-05-08 05:03:33,588 - WARNING - Could not get current market price for LALPATHLAB.NS
2025-05-08 05:03:33,588 - INFO - Checking position: SELL BIOCON.NS (Sector: Pharma)
2025-05-08 05:03:33,591 - INFO - SECURITY ID LOOKUP: Searching for BIOCON.NS
2025-05-08 05:03:33,592 - INFO - Trying exact match for 'BIOCON.NS'
2025-05-08 05:03:33,593 - INFO - FOUND EXACT MATCH: ID 11373 for BIOCON.NS
2025-05-08 05:03:33,593 - INFO - Getting current market price for BIOCON.NS
2025-05-08 05:03:33,594 - INFO - Failed to get quote using symbol: 'dhanhq' object has no attribute 'get_quote'
2025-05-08 05:03:33,595 - INFO - Failed to get LTP using security_id: 'dhanhq' object has no attribute 'get_ltp'
2025-05-08 05:03:33,596 - INFO - Failed to get price from candles: 'dhanhq' object has no attribute 'intraday_daily_minute_charts'
2025-05-08 05:03:33,596 - ERROR - Could not get current market price for BIOCON.NS
2025-05-08 05:03:33,597 - WARNING - Could not get current market price for BIOCON.NS
2025-05-08 05:03:33,597 - INFO - Checking position: BUY HATHWAY.NS (Sector: Media)
2025-05-08 05:03:33,598 - INFO - SECURITY ID LOOKUP: Searching for HATHWAY.NS
2025-05-08 05:03:33,598 - INFO - Trying exact match for 'HATHWAY.NS'
2025-05-08 05:03:33,598 - INFO - FOUND EXACT MATCH: ID 18154 for HATHWAY.NS
2025-05-08 05:03:33,599 - INFO - Getting current market price for HATHWAY.NS
2025-05-08 05:03:33,599 - INFO - Failed to get quote using symbol: 'dhanhq' object has no attribute 'get_quote'
2025-05-08 05:03:33,599 - INFO - Failed to get LTP using security_id: 'dhanhq' object has no attribute 'get_ltp'
2025-05-08 05:03:33,600 - INFO - Failed to get price from candles: 'dhanhq' object has no attribute 'intraday_daily_minute_charts'
2025-05-08 05:03:33,600 - ERROR - Could not get current market price for HATHWAY.NS
2025-05-08 05:03:33,601 - WARNING - Could not get current market price for HATHWAY.NS
2025-05-08 05:03:33,601 - INFO - Checking position: BUY SUNTV.NS (Sector: Media)
2025-05-08 05:03:33,603 - INFO - SECURITY ID LOOKUP: Searching for SUNTV.NS
2025-05-08 05:03:33,603 - INFO - Trying exact match for 'SUNTV.NS'
2025-05-08 05:03:33,604 - INFO - FOUND EXACT MATCH: ID 13404 for SUNTV.NS
2025-05-08 05:03:33,605 - INFO - Getting current market price for SUNTV.NS
2025-05-08 05:03:33,606 - INFO - Failed to get quote using symbol: 'dhanhq' object has no attribute 'get_quote'
2025-05-08 05:03:33,607 - INFO - Failed to get LTP using security_id: 'dhanhq' object has no attribute 'get_ltp'
2025-05-08 05:03:33,608 - INFO - Failed to get price from candles: 'dhanhq' object has no attribute 'intraday_daily_minute_charts'
2025-05-08 05:03:33,609 - ERROR - Could not get current market price for SUNTV.NS
2025-05-08 05:03:33,610 - WARNING - Could not get current market price for SUNTV.NS
2025-05-08 05:03:33,610 - INFO - Checking position: BUY PRESTIGE.NS (Sector: Realty)
2025-05-08 05:03:33,612 - INFO - SECURITY ID LOOKUP: Searching for PRESTIGE.NS
2025-05-08 05:03:33,612 - INFO - Trying exact match for 'PRESTIGE.NS'
2025-05-08 05:03:33,612 - INFO - FOUND EXACT MATCH: ID 20302 for PRESTIGE.NS
2025-05-08 05:03:33,613 - INFO - Getting current market price for PRESTIGE.NS
2025-05-08 05:03:33,613 - INFO - Failed to get quote using symbol: 'dhanhq' object has no attribute 'get_quote'
2025-05-08 05:03:33,614 - INFO - Failed to get LTP using security_id: 'dhanhq' object has no attribute 'get_ltp'
2025-05-08 05:03:33,614 - INFO - Failed to get price from candles: 'dhanhq' object has no attribute 'intraday_daily_minute_charts'
2025-05-08 05:03:33,615 - ERROR - Could not get current market price for PRESTIGE.NS
2025-05-08 05:03:33,615 - WARNING - Could not get current market price for PRESTIGE.NS
2025-05-08 05:03:33,615 - INFO - No positions needed to be exited
2025-05-08 05:03:33,616 - INFO - 
==================================================
POSITION PROCESSING COMPLETE
==================================================
2025-05-08 05:03:33,617 - INFO - First run of the day - looking for sector-based trading opportunities...
2025-05-08 05:03:33,617 - INFO - 
==================================================
FINDING NEW TRADING OPPORTUNITIES
==================================================
2025-05-08 05:03:33,618 - INFO - Found 33 active tickers out of 33 total
2025-05-08 05:03:33,623 - INFO - Processed sector data for 10 sectors
2025-05-08 05:03:33,624 - INFO - Processing tickers in order: ['BALKRISIND.NS', 'M&M.NS', 'MARUTI.NS', 'MOTHERSON.NS', 'MRF.NS', 'MARICO.NS', 'CHOLAFIN.NS', 'MUTHOOTFIN.NS', 'PEL.NS', 'LALPATHLAB.NS', 'NAZARA.NS', 'TATASTEEL.NS', 'MGL.NS', 'BIOCON.NS', 'VBL.NS', 'ADANIENSOL.NS', 'ADANIGREEN.NS', 'TATAPOWER.NS', 'RECLTD.NS', 'LTTS.NS', 'MPHASIS.NS', 'HATHWAY.NS', 'SUNTV.NS', 'PETRONET.NS', 'AUROPHARMA.NS', 'BANKBARODA.NS', 'BANKINDIA.NS', 'CANBK.NS', 'PNB.NS', 'UNIONBANK.NS', 'BANDHANBNK.NS', 'PRESTIGE.NS', 'HUDCO.NS']
2025-05-08 05:03:33,625 - INFO - Already have open positions for: ['EXIDEIND.NS', 'HEROMOTOCO.NS', 'BAJAJFINSV.NS', 'PFC.NS', 'RECLTD.NS', 'GODREJPROP.NS', 'COLPAL.NS', 'SBILIFE.NS', 'NESTLEIND.NS', 'ONGC.NS', 'MARICO.NS', 'LALPATHLAB.NS', 'BIOCON.NS', 'HATHWAY.NS', 'SUNTV.NS', 'PRESTIGE.NS']
2025-05-08 05:03:33,626 - INFO - Current sector rankings:
2025-05-08 05:03:33,627 - INFO -   Rank 1: Auto - POSITIVE (1.66%) - TOP
2025-05-08 05:03:33,628 - INFO -   Rank 2: Realty - POSITIVE (1.12%) - TOP
2025-05-08 05:03:33,629 - INFO -   Rank 3: Media - POSITIVE (1.06%) - TOP
2025-05-08 05:03:33,629 - INFO -   Rank 4: Metal - POSITIVE (0.98%) - MIDDLE
2025-05-08 05:03:33,630 - INFO -   Rank 5: Energy - POSITIVE (0.82%) - MIDDLE
2025-05-08 05:03:33,631 - INFO -   Rank 6: Financial Services - POSITIVE (0.76%) - MIDDLE
2025-05-08 05:03:33,631 - INFO -   Rank 7: PSU Bank - POSITIVE (0.29%) - MIDDLE
2025-05-08 05:03:33,631 - INFO -   Rank 8: IT - POSITIVE (0.14%) - BOTTOM
2025-05-08 05:03:33,632 - INFO -   Rank 9: Pharma - NEGATIVE (-0.33%) - BOTTOM
2025-05-08 05:03:33,632 - INFO -   Rank 10: FMCG - NEGATIVE (-0.52%) - BOTTOM
2025-05-08 05:03:33,633 - INFO - Processing ticker 1: BALKRISIND.NS
2025-05-08 05:03:33,633 - INFO - Found sector Auto for BALKRISIND.NS
2025-05-08 05:03:33,633 - INFO - Evaluating BALKRISIND.NS in sector Auto - Rank 1 (TOP)
2025-05-08 05:03:33,634 - INFO -   Performance: +1.66%
2025-05-08 05:03:33,634 - INFO - Not trading BALKRISIND.NS - sector ranking doesn't match strategy
2025-05-08 05:03:33,637 - INFO -   Transaction type: SELL
2025-05-08 05:03:33,637 - INFO -   Sector category: TOP
2025-05-08 05:03:33,638 - INFO -   Sector is_positive: True
2025-05-08 05:03:33,640 - INFO - Processing ticker 2: M&M.NS
2025-05-08 05:03:33,641 - INFO - Found sector Auto for M&M.NS
2025-05-08 05:03:33,643 - INFO - Evaluating M&M.NS in sector Auto - Rank 1 (TOP)
2025-05-08 05:03:33,643 - INFO -   Performance: +1.66%
2025-05-08 05:03:33,644 - INFO - Not trading M&M.NS - sector ranking doesn't match strategy
2025-05-08 05:03:33,645 - INFO -   Transaction type: SELL
2025-05-08 05:03:33,646 - INFO -   Sector category: TOP
2025-05-08 05:03:33,646 - INFO -   Sector is_positive: True
2025-05-08 05:03:33,647 - INFO - Processing ticker 3: MARUTI.NS
2025-05-08 05:03:33,647 - INFO - Found sector Auto for MARUTI.NS
2025-05-08 05:03:33,647 - INFO - Evaluating MARUTI.NS in sector Auto - Rank 1 (TOP)
2025-05-08 05:03:33,648 - INFO -   Performance: +1.66%
2025-05-08 05:03:33,648 - INFO - Not trading MARUTI.NS - sector ranking doesn't match strategy
2025-05-08 05:03:33,649 - INFO -   Transaction type: SELL
2025-05-08 05:03:33,649 - INFO -   Sector category: TOP
2025-05-08 05:03:33,650 - INFO -   Sector is_positive: True
2025-05-08 05:03:33,650 - INFO - Processing ticker 4: MOTHERSON.NS
2025-05-08 05:03:33,651 - INFO - Found sector Auto for MOTHERSON.NS
2025-05-08 05:03:33,651 - INFO - Evaluating MOTHERSON.NS in sector Auto - Rank 1 (TOP)
2025-05-08 05:03:33,652 - INFO -   Performance: +1.66%
2025-05-08 05:03:33,652 - INFO - Not trading MOTHERSON.NS - sector ranking doesn't match strategy
2025-05-08 05:03:33,653 - INFO -   Transaction type: SELL
2025-05-08 05:03:33,653 - INFO -   Sector category: TOP
2025-05-08 05:03:33,654 - INFO -   Sector is_positive: True
2025-05-08 05:03:33,654 - INFO - Processing ticker 5: MRF.NS
2025-05-08 05:03:33,655 - INFO - Found sector Auto for MRF.NS
2025-05-08 05:03:33,655 - INFO - Evaluating MRF.NS in sector Auto - Rank 1 (TOP)
2025-05-08 05:03:33,657 - INFO -   Performance: +1.66%
2025-05-08 05:03:33,658 - INFO - Not trading MRF.NS - sector ranking doesn't match strategy
2025-05-08 05:03:33,658 - INFO -   Transaction type: SELL
2025-05-08 05:03:33,658 - INFO -   Sector category: TOP
2025-05-08 05:03:33,659 - INFO -   Sector is_positive: True
2025-05-08 05:03:33,660 - INFO - Processing ticker 6: MARICO.NS
2025-05-08 05:03:33,661 - INFO - Skipping MARICO.NS - already have an open position
2025-05-08 05:03:33,662 - INFO - Processing ticker 7: CHOLAFIN.NS
2025-05-08 05:03:33,663 - INFO - Found sector Financial Services for CHOLAFIN.NS
2025-05-08 05:03:33,664 - INFO - Evaluating CHOLAFIN.NS in sector Financial Services - Rank 6 (MIDDLE)
2025-05-08 05:03:33,664 - INFO -   Performance: +0.76%
2025-05-08 05:03:33,664 - INFO - Not trading CHOLAFIN.NS - sector ranking doesn't match strategy
2025-05-08 05:03:33,665 - INFO -   Transaction type: SELL
2025-05-08 05:03:33,665 - INFO -   Sector category: MIDDLE
2025-05-08 05:03:33,666 - INFO -   Sector is_positive: True
2025-05-08 05:03:33,666 - INFO - Processing ticker 8: MUTHOOTFIN.NS
2025-05-08 05:03:33,667 - INFO - Found sector Financial Services for MUTHOOTFIN.NS
2025-05-08 05:03:33,667 - INFO - Evaluating MUTHOOTFIN.NS in sector Financial Services - Rank 6 (MIDDLE)
2025-05-08 05:03:33,668 - INFO -   Performance: +0.76%
2025-05-08 05:03:33,668 - INFO - Not trading MUTHOOTFIN.NS - sector ranking doesn't match strategy
2025-05-08 05:03:33,669 - INFO -   Transaction type: SELL
2025-05-08 05:03:33,669 - INFO -   Sector category: MIDDLE
2025-05-08 05:03:33,670 - INFO -   Sector is_positive: True
2025-05-08 05:03:33,671 - INFO - Processing ticker 9: PEL.NS
2025-05-08 05:03:33,671 - INFO - Found sector Financial Services for PEL.NS
2025-05-08 05:03:33,671 - INFO - Evaluating PEL.NS in sector Financial Services - Rank 6 (MIDDLE)
2025-05-08 05:03:33,674 - INFO -   Performance: +0.76%
2025-05-08 05:03:33,674 - INFO - Not trading PEL.NS - sector ranking doesn't match strategy
2025-05-08 05:03:33,675 - INFO -   Transaction type: SELL
2025-05-08 05:03:33,676 - INFO -   Sector category: MIDDLE
2025-05-08 05:03:33,677 - INFO -   Sector is_positive: True
2025-05-08 05:03:33,679 - INFO - Processing ticker 10: LALPATHLAB.NS
2025-05-08 05:03:33,679 - INFO - Skipping LALPATHLAB.NS - already have an open position
2025-05-08 05:03:33,680 - INFO - Processing ticker 11: NAZARA.NS
2025-05-08 05:03:33,680 - INFO - Found sector Media for NAZARA.NS
2025-05-08 05:03:33,681 - INFO - Evaluating NAZARA.NS in sector Media - Rank 3 (TOP)
2025-05-08 05:03:33,681 - INFO -   Performance: +1.06%
2025-05-08 05:03:33,682 - INFO - Not trading NAZARA.NS - sector ranking doesn't match strategy
2025-05-08 05:03:33,683 - INFO -   Transaction type: SELL
2025-05-08 05:03:33,683 - INFO -   Sector category: TOP
2025-05-08 05:03:33,684 - INFO -   Sector is_positive: True
2025-05-08 05:03:33,684 - INFO - Processing ticker 12: TATASTEEL.NS
2025-05-08 05:03:33,684 - INFO - Found sector Metal for TATASTEEL.NS
2025-05-08 05:03:33,685 - INFO - Evaluating TATASTEEL.NS in sector Metal - Rank 4 (MIDDLE)
2025-05-08 05:03:33,686 - INFO -   Performance: +0.98%
2025-05-08 05:03:33,687 - INFO - Not trading TATASTEEL.NS - sector ranking doesn't match strategy
2025-05-08 05:03:33,688 - INFO -   Transaction type: SELL
2025-05-08 05:03:33,688 - INFO -   Sector category: MIDDLE
2025-05-08 05:03:33,690 - INFO -   Sector is_positive: True
2025-05-08 05:03:33,691 - INFO - Processing ticker 13: MGL.NS
2025-05-08 05:03:33,693 - WARNING - Could not find sector for MGL.NS in sector mapping
2025-05-08 05:03:33,694 - INFO - Processing ticker 14: BIOCON.NS
2025-05-08 05:03:33,695 - INFO - Skipping BIOCON.NS - already have an open position
2025-05-08 05:03:33,696 - INFO - Processing ticker 15: VBL.NS
2025-05-08 05:03:33,697 - WARNING - Could not find sector for VBL.NS in sector mapping
2025-05-08 05:03:33,697 - INFO - Processing ticker 16: ADANIENSOL.NS
2025-05-08 05:03:33,698 - WARNING - Could not find sector for ADANIENSOL.NS in sector mapping
2025-05-08 05:03:33,698 - INFO - Processing ticker 17: ADANIGREEN.NS
2025-05-08 05:03:33,699 - INFO - Found sector Energy for ADANIGREEN.NS
2025-05-08 05:03:33,700 - INFO - Evaluating ADANIGREEN.NS in sector Energy - Rank 5 (MIDDLE)
2025-05-08 05:03:33,700 - INFO -   Performance: +0.82%
2025-05-08 05:03:33,701 - INFO - Not trading ADANIGREEN.NS - sector ranking doesn't match strategy
2025-05-08 05:03:33,701 - INFO -   Transaction type: BUY
2025-05-08 05:03:33,702 - INFO -   Sector category: MIDDLE
2025-05-08 05:03:33,703 - INFO -   Sector is_positive: True
2025-05-08 05:03:33,704 - INFO - Processing ticker 18: TATAPOWER.NS
2025-05-08 05:03:33,705 - INFO - Found sector Energy for TATAPOWER.NS
2025-05-08 05:03:33,708 - INFO - Evaluating TATAPOWER.NS in sector Energy - Rank 5 (MIDDLE)
2025-05-08 05:03:33,710 - INFO -   Performance: +0.82%
2025-05-08 05:03:33,712 - INFO - Not trading TATAPOWER.NS - sector ranking doesn't match strategy
2025-05-08 05:03:33,714 - INFO -   Transaction type: BUY
2025-05-08 05:03:33,714 - INFO -   Sector category: MIDDLE
2025-05-08 05:03:33,715 - INFO -   Sector is_positive: True
2025-05-08 05:03:33,716 - INFO - Processing ticker 19: RECLTD.NS
2025-05-08 05:03:33,717 - INFO - Skipping RECLTD.NS - already have an open position
2025-05-08 05:03:33,717 - INFO - Processing ticker 20: LTTS.NS
2025-05-08 05:03:33,718 - INFO - Found sector IT for LTTS.NS
2025-05-08 05:03:33,719 - INFO - Evaluating LTTS.NS in sector IT - Rank 8 (BOTTOM)
2025-05-08 05:03:33,720 - INFO -   Performance: +0.14%
2025-05-08 05:03:33,721 - INFO - Not trading LTTS.NS - sector ranking doesn't match strategy
2025-05-08 05:03:33,731 - INFO -   Transaction type: BUY
2025-05-08 05:03:33,733 - INFO -   Sector category: BOTTOM
2025-05-08 05:03:33,734 - INFO -   Sector is_positive: True
2025-05-08 05:03:33,735 - INFO - Processing ticker 21: MPHASIS.NS
2025-05-08 05:03:33,736 - INFO - Found sector IT for MPHASIS.NS
2025-05-08 05:03:33,737 - INFO - Evaluating MPHASIS.NS in sector IT - Rank 8 (BOTTOM)
2025-05-08 05:03:33,738 - INFO -   Performance: +0.14%
2025-05-08 05:03:33,741 - INFO - Not trading MPHASIS.NS - sector ranking doesn't match strategy
2025-05-08 05:03:33,742 - INFO -   Transaction type: BUY
2025-05-08 05:03:33,746 - INFO -   Sector category: BOTTOM
2025-05-08 05:03:33,747 - INFO -   Sector is_positive: True
2025-05-08 05:03:33,748 - INFO - Processing ticker 22: HATHWAY.NS
2025-05-08 05:03:33,748 - INFO - Skipping HATHWAY.NS - already have an open position
2025-05-08 05:03:33,749 - INFO - Processing ticker 23: SUNTV.NS
2025-05-08 05:03:33,749 - INFO - Skipping SUNTV.NS - already have an open position
2025-05-08 05:03:33,750 - INFO - Processing ticker 24: PETRONET.NS
2025-05-08 05:03:33,753 - INFO - Found sector Oil & Gas for PETRONET.NS
2025-05-08 05:03:33,754 - WARNING - No data for sector Oil & Gas
2025-05-08 05:03:33,755 - INFO - Processing ticker 25: AUROPHARMA.NS
2025-05-08 05:03:33,756 - INFO - Found sector Pharma for AUROPHARMA.NS
2025-05-08 05:03:33,758 - INFO - Evaluating AUROPHARMA.NS in sector Pharma - Rank 9 (BOTTOM)
2025-05-08 05:03:33,761 - INFO -   Performance: -0.33%
2025-05-08 05:03:33,763 - INFO - Not trading AUROPHARMA.NS - sector ranking doesn't match strategy
2025-05-08 05:03:33,764 - INFO -   Transaction type: BUY
2025-05-08 05:03:33,765 - INFO -   Sector category: BOTTOM
2025-05-08 05:03:33,765 - INFO -   Sector is_positive: False
2025-05-08 05:03:33,767 - INFO - Processing ticker 26: BANKBARODA.NS
2025-05-08 05:03:33,769 - WARNING - Could not find sector for BANKBARODA.NS in sector mapping
2025-05-08 05:03:33,771 - INFO - Processing ticker 27: BANKINDIA.NS
2025-05-08 05:03:33,771 - INFO - Found sector PSU Bank for BANKINDIA.NS
2025-05-08 05:03:33,778 - INFO - Evaluating BANKINDIA.NS in sector PSU Bank - Rank 7 (MIDDLE)
2025-05-08 05:03:33,779 - INFO -   Performance: +0.29%
2025-05-08 05:03:33,780 - INFO - Not trading BANKINDIA.NS - sector ranking doesn't match strategy
2025-05-08 05:03:33,782 - INFO -   Transaction type: BUY
2025-05-08 05:03:33,783 - INFO -   Sector category: MIDDLE
2025-05-08 05:03:33,784 - INFO -   Sector is_positive: True
2025-05-08 05:03:33,784 - INFO - Processing ticker 28: CANBK.NS
2025-05-08 05:03:33,785 - INFO - Found sector Bank for CANBK.NS
2025-05-08 05:03:33,785 - WARNING - No data for sector Bank
2025-05-08 05:03:33,786 - INFO - Processing ticker 29: PNB.NS
2025-05-08 05:03:33,787 - INFO - Found sector PSU Bank for PNB.NS
2025-05-08 05:03:33,788 - INFO - Evaluating PNB.NS in sector PSU Bank - Rank 7 (MIDDLE)
2025-05-08 05:03:33,788 - INFO -   Performance: +0.29%
2025-05-08 05:03:33,791 - INFO - Not trading PNB.NS - sector ranking doesn't match strategy
2025-05-08 05:03:33,795 - INFO -   Transaction type: BUY
2025-05-08 05:03:33,797 - INFO -   Sector category: MIDDLE
2025-05-08 05:03:33,798 - INFO -   Sector is_positive: True
2025-05-08 05:03:33,798 - INFO - Processing ticker 30: UNIONBANK.NS
2025-05-08 05:03:33,799 - INFO - Found sector PSU Bank for UNIONBANK.NS
2025-05-08 05:03:33,799 - INFO - Evaluating UNIONBANK.NS in sector PSU Bank - Rank 7 (MIDDLE)
2025-05-08 05:03:33,800 - INFO -   Performance: +0.29%
2025-05-08 05:03:33,801 - INFO - Not trading UNIONBANK.NS - sector ranking doesn't match strategy
2025-05-08 05:03:33,801 - INFO -   Transaction type: BUY
2025-05-08 05:03:33,802 - INFO -   Sector category: MIDDLE
2025-05-08 05:03:33,802 - INFO -   Sector is_positive: True
2025-05-08 05:03:33,803 - INFO - Processing ticker 31: BANDHANBNK.NS
2025-05-08 05:03:33,804 - INFO - Found sector PVT Bank for BANDHANBNK.NS
2025-05-08 05:03:33,805 - WARNING - No data for sector PVT Bank
2025-05-08 05:03:33,811 - INFO - Processing ticker 32: PRESTIGE.NS
2025-05-08 05:03:33,813 - INFO - Skipping PRESTIGE.NS - already have an open position
2025-05-08 05:03:33,813 - INFO - Processing ticker 33: HUDCO.NS
2025-05-08 05:03:33,814 - WARNING - Could not find sector for HUDCO.NS in sector mapping
2025-05-08 05:03:33,815 - INFO - Ticker processing summary:
2025-05-08 05:03:33,817 - INFO -   Total tickers considered: 33
2025-05-08 05:03:33,817 - INFO -   Tickers with sector data: 21
2025-05-08 05:03:33,818 - INFO -   Tickers matching sector ranking strategy: 0
2025-05-08 05:03:33,818 - INFO -   Tickers with security ID: 0
2025-05-08 05:03:33,819 - INFO -   Orders successfully placed: 0
2025-05-08 05:03:33,819 - INFO - New positions added: 0
2025-05-08 05:03:33,820 - INFO - Positions skipped: 33
2025-05-08 05:03:33,821 - INFO - Positions with errors: 0
2025-05-08 05:03:33,821 - INFO - 
==================================================
NEW OPPORTUNITIES PROCESSING COMPLETE
==================================================
2025-05-08 05:03:33,823 - INFO - Initial trades have been executed - no more new trades will be placed today
2025-05-08 05:03:33,824 - INFO - 
==================================================
SECTOR PROCESSING COMPLETE
==================================================
2025-05-08 05:03:33,830 - INFO - Saved 16 positions to dhan_positions.json
2025-05-08 05:03:33,831 - INFO - 
==================================================
POSITIONS SUMMARY
==================================================
2025-05-08 05:03:33,832 - INFO - Current positions summary:
2025-05-08 05:03:33,833 - INFO -   Open BUY positions: 11
2025-05-08 05:03:33,833 - INFO -   Open SELL positions: 5
2025-05-08 05:03:33,834 - INFO -   Closed positions: 0
2025-05-08 05:03:33,835 - INFO -   Total positions: 16
2025-05-08 05:03:33,835 - INFO - Open positions:
2025-05-08 05:03:33,837 - INFO -   BUY EXIDEIND.NS (Sector: Auto, Entry: 2025-05-05 05:08:27, Order ID: 412505057762, SL%: 1.0%, Target%: 1.0%)
2025-05-08 05:03:33,838 - INFO -   BUY HEROMOTOCO.NS (Sector: Auto, Entry: 2025-05-05 05:08:39, Order ID: 912505057802, SL%: 1.0%, Target%: 1.0%)
2025-05-08 05:03:33,841 - INFO -   BUY BAJAJFINSV.NS (Sector: Financial Services, Entry: 2025-05-05 05:08:51, Order ID: 912505057892, SL%: 1.0%, Target%: 1.0%)
2025-05-08 05:03:33,843 - INFO -   BUY PFC.NS (Sector: Financial Services, Entry: 2025-05-05 05:09:04, Order ID: 912505057962, SL%: 1.0%, Target%: 1.0%)
2025-05-08 05:03:33,844 - INFO -   BUY RECLTD.NS (Sector: Financial Services, Entry: 2025-05-05 05:09:16, Order ID: 912505058012, SL%: 1.0%, Target%: 1.0%)
2025-05-08 05:03:33,847 - INFO -   SELL GODREJPROP.NS (Sector: Realty, Entry: 2025-05-05 05:09:29, Order ID: 312505057842, SL%: 1.0%, Target%: 1.0%)
2025-05-08 05:03:33,850 - INFO -   BUY COLPAL.NS (Sector: FMCG, Entry: 2025-05-05 05:34:29, Order ID: 6125050517042, SL%: 1.0%, Target%: 1.0%)
2025-05-08 05:03:33,851 - INFO -   SELL SBILIFE.NS (Sector: Financial Services, Entry: 2025-05-05 05:34:42, Order ID: 9125050513002, SL%: 1.0%, Target%: 1.0%)
2025-05-08 05:03:33,852 - INFO -   BUY NESTLEIND.NS (Sector: FMCG, Entry: 2025-05-06 05:01:40, Order ID: 212505067072, SL%: 1.0%, Target%: 1.0%)
2025-05-08 05:03:33,853 - INFO -   BUY ONGC.NS (Sector: Energy, Entry: 2025-05-06 05:01:52, Order ID: 512505067422, SL%: 1.0%, Target%: 1.0%)
2025-05-08 05:03:33,854 - INFO -   SELL MARICO.NS (Sector: FMCG, Entry: 2025-05-08 05:01:51, Order ID: 512505087152, SL%: 1.0%, Target%: 1.0%)
2025-05-08 05:03:33,854 - INFO -   SELL LALPATHLAB.NS (Sector: Pharma, Entry: 2025-05-08 05:02:03, Order ID: 412505086142, SL%: 1.0%, Target%: 1.0%)
2025-05-08 05:03:33,855 - INFO -   SELL BIOCON.NS (Sector: Pharma, Entry: 2025-05-08 05:02:15, Order ID: 612505087882, SL%: 1.0%, Target%: 1.0%)
2025-05-08 05:03:33,859 - INFO -   BUY HATHWAY.NS (Sector: Media, Entry: 2025-05-08 05:02:28, Order ID: 512505087252, SL%: 1.0%, Target%: 1.0%)
2025-05-08 05:03:33,861 - INFO -   BUY SUNTV.NS (Sector: Media, Entry: 2025-05-08 05:02:40, Order ID: 912505086332, SL%: 1.0%, Target%: 1.0%)
2025-05-08 05:03:33,862 - INFO -   BUY PRESTIGE.NS (Sector: Realty, Entry: 2025-05-08 05:02:53, Order ID: 912505086372, SL%: 1.0%, Target%: 1.0%)
2025-05-08 05:03:33,863 - INFO - 
==================================================
POSITIONS SUMMARY COMPLETE
==================================================
2025-05-08 05:03:33,865 - INFO - Trading cycle 2 completed
2025-05-08 05:03:33,865 - INFO - Waiting 30 seconds until next check at 05:04:03...
2025-05-08 05:03:33,866 - INFO - 
==================================================
CYCLE 2 COMPLETE
==================================================
2025-05-08 05:04:03,868 - INFO - 
==================================================
TRADING CYCLE 3
==================================================
2025-05-08 05:04:03,869 - INFO - Trading cycle 3 started at 2025-05-08 05:04:03
2025-05-08 05:04:03,869 - INFO - New trading day - resetting flags for fresh sector data check
2025-05-08 05:04:03,870 - INFO - Found fresh sector.csv file modified today
2025-05-08 05:04:03,871 - INFO - 
==================================================
READING SECTOR PERFORMANCE DATA
==================================================
2025-05-08 05:04:03,871 - INFO - Reading sector performance data from sector.csv
2025-05-08 05:04:03,872 - INFO - File last modified: 2025-05-08 05:02:42
2025-05-08 05:04:03,875 - INFO - Adding sector rankings to data
2025-05-08 05:04:03,878 - INFO - Sector rankings:
2025-05-08 05:04:03,879 - INFO - Rank 1: Auto (+1.66%) - TOP
2025-05-08 05:04:03,880 - INFO - Rank 2: Realty (+1.12%) - TOP
2025-05-08 05:04:03,881 - INFO - Rank 3: Media (+1.06%) - TOP
2025-05-08 05:04:03,882 - INFO - Rank 4: Metal (+0.98%) - MIDDLE
2025-05-08 05:04:03,884 - INFO - Rank 5: Energy (+0.82%) - MIDDLE
2025-05-08 05:04:03,885 - INFO - Rank 6: Financial Services (+0.76%) - MIDDLE
2025-05-08 05:04:03,887 - INFO - Rank 7: PSU Bank (+0.29%) - MIDDLE
2025-05-08 05:04:03,888 - INFO - Rank 8: IT (+0.14%) - BOTTOM
2025-05-08 05:04:03,889 - INFO - Rank 9: Pharma (-0.33%) - BOTTOM
2025-05-08 05:04:03,891 - INFO - Rank 10: FMCG (-0.52%) - BOTTOM
2025-05-08 05:04:03,892 - INFO - Latest timestamp in data: 2025-05-08 05:02:42
2025-05-08 05:04:03,892 - INFO - Loaded data for 10 sectors
2025-05-08 05:04:03,893 - INFO - Sector performance details:
2025-05-08 05:04:03,893 - INFO -   Rank 1: Auto - POSITIVE (1.66%) - TOP
2025-05-08 05:04:03,894 - INFO -   Rank 2: Realty - POSITIVE (1.12%) - TOP
2025-05-08 05:04:03,894 - INFO -   Rank 3: Media - POSITIVE (1.06%) - TOP
2025-05-08 05:04:03,895 - INFO -   Rank 4: Metal - POSITIVE (0.98%) - MIDDLE
2025-05-08 05:04:03,896 - INFO -   Rank 5: Energy - POSITIVE (0.82%) - MIDDLE
2025-05-08 05:04:03,896 - INFO -   Rank 6: Financial Services - POSITIVE (0.76%) - MIDDLE
2025-05-08 05:04:03,898 - INFO -   Rank 7: PSU Bank - POSITIVE (0.29%) - MIDDLE
2025-05-08 05:04:03,898 - INFO -   Rank 8: IT - POSITIVE (0.14%) - BOTTOM
2025-05-08 05:04:03,899 - INFO -   Rank 9: Pharma - NEGATIVE (-0.33%) - BOTTOM
2025-05-08 05:04:03,900 - INFO -   Rank 10: FMCG - NEGATIVE (-0.52%) - BOTTOM
2025-05-08 05:04:03,900 - INFO - 
==================================================
SECTOR DATA READ COMPLETE
==================================================
2025-05-08 05:04:03,901 - INFO - 
==================================================
PROCESSING SECTOR DATA
==================================================
2025-05-08 05:04:03,901 - INFO - Processing existing positions for potential exits...
2025-05-08 05:04:03,902 - INFO - 
==================================================
PROCESSING EXISTING POSITIONS
==================================================
2025-05-08 05:04:03,903 - INFO - Processing 16 existing positions
2025-05-08 05:04:03,904 - INFO - Checking position: BUY EXIDEIND.NS (Sector: Auto)
2025-05-08 05:04:03,904 - INFO - SECURITY ID LOOKUP: Searching for EXIDEIND.NS
2025-05-08 05:04:03,905 - INFO - Trying exact match for 'EXIDEIND.NS'
2025-05-08 05:04:03,905 - INFO - FOUND EXACT MATCH: ID 676 for EXIDEIND.NS
2025-05-08 05:04:03,906 - INFO - Getting current market price for EXIDEIND.NS
2025-05-08 05:04:03,907 - INFO - Failed to get quote using symbol: 'dhanhq' object has no attribute 'get_quote'
2025-05-08 05:04:03,908 - INFO - Failed to get LTP using security_id: 'dhanhq' object has no attribute 'get_ltp'
2025-05-08 05:04:03,909 - INFO - Failed to get price from candles: 'dhanhq' object has no attribute 'intraday_daily_minute_charts'
2025-05-08 05:04:03,909 - ERROR - Could not get current market price for EXIDEIND.NS
2025-05-08 05:04:03,909 - WARNING - Could not get current market price for EXIDEIND.NS
2025-05-08 05:04:03,910 - INFO - Checking position: BUY HEROMOTOCO.NS (Sector: Auto)
2025-05-08 05:04:03,910 - INFO - SECURITY ID LOOKUP: Searching for HEROMOTOCO.NS
2025-05-08 05:04:03,910 - INFO - Trying exact match for 'HEROMOTOCO.NS'
2025-05-08 05:04:03,911 - INFO - FOUND EXACT MATCH: ID 1348 for HEROMOTOCO.NS
2025-05-08 05:04:03,911 - INFO - Getting current market price for HEROMOTOCO.NS
2025-05-08 05:04:03,911 - INFO - Failed to get quote using symbol: 'dhanhq' object has no attribute 'get_quote'
2025-05-08 05:04:03,912 - INFO - Failed to get LTP using security_id: 'dhanhq' object has no attribute 'get_ltp'
2025-05-08 05:04:03,912 - INFO - Failed to get price from candles: 'dhanhq' object has no attribute 'intraday_daily_minute_charts'
2025-05-08 05:04:03,913 - ERROR - Could not get current market price for HEROMOTOCO.NS
2025-05-08 05:04:03,913 - WARNING - Could not get current market price for HEROMOTOCO.NS
2025-05-08 05:04:03,913 - INFO - Checking position: BUY BAJAJFINSV.NS (Sector: Financial Services)
2025-05-08 05:04:03,914 - INFO - SECURITY ID LOOKUP: Searching for BAJAJFINSV.NS
2025-05-08 05:04:03,914 - INFO - Trying exact match for 'BAJAJFINSV.NS'
2025-05-08 05:04:03,915 - INFO - FOUND EXACT MATCH: ID 16675 for BAJAJFINSV.NS
2025-05-08 05:04:03,915 - INFO - Getting current market price for BAJAJFINSV.NS
2025-05-08 05:04:03,915 - INFO - Failed to get quote using symbol: 'dhanhq' object has no attribute 'get_quote'
2025-05-08 05:04:03,916 - INFO - Failed to get LTP using security_id: 'dhanhq' object has no attribute 'get_ltp'
2025-05-08 05:04:03,916 - INFO - Failed to get price from candles: 'dhanhq' object has no attribute 'intraday_daily_minute_charts'
2025-05-08 05:04:03,917 - ERROR - Could not get current market price for BAJAJFINSV.NS
2025-05-08 05:04:03,918 - WARNING - Could not get current market price for BAJAJFINSV.NS
2025-05-08 05:04:03,918 - INFO - Checking position: BUY PFC.NS (Sector: Financial Services)
2025-05-08 05:04:03,919 - INFO - SECURITY ID LOOKUP: Searching for PFC.NS
2025-05-08 05:04:03,920 - INFO - Trying exact match for 'PFC.NS'
2025-05-08 05:04:03,921 - INFO - FOUND EXACT MATCH: ID 14299 for PFC.NS
2025-05-08 05:04:03,921 - INFO - Getting current market price for PFC.NS
2025-05-08 05:04:03,922 - INFO - Failed to get quote using symbol: 'dhanhq' object has no attribute 'get_quote'
2025-05-08 05:04:03,922 - INFO - Failed to get LTP using security_id: 'dhanhq' object has no attribute 'get_ltp'
2025-05-08 05:04:03,923 - INFO - Failed to get price from candles: 'dhanhq' object has no attribute 'intraday_daily_minute_charts'
2025-05-08 05:04:03,924 - ERROR - Could not get current market price for PFC.NS
2025-05-08 05:04:03,924 - WARNING - Could not get current market price for PFC.NS
2025-05-08 05:04:03,925 - INFO - Checking position: BUY RECLTD.NS (Sector: Financial Services)
2025-05-08 05:04:03,926 - INFO - SECURITY ID LOOKUP: Searching for RECLTD.NS
2025-05-08 05:04:03,926 - INFO - Trying exact match for 'RECLTD.NS'
2025-05-08 05:04:03,926 - INFO - FOUND EXACT MATCH: ID 15355 for RECLTD.NS
2025-05-08 05:04:03,927 - INFO - Getting current market price for RECLTD.NS
2025-05-08 05:04:03,927 - INFO - Failed to get quote using symbol: 'dhanhq' object has no attribute 'get_quote'
2025-05-08 05:04:03,927 - INFO - Failed to get LTP using security_id: 'dhanhq' object has no attribute 'get_ltp'
2025-05-08 05:04:03,928 - INFO - Failed to get price from candles: 'dhanhq' object has no attribute 'intraday_daily_minute_charts'
2025-05-08 05:04:03,928 - ERROR - Could not get current market price for RECLTD.NS
2025-05-08 05:04:03,928 - WARNING - Could not get current market price for RECLTD.NS
2025-05-08 05:04:03,929 - INFO - Checking position: SELL GODREJPROP.NS (Sector: Realty)
2025-05-08 05:04:03,929 - INFO - SECURITY ID LOOKUP: Searching for GODREJPROP.NS
2025-05-08 05:04:03,930 - INFO - Trying exact match for 'GODREJPROP.NS'
2025-05-08 05:04:03,930 - INFO - FOUND EXACT MATCH: ID 17875 for GODREJPROP.NS
2025-05-08 05:04:03,930 - INFO - Getting current market price for GODREJPROP.NS
2025-05-08 05:04:03,931 - INFO - Failed to get quote using symbol: 'dhanhq' object has no attribute 'get_quote'
2025-05-08 05:04:03,931 - INFO - Failed to get LTP using security_id: 'dhanhq' object has no attribute 'get_ltp'
2025-05-08 05:04:03,932 - INFO - Failed to get price from candles: 'dhanhq' object has no attribute 'intraday_daily_minute_charts'
2025-05-08 05:04:03,932 - ERROR - Could not get current market price for GODREJPROP.NS
2025-05-08 05:04:03,932 - WARNING - Could not get current market price for GODREJPROP.NS
2025-05-08 05:04:03,933 - INFO - Checking position: BUY COLPAL.NS (Sector: FMCG)
2025-05-08 05:04:03,933 - INFO - SECURITY ID LOOKUP: Searching for COLPAL.NS
2025-05-08 05:04:03,934 - INFO - Trying exact match for 'COLPAL.NS'
2025-05-08 05:04:03,934 - INFO - FOUND EXACT MATCH: ID 15141 for COLPAL.NS
2025-05-08 05:04:03,934 - INFO - Getting current market price for COLPAL.NS
2025-05-08 05:04:03,935 - INFO - Failed to get quote using symbol: 'dhanhq' object has no attribute 'get_quote'
2025-05-08 05:04:03,935 - INFO - Failed to get LTP using security_id: 'dhanhq' object has no attribute 'get_ltp'
2025-05-08 05:04:03,936 - INFO - Failed to get price from candles: 'dhanhq' object has no attribute 'intraday_daily_minute_charts'
2025-05-08 05:04:03,937 - ERROR - Could not get current market price for COLPAL.NS
2025-05-08 05:04:03,937 - WARNING - Could not get current market price for COLPAL.NS
2025-05-08 05:04:03,938 - INFO - Checking position: SELL SBILIFE.NS (Sector: Financial Services)
2025-05-08 05:04:03,938 - INFO - SECURITY ID LOOKUP: Searching for SBILIFE.NS
2025-05-08 05:04:03,939 - INFO - Trying exact match for 'SBILIFE.NS'
2025-05-08 05:04:03,939 - INFO - FOUND EXACT MATCH: ID 21808 for SBILIFE.NS
2025-05-08 05:04:03,940 - INFO - Getting current market price for SBILIFE.NS
2025-05-08 05:04:03,940 - INFO - Failed to get quote using symbol: 'dhanhq' object has no attribute 'get_quote'
2025-05-08 05:04:03,941 - INFO - Failed to get LTP using security_id: 'dhanhq' object has no attribute 'get_ltp'
2025-05-08 05:04:03,942 - INFO - Failed to get price from candles: 'dhanhq' object has no attribute 'intraday_daily_minute_charts'
2025-05-08 05:04:03,942 - ERROR - Could not get current market price for SBILIFE.NS
2025-05-08 05:04:03,943 - WARNING - Could not get current market price for SBILIFE.NS
2025-05-08 05:04:03,943 - INFO - Checking position: BUY NESTLEIND.NS (Sector: FMCG)
2025-05-08 05:04:03,944 - INFO - SECURITY ID LOOKUP: Searching for NESTLEIND.NS
2025-05-08 05:04:03,944 - INFO - Trying exact match for 'NESTLEIND.NS'
2025-05-08 05:04:03,945 - INFO - FOUND EXACT MATCH: ID 17963 for NESTLEIND.NS
2025-05-08 05:04:03,945 - INFO - Getting current market price for NESTLEIND.NS
2025-05-08 05:04:03,945 - INFO - Failed to get quote using symbol: 'dhanhq' object has no attribute 'get_quote'
2025-05-08 05:04:03,946 - INFO - Failed to get LTP using security_id: 'dhanhq' object has no attribute 'get_ltp'
2025-05-08 05:04:03,946 - INFO - Failed to get price from candles: 'dhanhq' object has no attribute 'intraday_daily_minute_charts'
2025-05-08 05:04:03,946 - ERROR - Could not get current market price for NESTLEIND.NS
2025-05-08 05:04:03,947 - WARNING - Could not get current market price for NESTLEIND.NS
2025-05-08 05:04:03,947 - INFO - Checking position: BUY ONGC.NS (Sector: Energy)
2025-05-08 05:04:03,947 - INFO - SECURITY ID LOOKUP: Searching for ONGC.NS
2025-05-08 05:04:03,948 - INFO - Trying exact match for 'ONGC.NS'
2025-05-08 05:04:03,948 - INFO - FOUND EXACT MATCH: ID 2475 for ONGC.NS
2025-05-08 05:04:03,949 - INFO - Getting current market price for ONGC.NS
2025-05-08 05:04:03,949 - INFO - Failed to get quote using symbol: 'dhanhq' object has no attribute 'get_quote'
2025-05-08 05:04:03,949 - INFO - Failed to get LTP using security_id: 'dhanhq' object has no attribute 'get_ltp'
2025-05-08 05:04:03,950 - INFO - Failed to get price from candles: 'dhanhq' object has no attribute 'intraday_daily_minute_charts'
2025-05-08 05:04:03,950 - ERROR - Could not get current market price for ONGC.NS
2025-05-08 05:04:03,950 - WARNING - Could not get current market price for ONGC.NS
2025-05-08 05:04:03,951 - INFO - Checking position: SELL MARICO.NS (Sector: FMCG)
2025-05-08 05:04:03,951 - INFO - SECURITY ID LOOKUP: Searching for MARICO.NS
2025-05-08 05:04:03,951 - INFO - Trying exact match for 'MARICO.NS'
2025-05-08 05:04:03,952 - INFO - FOUND EXACT MATCH: ID 4067 for MARICO.NS
2025-05-08 05:04:03,952 - INFO - Getting current market price for MARICO.NS
2025-05-08 05:04:03,954 - INFO - Failed to get quote using symbol: 'dhanhq' object has no attribute 'get_quote'
2025-05-08 05:04:03,954 - INFO - Failed to get LTP using security_id: 'dhanhq' object has no attribute 'get_ltp'
2025-05-08 05:04:03,954 - INFO - Failed to get price from candles: 'dhanhq' object has no attribute 'intraday_daily_minute_charts'
2025-05-08 05:04:03,955 - ERROR - Could not get current market price for MARICO.NS
2025-05-08 05:04:03,956 - WARNING - Could not get current market price for MARICO.NS
2025-05-08 05:04:03,956 - INFO - Checking position: SELL LALPATHLAB.NS (Sector: Pharma)
2025-05-08 05:04:03,957 - INFO - SECURITY ID LOOKUP: Searching for LALPATHLAB.NS
2025-05-08 05:04:03,957 - INFO - Trying exact match for 'LALPATHLAB.NS'
2025-05-08 05:04:03,958 - INFO - FOUND EXACT MATCH: ID 11654 for LALPATHLAB.NS
2025-05-08 05:04:03,959 - INFO - Getting current market price for LALPATHLAB.NS
2025-05-08 05:04:03,959 - INFO - Failed to get quote using symbol: 'dhanhq' object has no attribute 'get_quote'
2025-05-08 05:04:03,960 - INFO - Failed to get LTP using security_id: 'dhanhq' object has no attribute 'get_ltp'
2025-05-08 05:04:03,960 - INFO - Failed to get price from candles: 'dhanhq' object has no attribute 'intraday_daily_minute_charts'
2025-05-08 05:04:03,960 - ERROR - Could not get current market price for LALPATHLAB.NS
2025-05-08 05:04:03,961 - WARNING - Could not get current market price for LALPATHLAB.NS
2025-05-08 05:04:03,961 - INFO - Checking position: SELL BIOCON.NS (Sector: Pharma)
2025-05-08 05:04:03,962 - INFO - SECURITY ID LOOKUP: Searching for BIOCON.NS
2025-05-08 05:04:03,962 - INFO - Trying exact match for 'BIOCON.NS'
2025-05-08 05:04:03,962 - INFO - FOUND EXACT MATCH: ID 11373 for BIOCON.NS
2025-05-08 05:04:03,963 - INFO - Getting current market price for BIOCON.NS
2025-05-08 05:04:03,963 - INFO - Failed to get quote using symbol: 'dhanhq' object has no attribute 'get_quote'
2025-05-08 05:04:03,963 - INFO - Failed to get LTP using security_id: 'dhanhq' object has no attribute 'get_ltp'
2025-05-08 05:04:03,964 - INFO - Failed to get price from candles: 'dhanhq' object has no attribute 'intraday_daily_minute_charts'
2025-05-08 05:04:03,964 - ERROR - Could not get current market price for BIOCON.NS
2025-05-08 05:04:03,964 - WARNING - Could not get current market price for BIOCON.NS
2025-05-08 05:04:03,965 - INFO - Checking position: BUY HATHWAY.NS (Sector: Media)
2025-05-08 05:04:03,965 - INFO - SECURITY ID LOOKUP: Searching for HATHWAY.NS
2025-05-08 05:04:03,965 - INFO - Trying exact match for 'HATHWAY.NS'
2025-05-08 05:04:03,966 - INFO - FOUND EXACT MATCH: ID 18154 for HATHWAY.NS
2025-05-08 05:04:03,966 - INFO - Getting current market price for HATHWAY.NS
2025-05-08 05:04:03,966 - INFO - Failed to get quote using symbol: 'dhanhq' object has no attribute 'get_quote'
2025-05-08 05:04:03,967 - INFO - Failed to get LTP using security_id: 'dhanhq' object has no attribute 'get_ltp'
2025-05-08 05:04:03,967 - INFO - Failed to get price from candles: 'dhanhq' object has no attribute 'intraday_daily_minute_charts'
2025-05-08 05:04:03,967 - ERROR - Could not get current market price for HATHWAY.NS
2025-05-08 05:04:03,968 - WARNING - Could not get current market price for HATHWAY.NS
2025-05-08 05:04:03,968 - INFO - Checking position: BUY SUNTV.NS (Sector: Media)
2025-05-08 05:04:03,969 - INFO - SECURITY ID LOOKUP: Searching for SUNTV.NS
2025-05-08 05:04:03,970 - INFO - Trying exact match for 'SUNTV.NS'
2025-05-08 05:04:03,970 - INFO - FOUND EXACT MATCH: ID 13404 for SUNTV.NS
2025-05-08 05:04:03,971 - INFO - Getting current market price for SUNTV.NS
2025-05-08 05:04:03,971 - INFO - Failed to get quote using symbol: 'dhanhq' object has no attribute 'get_quote'
2025-05-08 05:04:03,972 - INFO - Failed to get LTP using security_id: 'dhanhq' object has no attribute 'get_ltp'
2025-05-08 05:04:03,972 - INFO - Failed to get price from candles: 'dhanhq' object has no attribute 'intraday_daily_minute_charts'
2025-05-08 05:04:03,973 - ERROR - Could not get current market price for SUNTV.NS
2025-05-08 05:04:03,973 - WARNING - Could not get current market price for SUNTV.NS
2025-05-08 05:04:03,975 - INFO - Checking position: BUY PRESTIGE.NS (Sector: Realty)
2025-05-08 05:04:03,975 - INFO - SECURITY ID LOOKUP: Searching for PRESTIGE.NS
2025-05-08 05:04:03,976 - INFO - Trying exact match for 'PRESTIGE.NS'
2025-05-08 05:04:03,976 - INFO - FOUND EXACT MATCH: ID 20302 for PRESTIGE.NS
2025-05-08 05:04:03,976 - INFO - Getting current market price for PRESTIGE.NS
2025-05-08 05:04:03,977 - INFO - Failed to get quote using symbol: 'dhanhq' object has no attribute 'get_quote'
2025-05-08 05:04:03,977 - INFO - Failed to get LTP using security_id: 'dhanhq' object has no attribute 'get_ltp'
2025-05-08 05:04:03,977 - INFO - Failed to get price from candles: 'dhanhq' object has no attribute 'intraday_daily_minute_charts'
2025-05-08 05:04:03,978 - ERROR - Could not get current market price for PRESTIGE.NS
2025-05-08 05:04:03,978 - WARNING - Could not get current market price for PRESTIGE.NS
2025-05-08 05:04:03,978 - INFO - No positions needed to be exited
2025-05-08 05:04:03,979 - INFO - 
==================================================
POSITION PROCESSING COMPLETE
==================================================
2025-05-08 05:04:03,979 - INFO - First run of the day - looking for sector-based trading opportunities...
2025-05-08 05:04:03,980 - INFO - 
==================================================
FINDING NEW TRADING OPPORTUNITIES
==================================================
2025-05-08 05:04:03,980 - INFO - Found 33 active tickers out of 33 total
2025-05-08 05:04:03,983 - INFO - Processed sector data for 10 sectors
2025-05-08 05:04:03,983 - INFO - Processing tickers in order: ['BALKRISIND.NS', 'M&M.NS', 'MARUTI.NS', 'MOTHERSON.NS', 'MRF.NS', 'MARICO.NS', 'CHOLAFIN.NS', 'MUTHOOTFIN.NS', 'PEL.NS', 'LALPATHLAB.NS', 'NAZARA.NS', 'TATASTEEL.NS', 'MGL.NS', 'BIOCON.NS', 'VBL.NS', 'ADANIENSOL.NS', 'ADANIGREEN.NS', 'TATAPOWER.NS', 'RECLTD.NS', 'LTTS.NS', 'MPHASIS.NS', 'HATHWAY.NS', 'SUNTV.NS', 'PETRONET.NS', 'AUROPHARMA.NS', 'BANKBARODA.NS', 'BANKINDIA.NS', 'CANBK.NS', 'PNB.NS', 'UNIONBANK.NS', 'BANDHANBNK.NS', 'PRESTIGE.NS', 'HUDCO.NS']
2025-05-08 05:04:03,984 - INFO - Already have open positions for: ['EXIDEIND.NS', 'HEROMOTOCO.NS', 'BAJAJFINSV.NS', 'PFC.NS', 'RECLTD.NS', 'GODREJPROP.NS', 'COLPAL.NS', 'SBILIFE.NS', 'NESTLEIND.NS', 'ONGC.NS', 'MARICO.NS', 'LALPATHLAB.NS', 'BIOCON.NS', 'HATHWAY.NS', 'SUNTV.NS', 'PRESTIGE.NS']
2025-05-08 05:04:03,984 - INFO - Current sector rankings:
2025-05-08 05:04:03,985 - INFO -   Rank 1: Auto - POSITIVE (1.66%) - TOP
2025-05-08 05:04:03,986 - INFO -   Rank 2: Realty - POSITIVE (1.12%) - TOP
2025-05-08 05:04:03,986 - INFO -   Rank 3: Media - POSITIVE (1.06%) - TOP
2025-05-08 05:04:03,987 - INFO -   Rank 4: Metal - POSITIVE (0.98%) - MIDDLE
2025-05-08 05:04:03,987 - INFO -   Rank 5: Energy - POSITIVE (0.82%) - MIDDLE
2025-05-08 05:04:03,988 - INFO -   Rank 6: Financial Services - POSITIVE (0.76%) - MIDDLE
2025-05-08 05:04:03,988 - INFO -   Rank 7: PSU Bank - POSITIVE (0.29%) - MIDDLE
2025-05-08 05:04:03,988 - INFO -   Rank 8: IT - POSITIVE (0.14%) - BOTTOM
2025-05-08 05:04:03,989 - INFO -   Rank 9: Pharma - NEGATIVE (-0.33%) - BOTTOM
2025-05-08 05:04:03,989 - INFO -   Rank 10: FMCG - NEGATIVE (-0.52%) - BOTTOM
2025-05-08 05:04:03,990 - INFO - Processing ticker 1: BALKRISIND.NS
2025-05-08 05:04:03,990 - INFO - Found sector Auto for BALKRISIND.NS
2025-05-08 05:04:03,990 - INFO - Evaluating BALKRISIND.NS in sector Auto - Rank 1 (TOP)
2025-05-08 05:04:03,991 - INFO -   Performance: +1.66%
2025-05-08 05:04:03,991 - INFO - Not trading BALKRISIND.NS - sector ranking doesn't match strategy
2025-05-08 05:04:03,992 - INFO -   Transaction type: SELL
2025-05-08 05:04:03,992 - INFO -   Sector category: TOP
2025-05-08 05:04:03,992 - INFO -   Sector is_positive: True
2025-05-08 05:04:03,993 - INFO - Processing ticker 2: M&M.NS
2025-05-08 05:04:03,993 - INFO - Found sector Auto for M&M.NS
2025-05-08 05:04:03,993 - INFO - Evaluating M&M.NS in sector Auto - Rank 1 (TOP)
2025-05-08 05:04:03,994 - INFO -   Performance: +1.66%
2025-05-08 05:04:03,994 - INFO - Not trading M&M.NS - sector ranking doesn't match strategy
2025-05-08 05:04:03,994 - INFO -   Transaction type: SELL
2025-05-08 05:04:03,995 - INFO -   Sector category: TOP
2025-05-08 05:04:03,995 - INFO -   Sector is_positive: True
2025-05-08 05:04:03,996 - INFO - Processing ticker 3: MARUTI.NS
2025-05-08 05:04:03,997 - INFO - Found sector Auto for MARUTI.NS
2025-05-08 05:04:03,998 - INFO - Evaluating MARUTI.NS in sector Auto - Rank 1 (TOP)
2025-05-08 05:04:03,999 - INFO -   Performance: +1.66%
2025-05-08 05:04:03,999 - INFO - Not trading MARUTI.NS - sector ranking doesn't match strategy
2025-05-08 05:04:04,000 - INFO -   Transaction type: SELL
2025-05-08 05:04:04,000 - INFO -   Sector category: TOP
2025-05-08 05:04:04,003 - INFO -   Sector is_positive: True
2025-05-08 05:04:04,004 - INFO - Processing ticker 4: MOTHERSON.NS
2025-05-08 05:04:04,009 - INFO - Found sector Auto for MOTHERSON.NS
2025-05-08 05:04:04,009 - INFO - Evaluating MOTHERSON.NS in sector Auto - Rank 1 (TOP)
2025-05-08 05:04:04,009 - INFO -   Performance: +1.66%
2025-05-08 05:04:04,010 - INFO - Not trading MOTHERSON.NS - sector ranking doesn't match strategy
2025-05-08 05:04:04,010 - INFO -   Transaction type: SELL
2025-05-08 05:04:04,010 - INFO -   Sector category: TOP
2025-05-08 05:04:04,011 - INFO -   Sector is_positive: True
2025-05-08 05:04:04,011 - INFO - Processing ticker 5: MRF.NS
2025-05-08 05:04:04,011 - INFO - Found sector Auto for MRF.NS
2025-05-08 05:04:04,012 - INFO - Evaluating MRF.NS in sector Auto - Rank 1 (TOP)
2025-05-08 05:04:04,012 - INFO -   Performance: +1.66%
2025-05-08 05:04:04,013 - INFO - Not trading MRF.NS - sector ranking doesn't match strategy
2025-05-08 05:04:04,013 - INFO -   Transaction type: SELL
2025-05-08 05:04:04,014 - INFO -   Sector category: TOP
2025-05-08 05:04:04,015 - INFO -   Sector is_positive: True
2025-05-08 05:04:04,016 - INFO - Processing ticker 6: MARICO.NS
2025-05-08 05:04:04,016 - INFO - Skipping MARICO.NS - already have an open position
2025-05-08 05:04:04,016 - INFO - Processing ticker 7: CHOLAFIN.NS
2025-05-08 05:04:04,018 - INFO - Found sector Financial Services for CHOLAFIN.NS
2025-05-08 05:04:04,022 - INFO - Evaluating CHOLAFIN.NS in sector Financial Services - Rank 6 (MIDDLE)
2025-05-08 05:04:04,023 - INFO -   Performance: +0.76%
2025-05-08 05:04:04,025 - INFO - Not trading CHOLAFIN.NS - sector ranking doesn't match strategy
2025-05-08 05:04:04,026 - INFO -   Transaction type: SELL
2025-05-08 05:04:04,026 - INFO -   Sector category: MIDDLE
2025-05-08 05:04:04,027 - INFO -   Sector is_positive: True
2025-05-08 05:04:04,027 - INFO - Processing ticker 8: MUTHOOTFIN.NS
2025-05-08 05:04:04,027 - INFO - Found sector Financial Services for MUTHOOTFIN.NS
2025-05-08 05:04:04,028 - INFO - Evaluating MUTHOOTFIN.NS in sector Financial Services - Rank 6 (MIDDLE)
2025-05-08 05:04:04,028 - INFO -   Performance: +0.76%
2025-05-08 05:04:04,029 - INFO - Not trading MUTHOOTFIN.NS - sector ranking doesn't match strategy
2025-05-08 05:04:04,029 - INFO -   Transaction type: SELL
2025-05-08 05:04:04,029 - INFO -   Sector category: MIDDLE
2025-05-08 05:04:04,030 - INFO -   Sector is_positive: True
2025-05-08 05:04:04,030 - INFO - Processing ticker 9: PEL.NS
2025-05-08 05:04:04,030 - INFO - Found sector Financial Services for PEL.NS
2025-05-08 05:04:04,031 - INFO - Evaluating PEL.NS in sector Financial Services - Rank 6 (MIDDLE)
2025-05-08 05:04:04,031 - INFO -   Performance: +0.76%
2025-05-08 05:04:04,031 - INFO - Not trading PEL.NS - sector ranking doesn't match strategy
2025-05-08 05:04:04,032 - INFO -   Transaction type: SELL
2025-05-08 05:04:04,032 - INFO -   Sector category: MIDDLE
2025-05-08 05:04:04,032 - INFO -   Sector is_positive: True
2025-05-08 05:04:04,033 - INFO - Processing ticker 10: LALPATHLAB.NS
2025-05-08 05:04:04,033 - INFO - Skipping LALPATHLAB.NS - already have an open position
2025-05-08 05:04:04,033 - INFO - Processing ticker 11: NAZARA.NS
2025-05-08 05:04:04,034 - INFO - Found sector Media for NAZARA.NS
2025-05-08 05:04:04,034 - INFO - Evaluating NAZARA.NS in sector Media - Rank 3 (TOP)
2025-05-08 05:04:04,034 - INFO -   Performance: +1.06%
2025-05-08 05:04:04,035 - INFO - Not trading NAZARA.NS - sector ranking doesn't match strategy
2025-05-08 05:04:04,035 - INFO -   Transaction type: SELL
2025-05-08 05:04:04,036 - INFO -   Sector category: TOP
2025-05-08 05:04:04,037 - INFO -   Sector is_positive: True
2025-05-08 05:04:04,038 - INFO - Processing ticker 12: TATASTEEL.NS
2025-05-08 05:04:04,039 - INFO - Found sector Metal for TATASTEEL.NS
2025-05-08 05:04:04,039 - INFO - Evaluating TATASTEEL.NS in sector Metal - Rank 4 (MIDDLE)
2025-05-08 05:04:04,040 - INFO -   Performance: +0.98%
2025-05-08 05:04:04,040 - INFO - Not trading TATASTEEL.NS - sector ranking doesn't match strategy
2025-05-08 05:04:04,042 - INFO -   Transaction type: SELL
2025-05-08 05:04:04,042 - INFO -   Sector category: MIDDLE
2025-05-08 05:04:04,042 - INFO -   Sector is_positive: True
2025-05-08 05:04:04,043 - INFO - Processing ticker 13: MGL.NS
2025-05-08 05:04:04,043 - WARNING - Could not find sector for MGL.NS in sector mapping
2025-05-08 05:04:04,044 - INFO - Processing ticker 14: BIOCON.NS
2025-05-08 05:04:04,044 - INFO - Skipping BIOCON.NS - already have an open position
2025-05-08 05:04:04,045 - INFO - Processing ticker 15: VBL.NS
2025-05-08 05:04:04,045 - WARNING - Could not find sector for VBL.NS in sector mapping
2025-05-08 05:04:04,045 - INFO - Processing ticker 16: ADANIENSOL.NS
2025-05-08 05:04:04,046 - WARNING - Could not find sector for ADANIENSOL.NS in sector mapping
2025-05-08 05:04:04,046 - INFO - Processing ticker 17: ADANIGREEN.NS
2025-05-08 05:04:04,046 - INFO - Found sector Energy for ADANIGREEN.NS
2025-05-08 05:04:04,047 - INFO - Evaluating ADANIGREEN.NS in sector Energy - Rank 5 (MIDDLE)
2025-05-08 05:04:04,047 - INFO -   Performance: +0.82%
2025-05-08 05:04:04,047 - INFO - Not trading ADANIGREEN.NS - sector ranking doesn't match strategy
2025-05-08 05:04:04,048 - INFO -   Transaction type: BUY
2025-05-08 05:04:04,048 - INFO -   Sector category: MIDDLE
2025-05-08 05:04:04,048 - INFO -   Sector is_positive: True
2025-05-08 05:04:04,049 - INFO - Processing ticker 18: TATAPOWER.NS
2025-05-08 05:04:04,049 - INFO - Found sector Energy for TATAPOWER.NS
2025-05-08 05:04:04,049 - INFO - Evaluating TATAPOWER.NS in sector Energy - Rank 5 (MIDDLE)
2025-05-08 05:04:04,050 - INFO -   Performance: +0.82%
2025-05-08 05:04:04,050 - INFO - Not trading TATAPOWER.NS - sector ranking doesn't match strategy
2025-05-08 05:04:04,050 - INFO -   Transaction type: BUY
2025-05-08 05:04:04,051 - INFO -   Sector category: MIDDLE
2025-05-08 05:04:04,051 - INFO -   Sector is_positive: True
2025-05-08 05:04:04,051 - INFO - Processing ticker 19: RECLTD.NS
2025-05-08 05:04:04,052 - INFO - Skipping RECLTD.NS - already have an open position
2025-05-08 05:04:04,052 - INFO - Processing ticker 20: LTTS.NS
2025-05-08 05:04:04,054 - INFO - Found sector IT for LTTS.NS
2025-05-08 05:04:04,054 - INFO - Evaluating LTTS.NS in sector IT - Rank 8 (BOTTOM)
2025-05-08 05:04:04,055 - INFO -   Performance: +0.14%
2025-05-08 05:04:04,055 - INFO - Not trading LTTS.NS - sector ranking doesn't match strategy
2025-05-08 05:04:04,056 - INFO -   Transaction type: BUY
2025-05-08 05:04:04,056 - INFO -   Sector category: BOTTOM
2025-05-08 05:04:04,057 - INFO -   Sector is_positive: True
2025-05-08 05:04:04,058 - INFO - Processing ticker 21: MPHASIS.NS
2025-05-08 05:04:04,059 - INFO - Found sector IT for MPHASIS.NS
2025-05-08 05:04:04,059 - INFO - Evaluating MPHASIS.NS in sector IT - Rank 8 (BOTTOM)
2025-05-08 05:04:04,060 - INFO -   Performance: +0.14%
2025-05-08 05:04:04,060 - INFO - Not trading MPHASIS.NS - sector ranking doesn't match strategy
2025-05-08 05:04:04,060 - INFO -   Transaction type: BUY
2025-05-08 05:04:04,061 - INFO -   Sector category: BOTTOM
2025-05-08 05:04:04,061 - INFO -   Sector is_positive: True
2025-05-08 05:04:04,061 - INFO - Processing ticker 22: HATHWAY.NS
2025-05-08 05:04:04,062 - INFO - Skipping HATHWAY.NS - already have an open position
2025-05-08 05:04:04,062 - INFO - Processing ticker 23: SUNTV.NS
2025-05-08 05:04:04,062 - INFO - Skipping SUNTV.NS - already have an open position
2025-05-08 05:04:04,063 - INFO - Processing ticker 24: PETRONET.NS
2025-05-08 05:04:04,063 - INFO - Found sector Oil & Gas for PETRONET.NS
2025-05-08 05:04:04,063 - WARNING - No data for sector Oil & Gas
2025-05-08 05:04:04,063 - INFO - Processing ticker 25: AUROPHARMA.NS
2025-05-08 05:04:04,064 - INFO - Found sector Pharma for AUROPHARMA.NS
2025-05-08 05:04:04,064 - INFO - Evaluating AUROPHARMA.NS in sector Pharma - Rank 9 (BOTTOM)
2025-05-08 05:04:04,065 - INFO -   Performance: -0.33%
2025-05-08 05:04:04,065 - INFO - Not trading AUROPHARMA.NS - sector ranking doesn't match strategy
2025-05-08 05:04:04,065 - INFO -   Transaction type: BUY
2025-05-08 05:04:04,066 - INFO -   Sector category: BOTTOM
2025-05-08 05:04:04,066 - INFO -   Sector is_positive: False
2025-05-08 05:04:04,066 - INFO - Processing ticker 26: BANKBARODA.NS
2025-05-08 05:04:04,067 - WARNING - Could not find sector for BANKBARODA.NS in sector mapping
2025-05-08 05:04:04,067 - INFO - Processing ticker 27: BANKINDIA.NS
2025-05-08 05:04:04,067 - INFO - Found sector PSU Bank for BANKINDIA.NS
2025-05-08 05:04:04,068 - INFO - Evaluating BANKINDIA.NS in sector PSU Bank - Rank 7 (MIDDLE)
2025-05-08 05:04:04,068 - INFO -   Performance: +0.29%
2025-05-08 05:04:04,068 - INFO - Not trading BANKINDIA.NS - sector ranking doesn't match strategy
2025-05-08 05:04:04,071 - INFO -   Transaction type: BUY
2025-05-08 05:04:04,071 - INFO -   Sector category: MIDDLE
2025-05-08 05:04:04,072 - INFO -   Sector is_positive: True
2025-05-08 05:04:04,073 - INFO - Processing ticker 28: CANBK.NS
2025-05-08 05:04:04,074 - INFO - Found sector Bank for CANBK.NS
2025-05-08 05:04:04,075 - WARNING - No data for sector Bank
2025-05-08 05:04:04,076 - INFO - Processing ticker 29: PNB.NS
2025-05-08 05:04:04,077 - INFO - Found sector PSU Bank for PNB.NS
2025-05-08 05:04:04,077 - INFO - Evaluating PNB.NS in sector PSU Bank - Rank 7 (MIDDLE)
2025-05-08 05:04:04,077 - INFO -   Performance: +0.29%
2025-05-08 05:04:04,078 - INFO - Not trading PNB.NS - sector ranking doesn't match strategy
2025-05-08 05:04:04,078 - INFO -   Transaction type: BUY
2025-05-08 05:04:04,078 - INFO -   Sector category: MIDDLE
2025-05-08 05:04:04,079 - INFO -   Sector is_positive: True
2025-05-08 05:04:04,079 - INFO - Processing ticker 30: UNIONBANK.NS
2025-05-08 05:04:04,080 - INFO - Found sector PSU Bank for UNIONBANK.NS
2025-05-08 05:04:04,080 - INFO - Evaluating UNIONBANK.NS in sector PSU Bank - Rank 7 (MIDDLE)
2025-05-08 05:04:04,080 - INFO -   Performance: +0.29%
2025-05-08 05:04:04,081 - INFO - Not trading UNIONBANK.NS - sector ranking doesn't match strategy
2025-05-08 05:04:04,081 - INFO -   Transaction type: BUY
2025-05-08 05:04:04,082 - INFO -   Sector category: MIDDLE
2025-05-08 05:04:04,082 - INFO -   Sector is_positive: True
2025-05-08 05:04:04,082 - INFO - Processing ticker 31: BANDHANBNK.NS
2025-05-08 05:04:04,083 - INFO - Found sector PVT Bank for BANDHANBNK.NS
2025-05-08 05:04:04,083 - WARNING - No data for sector PVT Bank
2025-05-08 05:04:04,084 - INFO - Processing ticker 32: PRESTIGE.NS
2025-05-08 05:04:04,084 - INFO - Skipping PRESTIGE.NS - already have an open position
2025-05-08 05:04:04,085 - INFO - Processing ticker 33: HUDCO.NS
2025-05-08 05:04:04,086 - WARNING - Could not find sector for HUDCO.NS in sector mapping
2025-05-08 05:04:04,087 - INFO - Ticker processing summary:
2025-05-08 05:04:04,088 - INFO -   Total tickers considered: 33
2025-05-08 05:04:04,089 - INFO -   Tickers with sector data: 21
2025-05-08 05:04:04,089 - INFO -   Tickers matching sector ranking strategy: 0
2025-05-08 05:04:04,090 - INFO -   Tickers with security ID: 0
2025-05-08 05:04:04,091 - INFO -   Orders successfully placed: 0
2025-05-08 05:04:04,092 - INFO - New positions added: 0
2025-05-08 05:04:04,093 - INFO - Positions skipped: 33
2025-05-08 05:04:04,093 - INFO - Positions with errors: 0
2025-05-08 05:04:04,093 - INFO - 
==================================================
NEW OPPORTUNITIES PROCESSING COMPLETE
==================================================
2025-05-08 05:04:04,094 - INFO - Initial trades have been executed - no more new trades will be placed today
2025-05-08 05:04:04,095 - INFO - 
==================================================
SECTOR PROCESSING COMPLETE
==================================================
2025-05-08 05:04:04,098 - INFO - Saved 16 positions to dhan_positions.json
2025-05-08 05:04:04,099 - INFO - 
==================================================
POSITIONS SUMMARY
==================================================
2025-05-08 05:04:04,100 - INFO - Current positions summary:
2025-05-08 05:04:04,101 - INFO -   Open BUY positions: 11
2025-05-08 05:04:04,101 - INFO -   Open SELL positions: 5
2025-05-08 05:04:04,101 - INFO -   Closed positions: 0
2025-05-08 05:04:04,103 - INFO -   Total positions: 16
2025-05-08 05:04:04,104 - INFO - Open positions:
2025-05-08 05:04:04,105 - INFO -   BUY EXIDEIND.NS (Sector: Auto, Entry: 2025-05-05 05:08:27, Order ID: 412505057762, SL%: 1.0%, Target%: 1.0%)
2025-05-08 05:04:04,107 - INFO -   BUY HEROMOTOCO.NS (Sector: Auto, Entry: 2025-05-05 05:08:39, Order ID: 912505057802, SL%: 1.0%, Target%: 1.0%)
2025-05-08 05:04:04,108 - INFO -   BUY BAJAJFINSV.NS (Sector: Financial Services, Entry: 2025-05-05 05:08:51, Order ID: 912505057892, SL%: 1.0%, Target%: 1.0%)
2025-05-08 05:04:04,108 - INFO -   BUY PFC.NS (Sector: Financial Services, Entry: 2025-05-05 05:09:04, Order ID: 912505057962, SL%: 1.0%, Target%: 1.0%)
2025-05-08 05:04:04,109 - INFO -   BUY RECLTD.NS (Sector: Financial Services, Entry: 2025-05-05 05:09:16, Order ID: 912505058012, SL%: 1.0%, Target%: 1.0%)
2025-05-08 05:04:04,109 - INFO -   SELL GODREJPROP.NS (Sector: Realty, Entry: 2025-05-05 05:09:29, Order ID: 312505057842, SL%: 1.0%, Target%: 1.0%)
2025-05-08 05:04:04,110 - INFO -   BUY COLPAL.NS (Sector: FMCG, Entry: 2025-05-05 05:34:29, Order ID: 6125050517042, SL%: 1.0%, Target%: 1.0%)
2025-05-08 05:04:04,111 - INFO -   SELL SBILIFE.NS (Sector: Financial Services, Entry: 2025-05-05 05:34:42, Order ID: 9125050513002, SL%: 1.0%, Target%: 1.0%)
2025-05-08 05:04:04,111 - INFO -   BUY NESTLEIND.NS (Sector: FMCG, Entry: 2025-05-06 05:01:40, Order ID: 212505067072, SL%: 1.0%, Target%: 1.0%)
2025-05-08 05:04:04,112 - INFO -   BUY ONGC.NS (Sector: Energy, Entry: 2025-05-06 05:01:52, Order ID: 512505067422, SL%: 1.0%, Target%: 1.0%)
2025-05-08 05:04:04,112 - INFO -   SELL MARICO.NS (Sector: FMCG, Entry: 2025-05-08 05:01:51, Order ID: 512505087152, SL%: 1.0%, Target%: 1.0%)
2025-05-08 05:04:04,113 - INFO -   SELL LALPATHLAB.NS (Sector: Pharma, Entry: 2025-05-08 05:02:03, Order ID: 412505086142, SL%: 1.0%, Target%: 1.0%)
2025-05-08 05:04:04,113 - INFO -   SELL BIOCON.NS (Sector: Pharma, Entry: 2025-05-08 05:02:15, Order ID: 612505087882, SL%: 1.0%, Target%: 1.0%)
2025-05-08 05:04:04,113 - INFO -   BUY HATHWAY.NS (Sector: Media, Entry: 2025-05-08 05:02:28, Order ID: 512505087252, SL%: 1.0%, Target%: 1.0%)
2025-05-08 05:04:04,114 - INFO -   BUY SUNTV.NS (Sector: Media, Entry: 2025-05-08 05:02:40, Order ID: 912505086332, SL%: 1.0%, Target%: 1.0%)
2025-05-08 05:04:04,115 - INFO -   BUY PRESTIGE.NS (Sector: Realty, Entry: 2025-05-08 05:02:53, Order ID: 912505086372, SL%: 1.0%, Target%: 1.0%)
2025-05-08 05:04:04,115 - INFO - 
==================================================
POSITIONS SUMMARY COMPLETE
==================================================
2025-05-08 05:04:04,116 - INFO - Trading cycle 3 completed
2025-05-08 05:04:04,117 - INFO - Waiting 30 seconds until next check at 05:04:34...
2025-05-08 05:04:04,117 - INFO - 
==================================================
CYCLE 3 COMPLETE
==================================================
2025-05-08 05:04:34,119 - INFO - 
==================================================
TRADING CYCLE 4
==================================================
2025-05-08 05:04:34,119 - INFO - Trading cycle 4 started at 2025-05-08 05:04:34
2025-05-08 05:04:34,120 - INFO - New trading day - resetting flags for fresh sector data check
2025-05-08 05:04:34,120 - INFO - Found fresh sector.csv file modified today
2025-05-08 05:04:34,121 - INFO - 
==================================================
READING SECTOR PERFORMANCE DATA
==================================================
2025-05-08 05:04:34,121 - INFO - Reading sector performance data from sector.csv
2025-05-08 05:04:34,122 - INFO - File last modified: 2025-05-08 05:04:25
2025-05-08 05:04:34,125 - INFO - Adding sector rankings to data
2025-05-08 05:04:34,128 - INFO - Sector rankings:
2025-05-08 05:04:34,129 - INFO - Rank 1: Auto (+1.66%) - TOP
2025-05-08 05:04:34,130 - INFO - Rank 2: Realty (+1.12%) - TOP
2025-05-08 05:04:34,131 - INFO - Rank 3: Media (+1.06%) - TOP
2025-05-08 05:04:34,132 - INFO - Rank 4: Metal (+0.98%) - MIDDLE
2025-05-08 05:04:34,134 - INFO - Rank 5: Energy (+0.82%) - MIDDLE
2025-05-08 05:04:34,135 - INFO - Rank 6: Financial Services (+0.76%) - MIDDLE
2025-05-08 05:04:34,136 - INFO - Rank 7: PSU Bank (+0.29%) - MIDDLE
2025-05-08 05:04:34,136 - INFO - Rank 8: IT (+0.14%) - BOTTOM
2025-05-08 05:04:34,137 - INFO - Rank 9: Pharma (-0.33%) - BOTTOM
2025-05-08 05:04:34,137 - INFO - Rank 10: FMCG (-0.52%) - BOTTOM
2025-05-08 05:04:34,138 - INFO - Latest timestamp in data: 2025-05-08 05:04:25
2025-05-08 05:04:34,139 - INFO - Loaded data for 10 sectors
2025-05-08 05:04:34,139 - INFO - Sector performance details:
2025-05-08 05:04:34,140 - INFO -   Rank 1: Auto - POSITIVE (1.66%) - TOP
2025-05-08 05:04:34,140 - INFO -   Rank 2: Realty - POSITIVE (1.12%) - TOP
2025-05-08 05:04:34,141 - INFO -   Rank 3: Media - POSITIVE (1.06%) - TOP
2025-05-08 05:04:34,142 - INFO -   Rank 4: Metal - POSITIVE (0.98%) - MIDDLE
2025-05-08 05:04:34,142 - INFO -   Rank 5: Energy - POSITIVE (0.82%) - MIDDLE
2025-05-08 05:04:34,143 - INFO -   Rank 6: Financial Services - POSITIVE (0.76%) - MIDDLE
2025-05-08 05:04:34,144 - INFO -   Rank 7: PSU Bank - POSITIVE (0.29%) - MIDDLE
2025-05-08 05:04:34,144 - INFO -   Rank 8: IT - POSITIVE (0.14%) - BOTTOM
2025-05-08 05:04:34,145 - INFO -   Rank 9: Pharma - NEGATIVE (-0.33%) - BOTTOM
2025-05-08 05:04:34,145 - INFO -   Rank 10: FMCG - NEGATIVE (-0.52%) - BOTTOM
2025-05-08 05:04:34,146 - INFO - 
==================================================
SECTOR DATA READ COMPLETE
==================================================
2025-05-08 05:04:34,147 - INFO - 
==================================================
PROCESSING SECTOR DATA
==================================================
2025-05-08 05:04:34,147 - INFO - Processing existing positions for potential exits...
2025-05-08 05:04:34,148 - INFO - 
==================================================
PROCESSING EXISTING POSITIONS
==================================================
2025-05-08 05:04:34,148 - INFO - Processing 16 existing positions
2025-05-08 05:04:34,149 - INFO - Checking position: BUY EXIDEIND.NS (Sector: Auto)
2025-05-08 05:04:34,150 - INFO - SECURITY ID LOOKUP: Searching for EXIDEIND.NS
2025-05-08 05:04:34,150 - INFO - Trying exact match for 'EXIDEIND.NS'
2025-05-08 05:04:34,151 - INFO - FOUND EXACT MATCH: ID 676 for EXIDEIND.NS
2025-05-08 05:04:34,151 - INFO - Getting current market price for EXIDEIND.NS
2025-05-08 05:04:34,152 - INFO - Failed to get quote using symbol: 'dhanhq' object has no attribute 'get_quote'
2025-05-08 05:04:34,153 - INFO - Failed to get LTP using security_id: 'dhanhq' object has no attribute 'get_ltp'
2025-05-08 05:04:34,153 - INFO - Failed to get price from candles: 'dhanhq' object has no attribute 'intraday_daily_minute_charts'
2025-05-08 05:04:34,154 - ERROR - Could not get current market price for EXIDEIND.NS
2025-05-08 05:04:34,155 - WARNING - Could not get current market price for EXIDEIND.NS
2025-05-08 05:04:34,156 - INFO - Checking position: BUY HEROMOTOCO.NS (Sector: Auto)
2025-05-08 05:04:34,156 - INFO - SECURITY ID LOOKUP: Searching for HEROMOTOCO.NS
2025-05-08 05:04:34,157 - INFO - Trying exact match for 'HEROMOTOCO.NS'
2025-05-08 05:04:34,157 - INFO - FOUND EXACT MATCH: ID 1348 for HEROMOTOCO.NS
2025-05-08 05:04:34,158 - INFO - Getting current market price for HEROMOTOCO.NS
2025-05-08 05:04:34,158 - INFO - Failed to get quote using symbol: 'dhanhq' object has no attribute 'get_quote'
2025-05-08 05:04:34,158 - INFO - Failed to get LTP using security_id: 'dhanhq' object has no attribute 'get_ltp'
2025-05-08 05:04:34,159 - INFO - Failed to get price from candles: 'dhanhq' object has no attribute 'intraday_daily_minute_charts'
2025-05-08 05:04:34,159 - ERROR - Could not get current market price for HEROMOTOCO.NS
2025-05-08 05:04:34,159 - WARNING - Could not get current market price for HEROMOTOCO.NS
2025-05-08 05:04:34,160 - INFO - Checking position: BUY BAJAJFINSV.NS (Sector: Financial Services)
2025-05-08 05:04:34,160 - INFO - SECURITY ID LOOKUP: Searching for BAJAJFINSV.NS
2025-05-08 05:04:34,160 - INFO - Trying exact match for 'BAJAJFINSV.NS'
2025-05-08 05:04:34,161 - INFO - FOUND EXACT MATCH: ID 16675 for BAJAJFINSV.NS
2025-05-08 05:04:34,161 - INFO - Getting current market price for BAJAJFINSV.NS
2025-05-08 05:04:34,161 - INFO - Failed to get quote using symbol: 'dhanhq' object has no attribute 'get_quote'
2025-05-08 05:04:34,162 - INFO - Failed to get LTP using security_id: 'dhanhq' object has no attribute 'get_ltp'
2025-05-08 05:04:34,162 - INFO - Failed to get price from candles: 'dhanhq' object has no attribute 'intraday_daily_minute_charts'
2025-05-08 05:04:34,162 - ERROR - Could not get current market price for BAJAJFINSV.NS
2025-05-08 05:04:34,163 - WARNING - Could not get current market price for BAJAJFINSV.NS
2025-05-08 05:04:34,163 - INFO - Checking position: BUY PFC.NS (Sector: Financial Services)
2025-05-08 05:04:34,163 - INFO - SECURITY ID LOOKUP: Searching for PFC.NS
2025-05-08 05:04:34,164 - INFO - Trying exact match for 'PFC.NS'
2025-05-08 05:04:34,164 - INFO - FOUND EXACT MATCH: ID 14299 for PFC.NS
2025-05-08 05:04:34,164 - INFO - Getting current market price for PFC.NS
2025-05-08 05:04:34,165 - INFO - Failed to get quote using symbol: 'dhanhq' object has no attribute 'get_quote'
2025-05-08 05:04:34,165 - INFO - Failed to get LTP using security_id: 'dhanhq' object has no attribute 'get_ltp'
2025-05-08 05:04:34,168 - INFO - Failed to get price from candles: 'dhanhq' object has no attribute 'intraday_daily_minute_charts'
2025-05-08 05:04:34,169 - ERROR - Could not get current market price for PFC.NS
2025-05-08 05:04:34,169 - WARNING - Could not get current market price for PFC.NS
2025-05-08 05:04:34,170 - INFO - Checking position: BUY RECLTD.NS (Sector: Financial Services)
2025-05-08 05:04:34,171 - INFO - SECURITY ID LOOKUP: Searching for RECLTD.NS
2025-05-08 05:04:34,172 - INFO - Trying exact match for 'RECLTD.NS'
2025-05-08 05:04:34,173 - INFO - FOUND EXACT MATCH: ID 15355 for RECLTD.NS
2025-05-08 05:04:34,173 - INFO - Getting current market price for RECLTD.NS
2025-05-08 05:04:34,174 - INFO - Failed to get quote using symbol: 'dhanhq' object has no attribute 'get_quote'
2025-05-08 05:04:34,174 - INFO - Failed to get LTP using security_id: 'dhanhq' object has no attribute 'get_ltp'
2025-05-08 05:04:34,175 - INFO - Failed to get price from candles: 'dhanhq' object has no attribute 'intraday_daily_minute_charts'
2025-05-08 05:04:34,175 - ERROR - Could not get current market price for RECLTD.NS
2025-05-08 05:04:34,175 - WARNING - Could not get current market price for RECLTD.NS
2025-05-08 05:04:34,176 - INFO - Checking position: SELL GODREJPROP.NS (Sector: Realty)
2025-05-08 05:04:34,176 - INFO - SECURITY ID LOOKUP: Searching for GODREJPROP.NS
2025-05-08 05:04:34,177 - INFO - Trying exact match for 'GODREJPROP.NS'
2025-05-08 05:04:34,177 - INFO - FOUND EXACT MATCH: ID 17875 for GODREJPROP.NS
2025-05-08 05:04:34,177 - INFO - Getting current market price for GODREJPROP.NS
2025-05-08 05:04:34,178 - INFO - Failed to get quote using symbol: 'dhanhq' object has no attribute 'get_quote'
2025-05-08 05:04:34,179 - INFO - Failed to get LTP using security_id: 'dhanhq' object has no attribute 'get_ltp'
2025-05-08 05:04:34,179 - INFO - Failed to get price from candles: 'dhanhq' object has no attribute 'intraday_daily_minute_charts'
2025-05-08 05:04:34,180 - ERROR - Could not get current market price for GODREJPROP.NS
2025-05-08 05:04:34,180 - WARNING - Could not get current market price for GODREJPROP.NS
2025-05-08 05:04:34,180 - INFO - Checking position: BUY COLPAL.NS (Sector: FMCG)
2025-05-08 05:04:34,181 - INFO - SECURITY ID LOOKUP: Searching for COLPAL.NS
2025-05-08 05:04:34,181 - INFO - Trying exact match for 'COLPAL.NS'
2025-05-08 05:04:34,181 - INFO - FOUND EXACT MATCH: ID 15141 for COLPAL.NS
2025-05-08 05:04:34,183 - INFO - Getting current market price for COLPAL.NS
2025-05-08 05:04:34,184 - INFO - Failed to get quote using symbol: 'dhanhq' object has no attribute 'get_quote'
2025-05-08 05:04:34,185 - INFO - Failed to get LTP using security_id: 'dhanhq' object has no attribute 'get_ltp'
2025-05-08 05:04:34,186 - INFO - Failed to get price from candles: 'dhanhq' object has no attribute 'intraday_daily_minute_charts'
2025-05-08 05:04:34,186 - ERROR - Could not get current market price for COLPAL.NS
2025-05-08 05:04:34,187 - WARNING - Could not get current market price for COLPAL.NS
2025-05-08 05:04:34,188 - INFO - Checking position: SELL SBILIFE.NS (Sector: Financial Services)
2025-05-08 05:04:34,189 - INFO - SECURITY ID LOOKUP: Searching for SBILIFE.NS
2025-05-08 05:04:34,189 - INFO - Trying exact match for 'SBILIFE.NS'
2025-05-08 05:04:34,190 - INFO - FOUND EXACT MATCH: ID 21808 for SBILIFE.NS
2025-05-08 05:04:34,190 - INFO - Getting current market price for SBILIFE.NS
2025-05-08 05:04:34,190 - INFO - Failed to get quote using symbol: 'dhanhq' object has no attribute 'get_quote'
2025-05-08 05:04:34,191 - INFO - Failed to get LTP using security_id: 'dhanhq' object has no attribute 'get_ltp'
2025-05-08 05:04:34,191 - INFO - Failed to get price from candles: 'dhanhq' object has no attribute 'intraday_daily_minute_charts'
2025-05-08 05:04:34,192 - ERROR - Could not get current market price for SBILIFE.NS
2025-05-08 05:04:34,192 - WARNING - Could not get current market price for SBILIFE.NS
2025-05-08 05:04:34,192 - INFO - Checking position: BUY NESTLEIND.NS (Sector: FMCG)
2025-05-08 05:04:34,192 - INFO - SECURITY ID LOOKUP: Searching for NESTLEIND.NS
2025-05-08 05:04:34,193 - INFO - Trying exact match for 'NESTLEIND.NS'
2025-05-08 05:04:34,193 - INFO - FOUND EXACT MATCH: ID 17963 for NESTLEIND.NS
2025-05-08 05:04:34,194 - INFO - Getting current market price for NESTLEIND.NS
2025-05-08 05:04:34,194 - INFO - Failed to get quote using symbol: 'dhanhq' object has no attribute 'get_quote'
2025-05-08 05:04:34,195 - INFO - Failed to get LTP using security_id: 'dhanhq' object has no attribute 'get_ltp'
2025-05-08 05:04:34,195 - INFO - Failed to get price from candles: 'dhanhq' object has no attribute 'intraday_daily_minute_charts'
2025-05-08 05:04:34,195 - ERROR - Could not get current market price for NESTLEIND.NS
2025-05-08 05:04:34,196 - WARNING - Could not get current market price for NESTLEIND.NS
2025-05-08 05:04:34,196 - INFO - Checking position: BUY ONGC.NS (Sector: Energy)
2025-05-08 05:04:34,196 - INFO - SECURITY ID LOOKUP: Searching for ONGC.NS
2025-05-08 05:04:34,197 - INFO - Trying exact match for 'ONGC.NS'
2025-05-08 05:04:34,197 - INFO - FOUND EXACT MATCH: ID 2475 for ONGC.NS
2025-05-08 05:04:34,198 - INFO - Getting current market price for ONGC.NS
2025-05-08 05:04:34,198 - INFO - Failed to get quote using symbol: 'dhanhq' object has no attribute 'get_quote'
2025-05-08 05:04:34,199 - INFO - Failed to get LTP using security_id: 'dhanhq' object has no attribute 'get_ltp'
2025-05-08 05:04:34,200 - INFO - Failed to get price from candles: 'dhanhq' object has no attribute 'intraday_daily_minute_charts'
2025-05-08 05:04:34,201 - ERROR - Could not get current market price for ONGC.NS
2025-05-08 05:04:34,202 - WARNING - Could not get current market price for ONGC.NS
2025-05-08 05:04:34,202 - INFO - Checking position: SELL MARICO.NS (Sector: FMCG)
2025-05-08 05:04:34,203 - INFO - SECURITY ID LOOKUP: Searching for MARICO.NS
2025-05-08 05:04:34,203 - INFO - Trying exact match for 'MARICO.NS'
2025-05-08 05:04:34,204 - INFO - FOUND EXACT MATCH: ID 4067 for MARICO.NS
2025-05-08 05:04:34,205 - INFO - Getting current market price for MARICO.NS
2025-05-08 05:04:34,205 - INFO - Failed to get quote using symbol: 'dhanhq' object has no attribute 'get_quote'
2025-05-08 05:04:34,206 - INFO - Failed to get LTP using security_id: 'dhanhq' object has no attribute 'get_ltp'
2025-05-08 05:04:34,206 - INFO - Failed to get price from candles: 'dhanhq' object has no attribute 'intraday_daily_minute_charts'
2025-05-08 05:04:34,207 - ERROR - Could not get current market price for MARICO.NS
2025-05-08 05:04:34,207 - WARNING - Could not get current market price for MARICO.NS
2025-05-08 05:04:34,207 - INFO - Checking position: SELL LALPATHLAB.NS (Sector: Pharma)
2025-05-08 05:04:34,208 - INFO - SECURITY ID LOOKUP: Searching for LALPATHLAB.NS
2025-05-08 05:04:34,208 - INFO - Trying exact match for 'LALPATHLAB.NS'
2025-05-08 05:04:34,208 - INFO - FOUND EXACT MATCH: ID 11654 for LALPATHLAB.NS
2025-05-08 05:04:34,209 - INFO - Getting current market price for LALPATHLAB.NS
2025-05-08 05:04:34,209 - INFO - Failed to get quote using symbol: 'dhanhq' object has no attribute 'get_quote'
2025-05-08 05:04:34,209 - INFO - Failed to get LTP using security_id: 'dhanhq' object has no attribute 'get_ltp'
2025-05-08 05:04:34,210 - INFO - Failed to get price from candles: 'dhanhq' object has no attribute 'intraday_daily_minute_charts'
2025-05-08 05:04:34,210 - ERROR - Could not get current market price for LALPATHLAB.NS
2025-05-08 05:04:34,210 - WARNING - Could not get current market price for LALPATHLAB.NS
2025-05-08 05:04:34,211 - INFO - Checking position: SELL BIOCON.NS (Sector: Pharma)
2025-05-08 05:04:34,211 - INFO - SECURITY ID LOOKUP: Searching for BIOCON.NS
2025-05-08 05:04:34,212 - INFO - Trying exact match for 'BIOCON.NS'
2025-05-08 05:04:34,212 - INFO - FOUND EXACT MATCH: ID 11373 for BIOCON.NS
2025-05-08 05:04:34,212 - INFO - Getting current market price for BIOCON.NS
2025-05-08 05:04:34,213 - INFO - Failed to get quote using symbol: 'dhanhq' object has no attribute 'get_quote'
2025-05-08 05:04:34,213 - INFO - Failed to get LTP using security_id: 'dhanhq' object has no attribute 'get_ltp'
2025-05-08 05:04:34,213 - INFO - Failed to get price from candles: 'dhanhq' object has no attribute 'intraday_daily_minute_charts'
2025-05-08 05:04:34,214 - ERROR - Could not get current market price for BIOCON.NS
2025-05-08 05:04:34,214 - WARNING - Could not get current market price for BIOCON.NS
2025-05-08 05:04:34,214 - INFO - Checking position: BUY HATHWAY.NS (Sector: Media)
2025-05-08 05:04:34,215 - INFO - SECURITY ID LOOKUP: Searching for HATHWAY.NS
2025-05-08 05:04:34,216 - INFO - Trying exact match for 'HATHWAY.NS'
2025-05-08 05:04:34,217 - INFO - FOUND EXACT MATCH: ID 18154 for HATHWAY.NS
2025-05-08 05:04:34,217 - INFO - Getting current market price for HATHWAY.NS
2025-05-08 05:04:34,217 - INFO - Failed to get quote using symbol: 'dhanhq' object has no attribute 'get_quote'
2025-05-08 05:04:34,218 - INFO - Failed to get LTP using security_id: 'dhanhq' object has no attribute 'get_ltp'
2025-05-08 05:04:34,219 - INFO - Failed to get price from candles: 'dhanhq' object has no attribute 'intraday_daily_minute_charts'
2025-05-08 05:04:34,219 - ERROR - Could not get current market price for HATHWAY.NS
2025-05-08 05:04:34,220 - WARNING - Could not get current market price for HATHWAY.NS
2025-05-08 05:04:34,221 - INFO - Checking position: BUY SUNTV.NS (Sector: Media)
2025-05-08 05:04:34,222 - INFO - SECURITY ID LOOKUP: Searching for SUNTV.NS
2025-05-08 05:04:34,222 - INFO - Trying exact match for 'SUNTV.NS'
2025-05-08 05:04:34,223 - INFO - FOUND EXACT MATCH: ID 13404 for SUNTV.NS
2025-05-08 05:04:34,223 - INFO - Getting current market price for SUNTV.NS
2025-05-08 05:04:34,223 - INFO - Failed to get quote using symbol: 'dhanhq' object has no attribute 'get_quote'
2025-05-08 05:04:34,224 - INFO - Failed to get LTP using security_id: 'dhanhq' object has no attribute 'get_ltp'
2025-05-08 05:04:34,224 - INFO - Failed to get price from candles: 'dhanhq' object has no attribute 'intraday_daily_minute_charts'
2025-05-08 05:04:34,224 - ERROR - Could not get current market price for SUNTV.NS
2025-05-08 05:04:34,225 - WARNING - Could not get current market price for SUNTV.NS
2025-05-08 05:04:34,225 - INFO - Checking position: BUY PRESTIGE.NS (Sector: Realty)
2025-05-08 05:04:34,225 - INFO - SECURITY ID LOOKUP: Searching for PRESTIGE.NS
2025-05-08 05:04:34,226 - INFO - Trying exact match for 'PRESTIGE.NS'
2025-05-08 05:04:34,226 - INFO - FOUND EXACT MATCH: ID 20302 for PRESTIGE.NS
2025-05-08 05:04:34,226 - INFO - Getting current market price for PRESTIGE.NS
2025-05-08 05:04:34,227 - INFO - Failed to get quote using symbol: 'dhanhq' object has no attribute 'get_quote'
2025-05-08 05:04:34,227 - INFO - Failed to get LTP using security_id: 'dhanhq' object has no attribute 'get_ltp'
2025-05-08 05:04:34,228 - INFO - Failed to get price from candles: 'dhanhq' object has no attribute 'intraday_daily_minute_charts'
2025-05-08 05:04:34,228 - ERROR - Could not get current market price for PRESTIGE.NS
2025-05-08 05:04:34,228 - WARNING - Could not get current market price for PRESTIGE.NS
2025-05-08 05:04:34,229 - INFO - No positions needed to be exited
2025-05-08 05:04:34,229 - INFO - 
==================================================
POSITION PROCESSING COMPLETE
==================================================
2025-05-08 05:04:34,230 - INFO - First run of the day - looking for sector-based trading opportunities...
2025-05-08 05:04:34,230 - INFO - 
==================================================
FINDING NEW TRADING OPPORTUNITIES
==================================================
2025-05-08 05:04:34,232 - INFO - Found 33 active tickers out of 33 total
2025-05-08 05:04:34,237 - INFO - Processed sector data for 10 sectors
2025-05-08 05:04:34,238 - INFO - Processing tickers in order: ['BALKRISIND.NS', 'M&M.NS', 'MARUTI.NS', 'MOTHERSON.NS', 'MRF.NS', 'MARICO.NS', 'CHOLAFIN.NS', 'MUTHOOTFIN.NS', 'PEL.NS', 'LALPATHLAB.NS', 'NAZARA.NS', 'TATASTEEL.NS', 'MGL.NS', 'BIOCON.NS', 'VBL.NS', 'ADANIENSOL.NS', 'ADANIGREEN.NS', 'TATAPOWER.NS', 'RECLTD.NS', 'LTTS.NS', 'MPHASIS.NS', 'HATHWAY.NS', 'SUNTV.NS', 'PETRONET.NS', 'AUROPHARMA.NS', 'BANKBARODA.NS', 'BANKINDIA.NS', 'CANBK.NS', 'PNB.NS', 'UNIONBANK.NS', 'BANDHANBNK.NS', 'PRESTIGE.NS', 'HUDCO.NS']
2025-05-08 05:04:34,240 - INFO - Already have open positions for: ['EXIDEIND.NS', 'HEROMOTOCO.NS', 'BAJAJFINSV.NS', 'PFC.NS', 'RECLTD.NS', 'GODREJPROP.NS', 'COLPAL.NS', 'SBILIFE.NS', 'NESTLEIND.NS', 'ONGC.NS', 'MARICO.NS', 'LALPATHLAB.NS', 'BIOCON.NS', 'HATHWAY.NS', 'SUNTV.NS', 'PRESTIGE.NS']
2025-05-08 05:04:34,240 - INFO - Current sector rankings:
2025-05-08 05:04:34,241 - INFO -   Rank 1: Auto - POSITIVE (1.66%) - TOP
2025-05-08 05:04:34,241 - INFO -   Rank 2: Realty - POSITIVE (1.12%) - TOP
2025-05-08 05:04:34,241 - INFO -   Rank 3: Media - POSITIVE (1.06%) - TOP
2025-05-08 05:04:34,242 - INFO -   Rank 4: Metal - POSITIVE (0.98%) - MIDDLE
2025-05-08 05:04:34,242 - INFO -   Rank 5: Energy - POSITIVE (0.82%) - MIDDLE
2025-05-08 05:04:34,242 - INFO -   Rank 6: Financial Services - POSITIVE (0.76%) - MIDDLE
2025-05-08 05:04:34,243 - INFO -   Rank 7: PSU Bank - POSITIVE (0.29%) - MIDDLE
2025-05-08 05:04:34,243 - INFO -   Rank 8: IT - POSITIVE (0.14%) - BOTTOM
2025-05-08 05:04:34,244 - INFO -   Rank 9: Pharma - NEGATIVE (-0.33%) - BOTTOM
2025-05-08 05:04:34,244 - INFO -   Rank 10: FMCG - NEGATIVE (-0.52%) - BOTTOM
2025-05-08 05:04:34,245 - INFO - Processing ticker 1: BALKRISIND.NS
2025-05-08 05:04:34,246 - INFO - Found sector Auto for BALKRISIND.NS
2025-05-08 05:04:34,246 - INFO - Evaluating BALKRISIND.NS in sector Auto - Rank 1 (TOP)
2025-05-08 05:04:34,246 - INFO -   Performance: +1.66%
2025-05-08 05:04:34,247 - INFO - Not trading BALKRISIND.NS - sector ranking doesn't match strategy
2025-05-08 05:04:34,247 - INFO -   Transaction type: SELL
2025-05-08 05:04:34,247 - INFO -   Sector category: TOP
2025-05-08 05:04:34,248 - INFO -   Sector is_positive: True
2025-05-08 05:04:34,248 - INFO - Processing ticker 2: M&M.NS
2025-05-08 05:04:34,248 - INFO - Found sector Auto for M&M.NS
2025-05-08 05:04:34,252 - INFO - Evaluating M&M.NS in sector Auto - Rank 1 (TOP)
2025-05-08 05:04:34,253 - INFO -   Performance: +1.66%
2025-05-08 05:04:34,254 - INFO - Not trading M&M.NS - sector ranking doesn't match strategy
2025-05-08 05:04:34,255 - INFO -   Transaction type: SELL
2025-05-08 05:04:34,256 - INFO -   Sector category: TOP
2025-05-08 05:04:34,256 - INFO -   Sector is_positive: True
2025-05-08 05:04:34,257 - INFO - Processing ticker 3: MARUTI.NS
2025-05-08 05:04:34,257 - INFO - Found sector Auto for MARUTI.NS
2025-05-08 05:04:34,258 - INFO - Evaluating MARUTI.NS in sector Auto - Rank 1 (TOP)
2025-05-08 05:04:34,258 - INFO -   Performance: +1.66%
2025-05-08 05:04:34,258 - INFO - Not trading MARUTI.NS - sector ranking doesn't match strategy
2025-05-08 05:04:34,259 - INFO -   Transaction type: SELL
2025-05-08 05:04:34,259 - INFO -   Sector category: TOP
2025-05-08 05:04:34,260 - INFO -   Sector is_positive: True
2025-05-08 05:04:34,260 - INFO - Processing ticker 4: MOTHERSON.NS
2025-05-08 05:04:34,261 - INFO - Found sector Auto for MOTHERSON.NS
2025-05-08 05:04:34,261 - INFO - Evaluating MOTHERSON.NS in sector Auto - Rank 1 (TOP)
2025-05-08 05:04:34,262 - INFO -   Performance: +1.66%
2025-05-08 05:04:34,262 - INFO - Not trading MOTHERSON.NS - sector ranking doesn't match strategy
2025-05-08 05:04:34,262 - INFO -   Transaction type: SELL
2025-05-08 05:04:34,263 - INFO -   Sector category: TOP
2025-05-08 05:04:34,263 - INFO -   Sector is_positive: True
2025-05-08 05:04:34,263 - INFO - Processing ticker 5: MRF.NS
2025-05-08 05:04:34,264 - INFO - Found sector Auto for MRF.NS
2025-05-08 05:04:34,264 - INFO - Evaluating MRF.NS in sector Auto - Rank 1 (TOP)
2025-05-08 05:04:34,265 - INFO -   Performance: +1.66%
2025-05-08 05:04:34,265 - INFO - Not trading MRF.NS - sector ranking doesn't match strategy
2025-05-08 05:04:34,265 - INFO -   Transaction type: SELL
2025-05-08 05:04:34,267 - INFO -   Sector category: TOP
2025-05-08 05:04:34,267 - INFO -   Sector is_positive: True
2025-05-08 05:04:34,268 - INFO - Processing ticker 6: MARICO.NS
2025-05-08 05:04:34,269 - INFO - Skipping MARICO.NS - already have an open position
2025-05-08 05:04:34,269 - INFO - Processing ticker 7: CHOLAFIN.NS
2025-05-08 05:04:34,270 - INFO - Found sector Financial Services for CHOLAFIN.NS
2025-05-08 05:04:34,270 - INFO - Evaluating CHOLAFIN.NS in sector Financial Services - Rank 6 (MIDDLE)
2025-05-08 05:04:34,271 - INFO -   Performance: +0.76%
2025-05-08 05:04:34,272 - INFO - Not trading CHOLAFIN.NS - sector ranking doesn't match strategy
2025-05-08 05:04:34,272 - INFO -   Transaction type: SELL
2025-05-08 05:04:34,273 - INFO -   Sector category: MIDDLE
2025-05-08 05:04:34,273 - INFO -   Sector is_positive: True
2025-05-08 05:04:34,274 - INFO - Processing ticker 8: MUTHOOTFIN.NS
2025-05-08 05:04:34,274 - INFO - Found sector Financial Services for MUTHOOTFIN.NS
2025-05-08 05:04:34,274 - INFO - Evaluating MUTHOOTFIN.NS in sector Financial Services - Rank 6 (MIDDLE)
2025-05-08 05:04:34,275 - INFO -   Performance: +0.76%
2025-05-08 05:04:34,275 - INFO - Not trading MUTHOOTFIN.NS - sector ranking doesn't match strategy
2025-05-08 05:04:34,276 - INFO -   Transaction type: SELL
2025-05-08 05:04:34,276 - INFO -   Sector category: MIDDLE
2025-05-08 05:04:34,276 - INFO -   Sector is_positive: True
2025-05-08 05:04:34,277 - INFO - Processing ticker 9: PEL.NS
2025-05-08 05:04:34,277 - INFO - Found sector Financial Services for PEL.NS
2025-05-08 05:04:34,278 - INFO - Evaluating PEL.NS in sector Financial Services - Rank 6 (MIDDLE)
2025-05-08 05:04:34,278 - INFO -   Performance: +0.76%
2025-05-08 05:04:34,278 - INFO - Not trading PEL.NS - sector ranking doesn't match strategy
2025-05-08 05:04:34,279 - INFO -   Transaction type: SELL
2025-05-08 05:04:34,279 - INFO -   Sector category: MIDDLE
2025-05-08 05:04:34,279 - INFO -   Sector is_positive: True
2025-05-08 05:04:34,280 - INFO - Processing ticker 10: LALPATHLAB.NS
2025-05-08 05:04:34,280 - INFO - Skipping LALPATHLAB.NS - already have an open position
2025-05-08 05:04:34,280 - INFO - Processing ticker 11: NAZARA.NS
2025-05-08 05:04:34,281 - INFO - Found sector Media for NAZARA.NS
2025-05-08 05:04:34,281 - INFO - Evaluating NAZARA.NS in sector Media - Rank 3 (TOP)
2025-05-08 05:04:34,281 - INFO -   Performance: +1.06%
2025-05-08 05:04:34,282 - INFO - Not trading NAZARA.NS - sector ranking doesn't match strategy
2025-05-08 05:04:34,283 - INFO -   Transaction type: SELL
2025-05-08 05:04:34,284 - INFO -   Sector category: TOP
2025-05-08 05:04:34,284 - INFO -   Sector is_positive: True
2025-05-08 05:04:34,285 - INFO - Processing ticker 12: TATASTEEL.NS
2025-05-08 05:04:34,285 - INFO - Found sector Metal for TATASTEEL.NS
2025-05-08 05:04:34,286 - INFO - Evaluating TATASTEEL.NS in sector Metal - Rank 4 (MIDDLE)
2025-05-08 05:04:34,286 - INFO -   Performance: +0.98%
2025-05-08 05:04:34,287 - INFO - Not trading TATASTEEL.NS - sector ranking doesn't match strategy
2025-05-08 05:04:34,288 - INFO -   Transaction type: SELL
2025-05-08 05:04:34,289 - INFO -   Sector category: MIDDLE
2025-05-08 05:04:34,289 - INFO -   Sector is_positive: True
2025-05-08 05:04:34,290 - INFO - Processing ticker 13: MGL.NS
2025-05-08 05:04:34,290 - WARNING - Could not find sector for MGL.NS in sector mapping
2025-05-08 05:04:34,290 - INFO - Processing ticker 14: BIOCON.NS
2025-05-08 05:04:34,291 - INFO - Skipping BIOCON.NS - already have an open position
2025-05-08 05:04:34,291 - INFO - Processing ticker 15: VBL.NS
2025-05-08 05:04:34,292 - WARNING - Could not find sector for VBL.NS in sector mapping
2025-05-08 05:04:34,292 - INFO - Processing ticker 16: ADANIENSOL.NS
2025-05-08 05:04:34,292 - WARNING - Could not find sector for ADANIENSOL.NS in sector mapping
2025-05-08 05:04:34,293 - INFO - Processing ticker 17: ADANIGREEN.NS
2025-05-08 05:04:34,293 - INFO - Found sector Energy for ADANIGREEN.NS
2025-05-08 05:04:34,294 - INFO - Evaluating ADANIGREEN.NS in sector Energy - Rank 5 (MIDDLE)
2025-05-08 05:04:34,294 - INFO -   Performance: +0.82%
2025-05-08 05:04:34,294 - INFO - Not trading ADANIGREEN.NS - sector ranking doesn't match strategy
2025-05-08 05:04:34,295 - INFO -   Transaction type: BUY
2025-05-08 05:04:34,295 - INFO -   Sector category: MIDDLE
2025-05-08 05:04:34,295 - INFO -   Sector is_positive: True
2025-05-08 05:04:34,296 - INFO - Processing ticker 18: TATAPOWER.NS
2025-05-08 05:04:34,296 - INFO - Found sector Energy for TATAPOWER.NS
2025-05-08 05:04:34,296 - INFO - Evaluating TATAPOWER.NS in sector Energy - Rank 5 (MIDDLE)
2025-05-08 05:04:34,297 - INFO -   Performance: +0.82%
2025-05-08 05:04:34,297 - INFO - Not trading TATAPOWER.NS - sector ranking doesn't match strategy
2025-05-08 05:04:34,297 - INFO -   Transaction type: BUY
2025-05-08 05:04:34,298 - INFO -   Sector category: MIDDLE
2025-05-08 05:04:34,298 - INFO -   Sector is_positive: True
2025-05-08 05:04:34,298 - INFO - Processing ticker 19: RECLTD.NS
2025-05-08 05:04:34,300 - INFO - Skipping RECLTD.NS - already have an open position
2025-05-08 05:04:34,300 - INFO - Processing ticker 20: LTTS.NS
2025-05-08 05:04:34,301 - INFO - Found sector IT for LTTS.NS
2025-05-08 05:04:34,301 - INFO - Evaluating LTTS.NS in sector IT - Rank 8 (BOTTOM)
2025-05-08 05:04:34,302 - INFO -   Performance: +0.14%
2025-05-08 05:04:34,302 - INFO - Not trading LTTS.NS - sector ranking doesn't match strategy
2025-05-08 05:04:34,303 - INFO -   Transaction type: BUY
2025-05-08 05:04:34,305 - INFO -   Sector category: BOTTOM
2025-05-08 05:04:34,305 - INFO -   Sector is_positive: True
2025-05-08 05:04:34,306 - INFO - Processing ticker 21: MPHASIS.NS
2025-05-08 05:04:34,306 - INFO - Found sector IT for MPHASIS.NS
2025-05-08 05:04:34,306 - INFO - Evaluating MPHASIS.NS in sector IT - Rank 8 (BOTTOM)
2025-05-08 05:04:34,307 - INFO -   Performance: +0.14%
2025-05-08 05:04:34,307 - INFO - Not trading MPHASIS.NS - sector ranking doesn't match strategy
2025-05-08 05:04:34,307 - INFO -   Transaction type: BUY
2025-05-08 05:04:34,308 - INFO -   Sector category: BOTTOM
2025-05-08 05:04:34,308 - INFO -   Sector is_positive: True
2025-05-08 05:04:34,309 - INFO - Processing ticker 22: HATHWAY.NS
2025-05-08 05:04:34,309 - INFO - Skipping HATHWAY.NS - already have an open position
2025-05-08 05:04:34,310 - INFO - Processing ticker 23: SUNTV.NS
2025-05-08 05:04:34,310 - INFO - Skipping SUNTV.NS - already have an open position
2025-05-08 05:04:34,310 - INFO - Processing ticker 24: PETRONET.NS
2025-05-08 05:04:34,311 - INFO - Found sector Oil & Gas for PETRONET.NS
2025-05-08 05:04:34,311 - WARNING - No data for sector Oil & Gas
2025-05-08 05:04:34,311 - INFO - Processing ticker 25: AUROPHARMA.NS
2025-05-08 05:04:34,311 - INFO - Found sector Pharma for AUROPHARMA.NS
2025-05-08 05:04:34,312 - INFO - Evaluating AUROPHARMA.NS in sector Pharma - Rank 9 (BOTTOM)
2025-05-08 05:04:34,312 - INFO -   Performance: -0.33%
2025-05-08 05:04:34,312 - INFO - Not trading AUROPHARMA.NS - sector ranking doesn't match strategy
2025-05-08 05:04:34,313 - INFO -   Transaction type: BUY
2025-05-08 05:04:34,313 - INFO -   Sector category: BOTTOM
2025-05-08 05:04:34,314 - INFO -   Sector is_positive: False
2025-05-08 05:04:34,314 - INFO - Processing ticker 26: BANKBARODA.NS
2025-05-08 05:04:34,314 - WARNING - Could not find sector for BANKBARODA.NS in sector mapping
2025-05-08 05:04:34,315 - INFO - Processing ticker 27: BANKINDIA.NS
2025-05-08 05:04:34,315 - INFO - Found sector PSU Bank for BANKINDIA.NS
2025-05-08 05:04:34,315 - INFO - Evaluating BANKINDIA.NS in sector PSU Bank - Rank 7 (MIDDLE)
2025-05-08 05:04:34,317 - INFO -   Performance: +0.29%
2025-05-08 05:04:34,317 - INFO - Not trading BANKINDIA.NS - sector ranking doesn't match strategy
2025-05-08 05:04:34,317 - INFO -   Transaction type: BUY
2025-05-08 05:04:34,319 - INFO -   Sector category: MIDDLE
2025-05-08 05:04:34,319 - INFO -   Sector is_positive: True
2025-05-08 05:04:34,320 - INFO - Processing ticker 28: CANBK.NS
2025-05-08 05:04:34,320 - INFO - Found sector Bank for CANBK.NS
2025-05-08 05:04:34,321 - WARNING - No data for sector Bank
2025-05-08 05:04:34,322 - INFO - Processing ticker 29: PNB.NS
2025-05-08 05:04:34,322 - INFO - Found sector PSU Bank for PNB.NS
2025-05-08 05:04:34,322 - INFO - Evaluating PNB.NS in sector PSU Bank - Rank 7 (MIDDLE)
2025-05-08 05:04:34,323 - INFO -   Performance: +0.29%
2025-05-08 05:04:34,323 - INFO - Not trading PNB.NS - sector ranking doesn't match strategy
2025-05-08 05:04:34,323 - INFO -   Transaction type: BUY
2025-05-08 05:04:34,324 - INFO -   Sector category: MIDDLE
2025-05-08 05:04:34,324 - INFO -   Sector is_positive: True
2025-05-08 05:04:34,325 - INFO - Processing ticker 30: UNIONBANK.NS
2025-05-08 05:04:34,325 - INFO - Found sector PSU Bank for UNIONBANK.NS
2025-05-08 05:04:34,325 - INFO - Evaluating UNIONBANK.NS in sector PSU Bank - Rank 7 (MIDDLE)
2025-05-08 05:04:34,326 - INFO -   Performance: +0.29%
2025-05-08 05:04:34,326 - INFO - Not trading UNIONBANK.NS - sector ranking doesn't match strategy
2025-05-08 05:04:34,326 - INFO -   Transaction type: BUY
2025-05-08 05:04:34,327 - INFO -   Sector category: MIDDLE
2025-05-08 05:04:34,327 - INFO -   Sector is_positive: True
2025-05-08 05:04:34,327 - INFO - Processing ticker 31: BANDHANBNK.NS
2025-05-08 05:04:34,328 - INFO - Found sector PVT Bank for BANDHANBNK.NS
2025-05-08 05:04:34,328 - WARNING - No data for sector PVT Bank
2025-05-08 05:04:34,328 - INFO - Processing ticker 32: PRESTIGE.NS
2025-05-08 05:04:34,329 - INFO - Skipping PRESTIGE.NS - already have an open position
2025-05-08 05:04:34,329 - INFO - Processing ticker 33: HUDCO.NS
2025-05-08 05:04:34,330 - WARNING - Could not find sector for HUDCO.NS in sector mapping
2025-05-08 05:04:34,330 - INFO - Ticker processing summary:
2025-05-08 05:04:34,330 - INFO -   Total tickers considered: 33
2025-05-08 05:04:34,331 - INFO -   Tickers with sector data: 21
2025-05-08 05:04:34,331 - INFO -   Tickers matching sector ranking strategy: 0
2025-05-08 05:04:34,331 - INFO -   Tickers with security ID: 0
2025-05-08 05:04:34,332 - INFO -   Orders successfully placed: 0
2025-05-08 05:04:34,332 - INFO - New positions added: 0
2025-05-08 05:04:34,333 - INFO - Positions skipped: 33
2025-05-08 05:04:34,333 - INFO - Positions with errors: 0
2025-05-08 05:04:34,334 - INFO - 
==================================================
NEW OPPORTUNITIES PROCESSING COMPLETE
==================================================
2025-05-08 05:04:34,335 - INFO - Initial trades have been executed - no more new trades will be placed today
2025-05-08 05:04:34,336 - INFO - 
==================================================
SECTOR PROCESSING COMPLETE
==================================================
2025-05-08 05:04:34,340 - INFO - Saved 16 positions to dhan_positions.json
2025-05-08 05:04:34,341 - INFO - 
==================================================
POSITIONS SUMMARY
==================================================
2025-05-08 05:04:34,342 - INFO - Current positions summary:
2025-05-08 05:04:34,343 - INFO -   Open BUY positions: 11
2025-05-08 05:04:34,343 - INFO -   Open SELL positions: 5
2025-05-08 05:04:34,343 - INFO -   Closed positions: 0
2025-05-08 05:04:34,344 - INFO -   Total positions: 16
2025-05-08 05:04:34,344 - INFO - Open positions:
2025-05-08 05:04:34,344 - INFO -   BUY EXIDEIND.NS (Sector: Auto, Entry: 2025-05-05 05:08:27, Order ID: 412505057762, SL%: 1.0%, Target%: 1.0%)
2025-05-08 05:04:34,345 - INFO -   BUY HEROMOTOCO.NS (Sector: Auto, Entry: 2025-05-05 05:08:39, Order ID: 912505057802, SL%: 1.0%, Target%: 1.0%)
2025-05-08 05:04:34,345 - INFO -   BUY BAJAJFINSV.NS (Sector: Financial Services, Entry: 2025-05-05 05:08:51, Order ID: 912505057892, SL%: 1.0%, Target%: 1.0%)
2025-05-08 05:04:34,345 - INFO -   BUY PFC.NS (Sector: Financial Services, Entry: 2025-05-05 05:09:04, Order ID: 912505057962, SL%: 1.0%, Target%: 1.0%)
2025-05-08 05:04:34,346 - INFO -   BUY RECLTD.NS (Sector: Financial Services, Entry: 2025-05-05 05:09:16, Order ID: 912505058012, SL%: 1.0%, Target%: 1.0%)
2025-05-08 05:04:34,346 - INFO -   SELL GODREJPROP.NS (Sector: Realty, Entry: 2025-05-05 05:09:29, Order ID: 312505057842, SL%: 1.0%, Target%: 1.0%)
2025-05-08 05:04:34,347 - INFO -   BUY COLPAL.NS (Sector: FMCG, Entry: 2025-05-05 05:34:29, Order ID: 6125050517042, SL%: 1.0%, Target%: 1.0%)
2025-05-08 05:04:34,347 - INFO -   SELL SBILIFE.NS (Sector: Financial Services, Entry: 2025-05-05 05:34:42, Order ID: 9125050513002, SL%: 1.0%, Target%: 1.0%)
2025-05-08 05:04:34,348 - INFO -   BUY NESTLEIND.NS (Sector: FMCG, Entry: 2025-05-06 05:01:40, Order ID: 212505067072, SL%: 1.0%, Target%: 1.0%)
2025-05-08 05:04:34,348 - INFO -   BUY ONGC.NS (Sector: Energy, Entry: 2025-05-06 05:01:52, Order ID: 512505067422, SL%: 1.0%, Target%: 1.0%)
2025-05-08 05:04:34,348 - INFO -   SELL MARICO.NS (Sector: FMCG, Entry: 2025-05-08 05:01:51, Order ID: 512505087152, SL%: 1.0%, Target%: 1.0%)
2025-05-08 05:04:34,349 - INFO -   SELL LALPATHLAB.NS (Sector: Pharma, Entry: 2025-05-08 05:02:03, Order ID: 412505086142, SL%: 1.0%, Target%: 1.0%)
2025-05-08 05:04:34,350 - INFO -   SELL BIOCON.NS (Sector: Pharma, Entry: 2025-05-08 05:02:15, Order ID: 612505087882, SL%: 1.0%, Target%: 1.0%)
2025-05-08 05:04:34,350 - INFO -   BUY HATHWAY.NS (Sector: Media, Entry: 2025-05-08 05:02:28, Order ID: 512505087252, SL%: 1.0%, Target%: 1.0%)
2025-05-08 05:04:34,351 - INFO -   BUY SUNTV.NS (Sector: Media, Entry: 2025-05-08 05:02:40, Order ID: 912505086332, SL%: 1.0%, Target%: 1.0%)
2025-05-08 05:04:34,352 - INFO -   BUY PRESTIGE.NS (Sector: Realty, Entry: 2025-05-08 05:02:53, Order ID: 912505086372, SL%: 1.0%, Target%: 1.0%)
2025-05-08 05:04:34,352 - INFO - 
==================================================
POSITIONS SUMMARY COMPLETE
==================================================
2025-05-08 05:04:34,353 - INFO - Trading cycle 4 completed
2025-05-08 05:04:34,354 - INFO - Waiting 30 seconds until next check at 05:05:04...
2025-05-08 05:04:34,355 - INFO - 
==================================================
CYCLE 4 COMPLETE
==================================================
2025-05-08 05:05:04,364 - INFO - 
==================================================
TRADING CYCLE 5
==================================================
2025-05-08 05:05:04,364 - INFO - Trading cycle 5 started at 2025-05-08 05:05:04
2025-05-08 05:05:04,365 - INFO - New trading day - resetting flags for fresh sector data check
2025-05-08 05:05:04,365 - INFO - Found fresh sector.csv file modified today
2025-05-08 05:05:04,366 - INFO - 
==================================================
READING SECTOR PERFORMANCE DATA
==================================================
2025-05-08 05:05:04,366 - INFO - Reading sector performance data from sector.csv
2025-05-08 05:05:04,367 - INFO - File last modified: 2025-05-08 05:04:25
2025-05-08 05:05:04,370 - INFO - Adding sector rankings to data
2025-05-08 05:05:04,373 - INFO - Sector rankings:
2025-05-08 05:05:04,374 - INFO - Rank 1: Auto (+1.66%) - TOP
2025-05-08 05:05:04,375 - INFO - Rank 2: Realty (+1.12%) - TOP
2025-05-08 05:05:04,376 - INFO - Rank 3: Media (+1.06%) - TOP
2025-05-08 05:05:04,378 - INFO - Rank 4: Metal (+0.98%) - MIDDLE
2025-05-08 05:05:04,379 - INFO - Rank 5: Energy (+0.82%) - MIDDLE
2025-05-08 05:05:04,381 - INFO - Rank 6: Financial Services (+0.76%) - MIDDLE
2025-05-08 05:05:04,382 - INFO - Rank 7: PSU Bank (+0.29%) - MIDDLE
2025-05-08 05:05:04,382 - INFO - Rank 8: IT (+0.14%) - BOTTOM
2025-05-08 05:05:04,383 - INFO - Rank 9: Pharma (-0.33%) - BOTTOM
2025-05-08 05:05:04,383 - INFO - Rank 10: FMCG (-0.52%) - BOTTOM
2025-05-08 05:05:04,384 - INFO - Latest timestamp in data: 2025-05-08 05:04:25
2025-05-08 05:05:04,384 - INFO - Loaded data for 10 sectors
2025-05-08 05:05:04,385 - INFO - Sector performance details:
2025-05-08 05:05:04,385 - INFO -   Rank 1: Auto - POSITIVE (1.66%) - TOP
2025-05-08 05:05:04,386 - INFO -   Rank 2: Realty - POSITIVE (1.12%) - TOP
2025-05-08 05:05:04,386 - INFO -   Rank 3: Media - POSITIVE (1.06%) - TOP
2025-05-08 05:05:04,387 - INFO -   Rank 4: Metal - POSITIVE (0.98%) - MIDDLE
2025-05-08 05:05:04,387 - INFO -   Rank 5: Energy - POSITIVE (0.82%) - MIDDLE
2025-05-08 05:05:04,388 - INFO -   Rank 6: Financial Services - POSITIVE (0.76%) - MIDDLE
2025-05-08 05:05:04,388 - INFO -   Rank 7: PSU Bank - POSITIVE (0.29%) - MIDDLE
2025-05-08 05:05:04,389 - INFO -   Rank 8: IT - POSITIVE (0.14%) - BOTTOM
2025-05-08 05:05:04,389 - INFO -   Rank 9: Pharma - NEGATIVE (-0.33%) - BOTTOM
2025-05-08 05:05:04,390 - INFO -   Rank 10: FMCG - NEGATIVE (-0.52%) - BOTTOM
2025-05-08 05:05:04,390 - INFO - 
==================================================
SECTOR DATA READ COMPLETE
==================================================
2025-05-08 05:05:04,391 - INFO - 
==================================================
PROCESSING SECTOR DATA
==================================================
2025-05-08 05:05:04,392 - INFO - Processing existing positions for potential exits...
2025-05-08 05:05:04,392 - INFO - 
==================================================
PROCESSING EXISTING POSITIONS
==================================================
2025-05-08 05:05:04,393 - INFO - Processing 16 existing positions
2025-05-08 05:05:04,393 - INFO - Checking position: BUY EXIDEIND.NS (Sector: Auto)
2025-05-08 05:05:04,393 - INFO - SECURITY ID LOOKUP: Searching for EXIDEIND.NS
2025-05-08 05:05:04,393 - INFO - Trying exact match for 'EXIDEIND.NS'
2025-05-08 05:05:04,394 - INFO - FOUND EXACT MATCH: ID 676 for EXIDEIND.NS
2025-05-08 05:05:04,394 - INFO - Getting current market price for EXIDEIND.NS
2025-05-08 05:05:04,394 - INFO - Failed to get quote using symbol: 'dhanhq' object has no attribute 'get_quote'
2025-05-08 05:05:04,395 - INFO - Failed to get LTP using security_id: 'dhanhq' object has no attribute 'get_ltp'
2025-05-08 05:05:04,395 - INFO - Failed to get price from candles: 'dhanhq' object has no attribute 'intraday_daily_minute_charts'
2025-05-08 05:05:04,397 - ERROR - Could not get current market price for EXIDEIND.NS
2025-05-08 05:05:04,398 - WARNING - Could not get current market price for EXIDEIND.NS
2025-05-08 05:05:04,398 - INFO - Checking position: BUY HEROMOTOCO.NS (Sector: Auto)
2025-05-08 05:05:04,399 - INFO - SECURITY ID LOOKUP: Searching for HEROMOTOCO.NS
2025-05-08 05:05:04,400 - INFO - Trying exact match for 'HEROMOTOCO.NS'
2025-05-08 05:05:04,401 - INFO - FOUND EXACT MATCH: ID 1348 for HEROMOTOCO.NS
2025-05-08 05:05:04,402 - INFO - Getting current market price for HEROMOTOCO.NS
2025-05-08 05:05:04,403 - INFO - Failed to get quote using symbol: 'dhanhq' object has no attribute 'get_quote'
2025-05-08 05:05:04,403 - INFO - Failed to get LTP using security_id: 'dhanhq' object has no attribute 'get_ltp'
2025-05-08 05:05:04,404 - INFO - Failed to get price from candles: 'dhanhq' object has no attribute 'intraday_daily_minute_charts'
2025-05-08 05:05:04,404 - ERROR - Could not get current market price for HEROMOTOCO.NS
2025-05-08 05:05:04,405 - WARNING - Could not get current market price for HEROMOTOCO.NS
2025-05-08 05:05:04,405 - INFO - Checking position: BUY BAJAJFINSV.NS (Sector: Financial Services)
2025-05-08 05:05:04,406 - INFO - SECURITY ID LOOKUP: Searching for BAJAJFINSV.NS
2025-05-08 05:05:04,406 - INFO - Trying exact match for 'BAJAJFINSV.NS'
2025-05-08 05:05:04,407 - INFO - FOUND EXACT MATCH: ID 16675 for BAJAJFINSV.NS
2025-05-08 05:05:04,407 - INFO - Getting current market price for BAJAJFINSV.NS
2025-05-08 05:05:04,408 - INFO - Failed to get quote using symbol: 'dhanhq' object has no attribute 'get_quote'
2025-05-08 05:05:04,408 - INFO - Failed to get LTP using security_id: 'dhanhq' object has no attribute 'get_ltp'
2025-05-08 05:05:04,409 - INFO - Failed to get price from candles: 'dhanhq' object has no attribute 'intraday_daily_minute_charts'
2025-05-08 05:05:04,409 - ERROR - Could not get current market price for BAJAJFINSV.NS
2025-05-08 05:05:04,409 - WARNING - Could not get current market price for BAJAJFINSV.NS
2025-05-08 05:05:04,410 - INFO - Checking position: BUY PFC.NS (Sector: Financial Services)
2025-05-08 05:05:04,410 - INFO - SECURITY ID LOOKUP: Searching for PFC.NS
2025-05-08 05:05:04,410 - INFO - Trying exact match for 'PFC.NS'
2025-05-08 05:05:04,411 - INFO - FOUND EXACT MATCH: ID 14299 for PFC.NS
2025-05-08 05:05:04,411 - INFO - Getting current market price for PFC.NS
2025-05-08 05:05:04,411 - INFO - Failed to get quote using symbol: 'dhanhq' object has no attribute 'get_quote'
2025-05-08 05:05:04,415 - INFO - Failed to get LTP using security_id: 'dhanhq' object has no attribute 'get_ltp'
2025-05-08 05:05:04,417 - INFO - Failed to get price from candles: 'dhanhq' object has no attribute 'intraday_daily_minute_charts'
2025-05-08 05:05:04,418 - ERROR - Could not get current market price for PFC.NS
2025-05-08 05:05:04,418 - WARNING - Could not get current market price for PFC.NS
2025-05-08 05:05:04,419 - INFO - Checking position: BUY RECLTD.NS (Sector: Financial Services)
2025-05-08 05:05:04,420 - INFO - SECURITY ID LOOKUP: Searching for RECLTD.NS
2025-05-08 05:05:04,420 - INFO - Trying exact match for 'RECLTD.NS'
2025-05-08 05:05:04,421 - INFO - FOUND EXACT MATCH: ID 15355 for RECLTD.NS
2025-05-08 05:05:04,421 - INFO - Getting current market price for RECLTD.NS
2025-05-08 05:05:04,421 - INFO - Failed to get quote using symbol: 'dhanhq' object has no attribute 'get_quote'
2025-05-08 05:05:04,422 - INFO - Failed to get LTP using security_id: 'dhanhq' object has no attribute 'get_ltp'
2025-05-08 05:05:04,422 - INFO - Failed to get price from candles: 'dhanhq' object has no attribute 'intraday_daily_minute_charts'
2025-05-08 05:05:04,423 - ERROR - Could not get current market price for RECLTD.NS
2025-05-08 05:05:04,423 - WARNING - Could not get current market price for RECLTD.NS
2025-05-08 05:05:04,423 - INFO - Checking position: SELL GODREJPROP.NS (Sector: Realty)
2025-05-08 05:05:04,424 - INFO - SECURITY ID LOOKUP: Searching for GODREJPROP.NS
2025-05-08 05:05:04,424 - INFO - Trying exact match for 'GODREJPROP.NS'
2025-05-08 05:05:04,424 - INFO - FOUND EXACT MATCH: ID 17875 for GODREJPROP.NS
2025-05-08 05:05:04,425 - INFO - Getting current market price for GODREJPROP.NS
2025-05-08 05:05:04,425 - INFO - Failed to get quote using symbol: 'dhanhq' object has no attribute 'get_quote'
2025-05-08 05:05:04,425 - INFO - Failed to get LTP using security_id: 'dhanhq' object has no attribute 'get_ltp'
2025-05-08 05:05:04,426 - INFO - Failed to get price from candles: 'dhanhq' object has no attribute 'intraday_daily_minute_charts'
2025-05-08 05:05:04,426 - ERROR - Could not get current market price for GODREJPROP.NS
2025-05-08 05:05:04,427 - WARNING - Could not get current market price for GODREJPROP.NS
2025-05-08 05:05:04,428 - INFO - Checking position: BUY COLPAL.NS (Sector: FMCG)
2025-05-08 05:05:04,428 - INFO - SECURITY ID LOOKUP: Searching for COLPAL.NS
2025-05-08 05:05:04,429 - INFO - Trying exact match for 'COLPAL.NS'
2025-05-08 05:05:04,431 - INFO - FOUND EXACT MATCH: ID 15141 for COLPAL.NS
2025-05-08 05:05:04,431 - INFO - Getting current market price for COLPAL.NS
2025-05-08 05:05:04,433 - INFO - Failed to get quote using symbol: 'dhanhq' object has no attribute 'get_quote'
2025-05-08 05:05:04,433 - INFO - Failed to get LTP using security_id: 'dhanhq' object has no attribute 'get_ltp'
2025-05-08 05:05:04,434 - INFO - Failed to get price from candles: 'dhanhq' object has no attribute 'intraday_daily_minute_charts'
2025-05-08 05:05:04,435 - ERROR - Could not get current market price for COLPAL.NS
2025-05-08 05:05:04,436 - WARNING - Could not get current market price for COLPAL.NS
2025-05-08 05:05:04,436 - INFO - Checking position: SELL SBILIFE.NS (Sector: Financial Services)
2025-05-08 05:05:04,437 - INFO - SECURITY ID LOOKUP: Searching for SBILIFE.NS
2025-05-08 05:05:04,437 - INFO - Trying exact match for 'SBILIFE.NS'
2025-05-08 05:05:04,437 - INFO - FOUND EXACT MATCH: ID 21808 for SBILIFE.NS
2025-05-08 05:05:04,438 - INFO - Getting current market price for SBILIFE.NS
2025-05-08 05:05:04,438 - INFO - Failed to get quote using symbol: 'dhanhq' object has no attribute 'get_quote'
2025-05-08 05:05:04,438 - INFO - Failed to get LTP using security_id: 'dhanhq' object has no attribute 'get_ltp'
2025-05-08 05:05:04,439 - INFO - Failed to get price from candles: 'dhanhq' object has no attribute 'intraday_daily_minute_charts'
2025-05-08 05:05:04,439 - ERROR - Could not get current market price for SBILIFE.NS
2025-05-08 05:05:04,439 - WARNING - Could not get current market price for SBILIFE.NS
2025-05-08 05:05:04,440 - INFO - Checking position: BUY NESTLEIND.NS (Sector: FMCG)
2025-05-08 05:05:04,440 - INFO - SECURITY ID LOOKUP: Searching for NESTLEIND.NS
2025-05-08 05:05:04,440 - INFO - Trying exact match for 'NESTLEIND.NS'
2025-05-08 05:05:04,441 - INFO - FOUND EXACT MATCH: ID 17963 for NESTLEIND.NS
2025-05-08 05:05:04,441 - INFO - Getting current market price for NESTLEIND.NS
2025-05-08 05:05:04,441 - INFO - Failed to get quote using symbol: 'dhanhq' object has no attribute 'get_quote'
2025-05-08 05:05:04,442 - INFO - Failed to get LTP using security_id: 'dhanhq' object has no attribute 'get_ltp'
2025-05-08 05:05:04,442 - INFO - Failed to get price from candles: 'dhanhq' object has no attribute 'intraday_daily_minute_charts'
2025-05-08 05:05:04,443 - ERROR - Could not get current market price for NESTLEIND.NS
2025-05-08 05:05:04,443 - WARNING - Could not get current market price for NESTLEIND.NS
2025-05-08 05:05:04,443 - INFO - Checking position: BUY ONGC.NS (Sector: Energy)
2025-05-08 05:05:04,444 - INFO - SECURITY ID LOOKUP: Searching for ONGC.NS
2025-05-08 05:05:04,444 - INFO - Trying exact match for 'ONGC.NS'
2025-05-08 05:05:04,444 - INFO - FOUND EXACT MATCH: ID 2475 for ONGC.NS
2025-05-08 05:05:04,445 - INFO - Getting current market price for ONGC.NS
2025-05-08 05:05:04,445 - INFO - Failed to get quote using symbol: 'dhanhq' object has no attribute 'get_quote'
2025-05-08 05:05:04,445 - INFO - Failed to get LTP using security_id: 'dhanhq' object has no attribute 'get_ltp'
2025-05-08 05:05:04,446 - INFO - Failed to get price from candles: 'dhanhq' object has no attribute 'intraday_daily_minute_charts'
2025-05-08 05:05:04,447 - ERROR - Could not get current market price for ONGC.NS
2025-05-08 05:05:04,448 - WARNING - Could not get current market price for ONGC.NS
2025-05-08 05:05:04,448 - INFO - Checking position: SELL MARICO.NS (Sector: FMCG)
2025-05-08 05:05:04,449 - INFO - SECURITY ID LOOKUP: Searching for MARICO.NS
2025-05-08 05:05:04,450 - INFO - Trying exact match for 'MARICO.NS'
2025-05-08 05:05:04,450 - INFO - FOUND EXACT MATCH: ID 4067 for MARICO.NS
2025-05-08 05:05:04,451 - INFO - Getting current market price for MARICO.NS
2025-05-08 05:05:04,451 - INFO - Failed to get quote using symbol: 'dhanhq' object has no attribute 'get_quote'
2025-05-08 05:05:04,452 - INFO - Failed to get LTP using security_id: 'dhanhq' object has no attribute 'get_ltp'
2025-05-08 05:05:04,453 - INFO - Failed to get price from candles: 'dhanhq' object has no attribute 'intraday_daily_minute_charts'
2025-05-08 05:05:04,453 - ERROR - Could not get current market price for MARICO.NS
2025-05-08 05:05:04,454 - WARNING - Could not get current market price for MARICO.NS
2025-05-08 05:05:04,454 - INFO - Checking position: SELL LALPATHLAB.NS (Sector: Pharma)
2025-05-08 05:05:04,455 - INFO - SECURITY ID LOOKUP: Searching for LALPATHLAB.NS
2025-05-08 05:05:04,455 - INFO - Trying exact match for 'LALPATHLAB.NS'
2025-05-08 05:05:04,455 - INFO - FOUND EXACT MATCH: ID 11654 for LALPATHLAB.NS
2025-05-08 05:05:04,456 - INFO - Getting current market price for LALPATHLAB.NS
2025-05-08 05:05:04,456 - INFO - Failed to get quote using symbol: 'dhanhq' object has no attribute 'get_quote'
2025-05-08 05:05:04,456 - INFO - Failed to get LTP using security_id: 'dhanhq' object has no attribute 'get_ltp'
2025-05-08 05:05:04,457 - INFO - Failed to get price from candles: 'dhanhq' object has no attribute 'intraday_daily_minute_charts'
2025-05-08 05:05:04,457 - ERROR - Could not get current market price for LALPATHLAB.NS
2025-05-08 05:05:04,457 - WARNING - Could not get current market price for LALPATHLAB.NS
2025-05-08 05:05:04,458 - INFO - Checking position: SELL BIOCON.NS (Sector: Pharma)
2025-05-08 05:05:04,458 - INFO - SECURITY ID LOOKUP: Searching for BIOCON.NS
2025-05-08 05:05:04,458 - INFO - Trying exact match for 'BIOCON.NS'
2025-05-08 05:05:04,459 - INFO - FOUND EXACT MATCH: ID 11373 for BIOCON.NS
2025-05-08 05:05:04,459 - INFO - Getting current market price for BIOCON.NS
2025-05-08 05:05:04,459 - INFO - Failed to get quote using symbol: 'dhanhq' object has no attribute 'get_quote'
2025-05-08 05:05:04,460 - INFO - Failed to get LTP using security_id: 'dhanhq' object has no attribute 'get_ltp'
2025-05-08 05:05:04,460 - INFO - Failed to get price from candles: 'dhanhq' object has no attribute 'intraday_daily_minute_charts'
2025-05-08 05:05:04,460 - ERROR - Could not get current market price for BIOCON.NS
2025-05-08 05:05:04,461 - WARNING - Could not get current market price for BIOCON.NS
2025-05-08 05:05:04,461 - INFO - Checking position: BUY HATHWAY.NS (Sector: Media)
2025-05-08 05:05:04,461 - INFO - SECURITY ID LOOKUP: Searching for HATHWAY.NS
2025-05-08 05:05:04,462 - INFO - Trying exact match for 'HATHWAY.NS'
2025-05-08 05:05:04,462 - INFO - FOUND EXACT MATCH: ID 18154 for HATHWAY.NS
2025-05-08 05:05:04,462 - INFO - Getting current market price for HATHWAY.NS
2025-05-08 05:05:04,463 - INFO - Failed to get quote using symbol: 'dhanhq' object has no attribute 'get_quote'
2025-05-08 05:05:04,464 - INFO - Failed to get LTP using security_id: 'dhanhq' object has no attribute 'get_ltp'
2025-05-08 05:05:04,465 - INFO - Failed to get price from candles: 'dhanhq' object has no attribute 'intraday_daily_minute_charts'
2025-05-08 05:05:04,465 - ERROR - Could not get current market price for HATHWAY.NS
2025-05-08 05:05:04,466 - WARNING - Could not get current market price for HATHWAY.NS
2025-05-08 05:05:04,467 - INFO - Checking position: BUY SUNTV.NS (Sector: Media)
2025-05-08 05:05:04,467 - INFO - SECURITY ID LOOKUP: Searching for SUNTV.NS
2025-05-08 05:05:04,467 - INFO - Trying exact match for 'SUNTV.NS'
2025-05-08 05:05:04,468 - INFO - FOUND EXACT MATCH: ID 13404 for SUNTV.NS
2025-05-08 05:05:04,469 - INFO - Getting current market price for SUNTV.NS
2025-05-08 05:05:04,470 - INFO - Failed to get quote using symbol: 'dhanhq' object has no attribute 'get_quote'
2025-05-08 05:05:04,470 - INFO - Failed to get LTP using security_id: 'dhanhq' object has no attribute 'get_ltp'
2025-05-08 05:05:04,470 - INFO - Failed to get price from candles: 'dhanhq' object has no attribute 'intraday_daily_minute_charts'
2025-05-08 05:05:04,471 - ERROR - Could not get current market price for SUNTV.NS
2025-05-08 05:05:04,471 - WARNING - Could not get current market price for SUNTV.NS
2025-05-08 05:05:04,471 - INFO - Checking position: BUY PRESTIGE.NS (Sector: Realty)
2025-05-08 05:05:04,472 - INFO - SECURITY ID LOOKUP: Searching for PRESTIGE.NS
2025-05-08 05:05:04,472 - INFO - Trying exact match for 'PRESTIGE.NS'
2025-05-08 05:05:04,472 - INFO - FOUND EXACT MATCH: ID 20302 for PRESTIGE.NS
2025-05-08 05:05:04,473 - INFO - Getting current market price for PRESTIGE.NS
2025-05-08 05:05:04,473 - INFO - Failed to get quote using symbol: 'dhanhq' object has no attribute 'get_quote'
2025-05-08 05:05:04,473 - INFO - Failed to get LTP using security_id: 'dhanhq' object has no attribute 'get_ltp'
2025-05-08 05:05:04,474 - INFO - Failed to get price from candles: 'dhanhq' object has no attribute 'intraday_daily_minute_charts'
2025-05-08 05:05:04,474 - ERROR - Could not get current market price for PRESTIGE.NS
2025-05-08 05:05:04,475 - WARNING - Could not get current market price for PRESTIGE.NS
2025-05-08 05:05:04,475 - INFO - No positions needed to be exited
2025-05-08 05:05:04,475 - INFO - 
==================================================
POSITION PROCESSING COMPLETE
==================================================
2025-05-08 05:05:04,476 - INFO - First run of the day - looking for sector-based trading opportunities...
2025-05-08 05:05:04,476 - INFO - 
==================================================
FINDING NEW TRADING OPPORTUNITIES
==================================================
2025-05-08 05:05:04,477 - INFO - Found 33 active tickers out of 33 total
2025-05-08 05:05:04,478 - INFO - Processed sector data for 10 sectors
2025-05-08 05:05:04,480 - INFO - Processing tickers in order: ['BALKRISIND.NS', 'M&M.NS', 'MARUTI.NS', 'MOTHERSON.NS', 'MRF.NS', 'MARICO.NS', 'CHOLAFIN.NS', 'MUTHOOTFIN.NS', 'PEL.NS', 'LALPATHLAB.NS', 'NAZARA.NS', 'TATASTEEL.NS', 'MGL.NS', 'BIOCON.NS', 'VBL.NS', 'ADANIENSOL.NS', 'ADANIGREEN.NS', 'TATAPOWER.NS', 'RECLTD.NS', 'LTTS.NS', 'MPHASIS.NS', 'HATHWAY.NS', 'SUNTV.NS', 'PETRONET.NS', 'AUROPHARMA.NS', 'BANKBARODA.NS', 'BANKINDIA.NS', 'CANBK.NS', 'PNB.NS', 'UNIONBANK.NS', 'BANDHANBNK.NS', 'PRESTIGE.NS', 'HUDCO.NS']
2025-05-08 05:05:04,481 - INFO - Already have open positions for: ['EXIDEIND.NS', 'HEROMOTOCO.NS', 'BAJAJFINSV.NS', 'PFC.NS', 'RECLTD.NS', 'GODREJPROP.NS', 'COLPAL.NS', 'SBILIFE.NS', 'NESTLEIND.NS', 'ONGC.NS', 'MARICO.NS', 'LALPATHLAB.NS', 'BIOCON.NS', 'HATHWAY.NS', 'SUNTV.NS', 'PRESTIGE.NS']
2025-05-08 05:05:04,482 - INFO - Current sector rankings:
2025-05-08 05:05:04,483 - INFO -   Rank 1: Auto - POSITIVE (1.66%) - TOP
2025-05-08 05:05:04,483 - INFO -   Rank 2: Realty - POSITIVE (1.12%) - TOP
2025-05-08 05:05:04,484 - INFO -   Rank 3: Media - POSITIVE (1.06%) - TOP
2025-05-08 05:05:04,484 - INFO -   Rank 4: Metal - POSITIVE (0.98%) - MIDDLE
2025-05-08 05:05:04,485 - INFO -   Rank 5: Energy - POSITIVE (0.82%) - MIDDLE
2025-05-08 05:05:04,486 - INFO -   Rank 6: Financial Services - POSITIVE (0.76%) - MIDDLE
2025-05-08 05:05:04,487 - INFO -   Rank 7: PSU Bank - POSITIVE (0.29%) - MIDDLE
2025-05-08 05:05:04,487 - INFO -   Rank 8: IT - POSITIVE (0.14%) - BOTTOM
2025-05-08 05:05:04,487 - INFO -   Rank 9: Pharma - NEGATIVE (-0.33%) - BOTTOM
2025-05-08 05:05:04,488 - INFO -   Rank 10: FMCG - NEGATIVE (-0.52%) - BOTTOM
2025-05-08 05:05:04,488 - INFO - Processing ticker 1: BALKRISIND.NS
2025-05-08 05:05:04,488 - INFO - Found sector Auto for BALKRISIND.NS
2025-05-08 05:05:04,489 - INFO - Evaluating BALKRISIND.NS in sector Auto - Rank 1 (TOP)
2025-05-08 05:05:04,489 - INFO -   Performance: +1.66%
2025-05-08 05:05:04,489 - INFO - Not trading BALKRISIND.NS - sector ranking doesn't match strategy
2025-05-08 05:05:04,489 - INFO -   Transaction type: SELL
2025-05-08 05:05:04,490 - INFO -   Sector category: TOP
2025-05-08 05:05:04,490 - INFO -   Sector is_positive: True
2025-05-08 05:05:04,490 - INFO - Processing ticker 2: M&M.NS
2025-05-08 05:05:04,491 - INFO - Found sector Auto for M&M.NS
2025-05-08 05:05:04,491 - INFO - Evaluating M&M.NS in sector Auto - Rank 1 (TOP)
2025-05-08 05:05:04,492 - INFO -   Performance: +1.66%
2025-05-08 05:05:04,492 - INFO - Not trading M&M.NS - sector ranking doesn't match strategy
2025-05-08 05:05:04,492 - INFO -   Transaction type: SELL
2025-05-08 05:05:04,493 - INFO -   Sector category: TOP
2025-05-08 05:05:04,493 - INFO -   Sector is_positive: True
2025-05-08 05:05:04,493 - INFO - Processing ticker 3: MARUTI.NS
2025-05-08 05:05:04,494 - INFO - Found sector Auto for MARUTI.NS
2025-05-08 05:05:04,494 - INFO - Evaluating MARUTI.NS in sector Auto - Rank 1 (TOP)
2025-05-08 05:05:04,494 - INFO -   Performance: +1.66%
2025-05-08 05:05:04,494 - INFO - Not trading MARUTI.NS - sector ranking doesn't match strategy
2025-05-08 05:05:04,495 - INFO -   Transaction type: SELL
2025-05-08 05:05:04,495 - INFO -   Sector category: TOP
2025-05-08 05:05:04,495 - INFO -   Sector is_positive: True
2025-05-08 05:05:04,497 - INFO - Processing ticker 4: MOTHERSON.NS
2025-05-08 05:05:04,498 - INFO - Found sector Auto for MOTHERSON.NS
2025-05-08 05:05:04,498 - INFO - Evaluating MOTHERSON.NS in sector Auto - Rank 1 (TOP)
2025-05-08 05:05:04,499 - INFO -   Performance: +1.66%
2025-05-08 05:05:04,499 - INFO - Not trading MOTHERSON.NS - sector ranking doesn't match strategy
2025-05-08 05:05:04,500 - INFO -   Transaction type: SELL
2025-05-08 05:05:04,500 - INFO -   Sector category: TOP
2025-05-08 05:05:04,501 - INFO -   Sector is_positive: True
2025-05-08 05:05:04,502 - INFO - Processing ticker 5: MRF.NS
2025-05-08 05:05:04,503 - INFO - Found sector Auto for MRF.NS
2025-05-08 05:05:04,503 - INFO - Evaluating MRF.NS in sector Auto - Rank 1 (TOP)
2025-05-08 05:05:04,503 - INFO -   Performance: +1.66%
2025-05-08 05:05:04,504 - INFO - Not trading MRF.NS - sector ranking doesn't match strategy
2025-05-08 05:05:04,504 - INFO -   Transaction type: SELL
2025-05-08 05:05:04,504 - INFO -   Sector category: TOP
2025-05-08 05:05:04,505 - INFO -   Sector is_positive: True
2025-05-08 05:05:04,505 - INFO - Processing ticker 6: MARICO.NS
2025-05-08 05:05:04,505 - INFO - Skipping MARICO.NS - already have an open position
2025-05-08 05:05:04,506 - INFO - Processing ticker 7: CHOLAFIN.NS
2025-05-08 05:05:04,506 - INFO - Found sector Financial Services for CHOLAFIN.NS
2025-05-08 05:05:04,506 - INFO - Evaluating CHOLAFIN.NS in sector Financial Services - Rank 6 (MIDDLE)
2025-05-08 05:05:04,507 - INFO -   Performance: +0.76%
2025-05-08 05:05:04,507 - INFO - Not trading CHOLAFIN.NS - sector ranking doesn't match strategy
2025-05-08 05:05:04,507 - INFO -   Transaction type: SELL
2025-05-08 05:05:04,508 - INFO -   Sector category: MIDDLE
2025-05-08 05:05:04,508 - INFO -   Sector is_positive: True
2025-05-08 05:05:04,508 - INFO - Processing ticker 8: MUTHOOTFIN.NS
2025-05-08 05:05:04,509 - INFO - Found sector Financial Services for MUTHOOTFIN.NS
2025-05-08 05:05:04,509 - INFO - Evaluating MUTHOOTFIN.NS in sector Financial Services - Rank 6 (MIDDLE)
2025-05-08 05:05:04,509 - INFO -   Performance: +0.76%
2025-05-08 05:05:04,510 - INFO - Not trading MUTHOOTFIN.NS - sector ranking doesn't match strategy
2025-05-08 05:05:04,510 - INFO -   Transaction type: SELL
2025-05-08 05:05:04,510 - INFO -   Sector category: MIDDLE
2025-05-08 05:05:04,510 - INFO -   Sector is_positive: True
2025-05-08 05:05:04,511 - INFO - Processing ticker 9: PEL.NS
2025-05-08 05:05:04,511 - INFO - Found sector Financial Services for PEL.NS
2025-05-08 05:05:04,511 - INFO - Evaluating PEL.NS in sector Financial Services - Rank 6 (MIDDLE)
2025-05-08 05:05:04,512 - INFO -   Performance: +0.76%
2025-05-08 05:05:04,513 - INFO - Not trading PEL.NS - sector ranking doesn't match strategy
2025-05-08 05:05:04,513 - INFO -   Transaction type: SELL
2025-05-08 05:05:04,514 - INFO -   Sector category: MIDDLE
2025-05-08 05:05:04,515 - INFO -   Sector is_positive: True
2025-05-08 05:05:04,515 - INFO - Processing ticker 10: LALPATHLAB.NS
2025-05-08 05:05:04,516 - INFO - Skipping LALPATHLAB.NS - already have an open position
2025-05-08 05:05:04,516 - INFO - Processing ticker 11: NAZARA.NS
2025-05-08 05:05:04,518 - INFO - Found sector Media for NAZARA.NS
2025-05-08 05:05:04,519 - INFO - Evaluating NAZARA.NS in sector Media - Rank 3 (TOP)
2025-05-08 05:05:04,519 - INFO -   Performance: +1.06%
2025-05-08 05:05:04,520 - INFO - Not trading NAZARA.NS - sector ranking doesn't match strategy
2025-05-08 05:05:04,520 - INFO -   Transaction type: SELL
2025-05-08 05:05:04,520 - INFO -   Sector category: TOP
2025-05-08 05:05:04,520 - INFO -   Sector is_positive: True
2025-05-08 05:05:04,521 - INFO - Processing ticker 12: TATASTEEL.NS
2025-05-08 05:05:04,521 - INFO - Found sector Metal for TATASTEEL.NS
2025-05-08 05:05:04,521 - INFO - Evaluating TATASTEEL.NS in sector Metal - Rank 4 (MIDDLE)
2025-05-08 05:05:04,522 - INFO -   Performance: +0.98%
2025-05-08 05:05:04,522 - INFO - Not trading TATASTEEL.NS - sector ranking doesn't match strategy
2025-05-08 05:05:04,522 - INFO -   Transaction type: SELL
2025-05-08 05:05:04,523 - INFO -   Sector category: MIDDLE
2025-05-08 05:05:04,523 - INFO -   Sector is_positive: True
2025-05-08 05:05:04,523 - INFO - Processing ticker 13: MGL.NS
2025-05-08 05:05:04,524 - WARNING - Could not find sector for MGL.NS in sector mapping
2025-05-08 05:05:04,524 - INFO - Processing ticker 14: BIOCON.NS
2025-05-08 05:05:04,525 - INFO - Skipping BIOCON.NS - already have an open position
2025-05-08 05:05:04,525 - INFO - Processing ticker 15: VBL.NS
2025-05-08 05:05:04,526 - WARNING - Could not find sector for VBL.NS in sector mapping
2025-05-08 05:05:04,526 - INFO - Processing ticker 16: ADANIENSOL.NS
2025-05-08 05:05:04,526 - WARNING - Could not find sector for ADANIENSOL.NS in sector mapping
2025-05-08 05:05:04,527 - INFO - Processing ticker 17: ADANIGREEN.NS
2025-05-08 05:05:04,527 - INFO - Found sector Energy for ADANIGREEN.NS
2025-05-08 05:05:04,527 - INFO - Evaluating ADANIGREEN.NS in sector Energy - Rank 5 (MIDDLE)
2025-05-08 05:05:04,527 - INFO -   Performance: +0.82%
2025-05-08 05:05:04,528 - INFO - Not trading ADANIGREEN.NS - sector ranking doesn't match strategy
2025-05-08 05:05:04,528 - INFO -   Transaction type: BUY
2025-05-08 05:05:04,528 - INFO -   Sector category: MIDDLE
2025-05-08 05:05:04,530 - INFO -   Sector is_positive: True
2025-05-08 05:05:04,530 - INFO - Processing ticker 18: TATAPOWER.NS
2025-05-08 05:05:04,531 - INFO - Found sector Energy for TATAPOWER.NS
2025-05-08 05:05:04,531 - INFO - Evaluating TATAPOWER.NS in sector Energy - Rank 5 (MIDDLE)
2025-05-08 05:05:04,532 - INFO -   Performance: +0.82%
2025-05-08 05:05:04,533 - INFO - Not trading TATAPOWER.NS - sector ranking doesn't match strategy
2025-05-08 05:05:04,533 - INFO -   Transaction type: BUY
2025-05-08 05:05:04,535 - INFO -   Sector category: MIDDLE
2025-05-08 05:05:04,535 - INFO -   Sector is_positive: True
2025-05-08 05:05:04,536 - INFO - Processing ticker 19: RECLTD.NS
2025-05-08 05:05:04,536 - INFO - Skipping RECLTD.NS - already have an open position
2025-05-08 05:05:04,536 - INFO - Processing ticker 20: LTTS.NS
2025-05-08 05:05:04,537 - INFO - Found sector IT for LTTS.NS
2025-05-08 05:05:04,537 - INFO - Evaluating LTTS.NS in sector IT - Rank 8 (BOTTOM)
2025-05-08 05:05:04,537 - INFO -   Performance: +0.14%
2025-05-08 05:05:04,538 - INFO - Not trading LTTS.NS - sector ranking doesn't match strategy
2025-05-08 05:05:04,538 - INFO -   Transaction type: BUY
2025-05-08 05:05:04,538 - INFO -   Sector category: BOTTOM
2025-05-08 05:05:04,539 - INFO -   Sector is_positive: True
2025-05-08 05:05:04,539 - INFO - Processing ticker 21: MPHASIS.NS
2025-05-08 05:05:04,539 - INFO - Found sector IT for MPHASIS.NS
2025-05-08 05:05:04,540 - INFO - Evaluating MPHASIS.NS in sector IT - Rank 8 (BOTTOM)
2025-05-08 05:05:04,540 - INFO -   Performance: +0.14%
2025-05-08 05:05:04,540 - INFO - Not trading MPHASIS.NS - sector ranking doesn't match strategy
2025-05-08 05:05:04,541 - INFO -   Transaction type: BUY
2025-05-08 05:05:04,541 - INFO -   Sector category: BOTTOM
2025-05-08 05:05:04,541 - INFO -   Sector is_positive: True
2025-05-08 05:05:04,542 - INFO - Processing ticker 22: HATHWAY.NS
2025-05-08 05:05:04,542 - INFO - Skipping HATHWAY.NS - already have an open position
2025-05-08 05:05:04,542 - INFO - Processing ticker 23: SUNTV.NS
2025-05-08 05:05:04,542 - INFO - Skipping SUNTV.NS - already have an open position
2025-05-08 05:05:04,543 - INFO - Processing ticker 24: PETRONET.NS
2025-05-08 05:05:04,543 - INFO - Found sector Oil & Gas for PETRONET.NS
2025-05-08 05:05:04,543 - WARNING - No data for sector Oil & Gas
2025-05-08 05:05:04,544 - INFO - Processing ticker 25: AUROPHARMA.NS
2025-05-08 05:05:04,544 - INFO - Found sector Pharma for AUROPHARMA.NS
2025-05-08 05:05:04,544 - INFO - Evaluating AUROPHARMA.NS in sector Pharma - Rank 9 (BOTTOM)
2025-05-08 05:05:04,545 - INFO -   Performance: -0.33%
2025-05-08 05:05:04,545 - INFO - Not trading AUROPHARMA.NS - sector ranking doesn't match strategy
2025-05-08 05:05:04,546 - INFO -   Transaction type: BUY
2025-05-08 05:05:04,547 - INFO -   Sector category: BOTTOM
2025-05-08 05:05:04,547 - INFO -   Sector is_positive: False
2025-05-08 05:05:04,548 - INFO - Processing ticker 26: BANKBARODA.NS
2025-05-08 05:05:04,549 - WARNING - Could not find sector for BANKBARODA.NS in sector mapping
2025-05-08 05:05:04,549 - INFO - Processing ticker 27: BANKINDIA.NS
2025-05-08 05:05:04,551 - INFO - Found sector PSU Bank for BANKINDIA.NS
2025-05-08 05:05:04,552 - INFO - Evaluating BANKINDIA.NS in sector PSU Bank - Rank 7 (MIDDLE)
2025-05-08 05:05:04,552 - INFO -   Performance: +0.29%
2025-05-08 05:05:04,553 - INFO - Not trading BANKINDIA.NS - sector ranking doesn't match strategy
2025-05-08 05:05:04,553 - INFO -   Transaction type: BUY
2025-05-08 05:05:04,553 - INFO -   Sector category: MIDDLE
2025-05-08 05:05:04,554 - INFO -   Sector is_positive: True
2025-05-08 05:05:04,554 - INFO - Processing ticker 28: CANBK.NS
2025-05-08 05:05:04,554 - INFO - Found sector Bank for CANBK.NS
2025-05-08 05:05:04,554 - WARNING - No data for sector Bank
2025-05-08 05:05:04,555 - INFO - Processing ticker 29: PNB.NS
2025-05-08 05:05:04,555 - INFO - Found sector PSU Bank for PNB.NS
2025-05-08 05:05:04,556 - INFO - Evaluating PNB.NS in sector PSU Bank - Rank 7 (MIDDLE)
2025-05-08 05:05:04,556 - INFO -   Performance: +0.29%
2025-05-08 05:05:04,557 - INFO - Not trading PNB.NS - sector ranking doesn't match strategy
2025-05-08 05:05:04,557 - INFO -   Transaction type: BUY
2025-05-08 05:05:04,557 - INFO -   Sector category: MIDDLE
2025-05-08 05:05:04,558 - INFO -   Sector is_positive: True
2025-05-08 05:05:04,558 - INFO - Processing ticker 30: UNIONBANK.NS
2025-05-08 05:05:04,558 - INFO - Found sector PSU Bank for UNIONBANK.NS
2025-05-08 05:05:04,559 - INFO - Evaluating UNIONBANK.NS in sector PSU Bank - Rank 7 (MIDDLE)
2025-05-08 05:05:04,559 - INFO -   Performance: +0.29%
2025-05-08 05:05:04,559 - INFO - Not trading UNIONBANK.NS - sector ranking doesn't match strategy
2025-05-08 05:05:04,560 - INFO -   Transaction type: BUY
2025-05-08 05:05:04,560 - INFO -   Sector category: MIDDLE
2025-05-08 05:05:04,560 - INFO -   Sector is_positive: True
2025-05-08 05:05:04,561 - INFO - Processing ticker 31: BANDHANBNK.NS
2025-05-08 05:05:04,561 - INFO - Found sector PVT Bank for BANDHANBNK.NS
2025-05-08 05:05:04,562 - WARNING - No data for sector PVT Bank
2025-05-08 05:05:04,563 - INFO - Processing ticker 32: PRESTIGE.NS
2025-05-08 05:05:04,564 - INFO - Skipping PRESTIGE.NS - already have an open position
2025-05-08 05:05:04,564 - INFO - Processing ticker 33: HUDCO.NS
2025-05-08 05:05:04,565 - WARNING - Could not find sector for HUDCO.NS in sector mapping
2025-05-08 05:05:04,566 - INFO - Ticker processing summary:
2025-05-08 05:05:04,567 - INFO -   Total tickers considered: 33
2025-05-08 05:05:04,568 - INFO -   Tickers with sector data: 21
2025-05-08 05:05:04,568 - INFO -   Tickers matching sector ranking strategy: 0
2025-05-08 05:05:04,569 - INFO -   Tickers with security ID: 0
2025-05-08 05:05:04,569 - INFO -   Orders successfully placed: 0
2025-05-08 05:05:04,570 - INFO - New positions added: 0
2025-05-08 05:05:04,570 - INFO - Positions skipped: 33
2025-05-08 05:05:04,570 - INFO - Positions with errors: 0
2025-05-08 05:05:04,571 - INFO - 
==================================================
NEW OPPORTUNITIES PROCESSING COMPLETE
==================================================
2025-05-08 05:05:04,571 - INFO - Initial trades have been executed - no more new trades will be placed today
2025-05-08 05:05:04,572 - INFO - 
==================================================
SECTOR PROCESSING COMPLETE
==================================================
2025-05-08 05:05:04,574 - INFO - Saved 16 positions to dhan_positions.json
2025-05-08 05:05:04,575 - INFO - 
==================================================
POSITIONS SUMMARY
==================================================
2025-05-08 05:05:04,576 - INFO - Current positions summary:
2025-05-08 05:05:04,576 - INFO -   Open BUY positions: 11
2025-05-08 05:05:04,576 - INFO -   Open SELL positions: 5
2025-05-08 05:05:04,577 - INFO -   Closed positions: 0
2025-05-08 05:05:04,577 - INFO -   Total positions: 16
2025-05-08 05:05:04,577 - INFO - Open positions:
2025-05-08 05:05:04,578 - INFO -   BUY EXIDEIND.NS (Sector: Auto, Entry: 2025-05-05 05:08:27, Order ID: 412505057762, SL%: 1.0%, Target%: 1.0%)
2025-05-08 05:05:04,578 - INFO -   BUY HEROMOTOCO.NS (Sector: Auto, Entry: 2025-05-05 05:08:39, Order ID: 912505057802, SL%: 1.0%, Target%: 1.0%)
2025-05-08 05:05:04,579 - INFO -   BUY BAJAJFINSV.NS (Sector: Financial Services, Entry: 2025-05-05 05:08:51, Order ID: 912505057892, SL%: 1.0%, Target%: 1.0%)
2025-05-08 05:05:04,580 - INFO -   BUY PFC.NS (Sector: Financial Services, Entry: 2025-05-05 05:09:04, Order ID: 912505057962, SL%: 1.0%, Target%: 1.0%)
2025-05-08 05:05:04,580 - INFO -   BUY RECLTD.NS (Sector: Financial Services, Entry: 2025-05-05 05:09:16, Order ID: 912505058012, SL%: 1.0%, Target%: 1.0%)
2025-05-08 05:05:04,581 - INFO -   SELL GODREJPROP.NS (Sector: Realty, Entry: 2025-05-05 05:09:29, Order ID: 312505057842, SL%: 1.0%, Target%: 1.0%)
2025-05-08 05:05:04,582 - INFO -   BUY COLPAL.NS (Sector: FMCG, Entry: 2025-05-05 05:34:29, Order ID: 6125050517042, SL%: 1.0%, Target%: 1.0%)
2025-05-08 05:05:04,583 - INFO -   SELL SBILIFE.NS (Sector: Financial Services, Entry: 2025-05-05 05:34:42, Order ID: 9125050513002, SL%: 1.0%, Target%: 1.0%)
2025-05-08 05:05:04,583 - INFO -   BUY NESTLEIND.NS (Sector: FMCG, Entry: 2025-05-06 05:01:40, Order ID: 212505067072, SL%: 1.0%, Target%: 1.0%)
2025-05-08 05:05:04,585 - INFO -   BUY ONGC.NS (Sector: Energy, Entry: 2025-05-06 05:01:52, Order ID: 512505067422, SL%: 1.0%, Target%: 1.0%)
2025-05-08 05:05:04,585 - INFO -   SELL MARICO.NS (Sector: FMCG, Entry: 2025-05-08 05:01:51, Order ID: 512505087152, SL%: 1.0%, Target%: 1.0%)
2025-05-08 05:05:04,586 - INFO -   SELL LALPATHLAB.NS (Sector: Pharma, Entry: 2025-05-08 05:02:03, Order ID: 412505086142, SL%: 1.0%, Target%: 1.0%)
2025-05-08 05:05:04,586 - INFO -   SELL BIOCON.NS (Sector: Pharma, Entry: 2025-05-08 05:02:15, Order ID: 612505087882, SL%: 1.0%, Target%: 1.0%)
2025-05-08 05:05:04,586 - INFO -   BUY HATHWAY.NS (Sector: Media, Entry: 2025-05-08 05:02:28, Order ID: 512505087252, SL%: 1.0%, Target%: 1.0%)
2025-05-08 05:05:04,587 - INFO -   BUY SUNTV.NS (Sector: Media, Entry: 2025-05-08 05:02:40, Order ID: 912505086332, SL%: 1.0%, Target%: 1.0%)
2025-05-08 05:05:04,587 - INFO -   BUY PRESTIGE.NS (Sector: Realty, Entry: 2025-05-08 05:02:53, Order ID: 912505086372, SL%: 1.0%, Target%: 1.0%)
2025-05-08 05:05:04,588 - INFO - 
==================================================
POSITIONS SUMMARY COMPLETE
==================================================
2025-05-08 05:05:04,589 - INFO - Trading cycle 5 completed
2025-05-08 05:05:04,589 - INFO - Waiting 30 seconds until next check at 05:05:34...
2025-05-08 05:05:04,589 - INFO - 
==================================================
CYCLE 5 COMPLETE
==================================================
2025-05-08 05:05:34,601 - INFO - 
==================================================
TRADING CYCLE 6
==================================================
2025-05-08 05:05:34,602 - INFO - Trading cycle 6 started at 2025-05-08 05:05:34
2025-05-08 05:05:34,602 - INFO - New trading day - resetting flags for fresh sector data check
2025-05-08 05:05:34,603 - INFO - Found fresh sector.csv file modified today
2025-05-08 05:05:34,603 - INFO - 
==================================================
READING SECTOR PERFORMANCE DATA
==================================================
2025-05-08 05:05:34,603 - INFO - Reading sector performance data from sector.csv
2025-05-08 05:05:34,604 - INFO - File last modified: 2025-05-08 05:04:25
2025-05-08 05:05:34,607 - INFO - Adding sector rankings to data
2025-05-08 05:05:34,610 - INFO - Sector rankings:
2025-05-08 05:05:34,611 - INFO - Rank 1: Auto (+1.66%) - TOP
2025-05-08 05:05:34,612 - INFO - Rank 2: Realty (+1.12%) - TOP
2025-05-08 05:05:34,613 - INFO - Rank 3: Media (+1.06%) - TOP
2025-05-08 05:05:34,614 - INFO - Rank 4: Metal (+0.98%) - MIDDLE
2025-05-08 05:05:34,614 - INFO - Rank 5: Energy (+0.82%) - MIDDLE
2025-05-08 05:05:34,615 - INFO - Rank 6: Financial Services (+0.76%) - MIDDLE
2025-05-08 05:05:34,616 - INFO - Rank 7: PSU Bank (+0.29%) - MIDDLE
2025-05-08 05:05:34,617 - INFO - Rank 8: IT (+0.14%) - BOTTOM
2025-05-08 05:05:34,618 - INFO - Rank 9: Pharma (-0.33%) - BOTTOM
2025-05-08 05:05:34,618 - INFO - Rank 10: FMCG (-0.52%) - BOTTOM
2025-05-08 05:05:34,619 - INFO - Latest timestamp in data: 2025-05-08 05:04:25
2025-05-08 05:05:34,619 - INFO - Loaded data for 10 sectors
2025-05-08 05:05:34,620 - INFO - Sector performance details:
2025-05-08 05:05:34,621 - INFO -   Rank 1: Auto - POSITIVE (1.66%) - TOP
2025-05-08 05:05:34,621 - INFO -   Rank 2: Realty - POSITIVE (1.12%) - TOP
2025-05-08 05:05:34,622 - INFO -   Rank 3: Media - POSITIVE (1.06%) - TOP
2025-05-08 05:05:34,623 - INFO -   Rank 4: Metal - POSITIVE (0.98%) - MIDDLE
2025-05-08 05:05:34,624 - INFO -   Rank 5: Energy - POSITIVE (0.82%) - MIDDLE
2025-05-08 05:05:34,625 - INFO -   Rank 6: Financial Services - POSITIVE (0.76%) - MIDDLE
2025-05-08 05:05:34,625 - INFO -   Rank 7: PSU Bank - POSITIVE (0.29%) - MIDDLE
2025-05-08 05:05:34,628 - INFO -   Rank 8: IT - POSITIVE (0.14%) - BOTTOM
2025-05-08 05:05:34,629 - INFO -   Rank 9: Pharma - NEGATIVE (-0.33%) - BOTTOM
2025-05-08 05:05:34,632 - INFO -   Rank 10: FMCG - NEGATIVE (-0.52%) - BOTTOM
2025-05-08 05:05:34,634 - INFO - 
==================================================
SECTOR DATA READ COMPLETE
==================================================
2025-05-08 05:05:34,636 - INFO - 
==================================================
PROCESSING SECTOR DATA
==================================================
2025-05-08 05:05:34,638 - INFO - Processing existing positions for potential exits...
2025-05-08 05:05:34,639 - INFO - 
==================================================
PROCESSING EXISTING POSITIONS
==================================================
2025-05-08 05:05:34,641 - INFO - Processing 16 existing positions
2025-05-08 05:05:34,642 - INFO - Checking position: BUY EXIDEIND.NS (Sector: Auto)
2025-05-08 05:05:34,645 - INFO - SECURITY ID LOOKUP: Searching for EXIDEIND.NS
2025-05-08 05:05:34,648 - INFO - Trying exact match for 'EXIDEIND.NS'
2025-05-08 05:05:34,649 - INFO - FOUND EXACT MATCH: ID 676 for EXIDEIND.NS
2025-05-08 05:05:34,651 - INFO - Getting current market price for EXIDEIND.NS
2025-05-08 05:05:34,652 - INFO - Failed to get quote using symbol: 'dhanhq' object has no attribute 'get_quote'
2025-05-08 05:05:34,652 - INFO - Failed to get LTP using security_id: 'dhanhq' object has no attribute 'get_ltp'
2025-05-08 05:05:34,653 - INFO - Failed to get price from candles: 'dhanhq' object has no attribute 'intraday_daily_minute_charts'
2025-05-08 05:05:34,654 - ERROR - Could not get current market price for EXIDEIND.NS
2025-05-08 05:05:34,654 - WARNING - Could not get current market price for EXIDEIND.NS
2025-05-08 05:05:34,655 - INFO - Checking position: BUY HEROMOTOCO.NS (Sector: Auto)
2025-05-08 05:05:34,655 - INFO - SECURITY ID LOOKUP: Searching for HEROMOTOCO.NS
2025-05-08 05:05:34,656 - INFO - Trying exact match for 'HEROMOTOCO.NS'
2025-05-08 05:05:34,656 - INFO - FOUND EXACT MATCH: ID 1348 for HEROMOTOCO.NS
2025-05-08 05:05:34,657 - INFO - Getting current market price for HEROMOTOCO.NS
2025-05-08 05:05:34,657 - INFO - Failed to get quote using symbol: 'dhanhq' object has no attribute 'get_quote'
2025-05-08 05:05:34,658 - INFO - Failed to get LTP using security_id: 'dhanhq' object has no attribute 'get_ltp'
2025-05-08 05:05:34,659 - INFO - Failed to get price from candles: 'dhanhq' object has no attribute 'intraday_daily_minute_charts'
2025-05-08 05:05:34,659 - ERROR - Could not get current market price for HEROMOTOCO.NS
2025-05-08 05:05:34,665 - WARNING - Could not get current market price for HEROMOTOCO.NS
2025-05-08 05:05:34,666 - INFO - Checking position: BUY BAJAJFINSV.NS (Sector: Financial Services)
2025-05-08 05:05:34,667 - INFO - SECURITY ID LOOKUP: Searching for BAJAJFINSV.NS
2025-05-08 05:05:34,668 - INFO - Trying exact match for 'BAJAJFINSV.NS'
2025-05-08 05:05:34,668 - INFO - FOUND EXACT MATCH: ID 16675 for BAJAJFINSV.NS
2025-05-08 05:05:34,669 - INFO - Getting current market price for BAJAJFINSV.NS
2025-05-08 05:05:34,669 - INFO - Failed to get quote using symbol: 'dhanhq' object has no attribute 'get_quote'
2025-05-08 05:05:34,670 - INFO - Failed to get LTP using security_id: 'dhanhq' object has no attribute 'get_ltp'
2025-05-08 05:05:34,670 - INFO - Failed to get price from candles: 'dhanhq' object has no attribute 'intraday_daily_minute_charts'
2025-05-08 05:05:34,671 - ERROR - Could not get current market price for BAJAJFINSV.NS
2025-05-08 05:05:34,671 - WARNING - Could not get current market price for BAJAJFINSV.NS
2025-05-08 05:05:34,671 - INFO - Checking position: BUY PFC.NS (Sector: Financial Services)
2025-05-08 05:05:34,672 - INFO - SECURITY ID LOOKUP: Searching for PFC.NS
2025-05-08 05:05:34,672 - INFO - Trying exact match for 'PFC.NS'
2025-05-08 05:05:34,672 - INFO - FOUND EXACT MATCH: ID 14299 for PFC.NS
2025-05-08 05:05:34,673 - INFO - Getting current market price for PFC.NS
2025-05-08 05:05:34,673 - INFO - Failed to get quote using symbol: 'dhanhq' object has no attribute 'get_quote'
2025-05-08 05:05:34,673 - INFO - Failed to get LTP using security_id: 'dhanhq' object has no attribute 'get_ltp'
2025-05-08 05:05:34,674 - INFO - Failed to get price from candles: 'dhanhq' object has no attribute 'intraday_daily_minute_charts'
2025-05-08 05:05:34,674 - ERROR - Could not get current market price for PFC.NS
2025-05-08 05:05:34,675 - WARNING - Could not get current market price for PFC.NS
2025-05-08 05:05:34,675 - INFO - Checking position: BUY RECLTD.NS (Sector: Financial Services)
2025-05-08 05:05:34,675 - INFO - SECURITY ID LOOKUP: Searching for RECLTD.NS
2025-05-08 05:05:34,678 - INFO - Trying exact match for 'RECLTD.NS'
2025-05-08 05:05:34,684 - INFO - FOUND EXACT MATCH: ID 15355 for RECLTD.NS
2025-05-08 05:05:34,684 - INFO - Getting current market price for RECLTD.NS
2025-05-08 05:05:34,685 - INFO - Failed to get quote using symbol: 'dhanhq' object has no attribute 'get_quote'
2025-05-08 05:05:34,686 - INFO - Failed to get LTP using security_id: 'dhanhq' object has no attribute 'get_ltp'
2025-05-08 05:05:34,687 - INFO - Failed to get price from candles: 'dhanhq' object has no attribute 'intraday_daily_minute_charts'
2025-05-08 05:05:34,688 - ERROR - Could not get current market price for RECLTD.NS
2025-05-08 05:05:34,688 - WARNING - Could not get current market price for RECLTD.NS
2025-05-08 05:05:34,688 - INFO - Checking position: SELL GODREJPROP.NS (Sector: Realty)
2025-05-08 05:05:34,689 - INFO - SECURITY ID LOOKUP: Searching for GODREJPROP.NS
2025-05-08 05:05:34,689 - INFO - Trying exact match for 'GODREJPROP.NS'
2025-05-08 05:05:34,690 - INFO - FOUND EXACT MATCH: ID 17875 for GODREJPROP.NS
2025-05-08 05:05:34,690 - INFO - Getting current market price for GODREJPROP.NS
2025-05-08 05:05:34,690 - INFO - Failed to get quote using symbol: 'dhanhq' object has no attribute 'get_quote'
2025-05-08 05:05:34,691 - INFO - Failed to get LTP using security_id: 'dhanhq' object has no attribute 'get_ltp'
2025-05-08 05:05:34,691 - INFO - Failed to get price from candles: 'dhanhq' object has no attribute 'intraday_daily_minute_charts'
2025-05-08 05:05:34,691 - ERROR - Could not get current market price for GODREJPROP.NS
2025-05-08 05:05:34,692 - WARNING - Could not get current market price for GODREJPROP.NS
2025-05-08 05:05:34,695 - INFO - Checking position: BUY COLPAL.NS (Sector: FMCG)
2025-05-08 05:05:34,696 - INFO - SECURITY ID LOOKUP: Searching for COLPAL.NS
2025-05-08 05:05:34,696 - INFO - Trying exact match for 'COLPAL.NS'
2025-05-08 05:05:34,698 - INFO - FOUND EXACT MATCH: ID 15141 for COLPAL.NS
2025-05-08 05:05:34,699 - INFO - Getting current market price for COLPAL.NS
2025-05-08 05:05:34,700 - INFO - Failed to get quote using symbol: 'dhanhq' object has no attribute 'get_quote'
2025-05-08 05:05:34,701 - INFO - Failed to get LTP using security_id: 'dhanhq' object has no attribute 'get_ltp'
2025-05-08 05:05:34,701 - INFO - Failed to get price from candles: 'dhanhq' object has no attribute 'intraday_daily_minute_charts'
2025-05-08 05:05:34,702 - ERROR - Could not get current market price for COLPAL.NS
2025-05-08 05:05:34,702 - WARNING - Could not get current market price for COLPAL.NS
2025-05-08 05:05:34,703 - INFO - Checking position: SELL SBILIFE.NS (Sector: Financial Services)
2025-05-08 05:05:34,703 - INFO - SECURITY ID LOOKUP: Searching for SBILIFE.NS
2025-05-08 05:05:34,704 - INFO - Trying exact match for 'SBILIFE.NS'
2025-05-08 05:05:34,704 - INFO - FOUND EXACT MATCH: ID 21808 for SBILIFE.NS
2025-05-08 05:05:34,705 - INFO - Getting current market price for SBILIFE.NS
2025-05-08 05:05:34,705 - INFO - Failed to get quote using symbol: 'dhanhq' object has no attribute 'get_quote'
2025-05-08 05:05:34,706 - INFO - Failed to get LTP using security_id: 'dhanhq' object has no attribute 'get_ltp'
2025-05-08 05:05:34,706 - INFO - Failed to get price from candles: 'dhanhq' object has no attribute 'intraday_daily_minute_charts'
2025-05-08 05:05:34,707 - ERROR - Could not get current market price for SBILIFE.NS
2025-05-08 05:05:34,707 - WARNING - Could not get current market price for SBILIFE.NS
2025-05-08 05:05:34,707 - INFO - Checking position: BUY NESTLEIND.NS (Sector: FMCG)
2025-05-08 05:05:34,708 - INFO - SECURITY ID LOOKUP: Searching for NESTLEIND.NS
2025-05-08 05:05:34,709 - INFO - Trying exact match for 'NESTLEIND.NS'
2025-05-08 05:05:34,712 - INFO - FOUND EXACT MATCH: ID 17963 for NESTLEIND.NS
2025-05-08 05:05:34,713 - INFO - Getting current market price for NESTLEIND.NS
2025-05-08 05:05:34,713 - INFO - Failed to get quote using symbol: 'dhanhq' object has no attribute 'get_quote'
2025-05-08 05:05:34,714 - INFO - Failed to get LTP using security_id: 'dhanhq' object has no attribute 'get_ltp'
2025-05-08 05:05:34,715 - INFO - Failed to get price from candles: 'dhanhq' object has no attribute 'intraday_daily_minute_charts'
2025-05-08 05:05:34,716 - ERROR - Could not get current market price for NESTLEIND.NS
2025-05-08 05:05:34,718 - WARNING - Could not get current market price for NESTLEIND.NS
2025-05-08 05:05:34,719 - INFO - Checking position: BUY ONGC.NS (Sector: Energy)
2025-05-08 05:05:34,719 - INFO - SECURITY ID LOOKUP: Searching for ONGC.NS
2025-05-08 05:05:34,720 - INFO - Trying exact match for 'ONGC.NS'
2025-05-08 05:05:34,720 - INFO - FOUND EXACT MATCH: ID 2475 for ONGC.NS
2025-05-08 05:05:34,721 - INFO - Getting current market price for ONGC.NS
2025-05-08 05:05:34,721 - INFO - Failed to get quote using symbol: 'dhanhq' object has no attribute 'get_quote'
2025-05-08 05:05:34,722 - INFO - Failed to get LTP using security_id: 'dhanhq' object has no attribute 'get_ltp'
2025-05-08 05:05:34,722 - INFO - Failed to get price from candles: 'dhanhq' object has no attribute 'intraday_daily_minute_charts'
2025-05-08 05:05:34,722 - ERROR - Could not get current market price for ONGC.NS
2025-05-08 05:05:34,723 - WARNING - Could not get current market price for ONGC.NS
2025-05-08 05:05:34,723 - INFO - Checking position: SELL MARICO.NS (Sector: FMCG)
2025-05-08 05:05:34,725 - INFO - SECURITY ID LOOKUP: Searching for MARICO.NS
2025-05-08 05:05:34,728 - INFO - Trying exact match for 'MARICO.NS'
2025-05-08 05:05:34,728 - INFO - FOUND EXACT MATCH: ID 4067 for MARICO.NS
2025-05-08 05:05:34,729 - INFO - Getting current market price for MARICO.NS
2025-05-08 05:05:34,729 - INFO - Failed to get quote using symbol: 'dhanhq' object has no attribute 'get_quote'
2025-05-08 05:05:34,731 - INFO - Failed to get LTP using security_id: 'dhanhq' object has no attribute 'get_ltp'
2025-05-08 05:05:34,731 - INFO - Failed to get price from candles: 'dhanhq' object has no attribute 'intraday_daily_minute_charts'
2025-05-08 05:05:34,733 - ERROR - Could not get current market price for MARICO.NS
2025-05-08 05:05:34,733 - WARNING - Could not get current market price for MARICO.NS
2025-05-08 05:05:34,734 - INFO - Checking position: SELL LALPATHLAB.NS (Sector: Pharma)
2025-05-08 05:05:34,735 - INFO - SECURITY ID LOOKUP: Searching for LALPATHLAB.NS
2025-05-08 05:05:34,735 - INFO - Trying exact match for 'LALPATHLAB.NS'
2025-05-08 05:05:34,736 - INFO - FOUND EXACT MATCH: ID 11654 for LALPATHLAB.NS
2025-05-08 05:05:34,736 - INFO - Getting current market price for LALPATHLAB.NS
2025-05-08 05:05:34,736 - INFO - Failed to get quote using symbol: 'dhanhq' object has no attribute 'get_quote'
2025-05-08 05:05:34,737 - INFO - Failed to get LTP using security_id: 'dhanhq' object has no attribute 'get_ltp'
2025-05-08 05:05:34,737 - INFO - Failed to get price from candles: 'dhanhq' object has no attribute 'intraday_daily_minute_charts'
2025-05-08 05:05:34,738 - ERROR - Could not get current market price for LALPATHLAB.NS
2025-05-08 05:05:34,738 - WARNING - Could not get current market price for LALPATHLAB.NS
2025-05-08 05:05:34,738 - INFO - Checking position: SELL BIOCON.NS (Sector: Pharma)
2025-05-08 05:05:34,738 - INFO - SECURITY ID LOOKUP: Searching for BIOCON.NS
2025-05-08 05:05:34,740 - INFO - Trying exact match for 'BIOCON.NS'
2025-05-08 05:05:34,740 - INFO - FOUND EXACT MATCH: ID 11373 for BIOCON.NS
2025-05-08 05:05:34,741 - INFO - Getting current market price for BIOCON.NS
2025-05-08 05:05:34,741 - INFO - Failed to get quote using symbol: 'dhanhq' object has no attribute 'get_quote'
2025-05-08 05:05:34,742 - INFO - Failed to get LTP using security_id: 'dhanhq' object has no attribute 'get_ltp'
2025-05-08 05:05:34,744 - INFO - Failed to get price from candles: 'dhanhq' object has no attribute 'intraday_daily_minute_charts'
2025-05-08 05:05:34,745 - ERROR - Could not get current market price for BIOCON.NS
2025-05-08 05:05:34,746 - WARNING - Could not get current market price for BIOCON.NS
2025-05-08 05:05:34,747 - INFO - Checking position: BUY HATHWAY.NS (Sector: Media)
2025-05-08 05:05:34,748 - INFO - SECURITY ID LOOKUP: Searching for HATHWAY.NS
2025-05-08 05:05:34,749 - INFO - Trying exact match for 'HATHWAY.NS'
2025-05-08 05:05:34,749 - INFO - FOUND EXACT MATCH: ID 18154 for HATHWAY.NS
2025-05-08 05:05:34,750 - INFO - Getting current market price for HATHWAY.NS
2025-05-08 05:05:34,750 - INFO - Failed to get quote using symbol: 'dhanhq' object has no attribute 'get_quote'
2025-05-08 05:05:34,751 - INFO - Failed to get LTP using security_id: 'dhanhq' object has no attribute 'get_ltp'
2025-05-08 05:05:34,751 - INFO - Failed to get price from candles: 'dhanhq' object has no attribute 'intraday_daily_minute_charts'
2025-05-08 05:05:34,752 - ERROR - Could not get current market price for HATHWAY.NS
2025-05-08 05:05:34,752 - WARNING - Could not get current market price for HATHWAY.NS
2025-05-08 05:05:34,752 - INFO - Checking position: BUY SUNTV.NS (Sector: Media)
2025-05-08 05:05:34,753 - INFO - SECURITY ID LOOKUP: Searching for SUNTV.NS
2025-05-08 05:05:34,753 - INFO - Trying exact match for 'SUNTV.NS'
2025-05-08 05:05:34,753 - INFO - FOUND EXACT MATCH: ID 13404 for SUNTV.NS
2025-05-08 05:05:34,754 - INFO - Getting current market price for SUNTV.NS
2025-05-08 05:05:34,754 - INFO - Failed to get quote using symbol: 'dhanhq' object has no attribute 'get_quote'
2025-05-08 05:05:34,755 - INFO - Failed to get LTP using security_id: 'dhanhq' object has no attribute 'get_ltp'
2025-05-08 05:05:34,756 - INFO - Failed to get price from candles: 'dhanhq' object has no attribute 'intraday_daily_minute_charts'
2025-05-08 05:05:34,757 - ERROR - Could not get current market price for SUNTV.NS
2025-05-08 05:05:34,758 - WARNING - Could not get current market price for SUNTV.NS
2025-05-08 05:05:34,758 - INFO - Checking position: BUY PRESTIGE.NS (Sector: Realty)
2025-05-08 05:05:34,758 - INFO - SECURITY ID LOOKUP: Searching for PRESTIGE.NS
2025-05-08 05:05:34,764 - INFO - Trying exact match for 'PRESTIGE.NS'
2025-05-08 05:05:34,764 - INFO - FOUND EXACT MATCH: ID 20302 for PRESTIGE.NS
2025-05-08 05:05:34,766 - INFO - Getting current market price for PRESTIGE.NS
2025-05-08 05:05:34,766 - INFO - Failed to get quote using symbol: 'dhanhq' object has no attribute 'get_quote'
2025-05-08 05:05:34,766 - INFO - Failed to get LTP using security_id: 'dhanhq' object has no attribute 'get_ltp'
2025-05-08 05:05:34,767 - INFO - Failed to get price from candles: 'dhanhq' object has no attribute 'intraday_daily_minute_charts'
2025-05-08 05:05:34,767 - ERROR - Could not get current market price for PRESTIGE.NS
2025-05-08 05:05:34,768 - WARNING - Could not get current market price for PRESTIGE.NS
2025-05-08 05:05:34,768 - INFO - No positions needed to be exited
2025-05-08 05:05:34,769 - INFO - 
==================================================
POSITION PROCESSING COMPLETE
==================================================
2025-05-08 05:05:34,769 - INFO - First run of the day - looking for sector-based trading opportunities...
2025-05-08 05:05:34,770 - INFO - 
==================================================
FINDING NEW TRADING OPPORTUNITIES
==================================================
2025-05-08 05:05:34,771 - INFO - Found 33 active tickers out of 33 total
2025-05-08 05:05:34,773 - INFO - Processed sector data for 10 sectors
2025-05-08 05:05:34,774 - INFO - Processing tickers in order: ['BALKRISIND.NS', 'M&M.NS', 'MARUTI.NS', 'MOTHERSON.NS', 'MRF.NS', 'MARICO.NS', 'CHOLAFIN.NS', 'MUTHOOTFIN.NS', 'PEL.NS', 'LALPATHLAB.NS', 'NAZARA.NS', 'TATASTEEL.NS', 'MGL.NS', 'BIOCON.NS', 'VBL.NS', 'ADANIENSOL.NS', 'ADANIGREEN.NS', 'TATAPOWER.NS', 'RECLTD.NS', 'LTTS.NS', 'MPHASIS.NS', 'HATHWAY.NS', 'SUNTV.NS', 'PETRONET.NS', 'AUROPHARMA.NS', 'BANKBARODA.NS', 'BANKINDIA.NS', 'CANBK.NS', 'PNB.NS', 'UNIONBANK.NS', 'BANDHANBNK.NS', 'PRESTIGE.NS', 'HUDCO.NS']
2025-05-08 05:05:34,774 - INFO - Already have open positions for: ['EXIDEIND.NS', 'HEROMOTOCO.NS', 'BAJAJFINSV.NS', 'PFC.NS', 'RECLTD.NS', 'GODREJPROP.NS', 'COLPAL.NS', 'SBILIFE.NS', 'NESTLEIND.NS', 'ONGC.NS', 'MARICO.NS', 'LALPATHLAB.NS', 'BIOCON.NS', 'HATHWAY.NS', 'SUNTV.NS', 'PRESTIGE.NS']
2025-05-08 05:05:34,778 - INFO - Current sector rankings:
2025-05-08 05:05:34,778 - INFO -   Rank 1: Auto - POSITIVE (1.66%) - TOP
2025-05-08 05:05:34,779 - INFO -   Rank 2: Realty - POSITIVE (1.12%) - TOP
2025-05-08 05:05:34,779 - INFO -   Rank 3: Media - POSITIVE (1.06%) - TOP
2025-05-08 05:05:34,780 - INFO -   Rank 4: Metal - POSITIVE (0.98%) - MIDDLE
2025-05-08 05:05:34,781 - INFO -   Rank 5: Energy - POSITIVE (0.82%) - MIDDLE
2025-05-08 05:05:34,781 - INFO -   Rank 6: Financial Services - POSITIVE (0.76%) - MIDDLE
2025-05-08 05:05:34,782 - INFO -   Rank 7: PSU Bank - POSITIVE (0.29%) - MIDDLE
2025-05-08 05:05:34,783 - INFO -   Rank 8: IT - POSITIVE (0.14%) - BOTTOM
2025-05-08 05:05:34,783 - INFO -   Rank 9: Pharma - NEGATIVE (-0.33%) - BOTTOM
2025-05-08 05:05:34,784 - INFO -   Rank 10: FMCG - NEGATIVE (-0.52%) - BOTTOM
2025-05-08 05:05:34,784 - INFO - Processing ticker 1: BALKRISIND.NS
2025-05-08 05:05:34,785 - INFO - Found sector Auto for BALKRISIND.NS
2025-05-08 05:05:34,788 - INFO - Evaluating BALKRISIND.NS in sector Auto - Rank 1 (TOP)
2025-05-08 05:05:34,791 - INFO -   Performance: +1.66%
2025-05-08 05:05:34,794 - INFO - Not trading BALKRISIND.NS - sector ranking doesn't match strategy
2025-05-08 05:05:34,795 - INFO -   Transaction type: SELL
2025-05-08 05:05:34,796 - INFO -   Sector category: TOP
2025-05-08 05:05:34,797 - INFO -   Sector is_positive: True
2025-05-08 05:05:34,798 - INFO - Processing ticker 2: M&M.NS
2025-05-08 05:05:34,799 - INFO - Found sector Auto for M&M.NS
2025-05-08 05:05:34,800 - INFO - Evaluating M&M.NS in sector Auto - Rank 1 (TOP)
2025-05-08 05:05:34,800 - INFO -   Performance: +1.66%
2025-05-08 05:05:34,800 - INFO - Not trading M&M.NS - sector ranking doesn't match strategy
2025-05-08 05:05:34,801 - INFO -   Transaction type: SELL
2025-05-08 05:05:34,802 - INFO -   Sector category: TOP
2025-05-08 05:05:34,803 - INFO -   Sector is_positive: True
2025-05-08 05:05:34,804 - INFO - Processing ticker 3: MARUTI.NS
2025-05-08 05:05:34,806 - INFO - Found sector Auto for MARUTI.NS
2025-05-08 05:05:34,808 - INFO - Evaluating MARUTI.NS in sector Auto - Rank 1 (TOP)
2025-05-08 05:05:34,812 - INFO -   Performance: +1.66%
2025-05-08 05:05:34,813 - INFO - Not trading MARUTI.NS - sector ranking doesn't match strategy
2025-05-08 05:05:34,815 - INFO -   Transaction type: SELL
2025-05-08 05:05:34,818 - INFO -   Sector category: TOP
2025-05-08 05:05:34,818 - INFO -   Sector is_positive: True
2025-05-08 05:05:34,819 - INFO - Processing ticker 4: MOTHERSON.NS
2025-05-08 05:05:34,819 - INFO - Found sector Auto for MOTHERSON.NS
2025-05-08 05:05:34,819 - INFO - Evaluating MOTHERSON.NS in sector Auto - Rank 1 (TOP)
2025-05-08 05:05:34,820 - INFO -   Performance: +1.66%
2025-05-08 05:05:34,820 - INFO - Not trading MOTHERSON.NS - sector ranking doesn't match strategy
2025-05-08 05:05:34,821 - INFO -   Transaction type: SELL
2025-05-08 05:05:34,821 - INFO -   Sector category: TOP
2025-05-08 05:05:34,821 - INFO -   Sector is_positive: True
2025-05-08 05:05:34,822 - INFO - Processing ticker 5: MRF.NS
2025-05-08 05:05:34,822 - INFO - Found sector Auto for MRF.NS
2025-05-08 05:05:34,824 - INFO - Evaluating MRF.NS in sector Auto - Rank 1 (TOP)
2025-05-08 05:05:34,824 - INFO -   Performance: +1.66%
2025-05-08 05:05:34,825 - INFO - Not trading MRF.NS - sector ranking doesn't match strategy
2025-05-08 05:05:34,825 - INFO -   Transaction type: SELL
2025-05-08 05:05:34,828 - INFO -   Sector category: TOP
2025-05-08 05:05:34,829 - INFO -   Sector is_positive: True
2025-05-08 05:05:34,832 - INFO - Processing ticker 6: MARICO.NS
2025-05-08 05:05:34,834 - INFO - Skipping MARICO.NS - already have an open position
2025-05-08 05:05:34,835 - INFO - Processing ticker 7: CHOLAFIN.NS
2025-05-08 05:05:34,836 - INFO - Found sector Financial Services for CHOLAFIN.NS
2025-05-08 05:05:34,837 - INFO - Evaluating CHOLAFIN.NS in sector Financial Services - Rank 6 (MIDDLE)
2025-05-08 05:05:34,838 - INFO -   Performance: +0.76%
2025-05-08 05:05:34,839 - INFO - Not trading CHOLAFIN.NS - sector ranking doesn't match strategy
2025-05-08 05:05:34,839 - INFO -   Transaction type: SELL
2025-05-08 05:05:34,840 - INFO -   Sector category: MIDDLE
2025-05-08 05:05:34,840 - INFO -   Sector is_positive: True
2025-05-08 05:05:34,841 - INFO - Processing ticker 8: MUTHOOTFIN.NS
2025-05-08 05:05:34,842 - INFO - Found sector Financial Services for MUTHOOTFIN.NS
2025-05-08 05:05:34,848 - INFO - Evaluating MUTHOOTFIN.NS in sector Financial Services - Rank 6 (MIDDLE)
2025-05-08 05:05:34,850 - INFO -   Performance: +0.76%
2025-05-08 05:05:34,851 - INFO - Not trading MUTHOOTFIN.NS - sector ranking doesn't match strategy
2025-05-08 05:05:34,852 - INFO -   Transaction type: SELL
2025-05-08 05:05:34,854 - INFO -   Sector category: MIDDLE
2025-05-08 05:05:34,854 - INFO -   Sector is_positive: True
2025-05-08 05:05:34,856 - INFO - Processing ticker 9: PEL.NS
2025-05-08 05:05:34,856 - INFO - Found sector Financial Services for PEL.NS
2025-05-08 05:05:34,857 - INFO - Evaluating PEL.NS in sector Financial Services - Rank 6 (MIDDLE)
2025-05-08 05:05:34,858 - INFO -   Performance: +0.76%
2025-05-08 05:05:34,864 - INFO - Not trading PEL.NS - sector ranking doesn't match strategy
2025-05-08 05:05:34,866 - INFO -   Transaction type: SELL
2025-05-08 05:05:34,867 - INFO -   Sector category: MIDDLE
2025-05-08 05:05:34,868 - INFO -   Sector is_positive: True
2025-05-08 05:05:34,868 - INFO - Processing ticker 10: LALPATHLAB.NS
2025-05-08 05:05:34,869 - INFO - Skipping LALPATHLAB.NS - already have an open position
2025-05-08 05:05:34,869 - INFO - Processing ticker 11: NAZARA.NS
2025-05-08 05:05:34,870 - INFO - Found sector Media for NAZARA.NS
2025-05-08 05:05:34,871 - INFO - Evaluating NAZARA.NS in sector Media - Rank 3 (TOP)
2025-05-08 05:05:34,872 - INFO -   Performance: +1.06%
2025-05-08 05:05:34,872 - INFO - Not trading NAZARA.NS - sector ranking doesn't match strategy
2025-05-08 05:05:34,873 - INFO -   Transaction type: SELL
2025-05-08 05:05:34,874 - INFO -   Sector category: TOP
2025-05-08 05:05:34,874 - INFO -   Sector is_positive: True
2025-05-08 05:05:34,875 - INFO - Processing ticker 12: TATASTEEL.NS
2025-05-08 05:05:34,875 - INFO - Found sector Metal for TATASTEEL.NS
2025-05-08 05:05:34,879 - INFO - Evaluating TATASTEEL.NS in sector Metal - Rank 4 (MIDDLE)
2025-05-08 05:05:34,882 - INFO -   Performance: +0.98%
2025-05-08 05:05:34,883 - INFO - Not trading TATASTEEL.NS - sector ranking doesn't match strategy
2025-05-08 05:05:34,883 - INFO -   Transaction type: SELL
2025-05-08 05:05:34,884 - INFO -   Sector category: MIDDLE
2025-05-08 05:05:34,885 - INFO -   Sector is_positive: True
2025-05-08 05:05:34,886 - INFO - Processing ticker 13: MGL.NS
2025-05-08 05:05:34,886 - WARNING - Could not find sector for MGL.NS in sector mapping
2025-05-08 05:05:34,887 - INFO - Processing ticker 14: BIOCON.NS
2025-05-08 05:05:34,888 - INFO - Skipping BIOCON.NS - already have an open position
2025-05-08 05:05:34,888 - INFO - Processing ticker 15: VBL.NS
2025-05-08 05:05:34,889 - WARNING - Could not find sector for VBL.NS in sector mapping
2025-05-08 05:05:34,890 - INFO - Processing ticker 16: ADANIENSOL.NS
2025-05-08 05:05:34,891 - WARNING - Could not find sector for ADANIENSOL.NS in sector mapping
2025-05-08 05:05:34,891 - INFO - Processing ticker 17: ADANIGREEN.NS
2025-05-08 05:05:34,892 - INFO - Found sector Energy for ADANIGREEN.NS
2025-05-08 05:05:34,895 - INFO - Evaluating ADANIGREEN.NS in sector Energy - Rank 5 (MIDDLE)
2025-05-08 05:05:34,902 - INFO -   Performance: +0.82%
2025-05-08 05:05:34,902 - INFO - Not trading ADANIGREEN.NS - sector ranking doesn't match strategy
2025-05-08 05:05:34,903 - INFO -   Transaction type: BUY
2025-05-08 05:05:34,903 - INFO -   Sector category: MIDDLE
2025-05-08 05:05:34,904 - INFO -   Sector is_positive: True
2025-05-08 05:05:34,904 - INFO - Processing ticker 18: TATAPOWER.NS
2025-05-08 05:05:34,905 - INFO - Found sector Energy for TATAPOWER.NS
2025-05-08 05:05:34,905 - INFO - Evaluating TATAPOWER.NS in sector Energy - Rank 5 (MIDDLE)
2025-05-08 05:05:34,907 - INFO -   Performance: +0.82%
2025-05-08 05:05:34,908 - INFO - Not trading TATAPOWER.NS - sector ranking doesn't match strategy
2025-05-08 05:05:34,911 - INFO -   Transaction type: BUY
2025-05-08 05:05:34,917 - INFO -   Sector category: MIDDLE
2025-05-08 05:05:34,918 - INFO -   Sector is_positive: True
2025-05-08 05:05:34,918 - INFO - Processing ticker 19: RECLTD.NS
2025-05-08 05:05:34,919 - INFO - Skipping RECLTD.NS - already have an open position
2025-05-08 05:05:34,920 - INFO - Processing ticker 20: LTTS.NS
2025-05-08 05:05:34,920 - INFO - Found sector IT for LTTS.NS
2025-05-08 05:05:34,921 - INFO - Evaluating LTTS.NS in sector IT - Rank 8 (BOTTOM)
2025-05-08 05:05:34,921 - INFO -   Performance: +0.14%
2025-05-08 05:05:34,923 - INFO - Not trading LTTS.NS - sector ranking doesn't match strategy
2025-05-08 05:05:34,924 - INFO -   Transaction type: BUY
2025-05-08 05:05:34,924 - INFO -   Sector category: BOTTOM
2025-05-08 05:05:34,925 - INFO -   Sector is_positive: True
2025-05-08 05:05:34,931 - INFO - Processing ticker 21: MPHASIS.NS
2025-05-08 05:05:34,933 - INFO - Found sector IT for MPHASIS.NS
2025-05-08 05:05:34,933 - INFO - Evaluating MPHASIS.NS in sector IT - Rank 8 (BOTTOM)
2025-05-08 05:05:34,934 - INFO -   Performance: +0.14%
2025-05-08 05:05:34,935 - INFO - Not trading MPHASIS.NS - sector ranking doesn't match strategy
2025-05-08 05:05:34,936 - INFO -   Transaction type: BUY
2025-05-08 05:05:34,937 - INFO -   Sector category: BOTTOM
2025-05-08 05:05:34,937 - INFO -   Sector is_positive: True
2025-05-08 05:05:34,938 - INFO - Processing ticker 22: HATHWAY.NS
2025-05-08 05:05:34,938 - INFO - Skipping HATHWAY.NS - already have an open position
2025-05-08 05:05:34,939 - INFO - Processing ticker 23: SUNTV.NS
2025-05-08 05:05:34,939 - INFO - Skipping SUNTV.NS - already have an open position
2025-05-08 05:05:34,941 - INFO - Processing ticker 24: PETRONET.NS
2025-05-08 05:05:34,942 - INFO - Found sector Oil & Gas for PETRONET.NS
2025-05-08 05:05:34,945 - WARNING - No data for sector Oil & Gas
2025-05-08 05:05:34,947 - INFO - Processing ticker 25: AUROPHARMA.NS
2025-05-08 05:05:34,948 - INFO - Found sector Pharma for AUROPHARMA.NS
2025-05-08 05:05:34,949 - INFO - Evaluating AUROPHARMA.NS in sector Pharma - Rank 9 (BOTTOM)
2025-05-08 05:05:34,950 - INFO -   Performance: -0.33%
2025-05-08 05:05:34,950 - INFO - Not trading AUROPHARMA.NS - sector ranking doesn't match strategy
2025-05-08 05:05:34,951 - INFO -   Transaction type: BUY
2025-05-08 05:05:34,951 - INFO -   Sector category: BOTTOM
2025-05-08 05:05:34,952 - INFO -   Sector is_positive: False
2025-05-08 05:05:34,952 - INFO - Processing ticker 26: BANKBARODA.NS
2025-05-08 05:05:34,953 - WARNING - Could not find sector for BANKBARODA.NS in sector mapping
2025-05-08 05:05:34,953 - INFO - Processing ticker 27: BANKINDIA.NS
2025-05-08 05:05:34,954 - INFO - Found sector PSU Bank for BANKINDIA.NS
2025-05-08 05:05:34,954 - INFO - Evaluating BANKINDIA.NS in sector PSU Bank - Rank 7 (MIDDLE)
2025-05-08 05:05:34,955 - INFO -   Performance: +0.29%
2025-05-08 05:05:34,955 - INFO - Not trading BANKINDIA.NS - sector ranking doesn't match strategy
2025-05-08 05:05:34,956 - INFO -   Transaction type: BUY
2025-05-08 05:05:34,957 - INFO -   Sector category: MIDDLE
2025-05-08 05:05:34,957 - INFO -   Sector is_positive: True
2025-05-08 05:05:34,958 - INFO - Processing ticker 28: CANBK.NS
2025-05-08 05:05:34,962 - INFO - Found sector Bank for CANBK.NS
2025-05-08 05:05:34,967 - WARNING - No data for sector Bank
2025-05-08 05:05:34,968 - INFO - Processing ticker 29: PNB.NS
2025-05-08 05:05:34,968 - INFO - Found sector PSU Bank for PNB.NS
2025-05-08 05:05:34,969 - INFO - Evaluating PNB.NS in sector PSU Bank - Rank 7 (MIDDLE)
2025-05-08 05:05:34,970 - INFO -   Performance: +0.29%
2025-05-08 05:05:34,970 - INFO - Not trading PNB.NS - sector ranking doesn't match strategy
2025-05-08 05:05:34,973 - INFO -   Transaction type: BUY
2025-05-08 05:05:34,974 - INFO -   Sector category: MIDDLE
2025-05-08 05:05:34,975 - INFO -   Sector is_positive: True
2025-05-08 05:05:34,975 - INFO - Processing ticker 30: UNIONBANK.NS
2025-05-08 05:05:34,980 - INFO - Found sector PSU Bank for UNIONBANK.NS
2025-05-08 05:05:34,983 - INFO - Evaluating UNIONBANK.NS in sector PSU Bank - Rank 7 (MIDDLE)
2025-05-08 05:05:34,983 - INFO -   Performance: +0.29%
2025-05-08 05:05:34,984 - INFO - Not trading UNIONBANK.NS - sector ranking doesn't match strategy
2025-05-08 05:05:34,985 - INFO -   Transaction type: BUY
2025-05-08 05:05:34,987 - INFO -   Sector category: MIDDLE
2025-05-08 05:05:34,988 - INFO -   Sector is_positive: True
2025-05-08 05:05:34,989 - INFO - Processing ticker 31: BANDHANBNK.NS
2025-05-08 05:05:34,991 - INFO - Found sector PVT Bank for BANDHANBNK.NS
2025-05-08 05:05:34,992 - WARNING - No data for sector PVT Bank
2025-05-08 05:05:34,992 - INFO - Processing ticker 32: PRESTIGE.NS
2025-05-08 05:05:34,996 - INFO - Skipping PRESTIGE.NS - already have an open position
2025-05-08 05:05:34,998 - INFO - Processing ticker 33: HUDCO.NS
2025-05-08 05:05:34,999 - WARNING - Could not find sector for HUDCO.NS in sector mapping
2025-05-08 05:05:35,000 - INFO - Ticker processing summary:
2025-05-08 05:05:35,000 - INFO -   Total tickers considered: 33
2025-05-08 05:05:35,002 - INFO -   Tickers with sector data: 21
2025-05-08 05:05:35,004 - INFO -   Tickers matching sector ranking strategy: 0
2025-05-08 05:05:35,004 - INFO -   Tickers with security ID: 0
2025-05-08 05:05:35,004 - INFO -   Orders successfully placed: 0
2025-05-08 05:05:35,005 - INFO - New positions added: 0
2025-05-08 05:05:35,005 - INFO - Positions skipped: 33
2025-05-08 05:05:35,006 - INFO - Positions with errors: 0
2025-05-08 05:05:35,006 - INFO - 
==================================================
NEW OPPORTUNITIES PROCESSING COMPLETE
==================================================
2025-05-08 05:05:35,008 - INFO - Initial trades have been executed - no more new trades will be placed today
2025-05-08 05:05:35,009 - INFO - 
==================================================
SECTOR PROCESSING COMPLETE
==================================================
2025-05-08 05:05:35,018 - INFO - Saved 16 positions to dhan_positions.json
2025-05-08 05:05:35,020 - INFO - 
==================================================
POSITIONS SUMMARY
==================================================
2025-05-08 05:05:35,022 - INFO - Current positions summary:
2025-05-08 05:05:35,022 - INFO -   Open BUY positions: 11
2025-05-08 05:05:35,023 - INFO -   Open SELL positions: 5
2025-05-08 05:05:35,024 - INFO -   Closed positions: 0
2025-05-08 05:05:35,024 - INFO -   Total positions: 16
2025-05-08 05:05:35,025 - INFO - Open positions:
2025-05-08 05:05:35,031 - INFO -   BUY EXIDEIND.NS (Sector: Auto, Entry: 2025-05-05 05:08:27, Order ID: 412505057762, SL%: 1.0%, Target%: 1.0%)
2025-05-08 05:05:35,033 - INFO -   BUY HEROMOTOCO.NS (Sector: Auto, Entry: 2025-05-05 05:08:39, Order ID: 912505057802, SL%: 1.0%, Target%: 1.0%)
2025-05-08 05:05:35,033 - INFO -   BUY BAJAJFINSV.NS (Sector: Financial Services, Entry: 2025-05-05 05:08:51, Order ID: 912505057892, SL%: 1.0%, Target%: 1.0%)
2025-05-08 05:05:35,035 - INFO -   BUY PFC.NS (Sector: Financial Services, Entry: 2025-05-05 05:09:04, Order ID: 912505057962, SL%: 1.0%, Target%: 1.0%)
2025-05-08 05:05:35,036 - INFO -   BUY RECLTD.NS (Sector: Financial Services, Entry: 2025-05-05 05:09:16, Order ID: 912505058012, SL%: 1.0%, Target%: 1.0%)
2025-05-08 05:05:35,036 - INFO -   SELL GODREJPROP.NS (Sector: Realty, Entry: 2025-05-05 05:09:29, Order ID: 312505057842, SL%: 1.0%, Target%: 1.0%)
2025-05-08 05:05:35,037 - INFO -   BUY COLPAL.NS (Sector: FMCG, Entry: 2025-05-05 05:34:29, Order ID: 6125050517042, SL%: 1.0%, Target%: 1.0%)
2025-05-08 05:05:35,039 - INFO -   SELL SBILIFE.NS (Sector: Financial Services, Entry: 2025-05-05 05:34:42, Order ID: 9125050513002, SL%: 1.0%, Target%: 1.0%)
2025-05-08 05:05:35,045 - INFO -   BUY NESTLEIND.NS (Sector: FMCG, Entry: 2025-05-06 05:01:40, Order ID: 212505067072, SL%: 1.0%, Target%: 1.0%)
2025-05-08 05:05:35,049 - INFO -   BUY ONGC.NS (Sector: Energy, Entry: 2025-05-06 05:01:52, Order ID: 512505067422, SL%: 1.0%, Target%: 1.0%)
2025-05-08 05:05:35,050 - INFO -   SELL MARICO.NS (Sector: FMCG, Entry: 2025-05-08 05:01:51, Order ID: 512505087152, SL%: 1.0%, Target%: 1.0%)
2025-05-08 05:05:35,052 - INFO -   SELL LALPATHLAB.NS (Sector: Pharma, Entry: 2025-05-08 05:02:03, Order ID: 412505086142, SL%: 1.0%, Target%: 1.0%)
2025-05-08 05:05:35,053 - INFO -   SELL BIOCON.NS (Sector: Pharma, Entry: 2025-05-08 05:02:15, Order ID: 612505087882, SL%: 1.0%, Target%: 1.0%)
2025-05-08 05:05:35,054 - INFO -   BUY HATHWAY.NS (Sector: Media, Entry: 2025-05-08 05:02:28, Order ID: 512505087252, SL%: 1.0%, Target%: 1.0%)
2025-05-08 05:05:35,055 - INFO -   BUY SUNTV.NS (Sector: Media, Entry: 2025-05-08 05:02:40, Order ID: 912505086332, SL%: 1.0%, Target%: 1.0%)
2025-05-08 05:05:35,056 - INFO -   BUY PRESTIGE.NS (Sector: Realty, Entry: 2025-05-08 05:02:53, Order ID: 912505086372, SL%: 1.0%, Target%: 1.0%)
2025-05-08 05:05:35,057 - INFO - 
==================================================
POSITIONS SUMMARY COMPLETE
==================================================
2025-05-08 05:05:35,058 - INFO - Trading cycle 6 completed
2025-05-08 05:05:35,058 - INFO - Waiting 30 seconds until next check at 05:06:05...
2025-05-08 05:05:35,059 - INFO - 
==================================================
CYCLE 6 COMPLETE
==================================================
2025-05-08 05:06:05,071 - INFO - 
==================================================
TRADING CYCLE 7
==================================================
2025-05-08 05:06:05,077 - INFO - Trading cycle 7 started at 2025-05-08 05:06:05
2025-05-08 05:06:05,078 - INFO - New trading day - resetting flags for fresh sector data check
2025-05-08 05:06:05,081 - INFO - Found fresh sector.csv file modified today
2025-05-08 05:06:05,082 - INFO - 
==================================================
READING SECTOR PERFORMANCE DATA
==================================================
2025-05-08 05:06:05,086 - INFO - Reading sector performance data from sector.csv
2025-05-08 05:06:05,096 - INFO - File last modified: 2025-05-08 05:04:25
2025-05-08 05:06:05,110 - INFO - Adding sector rankings to data
2025-05-08 05:06:05,154 - INFO - Sector rankings:
2025-05-08 05:06:05,160 - INFO - Rank 1: Auto (+1.66%) - TOP
2025-05-08 05:06:05,161 - INFO - Rank 2: Realty (+1.12%) - TOP
2025-05-08 05:06:05,162 - INFO - Rank 3: Media (+1.06%) - TOP
2025-05-08 05:06:05,164 - INFO - Rank 4: Metal (+0.98%) - MIDDLE
2025-05-08 05:06:05,165 - INFO - Rank 5: Energy (+0.82%) - MIDDLE
2025-05-08 05:06:05,199 - INFO - Rank 6: Financial Services (+0.76%) - MIDDLE
2025-05-08 05:06:05,226 - INFO - Rank 7: PSU Bank (+0.29%) - MIDDLE
2025-05-08 05:06:05,227 - INFO - Rank 8: IT (+0.14%) - BOTTOM
2025-05-08 05:06:05,228 - INFO - Rank 9: Pharma (-0.33%) - BOTTOM
2025-05-08 05:06:05,228 - INFO - Rank 10: FMCG (-0.52%) - BOTTOM
2025-05-08 05:06:05,251 - INFO - Latest timestamp in data: 2025-05-08 05:04:25
2025-05-08 05:06:05,252 - INFO - Loaded data for 10 sectors
2025-05-08 05:06:05,252 - INFO - Sector performance details:
2025-05-08 05:06:05,253 - INFO -   Rank 1: Auto - POSITIVE (1.66%) - TOP
2025-05-08 05:06:05,255 - INFO -   Rank 2: Realty - POSITIVE (1.12%) - TOP
2025-05-08 05:06:05,255 - INFO -   Rank 3: Media - POSITIVE (1.06%) - TOP
2025-05-08 05:06:05,257 - INFO -   Rank 4: Metal - POSITIVE (0.98%) - MIDDLE
2025-05-08 05:06:05,258 - INFO -   Rank 5: Energy - POSITIVE (0.82%) - MIDDLE
2025-05-08 05:06:05,258 - INFO -   Rank 6: Financial Services - POSITIVE (0.76%) - MIDDLE
2025-05-08 05:06:05,259 - INFO -   Rank 7: PSU Bank - POSITIVE (0.29%) - MIDDLE
2025-05-08 05:06:05,260 - INFO -   Rank 8: IT - POSITIVE (0.14%) - BOTTOM
2025-05-08 05:06:05,261 - INFO -   Rank 9: Pharma - NEGATIVE (-0.33%) - BOTTOM
2025-05-08 05:06:05,262 - INFO -   Rank 10: FMCG - NEGATIVE (-0.52%) - BOTTOM
2025-05-08 05:06:05,262 - INFO - 
==================================================
SECTOR DATA READ COMPLETE
==================================================
2025-05-08 05:06:05,263 - INFO - 
==================================================
PROCESSING SECTOR DATA
==================================================
2025-05-08 05:06:05,264 - INFO - Processing existing positions for potential exits...
2025-05-08 05:06:05,264 - INFO - 
==================================================
PROCESSING EXISTING POSITIONS
==================================================
2025-05-08 05:06:05,268 - INFO - Processing 16 existing positions
2025-05-08 05:06:05,282 - INFO - Checking position: BUY EXIDEIND.NS (Sector: Auto)
2025-05-08 05:06:05,283 - INFO - SECURITY ID LOOKUP: Searching for EXIDEIND.NS
2025-05-08 05:06:05,283 - INFO - Trying exact match for 'EXIDEIND.NS'
2025-05-08 05:06:05,284 - INFO - FOUND EXACT MATCH: ID 676 for EXIDEIND.NS
2025-05-08 05:06:05,284 - INFO - Getting current market price for EXIDEIND.NS
2025-05-08 05:06:05,285 - INFO - Failed to get quote using symbol: 'dhanhq' object has no attribute 'get_quote'
2025-05-08 05:06:05,285 - INFO - Failed to get LTP using security_id: 'dhanhq' object has no attribute 'get_ltp'
2025-05-08 05:06:05,287 - INFO - Failed to get price from candles: 'dhanhq' object has no attribute 'intraday_daily_minute_charts'
2025-05-08 05:06:05,288 - ERROR - Could not get current market price for EXIDEIND.NS
2025-05-08 05:06:05,289 - WARNING - Could not get current market price for EXIDEIND.NS
2025-05-08 05:06:05,289 - INFO - Checking position: BUY HEROMOTOCO.NS (Sector: Auto)
2025-05-08 05:06:05,292 - INFO - SECURITY ID LOOKUP: Searching for HEROMOTOCO.NS
2025-05-08 05:06:05,292 - INFO - Trying exact match for 'HEROMOTOCO.NS'
2025-05-08 05:06:05,293 - INFO - FOUND EXACT MATCH: ID 1348 for HEROMOTOCO.NS
2025-05-08 05:06:05,294 - INFO - Getting current market price for HEROMOTOCO.NS
2025-05-08 05:06:05,294 - INFO - Failed to get quote using symbol: 'dhanhq' object has no attribute 'get_quote'
2025-05-08 05:06:05,296 - INFO - Failed to get LTP using security_id: 'dhanhq' object has no attribute 'get_ltp'
2025-05-08 05:06:05,296 - INFO - Failed to get price from candles: 'dhanhq' object has no attribute 'intraday_daily_minute_charts'
2025-05-08 05:06:05,297 - ERROR - Could not get current market price for HEROMOTOCO.NS
2025-05-08 05:06:05,297 - WARNING - Could not get current market price for HEROMOTOCO.NS
2025-05-08 05:06:05,298 - INFO - Checking position: BUY BAJAJFINSV.NS (Sector: Financial Services)
2025-05-08 05:06:05,298 - INFO - SECURITY ID LOOKUP: Searching for BAJAJFINSV.NS
2025-05-08 05:06:05,298 - INFO - Trying exact match for 'BAJAJFINSV.NS'
2025-05-08 05:06:05,299 - INFO - FOUND EXACT MATCH: ID 16675 for BAJAJFINSV.NS
2025-05-08 05:06:05,299 - INFO - Getting current market price for BAJAJFINSV.NS
2025-05-08 05:06:05,300 - INFO - Failed to get quote using symbol: 'dhanhq' object has no attribute 'get_quote'
2025-05-08 05:06:05,300 - INFO - Failed to get LTP using security_id: 'dhanhq' object has no attribute 'get_ltp'
2025-05-08 05:06:05,300 - INFO - Failed to get price from candles: 'dhanhq' object has no attribute 'intraday_daily_minute_charts'
2025-05-08 05:06:05,300 - ERROR - Could not get current market price for BAJAJFINSV.NS
2025-05-08 05:06:05,301 - WARNING - Could not get current market price for BAJAJFINSV.NS
2025-05-08 05:06:05,301 - INFO - Checking position: BUY PFC.NS (Sector: Financial Services)
2025-05-08 05:06:05,301 - INFO - SECURITY ID LOOKUP: Searching for PFC.NS
2025-05-08 05:06:05,302 - INFO - Trying exact match for 'PFC.NS'
2025-05-08 05:06:05,302 - INFO - FOUND EXACT MATCH: ID 14299 for PFC.NS
2025-05-08 05:06:05,302 - INFO - Getting current market price for PFC.NS
2025-05-08 05:06:05,302 - INFO - Failed to get quote using symbol: 'dhanhq' object has no attribute 'get_quote'
2025-05-08 05:06:05,303 - INFO - Failed to get LTP using security_id: 'dhanhq' object has no attribute 'get_ltp'
2025-05-08 05:06:05,303 - INFO - Failed to get price from candles: 'dhanhq' object has no attribute 'intraday_daily_minute_charts'
2025-05-08 05:06:05,303 - ERROR - Could not get current market price for PFC.NS
2025-05-08 05:06:05,303 - WARNING - Could not get current market price for PFC.NS
2025-05-08 05:06:05,304 - INFO - Checking position: BUY RECLTD.NS (Sector: Financial Services)
2025-05-08 05:06:05,304 - INFO - SECURITY ID LOOKUP: Searching for RECLTD.NS
2025-05-08 05:06:05,304 - INFO - Trying exact match for 'RECLTD.NS'
2025-05-08 05:06:05,304 - INFO - FOUND EXACT MATCH: ID 15355 for RECLTD.NS
2025-05-08 05:06:05,305 - INFO - Getting current market price for RECLTD.NS
2025-05-08 05:06:05,305 - INFO - Failed to get quote using symbol: 'dhanhq' object has no attribute 'get_quote'
2025-05-08 05:06:05,305 - INFO - Failed to get LTP using security_id: 'dhanhq' object has no attribute 'get_ltp'
2025-05-08 05:06:05,306 - INFO - Failed to get price from candles: 'dhanhq' object has no attribute 'intraday_daily_minute_charts'
2025-05-08 05:06:05,306 - ERROR - Could not get current market price for RECLTD.NS
2025-05-08 05:06:05,306 - WARNING - Could not get current market price for RECLTD.NS
2025-05-08 05:06:05,307 - INFO - Checking position: SELL GODREJPROP.NS (Sector: Realty)
2025-05-08 05:06:05,307 - INFO - SECURITY ID LOOKUP: Searching for GODREJPROP.NS
2025-05-08 05:06:05,308 - INFO - Trying exact match for 'GODREJPROP.NS'
2025-05-08 05:06:05,308 - INFO - FOUND EXACT MATCH: ID 17875 for GODREJPROP.NS
2025-05-08 05:06:05,308 - INFO - Getting current market price for GODREJPROP.NS
2025-05-08 05:06:05,309 - INFO - Failed to get quote using symbol: 'dhanhq' object has no attribute 'get_quote'
2025-05-08 05:06:05,310 - INFO - Failed to get LTP using security_id: 'dhanhq' object has no attribute 'get_ltp'
2025-05-08 05:06:05,310 - INFO - Failed to get price from candles: 'dhanhq' object has no attribute 'intraday_daily_minute_charts'
2025-05-08 05:06:05,311 - ERROR - Could not get current market price for GODREJPROP.NS
2025-05-08 05:06:05,311 - WARNING - Could not get current market price for GODREJPROP.NS
2025-05-08 05:06:05,312 - INFO - Checking position: BUY COLPAL.NS (Sector: FMCG)
2025-05-08 05:06:05,312 - INFO - SECURITY ID LOOKUP: Searching for COLPAL.NS
2025-05-08 05:06:05,313 - INFO - Trying exact match for 'COLPAL.NS'
2025-05-08 05:06:05,313 - INFO - FOUND EXACT MATCH: ID 15141 for COLPAL.NS
2025-05-08 05:06:05,313 - INFO - Getting current market price for COLPAL.NS
2025-05-08 05:06:05,313 - INFO - Failed to get quote using symbol: 'dhanhq' object has no attribute 'get_quote'
2025-05-08 05:06:05,314 - INFO - Failed to get LTP using security_id: 'dhanhq' object has no attribute 'get_ltp'
2025-05-08 05:06:05,314 - INFO - Failed to get price from candles: 'dhanhq' object has no attribute 'intraday_daily_minute_charts'
2025-05-08 05:06:05,314 - ERROR - Could not get current market price for COLPAL.NS
2025-05-08 05:06:05,314 - WARNING - Could not get current market price for COLPAL.NS
2025-05-08 05:06:05,315 - INFO - Checking position: SELL SBILIFE.NS (Sector: Financial Services)
2025-05-08 05:06:05,315 - INFO - SECURITY ID LOOKUP: Searching for SBILIFE.NS
2025-05-08 05:06:05,315 - INFO - Trying exact match for 'SBILIFE.NS'
2025-05-08 05:06:05,315 - INFO - FOUND EXACT MATCH: ID 21808 for SBILIFE.NS
2025-05-08 05:06:05,316 - INFO - Getting current market price for SBILIFE.NS
2025-05-08 05:06:05,316 - INFO - Failed to get quote using symbol: 'dhanhq' object has no attribute 'get_quote'
2025-05-08 05:06:05,316 - INFO - Failed to get LTP using security_id: 'dhanhq' object has no attribute 'get_ltp'
2025-05-08 05:06:05,316 - INFO - Failed to get price from candles: 'dhanhq' object has no attribute 'intraday_daily_minute_charts'
2025-05-08 05:06:05,316 - ERROR - Could not get current market price for SBILIFE.NS
2025-05-08 05:06:05,317 - WARNING - Could not get current market price for SBILIFE.NS
2025-05-08 05:06:05,317 - INFO - Checking position: BUY NESTLEIND.NS (Sector: FMCG)
2025-05-08 05:06:05,317 - INFO - SECURITY ID LOOKUP: Searching for NESTLEIND.NS
2025-05-08 05:06:05,317 - INFO - Trying exact match for 'NESTLEIND.NS'
2025-05-08 05:06:05,317 - INFO - FOUND EXACT MATCH: ID 17963 for NESTLEIND.NS
2025-05-08 05:06:05,318 - INFO - Getting current market price for NESTLEIND.NS
2025-05-08 05:06:05,318 - INFO - Failed to get quote using symbol: 'dhanhq' object has no attribute 'get_quote'
2025-05-08 05:06:05,318 - INFO - Failed to get LTP using security_id: 'dhanhq' object has no attribute 'get_ltp'
2025-05-08 05:06:05,318 - INFO - Failed to get price from candles: 'dhanhq' object has no attribute 'intraday_daily_minute_charts'
2025-05-08 05:06:05,319 - ERROR - Could not get current market price for NESTLEIND.NS
2025-05-08 05:06:05,319 - WARNING - Could not get current market price for NESTLEIND.NS
2025-05-08 05:06:05,319 - INFO - Checking position: BUY ONGC.NS (Sector: Energy)
2025-05-08 05:06:05,319 - INFO - SECURITY ID LOOKUP: Searching for ONGC.NS
2025-05-08 05:06:05,320 - INFO - Trying exact match for 'ONGC.NS'
2025-05-08 05:06:05,320 - INFO - FOUND EXACT MATCH: ID 2475 for ONGC.NS
2025-05-08 05:06:05,320 - INFO - Getting current market price for ONGC.NS
2025-05-08 05:06:05,321 - INFO - Failed to get quote using symbol: 'dhanhq' object has no attribute 'get_quote'
2025-05-08 05:06:05,321 - INFO - Failed to get LTP using security_id: 'dhanhq' object has no attribute 'get_ltp'
2025-05-08 05:06:05,321 - INFO - Failed to get price from candles: 'dhanhq' object has no attribute 'intraday_daily_minute_charts'
2025-05-08 05:06:05,321 - ERROR - Could not get current market price for ONGC.NS
2025-05-08 05:06:05,322 - WARNING - Could not get current market price for ONGC.NS
2025-05-08 05:06:05,322 - INFO - Checking position: SELL MARICO.NS (Sector: FMCG)
2025-05-08 05:06:05,322 - INFO - SECURITY ID LOOKUP: Searching for MARICO.NS
2025-05-08 05:06:05,322 - INFO - Trying exact match for 'MARICO.NS'
2025-05-08 05:06:05,322 - INFO - FOUND EXACT MATCH: ID 4067 for MARICO.NS
2025-05-08 05:06:05,323 - INFO - Getting current market price for MARICO.NS
2025-05-08 05:06:05,324 - INFO - Failed to get quote using symbol: 'dhanhq' object has no attribute 'get_quote'
2025-05-08 05:06:05,324 - INFO - Failed to get LTP using security_id: 'dhanhq' object has no attribute 'get_ltp'
2025-05-08 05:06:05,325 - INFO - Failed to get price from candles: 'dhanhq' object has no attribute 'intraday_daily_minute_charts'
2025-05-08 05:06:05,327 - ERROR - Could not get current market price for MARICO.NS
2025-05-08 05:06:05,328 - WARNING - Could not get current market price for MARICO.NS
2025-05-08 05:06:05,328 - INFO - Checking position: SELL LALPATHLAB.NS (Sector: Pharma)
2025-05-08 05:06:05,329 - INFO - SECURITY ID LOOKUP: Searching for LALPATHLAB.NS
2025-05-08 05:06:05,329 - INFO - Trying exact match for 'LALPATHLAB.NS'
2025-05-08 05:06:05,330 - INFO - FOUND EXACT MATCH: ID 11654 for LALPATHLAB.NS
2025-05-08 05:06:05,330 - INFO - Getting current market price for LALPATHLAB.NS
2025-05-08 05:06:05,330 - INFO - Failed to get quote using symbol: 'dhanhq' object has no attribute 'get_quote'
2025-05-08 05:06:05,330 - INFO - Failed to get LTP using security_id: 'dhanhq' object has no attribute 'get_ltp'
2025-05-08 05:06:05,330 - INFO - Failed to get price from candles: 'dhanhq' object has no attribute 'intraday_daily_minute_charts'
2025-05-08 05:06:05,331 - ERROR - Could not get current market price for LALPATHLAB.NS
2025-05-08 05:06:05,331 - WARNING - Could not get current market price for LALPATHLAB.NS
2025-05-08 05:06:05,331 - INFO - Checking position: SELL BIOCON.NS (Sector: Pharma)
2025-05-08 05:06:05,331 - INFO - SECURITY ID LOOKUP: Searching for BIOCON.NS
2025-05-08 05:06:05,332 - INFO - Trying exact match for 'BIOCON.NS'
2025-05-08 05:06:05,332 - INFO - FOUND EXACT MATCH: ID 11373 for BIOCON.NS
2025-05-08 05:06:05,333 - INFO - Getting current market price for BIOCON.NS
2025-05-08 05:06:05,333 - INFO - Failed to get quote using symbol: 'dhanhq' object has no attribute 'get_quote'
2025-05-08 05:06:05,333 - INFO - Failed to get LTP using security_id: 'dhanhq' object has no attribute 'get_ltp'
2025-05-08 05:06:05,334 - INFO - Failed to get price from candles: 'dhanhq' object has no attribute 'intraday_daily_minute_charts'
2025-05-08 05:06:05,334 - ERROR - Could not get current market price for BIOCON.NS
2025-05-08 05:06:05,334 - WARNING - Could not get current market price for BIOCON.NS
2025-05-08 05:06:05,335 - INFO - Checking position: BUY HATHWAY.NS (Sector: Media)
2025-05-08 05:06:05,335 - INFO - SECURITY ID LOOKUP: Searching for HATHWAY.NS
2025-05-08 05:06:05,335 - INFO - Trying exact match for 'HATHWAY.NS'
2025-05-08 05:06:05,335 - INFO - FOUND EXACT MATCH: ID 18154 for HATHWAY.NS
2025-05-08 05:06:05,336 - INFO - Getting current market price for HATHWAY.NS
2025-05-08 05:06:05,336 - INFO - Failed to get quote using symbol: 'dhanhq' object has no attribute 'get_quote'
2025-05-08 05:06:05,336 - INFO - Failed to get LTP using security_id: 'dhanhq' object has no attribute 'get_ltp'
2025-05-08 05:06:05,336 - INFO - Failed to get price from candles: 'dhanhq' object has no attribute 'intraday_daily_minute_charts'
2025-05-08 05:06:05,337 - ERROR - Could not get current market price for HATHWAY.NS
2025-05-08 05:06:05,337 - WARNING - Could not get current market price for HATHWAY.NS
2025-05-08 05:06:05,337 - INFO - Checking position: BUY SUNTV.NS (Sector: Media)
2025-05-08 05:06:05,337 - INFO - SECURITY ID LOOKUP: Searching for SUNTV.NS
2025-05-08 05:06:05,337 - INFO - Trying exact match for 'SUNTV.NS'
2025-05-08 05:06:05,338 - INFO - FOUND EXACT MATCH: ID 13404 for SUNTV.NS
2025-05-08 05:06:05,338 - INFO - Getting current market price for SUNTV.NS
2025-05-08 05:06:05,338 - INFO - Failed to get quote using symbol: 'dhanhq' object has no attribute 'get_quote'
2025-05-08 05:06:05,338 - INFO - Failed to get LTP using security_id: 'dhanhq' object has no attribute 'get_ltp'
2025-05-08 05:06:05,339 - INFO - Failed to get price from candles: 'dhanhq' object has no attribute 'intraday_daily_minute_charts'
2025-05-08 05:06:05,339 - ERROR - Could not get current market price for SUNTV.NS
2025-05-08 05:06:05,339 - WARNING - Could not get current market price for SUNTV.NS
2025-05-08 05:06:05,339 - INFO - Checking position: BUY PRESTIGE.NS (Sector: Realty)
2025-05-08 05:06:05,339 - INFO - SECURITY ID LOOKUP: Searching for PRESTIGE.NS
2025-05-08 05:06:05,340 - INFO - Trying exact match for 'PRESTIGE.NS'
2025-05-08 05:06:05,341 - INFO - FOUND EXACT MATCH: ID 20302 for PRESTIGE.NS
2025-05-08 05:06:05,341 - INFO - Getting current market price for PRESTIGE.NS
2025-05-08 05:06:05,342 - INFO - Failed to get quote using symbol: 'dhanhq' object has no attribute 'get_quote'
2025-05-08 05:06:05,342 - INFO - Failed to get LTP using security_id: 'dhanhq' object has no attribute 'get_ltp'
2025-05-08 05:06:05,343 - INFO - Failed to get price from candles: 'dhanhq' object has no attribute 'intraday_daily_minute_charts'
2025-05-08 05:06:05,343 - ERROR - Could not get current market price for PRESTIGE.NS
2025-05-08 05:06:05,344 - WARNING - Could not get current market price for PRESTIGE.NS
2025-05-08 05:06:05,344 - INFO - No positions needed to be exited
2025-05-08 05:06:05,345 - INFO - 
==================================================
POSITION PROCESSING COMPLETE
==================================================
2025-05-08 05:06:05,346 - INFO - First run of the day - looking for sector-based trading opportunities...
2025-05-08 05:06:05,346 - INFO - 
==================================================
FINDING NEW TRADING OPPORTUNITIES
==================================================
2025-05-08 05:06:05,346 - INFO - Found 33 active tickers out of 33 total
2025-05-08 05:06:05,348 - INFO - Processed sector data for 10 sectors
2025-05-08 05:06:05,349 - INFO - Processing tickers in order: ['BALKRISIND.NS', 'M&M.NS', 'MARUTI.NS', 'MOTHERSON.NS', 'MRF.NS', 'MARICO.NS', 'CHOLAFIN.NS', 'MUTHOOTFIN.NS', 'PEL.NS', 'LALPATHLAB.NS', 'NAZARA.NS', 'TATASTEEL.NS', 'MGL.NS', 'BIOCON.NS', 'VBL.NS', 'ADANIENSOL.NS', 'ADANIGREEN.NS', 'TATAPOWER.NS', 'RECLTD.NS', 'LTTS.NS', 'MPHASIS.NS', 'HATHWAY.NS', 'SUNTV.NS', 'PETRONET.NS', 'AUROPHARMA.NS', 'BANKBARODA.NS', 'BANKINDIA.NS', 'CANBK.NS', 'PNB.NS', 'UNIONBANK.NS', 'BANDHANBNK.NS', 'PRESTIGE.NS', 'HUDCO.NS']
2025-05-08 05:06:05,349 - INFO - Already have open positions for: ['EXIDEIND.NS', 'HEROMOTOCO.NS', 'BAJAJFINSV.NS', 'PFC.NS', 'RECLTD.NS', 'GODREJPROP.NS', 'COLPAL.NS', 'SBILIFE.NS', 'NESTLEIND.NS', 'ONGC.NS', 'MARICO.NS', 'LALPATHLAB.NS', 'BIOCON.NS', 'HATHWAY.NS', 'SUNTV.NS', 'PRESTIGE.NS']
2025-05-08 05:06:05,349 - INFO - Current sector rankings:
2025-05-08 05:06:05,350 - INFO -   Rank 1: Auto - POSITIVE (1.66%) - TOP
2025-05-08 05:06:05,350 - INFO -   Rank 2: Realty - POSITIVE (1.12%) - TOP
2025-05-08 05:06:05,350 - INFO -   Rank 3: Media - POSITIVE (1.06%) - TOP
2025-05-08 05:06:05,350 - INFO -   Rank 4: Metal - POSITIVE (0.98%) - MIDDLE
2025-05-08 05:06:05,350 - INFO -   Rank 5: Energy - POSITIVE (0.82%) - MIDDLE
2025-05-08 05:06:05,351 - INFO -   Rank 6: Financial Services - POSITIVE (0.76%) - MIDDLE
2025-05-08 05:06:05,351 - INFO -   Rank 7: PSU Bank - POSITIVE (0.29%) - MIDDLE
2025-05-08 05:06:05,351 - INFO -   Rank 8: IT - POSITIVE (0.14%) - BOTTOM
2025-05-08 05:06:05,351 - INFO -   Rank 9: Pharma - NEGATIVE (-0.33%) - BOTTOM
2025-05-08 05:06:05,351 - INFO -   Rank 10: FMCG - NEGATIVE (-0.52%) - BOTTOM
2025-05-08 05:06:05,352 - INFO - Processing ticker 1: BALKRISIND.NS
2025-05-08 05:06:05,352 - INFO - Found sector Auto for BALKRISIND.NS
2025-05-08 05:06:05,352 - INFO - Evaluating BALKRISIND.NS in sector Auto - Rank 1 (TOP)
2025-05-08 05:06:05,353 - INFO -   Performance: +1.66%
2025-05-08 05:06:05,353 - INFO - Not trading BALKRISIND.NS - sector ranking doesn't match strategy
2025-05-08 05:06:05,353 - INFO -   Transaction type: SELL
2025-05-08 05:06:05,353 - INFO -   Sector category: TOP
2025-05-08 05:06:05,353 - INFO -   Sector is_positive: True
2025-05-08 05:06:05,354 - INFO - Processing ticker 2: M&M.NS
2025-05-08 05:06:05,354 - INFO - Found sector Auto for M&M.NS
2025-05-08 05:06:05,354 - INFO - Evaluating M&M.NS in sector Auto - Rank 1 (TOP)
2025-05-08 05:06:05,354 - INFO -   Performance: +1.66%
2025-05-08 05:06:05,354 - INFO - Not trading M&M.NS - sector ranking doesn't match strategy
2025-05-08 05:06:05,355 - INFO -   Transaction type: SELL
2025-05-08 05:06:05,355 - INFO -   Sector category: TOP
2025-05-08 05:06:05,355 - INFO -   Sector is_positive: True
2025-05-08 05:06:05,355 - INFO - Processing ticker 3: MARUTI.NS
2025-05-08 05:06:05,356 - INFO - Found sector Auto for MARUTI.NS
2025-05-08 05:06:05,356 - INFO - Evaluating MARUTI.NS in sector Auto - Rank 1 (TOP)
2025-05-08 05:06:05,356 - INFO -   Performance: +1.66%
2025-05-08 05:06:05,356 - INFO - Not trading MARUTI.NS - sector ranking doesn't match strategy
2025-05-08 05:06:05,358 - INFO -   Transaction type: SELL
2025-05-08 05:06:05,359 - INFO -   Sector category: TOP
2025-05-08 05:06:05,359 - INFO -   Sector is_positive: True
2025-05-08 05:06:05,361 - INFO - Processing ticker 4: MOTHERSON.NS
2025-05-08 05:06:05,361 - INFO - Found sector Auto for MOTHERSON.NS
2025-05-08 05:06:05,363 - INFO - Evaluating MOTHERSON.NS in sector Auto - Rank 1 (TOP)
2025-05-08 05:06:05,363 - INFO -   Performance: +1.66%
2025-05-08 05:06:05,364 - INFO - Not trading MOTHERSON.NS - sector ranking doesn't match strategy
2025-05-08 05:06:05,364 - INFO -   Transaction type: SELL
2025-05-08 05:06:05,364 - INFO -   Sector category: TOP
2025-05-08 05:06:05,365 - INFO -   Sector is_positive: True
2025-05-08 05:06:05,365 - INFO - Processing ticker 5: MRF.NS
2025-05-08 05:06:05,366 - INFO - Found sector Auto for MRF.NS
2025-05-08 05:06:05,366 - INFO - Evaluating MRF.NS in sector Auto - Rank 1 (TOP)
2025-05-08 05:06:05,366 - INFO -   Performance: +1.66%
2025-05-08 05:06:05,367 - INFO - Not trading MRF.NS - sector ranking doesn't match strategy
2025-05-08 05:06:05,367 - INFO -   Transaction type: SELL
2025-05-08 05:06:05,367 - INFO -   Sector category: TOP
2025-05-08 05:06:05,367 - INFO -   Sector is_positive: True
2025-05-08 05:06:05,368 - INFO - Processing ticker 6: MARICO.NS
2025-05-08 05:06:05,368 - INFO - Skipping MARICO.NS - already have an open position
2025-05-08 05:06:05,368 - INFO - Processing ticker 7: CHOLAFIN.NS
2025-05-08 05:06:05,369 - INFO - Found sector Financial Services for CHOLAFIN.NS
2025-05-08 05:06:05,369 - INFO - Evaluating CHOLAFIN.NS in sector Financial Services - Rank 6 (MIDDLE)
2025-05-08 05:06:05,370 - INFO -   Performance: +0.76%
2025-05-08 05:06:05,370 - INFO - Not trading CHOLAFIN.NS - sector ranking doesn't match strategy
2025-05-08 05:06:05,370 - INFO -   Transaction type: SELL
2025-05-08 05:06:05,371 - INFO -   Sector category: MIDDLE
2025-05-08 05:06:05,371 - INFO -   Sector is_positive: True
2025-05-08 05:06:05,371 - INFO - Processing ticker 8: MUTHOOTFIN.NS
2025-05-08 05:06:05,371 - INFO - Found sector Financial Services for MUTHOOTFIN.NS
2025-05-08 05:06:05,372 - INFO - Evaluating MUTHOOTFIN.NS in sector Financial Services - Rank 6 (MIDDLE)
2025-05-08 05:06:05,372 - INFO -   Performance: +0.76%
2025-05-08 05:06:05,372 - INFO - Not trading MUTHOOTFIN.NS - sector ranking doesn't match strategy
2025-05-08 05:06:05,372 - INFO -   Transaction type: SELL
2025-05-08 05:06:05,373 - INFO -   Sector category: MIDDLE
2025-05-08 05:06:05,375 - INFO -   Sector is_positive: True
2025-05-08 05:06:05,375 - INFO - Processing ticker 9: PEL.NS
2025-05-08 05:06:05,375 - INFO - Found sector Financial Services for PEL.NS
2025-05-08 05:06:05,376 - INFO - Evaluating PEL.NS in sector Financial Services - Rank 6 (MIDDLE)
2025-05-08 05:06:05,376 - INFO -   Performance: +0.76%
2025-05-08 05:06:05,376 - INFO - Not trading PEL.NS - sector ranking doesn't match strategy
2025-05-08 05:06:05,377 - INFO -   Transaction type: SELL
2025-05-08 05:06:05,377 - INFO -   Sector category: MIDDLE
2025-05-08 05:06:05,378 - INFO -   Sector is_positive: True
2025-05-08 05:06:05,379 - INFO - Processing ticker 10: LALPATHLAB.NS
2025-05-08 05:06:05,379 - INFO - Skipping LALPATHLAB.NS - already have an open position
2025-05-08 05:06:05,380 - INFO - Processing ticker 11: NAZARA.NS
2025-05-08 05:06:05,381 - INFO - Found sector Media for NAZARA.NS
2025-05-08 05:06:05,382 - INFO - Evaluating NAZARA.NS in sector Media - Rank 3 (TOP)
2025-05-08 05:06:05,382 - INFO -   Performance: +1.06%
2025-05-08 05:06:05,383 - INFO - Not trading NAZARA.NS - sector ranking doesn't match strategy
2025-05-08 05:06:05,383 - INFO -   Transaction type: SELL
2025-05-08 05:06:05,383 - INFO -   Sector category: TOP
2025-05-08 05:06:05,383 - INFO -   Sector is_positive: True
2025-05-08 05:06:05,383 - INFO - Processing ticker 12: TATASTEEL.NS
2025-05-08 05:06:05,384 - INFO - Found sector Metal for TATASTEEL.NS
2025-05-08 05:06:05,384 - INFO - Evaluating TATASTEEL.NS in sector Metal - Rank 4 (MIDDLE)
2025-05-08 05:06:05,384 - INFO -   Performance: +0.98%
2025-05-08 05:06:05,384 - INFO - Not trading TATASTEEL.NS - sector ranking doesn't match strategy
2025-05-08 05:06:05,385 - INFO -   Transaction type: SELL
2025-05-08 05:06:05,385 - INFO -   Sector category: MIDDLE
2025-05-08 05:06:05,385 - INFO -   Sector is_positive: True
2025-05-08 05:06:05,385 - INFO - Processing ticker 13: MGL.NS
2025-05-08 05:06:05,385 - WARNING - Could not find sector for MGL.NS in sector mapping
2025-05-08 05:06:05,386 - INFO - Processing ticker 14: BIOCON.NS
2025-05-08 05:06:05,386 - INFO - Skipping BIOCON.NS - already have an open position
2025-05-08 05:06:05,386 - INFO - Processing ticker 15: VBL.NS
2025-05-08 05:06:05,386 - WARNING - Could not find sector for VBL.NS in sector mapping
2025-05-08 05:06:05,387 - INFO - Processing ticker 16: ADANIENSOL.NS
2025-05-08 05:06:05,387 - WARNING - Could not find sector for ADANIENSOL.NS in sector mapping
2025-05-08 05:06:05,387 - INFO - Processing ticker 17: ADANIGREEN.NS
2025-05-08 05:06:05,388 - INFO - Found sector Energy for ADANIGREEN.NS
2025-05-08 05:06:05,388 - INFO - Evaluating ADANIGREEN.NS in sector Energy - Rank 5 (MIDDLE)
2025-05-08 05:06:05,388 - INFO -   Performance: +0.82%
2025-05-08 05:06:05,388 - INFO - Not trading ADANIGREEN.NS - sector ranking doesn't match strategy
2025-05-08 05:06:05,389 - INFO -   Transaction type: BUY
2025-05-08 05:06:05,389 - INFO -   Sector category: MIDDLE
2025-05-08 05:06:05,389 - INFO -   Sector is_positive: True
2025-05-08 05:06:05,389 - INFO - Processing ticker 18: TATAPOWER.NS
2025-05-08 05:06:05,389 - INFO - Found sector Energy for TATAPOWER.NS
2025-05-08 05:06:05,390 - INFO - Evaluating TATAPOWER.NS in sector Energy - Rank 5 (MIDDLE)
2025-05-08 05:06:05,391 - INFO -   Performance: +0.82%
2025-05-08 05:06:05,391 - INFO - Not trading TATAPOWER.NS - sector ranking doesn't match strategy
2025-05-08 05:06:05,392 - INFO -   Transaction type: BUY
2025-05-08 05:06:05,392 - INFO -   Sector category: MIDDLE
2025-05-08 05:06:05,393 - INFO -   Sector is_positive: True
2025-05-08 05:06:05,394 - INFO - Processing ticker 19: RECLTD.NS
2025-05-08 05:06:05,394 - INFO - Skipping RECLTD.NS - already have an open position
2025-05-08 05:06:05,395 - INFO - Processing ticker 20: LTTS.NS
2025-05-08 05:06:05,396 - INFO - Found sector IT for LTTS.NS
2025-05-08 05:06:05,396 - INFO - Evaluating LTTS.NS in sector IT - Rank 8 (BOTTOM)
2025-05-08 05:06:05,396 - INFO -   Performance: +0.14%
2025-05-08 05:06:05,396 - INFO - Not trading LTTS.NS - sector ranking doesn't match strategy
2025-05-08 05:06:05,397 - INFO -   Transaction type: BUY
2025-05-08 05:06:05,397 - INFO -   Sector category: BOTTOM
2025-05-08 05:06:05,397 - INFO -   Sector is_positive: True
2025-05-08 05:06:05,397 - INFO - Processing ticker 21: MPHASIS.NS
2025-05-08 05:06:05,398 - INFO - Found sector IT for MPHASIS.NS
2025-05-08 05:06:05,398 - INFO - Evaluating MPHASIS.NS in sector IT - Rank 8 (BOTTOM)
2025-05-08 05:06:05,398 - INFO -   Performance: +0.14%
2025-05-08 05:06:05,398 - INFO - Not trading MPHASIS.NS - sector ranking doesn't match strategy
2025-05-08 05:06:05,399 - INFO -   Transaction type: BUY
2025-05-08 05:06:05,399 - INFO -   Sector category: BOTTOM
2025-05-08 05:06:05,399 - INFO -   Sector is_positive: True
2025-05-08 05:06:05,399 - INFO - Processing ticker 22: HATHWAY.NS
2025-05-08 05:06:05,399 - INFO - Skipping HATHWAY.NS - already have an open position
2025-05-08 05:06:05,400 - INFO - Processing ticker 23: SUNTV.NS
2025-05-08 05:06:05,400 - INFO - Skipping SUNTV.NS - already have an open position
2025-05-08 05:06:05,400 - INFO - Processing ticker 24: PETRONET.NS
2025-05-08 05:06:05,400 - INFO - Found sector Oil & Gas for PETRONET.NS
2025-05-08 05:06:05,400 - WARNING - No data for sector Oil & Gas
2025-05-08 05:06:05,401 - INFO - Processing ticker 25: AUROPHARMA.NS
2025-05-08 05:06:05,401 - INFO - Found sector Pharma for AUROPHARMA.NS
2025-05-08 05:06:05,401 - INFO - Evaluating AUROPHARMA.NS in sector Pharma - Rank 9 (BOTTOM)
2025-05-08 05:06:05,401 - INFO -   Performance: -0.33%
2025-05-08 05:06:05,401 - INFO - Not trading AUROPHARMA.NS - sector ranking doesn't match strategy
2025-05-08 05:06:05,402 - INFO -   Transaction type: BUY
2025-05-08 05:06:05,402 - INFO -   Sector category: BOTTOM
2025-05-08 05:06:05,402 - INFO -   Sector is_positive: False
2025-05-08 05:06:05,403 - INFO - Processing ticker 26: BANKBARODA.NS
2025-05-08 05:06:05,403 - WARNING - Could not find sector for BANKBARODA.NS in sector mapping
2025-05-08 05:06:05,403 - INFO - Processing ticker 27: BANKINDIA.NS
2025-05-08 05:06:05,404 - INFO - Found sector PSU Bank for BANKINDIA.NS
2025-05-08 05:06:05,404 - INFO - Evaluating BANKINDIA.NS in sector PSU Bank - Rank 7 (MIDDLE)
2025-05-08 05:06:05,404 - INFO -   Performance: +0.29%
2025-05-08 05:06:05,404 - INFO - Not trading BANKINDIA.NS - sector ranking doesn't match strategy
2025-05-08 05:06:05,404 - INFO -   Transaction type: BUY
2025-05-08 05:06:05,405 - INFO -   Sector category: MIDDLE
2025-05-08 05:06:05,405 - INFO -   Sector is_positive: True
2025-05-08 05:06:05,405 - INFO - Processing ticker 28: CANBK.NS
2025-05-08 05:06:05,405 - INFO - Found sector Bank for CANBK.NS
2025-05-08 05:06:05,405 - WARNING - No data for sector Bank
2025-05-08 05:06:05,406 - INFO - Processing ticker 29: PNB.NS
2025-05-08 05:06:05,406 - INFO - Found sector PSU Bank for PNB.NS
2025-05-08 05:06:05,406 - INFO - Evaluating PNB.NS in sector PSU Bank - Rank 7 (MIDDLE)
2025-05-08 05:06:05,409 - INFO -   Performance: +0.29%
2025-05-08 05:06:05,411 - INFO - Not trading PNB.NS - sector ranking doesn't match strategy
2025-05-08 05:06:05,412 - INFO -   Transaction type: BUY
2025-05-08 05:06:05,413 - INFO -   Sector category: MIDDLE
2025-05-08 05:06:05,413 - INFO -   Sector is_positive: True
2025-05-08 05:06:05,414 - INFO - Processing ticker 30: UNIONBANK.NS
2025-05-08 05:06:05,414 - INFO - Found sector PSU Bank for UNIONBANK.NS
2025-05-08 05:06:05,414 - INFO - Evaluating UNIONBANK.NS in sector PSU Bank - Rank 7 (MIDDLE)
2025-05-08 05:06:05,414 - INFO -   Performance: +0.29%
2025-05-08 05:06:05,414 - INFO - Not trading UNIONBANK.NS - sector ranking doesn't match strategy
2025-05-08 05:06:05,415 - INFO -   Transaction type: BUY
2025-05-08 05:06:05,415 - INFO -   Sector category: MIDDLE
2025-05-08 05:06:05,415 - INFO -   Sector is_positive: True
2025-05-08 05:06:05,415 - INFO - Processing ticker 31: BANDHANBNK.NS
2025-05-08 05:06:05,415 - INFO - Found sector PVT Bank for BANDHANBNK.NS
2025-05-08 05:06:05,416 - WARNING - No data for sector PVT Bank
2025-05-08 05:06:05,416 - INFO - Processing ticker 32: PRESTIGE.NS
2025-05-08 05:06:05,416 - INFO - Skipping PRESTIGE.NS - already have an open position
2025-05-08 05:06:05,416 - INFO - Processing ticker 33: HUDCO.NS
2025-05-08 05:06:05,417 - WARNING - Could not find sector for HUDCO.NS in sector mapping
2025-05-08 05:06:05,417 - INFO - Ticker processing summary:
2025-05-08 05:06:05,417 - INFO -   Total tickers considered: 33
2025-05-08 05:06:05,417 - INFO -   Tickers with sector data: 21
2025-05-08 05:06:05,417 - INFO -   Tickers matching sector ranking strategy: 0
2025-05-08 05:06:05,418 - INFO -   Tickers with security ID: 0
2025-05-08 05:06:05,418 - INFO -   Orders successfully placed: 0
2025-05-08 05:06:05,418 - INFO - New positions added: 0
2025-05-08 05:06:05,419 - INFO - Positions skipped: 33
2025-05-08 05:06:05,419 - INFO - Positions with errors: 0
2025-05-08 05:06:05,419 - INFO - 
==================================================
NEW OPPORTUNITIES PROCESSING COMPLETE
==================================================
2025-05-08 05:06:05,420 - INFO - Initial trades have been executed - no more new trades will be placed today
2025-05-08 05:06:05,420 - INFO - 
==================================================
SECTOR PROCESSING COMPLETE
==================================================
2025-05-08 05:06:05,422 - INFO - Saved 16 positions to dhan_positions.json
2025-05-08 05:06:05,422 - INFO - 
==================================================
POSITIONS SUMMARY
==================================================
2025-05-08 05:06:05,424 - INFO - Current positions summary:
2025-05-08 05:06:05,425 - INFO -   Open BUY positions: 11
2025-05-08 05:06:05,425 - INFO -   Open SELL positions: 5
2025-05-08 05:06:05,425 - INFO -   Closed positions: 0
2025-05-08 05:06:05,426 - INFO -   Total positions: 16
2025-05-08 05:06:05,426 - INFO - Open positions:
2025-05-08 05:06:05,427 - INFO -   BUY EXIDEIND.NS (Sector: Auto, Entry: 2025-05-05 05:08:27, Order ID: 412505057762, SL%: 1.0%, Target%: 1.0%)
2025-05-08 05:06:05,427 - INFO -   BUY HEROMOTOCO.NS (Sector: Auto, Entry: 2025-05-05 05:08:39, Order ID: 912505057802, SL%: 1.0%, Target%: 1.0%)
2025-05-08 05:06:05,428 - INFO -   BUY BAJAJFINSV.NS (Sector: Financial Services, Entry: 2025-05-05 05:08:51, Order ID: 912505057892, SL%: 1.0%, Target%: 1.0%)
2025-05-08 05:06:05,429 - INFO -   BUY PFC.NS (Sector: Financial Services, Entry: 2025-05-05 05:09:04, Order ID: 912505057962, SL%: 1.0%, Target%: 1.0%)
2025-05-08 05:06:05,429 - INFO -   BUY RECLTD.NS (Sector: Financial Services, Entry: 2025-05-05 05:09:16, Order ID: 912505058012, SL%: 1.0%, Target%: 1.0%)
2025-05-08 05:06:05,429 - INFO -   SELL GODREJPROP.NS (Sector: Realty, Entry: 2025-05-05 05:09:29, Order ID: 312505057842, SL%: 1.0%, Target%: 1.0%)
2025-05-08 05:06:05,430 - INFO -   BUY COLPAL.NS (Sector: FMCG, Entry: 2025-05-05 05:34:29, Order ID: 6125050517042, SL%: 1.0%, Target%: 1.0%)
2025-05-08 05:06:05,430 - INFO -   SELL SBILIFE.NS (Sector: Financial Services, Entry: 2025-05-05 05:34:42, Order ID: 9125050513002, SL%: 1.0%, Target%: 1.0%)
2025-05-08 05:06:05,430 - INFO -   BUY NESTLEIND.NS (Sector: FMCG, Entry: 2025-05-06 05:01:40, Order ID: 212505067072, SL%: 1.0%, Target%: 1.0%)
2025-05-08 05:06:05,430 - INFO -   BUY ONGC.NS (Sector: Energy, Entry: 2025-05-06 05:01:52, Order ID: 512505067422, SL%: 1.0%, Target%: 1.0%)
2025-05-08 05:06:05,431 - INFO -   SELL MARICO.NS (Sector: FMCG, Entry: 2025-05-08 05:01:51, Order ID: 512505087152, SL%: 1.0%, Target%: 1.0%)
2025-05-08 05:06:05,431 - INFO -   SELL LALPATHLAB.NS (Sector: Pharma, Entry: 2025-05-08 05:02:03, Order ID: 412505086142, SL%: 1.0%, Target%: 1.0%)
2025-05-08 05:06:05,431 - INFO -   SELL BIOCON.NS (Sector: Pharma, Entry: 2025-05-08 05:02:15, Order ID: 612505087882, SL%: 1.0%, Target%: 1.0%)
2025-05-08 05:06:05,431 - INFO -   BUY HATHWAY.NS (Sector: Media, Entry: 2025-05-08 05:02:28, Order ID: 512505087252, SL%: 1.0%, Target%: 1.0%)
2025-05-08 05:06:05,431 - INFO -   BUY SUNTV.NS (Sector: Media, Entry: 2025-05-08 05:02:40, Order ID: 912505086332, SL%: 1.0%, Target%: 1.0%)
2025-05-08 05:06:05,432 - INFO -   BUY PRESTIGE.NS (Sector: Realty, Entry: 2025-05-08 05:02:53, Order ID: 912505086372, SL%: 1.0%, Target%: 1.0%)
2025-05-08 05:06:05,432 - INFO - 
==================================================
POSITIONS SUMMARY COMPLETE
==================================================
2025-05-08 05:06:05,432 - INFO - Trading cycle 7 completed
2025-05-08 05:06:05,433 - INFO - Waiting 30 seconds until next check at 05:06:35...
2025-05-08 05:06:05,433 - INFO - 
==================================================
CYCLE 7 COMPLETE
==================================================
2025-05-08 05:06:35,439 - INFO - 
==================================================
TRADING CYCLE 8
==================================================
2025-05-08 05:06:35,440 - INFO - Trading cycle 8 started at 2025-05-08 05:06:35
2025-05-08 05:06:35,440 - INFO - New trading day - resetting flags for fresh sector data check
2025-05-08 05:06:35,441 - INFO - Found fresh sector.csv file modified today
2025-05-08 05:06:35,441 - INFO - 
==================================================
READING SECTOR PERFORMANCE DATA
==================================================
2025-05-08 05:06:35,442 - INFO - Reading sector performance data from sector.csv
2025-05-08 05:06:35,442 - INFO - File last modified: 2025-05-08 05:06:05
2025-05-08 05:06:35,444 - INFO - Adding sector rankings to data
2025-05-08 05:06:35,447 - INFO - Sector rankings:
2025-05-08 05:06:35,448 - INFO - Rank 1: Auto (+1.66%) - TOP
2025-05-08 05:06:35,449 - INFO - Rank 2: Realty (+1.12%) - TOP
2025-05-08 05:06:35,450 - INFO - Rank 3: Media (+1.06%) - TOP
2025-05-08 05:06:35,451 - INFO - Rank 4: Metal (+0.98%) - MIDDLE
2025-05-08 05:06:35,452 - INFO - Rank 5: Energy (+0.82%) - MIDDLE
2025-05-08 05:06:35,453 - INFO - Rank 6: Financial Services (+0.76%) - MIDDLE
2025-05-08 05:06:35,454 - INFO - Rank 7: PSU Bank (+0.29%) - MIDDLE
2025-05-08 05:06:35,455 - INFO - Rank 8: IT (+0.14%) - BOTTOM
2025-05-08 05:06:35,456 - INFO - Rank 9: Pharma (-0.33%) - BOTTOM
2025-05-08 05:06:35,457 - INFO - Rank 10: FMCG (-0.52%) - BOTTOM
2025-05-08 05:06:35,458 - INFO - Latest timestamp in data: 2025-05-08 05:06:05
2025-05-08 05:06:35,458 - INFO - Loaded data for 10 sectors
2025-05-08 05:06:35,458 - INFO - Sector performance details:
2025-05-08 05:06:35,459 - INFO -   Rank 1: Auto - POSITIVE (1.66%) - TOP
2025-05-08 05:06:35,460 - INFO -   Rank 2: Realty - POSITIVE (1.12%) - TOP
2025-05-08 05:06:35,460 - INFO -   Rank 3: Media - POSITIVE (1.06%) - TOP
2025-05-08 05:06:35,461 - INFO -   Rank 4: Metal - POSITIVE (0.98%) - MIDDLE
2025-05-08 05:06:35,461 - INFO -   Rank 5: Energy - POSITIVE (0.82%) - MIDDLE
2025-05-08 05:06:35,462 - INFO -   Rank 6: Financial Services - POSITIVE (0.76%) - MIDDLE
2025-05-08 05:06:35,462 - INFO -   Rank 7: PSU Bank - POSITIVE (0.29%) - MIDDLE
2025-05-08 05:06:35,462 - INFO -   Rank 8: IT - POSITIVE (0.14%) - BOTTOM
2025-05-08 05:06:35,463 - INFO -   Rank 9: Pharma - NEGATIVE (-0.33%) - BOTTOM
2025-05-08 05:06:35,463 - INFO -   Rank 10: FMCG - NEGATIVE (-0.52%) - BOTTOM
2025-05-08 05:06:35,463 - INFO - 
==================================================
SECTOR DATA READ COMPLETE
==================================================
2025-05-08 05:06:35,464 - INFO - 
==================================================
PROCESSING SECTOR DATA
==================================================
2025-05-08 05:06:35,465 - INFO - Processing existing positions for potential exits...
2025-05-08 05:06:35,465 - INFO - 
==================================================
PROCESSING EXISTING POSITIONS
==================================================
2025-05-08 05:06:35,465 - INFO - Processing 16 existing positions
2025-05-08 05:06:35,466 - INFO - Checking position: BUY EXIDEIND.NS (Sector: Auto)
2025-05-08 05:06:35,466 - INFO - SECURITY ID LOOKUP: Searching for EXIDEIND.NS
2025-05-08 05:06:35,466 - INFO - Trying exact match for 'EXIDEIND.NS'
2025-05-08 05:06:35,466 - INFO - FOUND EXACT MATCH: ID 676 for EXIDEIND.NS
2025-05-08 05:06:35,467 - INFO - Getting current market price for EXIDEIND.NS
2025-05-08 05:06:35,467 - INFO - Failed to get quote using symbol: 'dhanhq' object has no attribute 'get_quote'
2025-05-08 05:06:35,467 - INFO - Failed to get LTP using security_id: 'dhanhq' object has no attribute 'get_ltp'
2025-05-08 05:06:35,467 - INFO - Failed to get price from candles: 'dhanhq' object has no attribute 'intraday_daily_minute_charts'
2025-05-08 05:06:35,468 - ERROR - Could not get current market price for EXIDEIND.NS
2025-05-08 05:06:35,468 - WARNING - Could not get current market price for EXIDEIND.NS
2025-05-08 05:06:35,468 - INFO - Checking position: BUY HEROMOTOCO.NS (Sector: Auto)
2025-05-08 05:06:35,468 - INFO - SECURITY ID LOOKUP: Searching for HEROMOTOCO.NS
2025-05-08 05:06:35,469 - INFO - Trying exact match for 'HEROMOTOCO.NS'
2025-05-08 05:06:35,469 - INFO - FOUND EXACT MATCH: ID 1348 for HEROMOTOCO.NS
2025-05-08 05:06:35,469 - INFO - Getting current market price for HEROMOTOCO.NS
2025-05-08 05:06:35,470 - INFO - Failed to get quote using symbol: 'dhanhq' object has no attribute 'get_quote'
2025-05-08 05:06:35,470 - INFO - Failed to get LTP using security_id: 'dhanhq' object has no attribute 'get_ltp'
2025-05-08 05:06:35,471 - INFO - Failed to get price from candles: 'dhanhq' object has no attribute 'intraday_daily_minute_charts'
2025-05-08 05:06:35,472 - ERROR - Could not get current market price for HEROMOTOCO.NS
2025-05-08 05:06:35,472 - WARNING - Could not get current market price for HEROMOTOCO.NS
2025-05-08 05:06:35,472 - INFO - Checking position: BUY BAJAJFINSV.NS (Sector: Financial Services)
2025-05-08 05:06:35,473 - INFO - SECURITY ID LOOKUP: Searching for BAJAJFINSV.NS
2025-05-08 05:06:35,473 - INFO - Trying exact match for 'BAJAJFINSV.NS'
2025-05-08 05:06:35,474 - INFO - FOUND EXACT MATCH: ID 16675 for BAJAJFINSV.NS
2025-05-08 05:06:35,474 - INFO - Getting current market price for BAJAJFINSV.NS
2025-05-08 05:06:35,475 - INFO - Failed to get quote using symbol: 'dhanhq' object has no attribute 'get_quote'
2025-05-08 05:06:35,475 - INFO - Failed to get LTP using security_id: 'dhanhq' object has no attribute 'get_ltp'
2025-05-08 05:06:35,476 - INFO - Failed to get price from candles: 'dhanhq' object has no attribute 'intraday_daily_minute_charts'
2025-05-08 05:06:35,477 - ERROR - Could not get current market price for BAJAJFINSV.NS
2025-05-08 05:06:35,477 - WARNING - Could not get current market price for BAJAJFINSV.NS
2025-05-08 05:06:35,477 - INFO - Checking position: BUY PFC.NS (Sector: Financial Services)
2025-05-08 05:06:35,477 - INFO - SECURITY ID LOOKUP: Searching for PFC.NS
2025-05-08 05:06:35,477 - INFO - Trying exact match for 'PFC.NS'
2025-05-08 05:06:35,477 - INFO - FOUND EXACT MATCH: ID 14299 for PFC.NS
2025-05-08 05:06:35,478 - INFO - Getting current market price for PFC.NS
2025-05-08 05:06:35,478 - INFO - Failed to get quote using symbol: 'dhanhq' object has no attribute 'get_quote'
2025-05-08 05:06:35,478 - INFO - Failed to get LTP using security_id: 'dhanhq' object has no attribute 'get_ltp'
2025-05-08 05:06:35,478 - INFO - Failed to get price from candles: 'dhanhq' object has no attribute 'intraday_daily_minute_charts'
2025-05-08 05:06:35,479 - ERROR - Could not get current market price for PFC.NS
2025-05-08 05:06:35,479 - WARNING - Could not get current market price for PFC.NS
2025-05-08 05:06:35,479 - INFO - Checking position: BUY RECLTD.NS (Sector: Financial Services)
2025-05-08 05:06:35,480 - INFO - SECURITY ID LOOKUP: Searching for RECLTD.NS
2025-05-08 05:06:35,480 - INFO - Trying exact match for 'RECLTD.NS'
2025-05-08 05:06:35,480 - INFO - FOUND EXACT MATCH: ID 15355 for RECLTD.NS
2025-05-08 05:06:35,480 - INFO - Getting current market price for RECLTD.NS
2025-05-08 05:06:35,481 - INFO - Failed to get quote using symbol: 'dhanhq' object has no attribute 'get_quote'
2025-05-08 05:06:35,481 - INFO - Failed to get LTP using security_id: 'dhanhq' object has no attribute 'get_ltp'
2025-05-08 05:06:35,481 - INFO - Failed to get price from candles: 'dhanhq' object has no attribute 'intraday_daily_minute_charts'
2025-05-08 05:06:35,481 - ERROR - Could not get current market price for RECLTD.NS
2025-05-08 05:06:35,482 - WARNING - Could not get current market price for RECLTD.NS
2025-05-08 05:06:35,482 - INFO - Checking position: SELL GODREJPROP.NS (Sector: Realty)
2025-05-08 05:06:35,482 - INFO - SECURITY ID LOOKUP: Searching for GODREJPROP.NS
2025-05-08 05:06:35,482 - INFO - Trying exact match for 'GODREJPROP.NS'
2025-05-08 05:06:35,483 - INFO - FOUND EXACT MATCH: ID 17875 for GODREJPROP.NS
2025-05-08 05:06:35,483 - INFO - Getting current market price for GODREJPROP.NS
2025-05-08 05:06:35,483 - INFO - Failed to get quote using symbol: 'dhanhq' object has no attribute 'get_quote'
2025-05-08 05:06:35,484 - INFO - Failed to get LTP using security_id: 'dhanhq' object has no attribute 'get_ltp'
2025-05-08 05:06:35,484 - INFO - Failed to get price from candles: 'dhanhq' object has no attribute 'intraday_daily_minute_charts'
2025-05-08 05:06:35,484 - ERROR - Could not get current market price for GODREJPROP.NS
2025-05-08 05:06:35,484 - WARNING - Could not get current market price for GODREJPROP.NS
2025-05-08 05:06:35,485 - INFO - Checking position: BUY COLPAL.NS (Sector: FMCG)
2025-05-08 05:06:35,485 - INFO - SECURITY ID LOOKUP: Searching for COLPAL.NS
2025-05-08 05:06:35,485 - INFO - Trying exact match for 'COLPAL.NS'
2025-05-08 05:06:35,485 - INFO - FOUND EXACT MATCH: ID 15141 for COLPAL.NS
2025-05-08 05:06:35,486 - INFO - Getting current market price for COLPAL.NS
2025-05-08 05:06:35,487 - INFO - Failed to get quote using symbol: 'dhanhq' object has no attribute 'get_quote'
2025-05-08 05:06:35,487 - INFO - Failed to get LTP using security_id: 'dhanhq' object has no attribute 'get_ltp'
2025-05-08 05:06:35,488 - INFO - Failed to get price from candles: 'dhanhq' object has no attribute 'intraday_daily_minute_charts'
2025-05-08 05:06:35,488 - ERROR - Could not get current market price for COLPAL.NS
2025-05-08 05:06:35,490 - WARNING - Could not get current market price for COLPAL.NS
2025-05-08 05:06:35,490 - INFO - Checking position: SELL SBILIFE.NS (Sector: Financial Services)
2025-05-08 05:06:35,490 - INFO - SECURITY ID LOOKUP: Searching for SBILIFE.NS
2025-05-08 05:06:35,491 - INFO - Trying exact match for 'SBILIFE.NS'
2025-05-08 05:06:35,491 - INFO - FOUND EXACT MATCH: ID 21808 for SBILIFE.NS
2025-05-08 05:06:35,493 - INFO - Getting current market price for SBILIFE.NS
2025-05-08 05:06:35,493 - INFO - Failed to get quote using symbol: 'dhanhq' object has no attribute 'get_quote'
2025-05-08 05:06:35,493 - INFO - Failed to get LTP using security_id: 'dhanhq' object has no attribute 'get_ltp'
2025-05-08 05:06:35,493 - INFO - Failed to get price from candles: 'dhanhq' object has no attribute 'intraday_daily_minute_charts'
2025-05-08 05:06:35,493 - ERROR - Could not get current market price for SBILIFE.NS
2025-05-08 05:06:35,494 - WARNING - Could not get current market price for SBILIFE.NS
2025-05-08 05:06:35,494 - INFO - Checking position: BUY NESTLEIND.NS (Sector: FMCG)
2025-05-08 05:06:35,494 - INFO - SECURITY ID LOOKUP: Searching for NESTLEIND.NS
2025-05-08 05:06:35,494 - INFO - Trying exact match for 'NESTLEIND.NS'
2025-05-08 05:06:35,495 - INFO - FOUND EXACT MATCH: ID 17963 for NESTLEIND.NS
2025-05-08 05:06:35,495 - INFO - Getting current market price for NESTLEIND.NS
2025-05-08 05:06:35,495 - INFO - Failed to get quote using symbol: 'dhanhq' object has no attribute 'get_quote'
2025-05-08 05:06:35,496 - INFO - Failed to get LTP using security_id: 'dhanhq' object has no attribute 'get_ltp'
2025-05-08 05:06:35,496 - INFO - Failed to get price from candles: 'dhanhq' object has no attribute 'intraday_daily_minute_charts'
2025-05-08 05:06:35,496 - ERROR - Could not get current market price for NESTLEIND.NS
2025-05-08 05:06:35,497 - WARNING - Could not get current market price for NESTLEIND.NS
2025-05-08 05:06:35,498 - INFO - Checking position: BUY ONGC.NS (Sector: Energy)
2025-05-08 05:06:35,498 - INFO - SECURITY ID LOOKUP: Searching for ONGC.NS
2025-05-08 05:06:35,498 - INFO - Trying exact match for 'ONGC.NS'
2025-05-08 05:06:35,498 - INFO - FOUND EXACT MATCH: ID 2475 for ONGC.NS
2025-05-08 05:06:35,499 - INFO - Getting current market price for ONGC.NS
2025-05-08 05:06:35,499 - INFO - Failed to get quote using symbol: 'dhanhq' object has no attribute 'get_quote'
2025-05-08 05:06:35,499 - INFO - Failed to get LTP using security_id: 'dhanhq' object has no attribute 'get_ltp'
2025-05-08 05:06:35,500 - INFO - Failed to get price from candles: 'dhanhq' object has no attribute 'intraday_daily_minute_charts'
2025-05-08 05:06:35,500 - ERROR - Could not get current market price for ONGC.NS
2025-05-08 05:06:35,500 - WARNING - Could not get current market price for ONGC.NS
2025-05-08 05:06:35,500 - INFO - Checking position: SELL MARICO.NS (Sector: FMCG)
2025-05-08 05:06:35,501 - INFO - SECURITY ID LOOKUP: Searching for MARICO.NS
2025-05-08 05:06:35,501 - INFO - Trying exact match for 'MARICO.NS'
2025-05-08 05:06:35,501 - INFO - FOUND EXACT MATCH: ID 4067 for MARICO.NS
2025-05-08 05:06:35,501 - INFO - Getting current market price for MARICO.NS
2025-05-08 05:06:35,502 - INFO - Failed to get quote using symbol: 'dhanhq' object has no attribute 'get_quote'
2025-05-08 05:06:35,502 - INFO - Failed to get LTP using security_id: 'dhanhq' object has no attribute 'get_ltp'
2025-05-08 05:06:35,503 - INFO - Failed to get price from candles: 'dhanhq' object has no attribute 'intraday_daily_minute_charts'
2025-05-08 05:06:35,503 - ERROR - Could not get current market price for MARICO.NS
2025-05-08 05:06:35,503 - WARNING - Could not get current market price for MARICO.NS
2025-05-08 05:06:35,504 - INFO - Checking position: SELL LALPATHLAB.NS (Sector: Pharma)
2025-05-08 05:06:35,505 - INFO - SECURITY ID LOOKUP: Searching for LALPATHLAB.NS
2025-05-08 05:06:35,506 - INFO - Trying exact match for 'LALPATHLAB.NS'
2025-05-08 05:06:35,507 - INFO - FOUND EXACT MATCH: ID 11654 for LALPATHLAB.NS
2025-05-08 05:06:35,507 - INFO - Getting current market price for LALPATHLAB.NS
2025-05-08 05:06:35,508 - INFO - Failed to get quote using symbol: 'dhanhq' object has no attribute 'get_quote'
2025-05-08 05:06:35,509 - INFO - Failed to get LTP using security_id: 'dhanhq' object has no attribute 'get_ltp'
2025-05-08 05:06:35,509 - INFO - Failed to get price from candles: 'dhanhq' object has no attribute 'intraday_daily_minute_charts'
2025-05-08 05:06:35,510 - ERROR - Could not get current market price for LALPATHLAB.NS
2025-05-08 05:06:35,510 - WARNING - Could not get current market price for LALPATHLAB.NS
2025-05-08 05:06:35,511 - INFO - Checking position: SELL BIOCON.NS (Sector: Pharma)
2025-05-08 05:06:35,511 - INFO - SECURITY ID LOOKUP: Searching for BIOCON.NS
2025-05-08 05:06:35,511 - INFO - Trying exact match for 'BIOCON.NS'
2025-05-08 05:06:35,512 - INFO - FOUND EXACT MATCH: ID 11373 for BIOCON.NS
2025-05-08 05:06:35,512 - INFO - Getting current market price for BIOCON.NS
2025-05-08 05:06:35,512 - INFO - Failed to get quote using symbol: 'dhanhq' object has no attribute 'get_quote'
2025-05-08 05:06:35,513 - INFO - Failed to get LTP using security_id: 'dhanhq' object has no attribute 'get_ltp'
2025-05-08 05:06:35,513 - INFO - Failed to get price from candles: 'dhanhq' object has no attribute 'intraday_daily_minute_charts'
2025-05-08 05:06:35,513 - ERROR - Could not get current market price for BIOCON.NS
2025-05-08 05:06:35,514 - WARNING - Could not get current market price for BIOCON.NS
2025-05-08 05:06:35,514 - INFO - Checking position: BUY HATHWAY.NS (Sector: Media)
2025-05-08 05:06:35,514 - INFO - SECURITY ID LOOKUP: Searching for HATHWAY.NS
2025-05-08 05:06:35,515 - INFO - Trying exact match for 'HATHWAY.NS'
2025-05-08 05:06:35,515 - INFO - FOUND EXACT MATCH: ID 18154 for HATHWAY.NS
2025-05-08 05:06:35,515 - INFO - Getting current market price for HATHWAY.NS
2025-05-08 05:06:35,516 - INFO - Failed to get quote using symbol: 'dhanhq' object has no attribute 'get_quote'
2025-05-08 05:06:35,516 - INFO - Failed to get LTP using security_id: 'dhanhq' object has no attribute 'get_ltp'
2025-05-08 05:06:35,516 - INFO - Failed to get price from candles: 'dhanhq' object has no attribute 'intraday_daily_minute_charts'
2025-05-08 05:06:35,516 - ERROR - Could not get current market price for HATHWAY.NS
2025-05-08 05:06:35,517 - WARNING - Could not get current market price for HATHWAY.NS
2025-05-08 05:06:35,517 - INFO - Checking position: BUY SUNTV.NS (Sector: Media)
2025-05-08 05:06:35,517 - INFO - SECURITY ID LOOKUP: Searching for SUNTV.NS
2025-05-08 05:06:35,518 - INFO - Trying exact match for 'SUNTV.NS'
2025-05-08 05:06:35,518 - INFO - FOUND EXACT MATCH: ID 13404 for SUNTV.NS
2025-05-08 05:06:35,518 - INFO - Getting current market price for SUNTV.NS
2025-05-08 05:06:35,518 - INFO - Failed to get quote using symbol: 'dhanhq' object has no attribute 'get_quote'
2025-05-08 05:06:35,519 - INFO - Failed to get LTP using security_id: 'dhanhq' object has no attribute 'get_ltp'
2025-05-08 05:06:35,519 - INFO - Failed to get price from candles: 'dhanhq' object has no attribute 'intraday_daily_minute_charts'
2025-05-08 05:06:35,519 - ERROR - Could not get current market price for SUNTV.NS
2025-05-08 05:06:35,519 - WARNING - Could not get current market price for SUNTV.NS
2025-05-08 05:06:35,520 - INFO - Checking position: BUY PRESTIGE.NS (Sector: Realty)
2025-05-08 05:06:35,521 - INFO - SECURITY ID LOOKUP: Searching for PRESTIGE.NS
2025-05-08 05:06:35,521 - INFO - Trying exact match for 'PRESTIGE.NS'
2025-05-08 05:06:35,522 - INFO - FOUND EXACT MATCH: ID 20302 for PRESTIGE.NS
2025-05-08 05:06:35,522 - INFO - Getting current market price for PRESTIGE.NS
2025-05-08 05:06:35,523 - INFO - Failed to get quote using symbol: 'dhanhq' object has no attribute 'get_quote'
2025-05-08 05:06:35,523 - INFO - Failed to get LTP using security_id: 'dhanhq' object has no attribute 'get_ltp'
2025-05-08 05:06:35,523 - INFO - Failed to get price from candles: 'dhanhq' object has no attribute 'intraday_daily_minute_charts'
2025-05-08 05:06:35,524 - ERROR - Could not get current market price for PRESTIGE.NS
2025-05-08 05:06:35,524 - WARNING - Could not get current market price for PRESTIGE.NS
2025-05-08 05:06:35,525 - INFO - No positions needed to be exited
2025-05-08 05:06:35,526 - INFO - 
==================================================
POSITION PROCESSING COMPLETE
==================================================
2025-05-08 05:06:35,526 - INFO - First run of the day - looking for sector-based trading opportunities...
2025-05-08 05:06:35,526 - INFO - 
==================================================
FINDING NEW TRADING OPPORTUNITIES
==================================================
2025-05-08 05:06:35,527 - INFO - Found 33 active tickers out of 33 total
2025-05-08 05:06:35,528 - INFO - Processed sector data for 10 sectors
2025-05-08 05:06:35,528 - INFO - Processing tickers in order: ['BALKRISIND.NS', 'M&M.NS', 'MARUTI.NS', 'MOTHERSON.NS', 'MRF.NS', 'MARICO.NS', 'CHOLAFIN.NS', 'MUTHOOTFIN.NS', 'PEL.NS', 'LALPATHLAB.NS', 'NAZARA.NS', 'TATASTEEL.NS', 'MGL.NS', 'BIOCON.NS', 'VBL.NS', 'ADANIENSOL.NS', 'ADANIGREEN.NS', 'TATAPOWER.NS', 'RECLTD.NS', 'LTTS.NS', 'MPHASIS.NS', 'HATHWAY.NS', 'SUNTV.NS', 'PETRONET.NS', 'AUROPHARMA.NS', 'BANKBARODA.NS', 'BANKINDIA.NS', 'CANBK.NS', 'PNB.NS', 'UNIONBANK.NS', 'BANDHANBNK.NS', 'PRESTIGE.NS', 'HUDCO.NS']
2025-05-08 05:06:35,529 - INFO - Already have open positions for: ['EXIDEIND.NS', 'HEROMOTOCO.NS', 'BAJAJFINSV.NS', 'PFC.NS', 'RECLTD.NS', 'GODREJPROP.NS', 'COLPAL.NS', 'SBILIFE.NS', 'NESTLEIND.NS', 'ONGC.NS', 'MARICO.NS', 'LALPATHLAB.NS', 'BIOCON.NS', 'HATHWAY.NS', 'SUNTV.NS', 'PRESTIGE.NS']
2025-05-08 05:06:35,529 - INFO - Current sector rankings:
2025-05-08 05:06:35,529 - INFO -   Rank 1: Auto - POSITIVE (1.66%) - TOP
2025-05-08 05:06:35,530 - INFO -   Rank 2: Realty - POSITIVE (1.12%) - TOP
2025-05-08 05:06:35,530 - INFO -   Rank 3: Media - POSITIVE (1.06%) - TOP
2025-05-08 05:06:35,530 - INFO -   Rank 4: Metal - POSITIVE (0.98%) - MIDDLE
2025-05-08 05:06:35,531 - INFO -   Rank 5: Energy - POSITIVE (0.82%) - MIDDLE
2025-05-08 05:06:35,531 - INFO -   Rank 6: Financial Services - POSITIVE (0.76%) - MIDDLE
2025-05-08 05:06:35,532 - INFO -   Rank 7: PSU Bank - POSITIVE (0.29%) - MIDDLE
2025-05-08 05:06:35,532 - INFO -   Rank 8: IT - POSITIVE (0.14%) - BOTTOM
2025-05-08 05:06:35,533 - INFO -   Rank 9: Pharma - NEGATIVE (-0.33%) - BOTTOM
2025-05-08 05:06:35,533 - INFO -   Rank 10: FMCG - NEGATIVE (-0.52%) - BOTTOM
2025-05-08 05:06:35,533 - INFO - Processing ticker 1: BALKRISIND.NS
2025-05-08 05:06:35,534 - INFO - Found sector Auto for BALKRISIND.NS
2025-05-08 05:06:35,534 - INFO - Evaluating BALKRISIND.NS in sector Auto - Rank 1 (TOP)
2025-05-08 05:06:35,534 - INFO -   Performance: +1.66%
2025-05-08 05:06:35,535 - INFO - Not trading BALKRISIND.NS - sector ranking doesn't match strategy
2025-05-08 05:06:35,535 - INFO -   Transaction type: SELL
2025-05-08 05:06:35,535 - INFO -   Sector category: TOP
2025-05-08 05:06:35,536 - INFO -   Sector is_positive: True
2025-05-08 05:06:35,537 - INFO - Processing ticker 2: M&M.NS
2025-05-08 05:06:35,538 - INFO - Found sector Auto for M&M.NS
2025-05-08 05:06:35,539 - INFO - Evaluating M&M.NS in sector Auto - Rank 1 (TOP)
2025-05-08 05:06:35,539 - INFO -   Performance: +1.66%
2025-05-08 05:06:35,540 - INFO - Not trading M&M.NS - sector ranking doesn't match strategy
2025-05-08 05:06:35,540 - INFO -   Transaction type: SELL
2025-05-08 05:06:35,540 - INFO -   Sector category: TOP
2025-05-08 05:06:35,541 - INFO -   Sector is_positive: True
2025-05-08 05:06:35,541 - INFO - Processing ticker 3: MARUTI.NS
2025-05-08 05:06:35,542 - INFO - Found sector Auto for MARUTI.NS
2025-05-08 05:06:35,543 - INFO - Evaluating MARUTI.NS in sector Auto - Rank 1 (TOP)
2025-05-08 05:06:35,543 - INFO -   Performance: +1.66%
2025-05-08 05:06:35,544 - INFO - Not trading MARUTI.NS - sector ranking doesn't match strategy
2025-05-08 05:06:35,544 - INFO -   Transaction type: SELL
2025-05-08 05:06:35,544 - INFO -   Sector category: TOP
2025-05-08 05:06:35,544 - INFO -   Sector is_positive: True
2025-05-08 05:06:35,544 - INFO - Processing ticker 4: MOTHERSON.NS
2025-05-08 05:06:35,545 - INFO - Found sector Auto for MOTHERSON.NS
2025-05-08 05:06:35,545 - INFO - Evaluating MOTHERSON.NS in sector Auto - Rank 1 (TOP)
2025-05-08 05:06:35,545 - INFO -   Performance: +1.66%
2025-05-08 05:06:35,545 - INFO - Not trading MOTHERSON.NS - sector ranking doesn't match strategy
2025-05-08 05:06:35,546 - INFO -   Transaction type: SELL
2025-05-08 05:06:35,546 - INFO -   Sector category: TOP
2025-05-08 05:06:35,546 - INFO -   Sector is_positive: True
2025-05-08 05:06:35,547 - INFO - Processing ticker 5: MRF.NS
2025-05-08 05:06:35,547 - INFO - Found sector Auto for MRF.NS
2025-05-08 05:06:35,547 - INFO - Evaluating MRF.NS in sector Auto - Rank 1 (TOP)
2025-05-08 05:06:35,547 - INFO -   Performance: +1.66%
2025-05-08 05:06:35,548 - INFO - Not trading MRF.NS - sector ranking doesn't match strategy
2025-05-08 05:06:35,548 - INFO -   Transaction type: SELL
2025-05-08 05:06:35,549 - INFO -   Sector category: TOP
2025-05-08 05:06:35,549 - INFO -   Sector is_positive: True
2025-05-08 05:06:35,549 - INFO - Processing ticker 6: MARICO.NS
2025-05-08 05:06:35,549 - INFO - Skipping MARICO.NS - already have an open position
2025-05-08 05:06:35,550 - INFO - Processing ticker 7: CHOLAFIN.NS
2025-05-08 05:06:35,550 - INFO - Found sector Financial Services for CHOLAFIN.NS
2025-05-08 05:06:35,550 - INFO - Evaluating CHOLAFIN.NS in sector Financial Services - Rank 6 (MIDDLE)
2025-05-08 05:06:35,550 - INFO -   Performance: +0.76%
2025-05-08 05:06:35,551 - INFO - Not trading CHOLAFIN.NS - sector ranking doesn't match strategy
2025-05-08 05:06:35,551 - INFO -   Transaction type: SELL
2025-05-08 05:06:35,551 - INFO -   Sector category: MIDDLE
2025-05-08 05:06:35,551 - INFO -   Sector is_positive: True
2025-05-08 05:06:35,552 - INFO - Processing ticker 8: MUTHOOTFIN.NS
2025-05-08 05:06:35,552 - INFO - Found sector Financial Services for MUTHOOTFIN.NS
2025-05-08 05:06:35,552 - INFO - Evaluating MUTHOOTFIN.NS in sector Financial Services - Rank 6 (MIDDLE)
2025-05-08 05:06:35,553 - INFO -   Performance: +0.76%
2025-05-08 05:06:35,553 - INFO - Not trading MUTHOOTFIN.NS - sector ranking doesn't match strategy
2025-05-08 05:06:35,553 - INFO -   Transaction type: SELL
2025-05-08 05:06:35,554 - INFO -   Sector category: MIDDLE
2025-05-08 05:06:35,554 - INFO -   Sector is_positive: True
2025-05-08 05:06:35,555 - INFO - Processing ticker 9: PEL.NS
2025-05-08 05:06:35,555 - INFO - Found sector Financial Services for PEL.NS
2025-05-08 05:06:35,556 - INFO - Evaluating PEL.NS in sector Financial Services - Rank 6 (MIDDLE)
2025-05-08 05:06:35,556 - INFO -   Performance: +0.76%
2025-05-08 05:06:35,557 - INFO - Not trading PEL.NS - sector ranking doesn't match strategy
2025-05-08 05:06:35,557 - INFO -   Transaction type: SELL
2025-05-08 05:06:35,557 - INFO -   Sector category: MIDDLE
2025-05-08 05:06:35,558 - INFO -   Sector is_positive: True
2025-05-08 05:06:35,559 - INFO - Processing ticker 10: LALPATHLAB.NS
2025-05-08 05:06:35,559 - INFO - Skipping LALPATHLAB.NS - already have an open position
2025-05-08 05:06:35,559 - INFO - Processing ticker 11: NAZARA.NS
2025-05-08 05:06:35,560 - INFO - Found sector Media for NAZARA.NS
2025-05-08 05:06:35,560 - INFO - Evaluating NAZARA.NS in sector Media - Rank 3 (TOP)
2025-05-08 05:06:35,560 - INFO -   Performance: +1.06%
2025-05-08 05:06:35,560 - INFO - Not trading NAZARA.NS - sector ranking doesn't match strategy
2025-05-08 05:06:35,561 - INFO -   Transaction type: SELL
2025-05-08 05:06:35,561 - INFO -   Sector category: TOP
2025-05-08 05:06:35,561 - INFO -   Sector is_positive: True
2025-05-08 05:06:35,562 - INFO - Processing ticker 12: TATASTEEL.NS
2025-05-08 05:06:35,562 - INFO - Found sector Metal for TATASTEEL.NS
2025-05-08 05:06:35,562 - INFO - Evaluating TATASTEEL.NS in sector Metal - Rank 4 (MIDDLE)
2025-05-08 05:06:35,563 - INFO -   Performance: +0.98%
2025-05-08 05:06:35,563 - INFO - Not trading TATASTEEL.NS - sector ranking doesn't match strategy
2025-05-08 05:06:35,563 - INFO -   Transaction type: SELL
2025-05-08 05:06:35,564 - INFO -   Sector category: MIDDLE
2025-05-08 05:06:35,564 - INFO -   Sector is_positive: True
2025-05-08 05:06:35,564 - INFO - Processing ticker 13: MGL.NS
2025-05-08 05:06:35,564 - WARNING - Could not find sector for MGL.NS in sector mapping
2025-05-08 05:06:35,565 - INFO - Processing ticker 14: BIOCON.NS
2025-05-08 05:06:35,565 - INFO - Skipping BIOCON.NS - already have an open position
2025-05-08 05:06:35,565 - INFO - Processing ticker 15: VBL.NS
2025-05-08 05:06:35,566 - WARNING - Could not find sector for VBL.NS in sector mapping
2025-05-08 05:06:35,566 - INFO - Processing ticker 16: ADANIENSOL.NS
2025-05-08 05:06:35,566 - WARNING - Could not find sector for ADANIENSOL.NS in sector mapping
2025-05-08 05:06:35,566 - INFO - Processing ticker 17: ADANIGREEN.NS
2025-05-08 05:06:35,567 - INFO - Found sector Energy for ADANIGREEN.NS
2025-05-08 05:06:35,567 - INFO - Evaluating ADANIGREEN.NS in sector Energy - Rank 5 (MIDDLE)
2025-05-08 05:06:35,567 - INFO -   Performance: +0.82%
2025-05-08 05:06:35,567 - INFO - Not trading ADANIGREEN.NS - sector ranking doesn't match strategy
2025-05-08 05:06:35,568 - INFO -   Transaction type: BUY
2025-05-08 05:06:35,568 - INFO -   Sector category: MIDDLE
2025-05-08 05:06:35,568 - INFO -   Sector is_positive: True
2025-05-08 05:06:35,568 - INFO - Processing ticker 18: TATAPOWER.NS
2025-05-08 05:06:35,568 - INFO - Found sector Energy for TATAPOWER.NS
2025-05-08 05:06:35,569 - INFO - Evaluating TATAPOWER.NS in sector Energy - Rank 5 (MIDDLE)
2025-05-08 05:06:35,569 - INFO -   Performance: +0.82%
2025-05-08 05:06:35,569 - INFO - Not trading TATAPOWER.NS - sector ranking doesn't match strategy
2025-05-08 05:06:35,569 - INFO -   Transaction type: BUY
2025-05-08 05:06:35,570 - INFO -   Sector category: MIDDLE
2025-05-08 05:06:35,571 - INFO -   Sector is_positive: True
2025-05-08 05:06:35,572 - INFO - Processing ticker 19: RECLTD.NS
2025-05-08 05:06:35,572 - INFO - Skipping RECLTD.NS - already have an open position
2025-05-08 05:06:35,573 - INFO - Processing ticker 20: LTTS.NS
2025-05-08 05:06:35,573 - INFO - Found sector IT for LTTS.NS
2025-05-08 05:06:35,573 - INFO - Evaluating LTTS.NS in sector IT - Rank 8 (BOTTOM)
2025-05-08 05:06:35,574 - INFO -   Performance: +0.14%
2025-05-08 05:06:35,574 - INFO - Not trading LTTS.NS - sector ranking doesn't match strategy
2025-05-08 05:06:35,575 - INFO -   Transaction type: BUY
2025-05-08 05:06:35,575 - INFO -   Sector category: BOTTOM
2025-05-08 05:06:35,576 - INFO -   Sector is_positive: True
2025-05-08 05:06:35,576 - INFO - Processing ticker 21: MPHASIS.NS
2025-05-08 05:06:35,576 - INFO - Found sector IT for MPHASIS.NS
2025-05-08 05:06:35,576 - INFO - Evaluating MPHASIS.NS in sector IT - Rank 8 (BOTTOM)
2025-05-08 05:06:35,577 - INFO -   Performance: +0.14%
2025-05-08 05:06:35,577 - INFO - Not trading MPHASIS.NS - sector ranking doesn't match strategy
2025-05-08 05:06:35,577 - INFO -   Transaction type: BUY
2025-05-08 05:06:35,577 - INFO -   Sector category: BOTTOM
2025-05-08 05:06:35,578 - INFO -   Sector is_positive: True
2025-05-08 05:06:35,578 - INFO - Processing ticker 22: HATHWAY.NS
2025-05-08 05:06:35,578 - INFO - Skipping HATHWAY.NS - already have an open position
2025-05-08 05:06:35,579 - INFO - Processing ticker 23: SUNTV.NS
2025-05-08 05:06:35,579 - INFO - Skipping SUNTV.NS - already have an open position
2025-05-08 05:06:35,579 - INFO - Processing ticker 24: PETRONET.NS
2025-05-08 05:06:35,579 - INFO - Found sector Oil & Gas for PETRONET.NS
2025-05-08 05:06:35,580 - WARNING - No data for sector Oil & Gas
2025-05-08 05:06:35,580 - INFO - Processing ticker 25: AUROPHARMA.NS
2025-05-08 05:06:35,580 - INFO - Found sector Pharma for AUROPHARMA.NS
2025-05-08 05:06:35,580 - INFO - Evaluating AUROPHARMA.NS in sector Pharma - Rank 9 (BOTTOM)
2025-05-08 05:06:35,580 - INFO -   Performance: -0.33%
2025-05-08 05:06:35,581 - INFO - Not trading AUROPHARMA.NS - sector ranking doesn't match strategy
2025-05-08 05:06:35,581 - INFO -   Transaction type: BUY
2025-05-08 05:06:35,581 - INFO -   Sector category: BOTTOM
2025-05-08 05:06:35,581 - INFO -   Sector is_positive: False
2025-05-08 05:06:35,582 - INFO - Processing ticker 26: BANKBARODA.NS
2025-05-08 05:06:35,582 - WARNING - Could not find sector for BANKBARODA.NS in sector mapping
2025-05-08 05:06:35,582 - INFO - Processing ticker 27: BANKINDIA.NS
2025-05-08 05:06:35,582 - INFO - Found sector PSU Bank for BANKINDIA.NS
2025-05-08 05:06:35,583 - INFO - Evaluating BANKINDIA.NS in sector PSU Bank - Rank 7 (MIDDLE)
2025-05-08 05:06:35,583 - INFO -   Performance: +0.29%
2025-05-08 05:06:35,583 - INFO - Not trading BANKINDIA.NS - sector ranking doesn't match strategy
2025-05-08 05:06:35,583 - INFO -   Transaction type: BUY
2025-05-08 05:06:35,583 - INFO -   Sector category: MIDDLE
2025-05-08 05:06:35,584 - INFO -   Sector is_positive: True
2025-05-08 05:06:35,584 - INFO - Processing ticker 28: CANBK.NS
2025-05-08 05:06:35,584 - INFO - Found sector Bank for CANBK.NS
2025-05-08 05:06:35,584 - WARNING - No data for sector Bank
2025-05-08 05:06:35,584 - INFO - Processing ticker 29: PNB.NS
2025-05-08 05:06:35,585 - INFO - Found sector PSU Bank for PNB.NS
2025-05-08 05:06:35,585 - INFO - Evaluating PNB.NS in sector PSU Bank - Rank 7 (MIDDLE)
2025-05-08 05:06:35,585 - INFO -   Performance: +0.29%
2025-05-08 05:06:35,585 - INFO - Not trading PNB.NS - sector ranking doesn't match strategy
2025-05-08 05:06:35,586 - INFO -   Transaction type: BUY
2025-05-08 05:06:35,586 - INFO -   Sector category: MIDDLE
2025-05-08 05:06:35,586 - INFO -   Sector is_positive: True
2025-05-08 05:06:35,587 - INFO - Processing ticker 30: UNIONBANK.NS
2025-05-08 05:06:35,588 - INFO - Found sector PSU Bank for UNIONBANK.NS
2025-05-08 05:06:35,588 - INFO - Evaluating UNIONBANK.NS in sector PSU Bank - Rank 7 (MIDDLE)
2025-05-08 05:06:35,589 - INFO -   Performance: +0.29%
2025-05-08 05:06:35,589 - INFO - Not trading UNIONBANK.NS - sector ranking doesn't match strategy
2025-05-08 05:06:35,590 - INFO -   Transaction type: BUY
2025-05-08 05:06:35,590 - INFO -   Sector category: MIDDLE
2025-05-08 05:06:35,590 - INFO -   Sector is_positive: True
2025-05-08 05:06:35,591 - INFO - Processing ticker 31: BANDHANBNK.NS
2025-05-08 05:06:35,591 - INFO - Found sector PVT Bank for BANDHANBNK.NS
2025-05-08 05:06:35,592 - WARNING - No data for sector PVT Bank
2025-05-08 05:06:35,592 - INFO - Processing ticker 32: PRESTIGE.NS
2025-05-08 05:06:35,593 - INFO - Skipping PRESTIGE.NS - already have an open position
2025-05-08 05:06:35,593 - INFO - Processing ticker 33: HUDCO.NS
2025-05-08 05:06:35,593 - WARNING - Could not find sector for HUDCO.NS in sector mapping
2025-05-08 05:06:35,594 - INFO - Ticker processing summary:
2025-05-08 05:06:35,594 - INFO -   Total tickers considered: 33
2025-05-08 05:06:35,594 - INFO -   Tickers with sector data: 21
2025-05-08 05:06:35,594 - INFO -   Tickers matching sector ranking strategy: 0
2025-05-08 05:06:35,595 - INFO -   Tickers with security ID: 0
2025-05-08 05:06:35,595 - INFO -   Orders successfully placed: 0
2025-05-08 05:06:35,595 - INFO - New positions added: 0
2025-05-08 05:06:35,595 - INFO - Positions skipped: 33
2025-05-08 05:06:35,595 - INFO - Positions with errors: 0
2025-05-08 05:06:35,596 - INFO - 
==================================================
NEW OPPORTUNITIES PROCESSING COMPLETE
==================================================
2025-05-08 05:06:35,596 - INFO - Initial trades have been executed - no more new trades will be placed today
2025-05-08 05:06:35,596 - INFO - 
==================================================
SECTOR PROCESSING COMPLETE
==================================================
2025-05-08 05:06:35,598 - INFO - Saved 16 positions to dhan_positions.json
2025-05-08 05:06:35,598 - INFO - 
==================================================
POSITIONS SUMMARY
==================================================
2025-05-08 05:06:35,599 - INFO - Current positions summary:
2025-05-08 05:06:35,600 - INFO -   Open BUY positions: 11
2025-05-08 05:06:35,600 - INFO -   Open SELL positions: 5
2025-05-08 05:06:35,600 - INFO -   Closed positions: 0
2025-05-08 05:06:35,600 - INFO -   Total positions: 16
2025-05-08 05:06:35,601 - INFO - Open positions:
2025-05-08 05:06:35,601 - INFO -   BUY EXIDEIND.NS (Sector: Auto, Entry: 2025-05-05 05:08:27, Order ID: 412505057762, SL%: 1.0%, Target%: 1.0%)
2025-05-08 05:06:35,601 - INFO -   BUY HEROMOTOCO.NS (Sector: Auto, Entry: 2025-05-05 05:08:39, Order ID: 912505057802, SL%: 1.0%, Target%: 1.0%)
2025-05-08 05:06:35,601 - INFO -   BUY BAJAJFINSV.NS (Sector: Financial Services, Entry: 2025-05-05 05:08:51, Order ID: 912505057892, SL%: 1.0%, Target%: 1.0%)
2025-05-08 05:06:35,602 - INFO -   BUY PFC.NS (Sector: Financial Services, Entry: 2025-05-05 05:09:04, Order ID: 912505057962, SL%: 1.0%, Target%: 1.0%)
2025-05-08 05:06:35,602 - INFO -   BUY RECLTD.NS (Sector: Financial Services, Entry: 2025-05-05 05:09:16, Order ID: 912505058012, SL%: 1.0%, Target%: 1.0%)
2025-05-08 05:06:35,602 - INFO -   SELL GODREJPROP.NS (Sector: Realty, Entry: 2025-05-05 05:09:29, Order ID: 312505057842, SL%: 1.0%, Target%: 1.0%)
2025-05-08 05:06:35,602 - INFO -   BUY COLPAL.NS (Sector: FMCG, Entry: 2025-05-05 05:34:29, Order ID: 6125050517042, SL%: 1.0%, Target%: 1.0%)
2025-05-08 05:06:35,602 - INFO -   SELL SBILIFE.NS (Sector: Financial Services, Entry: 2025-05-05 05:34:42, Order ID: 9125050513002, SL%: 1.0%, Target%: 1.0%)
2025-05-08 05:06:35,603 - INFO -   BUY NESTLEIND.NS (Sector: FMCG, Entry: 2025-05-06 05:01:40, Order ID: 212505067072, SL%: 1.0%, Target%: 1.0%)
2025-05-08 05:06:35,604 - INFO -   BUY ONGC.NS (Sector: Energy, Entry: 2025-05-06 05:01:52, Order ID: 512505067422, SL%: 1.0%, Target%: 1.0%)
2025-05-08 05:06:35,605 - INFO -   SELL MARICO.NS (Sector: FMCG, Entry: 2025-05-08 05:01:51, Order ID: 512505087152, SL%: 1.0%, Target%: 1.0%)
2025-05-08 05:06:35,605 - INFO -   SELL LALPATHLAB.NS (Sector: Pharma, Entry: 2025-05-08 05:02:03, Order ID: 412505086142, SL%: 1.0%, Target%: 1.0%)
2025-05-08 05:06:35,606 - INFO -   SELL BIOCON.NS (Sector: Pharma, Entry: 2025-05-08 05:02:15, Order ID: 612505087882, SL%: 1.0%, Target%: 1.0%)
2025-05-08 05:06:35,606 - INFO -   BUY HATHWAY.NS (Sector: Media, Entry: 2025-05-08 05:02:28, Order ID: 512505087252, SL%: 1.0%, Target%: 1.0%)
2025-05-08 05:06:35,607 - INFO -   BUY SUNTV.NS (Sector: Media, Entry: 2025-05-08 05:02:40, Order ID: 912505086332, SL%: 1.0%, Target%: 1.0%)
2025-05-08 05:06:35,607 - INFO -   BUY PRESTIGE.NS (Sector: Realty, Entry: 2025-05-08 05:02:53, Order ID: 912505086372, SL%: 1.0%, Target%: 1.0%)
2025-05-08 05:06:35,608 - INFO - 
==================================================
POSITIONS SUMMARY COMPLETE
==================================================
2025-05-08 05:06:35,609 - INFO - Trading cycle 8 completed
2025-05-08 05:06:35,609 - INFO - Waiting 30 seconds until next check at 05:07:05...
2025-05-08 05:06:35,610 - INFO - 
==================================================
CYCLE 8 COMPLETE
==================================================
2025-05-08 05:07:05,616 - INFO - 
==================================================
TRADING CYCLE 9
==================================================
2025-05-08 05:07:05,619 - INFO - Trading cycle 9 started at 2025-05-08 05:07:05
2025-05-08 05:07:05,620 - INFO - New trading day - resetting flags for fresh sector data check
2025-05-08 05:07:05,621 - INFO - Found fresh sector.csv file modified today
2025-05-08 05:07:05,621 - INFO - 
==================================================
READING SECTOR PERFORMANCE DATA
==================================================
2025-05-08 05:07:05,623 - INFO - Reading sector performance data from sector.csv
2025-05-08 05:07:05,624 - INFO - File last modified: 2025-05-08 05:06:05
2025-05-08 05:07:05,630 - INFO - Adding sector rankings to data
2025-05-08 05:07:05,640 - INFO - Sector rankings:
2025-05-08 05:07:05,643 - INFO - Rank 1: Auto (+1.66%) - TOP
2025-05-08 05:07:05,645 - INFO - Rank 2: Realty (+1.12%) - TOP
2025-05-08 05:07:05,646 - INFO - Rank 3: Media (+1.06%) - TOP
2025-05-08 05:07:05,647 - INFO - Rank 4: Metal (+0.98%) - MIDDLE
2025-05-08 05:07:05,648 - INFO - Rank 5: Energy (+0.82%) - MIDDLE
2025-05-08 05:07:05,649 - INFO - Rank 6: Financial Services (+0.76%) - MIDDLE
2025-05-08 05:07:05,653 - INFO - Rank 7: PSU Bank (+0.29%) - MIDDLE
2025-05-08 05:07:05,654 - INFO - Rank 8: IT (+0.14%) - BOTTOM
2025-05-08 05:07:05,655 - INFO - Rank 9: Pharma (-0.33%) - BOTTOM
2025-05-08 05:07:05,657 - INFO - Rank 10: FMCG (-0.52%) - BOTTOM
2025-05-08 05:07:05,659 - INFO - Latest timestamp in data: 2025-05-08 05:06:05
2025-05-08 05:07:05,659 - INFO - Loaded data for 10 sectors
2025-05-08 05:07:05,660 - INFO - Sector performance details:
2025-05-08 05:07:05,660 - INFO -   Rank 1: Auto - POSITIVE (1.66%) - TOP
2025-05-08 05:07:05,661 - INFO -   Rank 2: Realty - POSITIVE (1.12%) - TOP
2025-05-08 05:07:05,662 - INFO -   Rank 3: Media - POSITIVE (1.06%) - TOP
2025-05-08 05:07:05,662 - INFO -   Rank 4: Metal - POSITIVE (0.98%) - MIDDLE
2025-05-08 05:07:05,663 - INFO -   Rank 5: Energy - POSITIVE (0.82%) - MIDDLE
2025-05-08 05:07:05,664 - INFO -   Rank 6: Financial Services - POSITIVE (0.76%) - MIDDLE
2025-05-08 05:07:05,664 - INFO -   Rank 7: PSU Bank - POSITIVE (0.29%) - MIDDLE
2025-05-08 05:07:05,665 - INFO -   Rank 8: IT - POSITIVE (0.14%) - BOTTOM
2025-05-08 05:07:05,665 - INFO -   Rank 9: Pharma - NEGATIVE (-0.33%) - BOTTOM
2025-05-08 05:07:05,666 - INFO -   Rank 10: FMCG - NEGATIVE (-0.52%) - BOTTOM
2025-05-08 05:07:05,666 - INFO - 
==================================================
SECTOR DATA READ COMPLETE
==================================================
2025-05-08 05:07:05,668 - INFO - 
==================================================
PROCESSING SECTOR DATA
==================================================
2025-05-08 05:07:05,669 - INFO - Processing existing positions for potential exits...
2025-05-08 05:07:05,670 - INFO - 
==================================================
PROCESSING EXISTING POSITIONS
==================================================
2025-05-08 05:07:05,671 - INFO - Processing 16 existing positions
2025-05-08 05:07:05,672 - INFO - Checking position: BUY EXIDEIND.NS (Sector: Auto)
2025-05-08 05:07:05,673 - INFO - SECURITY ID LOOKUP: Searching for EXIDEIND.NS
2025-05-08 05:07:05,673 - INFO - Trying exact match for 'EXIDEIND.NS'
2025-05-08 05:07:05,674 - INFO - FOUND EXACT MATCH: ID 676 for EXIDEIND.NS
2025-05-08 05:07:05,674 - INFO - Getting current market price for EXIDEIND.NS
2025-05-08 05:07:05,674 - INFO - Failed to get quote using symbol: 'dhanhq' object has no attribute 'get_quote'
2025-05-08 05:07:05,675 - INFO - Failed to get LTP using security_id: 'dhanhq' object has no attribute 'get_ltp'
2025-05-08 05:07:05,675 - INFO - Failed to get price from candles: 'dhanhq' object has no attribute 'intraday_daily_minute_charts'
2025-05-08 05:07:05,675 - ERROR - Could not get current market price for EXIDEIND.NS
2025-05-08 05:07:05,675 - WARNING - Could not get current market price for EXIDEIND.NS
2025-05-08 05:07:05,676 - INFO - Checking position: BUY HEROMOTOCO.NS (Sector: Auto)
2025-05-08 05:07:05,676 - INFO - SECURITY ID LOOKUP: Searching for HEROMOTOCO.NS
2025-05-08 05:07:05,676 - INFO - Trying exact match for 'HEROMOTOCO.NS'
2025-05-08 05:07:05,676 - INFO - FOUND EXACT MATCH: ID 1348 for HEROMOTOCO.NS
2025-05-08 05:07:05,677 - INFO - Getting current market price for HEROMOTOCO.NS
2025-05-08 05:07:05,677 - INFO - Failed to get quote using symbol: 'dhanhq' object has no attribute 'get_quote'
2025-05-08 05:07:05,678 - INFO - Failed to get LTP using security_id: 'dhanhq' object has no attribute 'get_ltp'
2025-05-08 05:07:05,678 - INFO - Failed to get price from candles: 'dhanhq' object has no attribute 'intraday_daily_minute_charts'
2025-05-08 05:07:05,678 - ERROR - Could not get current market price for HEROMOTOCO.NS
2025-05-08 05:07:05,679 - WARNING - Could not get current market price for HEROMOTOCO.NS
2025-05-08 05:07:05,679 - INFO - Checking position: BUY BAJAJFINSV.NS (Sector: Financial Services)
2025-05-08 05:07:05,679 - INFO - SECURITY ID LOOKUP: Searching for BAJAJFINSV.NS
2025-05-08 05:07:05,679 - INFO - Trying exact match for 'BAJAJFINSV.NS'
2025-05-08 05:07:05,680 - INFO - FOUND EXACT MATCH: ID 16675 for BAJAJFINSV.NS
2025-05-08 05:07:05,680 - INFO - Getting current market price for BAJAJFINSV.NS
2025-05-08 05:07:05,680 - INFO - Failed to get quote using symbol: 'dhanhq' object has no attribute 'get_quote'
2025-05-08 05:07:05,680 - INFO - Failed to get LTP using security_id: 'dhanhq' object has no attribute 'get_ltp'
2025-05-08 05:07:05,681 - INFO - Failed to get price from candles: 'dhanhq' object has no attribute 'intraday_daily_minute_charts'
2025-05-08 05:07:05,681 - ERROR - Could not get current market price for BAJAJFINSV.NS
2025-05-08 05:07:05,681 - WARNING - Could not get current market price for BAJAJFINSV.NS
2025-05-08 05:07:05,682 - INFO - Checking position: BUY PFC.NS (Sector: Financial Services)
2025-05-08 05:07:05,682 - INFO - SECURITY ID LOOKUP: Searching for PFC.NS
2025-05-08 05:07:05,682 - INFO - Trying exact match for 'PFC.NS'
2025-05-08 05:07:05,683 - INFO - FOUND EXACT MATCH: ID 14299 for PFC.NS
2025-05-08 05:07:05,684 - INFO - Getting current market price for PFC.NS
2025-05-08 05:07:05,684 - INFO - Failed to get quote using symbol: 'dhanhq' object has no attribute 'get_quote'
2025-05-08 05:07:05,685 - INFO - Failed to get LTP using security_id: 'dhanhq' object has no attribute 'get_ltp'
2025-05-08 05:07:05,685 - INFO - Failed to get price from candles: 'dhanhq' object has no attribute 'intraday_daily_minute_charts'
2025-05-08 05:07:05,686 - ERROR - Could not get current market price for PFC.NS
2025-05-08 05:07:05,686 - WARNING - Could not get current market price for PFC.NS
2025-05-08 05:07:05,687 - INFO - Checking position: BUY RECLTD.NS (Sector: Financial Services)
2025-05-08 05:07:05,688 - INFO - SECURITY ID LOOKUP: Searching for RECLTD.NS
2025-05-08 05:07:05,689 - INFO - Trying exact match for 'RECLTD.NS'
2025-05-08 05:07:05,689 - INFO - FOUND EXACT MATCH: ID 15355 for RECLTD.NS
2025-05-08 05:07:05,690 - INFO - Getting current market price for RECLTD.NS
2025-05-08 05:07:05,690 - INFO - Failed to get quote using symbol: 'dhanhq' object has no attribute 'get_quote'
2025-05-08 05:07:05,691 - INFO - Failed to get LTP using security_id: 'dhanhq' object has no attribute 'get_ltp'
2025-05-08 05:07:05,691 - INFO - Failed to get price from candles: 'dhanhq' object has no attribute 'intraday_daily_minute_charts'
2025-05-08 05:07:05,691 - ERROR - Could not get current market price for RECLTD.NS
2025-05-08 05:07:05,691 - WARNING - Could not get current market price for RECLTD.NS
2025-05-08 05:07:05,692 - INFO - Checking position: SELL GODREJPROP.NS (Sector: Realty)
2025-05-08 05:07:05,692 - INFO - SECURITY ID LOOKUP: Searching for GODREJPROP.NS
2025-05-08 05:07:05,692 - INFO - Trying exact match for 'GODREJPROP.NS'
2025-05-08 05:07:05,693 - INFO - FOUND EXACT MATCH: ID 17875 for GODREJPROP.NS
2025-05-08 05:07:05,693 - INFO - Getting current market price for GODREJPROP.NS
2025-05-08 05:07:05,693 - INFO - Failed to get quote using symbol: 'dhanhq' object has no attribute 'get_quote'
2025-05-08 05:07:05,694 - INFO - Failed to get LTP using security_id: 'dhanhq' object has no attribute 'get_ltp'
2025-05-08 05:07:05,694 - INFO - Failed to get price from candles: 'dhanhq' object has no attribute 'intraday_daily_minute_charts'
2025-05-08 05:07:05,694 - ERROR - Could not get current market price for GODREJPROP.NS
2025-05-08 05:07:05,695 - WARNING - Could not get current market price for GODREJPROP.NS
2025-05-08 05:07:05,695 - INFO - Checking position: BUY COLPAL.NS (Sector: FMCG)
2025-05-08 05:07:05,695 - INFO - SECURITY ID LOOKUP: Searching for COLPAL.NS
2025-05-08 05:07:05,695 - INFO - Trying exact match for 'COLPAL.NS'
2025-05-08 05:07:05,696 - INFO - FOUND EXACT MATCH: ID 15141 for COLPAL.NS
2025-05-08 05:07:05,696 - INFO - Getting current market price for COLPAL.NS
2025-05-08 05:07:05,696 - INFO - Failed to get quote using symbol: 'dhanhq' object has no attribute 'get_quote'
2025-05-08 05:07:05,696 - INFO - Failed to get LTP using security_id: 'dhanhq' object has no attribute 'get_ltp'
2025-05-08 05:07:05,697 - INFO - Failed to get price from candles: 'dhanhq' object has no attribute 'intraday_daily_minute_charts'
2025-05-08 05:07:05,698 - ERROR - Could not get current market price for COLPAL.NS
2025-05-08 05:07:05,698 - WARNING - Could not get current market price for COLPAL.NS
2025-05-08 05:07:05,699 - INFO - Checking position: SELL SBILIFE.NS (Sector: Financial Services)
2025-05-08 05:07:05,699 - INFO - SECURITY ID LOOKUP: Searching for SBILIFE.NS
2025-05-08 05:07:05,699 - INFO - Trying exact match for 'SBILIFE.NS'
2025-05-08 05:07:05,699 - INFO - FOUND EXACT MATCH: ID 21808 for SBILIFE.NS
2025-05-08 05:07:05,700 - INFO - Getting current market price for SBILIFE.NS
2025-05-08 05:07:05,700 - INFO - Failed to get quote using symbol: 'dhanhq' object has no attribute 'get_quote'
2025-05-08 05:07:05,701 - INFO - Failed to get LTP using security_id: 'dhanhq' object has no attribute 'get_ltp'
2025-05-08 05:07:05,701 - INFO - Failed to get price from candles: 'dhanhq' object has no attribute 'intraday_daily_minute_charts'
2025-05-08 05:07:05,702 - ERROR - Could not get current market price for SBILIFE.NS
2025-05-08 05:07:05,702 - WARNING - Could not get current market price for SBILIFE.NS
2025-05-08 05:07:05,703 - INFO - Checking position: BUY NESTLEIND.NS (Sector: FMCG)
2025-05-08 05:07:05,703 - INFO - SECURITY ID LOOKUP: Searching for NESTLEIND.NS
2025-05-08 05:07:05,704 - INFO - Trying exact match for 'NESTLEIND.NS'
2025-05-08 05:07:05,705 - INFO - FOUND EXACT MATCH: ID 17963 for NESTLEIND.NS
2025-05-08 05:07:05,706 - INFO - Getting current market price for NESTLEIND.NS
2025-05-08 05:07:05,707 - INFO - Failed to get quote using symbol: 'dhanhq' object has no attribute 'get_quote'
2025-05-08 05:07:05,707 - INFO - Failed to get LTP using security_id: 'dhanhq' object has no attribute 'get_ltp'
2025-05-08 05:07:05,707 - INFO - Failed to get price from candles: 'dhanhq' object has no attribute 'intraday_daily_minute_charts'
2025-05-08 05:07:05,707 - ERROR - Could not get current market price for NESTLEIND.NS
2025-05-08 05:07:05,708 - WARNING - Could not get current market price for NESTLEIND.NS
2025-05-08 05:07:05,708 - INFO - Checking position: BUY ONGC.NS (Sector: Energy)
2025-05-08 05:07:05,708 - INFO - SECURITY ID LOOKUP: Searching for ONGC.NS
2025-05-08 05:07:05,708 - INFO - Trying exact match for 'ONGC.NS'
2025-05-08 05:07:05,709 - INFO - FOUND EXACT MATCH: ID 2475 for ONGC.NS
2025-05-08 05:07:05,709 - INFO - Getting current market price for ONGC.NS
2025-05-08 05:07:05,710 - INFO - Failed to get quote using symbol: 'dhanhq' object has no attribute 'get_quote'
2025-05-08 05:07:05,710 - INFO - Failed to get LTP using security_id: 'dhanhq' object has no attribute 'get_ltp'
2025-05-08 05:07:05,710 - INFO - Failed to get price from candles: 'dhanhq' object has no attribute 'intraday_daily_minute_charts'
2025-05-08 05:07:05,711 - ERROR - Could not get current market price for ONGC.NS
2025-05-08 05:07:05,711 - WARNING - Could not get current market price for ONGC.NS
2025-05-08 05:07:05,711 - INFO - Checking position: SELL MARICO.NS (Sector: FMCG)
2025-05-08 05:07:05,711 - INFO - SECURITY ID LOOKUP: Searching for MARICO.NS
2025-05-08 05:07:05,712 - INFO - Trying exact match for 'MARICO.NS'
2025-05-08 05:07:05,712 - INFO - FOUND EXACT MATCH: ID 4067 for MARICO.NS
2025-05-08 05:07:05,712 - INFO - Getting current market price for MARICO.NS
2025-05-08 05:07:05,712 - INFO - Failed to get quote using symbol: 'dhanhq' object has no attribute 'get_quote'
2025-05-08 05:07:05,713 - INFO - Failed to get LTP using security_id: 'dhanhq' object has no attribute 'get_ltp'
2025-05-08 05:07:05,713 - INFO - Failed to get price from candles: 'dhanhq' object has no attribute 'intraday_daily_minute_charts'
2025-05-08 05:07:05,713 - ERROR - Could not get current market price for MARICO.NS
2025-05-08 05:07:05,713 - WARNING - Could not get current market price for MARICO.NS
2025-05-08 05:07:05,714 - INFO - Checking position: SELL LALPATHLAB.NS (Sector: Pharma)
2025-05-08 05:07:05,714 - INFO - SECURITY ID LOOKUP: Searching for LALPATHLAB.NS
2025-05-08 05:07:05,715 - INFO - Trying exact match for 'LALPATHLAB.NS'
2025-05-08 05:07:05,715 - INFO - FOUND EXACT MATCH: ID 11654 for LALPATHLAB.NS
2025-05-08 05:07:05,715 - INFO - Getting current market price for LALPATHLAB.NS
2025-05-08 05:07:05,715 - INFO - Failed to get quote using symbol: 'dhanhq' object has no attribute 'get_quote'
2025-05-08 05:07:05,716 - INFO - Failed to get LTP using security_id: 'dhanhq' object has no attribute 'get_ltp'
2025-05-08 05:07:05,716 - INFO - Failed to get price from candles: 'dhanhq' object has no attribute 'intraday_daily_minute_charts'
2025-05-08 05:07:05,716 - ERROR - Could not get current market price for LALPATHLAB.NS
2025-05-08 05:07:05,716 - WARNING - Could not get current market price for LALPATHLAB.NS
2025-05-08 05:07:05,717 - INFO - Checking position: SELL BIOCON.NS (Sector: Pharma)
2025-05-08 05:07:05,718 - INFO - SECURITY ID LOOKUP: Searching for BIOCON.NS
2025-05-08 05:07:05,718 - INFO - Trying exact match for 'BIOCON.NS'
2025-05-08 05:07:05,719 - INFO - FOUND EXACT MATCH: ID 11373 for BIOCON.NS
2025-05-08 05:07:05,720 - INFO - Getting current market price for BIOCON.NS
2025-05-08 05:07:05,720 - INFO - Failed to get quote using symbol: 'dhanhq' object has no attribute 'get_quote'
2025-05-08 05:07:05,721 - INFO - Failed to get LTP using security_id: 'dhanhq' object has no attribute 'get_ltp'
2025-05-08 05:07:05,721 - INFO - Failed to get price from candles: 'dhanhq' object has no attribute 'intraday_daily_minute_charts'
2025-05-08 05:07:05,721 - ERROR - Could not get current market price for BIOCON.NS
2025-05-08 05:07:05,722 - WARNING - Could not get current market price for BIOCON.NS
2025-05-08 05:07:05,723 - INFO - Checking position: BUY HATHWAY.NS (Sector: Media)
2025-05-08 05:07:05,723 - INFO - SECURITY ID LOOKUP: Searching for HATHWAY.NS
2025-05-08 05:07:05,723 - INFO - Trying exact match for 'HATHWAY.NS'
2025-05-08 05:07:05,724 - INFO - FOUND EXACT MATCH: ID 18154 for HATHWAY.NS
2025-05-08 05:07:05,724 - INFO - Getting current market price for HATHWAY.NS
2025-05-08 05:07:05,724 - INFO - Failed to get quote using symbol: 'dhanhq' object has no attribute 'get_quote'
2025-05-08 05:07:05,725 - INFO - Failed to get LTP using security_id: 'dhanhq' object has no attribute 'get_ltp'
2025-05-08 05:07:05,725 - INFO - Failed to get price from candles: 'dhanhq' object has no attribute 'intraday_daily_minute_charts'
2025-05-08 05:07:05,725 - ERROR - Could not get current market price for HATHWAY.NS
2025-05-08 05:07:05,726 - WARNING - Could not get current market price for HATHWAY.NS
2025-05-08 05:07:05,726 - INFO - Checking position: BUY SUNTV.NS (Sector: Media)
2025-05-08 05:07:05,726 - INFO - SECURITY ID LOOKUP: Searching for SUNTV.NS
2025-05-08 05:07:05,726 - INFO - Trying exact match for 'SUNTV.NS'
2025-05-08 05:07:05,727 - INFO - FOUND EXACT MATCH: ID 13404 for SUNTV.NS
2025-05-08 05:07:05,727 - INFO - Getting current market price for SUNTV.NS
2025-05-08 05:07:05,727 - INFO - Failed to get quote using symbol: 'dhanhq' object has no attribute 'get_quote'
2025-05-08 05:07:05,728 - INFO - Failed to get LTP using security_id: 'dhanhq' object has no attribute 'get_ltp'
2025-05-08 05:07:05,728 - INFO - Failed to get price from candles: 'dhanhq' object has no attribute 'intraday_daily_minute_charts'
2025-05-08 05:07:05,728 - ERROR - Could not get current market price for SUNTV.NS
2025-05-08 05:07:05,728 - WARNING - Could not get current market price for SUNTV.NS
2025-05-08 05:07:05,729 - INFO - Checking position: BUY PRESTIGE.NS (Sector: Realty)
2025-05-08 05:07:05,729 - INFO - SECURITY ID LOOKUP: Searching for PRESTIGE.NS
2025-05-08 05:07:05,729 - INFO - Trying exact match for 'PRESTIGE.NS'
2025-05-08 05:07:05,730 - INFO - FOUND EXACT MATCH: ID 20302 for PRESTIGE.NS
2025-05-08 05:07:05,730 - INFO - Getting current market price for PRESTIGE.NS
2025-05-08 05:07:05,730 - INFO - Failed to get quote using symbol: 'dhanhq' object has no attribute 'get_quote'
2025-05-08 05:07:05,730 - INFO - Failed to get LTP using security_id: 'dhanhq' object has no attribute 'get_ltp'
2025-05-08 05:07:05,731 - INFO - Failed to get price from candles: 'dhanhq' object has no attribute 'intraday_daily_minute_charts'
2025-05-08 05:07:05,731 - ERROR - Could not get current market price for PRESTIGE.NS
2025-05-08 05:07:05,731 - WARNING - Could not get current market price for PRESTIGE.NS
2025-05-08 05:07:05,731 - INFO - No positions needed to be exited
2025-05-08 05:07:05,732 - INFO - 
==================================================
POSITION PROCESSING COMPLETE
==================================================
2025-05-08 05:07:05,732 - INFO - First run of the day - looking for sector-based trading opportunities...
2025-05-08 05:07:05,732 - INFO - 
==================================================
FINDING NEW TRADING OPPORTUNITIES
==================================================
2025-05-08 05:07:05,733 - INFO - Found 33 active tickers out of 33 total
2025-05-08 05:07:05,734 - INFO - Processed sector data for 10 sectors
2025-05-08 05:07:05,735 - INFO - Processing tickers in order: ['BALKRISIND.NS', 'M&M.NS', 'MARUTI.NS', 'MOTHERSON.NS', 'MRF.NS', 'MARICO.NS', 'CHOLAFIN.NS', 'MUTHOOTFIN.NS', 'PEL.NS', 'LALPATHLAB.NS', 'NAZARA.NS', 'TATASTEEL.NS', 'MGL.NS', 'BIOCON.NS', 'VBL.NS', 'ADANIENSOL.NS', 'ADANIGREEN.NS', 'TATAPOWER.NS', 'RECLTD.NS', 'LTTS.NS', 'MPHASIS.NS', 'HATHWAY.NS', 'SUNTV.NS', 'PETRONET.NS', 'AUROPHARMA.NS', 'BANKBARODA.NS', 'BANKINDIA.NS', 'CANBK.NS', 'PNB.NS', 'UNIONBANK.NS', 'BANDHANBNK.NS', 'PRESTIGE.NS', 'HUDCO.NS']
2025-05-08 05:07:05,736 - INFO - Already have open positions for: ['EXIDEIND.NS', 'HEROMOTOCO.NS', 'BAJAJFINSV.NS', 'PFC.NS', 'RECLTD.NS', 'GODREJPROP.NS', 'COLPAL.NS', 'SBILIFE.NS', 'NESTLEIND.NS', 'ONGC.NS', 'MARICO.NS', 'LALPATHLAB.NS', 'BIOCON.NS', 'HATHWAY.NS', 'SUNTV.NS', 'PRESTIGE.NS']
2025-05-08 05:07:05,737 - INFO - Current sector rankings:
2025-05-08 05:07:05,738 - INFO -   Rank 1: Auto - POSITIVE (1.66%) - TOP
2025-05-08 05:07:05,739 - INFO -   Rank 2: Realty - POSITIVE (1.12%) - TOP
2025-05-08 05:07:05,740 - INFO -   Rank 3: Media - POSITIVE (1.06%) - TOP
2025-05-08 05:07:05,740 - INFO -   Rank 4: Metal - POSITIVE (0.98%) - MIDDLE
2025-05-08 05:07:05,740 - INFO -   Rank 5: Energy - POSITIVE (0.82%) - MIDDLE
2025-05-08 05:07:05,740 - INFO -   Rank 6: Financial Services - POSITIVE (0.76%) - MIDDLE
2025-05-08 05:07:05,741 - INFO -   Rank 7: PSU Bank - POSITIVE (0.29%) - MIDDLE
2025-05-08 05:07:05,741 - INFO -   Rank 8: IT - POSITIVE (0.14%) - BOTTOM
2025-05-08 05:07:05,741 - INFO -   Rank 9: Pharma - NEGATIVE (-0.33%) - BOTTOM
2025-05-08 05:07:05,742 - INFO -   Rank 10: FMCG - NEGATIVE (-0.52%) - BOTTOM
2025-05-08 05:07:05,742 - INFO - Processing ticker 1: BALKRISIND.NS
2025-05-08 05:07:05,742 - INFO - Found sector Auto for BALKRISIND.NS
2025-05-08 05:07:05,742 - INFO - Evaluating BALKRISIND.NS in sector Auto - Rank 1 (TOP)
2025-05-08 05:07:05,743 - INFO -   Performance: +1.66%
2025-05-08 05:07:05,743 - INFO - Not trading BALKRISIND.NS - sector ranking doesn't match strategy
2025-05-08 05:07:05,743 - INFO -   Transaction type: SELL
2025-05-08 05:07:05,743 - INFO -   Sector category: TOP
2025-05-08 05:07:05,744 - INFO -   Sector is_positive: True
2025-05-08 05:07:05,744 - INFO - Processing ticker 2: M&M.NS
2025-05-08 05:07:05,744 - INFO - Found sector Auto for M&M.NS
2025-05-08 05:07:05,744 - INFO - Evaluating M&M.NS in sector Auto - Rank 1 (TOP)
2025-05-08 05:07:05,744 - INFO -   Performance: +1.66%
2025-05-08 05:07:05,745 - INFO - Not trading M&M.NS - sector ranking doesn't match strategy
2025-05-08 05:07:05,745 - INFO -   Transaction type: SELL
2025-05-08 05:07:05,745 - INFO -   Sector category: TOP
2025-05-08 05:07:05,745 - INFO -   Sector is_positive: True
2025-05-08 05:07:05,745 - INFO - Processing ticker 3: MARUTI.NS
2025-05-08 05:07:05,746 - INFO - Found sector Auto for MARUTI.NS
2025-05-08 05:07:05,746 - INFO - Evaluating MARUTI.NS in sector Auto - Rank 1 (TOP)
2025-05-08 05:07:05,746 - INFO -   Performance: +1.66%
2025-05-08 05:07:05,747 - INFO - Not trading MARUTI.NS - sector ranking doesn't match strategy
2025-05-08 05:07:05,747 - INFO -   Transaction type: SELL
2025-05-08 05:07:05,747 - INFO -   Sector category: TOP
2025-05-08 05:07:05,747 - INFO -   Sector is_positive: True
2025-05-08 05:07:05,747 - INFO - Processing ticker 4: MOTHERSON.NS
2025-05-08 05:07:05,748 - INFO - Found sector Auto for MOTHERSON.NS
2025-05-08 05:07:05,748 - INFO - Evaluating MOTHERSON.NS in sector Auto - Rank 1 (TOP)
2025-05-08 05:07:05,748 - INFO -   Performance: +1.66%
2025-05-08 05:07:05,748 - INFO - Not trading MOTHERSON.NS - sector ranking doesn't match strategy
2025-05-08 05:07:05,748 - INFO -   Transaction type: SELL
2025-05-08 05:07:05,749 - INFO -   Sector category: TOP
2025-05-08 05:07:05,749 - INFO -   Sector is_positive: True
2025-05-08 05:07:05,749 - INFO - Processing ticker 5: MRF.NS
2025-05-08 05:07:05,749 - INFO - Found sector Auto for MRF.NS
2025-05-08 05:07:05,750 - INFO - Evaluating MRF.NS in sector Auto - Rank 1 (TOP)
2025-05-08 05:07:05,750 - INFO -   Performance: +1.66%
2025-05-08 05:07:05,751 - INFO - Not trading MRF.NS - sector ranking doesn't match strategy
2025-05-08 05:07:05,752 - INFO -   Transaction type: SELL
2025-05-08 05:07:05,752 - INFO -   Sector category: TOP
2025-05-08 05:07:05,753 - INFO -   Sector is_positive: True
2025-05-08 05:07:05,753 - INFO - Processing ticker 6: MARICO.NS
2025-05-08 05:07:05,754 - INFO - Skipping MARICO.NS - already have an open position
2025-05-08 05:07:05,755 - INFO - Processing ticker 7: CHOLAFIN.NS
2025-05-08 05:07:05,756 - INFO - Found sector Financial Services for CHOLAFIN.NS
2025-05-08 05:07:05,756 - INFO - Evaluating CHOLAFIN.NS in sector Financial Services - Rank 6 (MIDDLE)
2025-05-08 05:07:05,756 - INFO -   Performance: +0.76%
2025-05-08 05:07:05,757 - INFO - Not trading CHOLAFIN.NS - sector ranking doesn't match strategy
2025-05-08 05:07:05,757 - INFO -   Transaction type: SELL
2025-05-08 05:07:05,757 - INFO -   Sector category: MIDDLE
2025-05-08 05:07:05,757 - INFO -   Sector is_positive: True
2025-05-08 05:07:05,757 - INFO - Processing ticker 8: MUTHOOTFIN.NS
2025-05-08 05:07:05,758 - INFO - Found sector Financial Services for MUTHOOTFIN.NS
2025-05-08 05:07:05,758 - INFO - Evaluating MUTHOOTFIN.NS in sector Financial Services - Rank 6 (MIDDLE)
2025-05-08 05:07:05,758 - INFO -   Performance: +0.76%
2025-05-08 05:07:05,758 - INFO - Not trading MUTHOOTFIN.NS - sector ranking doesn't match strategy
2025-05-08 05:07:05,758 - INFO -   Transaction type: SELL
2025-05-08 05:07:05,759 - INFO -   Sector category: MIDDLE
2025-05-08 05:07:05,759 - INFO -   Sector is_positive: True
2025-05-08 05:07:05,759 - INFO - Processing ticker 9: PEL.NS
2025-05-08 05:07:05,759 - INFO - Found sector Financial Services for PEL.NS
2025-05-08 05:07:05,760 - INFO - Evaluating PEL.NS in sector Financial Services - Rank 6 (MIDDLE)
2025-05-08 05:07:05,760 - INFO -   Performance: +0.76%
2025-05-08 05:07:05,760 - INFO - Not trading PEL.NS - sector ranking doesn't match strategy
2025-05-08 05:07:05,760 - INFO -   Transaction type: SELL
2025-05-08 05:07:05,761 - INFO -   Sector category: MIDDLE
2025-05-08 05:07:05,761 - INFO -   Sector is_positive: True
2025-05-08 05:07:05,761 - INFO - Processing ticker 10: LALPATHLAB.NS
2025-05-08 05:07:05,761 - INFO - Skipping LALPATHLAB.NS - already have an open position
2025-05-08 05:07:05,762 - INFO - Processing ticker 11: NAZARA.NS
2025-05-08 05:07:05,762 - INFO - Found sector Media for NAZARA.NS
2025-05-08 05:07:05,762 - INFO - Evaluating NAZARA.NS in sector Media - Rank 3 (TOP)
2025-05-08 05:07:05,762 - INFO -   Performance: +1.06%
2025-05-08 05:07:05,763 - INFO - Not trading NAZARA.NS - sector ranking doesn't match strategy
2025-05-08 05:07:05,763 - INFO -   Transaction type: SELL
2025-05-08 05:07:05,763 - INFO -   Sector category: TOP
2025-05-08 05:07:05,763 - INFO -   Sector is_positive: True
2025-05-08 05:07:05,763 - INFO - Processing ticker 12: TATASTEEL.NS
2025-05-08 05:07:05,764 - INFO - Found sector Metal for TATASTEEL.NS
2025-05-08 05:07:05,764 - INFO - Evaluating TATASTEEL.NS in sector Metal - Rank 4 (MIDDLE)
2025-05-08 05:07:05,764 - INFO -   Performance: +0.98%
2025-05-08 05:07:05,764 - INFO - Not trading TATASTEEL.NS - sector ranking doesn't match strategy
2025-05-08 05:07:05,764 - INFO -   Transaction type: SELL
2025-05-08 05:07:05,765 - INFO -   Sector category: MIDDLE
2025-05-08 05:07:05,765 - INFO -   Sector is_positive: True
2025-05-08 05:07:05,765 - INFO - Processing ticker 13: MGL.NS
2025-05-08 05:07:05,765 - WARNING - Could not find sector for MGL.NS in sector mapping
2025-05-08 05:07:05,766 - INFO - Processing ticker 14: BIOCON.NS
2025-05-08 05:07:05,766 - INFO - Skipping BIOCON.NS - already have an open position
2025-05-08 05:07:05,766 - INFO - Processing ticker 15: VBL.NS
2025-05-08 05:07:05,767 - WARNING - Could not find sector for VBL.NS in sector mapping
2025-05-08 05:07:05,768 - INFO - Processing ticker 16: ADANIENSOL.NS
2025-05-08 05:07:05,769 - WARNING - Could not find sector for ADANIENSOL.NS in sector mapping
2025-05-08 05:07:05,770 - INFO - Processing ticker 17: ADANIGREEN.NS
2025-05-08 05:07:05,770 - INFO - Found sector Energy for ADANIGREEN.NS
2025-05-08 05:07:05,771 - INFO - Evaluating ADANIGREEN.NS in sector Energy - Rank 5 (MIDDLE)
2025-05-08 05:07:05,772 - INFO -   Performance: +0.82%
2025-05-08 05:07:05,772 - INFO - Not trading ADANIGREEN.NS - sector ranking doesn't match strategy
2025-05-08 05:07:05,773 - INFO -   Transaction type: BUY
2025-05-08 05:07:05,773 - INFO -   Sector category: MIDDLE
2025-05-08 05:07:05,773 - INFO -   Sector is_positive: True
2025-05-08 05:07:05,773 - INFO - Processing ticker 18: TATAPOWER.NS
2025-05-08 05:07:05,774 - INFO - Found sector Energy for TATAPOWER.NS
2025-05-08 05:07:05,774 - INFO - Evaluating TATAPOWER.NS in sector Energy - Rank 5 (MIDDLE)
2025-05-08 05:07:05,774 - INFO -   Performance: +0.82%
2025-05-08 05:07:05,774 - INFO - Not trading TATAPOWER.NS - sector ranking doesn't match strategy
2025-05-08 05:07:05,775 - INFO -   Transaction type: BUY
2025-05-08 05:07:05,775 - INFO -   Sector category: MIDDLE
2025-05-08 05:07:05,775 - INFO -   Sector is_positive: True
2025-05-08 05:07:05,775 - INFO - Processing ticker 19: RECLTD.NS
2025-05-08 05:07:05,775 - INFO - Skipping RECLTD.NS - already have an open position
2025-05-08 05:07:05,776 - INFO - Processing ticker 20: LTTS.NS
2025-05-08 05:07:05,776 - INFO - Found sector IT for LTTS.NS
2025-05-08 05:07:05,776 - INFO - Evaluating LTTS.NS in sector IT - Rank 8 (BOTTOM)
2025-05-08 05:07:05,776 - INFO -   Performance: +0.14%
2025-05-08 05:07:05,777 - INFO - Not trading LTTS.NS - sector ranking doesn't match strategy
2025-05-08 05:07:05,777 - INFO -   Transaction type: BUY
2025-05-08 05:07:05,777 - INFO -   Sector category: BOTTOM
2025-05-08 05:07:05,777 - INFO -   Sector is_positive: True
2025-05-08 05:07:05,778 - INFO - Processing ticker 21: MPHASIS.NS
2025-05-08 05:07:05,778 - INFO - Found sector IT for MPHASIS.NS
2025-05-08 05:07:05,778 - INFO - Evaluating MPHASIS.NS in sector IT - Rank 8 (BOTTOM)
2025-05-08 05:07:05,778 - INFO -   Performance: +0.14%
2025-05-08 05:07:05,778 - INFO - Not trading MPHASIS.NS - sector ranking doesn't match strategy
2025-05-08 05:07:05,779 - INFO -   Transaction type: BUY
2025-05-08 05:07:05,779 - INFO -   Sector category: BOTTOM
2025-05-08 05:07:05,779 - INFO -   Sector is_positive: True
2025-05-08 05:07:05,779 - INFO - Processing ticker 22: HATHWAY.NS
2025-05-08 05:07:05,779 - INFO - Skipping HATHWAY.NS - already have an open position
2025-05-08 05:07:05,780 - INFO - Processing ticker 23: SUNTV.NS
2025-05-08 05:07:05,780 - INFO - Skipping SUNTV.NS - already have an open position
2025-05-08 05:07:05,780 - INFO - Processing ticker 24: PETRONET.NS
2025-05-08 05:07:05,780 - INFO - Found sector Oil & Gas for PETRONET.NS
2025-05-08 05:07:05,781 - WARNING - No data for sector Oil & Gas
2025-05-08 05:07:05,781 - INFO - Processing ticker 25: AUROPHARMA.NS
2025-05-08 05:07:05,781 - INFO - Found sector Pharma for AUROPHARMA.NS
2025-05-08 05:07:05,781 - INFO - Evaluating AUROPHARMA.NS in sector Pharma - Rank 9 (BOTTOM)
2025-05-08 05:07:05,782 - INFO -   Performance: -0.33%
2025-05-08 05:07:05,782 - INFO - Not trading AUROPHARMA.NS - sector ranking doesn't match strategy
2025-05-08 05:07:05,782 - INFO -   Transaction type: BUY
2025-05-08 05:07:05,782 - INFO -   Sector category: BOTTOM
2025-05-08 05:07:05,782 - INFO -   Sector is_positive: False
2025-05-08 05:07:05,783 - INFO - Processing ticker 26: BANKBARODA.NS
2025-05-08 05:07:05,783 - WARNING - Could not find sector for BANKBARODA.NS in sector mapping
2025-05-08 05:07:05,784 - INFO - Processing ticker 27: BANKINDIA.NS
2025-05-08 05:07:05,784 - INFO - Found sector PSU Bank for BANKINDIA.NS
2025-05-08 05:07:05,786 - INFO - Evaluating BANKINDIA.NS in sector PSU Bank - Rank 7 (MIDDLE)
2025-05-08 05:07:05,787 - INFO -   Performance: +0.29%
2025-05-08 05:07:05,787 - INFO - Not trading BANKINDIA.NS - sector ranking doesn't match strategy
2025-05-08 05:07:05,788 - INFO -   Transaction type: BUY
2025-05-08 05:07:05,789 - INFO -   Sector category: MIDDLE
2025-05-08 05:07:05,789 - INFO -   Sector is_positive: True
2025-05-08 05:07:05,789 - INFO - Processing ticker 28: CANBK.NS
2025-05-08 05:07:05,790 - INFO - Found sector Bank for CANBK.NS
2025-05-08 05:07:05,790 - WARNING - No data for sector Bank
2025-05-08 05:07:05,790 - INFO - Processing ticker 29: PNB.NS
2025-05-08 05:07:05,790 - INFO - Found sector PSU Bank for PNB.NS
2025-05-08 05:07:05,790 - INFO - Evaluating PNB.NS in sector PSU Bank - Rank 7 (MIDDLE)
2025-05-08 05:07:05,791 - INFO -   Performance: +0.29%
2025-05-08 05:07:05,791 - INFO - Not trading PNB.NS - sector ranking doesn't match strategy
2025-05-08 05:07:05,791 - INFO -   Transaction type: BUY
2025-05-08 05:07:05,791 - INFO -   Sector category: MIDDLE
2025-05-08 05:07:05,792 - INFO -   Sector is_positive: True
2025-05-08 05:07:05,792 - INFO - Processing ticker 30: UNIONBANK.NS
2025-05-08 05:07:05,792 - INFO - Found sector PSU Bank for UNIONBANK.NS
2025-05-08 05:07:05,792 - INFO - Evaluating UNIONBANK.NS in sector PSU Bank - Rank 7 (MIDDLE)
2025-05-08 05:07:05,793 - INFO -   Performance: +0.29%
2025-05-08 05:07:05,793 - INFO - Not trading UNIONBANK.NS - sector ranking doesn't match strategy
2025-05-08 05:07:05,793 - INFO -   Transaction type: BUY
2025-05-08 05:07:05,793 - INFO -   Sector category: MIDDLE
2025-05-08 05:07:05,793 - INFO -   Sector is_positive: True
2025-05-08 05:07:05,794 - INFO - Processing ticker 31: BANDHANBNK.NS
2025-05-08 05:07:05,794 - INFO - Found sector PVT Bank for BANDHANBNK.NS
2025-05-08 05:07:05,794 - WARNING - No data for sector PVT Bank
2025-05-08 05:07:05,794 - INFO - Processing ticker 32: PRESTIGE.NS
2025-05-08 05:07:05,794 - INFO - Skipping PRESTIGE.NS - already have an open position
2025-05-08 05:07:05,795 - INFO - Processing ticker 33: HUDCO.NS
2025-05-08 05:07:05,795 - WARNING - Could not find sector for HUDCO.NS in sector mapping
2025-05-08 05:07:05,795 - INFO - Ticker processing summary:
2025-05-08 05:07:05,796 - INFO -   Total tickers considered: 33
2025-05-08 05:07:05,796 - INFO -   Tickers with sector data: 21
2025-05-08 05:07:05,796 - INFO -   Tickers matching sector ranking strategy: 0
2025-05-08 05:07:05,796 - INFO -   Tickers with security ID: 0
2025-05-08 05:07:05,797 - INFO -   Orders successfully placed: 0
2025-05-08 05:07:05,797 - INFO - New positions added: 0
2025-05-08 05:07:05,797 - INFO - Positions skipped: 33
2025-05-08 05:07:05,797 - INFO - Positions with errors: 0
2025-05-08 05:07:05,798 - INFO - 
==================================================
NEW OPPORTUNITIES PROCESSING COMPLETE
==================================================
2025-05-08 05:07:05,798 - INFO - Initial trades have been executed - no more new trades will be placed today
2025-05-08 05:07:05,798 - INFO - 
==================================================
SECTOR PROCESSING COMPLETE
==================================================
2025-05-08 05:07:05,803 - INFO - Saved 16 positions to dhan_positions.json
2025-05-08 05:07:05,803 - INFO - 
==================================================
POSITIONS SUMMARY
==================================================
2025-05-08 05:07:05,805 - INFO - Current positions summary:
2025-05-08 05:07:05,805 - INFO -   Open BUY positions: 11
2025-05-08 05:07:05,806 - INFO -   Open SELL positions: 5
2025-05-08 05:07:05,806 - INFO -   Closed positions: 0
2025-05-08 05:07:05,806 - INFO -   Total positions: 16
2025-05-08 05:07:05,806 - INFO - Open positions:
2025-05-08 05:07:05,807 - INFO -   BUY EXIDEIND.NS (Sector: Auto, Entry: 2025-05-05 05:08:27, Order ID: 412505057762, SL%: 1.0%, Target%: 1.0%)
2025-05-08 05:07:05,807 - INFO -   BUY HEROMOTOCO.NS (Sector: Auto, Entry: 2025-05-05 05:08:39, Order ID: 912505057802, SL%: 1.0%, Target%: 1.0%)
2025-05-08 05:07:05,807 - INFO -   BUY BAJAJFINSV.NS (Sector: Financial Services, Entry: 2025-05-05 05:08:51, Order ID: 912505057892, SL%: 1.0%, Target%: 1.0%)
2025-05-08 05:07:05,807 - INFO -   BUY PFC.NS (Sector: Financial Services, Entry: 2025-05-05 05:09:04, Order ID: 912505057962, SL%: 1.0%, Target%: 1.0%)
2025-05-08 05:07:05,808 - INFO -   BUY RECLTD.NS (Sector: Financial Services, Entry: 2025-05-05 05:09:16, Order ID: 912505058012, SL%: 1.0%, Target%: 1.0%)
2025-05-08 05:07:05,808 - INFO -   SELL GODREJPROP.NS (Sector: Realty, Entry: 2025-05-05 05:09:29, Order ID: 312505057842, SL%: 1.0%, Target%: 1.0%)
2025-05-08 05:07:05,808 - INFO -   BUY COLPAL.NS (Sector: FMCG, Entry: 2025-05-05 05:34:29, Order ID: 6125050517042, SL%: 1.0%, Target%: 1.0%)
2025-05-08 05:07:05,808 - INFO -   SELL SBILIFE.NS (Sector: Financial Services, Entry: 2025-05-05 05:34:42, Order ID: 9125050513002, SL%: 1.0%, Target%: 1.0%)
2025-05-08 05:07:05,808 - INFO -   BUY NESTLEIND.NS (Sector: FMCG, Entry: 2025-05-06 05:01:40, Order ID: 212505067072, SL%: 1.0%, Target%: 1.0%)
2025-05-08 05:07:05,809 - INFO -   BUY ONGC.NS (Sector: Energy, Entry: 2025-05-06 05:01:52, Order ID: 512505067422, SL%: 1.0%, Target%: 1.0%)
2025-05-08 05:07:05,809 - INFO -   SELL MARICO.NS (Sector: FMCG, Entry: 2025-05-08 05:01:51, Order ID: 512505087152, SL%: 1.0%, Target%: 1.0%)
2025-05-08 05:07:05,809 - INFO -   SELL LALPATHLAB.NS (Sector: Pharma, Entry: 2025-05-08 05:02:03, Order ID: 412505086142, SL%: 1.0%, Target%: 1.0%)
2025-05-08 05:07:05,810 - INFO -   SELL BIOCON.NS (Sector: Pharma, Entry: 2025-05-08 05:02:15, Order ID: 612505087882, SL%: 1.0%, Target%: 1.0%)
2025-05-08 05:07:05,810 - INFO -   BUY HATHWAY.NS (Sector: Media, Entry: 2025-05-08 05:02:28, Order ID: 512505087252, SL%: 1.0%, Target%: 1.0%)
2025-05-08 05:07:05,810 - INFO -   BUY SUNTV.NS (Sector: Media, Entry: 2025-05-08 05:02:40, Order ID: 912505086332, SL%: 1.0%, Target%: 1.0%)
2025-05-08 05:07:05,810 - INFO -   BUY PRESTIGE.NS (Sector: Realty, Entry: 2025-05-08 05:02:53, Order ID: 912505086372, SL%: 1.0%, Target%: 1.0%)
2025-05-08 05:07:05,811 - INFO - 
==================================================
POSITIONS SUMMARY COMPLETE
==================================================
2025-05-08 05:07:05,811 - INFO - Trading cycle 9 completed
2025-05-08 05:07:05,811 - INFO - Waiting 30 seconds until next check at 05:07:35...
2025-05-08 05:07:05,811 - INFO - 
==================================================
CYCLE 9 COMPLETE
==================================================
2025-05-08 05:07:35,814 - INFO - 
==================================================
TRADING CYCLE 10
==================================================
2025-05-08 05:07:35,815 - INFO - Trading cycle 10 started at 2025-05-08 05:07:35
2025-05-08 05:07:35,816 - INFO - New trading day - resetting flags for fresh sector data check
2025-05-08 05:07:35,816 - INFO - Found fresh sector.csv file modified today
2025-05-08 05:07:35,817 - INFO - 
==================================================
READING SECTOR PERFORMANCE DATA
==================================================
2025-05-08 05:07:35,817 - INFO - Reading sector performance data from sector.csv
2025-05-08 05:07:35,818 - INFO - File last modified: 2025-05-08 05:06:05
2025-05-08 05:07:35,821 - INFO - Adding sector rankings to data
2025-05-08 05:07:35,823 - INFO - Sector rankings:
2025-05-08 05:07:35,824 - INFO - Rank 1: Auto (+1.66%) - TOP
2025-05-08 05:07:35,825 - INFO - Rank 2: Realty (+1.12%) - TOP
2025-05-08 05:07:35,827 - INFO - Rank 3: Media (+1.06%) - TOP
2025-05-08 05:07:35,828 - INFO - Rank 4: Metal (+0.98%) - MIDDLE
2025-05-08 05:07:35,830 - INFO - Rank 5: Energy (+0.82%) - MIDDLE
2025-05-08 05:07:35,832 - INFO - Rank 6: Financial Services (+0.76%) - MIDDLE
2025-05-08 05:07:35,834 - INFO - Rank 7: PSU Bank (+0.29%) - MIDDLE
2025-05-08 05:07:35,836 - INFO - Rank 8: IT (+0.14%) - BOTTOM
2025-05-08 05:07:35,837 - INFO - Rank 9: Pharma (-0.33%) - BOTTOM
2025-05-08 05:07:35,838 - INFO - Rank 10: FMCG (-0.52%) - BOTTOM
2025-05-08 05:07:35,838 - INFO - Latest timestamp in data: 2025-05-08 05:06:05
2025-05-08 05:07:35,839 - INFO - Loaded data for 10 sectors
2025-05-08 05:07:35,839 - INFO - Sector performance details:
2025-05-08 05:07:35,840 - INFO -   Rank 1: Auto - POSITIVE (1.66%) - TOP
2025-05-08 05:07:35,840 - INFO -   Rank 2: Realty - POSITIVE (1.12%) - TOP
2025-05-08 05:07:35,841 - INFO -   Rank 3: Media - POSITIVE (1.06%) - TOP
2025-05-08 05:07:35,841 - INFO -   Rank 4: Metal - POSITIVE (0.98%) - MIDDLE
2025-05-08 05:07:35,842 - INFO -   Rank 5: Energy - POSITIVE (0.82%) - MIDDLE
2025-05-08 05:07:35,843 - INFO -   Rank 6: Financial Services - POSITIVE (0.76%) - MIDDLE
2025-05-08 05:07:35,844 - INFO -   Rank 7: PSU Bank - POSITIVE (0.29%) - MIDDLE
2025-05-08 05:07:35,844 - INFO -   Rank 8: IT - POSITIVE (0.14%) - BOTTOM
2025-05-08 05:07:35,845 - INFO -   Rank 9: Pharma - NEGATIVE (-0.33%) - BOTTOM
2025-05-08 05:07:35,845 - INFO -   Rank 10: FMCG - NEGATIVE (-0.52%) - BOTTOM
2025-05-08 05:07:35,846 - INFO - 
==================================================
SECTOR DATA READ COMPLETE
==================================================
2025-05-08 05:07:35,846 - INFO - 
==================================================
PROCESSING SECTOR DATA
==================================================
2025-05-08 05:07:35,851 - INFO - Processing existing positions for potential exits...
2025-05-08 05:07:35,852 - INFO - 
==================================================
PROCESSING EXISTING POSITIONS
==================================================
2025-05-08 05:07:35,853 - INFO - Processing 16 existing positions
2025-05-08 05:07:35,854 - INFO - Checking position: BUY EXIDEIND.NS (Sector: Auto)
2025-05-08 05:07:35,854 - INFO - SECURITY ID LOOKUP: Searching for EXIDEIND.NS
2025-05-08 05:07:35,854 - INFO - Trying exact match for 'EXIDEIND.NS'
2025-05-08 05:07:35,855 - INFO - FOUND EXACT MATCH: ID 676 for EXIDEIND.NS
2025-05-08 05:07:35,856 - INFO - Getting current market price for EXIDEIND.NS
2025-05-08 05:07:35,856 - INFO - Failed to get quote using symbol: 'dhanhq' object has no attribute 'get_quote'
2025-05-08 05:07:35,856 - INFO - Failed to get LTP using security_id: 'dhanhq' object has no attribute 'get_ltp'
2025-05-08 05:07:35,857 - INFO - Failed to get price from candles: 'dhanhq' object has no attribute 'intraday_daily_minute_charts'
2025-05-08 05:07:35,857 - ERROR - Could not get current market price for EXIDEIND.NS
2025-05-08 05:07:35,858 - WARNING - Could not get current market price for EXIDEIND.NS
2025-05-08 05:07:35,858 - INFO - Checking position: BUY HEROMOTOCO.NS (Sector: Auto)
2025-05-08 05:07:35,859 - INFO - SECURITY ID LOOKUP: Searching for HEROMOTOCO.NS
2025-05-08 05:07:35,859 - INFO - Trying exact match for 'HEROMOTOCO.NS'
2025-05-08 05:07:35,859 - INFO - FOUND EXACT MATCH: ID 1348 for HEROMOTOCO.NS
2025-05-08 05:07:35,860 - INFO - Getting current market price for HEROMOTOCO.NS
2025-05-08 05:07:35,860 - INFO - Failed to get quote using symbol: 'dhanhq' object has no attribute 'get_quote'
2025-05-08 05:07:35,861 - INFO - Failed to get LTP using security_id: 'dhanhq' object has no attribute 'get_ltp'
2025-05-08 05:07:35,862 - INFO - Failed to get price from candles: 'dhanhq' object has no attribute 'intraday_daily_minute_charts'
2025-05-08 05:07:35,862 - ERROR - Could not get current market price for HEROMOTOCO.NS
2025-05-08 05:07:35,862 - WARNING - Could not get current market price for HEROMOTOCO.NS
2025-05-08 05:07:35,862 - INFO - Checking position: BUY BAJAJFINSV.NS (Sector: Financial Services)
2025-05-08 05:07:35,863 - INFO - SECURITY ID LOOKUP: Searching for BAJAJFINSV.NS
2025-05-08 05:07:35,863 - INFO - Trying exact match for 'BAJAJFINSV.NS'
2025-05-08 05:07:35,863 - INFO - FOUND EXACT MATCH: ID 16675 for BAJAJFINSV.NS
2025-05-08 05:07:35,865 - INFO - Getting current market price for BAJAJFINSV.NS
2025-05-08 05:07:35,867 - INFO - Failed to get quote using symbol: 'dhanhq' object has no attribute 'get_quote'
2025-05-08 05:07:35,868 - INFO - Failed to get LTP using security_id: 'dhanhq' object has no attribute 'get_ltp'
2025-05-08 05:07:35,869 - INFO - Failed to get price from candles: 'dhanhq' object has no attribute 'intraday_daily_minute_charts'
2025-05-08 05:07:35,870 - ERROR - Could not get current market price for BAJAJFINSV.NS
2025-05-08 05:07:35,870 - WARNING - Could not get current market price for BAJAJFINSV.NS
2025-05-08 05:07:35,871 - INFO - Checking position: BUY PFC.NS (Sector: Financial Services)
2025-05-08 05:07:35,871 - INFO - SECURITY ID LOOKUP: Searching for PFC.NS
2025-05-08 05:07:35,871 - INFO - Trying exact match for 'PFC.NS'
2025-05-08 05:07:35,871 - INFO - FOUND EXACT MATCH: ID 14299 for PFC.NS
2025-05-08 05:07:35,872 - INFO - Getting current market price for PFC.NS
2025-05-08 05:07:35,872 - INFO - Failed to get quote using symbol: 'dhanhq' object has no attribute 'get_quote'
2025-05-08 05:07:35,873 - INFO - Failed to get LTP using security_id: 'dhanhq' object has no attribute 'get_ltp'
2025-05-08 05:07:35,873 - INFO - Failed to get price from candles: 'dhanhq' object has no attribute 'intraday_daily_minute_charts'
2025-05-08 05:07:35,873 - ERROR - Could not get current market price for PFC.NS
2025-05-08 05:07:35,874 - WARNING - Could not get current market price for PFC.NS
2025-05-08 05:07:35,874 - INFO - Checking position: BUY RECLTD.NS (Sector: Financial Services)
2025-05-08 05:07:35,875 - INFO - SECURITY ID LOOKUP: Searching for RECLTD.NS
2025-05-08 05:07:35,875 - INFO - Trying exact match for 'RECLTD.NS'
2025-05-08 05:07:35,875 - INFO - FOUND EXACT MATCH: ID 15355 for RECLTD.NS
2025-05-08 05:07:35,876 - INFO - Getting current market price for RECLTD.NS
2025-05-08 05:07:35,876 - INFO - Failed to get quote using symbol: 'dhanhq' object has no attribute 'get_quote'
2025-05-08 05:07:35,876 - INFO - Failed to get LTP using security_id: 'dhanhq' object has no attribute 'get_ltp'
2025-05-08 05:07:35,876 - INFO - Failed to get price from candles: 'dhanhq' object has no attribute 'intraday_daily_minute_charts'
2025-05-08 05:07:35,877 - ERROR - Could not get current market price for RECLTD.NS
2025-05-08 05:07:35,877 - WARNING - Could not get current market price for RECLTD.NS
2025-05-08 05:07:35,878 - INFO - Checking position: SELL GODREJPROP.NS (Sector: Realty)
2025-05-08 05:07:35,878 - INFO - SECURITY ID LOOKUP: Searching for GODREJPROP.NS
2025-05-08 05:07:35,879 - INFO - Trying exact match for 'GODREJPROP.NS'
2025-05-08 05:07:35,879 - INFO - FOUND EXACT MATCH: ID 17875 for GODREJPROP.NS
2025-05-08 05:07:35,879 - INFO - Getting current market price for GODREJPROP.NS
2025-05-08 05:07:35,880 - INFO - Failed to get quote using symbol: 'dhanhq' object has no attribute 'get_quote'
2025-05-08 05:07:35,880 - INFO - Failed to get LTP using security_id: 'dhanhq' object has no attribute 'get_ltp'
2025-05-08 05:07:35,880 - INFO - Failed to get price from candles: 'dhanhq' object has no attribute 'intraday_daily_minute_charts'
2025-05-08 05:07:35,884 - ERROR - Could not get current market price for GODREJPROP.NS
2025-05-08 05:07:35,884 - WARNING - Could not get current market price for GODREJPROP.NS
2025-05-08 05:07:35,885 - INFO - Checking position: BUY COLPAL.NS (Sector: FMCG)
2025-05-08 05:07:35,885 - INFO - SECURITY ID LOOKUP: Searching for COLPAL.NS
2025-05-08 05:07:35,886 - INFO - Trying exact match for 'COLPAL.NS'
2025-05-08 05:07:35,887 - INFO - FOUND EXACT MATCH: ID 15141 for COLPAL.NS
2025-05-08 05:07:35,887 - INFO - Getting current market price for COLPAL.NS
2025-05-08 05:07:35,888 - INFO - Failed to get quote using symbol: 'dhanhq' object has no attribute 'get_quote'
2025-05-08 05:07:35,888 - INFO - Failed to get LTP using security_id: 'dhanhq' object has no attribute 'get_ltp'
2025-05-08 05:07:35,888 - INFO - Failed to get price from candles: 'dhanhq' object has no attribute 'intraday_daily_minute_charts'
2025-05-08 05:07:35,889 - ERROR - Could not get current market price for COLPAL.NS
2025-05-08 05:07:35,889 - WARNING - Could not get current market price for COLPAL.NS
2025-05-08 05:07:35,889 - INFO - Checking position: SELL SBILIFE.NS (Sector: Financial Services)
2025-05-08 05:07:35,890 - INFO - SECURITY ID LOOKUP: Searching for SBILIFE.NS
2025-05-08 05:07:35,891 - INFO - Trying exact match for 'SBILIFE.NS'
2025-05-08 05:07:35,891 - INFO - FOUND EXACT MATCH: ID 21808 for SBILIFE.NS
2025-05-08 05:07:35,891 - INFO - Getting current market price for SBILIFE.NS
2025-05-08 05:07:35,892 - INFO - Failed to get quote using symbol: 'dhanhq' object has no attribute 'get_quote'
2025-05-08 05:07:35,892 - INFO - Failed to get LTP using security_id: 'dhanhq' object has no attribute 'get_ltp'
2025-05-08 05:07:35,892 - INFO - Failed to get price from candles: 'dhanhq' object has no attribute 'intraday_daily_minute_charts'
2025-05-08 05:07:35,893 - ERROR - Could not get current market price for SBILIFE.NS
2025-05-08 05:07:35,893 - WARNING - Could not get current market price for SBILIFE.NS
2025-05-08 05:07:35,893 - INFO - Checking position: BUY NESTLEIND.NS (Sector: FMCG)
2025-05-08 05:07:35,894 - INFO - SECURITY ID LOOKUP: Searching for NESTLEIND.NS
2025-05-08 05:07:35,894 - INFO - Trying exact match for 'NESTLEIND.NS'
2025-05-08 05:07:35,894 - INFO - FOUND EXACT MATCH: ID 17963 for NESTLEIND.NS
2025-05-08 05:07:35,895 - INFO - Getting current market price for NESTLEIND.NS
2025-05-08 05:07:35,895 - INFO - Failed to get quote using symbol: 'dhanhq' object has no attribute 'get_quote'
2025-05-08 05:07:35,896 - INFO - Failed to get LTP using security_id: 'dhanhq' object has no attribute 'get_ltp'
2025-05-08 05:07:35,896 - INFO - Failed to get price from candles: 'dhanhq' object has no attribute 'intraday_daily_minute_charts'
2025-05-08 05:07:35,896 - ERROR - Could not get current market price for NESTLEIND.NS
2025-05-08 05:07:35,900 - WARNING - Could not get current market price for NESTLEIND.NS
2025-05-08 05:07:35,902 - INFO - Checking position: BUY ONGC.NS (Sector: Energy)
2025-05-08 05:07:35,903 - INFO - SECURITY ID LOOKUP: Searching for ONGC.NS
2025-05-08 05:07:35,904 - INFO - Trying exact match for 'ONGC.NS'
2025-05-08 05:07:35,904 - INFO - FOUND EXACT MATCH: ID 2475 for ONGC.NS
2025-05-08 05:07:35,905 - INFO - Getting current market price for ONGC.NS
2025-05-08 05:07:35,905 - INFO - Failed to get quote using symbol: 'dhanhq' object has no attribute 'get_quote'
2025-05-08 05:07:35,905 - INFO - Failed to get LTP using security_id: 'dhanhq' object has no attribute 'get_ltp'
2025-05-08 05:07:35,905 - INFO - Failed to get price from candles: 'dhanhq' object has no attribute 'intraday_daily_minute_charts'
2025-05-08 05:07:35,906 - ERROR - Could not get current market price for ONGC.NS
2025-05-08 05:07:35,906 - WARNING - Could not get current market price for ONGC.NS
2025-05-08 05:07:35,906 - INFO - Checking position: SELL MARICO.NS (Sector: FMCG)
2025-05-08 05:07:35,907 - INFO - SECURITY ID LOOKUP: Searching for MARICO.NS
2025-05-08 05:07:35,907 - INFO - Trying exact match for 'MARICO.NS'
2025-05-08 05:07:35,907 - INFO - FOUND EXACT MATCH: ID 4067 for MARICO.NS
2025-05-08 05:07:35,908 - INFO - Getting current market price for MARICO.NS
2025-05-08 05:07:35,908 - INFO - Failed to get quote using symbol: 'dhanhq' object has no attribute 'get_quote'
2025-05-08 05:07:35,909 - INFO - Failed to get LTP using security_id: 'dhanhq' object has no attribute 'get_ltp'
2025-05-08 05:07:35,909 - INFO - Failed to get price from candles: 'dhanhq' object has no attribute 'intraday_daily_minute_charts'
2025-05-08 05:07:35,909 - ERROR - Could not get current market price for MARICO.NS
2025-05-08 05:07:35,910 - WARNING - Could not get current market price for MARICO.NS
2025-05-08 05:07:35,910 - INFO - Checking position: SELL LALPATHLAB.NS (Sector: Pharma)
2025-05-08 05:07:35,910 - INFO - SECURITY ID LOOKUP: Searching for LALPATHLAB.NS
2025-05-08 05:07:35,911 - INFO - Trying exact match for 'LALPATHLAB.NS'
2025-05-08 05:07:35,911 - INFO - FOUND EXACT MATCH: ID 11654 for LALPATHLAB.NS
2025-05-08 05:07:35,911 - INFO - Getting current market price for LALPATHLAB.NS
2025-05-08 05:07:35,912 - INFO - Failed to get quote using symbol: 'dhanhq' object has no attribute 'get_quote'
2025-05-08 05:07:35,912 - INFO - Failed to get LTP using security_id: 'dhanhq' object has no attribute 'get_ltp'
2025-05-08 05:07:35,912 - INFO - Failed to get price from candles: 'dhanhq' object has no attribute 'intraday_daily_minute_charts'
2025-05-08 05:07:35,912 - ERROR - Could not get current market price for LALPATHLAB.NS
2025-05-08 05:07:35,913 - WARNING - Could not get current market price for LALPATHLAB.NS
2025-05-08 05:07:35,913 - INFO - Checking position: SELL BIOCON.NS (Sector: Pharma)
2025-05-08 05:07:35,913 - INFO - SECURITY ID LOOKUP: Searching for BIOCON.NS
2025-05-08 05:07:35,913 - INFO - Trying exact match for 'BIOCON.NS'
2025-05-08 05:07:35,916 - INFO - FOUND EXACT MATCH: ID 11373 for BIOCON.NS
2025-05-08 05:07:35,917 - INFO - Getting current market price for BIOCON.NS
2025-05-08 05:07:35,918 - INFO - Failed to get quote using symbol: 'dhanhq' object has no attribute 'get_quote'
2025-05-08 05:07:35,918 - INFO - Failed to get LTP using security_id: 'dhanhq' object has no attribute 'get_ltp'
2025-05-08 05:07:35,919 - INFO - Failed to get price from candles: 'dhanhq' object has no attribute 'intraday_daily_minute_charts'
2025-05-08 05:07:35,920 - ERROR - Could not get current market price for BIOCON.NS
2025-05-08 05:07:35,920 - WARNING - Could not get current market price for BIOCON.NS
2025-05-08 05:07:35,920 - INFO - Checking position: BUY HATHWAY.NS (Sector: Media)
2025-05-08 05:07:35,921 - INFO - SECURITY ID LOOKUP: Searching for HATHWAY.NS
2025-05-08 05:07:35,921 - INFO - Trying exact match for 'HATHWAY.NS'
2025-05-08 05:07:35,921 - INFO - FOUND EXACT MATCH: ID 18154 for HATHWAY.NS
2025-05-08 05:07:35,921 - INFO - Getting current market price for HATHWAY.NS
2025-05-08 05:07:35,922 - INFO - Failed to get quote using symbol: 'dhanhq' object has no attribute 'get_quote'
2025-05-08 05:07:35,922 - INFO - Failed to get LTP using security_id: 'dhanhq' object has no attribute 'get_ltp'
2025-05-08 05:07:35,923 - INFO - Failed to get price from candles: 'dhanhq' object has no attribute 'intraday_daily_minute_charts'
2025-05-08 05:07:35,923 - ERROR - Could not get current market price for HATHWAY.NS
2025-05-08 05:07:35,923 - WARNING - Could not get current market price for HATHWAY.NS
2025-05-08 05:07:35,924 - INFO - Checking position: BUY SUNTV.NS (Sector: Media)
2025-05-08 05:07:35,924 - INFO - SECURITY ID LOOKUP: Searching for SUNTV.NS
2025-05-08 05:07:35,924 - INFO - Trying exact match for 'SUNTV.NS'
2025-05-08 05:07:35,925 - INFO - FOUND EXACT MATCH: ID 13404 for SUNTV.NS
2025-05-08 05:07:35,925 - INFO - Getting current market price for SUNTV.NS
2025-05-08 05:07:35,925 - INFO - Failed to get quote using symbol: 'dhanhq' object has no attribute 'get_quote'
2025-05-08 05:07:35,925 - INFO - Failed to get LTP using security_id: 'dhanhq' object has no attribute 'get_ltp'
2025-05-08 05:07:35,926 - INFO - Failed to get price from candles: 'dhanhq' object has no attribute 'intraday_daily_minute_charts'
2025-05-08 05:07:35,926 - ERROR - Could not get current market price for SUNTV.NS
2025-05-08 05:07:35,926 - WARNING - Could not get current market price for SUNTV.NS
2025-05-08 05:07:35,926 - INFO - Checking position: BUY PRESTIGE.NS (Sector: Realty)
2025-05-08 05:07:35,926 - INFO - SECURITY ID LOOKUP: Searching for PRESTIGE.NS
2025-05-08 05:07:35,927 - INFO - Trying exact match for 'PRESTIGE.NS'
2025-05-08 05:07:35,927 - INFO - FOUND EXACT MATCH: ID 20302 for PRESTIGE.NS
2025-05-08 05:07:35,927 - INFO - Getting current market price for PRESTIGE.NS
2025-05-08 05:07:35,928 - INFO - Failed to get quote using symbol: 'dhanhq' object has no attribute 'get_quote'
2025-05-08 05:07:35,928 - INFO - Failed to get LTP using security_id: 'dhanhq' object has no attribute 'get_ltp'
2025-05-08 05:07:35,928 - INFO - Failed to get price from candles: 'dhanhq' object has no attribute 'intraday_daily_minute_charts'
2025-05-08 05:07:35,928 - ERROR - Could not get current market price for PRESTIGE.NS
2025-05-08 05:07:35,929 - WARNING - Could not get current market price for PRESTIGE.NS
2025-05-08 05:07:35,929 - INFO - No positions needed to be exited
2025-05-08 05:07:35,929 - INFO - 
==================================================
POSITION PROCESSING COMPLETE
==================================================
2025-05-08 05:07:35,930 - INFO - First run of the day - looking for sector-based trading opportunities...
2025-05-08 05:07:35,930 - INFO - 
==================================================
FINDING NEW TRADING OPPORTUNITIES
==================================================
2025-05-08 05:07:35,934 - INFO - Found 33 active tickers out of 33 total
2025-05-08 05:07:35,936 - INFO - Processed sector data for 10 sectors
2025-05-08 05:07:35,937 - INFO - Processing tickers in order: ['BALKRISIND.NS', 'M&M.NS', 'MARUTI.NS', 'MOTHERSON.NS', 'MRF.NS', 'MARICO.NS', 'CHOLAFIN.NS', 'MUTHOOTFIN.NS', 'PEL.NS', 'LALPATHLAB.NS', 'NAZARA.NS', 'TATASTEEL.NS', 'MGL.NS', 'BIOCON.NS', 'VBL.NS', 'ADANIENSOL.NS', 'ADANIGREEN.NS', 'TATAPOWER.NS', 'RECLTD.NS', 'LTTS.NS', 'MPHASIS.NS', 'HATHWAY.NS', 'SUNTV.NS', 'PETRONET.NS', 'AUROPHARMA.NS', 'BANKBARODA.NS', 'BANKINDIA.NS', 'CANBK.NS', 'PNB.NS', 'UNIONBANK.NS', 'BANDHANBNK.NS', 'PRESTIGE.NS', 'HUDCO.NS']
2025-05-08 05:07:35,937 - INFO - Already have open positions for: ['EXIDEIND.NS', 'HEROMOTOCO.NS', 'BAJAJFINSV.NS', 'PFC.NS', 'RECLTD.NS', 'GODREJPROP.NS', 'COLPAL.NS', 'SBILIFE.NS', 'NESTLEIND.NS', 'ONGC.NS', 'MARICO.NS', 'LALPATHLAB.NS', 'BIOCON.NS', 'HATHWAY.NS', 'SUNTV.NS', 'PRESTIGE.NS']
2025-05-08 05:07:35,938 - INFO - Current sector rankings:
2025-05-08 05:07:35,938 - INFO -   Rank 1: Auto - POSITIVE (1.66%) - TOP
2025-05-08 05:07:35,938 - INFO -   Rank 2: Realty - POSITIVE (1.12%) - TOP
2025-05-08 05:07:35,938 - INFO -   Rank 3: Media - POSITIVE (1.06%) - TOP
2025-05-08 05:07:35,939 - INFO -   Rank 4: Metal - POSITIVE (0.98%) - MIDDLE
2025-05-08 05:07:35,939 - INFO -   Rank 5: Energy - POSITIVE (0.82%) - MIDDLE
2025-05-08 05:07:35,939 - INFO -   Rank 6: Financial Services - POSITIVE (0.76%) - MIDDLE
2025-05-08 05:07:35,939 - INFO -   Rank 7: PSU Bank - POSITIVE (0.29%) - MIDDLE
2025-05-08 05:07:35,940 - INFO -   Rank 8: IT - POSITIVE (0.14%) - BOTTOM
2025-05-08 05:07:35,940 - INFO -   Rank 9: Pharma - NEGATIVE (-0.33%) - BOTTOM
2025-05-08 05:07:35,940 - INFO -   Rank 10: FMCG - NEGATIVE (-0.52%) - BOTTOM
2025-05-08 05:07:35,941 - INFO - Processing ticker 1: BALKRISIND.NS
2025-05-08 05:07:35,941 - INFO - Found sector Auto for BALKRISIND.NS
2025-05-08 05:07:35,941 - INFO - Evaluating BALKRISIND.NS in sector Auto - Rank 1 (TOP)
2025-05-08 05:07:35,941 - INFO -   Performance: +1.66%
2025-05-08 05:07:35,942 - INFO - Not trading BALKRISIND.NS - sector ranking doesn't match strategy
2025-05-08 05:07:35,942 - INFO -   Transaction type: SELL
2025-05-08 05:07:35,942 - INFO -   Sector category: TOP
2025-05-08 05:07:35,942 - INFO -   Sector is_positive: True
2025-05-08 05:07:35,942 - INFO - Processing ticker 2: M&M.NS
2025-05-08 05:07:35,943 - INFO - Found sector Auto for M&M.NS
2025-05-08 05:07:35,943 - INFO - Evaluating M&M.NS in sector Auto - Rank 1 (TOP)
2025-05-08 05:07:35,943 - INFO -   Performance: +1.66%
2025-05-08 05:07:35,943 - INFO - Not trading M&M.NS - sector ranking doesn't match strategy
2025-05-08 05:07:35,943 - INFO -   Transaction type: SELL
2025-05-08 05:07:35,944 - INFO -   Sector category: TOP
2025-05-08 05:07:35,944 - INFO -   Sector is_positive: True
2025-05-08 05:07:35,944 - INFO - Processing ticker 3: MARUTI.NS
2025-05-08 05:07:35,945 - INFO - Found sector Auto for MARUTI.NS
2025-05-08 05:07:35,945 - INFO - Evaluating MARUTI.NS in sector Auto - Rank 1 (TOP)
2025-05-08 05:07:35,945 - INFO -   Performance: +1.66%
2025-05-08 05:07:35,946 - INFO - Not trading MARUTI.NS - sector ranking doesn't match strategy
2025-05-08 05:07:35,946 - INFO -   Transaction type: SELL
2025-05-08 05:07:35,946 - INFO -   Sector category: TOP
2025-05-08 05:07:35,946 - INFO -   Sector is_positive: True
2025-05-08 05:07:35,947 - INFO - Processing ticker 4: MOTHERSON.NS
2025-05-08 05:07:35,947 - INFO - Found sector Auto for MOTHERSON.NS
2025-05-08 05:07:35,950 - INFO - Evaluating MOTHERSON.NS in sector Auto - Rank 1 (TOP)
2025-05-08 05:07:35,950 - INFO -   Performance: +1.66%
2025-05-08 05:07:35,951 - INFO - Not trading MOTHERSON.NS - sector ranking doesn't match strategy
2025-05-08 05:07:35,951 - INFO -   Transaction type: SELL
2025-05-08 05:07:35,951 - INFO -   Sector category: TOP
2025-05-08 05:07:35,952 - INFO -   Sector is_positive: True
2025-05-08 05:07:35,953 - INFO - Processing ticker 5: MRF.NS
2025-05-08 05:07:35,953 - INFO - Found sector Auto for MRF.NS
2025-05-08 05:07:35,953 - INFO - Evaluating MRF.NS in sector Auto - Rank 1 (TOP)
2025-05-08 05:07:35,953 - INFO -   Performance: +1.66%
2025-05-08 05:07:35,954 - INFO - Not trading MRF.NS - sector ranking doesn't match strategy
2025-05-08 05:07:35,954 - INFO -   Transaction type: SELL
2025-05-08 05:07:35,954 - INFO -   Sector category: TOP
2025-05-08 05:07:35,954 - INFO -   Sector is_positive: True
2025-05-08 05:07:35,955 - INFO - Processing ticker 6: MARICO.NS
2025-05-08 05:07:35,955 - INFO - Skipping MARICO.NS - already have an open position
2025-05-08 05:07:35,955 - INFO - Processing ticker 7: CHOLAFIN.NS
2025-05-08 05:07:35,956 - INFO - Found sector Financial Services for CHOLAFIN.NS
2025-05-08 05:07:35,956 - INFO - Evaluating CHOLAFIN.NS in sector Financial Services - Rank 6 (MIDDLE)
2025-05-08 05:07:35,956 - INFO -   Performance: +0.76%
2025-05-08 05:07:35,956 - INFO - Not trading CHOLAFIN.NS - sector ranking doesn't match strategy
2025-05-08 05:07:35,957 - INFO -   Transaction type: SELL
2025-05-08 05:07:35,957 - INFO -   Sector category: MIDDLE
2025-05-08 05:07:35,957 - INFO -   Sector is_positive: True
2025-05-08 05:07:35,957 - INFO - Processing ticker 8: MUTHOOTFIN.NS
2025-05-08 05:07:35,957 - INFO - Found sector Financial Services for MUTHOOTFIN.NS
2025-05-08 05:07:35,958 - INFO - Evaluating MUTHOOTFIN.NS in sector Financial Services - Rank 6 (MIDDLE)
2025-05-08 05:07:35,958 - INFO -   Performance: +0.76%
2025-05-08 05:07:35,958 - INFO - Not trading MUTHOOTFIN.NS - sector ranking doesn't match strategy
2025-05-08 05:07:35,958 - INFO -   Transaction type: SELL
2025-05-08 05:07:35,958 - INFO -   Sector category: MIDDLE
2025-05-08 05:07:35,959 - INFO -   Sector is_positive: True
2025-05-08 05:07:35,959 - INFO - Processing ticker 9: PEL.NS
2025-05-08 05:07:35,959 - INFO - Found sector Financial Services for PEL.NS
2025-05-08 05:07:35,959 - INFO - Evaluating PEL.NS in sector Financial Services - Rank 6 (MIDDLE)
2025-05-08 05:07:35,960 - INFO -   Performance: +0.76%
2025-05-08 05:07:35,960 - INFO - Not trading PEL.NS - sector ranking doesn't match strategy
2025-05-08 05:07:35,960 - INFO -   Transaction type: SELL
2025-05-08 05:07:35,960 - INFO -   Sector category: MIDDLE
2025-05-08 05:07:35,961 - INFO -   Sector is_positive: True
2025-05-08 05:07:35,961 - INFO - Processing ticker 10: LALPATHLAB.NS
2025-05-08 05:07:35,961 - INFO - Skipping LALPATHLAB.NS - already have an open position
2025-05-08 05:07:35,961 - INFO - Processing ticker 11: NAZARA.NS
2025-05-08 05:07:35,962 - INFO - Found sector Media for NAZARA.NS
2025-05-08 05:07:35,962 - INFO - Evaluating NAZARA.NS in sector Media - Rank 3 (TOP)
2025-05-08 05:07:35,962 - INFO -   Performance: +1.06%
2025-05-08 05:07:35,963 - INFO - Not trading NAZARA.NS - sector ranking doesn't match strategy
2025-05-08 05:07:35,963 - INFO -   Transaction type: SELL
2025-05-08 05:07:35,963 - INFO -   Sector category: TOP
2025-05-08 05:07:35,963 - INFO -   Sector is_positive: True
2025-05-08 05:07:35,964 - INFO - Processing ticker 12: TATASTEEL.NS
2025-05-08 05:07:35,967 - INFO - Found sector Metal for TATASTEEL.NS
2025-05-08 05:07:35,967 - INFO - Evaluating TATASTEEL.NS in sector Metal - Rank 4 (MIDDLE)
2025-05-08 05:07:35,968 - INFO -   Performance: +0.98%
2025-05-08 05:07:35,968 - INFO - Not trading TATASTEEL.NS - sector ranking doesn't match strategy
2025-05-08 05:07:35,969 - INFO -   Transaction type: SELL
2025-05-08 05:07:35,969 - INFO -   Sector category: MIDDLE
2025-05-08 05:07:35,970 - INFO -   Sector is_positive: True
2025-05-08 05:07:35,971 - INFO - Processing ticker 13: MGL.NS
2025-05-08 05:07:35,971 - WARNING - Could not find sector for MGL.NS in sector mapping
2025-05-08 05:07:35,972 - INFO - Processing ticker 14: BIOCON.NS
2025-05-08 05:07:35,973 - INFO - Skipping BIOCON.NS - already have an open position
2025-05-08 05:07:35,973 - INFO - Processing ticker 15: VBL.NS
2025-05-08 05:07:35,974 - WARNING - Could not find sector for VBL.NS in sector mapping
2025-05-08 05:07:35,974 - INFO - Processing ticker 16: ADANIENSOL.NS
2025-05-08 05:07:35,975 - WARNING - Could not find sector for ADANIENSOL.NS in sector mapping
2025-05-08 05:07:35,975 - INFO - Processing ticker 17: ADANIGREEN.NS
2025-05-08 05:07:35,975 - INFO - Found sector Energy for ADANIGREEN.NS
2025-05-08 05:07:35,976 - INFO - Evaluating ADANIGREEN.NS in sector Energy - Rank 5 (MIDDLE)
2025-05-08 05:07:35,976 - INFO -   Performance: +0.82%
2025-05-08 05:07:35,976 - INFO - Not trading ADANIGREEN.NS - sector ranking doesn't match strategy
2025-05-08 05:07:35,977 - INFO -   Transaction type: BUY
2025-05-08 05:07:35,977 - INFO -   Sector category: MIDDLE
2025-05-08 05:07:35,977 - INFO -   Sector is_positive: True
2025-05-08 05:07:35,978 - INFO - Processing ticker 18: TATAPOWER.NS
2025-05-08 05:07:35,978 - INFO - Found sector Energy for TATAPOWER.NS
2025-05-08 05:07:35,979 - INFO - Evaluating TATAPOWER.NS in sector Energy - Rank 5 (MIDDLE)
2025-05-08 05:07:35,979 - INFO -   Performance: +0.82%
2025-05-08 05:07:35,980 - INFO - Not trading TATAPOWER.NS - sector ranking doesn't match strategy
2025-05-08 05:07:35,980 - INFO -   Transaction type: BUY
2025-05-08 05:07:35,981 - INFO -   Sector category: MIDDLE
2025-05-08 05:07:35,982 - INFO -   Sector is_positive: True
2025-05-08 05:07:35,983 - INFO - Processing ticker 19: RECLTD.NS
2025-05-08 05:07:35,984 - INFO - Skipping RECLTD.NS - already have an open position
2025-05-08 05:07:35,985 - INFO - Processing ticker 20: LTTS.NS
2025-05-08 05:07:35,985 - INFO - Found sector IT for LTTS.NS
2025-05-08 05:07:35,986 - INFO - Evaluating LTTS.NS in sector IT - Rank 8 (BOTTOM)
2025-05-08 05:07:35,987 - INFO -   Performance: +0.14%
2025-05-08 05:07:35,987 - INFO - Not trading LTTS.NS - sector ranking doesn't match strategy
2025-05-08 05:07:35,988 - INFO -   Transaction type: BUY
2025-05-08 05:07:35,988 - INFO -   Sector category: BOTTOM
2025-05-08 05:07:35,988 - INFO -   Sector is_positive: True
2025-05-08 05:07:35,989 - INFO - Processing ticker 21: MPHASIS.NS
2025-05-08 05:07:35,989 - INFO - Found sector IT for MPHASIS.NS
2025-05-08 05:07:35,990 - INFO - Evaluating MPHASIS.NS in sector IT - Rank 8 (BOTTOM)
2025-05-08 05:07:35,990 - INFO -   Performance: +0.14%
2025-05-08 05:07:35,991 - INFO - Not trading MPHASIS.NS - sector ranking doesn't match strategy
2025-05-08 05:07:35,991 - INFO -   Transaction type: BUY
2025-05-08 05:07:35,991 - INFO -   Sector category: BOTTOM
2025-05-08 05:07:35,992 - INFO -   Sector is_positive: True
2025-05-08 05:07:35,992 - INFO - Processing ticker 22: HATHWAY.NS
2025-05-08 05:07:35,992 - INFO - Skipping HATHWAY.NS - already have an open position
2025-05-08 05:07:35,993 - INFO - Processing ticker 23: SUNTV.NS
2025-05-08 05:07:35,993 - INFO - Skipping SUNTV.NS - already have an open position
2025-05-08 05:07:35,993 - INFO - Processing ticker 24: PETRONET.NS
2025-05-08 05:07:35,994 - INFO - Found sector Oil & Gas for PETRONET.NS
2025-05-08 05:07:35,994 - WARNING - No data for sector Oil & Gas
2025-05-08 05:07:35,995 - INFO - Processing ticker 25: AUROPHARMA.NS
2025-05-08 05:07:35,995 - INFO - Found sector Pharma for AUROPHARMA.NS
2025-05-08 05:07:35,995 - INFO - Evaluating AUROPHARMA.NS in sector Pharma - Rank 9 (BOTTOM)
2025-05-08 05:07:35,996 - INFO -   Performance: -0.33%
2025-05-08 05:07:35,996 - INFO - Not trading AUROPHARMA.NS - sector ranking doesn't match strategy
2025-05-08 05:07:35,996 - INFO -   Transaction type: BUY
2025-05-08 05:07:35,996 - INFO -   Sector category: BOTTOM
2025-05-08 05:07:35,997 - INFO -   Sector is_positive: False
2025-05-08 05:07:35,998 - INFO - Processing ticker 26: BANKBARODA.NS
2025-05-08 05:07:35,999 - WARNING - Could not find sector for BANKBARODA.NS in sector mapping
2025-05-08 05:07:35,999 - INFO - Processing ticker 27: BANKINDIA.NS
2025-05-08 05:07:36,000 - INFO - Found sector PSU Bank for BANKINDIA.NS
2025-05-08 05:07:36,000 - INFO - Evaluating BANKINDIA.NS in sector PSU Bank - Rank 7 (MIDDLE)
2025-05-08 05:07:36,001 - INFO -   Performance: +0.29%
2025-05-08 05:07:36,001 - INFO - Not trading BANKINDIA.NS - sector ranking doesn't match strategy
2025-05-08 05:07:36,002 - INFO -   Transaction type: BUY
2025-05-08 05:07:36,003 - INFO -   Sector category: MIDDLE
2025-05-08 05:07:36,004 - INFO -   Sector is_positive: True
2025-05-08 05:07:36,004 - INFO - Processing ticker 28: CANBK.NS
2025-05-08 05:07:36,004 - INFO - Found sector Bank for CANBK.NS
2025-05-08 05:07:36,005 - WARNING - No data for sector Bank
2025-05-08 05:07:36,005 - INFO - Processing ticker 29: PNB.NS
2025-05-08 05:07:36,005 - INFO - Found sector PSU Bank for PNB.NS
2025-05-08 05:07:36,006 - INFO - Evaluating PNB.NS in sector PSU Bank - Rank 7 (MIDDLE)
2025-05-08 05:07:36,006 - INFO -   Performance: +0.29%
2025-05-08 05:07:36,006 - INFO - Not trading PNB.NS - sector ranking doesn't match strategy
2025-05-08 05:07:36,006 - INFO -   Transaction type: BUY
2025-05-08 05:07:36,007 - INFO -   Sector category: MIDDLE
2025-05-08 05:07:36,007 - INFO -   Sector is_positive: True
2025-05-08 05:07:36,007 - INFO - Processing ticker 30: UNIONBANK.NS
2025-05-08 05:07:36,007 - INFO - Found sector PSU Bank for UNIONBANK.NS
2025-05-08 05:07:36,008 - INFO - Evaluating UNIONBANK.NS in sector PSU Bank - Rank 7 (MIDDLE)
2025-05-08 05:07:36,008 - INFO -   Performance: +0.29%
2025-05-08 05:07:36,008 - INFO - Not trading UNIONBANK.NS - sector ranking doesn't match strategy
2025-05-08 05:07:36,008 - INFO -   Transaction type: BUY
2025-05-08 05:07:36,009 - INFO -   Sector category: MIDDLE
2025-05-08 05:07:36,009 - INFO -   Sector is_positive: True
2025-05-08 05:07:36,009 - INFO - Processing ticker 31: BANDHANBNK.NS
2025-05-08 05:07:36,009 - INFO - Found sector PVT Bank for BANDHANBNK.NS
2025-05-08 05:07:36,010 - WARNING - No data for sector PVT Bank
2025-05-08 05:07:36,010 - INFO - Processing ticker 32: PRESTIGE.NS
2025-05-08 05:07:36,011 - INFO - Skipping PRESTIGE.NS - already have an open position
2025-05-08 05:07:36,011 - INFO - Processing ticker 33: HUDCO.NS
2025-05-08 05:07:36,011 - WARNING - Could not find sector for HUDCO.NS in sector mapping
2025-05-08 05:07:36,011 - INFO - Ticker processing summary:
2025-05-08 05:07:36,012 - INFO -   Total tickers considered: 33
2025-05-08 05:07:36,012 - INFO -   Tickers with sector data: 21
2025-05-08 05:07:36,012 - INFO -   Tickers matching sector ranking strategy: 0
2025-05-08 05:07:36,012 - INFO -   Tickers with security ID: 0
2025-05-08 05:07:36,013 - INFO -   Orders successfully placed: 0
2025-05-08 05:07:36,013 - INFO - New positions added: 0
2025-05-08 05:07:36,013 - INFO - Positions skipped: 33
2025-05-08 05:07:36,013 - INFO - Positions with errors: 0
2025-05-08 05:07:36,015 - INFO - 
==================================================
NEW OPPORTUNITIES PROCESSING COMPLETE
==================================================
2025-05-08 05:07:36,016 - INFO - Initial trades have been executed - no more new trades will be placed today
2025-05-08 05:07:36,017 - INFO - 
==================================================
SECTOR PROCESSING COMPLETE
==================================================
2025-05-08 05:07:36,021 - INFO - Saved 16 positions to dhan_positions.json
2025-05-08 05:07:36,021 - INFO - 
==================================================
POSITIONS SUMMARY
==================================================
2025-05-08 05:07:36,022 - INFO - Current positions summary:
2025-05-08 05:07:36,023 - INFO -   Open BUY positions: 11
2025-05-08 05:07:36,023 - INFO -   Open SELL positions: 5
2025-05-08 05:07:36,023 - INFO -   Closed positions: 0
2025-05-08 05:07:36,024 - INFO -   Total positions: 16
2025-05-08 05:07:36,024 - INFO - Open positions:
2025-05-08 05:07:36,024 - INFO -   BUY EXIDEIND.NS (Sector: Auto, Entry: 2025-05-05 05:08:27, Order ID: 412505057762, SL%: 1.0%, Target%: 1.0%)
2025-05-08 05:07:36,024 - INFO -   BUY HEROMOTOCO.NS (Sector: Auto, Entry: 2025-05-05 05:08:39, Order ID: 912505057802, SL%: 1.0%, Target%: 1.0%)
2025-05-08 05:07:36,025 - INFO -   BUY BAJAJFINSV.NS (Sector: Financial Services, Entry: 2025-05-05 05:08:51, Order ID: 912505057892, SL%: 1.0%, Target%: 1.0%)
2025-05-08 05:07:36,025 - INFO -   BUY PFC.NS (Sector: Financial Services, Entry: 2025-05-05 05:09:04, Order ID: 912505057962, SL%: 1.0%, Target%: 1.0%)
2025-05-08 05:07:36,025 - INFO -   BUY RECLTD.NS (Sector: Financial Services, Entry: 2025-05-05 05:09:16, Order ID: 912505058012, SL%: 1.0%, Target%: 1.0%)
2025-05-08 05:07:36,025 - INFO -   SELL GODREJPROP.NS (Sector: Realty, Entry: 2025-05-05 05:09:29, Order ID: 312505057842, SL%: 1.0%, Target%: 1.0%)
2025-05-08 05:07:36,026 - INFO -   BUY COLPAL.NS (Sector: FMCG, Entry: 2025-05-05 05:34:29, Order ID: 6125050517042, SL%: 1.0%, Target%: 1.0%)
2025-05-08 05:07:36,026 - INFO -   SELL SBILIFE.NS (Sector: Financial Services, Entry: 2025-05-05 05:34:42, Order ID: 9125050513002, SL%: 1.0%, Target%: 1.0%)
2025-05-08 05:07:36,026 - INFO -   BUY NESTLEIND.NS (Sector: FMCG, Entry: 2025-05-06 05:01:40, Order ID: 212505067072, SL%: 1.0%, Target%: 1.0%)
2025-05-08 05:07:36,027 - INFO -   BUY ONGC.NS (Sector: Energy, Entry: 2025-05-06 05:01:52, Order ID: 512505067422, SL%: 1.0%, Target%: 1.0%)
2025-05-08 05:07:36,027 - INFO -   SELL MARICO.NS (Sector: FMCG, Entry: 2025-05-08 05:01:51, Order ID: 512505087152, SL%: 1.0%, Target%: 1.0%)
2025-05-08 05:07:36,027 - INFO -   SELL LALPATHLAB.NS (Sector: Pharma, Entry: 2025-05-08 05:02:03, Order ID: 412505086142, SL%: 1.0%, Target%: 1.0%)
2025-05-08 05:07:36,028 - INFO -   SELL BIOCON.NS (Sector: Pharma, Entry: 2025-05-08 05:02:15, Order ID: 612505087882, SL%: 1.0%, Target%: 1.0%)
2025-05-08 05:07:36,028 - INFO -   BUY HATHWAY.NS (Sector: Media, Entry: 2025-05-08 05:02:28, Order ID: 512505087252, SL%: 1.0%, Target%: 1.0%)
2025-05-08 05:07:36,028 - INFO -   BUY SUNTV.NS (Sector: Media, Entry: 2025-05-08 05:02:40, Order ID: 912505086332, SL%: 1.0%, Target%: 1.0%)
2025-05-08 05:07:36,029 - INFO -   BUY PRESTIGE.NS (Sector: Realty, Entry: 2025-05-08 05:02:53, Order ID: 912505086372, SL%: 1.0%, Target%: 1.0%)
2025-05-08 05:07:36,029 - INFO - 
==================================================
POSITIONS SUMMARY COMPLETE
==================================================
2025-05-08 05:07:36,029 - INFO - Trading cycle 10 completed
2025-05-08 05:07:36,030 - INFO - Waiting 30 seconds until next check at 05:08:06...
2025-05-08 05:07:36,030 - INFO - 
==================================================
CYCLE 10 COMPLETE
==================================================
2025-05-08 05:08:06,044 - INFO - 
==================================================
TRADING CYCLE 11
==================================================
2025-05-08 05:08:06,046 - INFO - Trading cycle 11 started at 2025-05-08 05:08:06
2025-05-08 05:08:06,046 - INFO - New trading day - resetting flags for fresh sector data check
2025-05-08 05:08:06,047 - INFO - Found fresh sector.csv file modified today
2025-05-08 05:08:06,048 - INFO - 
==================================================
READING SECTOR PERFORMANCE DATA
==================================================
2025-05-08 05:08:06,049 - INFO - Reading sector performance data from sector.csv
2025-05-08 05:08:06,050 - INFO - File last modified: 2025-05-08 05:07:43
2025-05-08 05:08:06,054 - INFO - Adding sector rankings to data
2025-05-08 05:08:06,061 - INFO - Sector rankings:
2025-05-08 05:08:06,064 - INFO - Rank 1: Auto (+1.66%) - TOP
2025-05-08 05:08:06,069 - INFO - Rank 2: Realty (+1.12%) - TOP
2025-05-08 05:08:06,070 - INFO - Rank 3: Media (+1.06%) - TOP
2025-05-08 05:08:06,071 - INFO - Rank 4: Metal (+0.98%) - MIDDLE
2025-05-08 05:08:06,072 - INFO - Rank 5: Energy (+0.82%) - MIDDLE
2025-05-08 05:08:06,073 - INFO - Rank 6: Financial Services (+0.76%) - MIDDLE
2025-05-08 05:08:06,073 - INFO - Rank 7: PSU Bank (+0.29%) - MIDDLE
2025-05-08 05:08:06,074 - INFO - Rank 8: IT (+0.14%) - BOTTOM
2025-05-08 05:08:06,075 - INFO - Rank 9: Pharma (-0.33%) - BOTTOM
2025-05-08 05:08:06,076 - INFO - Rank 10: FMCG (-0.52%) - BOTTOM
2025-05-08 05:08:06,078 - INFO - Latest timestamp in data: 2025-05-08 05:07:43
2025-05-08 05:08:06,079 - INFO - Loaded data for 10 sectors
2025-05-08 05:08:06,079 - INFO - Sector performance details:
2025-05-08 05:08:06,081 - INFO -   Rank 1: Auto - POSITIVE (1.66%) - TOP
2025-05-08 05:08:06,083 - INFO -   Rank 2: Realty - POSITIVE (1.12%) - TOP
2025-05-08 05:08:06,084 - INFO -   Rank 3: Media - POSITIVE (1.06%) - TOP
2025-05-08 05:08:06,085 - INFO -   Rank 4: Metal - POSITIVE (0.98%) - MIDDLE
2025-05-08 05:08:06,085 - INFO -   Rank 5: Energy - POSITIVE (0.82%) - MIDDLE
2025-05-08 05:08:06,086 - INFO -   Rank 6: Financial Services - POSITIVE (0.76%) - MIDDLE
2025-05-08 05:08:06,086 - INFO -   Rank 7: PSU Bank - POSITIVE (0.29%) - MIDDLE
2025-05-08 05:08:06,087 - INFO -   Rank 8: IT - POSITIVE (0.14%) - BOTTOM
2025-05-08 05:08:06,088 - INFO -   Rank 9: Pharma - NEGATIVE (-0.33%) - BOTTOM
2025-05-08 05:08:06,088 - INFO -   Rank 10: FMCG - NEGATIVE (-0.52%) - BOTTOM
2025-05-08 05:08:06,088 - INFO - 
==================================================
SECTOR DATA READ COMPLETE
==================================================
2025-05-08 05:08:06,089 - INFO - 
==================================================
PROCESSING SECTOR DATA
==================================================
2025-05-08 05:08:06,090 - INFO - Processing existing positions for potential exits...
2025-05-08 05:08:06,090 - INFO - 
==================================================
PROCESSING EXISTING POSITIONS
==================================================
2025-05-08 05:08:06,091 - INFO - Processing 16 existing positions
2025-05-08 05:08:06,091 - INFO - Checking position: BUY EXIDEIND.NS (Sector: Auto)
2025-05-08 05:08:06,092 - INFO - SECURITY ID LOOKUP: Searching for EXIDEIND.NS
2025-05-08 05:08:06,092 - INFO - Trying exact match for 'EXIDEIND.NS'
2025-05-08 05:08:06,093 - INFO - FOUND EXACT MATCH: ID 676 for EXIDEIND.NS
2025-05-08 05:08:06,093 - INFO - Getting current market price for EXIDEIND.NS
2025-05-08 05:08:06,093 - INFO - Failed to get quote using symbol: 'dhanhq' object has no attribute 'get_quote'
2025-05-08 05:08:06,094 - INFO - Failed to get LTP using security_id: 'dhanhq' object has no attribute 'get_ltp'
2025-05-08 05:08:06,096 - INFO - Failed to get price from candles: 'dhanhq' object has no attribute 'intraday_daily_minute_charts'
2025-05-08 05:08:06,097 - ERROR - Could not get current market price for EXIDEIND.NS
2025-05-08 05:08:06,098 - WARNING - Could not get current market price for EXIDEIND.NS
2025-05-08 05:08:06,099 - INFO - Checking position: BUY HEROMOTOCO.NS (Sector: Auto)
2025-05-08 05:08:06,100 - INFO - SECURITY ID LOOKUP: Searching for HEROMOTOCO.NS
2025-05-08 05:08:06,101 - INFO - Trying exact match for 'HEROMOTOCO.NS'
2025-05-08 05:08:06,101 - INFO - FOUND EXACT MATCH: ID 1348 for HEROMOTOCO.NS
2025-05-08 05:08:06,102 - INFO - Getting current market price for HEROMOTOCO.NS
2025-05-08 05:08:06,102 - INFO - Failed to get quote using symbol: 'dhanhq' object has no attribute 'get_quote'
2025-05-08 05:08:06,102 - INFO - Failed to get LTP using security_id: 'dhanhq' object has no attribute 'get_ltp'
2025-05-08 05:08:06,102 - INFO - Failed to get price from candles: 'dhanhq' object has no attribute 'intraday_daily_minute_charts'
2025-05-08 05:08:06,103 - ERROR - Could not get current market price for HEROMOTOCO.NS
2025-05-08 05:08:06,103 - WARNING - Could not get current market price for HEROMOTOCO.NS
2025-05-08 05:08:06,103 - INFO - Checking position: BUY BAJAJFINSV.NS (Sector: Financial Services)
2025-05-08 05:08:06,104 - INFO - SECURITY ID LOOKUP: Searching for BAJAJFINSV.NS
2025-05-08 05:08:06,104 - INFO - Trying exact match for 'BAJAJFINSV.NS'
2025-05-08 05:08:06,104 - INFO - FOUND EXACT MATCH: ID 16675 for BAJAJFINSV.NS
2025-05-08 05:08:06,104 - INFO - Getting current market price for BAJAJFINSV.NS
2025-05-08 05:08:06,105 - INFO - Failed to get quote using symbol: 'dhanhq' object has no attribute 'get_quote'
2025-05-08 05:08:06,105 - INFO - Failed to get LTP using security_id: 'dhanhq' object has no attribute 'get_ltp'
2025-05-08 05:08:06,105 - INFO - Failed to get price from candles: 'dhanhq' object has no attribute 'intraday_daily_minute_charts'
2025-05-08 05:08:06,105 - ERROR - Could not get current market price for BAJAJFINSV.NS
2025-05-08 05:08:06,106 - WARNING - Could not get current market price for BAJAJFINSV.NS
2025-05-08 05:08:06,106 - INFO - Checking position: BUY PFC.NS (Sector: Financial Services)
2025-05-08 05:08:06,107 - INFO - SECURITY ID LOOKUP: Searching for PFC.NS
2025-05-08 05:08:06,107 - INFO - Trying exact match for 'PFC.NS'
2025-05-08 05:08:06,107 - INFO - FOUND EXACT MATCH: ID 14299 for PFC.NS
2025-05-08 05:08:06,107 - INFO - Getting current market price for PFC.NS
2025-05-08 05:08:06,108 - INFO - Failed to get quote using symbol: 'dhanhq' object has no attribute 'get_quote'
2025-05-08 05:08:06,108 - INFO - Failed to get LTP using security_id: 'dhanhq' object has no attribute 'get_ltp'
2025-05-08 05:08:06,109 - INFO - Failed to get price from candles: 'dhanhq' object has no attribute 'intraday_daily_minute_charts'
2025-05-08 05:08:06,109 - ERROR - Could not get current market price for PFC.NS
2025-05-08 05:08:06,109 - WARNING - Could not get current market price for PFC.NS
2025-05-08 05:08:06,110 - INFO - Checking position: BUY RECLTD.NS (Sector: Financial Services)
2025-05-08 05:08:06,110 - INFO - SECURITY ID LOOKUP: Searching for RECLTD.NS
2025-05-08 05:08:06,110 - INFO - Trying exact match for 'RECLTD.NS'
2025-05-08 05:08:06,112 - INFO - FOUND EXACT MATCH: ID 15355 for RECLTD.NS
2025-05-08 05:08:06,113 - INFO - Getting current market price for RECLTD.NS
2025-05-08 05:08:06,115 - INFO - Failed to get quote using symbol: 'dhanhq' object has no attribute 'get_quote'
2025-05-08 05:08:06,117 - INFO - Failed to get LTP using security_id: 'dhanhq' object has no attribute 'get_ltp'
2025-05-08 05:08:06,119 - INFO - Failed to get price from candles: 'dhanhq' object has no attribute 'intraday_daily_minute_charts'
2025-05-08 05:08:06,119 - ERROR - Could not get current market price for RECLTD.NS
2025-05-08 05:08:06,120 - WARNING - Could not get current market price for RECLTD.NS
2025-05-08 05:08:06,120 - INFO - Checking position: SELL GODREJPROP.NS (Sector: Realty)
2025-05-08 05:08:06,120 - INFO - SECURITY ID LOOKUP: Searching for GODREJPROP.NS
2025-05-08 05:08:06,121 - INFO - Trying exact match for 'GODREJPROP.NS'
2025-05-08 05:08:06,121 - INFO - FOUND EXACT MATCH: ID 17875 for GODREJPROP.NS
2025-05-08 05:08:06,121 - INFO - Getting current market price for GODREJPROP.NS
2025-05-08 05:08:06,121 - INFO - Failed to get quote using symbol: 'dhanhq' object has no attribute 'get_quote'
2025-05-08 05:08:06,122 - INFO - Failed to get LTP using security_id: 'dhanhq' object has no attribute 'get_ltp'
2025-05-08 05:08:06,122 - INFO - Failed to get price from candles: 'dhanhq' object has no attribute 'intraday_daily_minute_charts'
2025-05-08 05:08:06,123 - ERROR - Could not get current market price for GODREJPROP.NS
2025-05-08 05:08:06,123 - WARNING - Could not get current market price for GODREJPROP.NS
2025-05-08 05:08:06,124 - INFO - Checking position: BUY COLPAL.NS (Sector: FMCG)
2025-05-08 05:08:06,124 - INFO - SECURITY ID LOOKUP: Searching for COLPAL.NS
2025-05-08 05:08:06,124 - INFO - Trying exact match for 'COLPAL.NS'
2025-05-08 05:08:06,125 - INFO - FOUND EXACT MATCH: ID 15141 for COLPAL.NS
2025-05-08 05:08:06,125 - INFO - Getting current market price for COLPAL.NS
2025-05-08 05:08:06,125 - INFO - Failed to get quote using symbol: 'dhanhq' object has no attribute 'get_quote'
2025-05-08 05:08:06,125 - INFO - Failed to get LTP using security_id: 'dhanhq' object has no attribute 'get_ltp'
2025-05-08 05:08:06,126 - INFO - Failed to get price from candles: 'dhanhq' object has no attribute 'intraday_daily_minute_charts'
2025-05-08 05:08:06,126 - ERROR - Could not get current market price for COLPAL.NS
2025-05-08 05:08:06,126 - WARNING - Could not get current market price for COLPAL.NS
2025-05-08 05:08:06,127 - INFO - Checking position: SELL SBILIFE.NS (Sector: Financial Services)
2025-05-08 05:08:06,127 - INFO - SECURITY ID LOOKUP: Searching for SBILIFE.NS
2025-05-08 05:08:06,127 - INFO - Trying exact match for 'SBILIFE.NS'
2025-05-08 05:08:06,137 - INFO - FOUND EXACT MATCH: ID 21808 for SBILIFE.NS
2025-05-08 05:08:06,140 - INFO - Getting current market price for SBILIFE.NS
2025-05-08 05:08:06,140 - INFO - Failed to get quote using symbol: 'dhanhq' object has no attribute 'get_quote'
2025-05-08 05:08:06,141 - INFO - Failed to get LTP using security_id: 'dhanhq' object has no attribute 'get_ltp'
2025-05-08 05:08:06,142 - INFO - Failed to get price from candles: 'dhanhq' object has no attribute 'intraday_daily_minute_charts'
2025-05-08 05:08:06,143 - ERROR - Could not get current market price for SBILIFE.NS
2025-05-08 05:08:06,156 - WARNING - Could not get current market price for SBILIFE.NS
2025-05-08 05:08:06,158 - INFO - Checking position: BUY NESTLEIND.NS (Sector: FMCG)
2025-05-08 05:08:06,158 - INFO - SECURITY ID LOOKUP: Searching for NESTLEIND.NS
2025-05-08 05:08:06,159 - INFO - Trying exact match for 'NESTLEIND.NS'
2025-05-08 05:08:06,159 - INFO - FOUND EXACT MATCH: ID 17963 for NESTLEIND.NS
2025-05-08 05:08:06,160 - INFO - Getting current market price for NESTLEIND.NS
2025-05-08 05:08:06,160 - INFO - Failed to get quote using symbol: 'dhanhq' object has no attribute 'get_quote'
2025-05-08 05:08:06,160 - INFO - Failed to get LTP using security_id: 'dhanhq' object has no attribute 'get_ltp'
2025-05-08 05:08:06,160 - INFO - Failed to get price from candles: 'dhanhq' object has no attribute 'intraday_daily_minute_charts'
2025-05-08 05:08:06,163 - ERROR - Could not get current market price for NESTLEIND.NS
2025-05-08 05:08:06,168 - WARNING - Could not get current market price for NESTLEIND.NS
2025-05-08 05:08:06,170 - INFO - Checking position: BUY ONGC.NS (Sector: Energy)
2025-05-08 05:08:06,172 - INFO - SECURITY ID LOOKUP: Searching for ONGC.NS
2025-05-08 05:08:06,172 - INFO - Trying exact match for 'ONGC.NS'
2025-05-08 05:08:06,172 - INFO - FOUND EXACT MATCH: ID 2475 for ONGC.NS
2025-05-08 05:08:06,173 - INFO - Getting current market price for ONGC.NS
2025-05-08 05:08:06,173 - INFO - Failed to get quote using symbol: 'dhanhq' object has no attribute 'get_quote'
2025-05-08 05:08:06,173 - INFO - Failed to get LTP using security_id: 'dhanhq' object has no attribute 'get_ltp'
2025-05-08 05:08:06,173 - INFO - Failed to get price from candles: 'dhanhq' object has no attribute 'intraday_daily_minute_charts'
2025-05-08 05:08:06,174 - ERROR - Could not get current market price for ONGC.NS
2025-05-08 05:08:06,174 - WARNING - Could not get current market price for ONGC.NS
2025-05-08 05:08:06,174 - INFO - Checking position: SELL MARICO.NS (Sector: FMCG)
2025-05-08 05:08:06,174 - INFO - SECURITY ID LOOKUP: Searching for MARICO.NS
2025-05-08 05:08:06,175 - INFO - Trying exact match for 'MARICO.NS'
2025-05-08 05:08:06,175 - INFO - FOUND EXACT MATCH: ID 4067 for MARICO.NS
2025-05-08 05:08:06,175 - INFO - Getting current market price for MARICO.NS
2025-05-08 05:08:06,175 - INFO - Failed to get quote using symbol: 'dhanhq' object has no attribute 'get_quote'
2025-05-08 05:08:06,176 - INFO - Failed to get LTP using security_id: 'dhanhq' object has no attribute 'get_ltp'
2025-05-08 05:08:06,176 - INFO - Failed to get price from candles: 'dhanhq' object has no attribute 'intraday_daily_minute_charts'
2025-05-08 05:08:06,176 - ERROR - Could not get current market price for MARICO.NS
2025-05-08 05:08:06,176 - WARNING - Could not get current market price for MARICO.NS
2025-05-08 05:08:06,177 - INFO - Checking position: SELL LALPATHLAB.NS (Sector: Pharma)
2025-05-08 05:08:06,177 - INFO - SECURITY ID LOOKUP: Searching for LALPATHLAB.NS
2025-05-08 05:08:06,177 - INFO - Trying exact match for 'LALPATHLAB.NS'
2025-05-08 05:08:06,183 - INFO - FOUND EXACT MATCH: ID 11654 for LALPATHLAB.NS
2025-05-08 05:08:06,186 - INFO - Getting current market price for LALPATHLAB.NS
2025-05-08 05:08:06,187 - INFO - Failed to get quote using symbol: 'dhanhq' object has no attribute 'get_quote'
2025-05-08 05:08:06,187 - INFO - Failed to get LTP using security_id: 'dhanhq' object has no attribute 'get_ltp'
2025-05-08 05:08:06,188 - INFO - Failed to get price from candles: 'dhanhq' object has no attribute 'intraday_daily_minute_charts'
2025-05-08 05:08:06,188 - ERROR - Could not get current market price for LALPATHLAB.NS
2025-05-08 05:08:06,188 - WARNING - Could not get current market price for LALPATHLAB.NS
2025-05-08 05:08:06,189 - INFO - Checking position: SELL BIOCON.NS (Sector: Pharma)
2025-05-08 05:08:06,190 - INFO - SECURITY ID LOOKUP: Searching for BIOCON.NS
2025-05-08 05:08:06,190 - INFO - Trying exact match for 'BIOCON.NS'
2025-05-08 05:08:06,191 - INFO - FOUND EXACT MATCH: ID 11373 for BIOCON.NS
2025-05-08 05:08:06,191 - INFO - Getting current market price for BIOCON.NS
2025-05-08 05:08:06,192 - INFO - Failed to get quote using symbol: 'dhanhq' object has no attribute 'get_quote'
2025-05-08 05:08:06,192 - INFO - Failed to get LTP using security_id: 'dhanhq' object has no attribute 'get_ltp'
2025-05-08 05:08:06,192 - INFO - Failed to get price from candles: 'dhanhq' object has no attribute 'intraday_daily_minute_charts'
2025-05-08 05:08:06,193 - ERROR - Could not get current market price for BIOCON.NS
2025-05-08 05:08:06,194 - WARNING - Could not get current market price for BIOCON.NS
2025-05-08 05:08:06,200 - INFO - Checking position: BUY HATHWAY.NS (Sector: Media)
2025-05-08 05:08:06,203 - INFO - SECURITY ID LOOKUP: Searching for HATHWAY.NS
2025-05-08 05:08:06,204 - INFO - Trying exact match for 'HATHWAY.NS'
2025-05-08 05:08:06,205 - INFO - FOUND EXACT MATCH: ID 18154 for HATHWAY.NS
2025-05-08 05:08:06,207 - INFO - Getting current market price for HATHWAY.NS
2025-05-08 05:08:06,207 - INFO - Failed to get quote using symbol: 'dhanhq' object has no attribute 'get_quote'
2025-05-08 05:08:06,208 - INFO - Failed to get LTP using security_id: 'dhanhq' object has no attribute 'get_ltp'
2025-05-08 05:08:06,209 - INFO - Failed to get price from candles: 'dhanhq' object has no attribute 'intraday_daily_minute_charts'
2025-05-08 05:08:06,213 - ERROR - Could not get current market price for HATHWAY.NS
2025-05-08 05:08:06,216 - WARNING - Could not get current market price for HATHWAY.NS
2025-05-08 05:08:06,218 - INFO - Checking position: BUY SUNTV.NS (Sector: Media)
2025-05-08 05:08:06,219 - INFO - SECURITY ID LOOKUP: Searching for SUNTV.NS
2025-05-08 05:08:06,220 - INFO - Trying exact match for 'SUNTV.NS'
2025-05-08 05:08:06,220 - INFO - FOUND EXACT MATCH: ID 13404 for SUNTV.NS
2025-05-08 05:08:06,221 - INFO - Getting current market price for SUNTV.NS
2025-05-08 05:08:06,222 - INFO - Failed to get quote using symbol: 'dhanhq' object has no attribute 'get_quote'
2025-05-08 05:08:06,222 - INFO - Failed to get LTP using security_id: 'dhanhq' object has no attribute 'get_ltp'
2025-05-08 05:08:06,223 - INFO - Failed to get price from candles: 'dhanhq' object has no attribute 'intraday_daily_minute_charts'
2025-05-08 05:08:06,223 - ERROR - Could not get current market price for SUNTV.NS
2025-05-08 05:08:06,224 - WARNING - Could not get current market price for SUNTV.NS
2025-05-08 05:08:06,224 - INFO - Checking position: BUY PRESTIGE.NS (Sector: Realty)
2025-05-08 05:08:06,224 - INFO - SECURITY ID LOOKUP: Searching for PRESTIGE.NS
2025-05-08 05:08:06,225 - INFO - Trying exact match for 'PRESTIGE.NS'
2025-05-08 05:08:06,225 - INFO - FOUND EXACT MATCH: ID 20302 for PRESTIGE.NS
2025-05-08 05:08:06,225 - INFO - Getting current market price for PRESTIGE.NS
2025-05-08 05:08:06,227 - INFO - Failed to get quote using symbol: 'dhanhq' object has no attribute 'get_quote'
2025-05-08 05:08:06,230 - INFO - Failed to get LTP using security_id: 'dhanhq' object has no attribute 'get_ltp'
2025-05-08 05:08:06,233 - INFO - Failed to get price from candles: 'dhanhq' object has no attribute 'intraday_daily_minute_charts'
2025-05-08 05:08:06,233 - ERROR - Could not get current market price for PRESTIGE.NS
2025-05-08 05:08:06,236 - WARNING - Could not get current market price for PRESTIGE.NS
2025-05-08 05:08:06,237 - INFO - No positions needed to be exited
2025-05-08 05:08:06,237 - INFO - 
==================================================
POSITION PROCESSING COMPLETE
==================================================
2025-05-08 05:08:06,237 - INFO - First run of the day - looking for sector-based trading opportunities...
2025-05-08 05:08:06,238 - INFO - 
==================================================
FINDING NEW TRADING OPPORTUNITIES
==================================================
2025-05-08 05:08:06,238 - INFO - Found 33 active tickers out of 33 total
2025-05-08 05:08:06,240 - INFO - Processed sector data for 10 sectors
2025-05-08 05:08:06,240 - INFO - Processing tickers in order: ['BALKRISIND.NS', 'M&M.NS', 'MARUTI.NS', 'MOTHERSON.NS', 'MRF.NS', 'MARICO.NS', 'CHOLAFIN.NS', 'MUTHOOTFIN.NS', 'PEL.NS', 'LALPATHLAB.NS', 'NAZARA.NS', 'TATASTEEL.NS', 'MGL.NS', 'BIOCON.NS', 'VBL.NS', 'ADANIENSOL.NS', 'ADANIGREEN.NS', 'TATAPOWER.NS', 'RECLTD.NS', 'LTTS.NS', 'MPHASIS.NS', 'HATHWAY.NS', 'SUNTV.NS', 'PETRONET.NS', 'AUROPHARMA.NS', 'BANKBARODA.NS', 'BANKINDIA.NS', 'CANBK.NS', 'PNB.NS', 'UNIONBANK.NS', 'BANDHANBNK.NS', 'PRESTIGE.NS', 'HUDCO.NS']
2025-05-08 05:08:06,240 - INFO - Already have open positions for: ['EXIDEIND.NS', 'HEROMOTOCO.NS', 'BAJAJFINSV.NS', 'PFC.NS', 'RECLTD.NS', 'GODREJPROP.NS', 'COLPAL.NS', 'SBILIFE.NS', 'NESTLEIND.NS', 'ONGC.NS', 'MARICO.NS', 'LALPATHLAB.NS', 'BIOCON.NS', 'HATHWAY.NS', 'SUNTV.NS', 'PRESTIGE.NS']
2025-05-08 05:08:06,241 - INFO - Current sector rankings:
2025-05-08 05:08:06,241 - INFO -   Rank 1: Auto - POSITIVE (1.66%) - TOP
2025-05-08 05:08:06,242 - INFO -   Rank 2: Realty - POSITIVE (1.12%) - TOP
2025-05-08 05:08:06,242 - INFO -   Rank 3: Media - POSITIVE (1.06%) - TOP
2025-05-08 05:08:06,243 - INFO -   Rank 4: Metal - POSITIVE (0.98%) - MIDDLE
2025-05-08 05:08:06,243 - INFO -   Rank 5: Energy - POSITIVE (0.82%) - MIDDLE
2025-05-08 05:08:06,243 - INFO -   Rank 6: Financial Services - POSITIVE (0.76%) - MIDDLE
2025-05-08 05:08:06,243 - INFO -   Rank 7: PSU Bank - POSITIVE (0.29%) - MIDDLE
2025-05-08 05:08:06,244 - INFO -   Rank 8: IT - POSITIVE (0.14%) - BOTTOM
2025-05-08 05:08:06,246 - INFO -   Rank 9: Pharma - NEGATIVE (-0.33%) - BOTTOM
2025-05-08 05:08:06,250 - INFO -   Rank 10: FMCG - NEGATIVE (-0.52%) - BOTTOM
2025-05-08 05:08:06,251 - INFO - Processing ticker 1: BALKRISIND.NS
2025-05-08 05:08:06,252 - INFO - Found sector Auto for BALKRISIND.NS
2025-05-08 05:08:06,252 - INFO - Evaluating BALKRISIND.NS in sector Auto - Rank 1 (TOP)
2025-05-08 05:08:06,253 - INFO -   Performance: +1.66%
2025-05-08 05:08:06,253 - INFO - Not trading BALKRISIND.NS - sector ranking doesn't match strategy
2025-05-08 05:08:06,253 - INFO -   Transaction type: SELL
2025-05-08 05:08:06,254 - INFO -   Sector category: TOP
2025-05-08 05:08:06,254 - INFO -   Sector is_positive: True
2025-05-08 05:08:06,254 - INFO - Processing ticker 2: M&M.NS
2025-05-08 05:08:06,254 - INFO - Found sector Auto for M&M.NS
2025-05-08 05:08:06,255 - INFO - Evaluating M&M.NS in sector Auto - Rank 1 (TOP)
2025-05-08 05:08:06,255 - INFO -   Performance: +1.66%
2025-05-08 05:08:06,255 - INFO - Not trading M&M.NS - sector ranking doesn't match strategy
2025-05-08 05:08:06,255 - INFO -   Transaction type: SELL
2025-05-08 05:08:06,256 - INFO -   Sector category: TOP
2025-05-08 05:08:06,256 - INFO -   Sector is_positive: True
2025-05-08 05:08:06,256 - INFO - Processing ticker 3: MARUTI.NS
2025-05-08 05:08:06,256 - INFO - Found sector Auto for MARUTI.NS
2025-05-08 05:08:06,257 - INFO - Evaluating MARUTI.NS in sector Auto - Rank 1 (TOP)
2025-05-08 05:08:06,257 - INFO -   Performance: +1.66%
2025-05-08 05:08:06,257 - INFO - Not trading MARUTI.NS - sector ranking doesn't match strategy
2025-05-08 05:08:06,257 - INFO -   Transaction type: SELL
2025-05-08 05:08:06,258 - INFO -   Sector category: TOP
2025-05-08 05:08:06,259 - INFO -   Sector is_positive: True
2025-05-08 05:08:06,259 - INFO - Processing ticker 4: MOTHERSON.NS
2025-05-08 05:08:06,260 - INFO - Found sector Auto for MOTHERSON.NS
2025-05-08 05:08:06,260 - INFO - Evaluating MOTHERSON.NS in sector Auto - Rank 1 (TOP)
2025-05-08 05:08:06,260 - INFO -   Performance: +1.66%
2025-05-08 05:08:06,264 - INFO - Not trading MOTHERSON.NS - sector ranking doesn't match strategy
2025-05-08 05:08:06,267 - INFO -   Transaction type: SELL
2025-05-08 05:08:06,268 - INFO -   Sector category: TOP
2025-05-08 05:08:06,268 - INFO -   Sector is_positive: True
2025-05-08 05:08:06,269 - INFO - Processing ticker 5: MRF.NS
2025-05-08 05:08:06,269 - INFO - Found sector Auto for MRF.NS
2025-05-08 05:08:06,269 - INFO - Evaluating MRF.NS in sector Auto - Rank 1 (TOP)
2025-05-08 05:08:06,269 - INFO -   Performance: +1.66%
2025-05-08 05:08:06,270 - INFO - Not trading MRF.NS - sector ranking doesn't match strategy
2025-05-08 05:08:06,270 - INFO -   Transaction type: SELL
2025-05-08 05:08:06,270 - INFO -   Sector category: TOP
2025-05-08 05:08:06,270 - INFO -   Sector is_positive: True
2025-05-08 05:08:06,271 - INFO - Processing ticker 6: MARICO.NS
2025-05-08 05:08:06,271 - INFO - Skipping MARICO.NS - already have an open position
2025-05-08 05:08:06,271 - INFO - Processing ticker 7: CHOLAFIN.NS
2025-05-08 05:08:06,271 - INFO - Found sector Financial Services for CHOLAFIN.NS
2025-05-08 05:08:06,271 - INFO - Evaluating CHOLAFIN.NS in sector Financial Services - Rank 6 (MIDDLE)
2025-05-08 05:08:06,272 - INFO -   Performance: +0.76%
2025-05-08 05:08:06,272 - INFO - Not trading CHOLAFIN.NS - sector ranking doesn't match strategy
2025-05-08 05:08:06,272 - INFO -   Transaction type: SELL
2025-05-08 05:08:06,272 - INFO -   Sector category: MIDDLE
2025-05-08 05:08:06,273 - INFO -   Sector is_positive: True
2025-05-08 05:08:06,273 - INFO - Processing ticker 8: MUTHOOTFIN.NS
2025-05-08 05:08:06,274 - INFO - Found sector Financial Services for MUTHOOTFIN.NS
2025-05-08 05:08:06,274 - INFO - Evaluating MUTHOOTFIN.NS in sector Financial Services - Rank 6 (MIDDLE)
2025-05-08 05:08:06,274 - INFO -   Performance: +0.76%
2025-05-08 05:08:06,274 - INFO - Not trading MUTHOOTFIN.NS - sector ranking doesn't match strategy
2025-05-08 05:08:06,275 - INFO -   Transaction type: SELL
2025-05-08 05:08:06,275 - INFO -   Sector category: MIDDLE
2025-05-08 05:08:06,275 - INFO -   Sector is_positive: True
2025-05-08 05:08:06,275 - INFO - Processing ticker 9: PEL.NS
2025-05-08 05:08:06,276 - INFO - Found sector Financial Services for PEL.NS
2025-05-08 05:08:06,276 - INFO - Evaluating PEL.NS in sector Financial Services - Rank 6 (MIDDLE)
2025-05-08 05:08:06,276 - INFO -   Performance: +0.76%
2025-05-08 05:08:06,276 - INFO - Not trading PEL.NS - sector ranking doesn't match strategy
2025-05-08 05:08:06,276 - INFO -   Transaction type: SELL
2025-05-08 05:08:06,279 - INFO -   Sector category: MIDDLE
2025-05-08 05:08:06,280 - INFO -   Sector is_positive: True
2025-05-08 05:08:06,283 - INFO - Processing ticker 10: LALPATHLAB.NS
2025-05-08 05:08:06,284 - INFO - Skipping LALPATHLAB.NS - already have an open position
2025-05-08 05:08:06,285 - INFO - Processing ticker 11: NAZARA.NS
2025-05-08 05:08:06,286 - INFO - Found sector Media for NAZARA.NS
2025-05-08 05:08:06,286 - INFO - Evaluating NAZARA.NS in sector Media - Rank 3 (TOP)
2025-05-08 05:08:06,286 - INFO -   Performance: +1.06%
2025-05-08 05:08:06,286 - INFO - Not trading NAZARA.NS - sector ranking doesn't match strategy
2025-05-08 05:08:06,287 - INFO -   Transaction type: SELL
2025-05-08 05:08:06,287 - INFO -   Sector category: TOP
2025-05-08 05:08:06,287 - INFO -   Sector is_positive: True
2025-05-08 05:08:06,287 - INFO - Processing ticker 12: TATASTEEL.NS
2025-05-08 05:08:06,288 - INFO - Found sector Metal for TATASTEEL.NS
2025-05-08 05:08:06,288 - INFO - Evaluating TATASTEEL.NS in sector Metal - Rank 4 (MIDDLE)
2025-05-08 05:08:06,288 - INFO -   Performance: +0.98%
2025-05-08 05:08:06,288 - INFO - Not trading TATASTEEL.NS - sector ranking doesn't match strategy
2025-05-08 05:08:06,289 - INFO -   Transaction type: SELL
2025-05-08 05:08:06,289 - INFO -   Sector category: MIDDLE
2025-05-08 05:08:06,289 - INFO -   Sector is_positive: True
2025-05-08 05:08:06,289 - INFO - Processing ticker 13: MGL.NS
2025-05-08 05:08:06,290 - WARNING - Could not find sector for MGL.NS in sector mapping
2025-05-08 05:08:06,290 - INFO - Processing ticker 14: BIOCON.NS
2025-05-08 05:08:06,291 - INFO - Skipping BIOCON.NS - already have an open position
2025-05-08 05:08:06,291 - INFO - Processing ticker 15: VBL.NS
2025-05-08 05:08:06,291 - WARNING - Could not find sector for VBL.NS in sector mapping
2025-05-08 05:08:06,292 - INFO - Processing ticker 16: ADANIENSOL.NS
2025-05-08 05:08:06,292 - WARNING - Could not find sector for ADANIENSOL.NS in sector mapping
2025-05-08 05:08:06,292 - INFO - Processing ticker 17: ADANIGREEN.NS
2025-05-08 05:08:06,292 - INFO - Found sector Energy for ADANIGREEN.NS
2025-05-08 05:08:06,293 - INFO - Evaluating ADANIGREEN.NS in sector Energy - Rank 5 (MIDDLE)
2025-05-08 05:08:06,293 - INFO -   Performance: +0.82%
2025-05-08 05:08:06,296 - INFO - Not trading ADANIGREEN.NS - sector ranking doesn't match strategy
2025-05-08 05:08:06,296 - INFO -   Transaction type: BUY
2025-05-08 05:08:06,300 - INFO -   Sector category: MIDDLE
2025-05-08 05:08:06,300 - INFO -   Sector is_positive: True
2025-05-08 05:08:06,300 - INFO - Processing ticker 18: TATAPOWER.NS
2025-05-08 05:08:06,302 - INFO - Found sector Energy for TATAPOWER.NS
2025-05-08 05:08:06,302 - INFO - Evaluating TATAPOWER.NS in sector Energy - Rank 5 (MIDDLE)
2025-05-08 05:08:06,303 - INFO -   Performance: +0.82%
2025-05-08 05:08:06,303 - INFO - Not trading TATAPOWER.NS - sector ranking doesn't match strategy
2025-05-08 05:08:06,303 - INFO -   Transaction type: BUY
2025-05-08 05:08:06,303 - INFO -   Sector category: MIDDLE
2025-05-08 05:08:06,304 - INFO -   Sector is_positive: True
2025-05-08 05:08:06,304 - INFO - Processing ticker 19: RECLTD.NS
2025-05-08 05:08:06,304 - INFO - Skipping RECLTD.NS - already have an open position
2025-05-08 05:08:06,304 - INFO - Processing ticker 20: LTTS.NS
2025-05-08 05:08:06,305 - INFO - Found sector IT for LTTS.NS
2025-05-08 05:08:06,305 - INFO - Evaluating LTTS.NS in sector IT - Rank 8 (BOTTOM)
2025-05-08 05:08:06,305 - INFO -   Performance: +0.14%
2025-05-08 05:08:06,305 - INFO - Not trading LTTS.NS - sector ranking doesn't match strategy
2025-05-08 05:08:06,306 - INFO -   Transaction type: BUY
2025-05-08 05:08:06,306 - INFO -   Sector category: BOTTOM
2025-05-08 05:08:06,306 - INFO -   Sector is_positive: True
2025-05-08 05:08:06,307 - INFO - Processing ticker 21: MPHASIS.NS
2025-05-08 05:08:06,307 - INFO - Found sector IT for MPHASIS.NS
2025-05-08 05:08:06,307 - INFO - Evaluating MPHASIS.NS in sector IT - Rank 8 (BOTTOM)
2025-05-08 05:08:06,308 - INFO -   Performance: +0.14%
2025-05-08 05:08:06,308 - INFO - Not trading MPHASIS.NS - sector ranking doesn't match strategy
2025-05-08 05:08:06,308 - INFO -   Transaction type: BUY
2025-05-08 05:08:06,309 - INFO -   Sector category: BOTTOM
2025-05-08 05:08:06,309 - INFO -   Sector is_positive: True
2025-05-08 05:08:06,309 - INFO - Processing ticker 22: HATHWAY.NS
2025-05-08 05:08:06,309 - INFO - Skipping HATHWAY.NS - already have an open position
2025-05-08 05:08:06,309 - INFO - Processing ticker 23: SUNTV.NS
2025-05-08 05:08:06,310 - INFO - Skipping SUNTV.NS - already have an open position
2025-05-08 05:08:06,310 - INFO - Processing ticker 24: PETRONET.NS
2025-05-08 05:08:06,315 - INFO - Found sector Oil & Gas for PETRONET.NS
2025-05-08 05:08:06,316 - WARNING - No data for sector Oil & Gas
2025-05-08 05:08:06,316 - INFO - Processing ticker 25: AUROPHARMA.NS
2025-05-08 05:08:06,316 - INFO - Found sector Pharma for AUROPHARMA.NS
2025-05-08 05:08:06,317 - INFO - Evaluating AUROPHARMA.NS in sector Pharma - Rank 9 (BOTTOM)
2025-05-08 05:08:06,318 - INFO -   Performance: -0.33%
2025-05-08 05:08:06,318 - INFO - Not trading AUROPHARMA.NS - sector ranking doesn't match strategy
2025-05-08 05:08:06,319 - INFO -   Transaction type: BUY
2025-05-08 05:08:06,319 - INFO -   Sector category: BOTTOM
2025-05-08 05:08:06,319 - INFO -   Sector is_positive: False
2025-05-08 05:08:06,319 - INFO - Processing ticker 26: BANKBARODA.NS
2025-05-08 05:08:06,320 - WARNING - Could not find sector for BANKBARODA.NS in sector mapping
2025-05-08 05:08:06,320 - INFO - Processing ticker 27: BANKINDIA.NS
2025-05-08 05:08:06,320 - INFO - Found sector PSU Bank for BANKINDIA.NS
2025-05-08 05:08:06,320 - INFO - Evaluating BANKINDIA.NS in sector PSU Bank - Rank 7 (MIDDLE)
2025-05-08 05:08:06,321 - INFO -   Performance: +0.29%
2025-05-08 05:08:06,321 - INFO - Not trading BANKINDIA.NS - sector ranking doesn't match strategy
2025-05-08 05:08:06,321 - INFO -   Transaction type: BUY
2025-05-08 05:08:06,322 - INFO -   Sector category: MIDDLE
2025-05-08 05:08:06,322 - INFO -   Sector is_positive: True
2025-05-08 05:08:06,322 - INFO - Processing ticker 28: CANBK.NS
2025-05-08 05:08:06,322 - INFO - Found sector Bank for CANBK.NS
2025-05-08 05:08:06,323 - WARNING - No data for sector Bank
2025-05-08 05:08:06,323 - INFO - Processing ticker 29: PNB.NS
2025-05-08 05:08:06,323 - INFO - Found sector PSU Bank for PNB.NS
2025-05-08 05:08:06,323 - INFO - Evaluating PNB.NS in sector PSU Bank - Rank 7 (MIDDLE)
2025-05-08 05:08:06,324 - INFO -   Performance: +0.29%
2025-05-08 05:08:06,324 - INFO - Not trading PNB.NS - sector ranking doesn't match strategy
2025-05-08 05:08:06,324 - INFO -   Transaction type: BUY
2025-05-08 05:08:06,324 - INFO -   Sector category: MIDDLE
2025-05-08 05:08:06,324 - INFO -   Sector is_positive: True
2025-05-08 05:08:06,325 - INFO - Processing ticker 30: UNIONBANK.NS
2025-05-08 05:08:06,325 - INFO - Found sector PSU Bank for UNIONBANK.NS
2025-05-08 05:08:06,325 - INFO - Evaluating UNIONBANK.NS in sector PSU Bank - Rank 7 (MIDDLE)
2025-05-08 05:08:06,325 - INFO -   Performance: +0.29%
2025-05-08 05:08:06,325 - INFO - Not trading UNIONBANK.NS - sector ranking doesn't match strategy
2025-05-08 05:08:06,327 - INFO -   Transaction type: BUY
2025-05-08 05:08:06,327 - INFO -   Sector category: MIDDLE
2025-05-08 05:08:06,327 - INFO -   Sector is_positive: True
2025-05-08 05:08:06,327 - INFO - Processing ticker 31: BANDHANBNK.NS
2025-05-08 05:08:06,330 - INFO - Found sector PVT Bank for BANDHANBNK.NS
2025-05-08 05:08:06,330 - WARNING - No data for sector PVT Bank
2025-05-08 05:08:06,332 - INFO - Processing ticker 32: PRESTIGE.NS
2025-05-08 05:08:06,332 - INFO - Skipping PRESTIGE.NS - already have an open position
2025-05-08 05:08:06,333 - INFO - Processing ticker 33: HUDCO.NS
2025-05-08 05:08:06,333 - WARNING - Could not find sector for HUDCO.NS in sector mapping
2025-05-08 05:08:06,334 - INFO - Ticker processing summary:
2025-05-08 05:08:06,334 - INFO -   Total tickers considered: 33
2025-05-08 05:08:06,335 - INFO -   Tickers with sector data: 21
2025-05-08 05:08:06,335 - INFO -   Tickers matching sector ranking strategy: 0
2025-05-08 05:08:06,335 - INFO -   Tickers with security ID: 0
2025-05-08 05:08:06,335 - INFO -   Orders successfully placed: 0
2025-05-08 05:08:06,336 - INFO - New positions added: 0
2025-05-08 05:08:06,336 - INFO - Positions skipped: 33
2025-05-08 05:08:06,336 - INFO - Positions with errors: 0
2025-05-08 05:08:06,336 - INFO - 
==================================================
NEW OPPORTUNITIES PROCESSING COMPLETE
==================================================
2025-05-08 05:08:06,337 - INFO - Initial trades have been executed - no more new trades will be placed today
2025-05-08 05:08:06,337 - INFO - 
==================================================
SECTOR PROCESSING COMPLETE
==================================================
2025-05-08 05:08:06,340 - INFO - Saved 16 positions to dhan_positions.json
2025-05-08 05:08:06,340 - INFO - 
==================================================
POSITIONS SUMMARY
==================================================
2025-05-08 05:08:06,340 - INFO - Current positions summary:
2025-05-08 05:08:06,341 - INFO -   Open BUY positions: 11
2025-05-08 05:08:06,341 - INFO -   Open SELL positions: 5
2025-05-08 05:08:06,341 - INFO -   Closed positions: 0
2025-05-08 05:08:06,341 - INFO -   Total positions: 16
2025-05-08 05:08:06,342 - INFO - Open positions:
2025-05-08 05:08:06,342 - INFO -   BUY EXIDEIND.NS (Sector: Auto, Entry: 2025-05-05 05:08:27, Order ID: 412505057762, SL%: 1.0%, Target%: 1.0%)
2025-05-08 05:08:06,342 - INFO -   BUY HEROMOTOCO.NS (Sector: Auto, Entry: 2025-05-05 05:08:39, Order ID: 912505057802, SL%: 1.0%, Target%: 1.0%)
2025-05-08 05:08:06,342 - INFO -   BUY BAJAJFINSV.NS (Sector: Financial Services, Entry: 2025-05-05 05:08:51, Order ID: 912505057892, SL%: 1.0%, Target%: 1.0%)
2025-05-08 05:08:06,343 - INFO -   BUY PFC.NS (Sector: Financial Services, Entry: 2025-05-05 05:09:04, Order ID: 912505057962, SL%: 1.0%, Target%: 1.0%)
2025-05-08 05:08:06,343 - INFO -   BUY RECLTD.NS (Sector: Financial Services, Entry: 2025-05-05 05:09:16, Order ID: 912505058012, SL%: 1.0%, Target%: 1.0%)
2025-05-08 05:08:06,343 - INFO -   SELL GODREJPROP.NS (Sector: Realty, Entry: 2025-05-05 05:09:29, Order ID: 312505057842, SL%: 1.0%, Target%: 1.0%)
2025-05-08 05:08:06,343 - INFO -   BUY COLPAL.NS (Sector: FMCG, Entry: 2025-05-05 05:34:29, Order ID: 6125050517042, SL%: 1.0%, Target%: 1.0%)
2025-05-08 05:08:06,344 - INFO -   SELL SBILIFE.NS (Sector: Financial Services, Entry: 2025-05-05 05:34:42, Order ID: 9125050513002, SL%: 1.0%, Target%: 1.0%)
2025-05-08 05:08:06,344 - INFO -   BUY NESTLEIND.NS (Sector: FMCG, Entry: 2025-05-06 05:01:40, Order ID: 212505067072, SL%: 1.0%, Target%: 1.0%)
2025-05-08 05:08:06,344 - INFO -   BUY ONGC.NS (Sector: Energy, Entry: 2025-05-06 05:01:52, Order ID: 512505067422, SL%: 1.0%, Target%: 1.0%)
2025-05-08 05:08:06,347 - INFO -   SELL MARICO.NS (Sector: FMCG, Entry: 2025-05-08 05:01:51, Order ID: 512505087152, SL%: 1.0%, Target%: 1.0%)
2025-05-08 05:08:06,348 - INFO -   SELL LALPATHLAB.NS (Sector: Pharma, Entry: 2025-05-08 05:02:03, Order ID: 412505086142, SL%: 1.0%, Target%: 1.0%)
2025-05-08 05:08:06,349 - INFO -   SELL BIOCON.NS (Sector: Pharma, Entry: 2025-05-08 05:02:15, Order ID: 612505087882, SL%: 1.0%, Target%: 1.0%)
2025-05-08 05:08:06,349 - INFO -   BUY HATHWAY.NS (Sector: Media, Entry: 2025-05-08 05:02:28, Order ID: 512505087252, SL%: 1.0%, Target%: 1.0%)
2025-05-08 05:08:06,350 - INFO -   BUY SUNTV.NS (Sector: Media, Entry: 2025-05-08 05:02:40, Order ID: 912505086332, SL%: 1.0%, Target%: 1.0%)
2025-05-08 05:08:06,351 - INFO -   BUY PRESTIGE.NS (Sector: Realty, Entry: 2025-05-08 05:02:53, Order ID: 912505086372, SL%: 1.0%, Target%: 1.0%)
2025-05-08 05:08:06,351 - INFO - 
==================================================
POSITIONS SUMMARY COMPLETE
==================================================
2025-05-08 05:08:06,351 - INFO - Trading cycle 11 completed
2025-05-08 05:08:06,352 - INFO - Waiting 30 seconds until next check at 05:08:36...
2025-05-08 05:08:06,352 - INFO - 
==================================================
CYCLE 11 COMPLETE
==================================================
2025-05-08 05:08:36,364 - INFO - 
==================================================
TRADING CYCLE 12
==================================================
2025-05-08 05:08:36,365 - INFO - Trading cycle 12 started at 2025-05-08 05:08:36
2025-05-08 05:08:36,366 - INFO - New trading day - resetting flags for fresh sector data check
2025-05-08 05:08:36,366 - INFO - Found fresh sector.csv file modified today
2025-05-08 05:08:36,366 - INFO - 
==================================================
READING SECTOR PERFORMANCE DATA
==================================================
2025-05-08 05:08:36,367 - INFO - Reading sector performance data from sector.csv
2025-05-08 05:08:36,367 - INFO - File last modified: 2025-05-08 05:07:43
2025-05-08 05:08:36,369 - INFO - Adding sector rankings to data
2025-05-08 05:08:36,371 - INFO - Sector rankings:
2025-05-08 05:08:36,372 - INFO - Rank 1: Auto (+1.66%) - TOP
2025-05-08 05:08:36,373 - INFO - Rank 2: Realty (+1.12%) - TOP
2025-05-08 05:08:36,373 - INFO - Rank 3: Media (+1.06%) - TOP
2025-05-08 05:08:36,374 - INFO - Rank 4: Metal (+0.98%) - MIDDLE
2025-05-08 05:08:36,374 - INFO - Rank 5: Energy (+0.82%) - MIDDLE
2025-05-08 05:08:36,375 - INFO - Rank 6: Financial Services (+0.76%) - MIDDLE
2025-05-08 05:08:36,376 - INFO - Rank 7: PSU Bank (+0.29%) - MIDDLE
2025-05-08 05:08:36,376 - INFO - Rank 8: IT (+0.14%) - BOTTOM
2025-05-08 05:08:36,378 - INFO - Rank 9: Pharma (-0.33%) - BOTTOM
2025-05-08 05:08:36,379 - INFO - Rank 10: FMCG (-0.52%) - BOTTOM
2025-05-08 05:08:36,379 - INFO - Latest timestamp in data: 2025-05-08 05:07:43
2025-05-08 05:08:36,379 - INFO - Loaded data for 10 sectors
2025-05-08 05:08:36,380 - INFO - Sector performance details:
2025-05-08 05:08:36,380 - INFO -   Rank 1: Auto - POSITIVE (1.66%) - TOP
2025-05-08 05:08:36,381 - INFO -   Rank 2: Realty - POSITIVE (1.12%) - TOP
2025-05-08 05:08:36,381 - INFO -   Rank 3: Media - POSITIVE (1.06%) - TOP
2025-05-08 05:08:36,382 - INFO -   Rank 4: Metal - POSITIVE (0.98%) - MIDDLE
2025-05-08 05:08:36,382 - INFO -   Rank 5: Energy - POSITIVE (0.82%) - MIDDLE
2025-05-08 05:08:36,384 - INFO -   Rank 6: Financial Services - POSITIVE (0.76%) - MIDDLE
2025-05-08 05:08:36,385 - INFO -   Rank 7: PSU Bank - POSITIVE (0.29%) - MIDDLE
2025-05-08 05:08:36,386 - INFO -   Rank 8: IT - POSITIVE (0.14%) - BOTTOM
2025-05-08 05:08:36,387 - INFO -   Rank 9: Pharma - NEGATIVE (-0.33%) - BOTTOM
2025-05-08 05:08:36,388 - INFO -   Rank 10: FMCG - NEGATIVE (-0.52%) - BOTTOM
2025-05-08 05:08:36,390 - INFO - 
==================================================
SECTOR DATA READ COMPLETE
==================================================
2025-05-08 05:08:36,391 - INFO - 
==================================================
PROCESSING SECTOR DATA
==================================================
2025-05-08 05:08:36,393 - INFO - Processing existing positions for potential exits...
2025-05-08 05:08:36,395 - INFO - 
==================================================
PROCESSING EXISTING POSITIONS
==================================================
2025-05-08 05:08:36,397 - INFO - Processing 16 existing positions
2025-05-08 05:08:36,397 - INFO - Checking position: BUY EXIDEIND.NS (Sector: Auto)
2025-05-08 05:08:36,397 - INFO - SECURITY ID LOOKUP: Searching for EXIDEIND.NS
2025-05-08 05:08:36,398 - INFO - Trying exact match for 'EXIDEIND.NS'
2025-05-08 05:08:36,398 - INFO - FOUND EXACT MATCH: ID 676 for EXIDEIND.NS
2025-05-08 05:08:36,398 - INFO - Getting current market price for EXIDEIND.NS
2025-05-08 05:08:36,399 - INFO - Failed to get quote using symbol: 'dhanhq' object has no attribute 'get_quote'
2025-05-08 05:08:36,399 - INFO - Failed to get LTP using security_id: 'dhanhq' object has no attribute 'get_ltp'
2025-05-08 05:08:36,400 - INFO - Failed to get price from candles: 'dhanhq' object has no attribute 'intraday_daily_minute_charts'
2025-05-08 05:08:36,400 - ERROR - Could not get current market price for EXIDEIND.NS
2025-05-08 05:08:36,401 - WARNING - Could not get current market price for EXIDEIND.NS
2025-05-08 05:08:36,401 - INFO - Checking position: BUY HEROMOTOCO.NS (Sector: Auto)
2025-05-08 05:08:36,402 - INFO - SECURITY ID LOOKUP: Searching for HEROMOTOCO.NS
2025-05-08 05:08:36,402 - INFO - Trying exact match for 'HEROMOTOCO.NS'
2025-05-08 05:08:36,403 - INFO - FOUND EXACT MATCH: ID 1348 for HEROMOTOCO.NS
2025-05-08 05:08:36,403 - INFO - Getting current market price for HEROMOTOCO.NS
2025-05-08 05:08:36,404 - INFO - Failed to get quote using symbol: 'dhanhq' object has no attribute 'get_quote'
2025-05-08 05:08:36,408 - INFO - Failed to get LTP using security_id: 'dhanhq' object has no attribute 'get_ltp'
2025-05-08 05:08:36,409 - INFO - Failed to get price from candles: 'dhanhq' object has no attribute 'intraday_daily_minute_charts'
2025-05-08 05:08:36,410 - ERROR - Could not get current market price for HEROMOTOCO.NS
2025-05-08 05:08:36,410 - WARNING - Could not get current market price for HEROMOTOCO.NS
2025-05-08 05:08:36,413 - INFO - Checking position: BUY BAJAJFINSV.NS (Sector: Financial Services)
2025-05-08 05:08:36,414 - INFO - SECURITY ID LOOKUP: Searching for BAJAJFINSV.NS
2025-05-08 05:08:36,415 - INFO - Trying exact match for 'BAJAJFINSV.NS'
2025-05-08 05:08:36,417 - INFO - FOUND EXACT MATCH: ID 16675 for BAJAJFINSV.NS
2025-05-08 05:08:36,419 - INFO - Getting current market price for BAJAJFINSV.NS
2025-05-08 05:08:36,419 - INFO - Failed to get quote using symbol: 'dhanhq' object has no attribute 'get_quote'
2025-05-08 05:08:36,420 - INFO - Failed to get LTP using security_id: 'dhanhq' object has no attribute 'get_ltp'
2025-05-08 05:08:36,420 - INFO - Failed to get price from candles: 'dhanhq' object has no attribute 'intraday_daily_minute_charts'
2025-05-08 05:08:36,421 - ERROR - Could not get current market price for BAJAJFINSV.NS
2025-05-08 05:08:36,421 - WARNING - Could not get current market price for BAJAJFINSV.NS
2025-05-08 05:08:36,422 - INFO - Checking position: BUY PFC.NS (Sector: Financial Services)
2025-05-08 05:08:36,422 - INFO - SECURITY ID LOOKUP: Searching for PFC.NS
2025-05-08 05:08:36,423 - INFO - Trying exact match for 'PFC.NS'
2025-05-08 05:08:36,423 - INFO - FOUND EXACT MATCH: ID 14299 for PFC.NS
2025-05-08 05:08:36,423 - INFO - Getting current market price for PFC.NS
2025-05-08 05:08:36,424 - INFO - Failed to get quote using symbol: 'dhanhq' object has no attribute 'get_quote'
2025-05-08 05:08:36,424 - INFO - Failed to get LTP using security_id: 'dhanhq' object has no attribute 'get_ltp'
2025-05-08 05:08:36,425 - INFO - Failed to get price from candles: 'dhanhq' object has no attribute 'intraday_daily_minute_charts'
2025-05-08 05:08:36,425 - ERROR - Could not get current market price for PFC.NS
2025-05-08 05:08:36,428 - WARNING - Could not get current market price for PFC.NS
2025-05-08 05:08:36,429 - INFO - Checking position: BUY RECLTD.NS (Sector: Financial Services)
2025-05-08 05:08:36,429 - INFO - SECURITY ID LOOKUP: Searching for RECLTD.NS
2025-05-08 05:08:36,430 - INFO - Trying exact match for 'RECLTD.NS'
2025-05-08 05:08:36,430 - INFO - FOUND EXACT MATCH: ID 15355 for RECLTD.NS
2025-05-08 05:08:36,430 - INFO - Getting current market price for RECLTD.NS
2025-05-08 05:08:36,431 - INFO - Failed to get quote using symbol: 'dhanhq' object has no attribute 'get_quote'
2025-05-08 05:08:36,431 - INFO - Failed to get LTP using security_id: 'dhanhq' object has no attribute 'get_ltp'
2025-05-08 05:08:36,431 - INFO - Failed to get price from candles: 'dhanhq' object has no attribute 'intraday_daily_minute_charts'
2025-05-08 05:08:36,432 - ERROR - Could not get current market price for RECLTD.NS
2025-05-08 05:08:36,432 - WARNING - Could not get current market price for RECLTD.NS
2025-05-08 05:08:36,432 - INFO - Checking position: SELL GODREJPROP.NS (Sector: Realty)
2025-05-08 05:08:36,433 - INFO - SECURITY ID LOOKUP: Searching for GODREJPROP.NS
2025-05-08 05:08:36,433 - INFO - Trying exact match for 'GODREJPROP.NS'
2025-05-08 05:08:36,434 - INFO - FOUND EXACT MATCH: ID 17875 for GODREJPROP.NS
2025-05-08 05:08:36,435 - INFO - Getting current market price for GODREJPROP.NS
2025-05-08 05:08:36,436 - INFO - Failed to get quote using symbol: 'dhanhq' object has no attribute 'get_quote'
2025-05-08 05:08:36,436 - INFO - Failed to get LTP using security_id: 'dhanhq' object has no attribute 'get_ltp'
2025-05-08 05:08:36,437 - INFO - Failed to get price from candles: 'dhanhq' object has no attribute 'intraday_daily_minute_charts'
2025-05-08 05:08:36,437 - ERROR - Could not get current market price for GODREJPROP.NS
2025-05-08 05:08:36,437 - WARNING - Could not get current market price for GODREJPROP.NS
2025-05-08 05:08:36,437 - INFO - Checking position: BUY COLPAL.NS (Sector: FMCG)
2025-05-08 05:08:36,438 - INFO - SECURITY ID LOOKUP: Searching for COLPAL.NS
2025-05-08 05:08:36,438 - INFO - Trying exact match for 'COLPAL.NS'
2025-05-08 05:08:36,438 - INFO - FOUND EXACT MATCH: ID 15141 for COLPAL.NS
2025-05-08 05:08:36,439 - INFO - Getting current market price for COLPAL.NS
2025-05-08 05:08:36,439 - INFO - Failed to get quote using symbol: 'dhanhq' object has no attribute 'get_quote'
2025-05-08 05:08:36,439 - INFO - Failed to get LTP using security_id: 'dhanhq' object has no attribute 'get_ltp'
2025-05-08 05:08:36,440 - INFO - Failed to get price from candles: 'dhanhq' object has no attribute 'intraday_daily_minute_charts'
2025-05-08 05:08:36,440 - ERROR - Could not get current market price for COLPAL.NS
2025-05-08 05:08:36,440 - WARNING - Could not get current market price for COLPAL.NS
2025-05-08 05:08:36,440 - INFO - Checking position: SELL SBILIFE.NS (Sector: Financial Services)
2025-05-08 05:08:36,441 - INFO - SECURITY ID LOOKUP: Searching for SBILIFE.NS
2025-05-08 05:08:36,442 - INFO - Trying exact match for 'SBILIFE.NS'
2025-05-08 05:08:36,442 - INFO - FOUND EXACT MATCH: ID 21808 for SBILIFE.NS
2025-05-08 05:08:36,444 - INFO - Getting current market price for SBILIFE.NS
2025-05-08 05:08:36,445 - INFO - Failed to get quote using symbol: 'dhanhq' object has no attribute 'get_quote'
2025-05-08 05:08:36,446 - INFO - Failed to get LTP using security_id: 'dhanhq' object has no attribute 'get_ltp'
2025-05-08 05:08:36,447 - INFO - Failed to get price from candles: 'dhanhq' object has no attribute 'intraday_daily_minute_charts'
2025-05-08 05:08:36,447 - ERROR - Could not get current market price for SBILIFE.NS
2025-05-08 05:08:36,448 - WARNING - Could not get current market price for SBILIFE.NS
2025-05-08 05:08:36,448 - INFO - Checking position: BUY NESTLEIND.NS (Sector: FMCG)
2025-05-08 05:08:36,448 - INFO - SECURITY ID LOOKUP: Searching for NESTLEIND.NS
2025-05-08 05:08:36,448 - INFO - Trying exact match for 'NESTLEIND.NS'
2025-05-08 05:08:36,449 - INFO - FOUND EXACT MATCH: ID 17963 for NESTLEIND.NS
2025-05-08 05:08:36,449 - INFO - Getting current market price for NESTLEIND.NS
2025-05-08 05:08:36,449 - INFO - Failed to get quote using symbol: 'dhanhq' object has no attribute 'get_quote'
2025-05-08 05:08:36,450 - INFO - Failed to get LTP using security_id: 'dhanhq' object has no attribute 'get_ltp'
2025-05-08 05:08:36,451 - INFO - Failed to get price from candles: 'dhanhq' object has no attribute 'intraday_daily_minute_charts'
2025-05-08 05:08:36,451 - ERROR - Could not get current market price for NESTLEIND.NS
2025-05-08 05:08:36,452 - WARNING - Could not get current market price for NESTLEIND.NS
2025-05-08 05:08:36,452 - INFO - Checking position: BUY ONGC.NS (Sector: Energy)
2025-05-08 05:08:36,453 - INFO - SECURITY ID LOOKUP: Searching for ONGC.NS
2025-05-08 05:08:36,454 - INFO - Trying exact match for 'ONGC.NS'
2025-05-08 05:08:36,455 - INFO - FOUND EXACT MATCH: ID 2475 for ONGC.NS
2025-05-08 05:08:36,455 - INFO - Getting current market price for ONGC.NS
2025-05-08 05:08:36,456 - INFO - Failed to get quote using symbol: 'dhanhq' object has no attribute 'get_quote'
2025-05-08 05:08:36,456 - INFO - Failed to get LTP using security_id: 'dhanhq' object has no attribute 'get_ltp'
2025-05-08 05:08:36,456 - INFO - Failed to get price from candles: 'dhanhq' object has no attribute 'intraday_daily_minute_charts'
2025-05-08 05:08:36,457 - ERROR - Could not get current market price for ONGC.NS
2025-05-08 05:08:36,457 - WARNING - Could not get current market price for ONGC.NS
2025-05-08 05:08:36,457 - INFO - Checking position: SELL MARICO.NS (Sector: FMCG)
2025-05-08 05:08:36,457 - INFO - SECURITY ID LOOKUP: Searching for MARICO.NS
2025-05-08 05:08:36,460 - INFO - Trying exact match for 'MARICO.NS'
2025-05-08 05:08:36,461 - INFO - FOUND EXACT MATCH: ID 4067 for MARICO.NS
2025-05-08 05:08:36,462 - INFO - Getting current market price for MARICO.NS
2025-05-08 05:08:36,462 - INFO - Failed to get quote using symbol: 'dhanhq' object has no attribute 'get_quote'
2025-05-08 05:08:36,463 - INFO - Failed to get LTP using security_id: 'dhanhq' object has no attribute 'get_ltp'
2025-05-08 05:08:36,463 - INFO - Failed to get price from candles: 'dhanhq' object has no attribute 'intraday_daily_minute_charts'
2025-05-08 05:08:36,464 - ERROR - Could not get current market price for MARICO.NS
2025-05-08 05:08:36,464 - WARNING - Could not get current market price for MARICO.NS
2025-05-08 05:08:36,464 - INFO - Checking position: SELL LALPATHLAB.NS (Sector: Pharma)
2025-05-08 05:08:36,465 - INFO - SECURITY ID LOOKUP: Searching for LALPATHLAB.NS
2025-05-08 05:08:36,465 - INFO - Trying exact match for 'LALPATHLAB.NS'
2025-05-08 05:08:36,466 - INFO - FOUND EXACT MATCH: ID 11654 for LALPATHLAB.NS
2025-05-08 05:08:36,467 - INFO - Getting current market price for LALPATHLAB.NS
2025-05-08 05:08:36,468 - INFO - Failed to get quote using symbol: 'dhanhq' object has no attribute 'get_quote'
2025-05-08 05:08:36,469 - INFO - Failed to get LTP using security_id: 'dhanhq' object has no attribute 'get_ltp'
2025-05-08 05:08:36,469 - INFO - Failed to get price from candles: 'dhanhq' object has no attribute 'intraday_daily_minute_charts'
2025-05-08 05:08:36,470 - ERROR - Could not get current market price for LALPATHLAB.NS
2025-05-08 05:08:36,471 - WARNING - Could not get current market price for LALPATHLAB.NS
2025-05-08 05:08:36,472 - INFO - Checking position: SELL BIOCON.NS (Sector: Pharma)
2025-05-08 05:08:36,472 - INFO - SECURITY ID LOOKUP: Searching for BIOCON.NS
2025-05-08 05:08:36,473 - INFO - Trying exact match for 'BIOCON.NS'
2025-05-08 05:08:36,473 - INFO - FOUND EXACT MATCH: ID 11373 for BIOCON.NS
2025-05-08 05:08:36,473 - INFO - Getting current market price for BIOCON.NS
2025-05-08 05:08:36,473 - INFO - Failed to get quote using symbol: 'dhanhq' object has no attribute 'get_quote'
2025-05-08 05:08:36,474 - INFO - Failed to get LTP using security_id: 'dhanhq' object has no attribute 'get_ltp'
2025-05-08 05:08:36,476 - INFO - Failed to get price from candles: 'dhanhq' object has no attribute 'intraday_daily_minute_charts'
2025-05-08 05:08:36,476 - ERROR - Could not get current market price for BIOCON.NS
2025-05-08 05:08:36,477 - WARNING - Could not get current market price for BIOCON.NS
2025-05-08 05:08:36,477 - INFO - Checking position: BUY HATHWAY.NS (Sector: Media)
2025-05-08 05:08:36,478 - INFO - SECURITY ID LOOKUP: Searching for HATHWAY.NS
2025-05-08 05:08:36,478 - INFO - Trying exact match for 'HATHWAY.NS'
2025-05-08 05:08:36,479 - INFO - FOUND EXACT MATCH: ID 18154 for HATHWAY.NS
2025-05-08 05:08:36,479 - INFO - Getting current market price for HATHWAY.NS
2025-05-08 05:08:36,479 - INFO - Failed to get quote using symbol: 'dhanhq' object has no attribute 'get_quote'
2025-05-08 05:08:36,480 - INFO - Failed to get LTP using security_id: 'dhanhq' object has no attribute 'get_ltp'
2025-05-08 05:08:36,480 - INFO - Failed to get price from candles: 'dhanhq' object has no attribute 'intraday_daily_minute_charts'
2025-05-08 05:08:36,480 - ERROR - Could not get current market price for HATHWAY.NS
2025-05-08 05:08:36,481 - WARNING - Could not get current market price for HATHWAY.NS
2025-05-08 05:08:36,481 - INFO - Checking position: BUY SUNTV.NS (Sector: Media)
2025-05-08 05:08:36,481 - INFO - SECURITY ID LOOKUP: Searching for SUNTV.NS
2025-05-08 05:08:36,481 - INFO - Trying exact match for 'SUNTV.NS'
2025-05-08 05:08:36,482 - INFO - FOUND EXACT MATCH: ID 13404 for SUNTV.NS
2025-05-08 05:08:36,482 - INFO - Getting current market price for SUNTV.NS
2025-05-08 05:08:36,483 - INFO - Failed to get quote using symbol: 'dhanhq' object has no attribute 'get_quote'
2025-05-08 05:08:36,483 - INFO - Failed to get LTP using security_id: 'dhanhq' object has no attribute 'get_ltp'
2025-05-08 05:08:36,484 - INFO - Failed to get price from candles: 'dhanhq' object has no attribute 'intraday_daily_minute_charts'
2025-05-08 05:08:36,484 - ERROR - Could not get current market price for SUNTV.NS
2025-05-08 05:08:36,484 - WARNING - Could not get current market price for SUNTV.NS
2025-05-08 05:08:36,484 - INFO - Checking position: BUY PRESTIGE.NS (Sector: Realty)
2025-05-08 05:08:36,485 - INFO - SECURITY ID LOOKUP: Searching for PRESTIGE.NS
2025-05-08 05:08:36,485 - INFO - Trying exact match for 'PRESTIGE.NS'
2025-05-08 05:08:36,485 - INFO - FOUND EXACT MATCH: ID 20302 for PRESTIGE.NS
2025-05-08 05:08:36,485 - INFO - Getting current market price for PRESTIGE.NS
2025-05-08 05:08:36,486 - INFO - Failed to get quote using symbol: 'dhanhq' object has no attribute 'get_quote'
2025-05-08 05:08:36,486 - INFO - Failed to get LTP using security_id: 'dhanhq' object has no attribute 'get_ltp'
2025-05-08 05:08:36,486 - INFO - Failed to get price from candles: 'dhanhq' object has no attribute 'intraday_daily_minute_charts'
2025-05-08 05:08:36,487 - ERROR - Could not get current market price for PRESTIGE.NS
2025-05-08 05:08:36,489 - WARNING - Could not get current market price for PRESTIGE.NS
2025-05-08 05:08:36,492 - INFO - No positions needed to be exited
2025-05-08 05:08:36,493 - INFO - 
==================================================
POSITION PROCESSING COMPLETE
==================================================
2025-05-08 05:08:36,493 - INFO - First run of the day - looking for sector-based trading opportunities...
2025-05-08 05:08:36,494 - INFO - 
==================================================
FINDING NEW TRADING OPPORTUNITIES
==================================================
2025-05-08 05:08:36,495 - INFO - Found 33 active tickers out of 33 total
2025-05-08 05:08:36,496 - INFO - Processed sector data for 10 sectors
2025-05-08 05:08:36,496 - INFO - Processing tickers in order: ['BALKRISIND.NS', 'M&M.NS', 'MARUTI.NS', 'MOTHERSON.NS', 'MRF.NS', 'MARICO.NS', 'CHOLAFIN.NS', 'MUTHOOTFIN.NS', 'PEL.NS', 'LALPATHLAB.NS', 'NAZARA.NS', 'TATASTEEL.NS', 'MGL.NS', 'BIOCON.NS', 'VBL.NS', 'ADANIENSOL.NS', 'ADANIGREEN.NS', 'TATAPOWER.NS', 'RECLTD.NS', 'LTTS.NS', 'MPHASIS.NS', 'HATHWAY.NS', 'SUNTV.NS', 'PETRONET.NS', 'AUROPHARMA.NS', 'BANKBARODA.NS', 'BANKINDIA.NS', 'CANBK.NS', 'PNB.NS', 'UNIONBANK.NS', 'BANDHANBNK.NS', 'PRESTIGE.NS', 'HUDCO.NS']
2025-05-08 05:08:36,497 - INFO - Already have open positions for: ['EXIDEIND.NS', 'HEROMOTOCO.NS', 'BAJAJFINSV.NS', 'PFC.NS', 'RECLTD.NS', 'GODREJPROP.NS', 'COLPAL.NS', 'SBILIFE.NS', 'NESTLEIND.NS', 'ONGC.NS', 'MARICO.NS', 'LALPATHLAB.NS', 'BIOCON.NS', 'HATHWAY.NS', 'SUNTV.NS', 'PRESTIGE.NS']
2025-05-08 05:08:36,498 - INFO - Current sector rankings:
2025-05-08 05:08:36,498 - INFO -   Rank 1: Auto - POSITIVE (1.66%) - TOP
2025-05-08 05:08:36,498 - INFO -   Rank 2: Realty - POSITIVE (1.12%) - TOP
2025-05-08 05:08:36,499 - INFO -   Rank 3: Media - POSITIVE (1.06%) - TOP
2025-05-08 05:08:36,500 - INFO -   Rank 4: Metal - POSITIVE (0.98%) - MIDDLE
2025-05-08 05:08:36,500 - INFO -   Rank 5: Energy - POSITIVE (0.82%) - MIDDLE
2025-05-08 05:08:36,501 - INFO -   Rank 6: Financial Services - POSITIVE (0.76%) - MIDDLE
2025-05-08 05:08:36,502 - INFO -   Rank 7: PSU Bank - POSITIVE (0.29%) - MIDDLE
2025-05-08 05:08:36,502 - INFO -   Rank 8: IT - POSITIVE (0.14%) - BOTTOM
2025-05-08 05:08:36,503 - INFO -   Rank 9: Pharma - NEGATIVE (-0.33%) - BOTTOM
2025-05-08 05:08:36,503 - INFO -   Rank 10: FMCG - NEGATIVE (-0.52%) - BOTTOM
2025-05-08 05:08:36,504 - INFO - Processing ticker 1: BALKRISIND.NS
2025-05-08 05:08:36,504 - INFO - Found sector Auto for BALKRISIND.NS
2025-05-08 05:08:36,504 - INFO - Evaluating BALKRISIND.NS in sector Auto - Rank 1 (TOP)
2025-05-08 05:08:36,504 - INFO -   Performance: +1.66%
2025-05-08 05:08:36,505 - INFO - Not trading BALKRISIND.NS - sector ranking doesn't match strategy
2025-05-08 05:08:36,505 - INFO -   Transaction type: SELL
2025-05-08 05:08:36,505 - INFO -   Sector category: TOP
2025-05-08 05:08:36,505 - INFO -   Sector is_positive: True
2025-05-08 05:08:36,506 - INFO - Processing ticker 2: M&M.NS
2025-05-08 05:08:36,506 - INFO - Found sector Auto for M&M.NS
2025-05-08 05:08:36,506 - INFO - Evaluating M&M.NS in sector Auto - Rank 1 (TOP)
2025-05-08 05:08:36,507 - INFO -   Performance: +1.66%
2025-05-08 05:08:36,507 - INFO - Not trading M&M.NS - sector ranking doesn't match strategy
2025-05-08 05:08:36,507 - INFO -   Transaction type: SELL
2025-05-08 05:08:36,508 - INFO -   Sector category: TOP
2025-05-08 05:08:36,508 - INFO -   Sector is_positive: True
2025-05-08 05:08:36,509 - INFO - Processing ticker 3: MARUTI.NS
2025-05-08 05:08:36,510 - INFO - Found sector Auto for MARUTI.NS
2025-05-08 05:08:36,510 - INFO - Evaluating MARUTI.NS in sector Auto - Rank 1 (TOP)
2025-05-08 05:08:36,511 - INFO -   Performance: +1.66%
2025-05-08 05:08:36,511 - INFO - Not trading MARUTI.NS - sector ranking doesn't match strategy
2025-05-08 05:08:36,511 - INFO -   Transaction type: SELL
2025-05-08 05:08:36,511 - INFO -   Sector category: TOP
2025-05-08 05:08:36,512 - INFO -   Sector is_positive: True
2025-05-08 05:08:36,512 - INFO - Processing ticker 4: MOTHERSON.NS
2025-05-08 05:08:36,512 - INFO - Found sector Auto for MOTHERSON.NS
2025-05-08 05:08:36,513 - INFO - Evaluating MOTHERSON.NS in sector Auto - Rank 1 (TOP)
2025-05-08 05:08:36,513 - INFO -   Performance: +1.66%
2025-05-08 05:08:36,513 - INFO - Not trading MOTHERSON.NS - sector ranking doesn't match strategy
2025-05-08 05:08:36,513 - INFO -   Transaction type: SELL
2025-05-08 05:08:36,514 - INFO -   Sector category: TOP
2025-05-08 05:08:36,514 - INFO -   Sector is_positive: True
2025-05-08 05:08:36,514 - INFO - Processing ticker 5: MRF.NS
2025-05-08 05:08:36,515 - INFO - Found sector Auto for MRF.NS
2025-05-08 05:08:36,515 - INFO - Evaluating MRF.NS in sector Auto - Rank 1 (TOP)
2025-05-08 05:08:36,515 - INFO -   Performance: +1.66%
2025-05-08 05:08:36,516 - INFO - Not trading MRF.NS - sector ranking doesn't match strategy
2025-05-08 05:08:36,516 - INFO -   Transaction type: SELL
2025-05-08 05:08:36,516 - INFO -   Sector category: TOP
2025-05-08 05:08:36,517 - INFO -   Sector is_positive: True
2025-05-08 05:08:36,517 - INFO - Processing ticker 6: MARICO.NS
2025-05-08 05:08:36,518 - INFO - Skipping MARICO.NS - already have an open position
2025-05-08 05:08:36,518 - INFO - Processing ticker 7: CHOLAFIN.NS
2025-05-08 05:08:36,519 - INFO - Found sector Financial Services for CHOLAFIN.NS
2025-05-08 05:08:36,520 - INFO - Evaluating CHOLAFIN.NS in sector Financial Services - Rank 6 (MIDDLE)
2025-05-08 05:08:36,520 - INFO -   Performance: +0.76%
2025-05-08 05:08:36,520 - INFO - Not trading CHOLAFIN.NS - sector ranking doesn't match strategy
2025-05-08 05:08:36,521 - INFO -   Transaction type: SELL
2025-05-08 05:08:36,521 - INFO -   Sector category: MIDDLE
2025-05-08 05:08:36,521 - INFO -   Sector is_positive: True
2025-05-08 05:08:36,522 - INFO - Processing ticker 8: MUTHOOTFIN.NS
2025-05-08 05:08:36,522 - INFO - Found sector Financial Services for MUTHOOTFIN.NS
2025-05-08 05:08:36,522 - INFO - Evaluating MUTHOOTFIN.NS in sector Financial Services - Rank 6 (MIDDLE)
2025-05-08 05:08:36,523 - INFO -   Performance: +0.76%
2025-05-08 05:08:36,523 - INFO - Not trading MUTHOOTFIN.NS - sector ranking doesn't match strategy
2025-05-08 05:08:36,523 - INFO -   Transaction type: SELL
2025-05-08 05:08:36,523 - INFO -   Sector category: MIDDLE
2025-05-08 05:08:36,524 - INFO -   Sector is_positive: True
2025-05-08 05:08:36,524 - INFO - Processing ticker 9: PEL.NS
2025-05-08 05:08:36,524 - INFO - Found sector Financial Services for PEL.NS
2025-05-08 05:08:36,525 - INFO - Evaluating PEL.NS in sector Financial Services - Rank 6 (MIDDLE)
2025-05-08 05:08:36,525 - INFO -   Performance: +0.76%
2025-05-08 05:08:36,526 - INFO - Not trading PEL.NS - sector ranking doesn't match strategy
2025-05-08 05:08:36,526 - INFO -   Transaction type: SELL
2025-05-08 05:08:36,527 - INFO -   Sector category: MIDDLE
2025-05-08 05:08:36,527 - INFO -   Sector is_positive: True
2025-05-08 05:08:36,528 - INFO - Processing ticker 10: LALPATHLAB.NS
2025-05-08 05:08:36,528 - INFO - Skipping LALPATHLAB.NS - already have an open position
2025-05-08 05:08:36,528 - INFO - Processing ticker 11: NAZARA.NS
2025-05-08 05:08:36,529 - INFO - Found sector Media for NAZARA.NS
2025-05-08 05:08:36,529 - INFO - Evaluating NAZARA.NS in sector Media - Rank 3 (TOP)
2025-05-08 05:08:36,529 - INFO -   Performance: +1.06%
2025-05-08 05:08:36,529 - INFO - Not trading NAZARA.NS - sector ranking doesn't match strategy
2025-05-08 05:08:36,530 - INFO -   Transaction type: SELL
2025-05-08 05:08:36,531 - INFO -   Sector category: TOP
2025-05-08 05:08:36,531 - INFO -   Sector is_positive: True
2025-05-08 05:08:36,531 - INFO - Processing ticker 12: TATASTEEL.NS
2025-05-08 05:08:36,532 - INFO - Found sector Metal for TATASTEEL.NS
2025-05-08 05:08:36,532 - INFO - Evaluating TATASTEEL.NS in sector Metal - Rank 4 (MIDDLE)
2025-05-08 05:08:36,532 - INFO -   Performance: +0.98%
2025-05-08 05:08:36,533 - INFO - Not trading TATASTEEL.NS - sector ranking doesn't match strategy
2025-05-08 05:08:36,533 - INFO -   Transaction type: SELL
2025-05-08 05:08:36,534 - INFO -   Sector category: MIDDLE
2025-05-08 05:08:36,535 - INFO -   Sector is_positive: True
2025-05-08 05:08:36,537 - INFO - Processing ticker 13: MGL.NS
2025-05-08 05:08:36,537 - WARNING - Could not find sector for MGL.NS in sector mapping
2025-05-08 05:08:36,538 - INFO - Processing ticker 14: BIOCON.NS
2025-05-08 05:08:36,538 - INFO - Skipping BIOCON.NS - already have an open position
2025-05-08 05:08:36,538 - INFO - Processing ticker 15: VBL.NS
2025-05-08 05:08:36,539 - WARNING - Could not find sector for VBL.NS in sector mapping
2025-05-08 05:08:36,539 - INFO - Processing ticker 16: ADANIENSOL.NS
2025-05-08 05:08:36,539 - WARNING - Could not find sector for ADANIENSOL.NS in sector mapping
2025-05-08 05:08:36,539 - INFO - Processing ticker 17: ADANIGREEN.NS
2025-05-08 05:08:36,540 - INFO - Found sector Energy for ADANIGREEN.NS
2025-05-08 05:08:36,540 - INFO - Evaluating ADANIGREEN.NS in sector Energy - Rank 5 (MIDDLE)
2025-05-08 05:08:36,540 - INFO -   Performance: +0.82%
2025-05-08 05:08:36,540 - INFO - Not trading ADANIGREEN.NS - sector ranking doesn't match strategy
2025-05-08 05:08:36,540 - INFO -   Transaction type: BUY
2025-05-08 05:08:36,541 - INFO -   Sector category: MIDDLE
2025-05-08 05:08:36,542 - INFO -   Sector is_positive: True
2025-05-08 05:08:36,542 - INFO - Processing ticker 18: TATAPOWER.NS
2025-05-08 05:08:36,543 - INFO - Found sector Energy for TATAPOWER.NS
2025-05-08 05:08:36,543 - INFO - Evaluating TATAPOWER.NS in sector Energy - Rank 5 (MIDDLE)
2025-05-08 05:08:36,544 - INFO -   Performance: +0.82%
2025-05-08 05:08:36,544 - INFO - Not trading TATAPOWER.NS - sector ranking doesn't match strategy
2025-05-08 05:08:36,544 - INFO -   Transaction type: BUY
2025-05-08 05:08:36,545 - INFO -   Sector category: MIDDLE
2025-05-08 05:08:36,545 - INFO -   Sector is_positive: True
2025-05-08 05:08:36,545 - INFO - Processing ticker 19: RECLTD.NS
2025-05-08 05:08:36,546 - INFO - Skipping RECLTD.NS - already have an open position
2025-05-08 05:08:36,546 - INFO - Processing ticker 20: LTTS.NS
2025-05-08 05:08:36,546 - INFO - Found sector IT for LTTS.NS
2025-05-08 05:08:36,546 - INFO - Evaluating LTTS.NS in sector IT - Rank 8 (BOTTOM)
2025-05-08 05:08:36,547 - INFO -   Performance: +0.14%
2025-05-08 05:08:36,547 - INFO - Not trading LTTS.NS - sector ranking doesn't match strategy
2025-05-08 05:08:36,547 - INFO -   Transaction type: BUY
2025-05-08 05:08:36,548 - INFO -   Sector category: BOTTOM
2025-05-08 05:08:36,548 - INFO -   Sector is_positive: True
2025-05-08 05:08:36,548 - INFO - Processing ticker 21: MPHASIS.NS
2025-05-08 05:08:36,548 - INFO - Found sector IT for MPHASIS.NS
2025-05-08 05:08:36,549 - INFO - Evaluating MPHASIS.NS in sector IT - Rank 8 (BOTTOM)
2025-05-08 05:08:36,549 - INFO -   Performance: +0.14%
2025-05-08 05:08:36,550 - INFO - Not trading MPHASIS.NS - sector ranking doesn't match strategy
2025-05-08 05:08:36,550 - INFO -   Transaction type: BUY
2025-05-08 05:08:36,551 - INFO -   Sector category: BOTTOM
2025-05-08 05:08:36,551 - INFO -   Sector is_positive: True
2025-05-08 05:08:36,551 - INFO - Processing ticker 22: HATHWAY.NS
2025-05-08 05:08:36,553 - INFO - Skipping HATHWAY.NS - already have an open position
2025-05-08 05:08:36,553 - INFO - Processing ticker 23: SUNTV.NS
2025-05-08 05:08:36,554 - INFO - Skipping SUNTV.NS - already have an open position
2025-05-08 05:08:36,554 - INFO - Processing ticker 24: PETRONET.NS
2025-05-08 05:08:36,554 - INFO - Found sector Oil & Gas for PETRONET.NS
2025-05-08 05:08:36,555 - WARNING - No data for sector Oil & Gas
2025-05-08 05:08:36,555 - INFO - Processing ticker 25: AUROPHARMA.NS
2025-05-08 05:08:36,555 - INFO - Found sector Pharma for AUROPHARMA.NS
2025-05-08 05:08:36,555 - INFO - Evaluating AUROPHARMA.NS in sector Pharma - Rank 9 (BOTTOM)
2025-05-08 05:08:36,556 - INFO -   Performance: -0.33%
2025-05-08 05:08:36,556 - INFO - Not trading AUROPHARMA.NS - sector ranking doesn't match strategy
2025-05-08 05:08:36,556 - INFO -   Transaction type: BUY
2025-05-08 05:08:36,557 - INFO -   Sector category: BOTTOM
2025-05-08 05:08:36,557 - INFO -   Sector is_positive: False
2025-05-08 05:08:36,557 - INFO - Processing ticker 26: BANKBARODA.NS
2025-05-08 05:08:36,557 - WARNING - Could not find sector for BANKBARODA.NS in sector mapping
2025-05-08 05:08:36,559 - INFO - Processing ticker 27: BANKINDIA.NS
2025-05-08 05:08:36,560 - INFO - Found sector PSU Bank for BANKINDIA.NS
2025-05-08 05:08:36,561 - INFO - Evaluating BANKINDIA.NS in sector PSU Bank - Rank 7 (MIDDLE)
2025-05-08 05:08:36,561 - INFO -   Performance: +0.29%
2025-05-08 05:08:36,561 - INFO - Not trading BANKINDIA.NS - sector ranking doesn't match strategy
2025-05-08 05:08:36,562 - INFO -   Transaction type: BUY
2025-05-08 05:08:36,562 - INFO -   Sector category: MIDDLE
2025-05-08 05:08:36,563 - INFO -   Sector is_positive: True
2025-05-08 05:08:36,563 - INFO - Processing ticker 28: CANBK.NS
2025-05-08 05:08:36,563 - INFO - Found sector Bank for CANBK.NS
2025-05-08 05:08:36,564 - WARNING - No data for sector Bank
2025-05-08 05:08:36,564 - INFO - Processing ticker 29: PNB.NS
2025-05-08 05:08:36,564 - INFO - Found sector PSU Bank for PNB.NS
2025-05-08 05:08:36,565 - INFO - Evaluating PNB.NS in sector PSU Bank - Rank 7 (MIDDLE)
2025-05-08 05:08:36,565 - INFO -   Performance: +0.29%
2025-05-08 05:08:36,565 - INFO - Not trading PNB.NS - sector ranking doesn't match strategy
2025-05-08 05:08:36,565 - INFO -   Transaction type: BUY
2025-05-08 05:08:36,566 - INFO -   Sector category: MIDDLE
2025-05-08 05:08:36,566 - INFO -   Sector is_positive: True
2025-05-08 05:08:36,566 - INFO - Processing ticker 30: UNIONBANK.NS
2025-05-08 05:08:36,567 - INFO - Found sector PSU Bank for UNIONBANK.NS
2025-05-08 05:08:36,567 - INFO - Evaluating UNIONBANK.NS in sector PSU Bank - Rank 7 (MIDDLE)
2025-05-08 05:08:36,568 - INFO -   Performance: +0.29%
2025-05-08 05:08:36,569 - INFO - Not trading UNIONBANK.NS - sector ranking doesn't match strategy
2025-05-08 05:08:36,571 - INFO -   Transaction type: BUY
2025-05-08 05:08:36,571 - INFO -   Sector category: MIDDLE
2025-05-08 05:08:36,571 - INFO -   Sector is_positive: True
2025-05-08 05:08:36,571 - INFO - Processing ticker 31: BANDHANBNK.NS
2025-05-08 05:08:36,572 - INFO - Found sector PVT Bank for BANDHANBNK.NS
2025-05-08 05:08:36,572 - WARNING - No data for sector PVT Bank
2025-05-08 05:08:36,572 - INFO - Processing ticker 32: PRESTIGE.NS
2025-05-08 05:08:36,572 - INFO - Skipping PRESTIGE.NS - already have an open position
2025-05-08 05:08:36,572 - INFO - Processing ticker 33: HUDCO.NS
2025-05-08 05:08:36,573 - WARNING - Could not find sector for HUDCO.NS in sector mapping
2025-05-08 05:08:36,573 - INFO - Ticker processing summary:
2025-05-08 05:08:36,573 - INFO -   Total tickers considered: 33
2025-05-08 05:08:36,573 - INFO -   Tickers with sector data: 21
2025-05-08 05:08:36,574 - INFO -   Tickers matching sector ranking strategy: 0
2025-05-08 05:08:36,574 - INFO -   Tickers with security ID: 0
2025-05-08 05:08:36,574 - INFO -   Orders successfully placed: 0
2025-05-08 05:08:36,575 - INFO - New positions added: 0
2025-05-08 05:08:36,575 - INFO - Positions skipped: 33
2025-05-08 05:08:36,576 - INFO - Positions with errors: 0
2025-05-08 05:08:36,577 - INFO - 
==================================================
NEW OPPORTUNITIES PROCESSING COMPLETE
==================================================
2025-05-08 05:08:36,577 - INFO - Initial trades have been executed - no more new trades will be placed today
2025-05-08 05:08:36,578 - INFO - 
==================================================
SECTOR PROCESSING COMPLETE
==================================================
2025-05-08 05:08:36,580 - INFO - Saved 16 positions to dhan_positions.json
2025-05-08 05:08:36,580 - INFO - 
==================================================
POSITIONS SUMMARY
==================================================
2025-05-08 05:08:36,581 - INFO - Current positions summary:
2025-05-08 05:08:36,581 - INFO -   Open BUY positions: 11
2025-05-08 05:08:36,582 - INFO -   Open SELL positions: 5
2025-05-08 05:08:36,582 - INFO -   Closed positions: 0
2025-05-08 05:08:36,582 - INFO -   Total positions: 16
2025-05-08 05:08:36,583 - INFO - Open positions:
2025-05-08 05:08:36,583 - INFO -   BUY EXIDEIND.NS (Sector: Auto, Entry: 2025-05-05 05:08:27, Order ID: 412505057762, SL%: 1.0%, Target%: 1.0%)
2025-05-08 05:08:36,584 - INFO -   BUY HEROMOTOCO.NS (Sector: Auto, Entry: 2025-05-05 05:08:39, Order ID: 912505057802, SL%: 1.0%, Target%: 1.0%)
2025-05-08 05:08:36,585 - INFO -   BUY BAJAJFINSV.NS (Sector: Financial Services, Entry: 2025-05-05 05:08:51, Order ID: 912505057892, SL%: 1.0%, Target%: 1.0%)
2025-05-08 05:08:36,587 - INFO -   BUY PFC.NS (Sector: Financial Services, Entry: 2025-05-05 05:09:04, Order ID: 912505057962, SL%: 1.0%, Target%: 1.0%)
2025-05-08 05:08:36,588 - INFO -   BUY RECLTD.NS (Sector: Financial Services, Entry: 2025-05-05 05:09:16, Order ID: 912505058012, SL%: 1.0%, Target%: 1.0%)
2025-05-08 05:08:36,588 - INFO -   SELL GODREJPROP.NS (Sector: Realty, Entry: 2025-05-05 05:09:29, Order ID: 312505057842, SL%: 1.0%, Target%: 1.0%)
2025-05-08 05:08:36,589 - INFO -   BUY COLPAL.NS (Sector: FMCG, Entry: 2025-05-05 05:34:29, Order ID: 6125050517042, SL%: 1.0%, Target%: 1.0%)
2025-05-08 05:08:36,589 - INFO -   SELL SBILIFE.NS (Sector: Financial Services, Entry: 2025-05-05 05:34:42, Order ID: 9125050513002, SL%: 1.0%, Target%: 1.0%)
2025-05-08 05:08:36,589 - INFO -   BUY NESTLEIND.NS (Sector: FMCG, Entry: 2025-05-06 05:01:40, Order ID: 212505067072, SL%: 1.0%, Target%: 1.0%)
2025-05-08 05:08:36,589 - INFO -   BUY ONGC.NS (Sector: Energy, Entry: 2025-05-06 05:01:52, Order ID: 512505067422, SL%: 1.0%, Target%: 1.0%)
2025-05-08 05:08:36,590 - INFO -   SELL MARICO.NS (Sector: FMCG, Entry: 2025-05-08 05:01:51, Order ID: 512505087152, SL%: 1.0%, Target%: 1.0%)
2025-05-08 05:08:36,590 - INFO -   SELL LALPATHLAB.NS (Sector: Pharma, Entry: 2025-05-08 05:02:03, Order ID: 412505086142, SL%: 1.0%, Target%: 1.0%)
2025-05-08 05:08:36,590 - INFO -   SELL BIOCON.NS (Sector: Pharma, Entry: 2025-05-08 05:02:15, Order ID: 612505087882, SL%: 1.0%, Target%: 1.0%)
2025-05-08 05:08:36,591 - INFO -   BUY HATHWAY.NS (Sector: Media, Entry: 2025-05-08 05:02:28, Order ID: 512505087252, SL%: 1.0%, Target%: 1.0%)
2025-05-08 05:08:36,591 - INFO -   BUY SUNTV.NS (Sector: Media, Entry: 2025-05-08 05:02:40, Order ID: 912505086332, SL%: 1.0%, Target%: 1.0%)
2025-05-08 05:08:36,592 - INFO -   BUY PRESTIGE.NS (Sector: Realty, Entry: 2025-05-08 05:02:53, Order ID: 912505086372, SL%: 1.0%, Target%: 1.0%)
2025-05-08 05:08:36,592 - INFO - 
==================================================
POSITIONS SUMMARY COMPLETE
==================================================
2025-05-08 05:08:36,594 - INFO - Trading cycle 12 completed
2025-05-08 05:08:36,594 - INFO - Waiting 30 seconds until next check at 05:09:06...
2025-05-08 05:08:36,595 - INFO - 
==================================================
CYCLE 12 COMPLETE
==================================================
2025-05-08 05:09:06,601 - INFO - 
==================================================
TRADING CYCLE 13
==================================================
2025-05-08 05:09:06,603 - INFO - Trading cycle 13 started at 2025-05-08 05:09:06
2025-05-08 05:09:06,604 - INFO - New trading day - resetting flags for fresh sector data check
2025-05-08 05:09:06,607 - INFO - Found fresh sector.csv file modified today
2025-05-08 05:09:06,608 - INFO - 
==================================================
READING SECTOR PERFORMANCE DATA
==================================================
2025-05-08 05:09:06,610 - INFO - Reading sector performance data from sector.csv
2025-05-08 05:09:06,612 - INFO - File last modified: 2025-05-08 05:07:43
2025-05-08 05:09:06,616 - INFO - Adding sector rankings to data
2025-05-08 05:09:06,620 - INFO - Sector rankings:
2025-05-08 05:09:06,621 - INFO - Rank 1: Auto (+1.66%) - TOP
2025-05-08 05:09:06,624 - INFO - Rank 2: Realty (+1.12%) - TOP
2025-05-08 05:09:06,626 - INFO - Rank 3: Media (+1.06%) - TOP
2025-05-08 05:09:06,627 - INFO - Rank 4: Metal (+0.98%) - MIDDLE
2025-05-08 05:09:06,627 - INFO - Rank 5: Energy (+0.82%) - MIDDLE
2025-05-08 05:09:06,628 - INFO - Rank 6: Financial Services (+0.76%) - MIDDLE
2025-05-08 05:09:06,628 - INFO - Rank 7: PSU Bank (+0.29%) - MIDDLE
2025-05-08 05:09:06,629 - INFO - Rank 8: IT (+0.14%) - BOTTOM
2025-05-08 05:09:06,629 - INFO - Rank 9: Pharma (-0.33%) - BOTTOM
2025-05-08 05:09:06,630 - INFO - Rank 10: FMCG (-0.52%) - BOTTOM
2025-05-08 05:09:06,630 - INFO - Latest timestamp in data: 2025-05-08 05:07:43
2025-05-08 05:09:06,631 - INFO - Loaded data for 10 sectors
2025-05-08 05:09:06,631 - INFO - Sector performance details:
2025-05-08 05:09:06,632 - INFO -   Rank 1: Auto - POSITIVE (1.66%) - TOP
2025-05-08 05:09:06,633 - INFO -   Rank 2: Realty - POSITIVE (1.12%) - TOP
2025-05-08 05:09:06,634 - INFO -   Rank 3: Media - POSITIVE (1.06%) - TOP
2025-05-08 05:09:06,635 - INFO -   Rank 4: Metal - POSITIVE (0.98%) - MIDDLE
2025-05-08 05:09:06,636 - INFO -   Rank 5: Energy - POSITIVE (0.82%) - MIDDLE
2025-05-08 05:09:06,637 - INFO -   Rank 6: Financial Services - POSITIVE (0.76%) - MIDDLE
2025-05-08 05:09:06,637 - INFO -   Rank 7: PSU Bank - POSITIVE (0.29%) - MIDDLE
2025-05-08 05:09:06,638 - INFO -   Rank 8: IT - POSITIVE (0.14%) - BOTTOM
2025-05-08 05:09:06,640 - INFO -   Rank 9: Pharma - NEGATIVE (-0.33%) - BOTTOM
2025-05-08 05:09:06,642 - INFO -   Rank 10: FMCG - NEGATIVE (-0.52%) - BOTTOM
2025-05-08 05:09:06,643 - INFO - 
==================================================
SECTOR DATA READ COMPLETE
==================================================
2025-05-08 05:09:06,643 - INFO - 
==================================================
PROCESSING SECTOR DATA
==================================================
2025-05-08 05:09:06,644 - INFO - Processing existing positions for potential exits...
2025-05-08 05:09:06,644 - INFO - 
==================================================
PROCESSING EXISTING POSITIONS
==================================================
2025-05-08 05:09:06,645 - INFO - Processing 16 existing positions
2025-05-08 05:09:06,645 - INFO - Checking position: BUY EXIDEIND.NS (Sector: Auto)
2025-05-08 05:09:06,646 - INFO - SECURITY ID LOOKUP: Searching for EXIDEIND.NS
2025-05-08 05:09:06,646 - INFO - Trying exact match for 'EXIDEIND.NS'
2025-05-08 05:09:06,646 - INFO - FOUND EXACT MATCH: ID 676 for EXIDEIND.NS
2025-05-08 05:09:06,646 - INFO - Getting current market price for EXIDEIND.NS
2025-05-08 05:09:06,649 - INFO - Failed to get quote using symbol: 'dhanhq' object has no attribute 'get_quote'
2025-05-08 05:09:06,649 - INFO - Failed to get LTP using security_id: 'dhanhq' object has no attribute 'get_ltp'
2025-05-08 05:09:06,650 - INFO - Failed to get price from candles: 'dhanhq' object has no attribute 'intraday_daily_minute_charts'
2025-05-08 05:09:06,650 - ERROR - Could not get current market price for EXIDEIND.NS
2025-05-08 05:09:06,651 - WARNING - Could not get current market price for EXIDEIND.NS
2025-05-08 05:09:06,651 - INFO - Checking position: BUY HEROMOTOCO.NS (Sector: Auto)
2025-05-08 05:09:06,651 - INFO - SECURITY ID LOOKUP: Searching for HEROMOTOCO.NS
2025-05-08 05:09:06,652 - INFO - Trying exact match for 'HEROMOTOCO.NS'
2025-05-08 05:09:06,652 - INFO - FOUND EXACT MATCH: ID 1348 for HEROMOTOCO.NS
2025-05-08 05:09:06,652 - INFO - Getting current market price for HEROMOTOCO.NS
2025-05-08 05:09:06,652 - INFO - Failed to get quote using symbol: 'dhanhq' object has no attribute 'get_quote'
2025-05-08 05:09:06,653 - INFO - Failed to get LTP using security_id: 'dhanhq' object has no attribute 'get_ltp'
2025-05-08 05:09:06,653 - INFO - Failed to get price from candles: 'dhanhq' object has no attribute 'intraday_daily_minute_charts'
2025-05-08 05:09:06,653 - ERROR - Could not get current market price for HEROMOTOCO.NS
2025-05-08 05:09:06,654 - WARNING - Could not get current market price for HEROMOTOCO.NS
2025-05-08 05:09:06,654 - INFO - Checking position: BUY BAJAJFINSV.NS (Sector: Financial Services)
2025-05-08 05:09:06,657 - INFO - SECURITY ID LOOKUP: Searching for BAJAJFINSV.NS
2025-05-08 05:09:06,658 - INFO - Trying exact match for 'BAJAJFINSV.NS'
2025-05-08 05:09:06,658 - INFO - FOUND EXACT MATCH: ID 16675 for BAJAJFINSV.NS
2025-05-08 05:09:06,659 - INFO - Getting current market price for BAJAJFINSV.NS
2025-05-08 05:09:06,659 - INFO - Failed to get quote using symbol: 'dhanhq' object has no attribute 'get_quote'
2025-05-08 05:09:06,659 - INFO - Failed to get LTP using security_id: 'dhanhq' object has no attribute 'get_ltp'
2025-05-08 05:09:06,660 - INFO - Failed to get price from candles: 'dhanhq' object has no attribute 'intraday_daily_minute_charts'
2025-05-08 05:09:06,660 - ERROR - Could not get current market price for BAJAJFINSV.NS
2025-05-08 05:09:06,661 - WARNING - Could not get current market price for BAJAJFINSV.NS
2025-05-08 05:09:06,661 - INFO - Checking position: BUY PFC.NS (Sector: Financial Services)
2025-05-08 05:09:06,661 - INFO - SECURITY ID LOOKUP: Searching for PFC.NS
2025-05-08 05:09:06,662 - INFO - Trying exact match for 'PFC.NS'
2025-05-08 05:09:06,663 - INFO - FOUND EXACT MATCH: ID 14299 for PFC.NS
2025-05-08 05:09:06,665 - INFO - Getting current market price for PFC.NS
2025-05-08 05:09:06,665 - INFO - Failed to get quote using symbol: 'dhanhq' object has no attribute 'get_quote'
2025-05-08 05:09:06,666 - INFO - Failed to get LTP using security_id: 'dhanhq' object has no attribute 'get_ltp'
2025-05-08 05:09:06,666 - INFO - Failed to get price from candles: 'dhanhq' object has no attribute 'intraday_daily_minute_charts'
2025-05-08 05:09:06,666 - ERROR - Could not get current market price for PFC.NS
2025-05-08 05:09:06,667 - WARNING - Could not get current market price for PFC.NS
2025-05-08 05:09:06,667 - INFO - Checking position: BUY RECLTD.NS (Sector: Financial Services)
2025-05-08 05:09:06,668 - INFO - SECURITY ID LOOKUP: Searching for RECLTD.NS
2025-05-08 05:09:06,668 - INFO - Trying exact match for 'RECLTD.NS'
2025-05-08 05:09:06,668 - INFO - FOUND EXACT MATCH: ID 15355 for RECLTD.NS
2025-05-08 05:09:06,669 - INFO - Getting current market price for RECLTD.NS
2025-05-08 05:09:06,669 - INFO - Failed to get quote using symbol: 'dhanhq' object has no attribute 'get_quote'
2025-05-08 05:09:06,669 - INFO - Failed to get LTP using security_id: 'dhanhq' object has no attribute 'get_ltp'
2025-05-08 05:09:06,670 - INFO - Failed to get price from candles: 'dhanhq' object has no attribute 'intraday_daily_minute_charts'
2025-05-08 05:09:06,670 - ERROR - Could not get current market price for RECLTD.NS
2025-05-08 05:09:06,670 - WARNING - Could not get current market price for RECLTD.NS
2025-05-08 05:09:06,673 - INFO - Checking position: SELL GODREJPROP.NS (Sector: Realty)
2025-05-08 05:09:06,673 - INFO - SECURITY ID LOOKUP: Searching for GODREJPROP.NS
2025-05-08 05:09:06,675 - INFO - Trying exact match for 'GODREJPROP.NS'
2025-05-08 05:09:06,676 - INFO - FOUND EXACT MATCH: ID 17875 for GODREJPROP.NS
2025-05-08 05:09:06,676 - INFO - Getting current market price for GODREJPROP.NS
2025-05-08 05:09:06,676 - INFO - Failed to get quote using symbol: 'dhanhq' object has no attribute 'get_quote'
2025-05-08 05:09:06,677 - INFO - Failed to get LTP using security_id: 'dhanhq' object has no attribute 'get_ltp'
2025-05-08 05:09:06,677 - INFO - Failed to get price from candles: 'dhanhq' object has no attribute 'intraday_daily_minute_charts'
2025-05-08 05:09:06,678 - ERROR - Could not get current market price for GODREJPROP.NS
2025-05-08 05:09:06,678 - WARNING - Could not get current market price for GODREJPROP.NS
2025-05-08 05:09:06,679 - INFO - Checking position: BUY COLPAL.NS (Sector: FMCG)
2025-05-08 05:09:06,679 - INFO - SECURITY ID LOOKUP: Searching for COLPAL.NS
2025-05-08 05:09:06,679 - INFO - Trying exact match for 'COLPAL.NS'
2025-05-08 05:09:06,680 - INFO - FOUND EXACT MATCH: ID 15141 for COLPAL.NS
2025-05-08 05:09:06,680 - INFO - Getting current market price for COLPAL.NS
2025-05-08 05:09:06,681 - INFO - Failed to get quote using symbol: 'dhanhq' object has no attribute 'get_quote'
2025-05-08 05:09:06,681 - INFO - Failed to get LTP using security_id: 'dhanhq' object has no attribute 'get_ltp'
2025-05-08 05:09:06,682 - INFO - Failed to get price from candles: 'dhanhq' object has no attribute 'intraday_daily_minute_charts'
2025-05-08 05:09:06,682 - ERROR - Could not get current market price for COLPAL.NS
2025-05-08 05:09:06,683 - WARNING - Could not get current market price for COLPAL.NS
2025-05-08 05:09:06,683 - INFO - Checking position: SELL SBILIFE.NS (Sector: Financial Services)
2025-05-08 05:09:06,684 - INFO - SECURITY ID LOOKUP: Searching for SBILIFE.NS
2025-05-08 05:09:06,684 - INFO - Trying exact match for 'SBILIFE.NS'
2025-05-08 05:09:06,685 - INFO - FOUND EXACT MATCH: ID 21808 for SBILIFE.NS
2025-05-08 05:09:06,685 - INFO - Getting current market price for SBILIFE.NS
2025-05-08 05:09:06,685 - INFO - Failed to get quote using symbol: 'dhanhq' object has no attribute 'get_quote'
2025-05-08 05:09:06,686 - INFO - Failed to get LTP using security_id: 'dhanhq' object has no attribute 'get_ltp'
2025-05-08 05:09:06,687 - INFO - Failed to get price from candles: 'dhanhq' object has no attribute 'intraday_daily_minute_charts'
2025-05-08 05:09:06,687 - ERROR - Could not get current market price for SBILIFE.NS
2025-05-08 05:09:06,687 - WARNING - Could not get current market price for SBILIFE.NS
2025-05-08 05:09:06,688 - INFO - Checking position: BUY NESTLEIND.NS (Sector: FMCG)
2025-05-08 05:09:06,688 - INFO - SECURITY ID LOOKUP: Searching for NESTLEIND.NS
2025-05-08 05:09:06,689 - INFO - Trying exact match for 'NESTLEIND.NS'
2025-05-08 05:09:06,691 - INFO - FOUND EXACT MATCH: ID 17963 for NESTLEIND.NS
2025-05-08 05:09:06,692 - INFO - Getting current market price for NESTLEIND.NS
2025-05-08 05:09:06,693 - INFO - Failed to get quote using symbol: 'dhanhq' object has no attribute 'get_quote'
2025-05-08 05:09:06,693 - INFO - Failed to get LTP using security_id: 'dhanhq' object has no attribute 'get_ltp'
2025-05-08 05:09:06,693 - INFO - Failed to get price from candles: 'dhanhq' object has no attribute 'intraday_daily_minute_charts'
2025-05-08 05:09:06,694 - ERROR - Could not get current market price for NESTLEIND.NS
2025-05-08 05:09:06,694 - WARNING - Could not get current market price for NESTLEIND.NS
2025-05-08 05:09:06,694 - INFO - Checking position: BUY ONGC.NS (Sector: Energy)
2025-05-08 05:09:06,695 - INFO - SECURITY ID LOOKUP: Searching for ONGC.NS
2025-05-08 05:09:06,695 - INFO - Trying exact match for 'ONGC.NS'
2025-05-08 05:09:06,695 - INFO - FOUND EXACT MATCH: ID 2475 for ONGC.NS
2025-05-08 05:09:06,695 - INFO - Getting current market price for ONGC.NS
2025-05-08 05:09:06,696 - INFO - Failed to get quote using symbol: 'dhanhq' object has no attribute 'get_quote'
2025-05-08 05:09:06,696 - INFO - Failed to get LTP using security_id: 'dhanhq' object has no attribute 'get_ltp'
2025-05-08 05:09:06,697 - INFO - Failed to get price from candles: 'dhanhq' object has no attribute 'intraday_daily_minute_charts'
2025-05-08 05:09:06,697 - ERROR - Could not get current market price for ONGC.NS
2025-05-08 05:09:06,698 - WARNING - Could not get current market price for ONGC.NS
2025-05-08 05:09:06,698 - INFO - Checking position: SELL MARICO.NS (Sector: FMCG)
2025-05-08 05:09:06,698 - INFO - SECURITY ID LOOKUP: Searching for MARICO.NS
2025-05-08 05:09:06,699 - INFO - Trying exact match for 'MARICO.NS'
2025-05-08 05:09:06,699 - INFO - FOUND EXACT MATCH: ID 4067 for MARICO.NS
2025-05-08 05:09:06,699 - INFO - Getting current market price for MARICO.NS
2025-05-08 05:09:06,699 - INFO - Failed to get quote using symbol: 'dhanhq' object has no attribute 'get_quote'
2025-05-08 05:09:06,700 - INFO - Failed to get LTP using security_id: 'dhanhq' object has no attribute 'get_ltp'
2025-05-08 05:09:06,700 - INFO - Failed to get price from candles: 'dhanhq' object has no attribute 'intraday_daily_minute_charts'
2025-05-08 05:09:06,700 - ERROR - Could not get current market price for MARICO.NS
2025-05-08 05:09:06,700 - WARNING - Could not get current market price for MARICO.NS
2025-05-08 05:09:06,701 - INFO - Checking position: SELL LALPATHLAB.NS (Sector: Pharma)
2025-05-08 05:09:06,701 - INFO - SECURITY ID LOOKUP: Searching for LALPATHLAB.NS
2025-05-08 05:09:06,701 - INFO - Trying exact match for 'LALPATHLAB.NS'
2025-05-08 05:09:06,702 - INFO - FOUND EXACT MATCH: ID 11654 for LALPATHLAB.NS
2025-05-08 05:09:06,702 - INFO - Getting current market price for LALPATHLAB.NS
2025-05-08 05:09:06,702 - INFO - Failed to get quote using symbol: 'dhanhq' object has no attribute 'get_quote'
2025-05-08 05:09:06,702 - INFO - Failed to get LTP using security_id: 'dhanhq' object has no attribute 'get_ltp'
2025-05-08 05:09:06,703 - INFO - Failed to get price from candles: 'dhanhq' object has no attribute 'intraday_daily_minute_charts'
2025-05-08 05:09:06,703 - ERROR - Could not get current market price for LALPATHLAB.NS
2025-05-08 05:09:06,703 - WARNING - Could not get current market price for LALPATHLAB.NS
2025-05-08 05:09:06,703 - INFO - Checking position: SELL BIOCON.NS (Sector: Pharma)
2025-05-08 05:09:06,703 - INFO - SECURITY ID LOOKUP: Searching for BIOCON.NS
2025-05-08 05:09:06,704 - INFO - Trying exact match for 'BIOCON.NS'
2025-05-08 05:09:06,704 - INFO - FOUND EXACT MATCH: ID 11373 for BIOCON.NS
2025-05-08 05:09:06,704 - INFO - Getting current market price for BIOCON.NS
2025-05-08 05:09:06,706 - INFO - Failed to get quote using symbol: 'dhanhq' object has no attribute 'get_quote'
2025-05-08 05:09:06,708 - INFO - Failed to get LTP using security_id: 'dhanhq' object has no attribute 'get_ltp'
2025-05-08 05:09:06,708 - INFO - Failed to get price from candles: 'dhanhq' object has no attribute 'intraday_daily_minute_charts'
2025-05-08 05:09:06,708 - ERROR - Could not get current market price for BIOCON.NS
2025-05-08 05:09:06,709 - WARNING - Could not get current market price for BIOCON.NS
2025-05-08 05:09:06,709 - INFO - Checking position: BUY HATHWAY.NS (Sector: Media)
2025-05-08 05:09:06,710 - INFO - SECURITY ID LOOKUP: Searching for HATHWAY.NS
2025-05-08 05:09:06,710 - INFO - Trying exact match for 'HATHWAY.NS'
2025-05-08 05:09:06,710 - INFO - FOUND EXACT MATCH: ID 18154 for HATHWAY.NS
2025-05-08 05:09:06,711 - INFO - Getting current market price for HATHWAY.NS
2025-05-08 05:09:06,711 - INFO - Failed to get quote using symbol: 'dhanhq' object has no attribute 'get_quote'
2025-05-08 05:09:06,711 - INFO - Failed to get LTP using security_id: 'dhanhq' object has no attribute 'get_ltp'
2025-05-08 05:09:06,712 - INFO - Failed to get price from candles: 'dhanhq' object has no attribute 'intraday_daily_minute_charts'
2025-05-08 05:09:06,712 - ERROR - Could not get current market price for HATHWAY.NS
2025-05-08 05:09:06,713 - WARNING - Could not get current market price for HATHWAY.NS
2025-05-08 05:09:06,713 - INFO - Checking position: BUY SUNTV.NS (Sector: Media)
2025-05-08 05:09:06,714 - INFO - SECURITY ID LOOKUP: Searching for SUNTV.NS
2025-05-08 05:09:06,714 - INFO - Trying exact match for 'SUNTV.NS'
2025-05-08 05:09:06,715 - INFO - FOUND EXACT MATCH: ID 13404 for SUNTV.NS
2025-05-08 05:09:06,715 - INFO - Getting current market price for SUNTV.NS
2025-05-08 05:09:06,715 - INFO - Failed to get quote using symbol: 'dhanhq' object has no attribute 'get_quote'
2025-05-08 05:09:06,716 - INFO - Failed to get LTP using security_id: 'dhanhq' object has no attribute 'get_ltp'
2025-05-08 05:09:06,716 - INFO - Failed to get price from candles: 'dhanhq' object has no attribute 'intraday_daily_minute_charts'
2025-05-08 05:09:06,716 - ERROR - Could not get current market price for SUNTV.NS
2025-05-08 05:09:06,717 - WARNING - Could not get current market price for SUNTV.NS
2025-05-08 05:09:06,718 - INFO - Checking position: BUY PRESTIGE.NS (Sector: Realty)
2025-05-08 05:09:06,718 - INFO - SECURITY ID LOOKUP: Searching for PRESTIGE.NS
2025-05-08 05:09:06,718 - INFO - Trying exact match for 'PRESTIGE.NS'
2025-05-08 05:09:06,719 - INFO - FOUND EXACT MATCH: ID 20302 for PRESTIGE.NS
2025-05-08 05:09:06,719 - INFO - Getting current market price for PRESTIGE.NS
2025-05-08 05:09:06,719 - INFO - Failed to get quote using symbol: 'dhanhq' object has no attribute 'get_quote'
2025-05-08 05:09:06,720 - INFO - Failed to get LTP using security_id: 'dhanhq' object has no attribute 'get_ltp'
2025-05-08 05:09:06,720 - INFO - Failed to get price from candles: 'dhanhq' object has no attribute 'intraday_daily_minute_charts'
2025-05-08 05:09:06,720 - ERROR - Could not get current market price for PRESTIGE.NS
2025-05-08 05:09:06,721 - WARNING - Could not get current market price for PRESTIGE.NS
2025-05-08 05:09:06,721 - INFO - No positions needed to be exited
2025-05-08 05:09:06,721 - INFO - 
==================================================
POSITION PROCESSING COMPLETE
==================================================
2025-05-08 05:09:06,724 - INFO - First run of the day - looking for sector-based trading opportunities...
2025-05-08 05:09:06,725 - INFO - 
==================================================
FINDING NEW TRADING OPPORTUNITIES
==================================================
2025-05-08 05:09:06,726 - INFO - Found 33 active tickers out of 33 total
2025-05-08 05:09:06,728 - INFO - Processed sector data for 10 sectors
2025-05-08 05:09:06,728 - INFO - Processing tickers in order: ['BALKRISIND.NS', 'M&M.NS', 'MARUTI.NS', 'MOTHERSON.NS', 'MRF.NS', 'MARICO.NS', 'CHOLAFIN.NS', 'MUTHOOTFIN.NS', 'PEL.NS', 'LALPATHLAB.NS', 'NAZARA.NS', 'TATASTEEL.NS', 'MGL.NS', 'BIOCON.NS', 'VBL.NS', 'ADANIENSOL.NS', 'ADANIGREEN.NS', 'TATAPOWER.NS', 'RECLTD.NS', 'LTTS.NS', 'MPHASIS.NS', 'HATHWAY.NS', 'SUNTV.NS', 'PETRONET.NS', 'AUROPHARMA.NS', 'BANKBARODA.NS', 'BANKINDIA.NS', 'CANBK.NS', 'PNB.NS', 'UNIONBANK.NS', 'BANDHANBNK.NS', 'PRESTIGE.NS', 'HUDCO.NS']
2025-05-08 05:09:06,729 - INFO - Already have open positions for: ['EXIDEIND.NS', 'HEROMOTOCO.NS', 'BAJAJFINSV.NS', 'PFC.NS', 'RECLTD.NS', 'GODREJPROP.NS', 'COLPAL.NS', 'SBILIFE.NS', 'NESTLEIND.NS', 'ONGC.NS', 'MARICO.NS', 'LALPATHLAB.NS', 'BIOCON.NS', 'HATHWAY.NS', 'SUNTV.NS', 'PRESTIGE.NS']
2025-05-08 05:09:06,730 - INFO - Current sector rankings:
2025-05-08 05:09:06,730 - INFO -   Rank 1: Auto - POSITIVE (1.66%) - TOP
2025-05-08 05:09:06,731 - INFO -   Rank 2: Realty - POSITIVE (1.12%) - TOP
2025-05-08 05:09:06,731 - INFO -   Rank 3: Media - POSITIVE (1.06%) - TOP
2025-05-08 05:09:06,731 - INFO -   Rank 4: Metal - POSITIVE (0.98%) - MIDDLE
2025-05-08 05:09:06,732 - INFO -   Rank 5: Energy - POSITIVE (0.82%) - MIDDLE
2025-05-08 05:09:06,732 - INFO -   Rank 6: Financial Services - POSITIVE (0.76%) - MIDDLE
2025-05-08 05:09:06,732 - INFO -   Rank 7: PSU Bank - POSITIVE (0.29%) - MIDDLE
2025-05-08 05:09:06,733 - INFO -   Rank 8: IT - POSITIVE (0.14%) - BOTTOM
2025-05-08 05:09:06,733 - INFO -   Rank 9: Pharma - NEGATIVE (-0.33%) - BOTTOM
2025-05-08 05:09:06,733 - INFO -   Rank 10: FMCG - NEGATIVE (-0.52%) - BOTTOM
2025-05-08 05:09:06,733 - INFO - Processing ticker 1: BALKRISIND.NS
2025-05-08 05:09:06,734 - INFO - Found sector Auto for BALKRISIND.NS
2025-05-08 05:09:06,734 - INFO - Evaluating BALKRISIND.NS in sector Auto - Rank 1 (TOP)
2025-05-08 05:09:06,734 - INFO -   Performance: +1.66%
2025-05-08 05:09:06,734 - INFO - Not trading BALKRISIND.NS - sector ranking doesn't match strategy
2025-05-08 05:09:06,735 - INFO -   Transaction type: SELL
2025-05-08 05:09:06,735 - INFO -   Sector category: TOP
2025-05-08 05:09:06,735 - INFO -   Sector is_positive: True
2025-05-08 05:09:06,736 - INFO - Processing ticker 2: M&M.NS
2025-05-08 05:09:06,736 - INFO - Found sector Auto for M&M.NS
2025-05-08 05:09:06,736 - INFO - Evaluating M&M.NS in sector Auto - Rank 1 (TOP)
2025-05-08 05:09:06,736 - INFO -   Performance: +1.66%
2025-05-08 05:09:06,737 - INFO - Not trading M&M.NS - sector ranking doesn't match strategy
2025-05-08 05:09:06,737 - INFO -   Transaction type: SELL
2025-05-08 05:09:06,737 - INFO -   Sector category: TOP
2025-05-08 05:09:06,737 - INFO -   Sector is_positive: True
2025-05-08 05:09:06,738 - INFO - Processing ticker 3: MARUTI.NS
2025-05-08 05:09:06,740 - INFO - Found sector Auto for MARUTI.NS
2025-05-08 05:09:06,742 - INFO - Evaluating MARUTI.NS in sector Auto - Rank 1 (TOP)
2025-05-08 05:09:06,742 - INFO -   Performance: +1.66%
2025-05-08 05:09:06,742 - INFO - Not trading MARUTI.NS - sector ranking doesn't match strategy
2025-05-08 05:09:06,743 - INFO -   Transaction type: SELL
2025-05-08 05:09:06,743 - INFO -   Sector category: TOP
2025-05-08 05:09:06,743 - INFO -   Sector is_positive: True
2025-05-08 05:09:06,744 - INFO - Processing ticker 4: MOTHERSON.NS
2025-05-08 05:09:06,744 - INFO - Found sector Auto for MOTHERSON.NS
2025-05-08 05:09:06,745 - INFO - Evaluating MOTHERSON.NS in sector Auto - Rank 1 (TOP)
2025-05-08 05:09:06,745 - INFO -   Performance: +1.66%
2025-05-08 05:09:06,745 - INFO - Not trading MOTHERSON.NS - sector ranking doesn't match strategy
2025-05-08 05:09:06,746 - INFO -   Transaction type: SELL
2025-05-08 05:09:06,746 - INFO -   Sector category: TOP
2025-05-08 05:09:06,746 - INFO -   Sector is_positive: True
2025-05-08 05:09:06,747 - INFO - Processing ticker 5: MRF.NS
2025-05-08 05:09:06,747 - INFO - Found sector Auto for MRF.NS
2025-05-08 05:09:06,748 - INFO - Evaluating MRF.NS in sector Auto - Rank 1 (TOP)
2025-05-08 05:09:06,748 - INFO -   Performance: +1.66%
2025-05-08 05:09:06,749 - INFO - Not trading MRF.NS - sector ranking doesn't match strategy
2025-05-08 05:09:06,749 - INFO -   Transaction type: SELL
2025-05-08 05:09:06,749 - INFO -   Sector category: TOP
2025-05-08 05:09:06,750 - INFO -   Sector is_positive: True
2025-05-08 05:09:06,750 - INFO - Processing ticker 6: MARICO.NS
2025-05-08 05:09:06,750 - INFO - Skipping MARICO.NS - already have an open position
2025-05-08 05:09:06,750 - INFO - Processing ticker 7: CHOLAFIN.NS
2025-05-08 05:09:06,751 - INFO - Found sector Financial Services for CHOLAFIN.NS
2025-05-08 05:09:06,751 - INFO - Evaluating CHOLAFIN.NS in sector Financial Services - Rank 6 (MIDDLE)
2025-05-08 05:09:06,751 - INFO -   Performance: +0.76%
2025-05-08 05:09:06,752 - INFO - Not trading CHOLAFIN.NS - sector ranking doesn't match strategy
2025-05-08 05:09:06,752 - INFO -   Transaction type: SELL
2025-05-08 05:09:06,752 - INFO -   Sector category: MIDDLE
2025-05-08 05:09:06,753 - INFO -   Sector is_positive: True
2025-05-08 05:09:06,753 - INFO - Processing ticker 8: MUTHOOTFIN.NS
2025-05-08 05:09:06,753 - INFO - Found sector Financial Services for MUTHOOTFIN.NS
2025-05-08 05:09:06,753 - INFO - Evaluating MUTHOOTFIN.NS in sector Financial Services - Rank 6 (MIDDLE)
2025-05-08 05:09:06,754 - INFO -   Performance: +0.76%
2025-05-08 05:09:06,754 - INFO - Not trading MUTHOOTFIN.NS - sector ranking doesn't match strategy
2025-05-08 05:09:06,756 - INFO -   Transaction type: SELL
2025-05-08 05:09:06,758 - INFO -   Sector category: MIDDLE
2025-05-08 05:09:06,759 - INFO -   Sector is_positive: True
2025-05-08 05:09:06,759 - INFO - Processing ticker 9: PEL.NS
2025-05-08 05:09:06,760 - INFO - Found sector Financial Services for PEL.NS
2025-05-08 05:09:06,760 - INFO - Evaluating PEL.NS in sector Financial Services - Rank 6 (MIDDLE)
2025-05-08 05:09:06,760 - INFO -   Performance: +0.76%
2025-05-08 05:09:06,761 - INFO - Not trading PEL.NS - sector ranking doesn't match strategy
2025-05-08 05:09:06,761 - INFO -   Transaction type: SELL
2025-05-08 05:09:06,761 - INFO -   Sector category: MIDDLE
2025-05-08 05:09:06,762 - INFO -   Sector is_positive: True
2025-05-08 05:09:06,762 - INFO - Processing ticker 10: LALPATHLAB.NS
2025-05-08 05:09:06,762 - INFO - Skipping LALPATHLAB.NS - already have an open position
2025-05-08 05:09:06,763 - INFO - Processing ticker 11: NAZARA.NS
2025-05-08 05:09:06,763 - INFO - Found sector Media for NAZARA.NS
2025-05-08 05:09:06,763 - INFO - Evaluating NAZARA.NS in sector Media - Rank 3 (TOP)
2025-05-08 05:09:06,764 - INFO -   Performance: +1.06%
2025-05-08 05:09:06,764 - INFO - Not trading NAZARA.NS - sector ranking doesn't match strategy
2025-05-08 05:09:06,765 - INFO -   Transaction type: SELL
2025-05-08 05:09:06,765 - INFO -   Sector category: TOP
2025-05-08 05:09:06,766 - INFO -   Sector is_positive: True
2025-05-08 05:09:06,766 - INFO - Processing ticker 12: TATASTEEL.NS
2025-05-08 05:09:06,766 - INFO - Found sector Metal for TATASTEEL.NS
2025-05-08 05:09:06,766 - INFO - Evaluating TATASTEEL.NS in sector Metal - Rank 4 (MIDDLE)
2025-05-08 05:09:06,767 - INFO -   Performance: +0.98%
2025-05-08 05:09:06,767 - INFO - Not trading TATASTEEL.NS - sector ranking doesn't match strategy
2025-05-08 05:09:06,767 - INFO -   Transaction type: SELL
2025-05-08 05:09:06,767 - INFO -   Sector category: MIDDLE
2025-05-08 05:09:06,768 - INFO -   Sector is_positive: True
2025-05-08 05:09:06,768 - INFO - Processing ticker 13: MGL.NS
2025-05-08 05:09:06,768 - WARNING - Could not find sector for MGL.NS in sector mapping
2025-05-08 05:09:06,768 - INFO - Processing ticker 14: BIOCON.NS
2025-05-08 05:09:06,769 - INFO - Skipping BIOCON.NS - already have an open position
2025-05-08 05:09:06,769 - INFO - Processing ticker 15: VBL.NS
2025-05-08 05:09:06,770 - WARNING - Could not find sector for VBL.NS in sector mapping
2025-05-08 05:09:06,770 - INFO - Processing ticker 16: ADANIENSOL.NS
2025-05-08 05:09:06,770 - WARNING - Could not find sector for ADANIENSOL.NS in sector mapping
2025-05-08 05:09:06,770 - INFO - Processing ticker 17: ADANIGREEN.NS
2025-05-08 05:09:06,774 - INFO - Found sector Energy for ADANIGREEN.NS
2025-05-08 05:09:06,776 - INFO - Evaluating ADANIGREEN.NS in sector Energy - Rank 5 (MIDDLE)
2025-05-08 05:09:06,776 - INFO -   Performance: +0.82%
2025-05-08 05:09:06,777 - INFO - Not trading ADANIGREEN.NS - sector ranking doesn't match strategy
2025-05-08 05:09:06,777 - INFO -   Transaction type: BUY
2025-05-08 05:09:06,777 - INFO -   Sector category: MIDDLE
2025-05-08 05:09:06,778 - INFO -   Sector is_positive: True
2025-05-08 05:09:06,778 - INFO - Processing ticker 18: TATAPOWER.NS
2025-05-08 05:09:06,778 - INFO - Found sector Energy for TATAPOWER.NS
2025-05-08 05:09:06,779 - INFO - Evaluating TATAPOWER.NS in sector Energy - Rank 5 (MIDDLE)
2025-05-08 05:09:06,779 - INFO -   Performance: +0.82%
2025-05-08 05:09:06,779 - INFO - Not trading TATAPOWER.NS - sector ranking doesn't match strategy
2025-05-08 05:09:06,780 - INFO -   Transaction type: BUY
2025-05-08 05:09:06,780 - INFO -   Sector category: MIDDLE
2025-05-08 05:09:06,781 - INFO -   Sector is_positive: True
2025-05-08 05:09:06,782 - INFO - Processing ticker 19: RECLTD.NS
2025-05-08 05:09:06,783 - INFO - Skipping RECLTD.NS - already have an open position
2025-05-08 05:09:06,783 - INFO - Processing ticker 20: LTTS.NS
2025-05-08 05:09:06,783 - INFO - Found sector IT for LTTS.NS
2025-05-08 05:09:06,784 - INFO - Evaluating LTTS.NS in sector IT - Rank 8 (BOTTOM)
2025-05-08 05:09:06,784 - INFO -   Performance: +0.14%
2025-05-08 05:09:06,784 - INFO - Not trading LTTS.NS - sector ranking doesn't match strategy
2025-05-08 05:09:06,784 - INFO -   Transaction type: BUY
2025-05-08 05:09:06,784 - INFO -   Sector category: BOTTOM
2025-05-08 05:09:06,785 - INFO -   Sector is_positive: True
2025-05-08 05:09:06,785 - INFO - Processing ticker 21: MPHASIS.NS
2025-05-08 05:09:06,785 - INFO - Found sector IT for MPHASIS.NS
2025-05-08 05:09:06,785 - INFO - Evaluating MPHASIS.NS in sector IT - Rank 8 (BOTTOM)
2025-05-08 05:09:06,785 - INFO -   Performance: +0.14%
2025-05-08 05:09:06,786 - INFO - Not trading MPHASIS.NS - sector ranking doesn't match strategy
2025-05-08 05:09:06,786 - INFO -   Transaction type: BUY
2025-05-08 05:09:06,786 - INFO -   Sector category: BOTTOM
2025-05-08 05:09:06,786 - INFO -   Sector is_positive: True
2025-05-08 05:09:06,787 - INFO - Processing ticker 22: HATHWAY.NS
2025-05-08 05:09:06,787 - INFO - Skipping HATHWAY.NS - already have an open position
2025-05-08 05:09:06,788 - INFO - Processing ticker 23: SUNTV.NS
2025-05-08 05:09:06,789 - INFO - Skipping SUNTV.NS - already have an open position
2025-05-08 05:09:06,790 - INFO - Processing ticker 24: PETRONET.NS
2025-05-08 05:09:06,791 - INFO - Found sector Oil & Gas for PETRONET.NS
2025-05-08 05:09:06,792 - WARNING - No data for sector Oil & Gas
2025-05-08 05:09:06,792 - INFO - Processing ticker 25: AUROPHARMA.NS
2025-05-08 05:09:06,792 - INFO - Found sector Pharma for AUROPHARMA.NS
2025-05-08 05:09:06,792 - INFO - Evaluating AUROPHARMA.NS in sector Pharma - Rank 9 (BOTTOM)
2025-05-08 05:09:06,793 - INFO -   Performance: -0.33%
2025-05-08 05:09:06,793 - INFO - Not trading AUROPHARMA.NS - sector ranking doesn't match strategy
2025-05-08 05:09:06,793 - INFO -   Transaction type: BUY
2025-05-08 05:09:06,793 - INFO -   Sector category: BOTTOM
2025-05-08 05:09:06,794 - INFO -   Sector is_positive: False
2025-05-08 05:09:06,794 - INFO - Processing ticker 26: BANKBARODA.NS
2025-05-08 05:09:06,794 - WARNING - Could not find sector for BANKBARODA.NS in sector mapping
2025-05-08 05:09:06,794 - INFO - Processing ticker 27: BANKINDIA.NS
2025-05-08 05:09:06,795 - INFO - Found sector PSU Bank for BANKINDIA.NS
2025-05-08 05:09:06,795 - INFO - Evaluating BANKINDIA.NS in sector PSU Bank - Rank 7 (MIDDLE)
2025-05-08 05:09:06,795 - INFO -   Performance: +0.29%
2025-05-08 05:09:06,795 - INFO - Not trading BANKINDIA.NS - sector ranking doesn't match strategy
2025-05-08 05:09:06,795 - INFO -   Transaction type: BUY
2025-05-08 05:09:06,797 - INFO -   Sector category: MIDDLE
2025-05-08 05:09:06,797 - INFO -   Sector is_positive: True
2025-05-08 05:09:06,798 - INFO - Processing ticker 28: CANBK.NS
2025-05-08 05:09:06,798 - INFO - Found sector Bank for CANBK.NS
2025-05-08 05:09:06,798 - WARNING - No data for sector Bank
2025-05-08 05:09:06,798 - INFO - Processing ticker 29: PNB.NS
2025-05-08 05:09:06,799 - INFO - Found sector PSU Bank for PNB.NS
2025-05-08 05:09:06,799 - INFO - Evaluating PNB.NS in sector PSU Bank - Rank 7 (MIDDLE)
2025-05-08 05:09:06,799 - INFO -   Performance: +0.29%
2025-05-08 05:09:06,799 - INFO - Not trading PNB.NS - sector ranking doesn't match strategy
2025-05-08 05:09:06,799 - INFO -   Transaction type: BUY
2025-05-08 05:09:06,800 - INFO -   Sector category: MIDDLE
2025-05-08 05:09:06,800 - INFO -   Sector is_positive: True
2025-05-08 05:09:06,800 - INFO - Processing ticker 30: UNIONBANK.NS
2025-05-08 05:09:06,800 - INFO - Found sector PSU Bank for UNIONBANK.NS
2025-05-08 05:09:06,801 - INFO - Evaluating UNIONBANK.NS in sector PSU Bank - Rank 7 (MIDDLE)
2025-05-08 05:09:06,801 - INFO -   Performance: +0.29%
2025-05-08 05:09:06,801 - INFO - Not trading UNIONBANK.NS - sector ranking doesn't match strategy
2025-05-08 05:09:06,801 - INFO -   Transaction type: BUY
2025-05-08 05:09:06,801 - INFO -   Sector category: MIDDLE
2025-05-08 05:09:06,802 - INFO -   Sector is_positive: True
2025-05-08 05:09:06,802 - INFO - Processing ticker 31: BANDHANBNK.NS
2025-05-08 05:09:06,802 - INFO - Found sector PVT Bank for BANDHANBNK.NS
2025-05-08 05:09:06,803 - WARNING - No data for sector PVT Bank
2025-05-08 05:09:06,803 - INFO - Processing ticker 32: PRESTIGE.NS
2025-05-08 05:09:06,803 - INFO - Skipping PRESTIGE.NS - already have an open position
2025-05-08 05:09:06,803 - INFO - Processing ticker 33: HUDCO.NS
2025-05-08 05:09:06,804 - WARNING - Could not find sector for HUDCO.NS in sector mapping
2025-05-08 05:09:06,804 - INFO - Ticker processing summary:
2025-05-08 05:09:06,804 - INFO -   Total tickers considered: 33
2025-05-08 05:09:06,804 - INFO -   Tickers with sector data: 21
2025-05-08 05:09:06,805 - INFO -   Tickers matching sector ranking strategy: 0
2025-05-08 05:09:06,805 - INFO -   Tickers with security ID: 0
2025-05-08 05:09:06,807 - INFO -   Orders successfully placed: 0
2025-05-08 05:09:06,807 - INFO - New positions added: 0
2025-05-08 05:09:06,808 - INFO - Positions skipped: 33
2025-05-08 05:09:06,809 - INFO - Positions with errors: 0
2025-05-08 05:09:06,809 - INFO - 
==================================================
NEW OPPORTUNITIES PROCESSING COMPLETE
==================================================
2025-05-08 05:09:06,810 - INFO - Initial trades have been executed - no more new trades will be placed today
2025-05-08 05:09:06,810 - INFO - 
==================================================
SECTOR PROCESSING COMPLETE
==================================================
2025-05-08 05:09:06,813 - INFO - Saved 16 positions to dhan_positions.json
2025-05-08 05:09:06,814 - INFO - 
==================================================
POSITIONS SUMMARY
==================================================
2025-05-08 05:09:06,815 - INFO - Current positions summary:
2025-05-08 05:09:06,815 - INFO -   Open BUY positions: 11
2025-05-08 05:09:06,815 - INFO -   Open SELL positions: 5
2025-05-08 05:09:06,816 - INFO -   Closed positions: 0
2025-05-08 05:09:06,816 - INFO -   Total positions: 16
2025-05-08 05:09:06,816 - INFO - Open positions:
2025-05-08 05:09:06,816 - INFO -   BUY EXIDEIND.NS (Sector: Auto, Entry: 2025-05-05 05:08:27, Order ID: 412505057762, SL%: 1.0%, Target%: 1.0%)
2025-05-08 05:09:06,817 - INFO -   BUY HEROMOTOCO.NS (Sector: Auto, Entry: 2025-05-05 05:08:39, Order ID: 912505057802, SL%: 1.0%, Target%: 1.0%)
2025-05-08 05:09:06,817 - INFO -   BUY BAJAJFINSV.NS (Sector: Financial Services, Entry: 2025-05-05 05:08:51, Order ID: 912505057892, SL%: 1.0%, Target%: 1.0%)
2025-05-08 05:09:06,817 - INFO -   BUY PFC.NS (Sector: Financial Services, Entry: 2025-05-05 05:09:04, Order ID: 912505057962, SL%: 1.0%, Target%: 1.0%)
2025-05-08 05:09:06,818 - INFO -   BUY RECLTD.NS (Sector: Financial Services, Entry: 2025-05-05 05:09:16, Order ID: 912505058012, SL%: 1.0%, Target%: 1.0%)
2025-05-08 05:09:06,818 - INFO -   SELL GODREJPROP.NS (Sector: Realty, Entry: 2025-05-05 05:09:29, Order ID: 312505057842, SL%: 1.0%, Target%: 1.0%)
2025-05-08 05:09:06,818 - INFO -   BUY COLPAL.NS (Sector: FMCG, Entry: 2025-05-05 05:34:29, Order ID: 6125050517042, SL%: 1.0%, Target%: 1.0%)
2025-05-08 05:09:06,819 - INFO -   SELL SBILIFE.NS (Sector: Financial Services, Entry: 2025-05-05 05:34:42, Order ID: 9125050513002, SL%: 1.0%, Target%: 1.0%)
2025-05-08 05:09:06,819 - INFO -   BUY NESTLEIND.NS (Sector: FMCG, Entry: 2025-05-06 05:01:40, Order ID: 212505067072, SL%: 1.0%, Target%: 1.0%)
2025-05-08 05:09:06,819 - INFO -   BUY ONGC.NS (Sector: Energy, Entry: 2025-05-06 05:01:52, Order ID: 512505067422, SL%: 1.0%, Target%: 1.0%)
2025-05-08 05:09:06,819 - INFO -   SELL MARICO.NS (Sector: FMCG, Entry: 2025-05-08 05:01:51, Order ID: 512505087152, SL%: 1.0%, Target%: 1.0%)
2025-05-08 05:09:06,820 - INFO -   SELL LALPATHLAB.NS (Sector: Pharma, Entry: 2025-05-08 05:02:03, Order ID: 412505086142, SL%: 1.0%, Target%: 1.0%)
2025-05-08 05:09:06,820 - INFO -   SELL BIOCON.NS (Sector: Pharma, Entry: 2025-05-08 05:02:15, Order ID: 612505087882, SL%: 1.0%, Target%: 1.0%)
2025-05-08 05:09:06,820 - INFO -   BUY HATHWAY.NS (Sector: Media, Entry: 2025-05-08 05:02:28, Order ID: 512505087252, SL%: 1.0%, Target%: 1.0%)
2025-05-08 05:09:06,821 - INFO -   BUY SUNTV.NS (Sector: Media, Entry: 2025-05-08 05:02:40, Order ID: 912505086332, SL%: 1.0%, Target%: 1.0%)
2025-05-08 05:09:06,822 - INFO -   BUY PRESTIGE.NS (Sector: Realty, Entry: 2025-05-08 05:02:53, Order ID: 912505086372, SL%: 1.0%, Target%: 1.0%)
2025-05-08 05:09:06,823 - INFO - 
==================================================
POSITIONS SUMMARY COMPLETE
==================================================
2025-05-08 05:09:06,825 - INFO - Trading cycle 13 completed
2025-05-08 05:09:06,825 - INFO - Waiting 30 seconds until next check at 05:09:36...
2025-05-08 05:09:06,825 - INFO - 
==================================================
CYCLE 13 COMPLETE
==================================================
2025-05-08 05:09:36,827 - INFO - 
==================================================
TRADING CYCLE 14
==================================================
2025-05-08 05:09:36,828 - INFO - Trading cycle 14 started at 2025-05-08 05:09:36
2025-05-08 05:09:36,829 - INFO - New trading day - resetting flags for fresh sector data check
2025-05-08 05:09:36,829 - INFO - Found fresh sector.csv file modified today
2025-05-08 05:09:36,829 - INFO - 
==================================================
READING SECTOR PERFORMANCE DATA
==================================================
2025-05-08 05:09:36,830 - INFO - Reading sector performance data from sector.csv
2025-05-08 05:09:36,830 - INFO - File last modified: 2025-05-08 05:09:23
2025-05-08 05:09:36,832 - INFO - Adding sector rankings to data
2025-05-08 05:09:36,834 - INFO - Sector rankings:
2025-05-08 05:09:36,835 - INFO - Rank 1: Auto (+1.66%) - TOP
2025-05-08 05:09:36,836 - INFO - Rank 2: Realty (+1.12%) - TOP
2025-05-08 05:09:36,836 - INFO - Rank 3: Media (+1.06%) - TOP
2025-05-08 05:09:36,837 - INFO - Rank 4: Metal (+0.98%) - MIDDLE
2025-05-08 05:09:36,837 - INFO - Rank 5: Energy (+0.82%) - MIDDLE
2025-05-08 05:09:36,838 - INFO - Rank 6: Financial Services (+0.76%) - MIDDLE
2025-05-08 05:09:36,838 - INFO - Rank 7: PSU Bank (+0.29%) - MIDDLE
2025-05-08 05:09:36,838 - INFO - Rank 8: IT (+0.14%) - BOTTOM
2025-05-08 05:09:36,839 - INFO - Rank 9: Pharma (-0.33%) - BOTTOM
2025-05-08 05:09:36,839 - INFO - Rank 10: FMCG (-0.52%) - BOTTOM
2025-05-08 05:09:36,840 - INFO - Latest timestamp in data: 2025-05-08 05:09:23
2025-05-08 05:09:36,841 - INFO - Loaded data for 10 sectors
2025-05-08 05:09:36,841 - INFO - Sector performance details:
2025-05-08 05:09:36,842 - INFO -   Rank 1: Auto - POSITIVE (1.66%) - TOP
2025-05-08 05:09:36,842 - INFO -   Rank 2: Realty - POSITIVE (1.12%) - TOP
2025-05-08 05:09:36,843 - INFO -   Rank 3: Media - POSITIVE (1.06%) - TOP
2025-05-08 05:09:36,843 - INFO -   Rank 4: Metal - POSITIVE (0.98%) - MIDDLE
2025-05-08 05:09:36,844 - INFO -   Rank 5: Energy - POSITIVE (0.82%) - MIDDLE
2025-05-08 05:09:36,844 - INFO -   Rank 6: Financial Services - POSITIVE (0.76%) - MIDDLE
2025-05-08 05:09:36,845 - INFO -   Rank 7: PSU Bank - POSITIVE (0.29%) - MIDDLE
2025-05-08 05:09:36,845 - INFO -   Rank 8: IT - POSITIVE (0.14%) - BOTTOM
2025-05-08 05:09:36,845 - INFO -   Rank 9: Pharma - NEGATIVE (-0.33%) - BOTTOM
2025-05-08 05:09:36,846 - INFO -   Rank 10: FMCG - NEGATIVE (-0.52%) - BOTTOM
2025-05-08 05:09:36,846 - INFO - 
==================================================
SECTOR DATA READ COMPLETE
==================================================
2025-05-08 05:09:36,848 - INFO - 
==================================================
PROCESSING SECTOR DATA
==================================================
2025-05-08 05:09:36,849 - INFO - Processing existing positions for potential exits...
2025-05-08 05:09:36,849 - INFO - 
==================================================
PROCESSING EXISTING POSITIONS
==================================================
2025-05-08 05:09:36,850 - INFO - Processing 16 existing positions
2025-05-08 05:09:36,850 - INFO - Checking position: BUY EXIDEIND.NS (Sector: Auto)
2025-05-08 05:09:36,850 - INFO - SECURITY ID LOOKUP: Searching for EXIDEIND.NS
2025-05-08 05:09:36,851 - INFO - Trying exact match for 'EXIDEIND.NS'
2025-05-08 05:09:36,851 - INFO - FOUND EXACT MATCH: ID 676 for EXIDEIND.NS
2025-05-08 05:09:36,852 - INFO - Getting current market price for EXIDEIND.NS
2025-05-08 05:09:36,853 - INFO - Failed to get quote using symbol: 'dhanhq' object has no attribute 'get_quote'
2025-05-08 05:09:36,854 - INFO - Failed to get LTP using security_id: 'dhanhq' object has no attribute 'get_ltp'
2025-05-08 05:09:36,854 - INFO - Failed to get price from candles: 'dhanhq' object has no attribute 'intraday_daily_minute_charts'
2025-05-08 05:09:36,855 - ERROR - Could not get current market price for EXIDEIND.NS
2025-05-08 05:09:36,855 - WARNING - Could not get current market price for EXIDEIND.NS
2025-05-08 05:09:36,855 - INFO - Checking position: BUY HEROMOTOCO.NS (Sector: Auto)
2025-05-08 05:09:36,857 - INFO - SECURITY ID LOOKUP: Searching for HEROMOTOCO.NS
2025-05-08 05:09:36,857 - INFO - Trying exact match for 'HEROMOTOCO.NS'
2025-05-08 05:09:36,858 - INFO - FOUND EXACT MATCH: ID 1348 for HEROMOTOCO.NS
2025-05-08 05:09:36,858 - INFO - Getting current market price for HEROMOTOCO.NS
2025-05-08 05:09:36,859 - INFO - Failed to get quote using symbol: 'dhanhq' object has no attribute 'get_quote'
2025-05-08 05:09:36,860 - INFO - Failed to get LTP using security_id: 'dhanhq' object has no attribute 'get_ltp'
2025-05-08 05:09:36,862 - INFO - Failed to get price from candles: 'dhanhq' object has no attribute 'intraday_daily_minute_charts'
2025-05-08 05:09:36,862 - ERROR - Could not get current market price for HEROMOTOCO.NS
2025-05-08 05:09:36,863 - WARNING - Could not get current market price for HEROMOTOCO.NS
2025-05-08 05:09:36,863 - INFO - Checking position: BUY BAJAJFINSV.NS (Sector: Financial Services)
2025-05-08 05:09:36,864 - INFO - SECURITY ID LOOKUP: Searching for BAJAJFINSV.NS
2025-05-08 05:09:36,864 - INFO - Trying exact match for 'BAJAJFINSV.NS'
2025-05-08 05:09:36,864 - INFO - FOUND EXACT MATCH: ID 16675 for BAJAJFINSV.NS
2025-05-08 05:09:36,864 - INFO - Getting current market price for BAJAJFINSV.NS
2025-05-08 05:09:36,865 - INFO - Failed to get quote using symbol: 'dhanhq' object has no attribute 'get_quote'
2025-05-08 05:09:36,865 - INFO - Failed to get LTP using security_id: 'dhanhq' object has no attribute 'get_ltp'
2025-05-08 05:09:36,865 - INFO - Failed to get price from candles: 'dhanhq' object has no attribute 'intraday_daily_minute_charts'
2025-05-08 05:09:36,865 - ERROR - Could not get current market price for BAJAJFINSV.NS
2025-05-08 05:09:36,866 - WARNING - Could not get current market price for BAJAJFINSV.NS
2025-05-08 05:09:36,866 - INFO - Checking position: BUY PFC.NS (Sector: Financial Services)
2025-05-08 05:09:36,866 - INFO - SECURITY ID LOOKUP: Searching for PFC.NS
2025-05-08 05:09:36,866 - INFO - Trying exact match for 'PFC.NS'
2025-05-08 05:09:36,867 - INFO - FOUND EXACT MATCH: ID 14299 for PFC.NS
2025-05-08 05:09:36,867 - INFO - Getting current market price for PFC.NS
2025-05-08 05:09:36,867 - INFO - Failed to get quote using symbol: 'dhanhq' object has no attribute 'get_quote'
2025-05-08 05:09:36,868 - INFO - Failed to get LTP using security_id: 'dhanhq' object has no attribute 'get_ltp'
2025-05-08 05:09:36,868 - INFO - Failed to get price from candles: 'dhanhq' object has no attribute 'intraday_daily_minute_charts'
2025-05-08 05:09:36,869 - ERROR - Could not get current market price for PFC.NS
2025-05-08 05:09:36,870 - WARNING - Could not get current market price for PFC.NS
2025-05-08 05:09:36,873 - INFO - Checking position: BUY RECLTD.NS (Sector: Financial Services)
2025-05-08 05:09:36,874 - INFO - SECURITY ID LOOKUP: Searching for RECLTD.NS
2025-05-08 05:09:36,874 - INFO - Trying exact match for 'RECLTD.NS'
2025-05-08 05:09:36,875 - INFO - FOUND EXACT MATCH: ID 15355 for RECLTD.NS
2025-05-08 05:09:36,876 - INFO - Getting current market price for RECLTD.NS
2025-05-08 05:09:36,876 - INFO - Failed to get quote using symbol: 'dhanhq' object has no attribute 'get_quote'
2025-05-08 05:09:36,876 - INFO - Failed to get LTP using security_id: 'dhanhq' object has no attribute 'get_ltp'
2025-05-08 05:09:36,876 - INFO - Failed to get price from candles: 'dhanhq' object has no attribute 'intraday_daily_minute_charts'
2025-05-08 05:09:36,877 - ERROR - Could not get current market price for RECLTD.NS
2025-05-08 05:09:36,877 - WARNING - Could not get current market price for RECLTD.NS
2025-05-08 05:09:36,877 - INFO - Checking position: SELL GODREJPROP.NS (Sector: Realty)
2025-05-08 05:09:36,878 - INFO - SECURITY ID LOOKUP: Searching for GODREJPROP.NS
2025-05-08 05:09:36,878 - INFO - Trying exact match for 'GODREJPROP.NS'
2025-05-08 05:09:36,878 - INFO - FOUND EXACT MATCH: ID 17875 for GODREJPROP.NS
2025-05-08 05:09:36,879 - INFO - Getting current market price for GODREJPROP.NS
2025-05-08 05:09:36,879 - INFO - Failed to get quote using symbol: 'dhanhq' object has no attribute 'get_quote'
2025-05-08 05:09:36,880 - INFO - Failed to get LTP using security_id: 'dhanhq' object has no attribute 'get_ltp'
2025-05-08 05:09:36,880 - INFO - Failed to get price from candles: 'dhanhq' object has no attribute 'intraday_daily_minute_charts'
2025-05-08 05:09:36,880 - ERROR - Could not get current market price for GODREJPROP.NS
2025-05-08 05:09:36,881 - WARNING - Could not get current market price for GODREJPROP.NS
2025-05-08 05:09:36,881 - INFO - Checking position: BUY COLPAL.NS (Sector: FMCG)
2025-05-08 05:09:36,881 - INFO - SECURITY ID LOOKUP: Searching for COLPAL.NS
2025-05-08 05:09:36,882 - INFO - Trying exact match for 'COLPAL.NS'
2025-05-08 05:09:36,882 - INFO - FOUND EXACT MATCH: ID 15141 for COLPAL.NS
2025-05-08 05:09:36,882 - INFO - Getting current market price for COLPAL.NS
2025-05-08 05:09:36,882 - INFO - Failed to get quote using symbol: 'dhanhq' object has no attribute 'get_quote'
2025-05-08 05:09:36,883 - INFO - Failed to get LTP using security_id: 'dhanhq' object has no attribute 'get_ltp'
2025-05-08 05:09:36,883 - INFO - Failed to get price from candles: 'dhanhq' object has no attribute 'intraday_daily_minute_charts'
2025-05-08 05:09:36,883 - ERROR - Could not get current market price for COLPAL.NS
2025-05-08 05:09:36,884 - WARNING - Could not get current market price for COLPAL.NS
2025-05-08 05:09:36,884 - INFO - Checking position: SELL SBILIFE.NS (Sector: Financial Services)
2025-05-08 05:09:36,884 - INFO - SECURITY ID LOOKUP: Searching for SBILIFE.NS
2025-05-08 05:09:36,884 - INFO - Trying exact match for 'SBILIFE.NS'
2025-05-08 05:09:36,887 - INFO - FOUND EXACT MATCH: ID 21808 for SBILIFE.NS
2025-05-08 05:09:36,888 - INFO - Getting current market price for SBILIFE.NS
2025-05-08 05:09:36,888 - INFO - Failed to get quote using symbol: 'dhanhq' object has no attribute 'get_quote'
2025-05-08 05:09:36,889 - INFO - Failed to get LTP using security_id: 'dhanhq' object has no attribute 'get_ltp'
2025-05-08 05:09:36,890 - INFO - Failed to get price from candles: 'dhanhq' object has no attribute 'intraday_daily_minute_charts'
2025-05-08 05:09:36,891 - ERROR - Could not get current market price for SBILIFE.NS
2025-05-08 05:09:36,891 - WARNING - Could not get current market price for SBILIFE.NS
2025-05-08 05:09:36,891 - INFO - Checking position: BUY NESTLEIND.NS (Sector: FMCG)
2025-05-08 05:09:36,892 - INFO - SECURITY ID LOOKUP: Searching for NESTLEIND.NS
2025-05-08 05:09:36,892 - INFO - Trying exact match for 'NESTLEIND.NS'
2025-05-08 05:09:36,892 - INFO - FOUND EXACT MATCH: ID 17963 for NESTLEIND.NS
2025-05-08 05:09:36,892 - INFO - Getting current market price for NESTLEIND.NS
2025-05-08 05:09:36,893 - INFO - Failed to get quote using symbol: 'dhanhq' object has no attribute 'get_quote'
2025-05-08 05:09:36,893 - INFO - Failed to get LTP using security_id: 'dhanhq' object has no attribute 'get_ltp'
2025-05-08 05:09:36,893 - INFO - Failed to get price from candles: 'dhanhq' object has no attribute 'intraday_daily_minute_charts'
2025-05-08 05:09:36,894 - ERROR - Could not get current market price for NESTLEIND.NS
2025-05-08 05:09:36,894 - WARNING - Could not get current market price for NESTLEIND.NS
2025-05-08 05:09:36,894 - INFO - Checking position: BUY ONGC.NS (Sector: Energy)
2025-05-08 05:09:36,895 - INFO - SECURITY ID LOOKUP: Searching for ONGC.NS
2025-05-08 05:09:36,895 - INFO - Trying exact match for 'ONGC.NS'
2025-05-08 05:09:36,896 - INFO - FOUND EXACT MATCH: ID 2475 for ONGC.NS
2025-05-08 05:09:36,896 - INFO - Getting current market price for ONGC.NS
2025-05-08 05:09:36,897 - INFO - Failed to get quote using symbol: 'dhanhq' object has no attribute 'get_quote'
2025-05-08 05:09:36,897 - INFO - Failed to get LTP using security_id: 'dhanhq' object has no attribute 'get_ltp'
2025-05-08 05:09:36,897 - INFO - Failed to get price from candles: 'dhanhq' object has no attribute 'intraday_daily_minute_charts'
2025-05-08 05:09:36,897 - ERROR - Could not get current market price for ONGC.NS
2025-05-08 05:09:36,898 - WARNING - Could not get current market price for ONGC.NS
2025-05-08 05:09:36,898 - INFO - Checking position: SELL MARICO.NS (Sector: FMCG)
2025-05-08 05:09:36,898 - INFO - SECURITY ID LOOKUP: Searching for MARICO.NS
2025-05-08 05:09:36,898 - INFO - Trying exact match for 'MARICO.NS'
2025-05-08 05:09:36,899 - INFO - FOUND EXACT MATCH: ID 4067 for MARICO.NS
2025-05-08 05:09:36,899 - INFO - Getting current market price for MARICO.NS
2025-05-08 05:09:36,899 - INFO - Failed to get quote using symbol: 'dhanhq' object has no attribute 'get_quote'
2025-05-08 05:09:36,899 - INFO - Failed to get LTP using security_id: 'dhanhq' object has no attribute 'get_ltp'
2025-05-08 05:09:36,900 - INFO - Failed to get price from candles: 'dhanhq' object has no attribute 'intraday_daily_minute_charts'
2025-05-08 05:09:36,900 - ERROR - Could not get current market price for MARICO.NS
2025-05-08 05:09:36,900 - WARNING - Could not get current market price for MARICO.NS
2025-05-08 05:09:36,901 - INFO - Checking position: SELL LALPATHLAB.NS (Sector: Pharma)
2025-05-08 05:09:36,901 - INFO - SECURITY ID LOOKUP: Searching for LALPATHLAB.NS
2025-05-08 05:09:36,902 - INFO - Trying exact match for 'LALPATHLAB.NS'
2025-05-08 05:09:36,902 - INFO - FOUND EXACT MATCH: ID 11654 for LALPATHLAB.NS
2025-05-08 05:09:36,903 - INFO - Getting current market price for LALPATHLAB.NS
2025-05-08 05:09:36,905 - INFO - Failed to get quote using symbol: 'dhanhq' object has no attribute 'get_quote'
2025-05-08 05:09:36,907 - INFO - Failed to get LTP using security_id: 'dhanhq' object has no attribute 'get_ltp'
2025-05-08 05:09:36,907 - INFO - Failed to get price from candles: 'dhanhq' object has no attribute 'intraday_daily_minute_charts'
2025-05-08 05:09:36,908 - ERROR - Could not get current market price for LALPATHLAB.NS
2025-05-08 05:09:36,908 - WARNING - Could not get current market price for LALPATHLAB.NS
2025-05-08 05:09:36,909 - INFO - Checking position: SELL BIOCON.NS (Sector: Pharma)
2025-05-08 05:09:36,909 - INFO - SECURITY ID LOOKUP: Searching for BIOCON.NS
2025-05-08 05:09:36,910 - INFO - Trying exact match for 'BIOCON.NS'
2025-05-08 05:09:36,910 - INFO - FOUND EXACT MATCH: ID 11373 for BIOCON.NS
2025-05-08 05:09:36,911 - INFO - Getting current market price for BIOCON.NS
2025-05-08 05:09:36,911 - INFO - Failed to get quote using symbol: 'dhanhq' object has no attribute 'get_quote'
2025-05-08 05:09:36,911 - INFO - Failed to get LTP using security_id: 'dhanhq' object has no attribute 'get_ltp'
2025-05-08 05:09:36,912 - INFO - Failed to get price from candles: 'dhanhq' object has no attribute 'intraday_daily_minute_charts'
2025-05-08 05:09:36,913 - ERROR - Could not get current market price for BIOCON.NS
2025-05-08 05:09:36,913 - WARNING - Could not get current market price for BIOCON.NS
2025-05-08 05:09:36,913 - INFO - Checking position: BUY HATHWAY.NS (Sector: Media)
2025-05-08 05:09:36,914 - INFO - SECURITY ID LOOKUP: Searching for HATHWAY.NS
2025-05-08 05:09:36,914 - INFO - Trying exact match for 'HATHWAY.NS'
2025-05-08 05:09:36,914 - INFO - FOUND EXACT MATCH: ID 18154 for HATHWAY.NS
2025-05-08 05:09:36,915 - INFO - Getting current market price for HATHWAY.NS
2025-05-08 05:09:36,915 - INFO - Failed to get quote using symbol: 'dhanhq' object has no attribute 'get_quote'
2025-05-08 05:09:36,915 - INFO - Failed to get LTP using security_id: 'dhanhq' object has no attribute 'get_ltp'
2025-05-08 05:09:36,915 - INFO - Failed to get price from candles: 'dhanhq' object has no attribute 'intraday_daily_minute_charts'
2025-05-08 05:09:36,916 - ERROR - Could not get current market price for HATHWAY.NS
2025-05-08 05:09:36,916 - WARNING - Could not get current market price for HATHWAY.NS
2025-05-08 05:09:36,916 - INFO - Checking position: BUY SUNTV.NS (Sector: Media)
2025-05-08 05:09:36,917 - INFO - SECURITY ID LOOKUP: Searching for SUNTV.NS
2025-05-08 05:09:36,917 - INFO - Trying exact match for 'SUNTV.NS'
2025-05-08 05:09:36,917 - INFO - FOUND EXACT MATCH: ID 13404 for SUNTV.NS
2025-05-08 05:09:36,918 - INFO - Getting current market price for SUNTV.NS
2025-05-08 05:09:36,918 - INFO - Failed to get quote using symbol: 'dhanhq' object has no attribute 'get_quote'
2025-05-08 05:09:36,919 - INFO - Failed to get LTP using security_id: 'dhanhq' object has no attribute 'get_ltp'
2025-05-08 05:09:36,920 - INFO - Failed to get price from candles: 'dhanhq' object has no attribute 'intraday_daily_minute_charts'
2025-05-08 05:09:36,922 - ERROR - Could not get current market price for SUNTV.NS
2025-05-08 05:09:36,923 - WARNING - Could not get current market price for SUNTV.NS
2025-05-08 05:09:36,923 - INFO - Checking position: BUY PRESTIGE.NS (Sector: Realty)
2025-05-08 05:09:36,924 - INFO - SECURITY ID LOOKUP: Searching for PRESTIGE.NS
2025-05-08 05:09:36,924 - INFO - Trying exact match for 'PRESTIGE.NS'
2025-05-08 05:09:36,924 - INFO - FOUND EXACT MATCH: ID 20302 for PRESTIGE.NS
2025-05-08 05:09:36,924 - INFO - Getting current market price for PRESTIGE.NS
2025-05-08 05:09:36,925 - INFO - Failed to get quote using symbol: 'dhanhq' object has no attribute 'get_quote'
2025-05-08 05:09:36,925 - INFO - Failed to get LTP using security_id: 'dhanhq' object has no attribute 'get_ltp'
2025-05-08 05:09:36,925 - INFO - Failed to get price from candles: 'dhanhq' object has no attribute 'intraday_daily_minute_charts'
2025-05-08 05:09:36,925 - ERROR - Could not get current market price for PRESTIGE.NS
2025-05-08 05:09:36,926 - WARNING - Could not get current market price for PRESTIGE.NS
2025-05-08 05:09:36,926 - INFO - No positions needed to be exited
2025-05-08 05:09:36,926 - INFO - 
==================================================
POSITION PROCESSING COMPLETE
==================================================
2025-05-08 05:09:36,927 - INFO - First run of the day - looking for sector-based trading opportunities...
2025-05-08 05:09:36,927 - INFO - 
==================================================
FINDING NEW TRADING OPPORTUNITIES
==================================================
2025-05-08 05:09:36,928 - INFO - Found 33 active tickers out of 33 total
2025-05-08 05:09:36,930 - INFO - Processed sector data for 10 sectors
2025-05-08 05:09:36,930 - INFO - Processing tickers in order: ['BALKRISIND.NS', 'M&M.NS', 'MARUTI.NS', 'MOTHERSON.NS', 'MRF.NS', 'MARICO.NS', 'CHOLAFIN.NS', 'MUTHOOTFIN.NS', 'PEL.NS', 'LALPATHLAB.NS', 'NAZARA.NS', 'TATASTEEL.NS', 'MGL.NS', 'BIOCON.NS', 'VBL.NS', 'ADANIENSOL.NS', 'ADANIGREEN.NS', 'TATAPOWER.NS', 'RECLTD.NS', 'LTTS.NS', 'MPHASIS.NS', 'HATHWAY.NS', 'SUNTV.NS', 'PETRONET.NS', 'AUROPHARMA.NS', 'BANKBARODA.NS', 'BANKINDIA.NS', 'CANBK.NS', 'PNB.NS', 'UNIONBANK.NS', 'BANDHANBNK.NS', 'PRESTIGE.NS', 'HUDCO.NS']
2025-05-08 05:09:36,930 - INFO - Already have open positions for: ['EXIDEIND.NS', 'HEROMOTOCO.NS', 'BAJAJFINSV.NS', 'PFC.NS', 'RECLTD.NS', 'GODREJPROP.NS', 'COLPAL.NS', 'SBILIFE.NS', 'NESTLEIND.NS', 'ONGC.NS', 'MARICO.NS', 'LALPATHLAB.NS', 'BIOCON.NS', 'HATHWAY.NS', 'SUNTV.NS', 'PRESTIGE.NS']
2025-05-08 05:09:36,931 - INFO - Current sector rankings:
2025-05-08 05:09:36,931 - INFO -   Rank 1: Auto - POSITIVE (1.66%) - TOP
2025-05-08 05:09:36,931 - INFO -   Rank 2: Realty - POSITIVE (1.12%) - TOP
2025-05-08 05:09:36,931 - INFO -   Rank 3: Media - POSITIVE (1.06%) - TOP
2025-05-08 05:09:36,931 - INFO -   Rank 4: Metal - POSITIVE (0.98%) - MIDDLE
2025-05-08 05:09:36,932 - INFO -   Rank 5: Energy - POSITIVE (0.82%) - MIDDLE
2025-05-08 05:09:36,932 - INFO -   Rank 6: Financial Services - POSITIVE (0.76%) - MIDDLE
2025-05-08 05:09:36,932 - INFO -   Rank 7: PSU Bank - POSITIVE (0.29%) - MIDDLE
2025-05-08 05:09:36,933 - INFO -   Rank 8: IT - POSITIVE (0.14%) - BOTTOM
2025-05-08 05:09:36,933 - INFO -   Rank 9: Pharma - NEGATIVE (-0.33%) - BOTTOM
2025-05-08 05:09:36,933 - INFO -   Rank 10: FMCG - NEGATIVE (-0.52%) - BOTTOM
2025-05-08 05:09:36,933 - INFO - Processing ticker 1: BALKRISIND.NS
2025-05-08 05:09:36,934 - INFO - Found sector Auto for BALKRISIND.NS
2025-05-08 05:09:36,934 - INFO - Evaluating BALKRISIND.NS in sector Auto - Rank 1 (TOP)
2025-05-08 05:09:36,934 - INFO -   Performance: +1.66%
2025-05-08 05:09:36,934 - INFO - Not trading BALKRISIND.NS - sector ranking doesn't match strategy
2025-05-08 05:09:36,936 - INFO -   Transaction type: SELL
2025-05-08 05:09:36,937 - INFO -   Sector category: TOP
2025-05-08 05:09:36,939 - INFO -   Sector is_positive: True
2025-05-08 05:09:36,939 - INFO - Processing ticker 2: M&M.NS
2025-05-08 05:09:36,940 - INFO - Found sector Auto for M&M.NS
2025-05-08 05:09:36,940 - INFO - Evaluating M&M.NS in sector Auto - Rank 1 (TOP)
2025-05-08 05:09:36,940 - INFO -   Performance: +1.66%
2025-05-08 05:09:36,941 - INFO - Not trading M&M.NS - sector ranking doesn't match strategy
2025-05-08 05:09:36,941 - INFO -   Transaction type: SELL
2025-05-08 05:09:36,941 - INFO -   Sector category: TOP
2025-05-08 05:09:36,941 - INFO -   Sector is_positive: True
2025-05-08 05:09:36,942 - INFO - Processing ticker 3: MARUTI.NS
2025-05-08 05:09:36,942 - INFO - Found sector Auto for MARUTI.NS
2025-05-08 05:09:36,942 - INFO - Evaluating MARUTI.NS in sector Auto - Rank 1 (TOP)
2025-05-08 05:09:36,942 - INFO -   Performance: +1.66%
2025-05-08 05:09:36,943 - INFO - Not trading MARUTI.NS - sector ranking doesn't match strategy
2025-05-08 05:09:36,943 - INFO -   Transaction type: SELL
2025-05-08 05:09:36,943 - INFO -   Sector category: TOP
2025-05-08 05:09:36,944 - INFO -   Sector is_positive: True
2025-05-08 05:09:36,944 - INFO - Processing ticker 4: MOTHERSON.NS
2025-05-08 05:09:36,945 - INFO - Found sector Auto for MOTHERSON.NS
2025-05-08 05:09:36,945 - INFO - Evaluating MOTHERSON.NS in sector Auto - Rank 1 (TOP)
2025-05-08 05:09:36,945 - INFO -   Performance: +1.66%
2025-05-08 05:09:36,945 - INFO - Not trading MOTHERSON.NS - sector ranking doesn't match strategy
2025-05-08 05:09:36,946 - INFO -   Transaction type: SELL
2025-05-08 05:09:36,946 - INFO -   Sector category: TOP
2025-05-08 05:09:36,946 - INFO -   Sector is_positive: True
2025-05-08 05:09:36,946 - INFO - Processing ticker 5: MRF.NS
2025-05-08 05:09:36,947 - INFO - Found sector Auto for MRF.NS
2025-05-08 05:09:36,947 - INFO - Evaluating MRF.NS in sector Auto - Rank 1 (TOP)
2025-05-08 05:09:36,947 - INFO -   Performance: +1.66%
2025-05-08 05:09:36,947 - INFO - Not trading MRF.NS - sector ranking doesn't match strategy
2025-05-08 05:09:36,947 - INFO -   Transaction type: SELL
2025-05-08 05:09:36,948 - INFO -   Sector category: TOP
2025-05-08 05:09:36,948 - INFO -   Sector is_positive: True
2025-05-08 05:09:36,948 - INFO - Processing ticker 6: MARICO.NS
2025-05-08 05:09:36,949 - INFO - Skipping MARICO.NS - already have an open position
2025-05-08 05:09:36,949 - INFO - Processing ticker 7: CHOLAFIN.NS
2025-05-08 05:09:36,949 - INFO - Found sector Financial Services for CHOLAFIN.NS
2025-05-08 05:09:36,949 - INFO - Evaluating CHOLAFIN.NS in sector Financial Services - Rank 6 (MIDDLE)
2025-05-08 05:09:36,950 - INFO -   Performance: +0.76%
2025-05-08 05:09:36,950 - INFO - Not trading CHOLAFIN.NS - sector ranking doesn't match strategy
2025-05-08 05:09:36,950 - INFO -   Transaction type: SELL
2025-05-08 05:09:36,950 - INFO -   Sector category: MIDDLE
2025-05-08 05:09:36,950 - INFO -   Sector is_positive: True
2025-05-08 05:09:36,951 - INFO - Processing ticker 8: MUTHOOTFIN.NS
2025-05-08 05:09:36,951 - INFO - Found sector Financial Services for MUTHOOTFIN.NS
2025-05-08 05:09:36,951 - INFO - Evaluating MUTHOOTFIN.NS in sector Financial Services - Rank 6 (MIDDLE)
2025-05-08 05:09:36,952 - INFO -   Performance: +0.76%
2025-05-08 05:09:36,953 - INFO - Not trading MUTHOOTFIN.NS - sector ranking doesn't match strategy
2025-05-08 05:09:36,955 - INFO -   Transaction type: SELL
2025-05-08 05:09:36,956 - INFO -   Sector category: MIDDLE
2025-05-08 05:09:36,956 - INFO -   Sector is_positive: True
2025-05-08 05:09:36,956 - INFO - Processing ticker 9: PEL.NS
2025-05-08 05:09:36,957 - INFO - Found sector Financial Services for PEL.NS
2025-05-08 05:09:36,957 - INFO - Evaluating PEL.NS in sector Financial Services - Rank 6 (MIDDLE)
2025-05-08 05:09:36,957 - INFO -   Performance: +0.76%
2025-05-08 05:09:36,957 - INFO - Not trading PEL.NS - sector ranking doesn't match strategy
2025-05-08 05:09:36,958 - INFO -   Transaction type: SELL
2025-05-08 05:09:36,958 - INFO -   Sector category: MIDDLE
2025-05-08 05:09:36,958 - INFO -   Sector is_positive: True
2025-05-08 05:09:36,958 - INFO - Processing ticker 10: LALPATHLAB.NS
2025-05-08 05:09:36,959 - INFO - Skipping LALPATHLAB.NS - already have an open position
2025-05-08 05:09:36,959 - INFO - Processing ticker 11: NAZARA.NS
2025-05-08 05:09:36,959 - INFO - Found sector Media for NAZARA.NS
2025-05-08 05:09:36,960 - INFO - Evaluating NAZARA.NS in sector Media - Rank 3 (TOP)
2025-05-08 05:09:36,960 - INFO -   Performance: +1.06%
2025-05-08 05:09:36,960 - INFO - Not trading NAZARA.NS - sector ranking doesn't match strategy
2025-05-08 05:09:36,960 - INFO -   Transaction type: SELL
2025-05-08 05:09:36,961 - INFO -   Sector category: TOP
2025-05-08 05:09:36,961 - INFO -   Sector is_positive: True
2025-05-08 05:09:36,961 - INFO - Processing ticker 12: TATASTEEL.NS
2025-05-08 05:09:36,962 - INFO - Found sector Metal for TATASTEEL.NS
2025-05-08 05:09:36,962 - INFO - Evaluating TATASTEEL.NS in sector Metal - Rank 4 (MIDDLE)
2025-05-08 05:09:36,963 - INFO -   Performance: +0.98%
2025-05-08 05:09:36,963 - INFO - Not trading TATASTEEL.NS - sector ranking doesn't match strategy
2025-05-08 05:09:36,963 - INFO -   Transaction type: SELL
2025-05-08 05:09:36,964 - INFO -   Sector category: MIDDLE
2025-05-08 05:09:36,964 - INFO -   Sector is_positive: True
2025-05-08 05:09:36,964 - INFO - Processing ticker 13: MGL.NS
2025-05-08 05:09:36,965 - WARNING - Could not find sector for MGL.NS in sector mapping
2025-05-08 05:09:36,965 - INFO - Processing ticker 14: BIOCON.NS
2025-05-08 05:09:36,965 - INFO - Skipping BIOCON.NS - already have an open position
2025-05-08 05:09:36,965 - INFO - Processing ticker 15: VBL.NS
2025-05-08 05:09:36,966 - WARNING - Could not find sector for VBL.NS in sector mapping
2025-05-08 05:09:36,966 - INFO - Processing ticker 16: ADANIENSOL.NS
2025-05-08 05:09:36,966 - WARNING - Could not find sector for ADANIENSOL.NS in sector mapping
2025-05-08 05:09:36,966 - INFO - Processing ticker 17: ADANIGREEN.NS
2025-05-08 05:09:36,967 - INFO - Found sector Energy for ADANIGREEN.NS
2025-05-08 05:09:36,967 - INFO - Evaluating ADANIGREEN.NS in sector Energy - Rank 5 (MIDDLE)
2025-05-08 05:09:36,967 - INFO -   Performance: +0.82%
2025-05-08 05:09:36,967 - INFO - Not trading ADANIGREEN.NS - sector ranking doesn't match strategy
2025-05-08 05:09:36,967 - INFO -   Transaction type: BUY
2025-05-08 05:09:36,968 - INFO -   Sector category: MIDDLE
2025-05-08 05:09:36,968 - INFO -   Sector is_positive: True
2025-05-08 05:09:36,972 - INFO - Processing ticker 18: TATAPOWER.NS
2025-05-08 05:09:36,973 - INFO - Found sector Energy for TATAPOWER.NS
2025-05-08 05:09:36,973 - INFO - Evaluating TATAPOWER.NS in sector Energy - Rank 5 (MIDDLE)
2025-05-08 05:09:36,973 - INFO -   Performance: +0.82%
2025-05-08 05:09:36,973 - INFO - Not trading TATAPOWER.NS - sector ranking doesn't match strategy
2025-05-08 05:09:36,974 - INFO -   Transaction type: BUY
2025-05-08 05:09:36,974 - INFO -   Sector category: MIDDLE
2025-05-08 05:09:36,974 - INFO -   Sector is_positive: True
2025-05-08 05:09:36,974 - INFO - Processing ticker 19: RECLTD.NS
2025-05-08 05:09:36,974 - INFO - Skipping RECLTD.NS - already have an open position
2025-05-08 05:09:36,975 - INFO - Processing ticker 20: LTTS.NS
2025-05-08 05:09:36,975 - INFO - Found sector IT for LTTS.NS
2025-05-08 05:09:36,975 - INFO - Evaluating LTTS.NS in sector IT - Rank 8 (BOTTOM)
2025-05-08 05:09:36,975 - INFO -   Performance: +0.14%
2025-05-08 05:09:36,976 - INFO - Not trading LTTS.NS - sector ranking doesn't match strategy
2025-05-08 05:09:36,976 - INFO -   Transaction type: BUY
2025-05-08 05:09:36,976 - INFO -   Sector category: BOTTOM
2025-05-08 05:09:36,976 - INFO -   Sector is_positive: True
2025-05-08 05:09:36,976 - INFO - Processing ticker 21: MPHASIS.NS
2025-05-08 05:09:36,977 - INFO - Found sector IT for MPHASIS.NS
2025-05-08 05:09:36,977 - INFO - Evaluating MPHASIS.NS in sector IT - Rank 8 (BOTTOM)
2025-05-08 05:09:36,977 - INFO -   Performance: +0.14%
2025-05-08 05:09:36,977 - INFO - Not trading MPHASIS.NS - sector ranking doesn't match strategy
2025-05-08 05:09:36,978 - INFO -   Transaction type: BUY
2025-05-08 05:09:36,978 - INFO -   Sector category: BOTTOM
2025-05-08 05:09:36,978 - INFO -   Sector is_positive: True
2025-05-08 05:09:36,978 - INFO - Processing ticker 22: HATHWAY.NS
2025-05-08 05:09:36,979 - INFO - Skipping HATHWAY.NS - already have an open position
2025-05-08 05:09:36,979 - INFO - Processing ticker 23: SUNTV.NS
2025-05-08 05:09:36,979 - INFO - Skipping SUNTV.NS - already have an open position
2025-05-08 05:09:36,979 - INFO - Processing ticker 24: PETRONET.NS
2025-05-08 05:09:36,979 - INFO - Found sector Oil & Gas for PETRONET.NS
2025-05-08 05:09:36,980 - WARNING - No data for sector Oil & Gas
2025-05-08 05:09:36,980 - INFO - Processing ticker 25: AUROPHARMA.NS
2025-05-08 05:09:36,980 - INFO - Found sector Pharma for AUROPHARMA.NS
2025-05-08 05:09:36,980 - INFO - Evaluating AUROPHARMA.NS in sector Pharma - Rank 9 (BOTTOM)
2025-05-08 05:09:36,980 - INFO -   Performance: -0.33%
2025-05-08 05:09:36,981 - INFO - Not trading AUROPHARMA.NS - sector ranking doesn't match strategy
2025-05-08 05:09:36,981 - INFO -   Transaction type: BUY
2025-05-08 05:09:36,981 - INFO -   Sector category: BOTTOM
2025-05-08 05:09:36,981 - INFO -   Sector is_positive: False
2025-05-08 05:09:36,981 - INFO - Processing ticker 26: BANKBARODA.NS
2025-05-08 05:09:36,982 - WARNING - Could not find sector for BANKBARODA.NS in sector mapping
2025-05-08 05:09:36,982 - INFO - Processing ticker 27: BANKINDIA.NS
2025-05-08 05:09:36,982 - INFO - Found sector PSU Bank for BANKINDIA.NS
2025-05-08 05:09:36,983 - INFO - Evaluating BANKINDIA.NS in sector PSU Bank - Rank 7 (MIDDLE)
2025-05-08 05:09:36,983 - INFO -   Performance: +0.29%
2025-05-08 05:09:36,983 - INFO - Not trading BANKINDIA.NS - sector ranking doesn't match strategy
2025-05-08 05:09:36,983 - INFO -   Transaction type: BUY
2025-05-08 05:09:36,984 - INFO -   Sector category: MIDDLE
2025-05-08 05:09:36,984 - INFO -   Sector is_positive: True
2025-05-08 05:09:36,984 - INFO - Processing ticker 28: CANBK.NS
2025-05-08 05:09:36,984 - INFO - Found sector Bank for CANBK.NS
2025-05-08 05:09:36,984 - WARNING - No data for sector Bank
2025-05-08 05:09:36,987 - INFO - Processing ticker 29: PNB.NS
2025-05-08 05:09:36,988 - INFO - Found sector PSU Bank for PNB.NS
2025-05-08 05:09:36,989 - INFO - Evaluating PNB.NS in sector PSU Bank - Rank 7 (MIDDLE)
2025-05-08 05:09:36,990 - INFO -   Performance: +0.29%
2025-05-08 05:09:36,990 - INFO - Not trading PNB.NS - sector ranking doesn't match strategy
2025-05-08 05:09:36,990 - INFO -   Transaction type: BUY
2025-05-08 05:09:36,990 - INFO -   Sector category: MIDDLE
2025-05-08 05:09:36,990 - INFO -   Sector is_positive: True
2025-05-08 05:09:36,991 - INFO - Processing ticker 30: UNIONBANK.NS
2025-05-08 05:09:36,991 - INFO - Found sector PSU Bank for UNIONBANK.NS
2025-05-08 05:09:36,991 - INFO - Evaluating UNIONBANK.NS in sector PSU Bank - Rank 7 (MIDDLE)
2025-05-08 05:09:36,991 - INFO -   Performance: +0.29%
2025-05-08 05:09:36,991 - INFO - Not trading UNIONBANK.NS - sector ranking doesn't match strategy
2025-05-08 05:09:36,992 - INFO -   Transaction type: BUY
2025-05-08 05:09:36,992 - INFO -   Sector category: MIDDLE
2025-05-08 05:09:36,992 - INFO -   Sector is_positive: True
2025-05-08 05:09:36,992 - INFO - Processing ticker 31: BANDHANBNK.NS
2025-05-08 05:09:36,992 - INFO - Found sector PVT Bank for BANDHANBNK.NS
2025-05-08 05:09:36,993 - WARNING - No data for sector PVT Bank
2025-05-08 05:09:36,993 - INFO - Processing ticker 32: PRESTIGE.NS
2025-05-08 05:09:36,993 - INFO - Skipping PRESTIGE.NS - already have an open position
2025-05-08 05:09:36,993 - INFO - Processing ticker 33: HUDCO.NS
2025-05-08 05:09:36,994 - WARNING - Could not find sector for HUDCO.NS in sector mapping
2025-05-08 05:09:36,994 - INFO - Ticker processing summary:
2025-05-08 05:09:36,994 - INFO -   Total tickers considered: 33
2025-05-08 05:09:36,994 - INFO -   Tickers with sector data: 21
2025-05-08 05:09:36,995 - INFO -   Tickers matching sector ranking strategy: 0
2025-05-08 05:09:36,995 - INFO -   Tickers with security ID: 0
2025-05-08 05:09:36,995 - INFO -   Orders successfully placed: 0
2025-05-08 05:09:36,995 - INFO - New positions added: 0
2025-05-08 05:09:36,996 - INFO - Positions skipped: 33
2025-05-08 05:09:36,996 - INFO - Positions with errors: 0
2025-05-08 05:09:36,996 - INFO - 
==================================================
NEW OPPORTUNITIES PROCESSING COMPLETE
==================================================
2025-05-08 05:09:36,996 - INFO - Initial trades have been executed - no more new trades will be placed today
2025-05-08 05:09:36,997 - INFO - 
==================================================
SECTOR PROCESSING COMPLETE
==================================================
2025-05-08 05:09:36,999 - INFO - Saved 16 positions to dhan_positions.json
2025-05-08 05:09:36,999 - INFO - 
==================================================
POSITIONS SUMMARY
==================================================
2025-05-08 05:09:37,000 - INFO - Current positions summary:
2025-05-08 05:09:37,000 - INFO -   Open BUY positions: 11
2025-05-08 05:09:37,000 - INFO -   Open SELL positions: 5
2025-05-08 05:09:37,001 - INFO -   Closed positions: 0
2025-05-08 05:09:37,001 - INFO -   Total positions: 16
2025-05-08 05:09:37,001 - INFO - Open positions:
2025-05-08 05:09:37,003 - INFO -   BUY EXIDEIND.NS (Sector: Auto, Entry: 2025-05-05 05:08:27, Order ID: 412505057762, SL%: 1.0%, Target%: 1.0%)
2025-05-08 05:09:37,006 - INFO -   BUY HEROMOTOCO.NS (Sector: Auto, Entry: 2025-05-05 05:08:39, Order ID: 912505057802, SL%: 1.0%, Target%: 1.0%)
2025-05-08 05:09:37,006 - INFO -   BUY BAJAJFINSV.NS (Sector: Financial Services, Entry: 2025-05-05 05:08:51, Order ID: 912505057892, SL%: 1.0%, Target%: 1.0%)
2025-05-08 05:09:37,006 - INFO -   BUY PFC.NS (Sector: Financial Services, Entry: 2025-05-05 05:09:04, Order ID: 912505057962, SL%: 1.0%, Target%: 1.0%)
2025-05-08 05:09:37,007 - INFO -   BUY RECLTD.NS (Sector: Financial Services, Entry: 2025-05-05 05:09:16, Order ID: 912505058012, SL%: 1.0%, Target%: 1.0%)
2025-05-08 05:09:37,007 - INFO -   SELL GODREJPROP.NS (Sector: Realty, Entry: 2025-05-05 05:09:29, Order ID: 312505057842, SL%: 1.0%, Target%: 1.0%)
2025-05-08 05:09:37,007 - INFO -   BUY COLPAL.NS (Sector: FMCG, Entry: 2025-05-05 05:34:29, Order ID: 6125050517042, SL%: 1.0%, Target%: 1.0%)
2025-05-08 05:09:37,007 - INFO -   SELL SBILIFE.NS (Sector: Financial Services, Entry: 2025-05-05 05:34:42, Order ID: 9125050513002, SL%: 1.0%, Target%: 1.0%)
2025-05-08 05:09:37,008 - INFO -   BUY NESTLEIND.NS (Sector: FMCG, Entry: 2025-05-06 05:01:40, Order ID: 212505067072, SL%: 1.0%, Target%: 1.0%)
2025-05-08 05:09:37,008 - INFO -   BUY ONGC.NS (Sector: Energy, Entry: 2025-05-06 05:01:52, Order ID: 512505067422, SL%: 1.0%, Target%: 1.0%)
2025-05-08 05:09:37,008 - INFO -   SELL MARICO.NS (Sector: FMCG, Entry: 2025-05-08 05:01:51, Order ID: 512505087152, SL%: 1.0%, Target%: 1.0%)
2025-05-08 05:09:37,008 - INFO -   SELL LALPATHLAB.NS (Sector: Pharma, Entry: 2025-05-08 05:02:03, Order ID: 412505086142, SL%: 1.0%, Target%: 1.0%)
2025-05-08 05:09:37,009 - INFO -   SELL BIOCON.NS (Sector: Pharma, Entry: 2025-05-08 05:02:15, Order ID: 612505087882, SL%: 1.0%, Target%: 1.0%)
2025-05-08 05:09:37,009 - INFO -   BUY HATHWAY.NS (Sector: Media, Entry: 2025-05-08 05:02:28, Order ID: 512505087252, SL%: 1.0%, Target%: 1.0%)
2025-05-08 05:09:37,009 - INFO -   BUY SUNTV.NS (Sector: Media, Entry: 2025-05-08 05:02:40, Order ID: 912505086332, SL%: 1.0%, Target%: 1.0%)
2025-05-08 05:09:37,009 - INFO -   BUY PRESTIGE.NS (Sector: Realty, Entry: 2025-05-08 05:02:53, Order ID: 912505086372, SL%: 1.0%, Target%: 1.0%)
2025-05-08 05:09:37,010 - INFO - 
==================================================
POSITIONS SUMMARY COMPLETE
==================================================
2025-05-08 05:09:37,010 - INFO - Trading cycle 14 completed
2025-05-08 05:09:37,010 - INFO - Waiting 30 seconds until next check at 05:10:07...
2025-05-08 05:09:37,010 - INFO - 
==================================================
CYCLE 14 COMPLETE
==================================================
2025-05-08 05:10:07,016 - INFO - 
==================================================
TRADING CYCLE 15
==================================================
2025-05-08 05:10:07,016 - INFO - Trading cycle 15 started at 2025-05-08 05:10:07
2025-05-08 05:10:07,017 - INFO - New trading day - resetting flags for fresh sector data check
2025-05-08 05:10:07,018 - INFO - Found fresh sector.csv file modified today
2025-05-08 05:10:07,018 - INFO - 
==================================================
READING SECTOR PERFORMANCE DATA
==================================================
2025-05-08 05:10:07,019 - INFO - Reading sector performance data from sector.csv
2025-05-08 05:10:07,019 - INFO - File last modified: 2025-05-08 05:09:23
2025-05-08 05:10:07,021 - INFO - Adding sector rankings to data
2025-05-08 05:10:07,024 - INFO - Sector rankings:
2025-05-08 05:10:07,024 - INFO - Rank 1: Auto (+1.66%) - TOP
2025-05-08 05:10:07,025 - INFO - Rank 2: Realty (+1.12%) - TOP
2025-05-08 05:10:07,025 - INFO - Rank 3: Media (+1.06%) - TOP
2025-05-08 05:10:07,026 - INFO - Rank 4: Metal (+0.98%) - MIDDLE
2025-05-08 05:10:07,026 - INFO - Rank 5: Energy (+0.82%) - MIDDLE
2025-05-08 05:10:07,027 - INFO - Rank 6: Financial Services (+0.76%) - MIDDLE
2025-05-08 05:10:07,027 - INFO - Rank 7: PSU Bank (+0.29%) - MIDDLE
2025-05-08 05:10:07,028 - INFO - Rank 8: IT (+0.14%) - BOTTOM
2025-05-08 05:10:07,028 - INFO - Rank 9: Pharma (-0.33%) - BOTTOM
2025-05-08 05:10:07,029 - INFO - Rank 10: FMCG (-0.52%) - BOTTOM
2025-05-08 05:10:07,030 - INFO - Latest timestamp in data: 2025-05-08 05:09:23
2025-05-08 05:10:07,030 - INFO - Loaded data for 10 sectors
2025-05-08 05:10:07,031 - INFO - Sector performance details:
2025-05-08 05:10:07,032 - INFO -   Rank 1: Auto - POSITIVE (1.66%) - TOP
2025-05-08 05:10:07,033 - INFO -   Rank 2: Realty - POSITIVE (1.12%) - TOP
2025-05-08 05:10:07,034 - INFO -   Rank 3: Media - POSITIVE (1.06%) - TOP
2025-05-08 05:10:07,035 - INFO -   Rank 4: Metal - POSITIVE (0.98%) - MIDDLE
2025-05-08 05:10:07,037 - INFO -   Rank 5: Energy - POSITIVE (0.82%) - MIDDLE
2025-05-08 05:10:07,038 - INFO -   Rank 6: Financial Services - POSITIVE (0.76%) - MIDDLE
2025-05-08 05:10:07,039 - INFO -   Rank 7: PSU Bank - POSITIVE (0.29%) - MIDDLE
2025-05-08 05:10:07,039 - INFO -   Rank 8: IT - POSITIVE (0.14%) - BOTTOM
2025-05-08 05:10:07,040 - INFO -   Rank 9: Pharma - NEGATIVE (-0.33%) - BOTTOM
2025-05-08 05:10:07,040 - INFO -   Rank 10: FMCG - NEGATIVE (-0.52%) - BOTTOM
2025-05-08 05:10:07,041 - INFO - 
==================================================
SECTOR DATA READ COMPLETE
==================================================
2025-05-08 05:10:07,041 - INFO - 
==================================================
PROCESSING SECTOR DATA
==================================================
2025-05-08 05:10:07,042 - INFO - Processing existing positions for potential exits...
2025-05-08 05:10:07,043 - INFO - 
==================================================
PROCESSING EXISTING POSITIONS
==================================================
2025-05-08 05:10:07,044 - INFO - Processing 16 existing positions
2025-05-08 05:10:07,044 - INFO - Checking position: BUY EXIDEIND.NS (Sector: Auto)
2025-05-08 05:10:07,044 - INFO - SECURITY ID LOOKUP: Searching for EXIDEIND.NS
2025-05-08 05:10:07,045 - INFO - Trying exact match for 'EXIDEIND.NS'
2025-05-08 05:10:07,045 - INFO - FOUND EXACT MATCH: ID 676 for EXIDEIND.NS
2025-05-08 05:10:07,045 - INFO - Getting current market price for EXIDEIND.NS
2025-05-08 05:10:07,045 - INFO - Failed to get quote using symbol: 'dhanhq' object has no attribute 'get_quote'
2025-05-08 05:10:07,046 - INFO - Failed to get LTP using security_id: 'dhanhq' object has no attribute 'get_ltp'
2025-05-08 05:10:07,046 - INFO - Failed to get price from candles: 'dhanhq' object has no attribute 'intraday_daily_minute_charts'
2025-05-08 05:10:07,046 - ERROR - Could not get current market price for EXIDEIND.NS
2025-05-08 05:10:07,047 - WARNING - Could not get current market price for EXIDEIND.NS
2025-05-08 05:10:07,050 - INFO - Checking position: BUY HEROMOTOCO.NS (Sector: Auto)
2025-05-08 05:10:07,051 - INFO - SECURITY ID LOOKUP: Searching for HEROMOTOCO.NS
2025-05-08 05:10:07,052 - INFO - Trying exact match for 'HEROMOTOCO.NS'
2025-05-08 05:10:07,053 - INFO - FOUND EXACT MATCH: ID 1348 for HEROMOTOCO.NS
2025-05-08 05:10:07,053 - INFO - Getting current market price for HEROMOTOCO.NS
2025-05-08 05:10:07,055 - INFO - Failed to get quote using symbol: 'dhanhq' object has no attribute 'get_quote'
2025-05-08 05:10:07,055 - INFO - Failed to get LTP using security_id: 'dhanhq' object has no attribute 'get_ltp'
2025-05-08 05:10:07,055 - INFO - Failed to get price from candles: 'dhanhq' object has no attribute 'intraday_daily_minute_charts'
2025-05-08 05:10:07,056 - ERROR - Could not get current market price for HEROMOTOCO.NS
2025-05-08 05:10:07,056 - WARNING - Could not get current market price for HEROMOTOCO.NS
2025-05-08 05:10:07,057 - INFO - Checking position: BUY BAJAJFINSV.NS (Sector: Financial Services)
2025-05-08 05:10:07,057 - INFO - SECURITY ID LOOKUP: Searching for BAJAJFINSV.NS
2025-05-08 05:10:07,057 - INFO - Trying exact match for 'BAJAJFINSV.NS'
2025-05-08 05:10:07,058 - INFO - FOUND EXACT MATCH: ID 16675 for BAJAJFINSV.NS
2025-05-08 05:10:07,058 - INFO - Getting current market price for BAJAJFINSV.NS
2025-05-08 05:10:07,058 - INFO - Failed to get quote using symbol: 'dhanhq' object has no attribute 'get_quote'
2025-05-08 05:10:07,058 - INFO - Failed to get LTP using security_id: 'dhanhq' object has no attribute 'get_ltp'
2025-05-08 05:10:07,059 - INFO - Failed to get price from candles: 'dhanhq' object has no attribute 'intraday_daily_minute_charts'
2025-05-08 05:10:07,059 - ERROR - Could not get current market price for BAJAJFINSV.NS
2025-05-08 05:10:07,059 - WARNING - Could not get current market price for BAJAJFINSV.NS
2025-05-08 05:10:07,059 - INFO - Checking position: BUY PFC.NS (Sector: Financial Services)
2025-05-08 05:10:07,060 - INFO - SECURITY ID LOOKUP: Searching for PFC.NS
2025-05-08 05:10:07,060 - INFO - Trying exact match for 'PFC.NS'
2025-05-08 05:10:07,060 - INFO - FOUND EXACT MATCH: ID 14299 for PFC.NS
2025-05-08 05:10:07,061 - INFO - Getting current market price for PFC.NS
2025-05-08 05:10:07,061 - INFO - Failed to get quote using symbol: 'dhanhq' object has no attribute 'get_quote'
2025-05-08 05:10:07,061 - INFO - Failed to get LTP using security_id: 'dhanhq' object has no attribute 'get_ltp'
2025-05-08 05:10:07,062 - INFO - Failed to get price from candles: 'dhanhq' object has no attribute 'intraday_daily_minute_charts'
2025-05-08 05:10:07,062 - ERROR - Could not get current market price for PFC.NS
2025-05-08 05:10:07,063 - WARNING - Could not get current market price for PFC.NS
2025-05-08 05:10:07,063 - INFO - Checking position: BUY RECLTD.NS (Sector: Financial Services)
2025-05-08 05:10:07,063 - INFO - SECURITY ID LOOKUP: Searching for RECLTD.NS
2025-05-08 05:10:07,064 - INFO - Trying exact match for 'RECLTD.NS'
2025-05-08 05:10:07,064 - INFO - FOUND EXACT MATCH: ID 15355 for RECLTD.NS
2025-05-08 05:10:07,065 - INFO - Getting current market price for RECLTD.NS
2025-05-08 05:10:07,065 - INFO - Failed to get quote using symbol: 'dhanhq' object has no attribute 'get_quote'
2025-05-08 05:10:07,066 - INFO - Failed to get LTP using security_id: 'dhanhq' object has no attribute 'get_ltp'
2025-05-08 05:10:07,068 - INFO - Failed to get price from candles: 'dhanhq' object has no attribute 'intraday_daily_minute_charts'
2025-05-08 05:10:07,069 - ERROR - Could not get current market price for RECLTD.NS
2025-05-08 05:10:07,070 - WARNING - Could not get current market price for RECLTD.NS
2025-05-08 05:10:07,071 - INFO - Checking position: SELL GODREJPROP.NS (Sector: Realty)
2025-05-08 05:10:07,072 - INFO - SECURITY ID LOOKUP: Searching for GODREJPROP.NS
2025-05-08 05:10:07,072 - INFO - Trying exact match for 'GODREJPROP.NS'
2025-05-08 05:10:07,073 - INFO - FOUND EXACT MATCH: ID 17875 for GODREJPROP.NS
2025-05-08 05:10:07,073 - INFO - Getting current market price for GODREJPROP.NS
2025-05-08 05:10:07,073 - INFO - Failed to get quote using symbol: 'dhanhq' object has no attribute 'get_quote'
2025-05-08 05:10:07,073 - INFO - Failed to get LTP using security_id: 'dhanhq' object has no attribute 'get_ltp'
2025-05-08 05:10:07,074 - INFO - Failed to get price from candles: 'dhanhq' object has no attribute 'intraday_daily_minute_charts'
2025-05-08 05:10:07,074 - ERROR - Could not get current market price for GODREJPROP.NS
2025-05-08 05:10:07,074 - WARNING - Could not get current market price for GODREJPROP.NS
2025-05-08 05:10:07,075 - INFO - Checking position: BUY COLPAL.NS (Sector: FMCG)
2025-05-08 05:10:07,075 - INFO - SECURITY ID LOOKUP: Searching for COLPAL.NS
2025-05-08 05:10:07,075 - INFO - Trying exact match for 'COLPAL.NS'
2025-05-08 05:10:07,076 - INFO - FOUND EXACT MATCH: ID 15141 for COLPAL.NS
2025-05-08 05:10:07,076 - INFO - Getting current market price for COLPAL.NS
2025-05-08 05:10:07,076 - INFO - Failed to get quote using symbol: 'dhanhq' object has no attribute 'get_quote'
2025-05-08 05:10:07,077 - INFO - Failed to get LTP using security_id: 'dhanhq' object has no attribute 'get_ltp'
2025-05-08 05:10:07,077 - INFO - Failed to get price from candles: 'dhanhq' object has no attribute 'intraday_daily_minute_charts'
2025-05-08 05:10:07,078 - ERROR - Could not get current market price for COLPAL.NS
2025-05-08 05:10:07,078 - WARNING - Could not get current market price for COLPAL.NS
2025-05-08 05:10:07,078 - INFO - Checking position: SELL SBILIFE.NS (Sector: Financial Services)
2025-05-08 05:10:07,079 - INFO - SECURITY ID LOOKUP: Searching for SBILIFE.NS
2025-05-08 05:10:07,079 - INFO - Trying exact match for 'SBILIFE.NS'
2025-05-08 05:10:07,079 - INFO - FOUND EXACT MATCH: ID 21808 for SBILIFE.NS
2025-05-08 05:10:07,080 - INFO - Getting current market price for SBILIFE.NS
2025-05-08 05:10:07,080 - INFO - Failed to get quote using symbol: 'dhanhq' object has no attribute 'get_quote'
2025-05-08 05:10:07,080 - INFO - Failed to get LTP using security_id: 'dhanhq' object has no attribute 'get_ltp'
2025-05-08 05:10:07,081 - INFO - Failed to get price from candles: 'dhanhq' object has no attribute 'intraday_daily_minute_charts'
2025-05-08 05:10:07,083 - ERROR - Could not get current market price for SBILIFE.NS
2025-05-08 05:10:07,084 - WARNING - Could not get current market price for SBILIFE.NS
2025-05-08 05:10:07,085 - INFO - Checking position: BUY NESTLEIND.NS (Sector: FMCG)
2025-05-08 05:10:07,086 - INFO - SECURITY ID LOOKUP: Searching for NESTLEIND.NS
2025-05-08 05:10:07,087 - INFO - Trying exact match for 'NESTLEIND.NS'
2025-05-08 05:10:07,088 - INFO - FOUND EXACT MATCH: ID 17963 for NESTLEIND.NS
2025-05-08 05:10:07,088 - INFO - Getting current market price for NESTLEIND.NS
2025-05-08 05:10:07,088 - INFO - Failed to get quote using symbol: 'dhanhq' object has no attribute 'get_quote'
2025-05-08 05:10:07,089 - INFO - Failed to get LTP using security_id: 'dhanhq' object has no attribute 'get_ltp'
2025-05-08 05:10:07,089 - INFO - Failed to get price from candles: 'dhanhq' object has no attribute 'intraday_daily_minute_charts'
2025-05-08 05:10:07,089 - ERROR - Could not get current market price for NESTLEIND.NS
2025-05-08 05:10:07,089 - WARNING - Could not get current market price for NESTLEIND.NS
2025-05-08 05:10:07,090 - INFO - Checking position: BUY ONGC.NS (Sector: Energy)
2025-05-08 05:10:07,090 - INFO - SECURITY ID LOOKUP: Searching for ONGC.NS
2025-05-08 05:10:07,090 - INFO - Trying exact match for 'ONGC.NS'
2025-05-08 05:10:07,090 - INFO - FOUND EXACT MATCH: ID 2475 for ONGC.NS
2025-05-08 05:10:07,091 - INFO - Getting current market price for ONGC.NS
2025-05-08 05:10:07,091 - INFO - Failed to get quote using symbol: 'dhanhq' object has no attribute 'get_quote'
2025-05-08 05:10:07,091 - INFO - Failed to get LTP using security_id: 'dhanhq' object has no attribute 'get_ltp'
2025-05-08 05:10:07,091 - INFO - Failed to get price from candles: 'dhanhq' object has no attribute 'intraday_daily_minute_charts'
2025-05-08 05:10:07,092 - ERROR - Could not get current market price for ONGC.NS
2025-05-08 05:10:07,092 - WARNING - Could not get current market price for ONGC.NS
2025-05-08 05:10:07,092 - INFO - Checking position: SELL MARICO.NS (Sector: FMCG)
2025-05-08 05:10:07,093 - INFO - SECURITY ID LOOKUP: Searching for MARICO.NS
2025-05-08 05:10:07,093 - INFO - Trying exact match for 'MARICO.NS'
2025-05-08 05:10:07,094 - INFO - FOUND EXACT MATCH: ID 4067 for MARICO.NS
2025-05-08 05:10:07,094 - INFO - Getting current market price for MARICO.NS
2025-05-08 05:10:07,094 - INFO - Failed to get quote using symbol: 'dhanhq' object has no attribute 'get_quote'
2025-05-08 05:10:07,095 - INFO - Failed to get LTP using security_id: 'dhanhq' object has no attribute 'get_ltp'
2025-05-08 05:10:07,095 - INFO - Failed to get price from candles: 'dhanhq' object has no attribute 'intraday_daily_minute_charts'
2025-05-08 05:10:07,095 - ERROR - Could not get current market price for MARICO.NS
2025-05-08 05:10:07,095 - WARNING - Could not get current market price for MARICO.NS
2025-05-08 05:10:07,096 - INFO - Checking position: SELL LALPATHLAB.NS (Sector: Pharma)
2025-05-08 05:10:07,096 - INFO - SECURITY ID LOOKUP: Searching for LALPATHLAB.NS
2025-05-08 05:10:07,096 - INFO - Trying exact match for 'LALPATHLAB.NS'
2025-05-08 05:10:07,098 - INFO - FOUND EXACT MATCH: ID 11654 for LALPATHLAB.NS
2025-05-08 05:10:07,100 - INFO - Getting current market price for LALPATHLAB.NS
2025-05-08 05:10:07,100 - INFO - Failed to get quote using symbol: 'dhanhq' object has no attribute 'get_quote'
2025-05-08 05:10:07,101 - INFO - Failed to get LTP using security_id: 'dhanhq' object has no attribute 'get_ltp'
2025-05-08 05:10:07,102 - INFO - Failed to get price from candles: 'dhanhq' object has no attribute 'intraday_daily_minute_charts'
2025-05-08 05:10:07,102 - ERROR - Could not get current market price for LALPATHLAB.NS
2025-05-08 05:10:07,116 - WARNING - Could not get current market price for LALPATHLAB.NS
2025-05-08 05:10:07,117 - INFO - Checking position: SELL BIOCON.NS (Sector: Pharma)
2025-05-08 05:10:07,117 - INFO - SECURITY ID LOOKUP: Searching for BIOCON.NS
2025-05-08 05:10:07,118 - INFO - Trying exact match for 'BIOCON.NS'
2025-05-08 05:10:07,118 - INFO - FOUND EXACT MATCH: ID 11373 for BIOCON.NS
2025-05-08 05:10:07,133 - INFO - Getting current market price for BIOCON.NS
2025-05-08 05:10:07,134 - INFO - Failed to get quote using symbol: 'dhanhq' object has no attribute 'get_quote'
2025-05-08 05:10:07,135 - INFO - Failed to get LTP using security_id: 'dhanhq' object has no attribute 'get_ltp'
2025-05-08 05:10:07,135 - INFO - Failed to get price from candles: 'dhanhq' object has no attribute 'intraday_daily_minute_charts'
2025-05-08 05:10:07,136 - ERROR - Could not get current market price for BIOCON.NS
2025-05-08 05:10:07,146 - WARNING - Could not get current market price for BIOCON.NS
2025-05-08 05:10:07,150 - INFO - Checking position: BUY HATHWAY.NS (Sector: Media)
2025-05-08 05:10:07,151 - INFO - SECURITY ID LOOKUP: Searching for HATHWAY.NS
2025-05-08 05:10:07,152 - INFO - Trying exact match for 'HATHWAY.NS'
2025-05-08 05:10:07,152 - INFO - FOUND EXACT MATCH: ID 18154 for HATHWAY.NS
2025-05-08 05:10:07,153 - INFO - Getting current market price for HATHWAY.NS
2025-05-08 05:10:07,153 - INFO - Failed to get quote using symbol: 'dhanhq' object has no attribute 'get_quote'
2025-05-08 05:10:07,170 - INFO - Failed to get LTP using security_id: 'dhanhq' object has no attribute 'get_ltp'
2025-05-08 05:10:07,171 - INFO - Failed to get price from candles: 'dhanhq' object has no attribute 'intraday_daily_minute_charts'
2025-05-08 05:10:07,172 - ERROR - Could not get current market price for HATHWAY.NS
2025-05-08 05:10:07,173 - WARNING - Could not get current market price for HATHWAY.NS
2025-05-08 05:10:07,173 - INFO - Checking position: BUY SUNTV.NS (Sector: Media)
2025-05-08 05:10:07,200 - INFO - SECURITY ID LOOKUP: Searching for SUNTV.NS
2025-05-08 05:10:07,200 - INFO - Trying exact match for 'SUNTV.NS'
2025-05-08 05:10:07,201 - INFO - FOUND EXACT MATCH: ID 13404 for SUNTV.NS
2025-05-08 05:10:07,201 - INFO - Getting current market price for SUNTV.NS
2025-05-08 05:10:07,202 - INFO - Failed to get quote using symbol: 'dhanhq' object has no attribute 'get_quote'
2025-05-08 05:10:07,226 - INFO - Failed to get LTP using security_id: 'dhanhq' object has no attribute 'get_ltp'
2025-05-08 05:10:07,227 - INFO - Failed to get price from candles: 'dhanhq' object has no attribute 'intraday_daily_minute_charts'
2025-05-08 05:10:07,228 - ERROR - Could not get current market price for SUNTV.NS
2025-05-08 05:10:07,228 - WARNING - Could not get current market price for SUNTV.NS
2025-05-08 05:10:07,229 - INFO - Checking position: BUY PRESTIGE.NS (Sector: Realty)
2025-05-08 05:10:07,229 - INFO - SECURITY ID LOOKUP: Searching for PRESTIGE.NS
2025-05-08 05:10:07,230 - INFO - Trying exact match for 'PRESTIGE.NS'
2025-05-08 05:10:07,230 - INFO - FOUND EXACT MATCH: ID 20302 for PRESTIGE.NS
2025-05-08 05:10:07,231 - INFO - Getting current market price for PRESTIGE.NS
2025-05-08 05:10:07,232 - INFO - Failed to get quote using symbol: 'dhanhq' object has no attribute 'get_quote'
2025-05-08 05:10:07,232 - INFO - Failed to get LTP using security_id: 'dhanhq' object has no attribute 'get_ltp'
2025-05-08 05:10:07,233 - INFO - Failed to get price from candles: 'dhanhq' object has no attribute 'intraday_daily_minute_charts'
2025-05-08 05:10:07,233 - ERROR - Could not get current market price for PRESTIGE.NS
2025-05-08 05:10:07,233 - WARNING - Could not get current market price for PRESTIGE.NS
2025-05-08 05:10:07,234 - INFO - No positions needed to be exited
2025-05-08 05:10:07,234 - INFO - 
==================================================
POSITION PROCESSING COMPLETE
==================================================
2025-05-08 05:10:07,235 - INFO - First run of the day - looking for sector-based trading opportunities...
2025-05-08 05:10:07,236 - INFO - 
==================================================
FINDING NEW TRADING OPPORTUNITIES
==================================================
2025-05-08 05:10:07,237 - INFO - Found 33 active tickers out of 33 total
2025-05-08 05:10:07,239 - INFO - Processed sector data for 10 sectors
2025-05-08 05:10:07,277 - INFO - Processing tickers in order: ['BALKRISIND.NS', 'M&M.NS', 'MARUTI.NS', 'MOTHERSON.NS', 'MRF.NS', 'MARICO.NS', 'CHOLAFIN.NS', 'MUTHOOTFIN.NS', 'PEL.NS', 'LALPATHLAB.NS', 'NAZARA.NS', 'TATASTEEL.NS', 'MGL.NS', 'BIOCON.NS', 'VBL.NS', 'ADANIENSOL.NS', 'ADANIGREEN.NS', 'TATAPOWER.NS', 'RECLTD.NS', 'LTTS.NS', 'MPHASIS.NS', 'HATHWAY.NS', 'SUNTV.NS', 'PETRONET.NS', 'AUROPHARMA.NS', 'BANKBARODA.NS', 'BANKINDIA.NS', 'CANBK.NS', 'PNB.NS', 'UNIONBANK.NS', 'BANDHANBNK.NS', 'PRESTIGE.NS', 'HUDCO.NS']
2025-05-08 05:10:07,278 - INFO - Already have open positions for: ['EXIDEIND.NS', 'HEROMOTOCO.NS', 'BAJAJFINSV.NS', 'PFC.NS', 'RECLTD.NS', 'GODREJPROP.NS', 'COLPAL.NS', 'SBILIFE.NS', 'NESTLEIND.NS', 'ONGC.NS', 'MARICO.NS', 'LALPATHLAB.NS', 'BIOCON.NS', 'HATHWAY.NS', 'SUNTV.NS', 'PRESTIGE.NS']
2025-05-08 05:10:07,278 - INFO - Current sector rankings:
2025-05-08 05:10:07,279 - INFO -   Rank 1: Auto - POSITIVE (1.66%) - TOP
2025-05-08 05:10:07,279 - INFO -   Rank 2: Realty - POSITIVE (1.12%) - TOP
2025-05-08 05:10:07,280 - INFO -   Rank 3: Media - POSITIVE (1.06%) - TOP
2025-05-08 05:10:07,280 - INFO -   Rank 4: Metal - POSITIVE (0.98%) - MIDDLE
2025-05-08 05:10:07,281 - INFO -   Rank 5: Energy - POSITIVE (0.82%) - MIDDLE
2025-05-08 05:10:07,281 - INFO -   Rank 6: Financial Services - POSITIVE (0.76%) - MIDDLE
2025-05-08 05:10:07,282 - INFO -   Rank 7: PSU Bank - POSITIVE (0.29%) - MIDDLE
2025-05-08 05:10:07,284 - INFO -   Rank 8: IT - POSITIVE (0.14%) - BOTTOM
2025-05-08 05:10:07,285 - INFO -   Rank 9: Pharma - NEGATIVE (-0.33%) - BOTTOM
2025-05-08 05:10:07,286 - INFO -   Rank 10: FMCG - NEGATIVE (-0.52%) - BOTTOM
2025-05-08 05:10:07,287 - INFO - Processing ticker 1: BALKRISIND.NS
2025-05-08 05:10:07,288 - INFO - Found sector Auto for BALKRISIND.NS
2025-05-08 05:10:07,289 - INFO - Evaluating BALKRISIND.NS in sector Auto - Rank 1 (TOP)
2025-05-08 05:10:07,289 - INFO -   Performance: +1.66%
2025-05-08 05:10:07,290 - INFO - Not trading BALKRISIND.NS - sector ranking doesn't match strategy
2025-05-08 05:10:07,290 - INFO -   Transaction type: SELL
2025-05-08 05:10:07,291 - INFO -   Sector category: TOP
2025-05-08 05:10:07,291 - INFO -   Sector is_positive: True
2025-05-08 05:10:07,292 - INFO - Processing ticker 2: M&M.NS
2025-05-08 05:10:07,293 - INFO - Found sector Auto for M&M.NS
2025-05-08 05:10:07,293 - INFO - Evaluating M&M.NS in sector Auto - Rank 1 (TOP)
2025-05-08 05:10:07,293 - INFO -   Performance: +1.66%
2025-05-08 05:10:07,294 - INFO - Not trading M&M.NS - sector ranking doesn't match strategy
2025-05-08 05:10:07,294 - INFO -   Transaction type: SELL
2025-05-08 05:10:07,295 - INFO -   Sector category: TOP
2025-05-08 05:10:07,295 - INFO -   Sector is_positive: True
2025-05-08 05:10:07,295 - INFO - Processing ticker 3: MARUTI.NS
2025-05-08 05:10:07,296 - INFO - Found sector Auto for MARUTI.NS
2025-05-08 05:10:07,296 - INFO - Evaluating MARUTI.NS in sector Auto - Rank 1 (TOP)
2025-05-08 05:10:07,297 - INFO -   Performance: +1.66%
2025-05-08 05:10:07,297 - INFO - Not trading MARUTI.NS - sector ranking doesn't match strategy
2025-05-08 05:10:07,298 - INFO -   Transaction type: SELL
2025-05-08 05:10:07,301 - INFO -   Sector category: TOP
2025-05-08 05:10:07,302 - INFO -   Sector is_positive: True
2025-05-08 05:10:07,305 - INFO - Processing ticker 4: MOTHERSON.NS
2025-05-08 05:10:07,305 - INFO - Found sector Auto for MOTHERSON.NS
2025-05-08 05:10:07,306 - INFO - Evaluating MOTHERSON.NS in sector Auto - Rank 1 (TOP)
2025-05-08 05:10:07,306 - INFO -   Performance: +1.66%
2025-05-08 05:10:07,306 - INFO - Not trading MOTHERSON.NS - sector ranking doesn't match strategy
2025-05-08 05:10:07,306 - INFO -   Transaction type: SELL
2025-05-08 05:10:07,307 - INFO -   Sector category: TOP
2025-05-08 05:10:07,307 - INFO -   Sector is_positive: True
2025-05-08 05:10:07,307 - INFO - Processing ticker 5: MRF.NS
2025-05-08 05:10:07,308 - INFO - Found sector Auto for MRF.NS
2025-05-08 05:10:07,308 - INFO - Evaluating MRF.NS in sector Auto - Rank 1 (TOP)
2025-05-08 05:10:07,308 - INFO -   Performance: +1.66%
2025-05-08 05:10:07,308 - INFO - Not trading MRF.NS - sector ranking doesn't match strategy
2025-05-08 05:10:07,309 - INFO -   Transaction type: SELL
2025-05-08 05:10:07,309 - INFO -   Sector category: TOP
2025-05-08 05:10:07,309 - INFO -   Sector is_positive: True
2025-05-08 05:10:07,310 - INFO - Processing ticker 6: MARICO.NS
2025-05-08 05:10:07,310 - INFO - Skipping MARICO.NS - already have an open position
2025-05-08 05:10:07,311 - INFO - Processing ticker 7: CHOLAFIN.NS
2025-05-08 05:10:07,311 - INFO - Found sector Financial Services for CHOLAFIN.NS
2025-05-08 05:10:07,311 - INFO - Evaluating CHOLAFIN.NS in sector Financial Services - Rank 6 (MIDDLE)
2025-05-08 05:10:07,312 - INFO -   Performance: +0.76%
2025-05-08 05:10:07,312 - INFO - Not trading CHOLAFIN.NS - sector ranking doesn't match strategy
2025-05-08 05:10:07,313 - INFO -   Transaction type: SELL
2025-05-08 05:10:07,313 - INFO -   Sector category: MIDDLE
2025-05-08 05:10:07,313 - INFO -   Sector is_positive: True
2025-05-08 05:10:07,314 - INFO - Processing ticker 8: MUTHOOTFIN.NS
2025-05-08 05:10:07,314 - INFO - Found sector Financial Services for MUTHOOTFIN.NS
2025-05-08 05:10:07,317 - INFO - Evaluating MUTHOOTFIN.NS in sector Financial Services - Rank 6 (MIDDLE)
2025-05-08 05:10:07,318 - INFO -   Performance: +0.76%
2025-05-08 05:10:07,319 - INFO - Not trading MUTHOOTFIN.NS - sector ranking doesn't match strategy
2025-05-08 05:10:07,319 - INFO -   Transaction type: SELL
2025-05-08 05:10:07,320 - INFO -   Sector category: MIDDLE
2025-05-08 05:10:07,321 - INFO -   Sector is_positive: True
2025-05-08 05:10:07,321 - INFO - Processing ticker 9: PEL.NS
2025-05-08 05:10:07,321 - INFO - Found sector Financial Services for PEL.NS
2025-05-08 05:10:07,322 - INFO - Evaluating PEL.NS in sector Financial Services - Rank 6 (MIDDLE)
2025-05-08 05:10:07,322 - INFO -   Performance: +0.76%
2025-05-08 05:10:07,322 - INFO - Not trading PEL.NS - sector ranking doesn't match strategy
2025-05-08 05:10:07,323 - INFO -   Transaction type: SELL
2025-05-08 05:10:07,323 - INFO -   Sector category: MIDDLE
2025-05-08 05:10:07,323 - INFO -   Sector is_positive: True
2025-05-08 05:10:07,324 - INFO - Processing ticker 10: LALPATHLAB.NS
2025-05-08 05:10:07,324 - INFO - Skipping LALPATHLAB.NS - already have an open position
2025-05-08 05:10:07,324 - INFO - Processing ticker 11: NAZARA.NS
2025-05-08 05:10:07,324 - INFO - Found sector Media for NAZARA.NS
2025-05-08 05:10:07,325 - INFO - Evaluating NAZARA.NS in sector Media - Rank 3 (TOP)
2025-05-08 05:10:07,325 - INFO -   Performance: +1.06%
2025-05-08 05:10:07,325 - INFO - Not trading NAZARA.NS - sector ranking doesn't match strategy
2025-05-08 05:10:07,326 - INFO -   Transaction type: SELL
2025-05-08 05:10:07,326 - INFO -   Sector category: TOP
2025-05-08 05:10:07,327 - INFO -   Sector is_positive: True
2025-05-08 05:10:07,327 - INFO - Processing ticker 12: TATASTEEL.NS
2025-05-08 05:10:07,327 - INFO - Found sector Metal for TATASTEEL.NS
2025-05-08 05:10:07,328 - INFO - Evaluating TATASTEEL.NS in sector Metal - Rank 4 (MIDDLE)
2025-05-08 05:10:07,328 - INFO -   Performance: +0.98%
2025-05-08 05:10:07,328 - INFO - Not trading TATASTEEL.NS - sector ranking doesn't match strategy
2025-05-08 05:10:07,328 - INFO -   Transaction type: SELL
2025-05-08 05:10:07,329 - INFO -   Sector category: MIDDLE
2025-05-08 05:10:07,329 - INFO -   Sector is_positive: True
2025-05-08 05:10:07,329 - INFO - Processing ticker 13: MGL.NS
2025-05-08 05:10:07,330 - WARNING - Could not find sector for MGL.NS in sector mapping
2025-05-08 05:10:07,330 - INFO - Processing ticker 14: BIOCON.NS
2025-05-08 05:10:07,330 - INFO - Skipping BIOCON.NS - already have an open position
2025-05-08 05:10:07,331 - INFO - Processing ticker 15: VBL.NS
2025-05-08 05:10:07,335 - WARNING - Could not find sector for VBL.NS in sector mapping
2025-05-08 05:10:07,338 - INFO - Processing ticker 16: ADANIENSOL.NS
2025-05-08 05:10:07,340 - WARNING - Could not find sector for ADANIENSOL.NS in sector mapping
2025-05-08 05:10:07,341 - INFO - Processing ticker 17: ADANIGREEN.NS
2025-05-08 05:10:07,342 - INFO - Found sector Energy for ADANIGREEN.NS
2025-05-08 05:10:07,342 - INFO - Evaluating ADANIGREEN.NS in sector Energy - Rank 5 (MIDDLE)
2025-05-08 05:10:07,342 - INFO -   Performance: +0.82%
2025-05-08 05:10:07,343 - INFO - Not trading ADANIGREEN.NS - sector ranking doesn't match strategy
2025-05-08 05:10:07,343 - INFO -   Transaction type: BUY
2025-05-08 05:10:07,344 - INFO -   Sector category: MIDDLE
2025-05-08 05:10:07,344 - INFO -   Sector is_positive: True
2025-05-08 05:10:07,345 - INFO - Processing ticker 18: TATAPOWER.NS
2025-05-08 05:10:07,345 - INFO - Found sector Energy for TATAPOWER.NS
2025-05-08 05:10:07,347 - INFO - Evaluating TATAPOWER.NS in sector Energy - Rank 5 (MIDDLE)
2025-05-08 05:10:07,347 - INFO -   Performance: +0.82%
2025-05-08 05:10:07,348 - INFO - Not trading TATAPOWER.NS - sector ranking doesn't match strategy
2025-05-08 05:10:07,350 - INFO -   Transaction type: BUY
2025-05-08 05:10:07,351 - INFO -   Sector category: MIDDLE
2025-05-08 05:10:07,352 - INFO -   Sector is_positive: True
2025-05-08 05:10:07,353 - INFO - Processing ticker 19: RECLTD.NS
2025-05-08 05:10:07,355 - INFO - Skipping RECLTD.NS - already have an open position
2025-05-08 05:10:07,355 - INFO - Processing ticker 20: LTTS.NS
2025-05-08 05:10:07,356 - INFO - Found sector IT for LTTS.NS
2025-05-08 05:10:07,357 - INFO - Evaluating LTTS.NS in sector IT - Rank 8 (BOTTOM)
2025-05-08 05:10:07,357 - INFO -   Performance: +0.14%
2025-05-08 05:10:07,358 - INFO - Not trading LTTS.NS - sector ranking doesn't match strategy
2025-05-08 05:10:07,358 - INFO -   Transaction type: BUY
2025-05-08 05:10:07,359 - INFO -   Sector category: BOTTOM
2025-05-08 05:10:07,360 - INFO -   Sector is_positive: True
2025-05-08 05:10:07,360 - INFO - Processing ticker 21: MPHASIS.NS
2025-05-08 05:10:07,361 - INFO - Found sector IT for MPHASIS.NS
2025-05-08 05:10:07,363 - INFO - Evaluating MPHASIS.NS in sector IT - Rank 8 (BOTTOM)
2025-05-08 05:10:07,367 - INFO -   Performance: +0.14%
2025-05-08 05:10:07,367 - INFO - Not trading MPHASIS.NS - sector ranking doesn't match strategy
2025-05-08 05:10:07,368 - INFO -   Transaction type: BUY
2025-05-08 05:10:07,369 - INFO -   Sector category: BOTTOM
2025-05-08 05:10:07,370 - INFO -   Sector is_positive: True
2025-05-08 05:10:07,371 - INFO - Processing ticker 22: HATHWAY.NS
2025-05-08 05:10:07,372 - INFO - Skipping HATHWAY.NS - already have an open position
2025-05-08 05:10:07,373 - INFO - Processing ticker 23: SUNTV.NS
2025-05-08 05:10:07,374 - INFO - Skipping SUNTV.NS - already have an open position
2025-05-08 05:10:07,375 - INFO - Processing ticker 24: PETRONET.NS
2025-05-08 05:10:07,375 - INFO - Found sector Oil & Gas for PETRONET.NS
2025-05-08 05:10:07,376 - WARNING - No data for sector Oil & Gas
2025-05-08 05:10:07,376 - INFO - Processing ticker 25: AUROPHARMA.NS
2025-05-08 05:10:07,377 - INFO - Found sector Pharma for AUROPHARMA.NS
2025-05-08 05:10:07,377 - INFO - Evaluating AUROPHARMA.NS in sector Pharma - Rank 9 (BOTTOM)
2025-05-08 05:10:07,378 - INFO -   Performance: -0.33%
2025-05-08 05:10:07,378 - INFO - Not trading AUROPHARMA.NS - sector ranking doesn't match strategy
2025-05-08 05:10:07,378 - INFO -   Transaction type: BUY
2025-05-08 05:10:07,379 - INFO -   Sector category: BOTTOM
2025-05-08 05:10:07,379 - INFO -   Sector is_positive: False
2025-05-08 05:10:07,380 - INFO - Processing ticker 26: BANKBARODA.NS
2025-05-08 05:10:07,380 - WARNING - Could not find sector for BANKBARODA.NS in sector mapping
2025-05-08 05:10:07,381 - INFO - Processing ticker 27: BANKINDIA.NS
2025-05-08 05:10:07,381 - INFO - Found sector PSU Bank for BANKINDIA.NS
2025-05-08 05:10:07,382 - INFO - Evaluating BANKINDIA.NS in sector PSU Bank - Rank 7 (MIDDLE)
2025-05-08 05:10:07,383 - INFO -   Performance: +0.29%
2025-05-08 05:10:07,384 - INFO - Not trading BANKINDIA.NS - sector ranking doesn't match strategy
2025-05-08 05:10:07,385 - INFO -   Transaction type: BUY
2025-05-08 05:10:07,386 - INFO -   Sector category: MIDDLE
2025-05-08 05:10:07,386 - INFO -   Sector is_positive: True
2025-05-08 05:10:07,387 - INFO - Processing ticker 28: CANBK.NS
2025-05-08 05:10:07,388 - INFO - Found sector Bank for CANBK.NS
2025-05-08 05:10:07,388 - WARNING - No data for sector Bank
2025-05-08 05:10:07,389 - INFO - Processing ticker 29: PNB.NS
2025-05-08 05:10:07,389 - INFO - Found sector PSU Bank for PNB.NS
2025-05-08 05:10:07,389 - INFO - Evaluating PNB.NS in sector PSU Bank - Rank 7 (MIDDLE)
2025-05-08 05:10:07,390 - INFO -   Performance: +0.29%
2025-05-08 05:10:07,390 - INFO - Not trading PNB.NS - sector ranking doesn't match strategy
2025-05-08 05:10:07,390 - INFO -   Transaction type: BUY
2025-05-08 05:10:07,391 - INFO -   Sector category: MIDDLE
2025-05-08 05:10:07,391 - INFO -   Sector is_positive: True
2025-05-08 05:10:07,391 - INFO - Processing ticker 30: UNIONBANK.NS
2025-05-08 05:10:07,392 - INFO - Found sector PSU Bank for UNIONBANK.NS
2025-05-08 05:10:07,392 - INFO - Evaluating UNIONBANK.NS in sector PSU Bank - Rank 7 (MIDDLE)
2025-05-08 05:10:07,392 - INFO -   Performance: +0.29%
2025-05-08 05:10:07,393 - INFO - Not trading UNIONBANK.NS - sector ranking doesn't match strategy
2025-05-08 05:10:07,393 - INFO -   Transaction type: BUY
2025-05-08 05:10:07,394 - INFO -   Sector category: MIDDLE
2025-05-08 05:10:07,394 - INFO -   Sector is_positive: True
2025-05-08 05:10:07,394 - INFO - Processing ticker 31: BANDHANBNK.NS
2025-05-08 05:10:07,395 - INFO - Found sector PVT Bank for BANDHANBNK.NS
2025-05-08 05:10:07,395 - WARNING - No data for sector PVT Bank
2025-05-08 05:10:07,396 - INFO - Processing ticker 32: PRESTIGE.NS
2025-05-08 05:10:07,396 - INFO - Skipping PRESTIGE.NS - already have an open position
2025-05-08 05:10:07,396 - INFO - Processing ticker 33: HUDCO.NS
2025-05-08 05:10:07,397 - WARNING - Could not find sector for HUDCO.NS in sector mapping
2025-05-08 05:10:07,397 - INFO - Ticker processing summary:
2025-05-08 05:10:07,397 - INFO -   Total tickers considered: 33
2025-05-08 05:10:07,397 - INFO -   Tickers with sector data: 21
2025-05-08 05:10:07,399 - INFO -   Tickers matching sector ranking strategy: 0
2025-05-08 05:10:07,400 - INFO -   Tickers with security ID: 0
2025-05-08 05:10:07,401 - INFO -   Orders successfully placed: 0
2025-05-08 05:10:07,402 - INFO - New positions added: 0
2025-05-08 05:10:07,403 - INFO - Positions skipped: 33
2025-05-08 05:10:07,404 - INFO - Positions with errors: 0
2025-05-08 05:10:07,404 - INFO - 
==================================================
NEW OPPORTUNITIES PROCESSING COMPLETE
==================================================
2025-05-08 05:10:07,405 - INFO - Initial trades have been executed - no more new trades will be placed today
2025-05-08 05:10:07,406 - INFO - 
==================================================
SECTOR PROCESSING COMPLETE
==================================================
2025-05-08 05:10:07,413 - INFO - Saved 16 positions to dhan_positions.json
2025-05-08 05:10:07,414 - INFO - 
==================================================
POSITIONS SUMMARY
==================================================
2025-05-08 05:10:07,419 - INFO - Current positions summary:
2025-05-08 05:10:07,420 - INFO -   Open BUY positions: 11
2025-05-08 05:10:07,421 - INFO -   Open SELL positions: 5
2025-05-08 05:10:07,422 - INFO -   Closed positions: 0
2025-05-08 05:10:07,422 - INFO -   Total positions: 16
2025-05-08 05:10:07,423 - INFO - Open positions:
2025-05-08 05:10:07,423 - INFO -   BUY EXIDEIND.NS (Sector: Auto, Entry: 2025-05-05 05:08:27, Order ID: 412505057762, SL%: 1.0%, Target%: 1.0%)
2025-05-08 05:10:07,423 - INFO -   BUY HEROMOTOCO.NS (Sector: Auto, Entry: 2025-05-05 05:08:39, Order ID: 912505057802, SL%: 1.0%, Target%: 1.0%)
2025-05-08 05:10:07,424 - INFO -   BUY BAJAJFINSV.NS (Sector: Financial Services, Entry: 2025-05-05 05:08:51, Order ID: 912505057892, SL%: 1.0%, Target%: 1.0%)
2025-05-08 05:10:07,424 - INFO -   BUY PFC.NS (Sector: Financial Services, Entry: 2025-05-05 05:09:04, Order ID: 912505057962, SL%: 1.0%, Target%: 1.0%)
2025-05-08 05:10:07,425 - INFO -   BUY RECLTD.NS (Sector: Financial Services, Entry: 2025-05-05 05:09:16, Order ID: 912505058012, SL%: 1.0%, Target%: 1.0%)
2025-05-08 05:10:07,425 - INFO -   SELL GODREJPROP.NS (Sector: Realty, Entry: 2025-05-05 05:09:29, Order ID: 312505057842, SL%: 1.0%, Target%: 1.0%)
2025-05-08 05:10:07,425 - INFO -   BUY COLPAL.NS (Sector: FMCG, Entry: 2025-05-05 05:34:29, Order ID: 6125050517042, SL%: 1.0%, Target%: 1.0%)
2025-05-08 05:10:07,425 - INFO -   SELL SBILIFE.NS (Sector: Financial Services, Entry: 2025-05-05 05:34:42, Order ID: 9125050513002, SL%: 1.0%, Target%: 1.0%)
2025-05-08 05:10:07,426 - INFO -   BUY NESTLEIND.NS (Sector: FMCG, Entry: 2025-05-06 05:01:40, Order ID: 212505067072, SL%: 1.0%, Target%: 1.0%)
2025-05-08 05:10:07,426 - INFO -   BUY ONGC.NS (Sector: Energy, Entry: 2025-05-06 05:01:52, Order ID: 512505067422, SL%: 1.0%, Target%: 1.0%)
2025-05-08 05:10:07,427 - INFO -   SELL MARICO.NS (Sector: FMCG, Entry: 2025-05-08 05:01:51, Order ID: 512505087152, SL%: 1.0%, Target%: 1.0%)
2025-05-08 05:10:07,427 - INFO -   SELL LALPATHLAB.NS (Sector: Pharma, Entry: 2025-05-08 05:02:03, Order ID: 412505086142, SL%: 1.0%, Target%: 1.0%)
2025-05-08 05:10:07,428 - INFO -   SELL BIOCON.NS (Sector: Pharma, Entry: 2025-05-08 05:02:15, Order ID: 612505087882, SL%: 1.0%, Target%: 1.0%)
2025-05-08 05:10:07,428 - INFO -   BUY HATHWAY.NS (Sector: Media, Entry: 2025-05-08 05:02:28, Order ID: 512505087252, SL%: 1.0%, Target%: 1.0%)
2025-05-08 05:10:07,429 - INFO -   BUY SUNTV.NS (Sector: Media, Entry: 2025-05-08 05:02:40, Order ID: 912505086332, SL%: 1.0%, Target%: 1.0%)
2025-05-08 05:10:07,429 - INFO -   BUY PRESTIGE.NS (Sector: Realty, Entry: 2025-05-08 05:02:53, Order ID: 912505086372, SL%: 1.0%, Target%: 1.0%)
2025-05-08 05:10:07,429 - INFO - 
==================================================
POSITIONS SUMMARY COMPLETE
==================================================
2025-05-08 05:10:07,430 - INFO - Trading cycle 15 completed
2025-05-08 05:10:07,430 - INFO - Waiting 30 seconds until next check at 05:10:37...
2025-05-08 05:10:07,430 - INFO - 
==================================================
CYCLE 15 COMPLETE
==================================================
2025-05-08 05:10:37,432 - INFO - 
==================================================
TRADING CYCLE 16
==================================================
2025-05-08 05:10:37,434 - INFO - Trading cycle 16 started at 2025-05-08 05:10:37
2025-05-08 05:10:37,434 - INFO - New trading day - resetting flags for fresh sector data check
2025-05-08 05:10:37,435 - INFO - Found fresh sector.csv file modified today
2025-05-08 05:10:37,436 - INFO - 
==================================================
READING SECTOR PERFORMANCE DATA
==================================================
2025-05-08 05:10:37,437 - INFO - Reading sector performance data from sector.csv
2025-05-08 05:10:37,437 - INFO - File last modified: 2025-05-08 05:09:23
2025-05-08 05:10:37,442 - INFO - Adding sector rankings to data
2025-05-08 05:10:37,445 - INFO - Sector rankings:
2025-05-08 05:10:37,449 - INFO - Rank 1: Auto (+1.66%) - TOP
2025-05-08 05:10:37,453 - INFO - Rank 2: Realty (+1.12%) - TOP
2025-05-08 05:10:37,454 - INFO - Rank 3: Media (+1.06%) - TOP
2025-05-08 05:10:37,454 - INFO - Rank 4: Metal (+0.98%) - MIDDLE
2025-05-08 05:10:37,455 - INFO - Rank 5: Energy (+0.82%) - MIDDLE
2025-05-08 05:10:37,455 - INFO - Rank 6: Financial Services (+0.76%) - MIDDLE
2025-05-08 05:10:37,456 - INFO - Rank 7: PSU Bank (+0.29%) - MIDDLE
2025-05-08 05:10:37,456 - INFO - Rank 8: IT (+0.14%) - BOTTOM
2025-05-08 05:10:37,457 - INFO - Rank 9: Pharma (-0.33%) - BOTTOM
2025-05-08 05:10:37,458 - INFO - Rank 10: FMCG (-0.52%) - BOTTOM
2025-05-08 05:10:37,458 - INFO - Latest timestamp in data: 2025-05-08 05:09:23
2025-05-08 05:10:37,459 - INFO - Loaded data for 10 sectors
2025-05-08 05:10:37,460 - INFO - Sector performance details:
2025-05-08 05:10:37,461 - INFO -   Rank 1: Auto - POSITIVE (1.66%) - TOP
2025-05-08 05:10:37,461 - INFO -   Rank 2: Realty - POSITIVE (1.12%) - TOP
2025-05-08 05:10:37,465 - INFO -   Rank 3: Media - POSITIVE (1.06%) - TOP
2025-05-08 05:10:37,468 - INFO -   Rank 4: Metal - POSITIVE (0.98%) - MIDDLE
2025-05-08 05:10:37,469 - INFO -   Rank 5: Energy - POSITIVE (0.82%) - MIDDLE
2025-05-08 05:10:37,470 - INFO -   Rank 6: Financial Services - POSITIVE (0.76%) - MIDDLE
2025-05-08 05:10:37,471 - INFO -   Rank 7: PSU Bank - POSITIVE (0.29%) - MIDDLE
2025-05-08 05:10:37,472 - INFO -   Rank 8: IT - POSITIVE (0.14%) - BOTTOM
2025-05-08 05:10:37,472 - INFO -   Rank 9: Pharma - NEGATIVE (-0.33%) - BOTTOM
2025-05-08 05:10:37,474 - INFO -   Rank 10: FMCG - NEGATIVE (-0.52%) - BOTTOM
2025-05-08 05:10:37,475 - INFO - 
==================================================
SECTOR DATA READ COMPLETE
==================================================
2025-05-08 05:10:37,476 - INFO - 
==================================================
PROCESSING SECTOR DATA
==================================================
2025-05-08 05:10:37,478 - INFO - Processing existing positions for potential exits...
2025-05-08 05:10:37,484 - INFO - 
==================================================
PROCESSING EXISTING POSITIONS
==================================================
2025-05-08 05:10:37,487 - INFO - Processing 16 existing positions
2025-05-08 05:10:37,488 - INFO - Checking position: BUY EXIDEIND.NS (Sector: Auto)
2025-05-08 05:10:37,492 - INFO - SECURITY ID LOOKUP: Searching for EXIDEIND.NS
2025-05-08 05:10:37,493 - INFO - Trying exact match for 'EXIDEIND.NS'
2025-05-08 05:10:37,493 - INFO - FOUND EXACT MATCH: ID 676 for EXIDEIND.NS
2025-05-08 05:10:37,494 - INFO - Getting current market price for EXIDEIND.NS
2025-05-08 05:10:37,494 - INFO - Failed to get quote using symbol: 'dhanhq' object has no attribute 'get_quote'
2025-05-08 05:10:37,501 - INFO - Failed to get LTP using security_id: 'dhanhq' object has no attribute 'get_ltp'
2025-05-08 05:10:37,502 - INFO - Failed to get price from candles: 'dhanhq' object has no attribute 'intraday_daily_minute_charts'
2025-05-08 05:10:37,503 - ERROR - Could not get current market price for EXIDEIND.NS
2025-05-08 05:10:37,503 - WARNING - Could not get current market price for EXIDEIND.NS
2025-05-08 05:10:37,503 - INFO - Checking position: BUY HEROMOTOCO.NS (Sector: Auto)
2025-05-08 05:10:37,504 - INFO - SECURITY ID LOOKUP: Searching for HEROMOTOCO.NS
2025-05-08 05:10:37,504 - INFO - Trying exact match for 'HEROMOTOCO.NS'
2025-05-08 05:10:37,505 - INFO - FOUND EXACT MATCH: ID 1348 for HEROMOTOCO.NS
2025-05-08 05:10:37,505 - INFO - Getting current market price for HEROMOTOCO.NS
2025-05-08 05:10:37,505 - INFO - Failed to get quote using symbol: 'dhanhq' object has no attribute 'get_quote'
2025-05-08 05:10:37,506 - INFO - Failed to get LTP using security_id: 'dhanhq' object has no attribute 'get_ltp'
2025-05-08 05:10:37,507 - INFO - Failed to get price from candles: 'dhanhq' object has no attribute 'intraday_daily_minute_charts'
2025-05-08 05:10:37,508 - ERROR - Could not get current market price for HEROMOTOCO.NS
2025-05-08 05:10:37,508 - WARNING - Could not get current market price for HEROMOTOCO.NS
2025-05-08 05:10:37,508 - INFO - Checking position: BUY BAJAJFINSV.NS (Sector: Financial Services)
2025-05-08 05:10:37,509 - INFO - SECURITY ID LOOKUP: Searching for BAJAJFINSV.NS
2025-05-08 05:10:37,509 - INFO - Trying exact match for 'BAJAJFINSV.NS'
2025-05-08 05:10:37,522 - INFO - FOUND EXACT MATCH: ID 16675 for BAJAJFINSV.NS
2025-05-08 05:10:37,524 - INFO - Getting current market price for BAJAJFINSV.NS
2025-05-08 05:10:37,524 - INFO - Failed to get quote using symbol: 'dhanhq' object has no attribute 'get_quote'
2025-05-08 05:10:37,527 - INFO - Failed to get LTP using security_id: 'dhanhq' object has no attribute 'get_ltp'
2025-05-08 05:10:37,527 - INFO - Failed to get price from candles: 'dhanhq' object has no attribute 'intraday_daily_minute_charts'
2025-05-08 05:10:37,528 - ERROR - Could not get current market price for BAJAJFINSV.NS
2025-05-08 05:10:37,535 - WARNING - Could not get current market price for BAJAJFINSV.NS
2025-05-08 05:10:37,536 - INFO - Checking position: BUY PFC.NS (Sector: Financial Services)
2025-05-08 05:10:37,537 - INFO - SECURITY ID LOOKUP: Searching for PFC.NS
2025-05-08 05:10:37,537 - INFO - Trying exact match for 'PFC.NS'
2025-05-08 05:10:37,538 - INFO - FOUND EXACT MATCH: ID 14299 for PFC.NS
2025-05-08 05:10:37,539 - INFO - Getting current market price for PFC.NS
2025-05-08 05:10:37,539 - INFO - Failed to get quote using symbol: 'dhanhq' object has no attribute 'get_quote'
2025-05-08 05:10:37,539 - INFO - Failed to get LTP using security_id: 'dhanhq' object has no attribute 'get_ltp'
2025-05-08 05:10:37,540 - INFO - Failed to get price from candles: 'dhanhq' object has no attribute 'intraday_daily_minute_charts'
2025-05-08 05:10:37,540 - ERROR - Could not get current market price for PFC.NS
2025-05-08 05:10:37,542 - WARNING - Could not get current market price for PFC.NS
2025-05-08 05:10:37,542 - INFO - Checking position: BUY RECLTD.NS (Sector: Financial Services)
2025-05-08 05:10:37,543 - INFO - SECURITY ID LOOKUP: Searching for RECLTD.NS
2025-05-08 05:10:37,543 - INFO - Trying exact match for 'RECLTD.NS'
2025-05-08 05:10:37,544 - INFO - FOUND EXACT MATCH: ID 15355 for RECLTD.NS
2025-05-08 05:10:37,544 - INFO - Getting current market price for RECLTD.NS
2025-05-08 05:10:37,544 - INFO - Failed to get quote using symbol: 'dhanhq' object has no attribute 'get_quote'
2025-05-08 05:10:37,549 - INFO - Failed to get LTP using security_id: 'dhanhq' object has no attribute 'get_ltp'
2025-05-08 05:10:37,550 - INFO - Failed to get price from candles: 'dhanhq' object has no attribute 'intraday_daily_minute_charts'
2025-05-08 05:10:37,551 - ERROR - Could not get current market price for RECLTD.NS
2025-05-08 05:10:37,551 - WARNING - Could not get current market price for RECLTD.NS
2025-05-08 05:10:37,552 - INFO - Checking position: SELL GODREJPROP.NS (Sector: Realty)
2025-05-08 05:10:37,552 - INFO - SECURITY ID LOOKUP: Searching for GODREJPROP.NS
2025-05-08 05:10:37,552 - INFO - Trying exact match for 'GODREJPROP.NS'
2025-05-08 05:10:37,553 - INFO - FOUND EXACT MATCH: ID 17875 for GODREJPROP.NS
2025-05-08 05:10:37,553 - INFO - Getting current market price for GODREJPROP.NS
2025-05-08 05:10:37,554 - INFO - Failed to get quote using symbol: 'dhanhq' object has no attribute 'get_quote'
2025-05-08 05:10:37,555 - INFO - Failed to get LTP using security_id: 'dhanhq' object has no attribute 'get_ltp'
2025-05-08 05:10:37,555 - INFO - Failed to get price from candles: 'dhanhq' object has no attribute 'intraday_daily_minute_charts'
2025-05-08 05:10:37,556 - ERROR - Could not get current market price for GODREJPROP.NS
2025-05-08 05:10:37,556 - WARNING - Could not get current market price for GODREJPROP.NS
2025-05-08 05:10:37,556 - INFO - Checking position: BUY COLPAL.NS (Sector: FMCG)
2025-05-08 05:10:37,559 - INFO - SECURITY ID LOOKUP: Searching for COLPAL.NS
2025-05-08 05:10:37,559 - INFO - Trying exact match for 'COLPAL.NS'
2025-05-08 05:10:37,560 - INFO - FOUND EXACT MATCH: ID 15141 for COLPAL.NS
2025-05-08 05:10:37,567 - INFO - Getting current market price for COLPAL.NS
2025-05-08 05:10:37,571 - INFO - Failed to get quote using symbol: 'dhanhq' object has no attribute 'get_quote'
2025-05-08 05:10:37,572 - INFO - Failed to get LTP using security_id: 'dhanhq' object has no attribute 'get_ltp'
2025-05-08 05:10:37,572 - INFO - Failed to get price from candles: 'dhanhq' object has no attribute 'intraday_daily_minute_charts'
2025-05-08 05:10:37,574 - ERROR - Could not get current market price for COLPAL.NS
2025-05-08 05:10:37,575 - WARNING - Could not get current market price for COLPAL.NS
2025-05-08 05:10:37,576 - INFO - Checking position: SELL SBILIFE.NS (Sector: Financial Services)
2025-05-08 05:10:37,576 - INFO - SECURITY ID LOOKUP: Searching for SBILIFE.NS
2025-05-08 05:10:37,577 - INFO - Trying exact match for 'SBILIFE.NS'
2025-05-08 05:10:37,582 - INFO - FOUND EXACT MATCH: ID 21808 for SBILIFE.NS
2025-05-08 05:10:37,583 - INFO - Getting current market price for SBILIFE.NS
2025-05-08 05:10:37,585 - INFO - Failed to get quote using symbol: 'dhanhq' object has no attribute 'get_quote'
2025-05-08 05:10:37,586 - INFO - Failed to get LTP using security_id: 'dhanhq' object has no attribute 'get_ltp'
2025-05-08 05:10:37,587 - INFO - Failed to get price from candles: 'dhanhq' object has no attribute 'intraday_daily_minute_charts'
2025-05-08 05:10:37,587 - ERROR - Could not get current market price for SBILIFE.NS
2025-05-08 05:10:37,590 - WARNING - Could not get current market price for SBILIFE.NS
2025-05-08 05:10:37,591 - INFO - Checking position: BUY NESTLEIND.NS (Sector: FMCG)
2025-05-08 05:10:37,592 - INFO - SECURITY ID LOOKUP: Searching for NESTLEIND.NS
2025-05-08 05:10:37,593 - INFO - Trying exact match for 'NESTLEIND.NS'
2025-05-08 05:10:37,603 - INFO - FOUND EXACT MATCH: ID 17963 for NESTLEIND.NS
2025-05-08 05:10:37,604 - INFO - Getting current market price for NESTLEIND.NS
2025-05-08 05:10:37,608 - INFO - Failed to get quote using symbol: 'dhanhq' object has no attribute 'get_quote'
2025-05-08 05:10:37,610 - INFO - Failed to get LTP using security_id: 'dhanhq' object has no attribute 'get_ltp'
2025-05-08 05:10:37,616 - INFO - Failed to get price from candles: 'dhanhq' object has no attribute 'intraday_daily_minute_charts'
2025-05-08 05:10:37,620 - ERROR - Could not get current market price for NESTLEIND.NS
2025-05-08 05:10:37,620 - WARNING - Could not get current market price for NESTLEIND.NS
2025-05-08 05:10:37,640 - INFO - Checking position: BUY ONGC.NS (Sector: Energy)
2025-05-08 05:10:37,643 - INFO - SECURITY ID LOOKUP: Searching for ONGC.NS
2025-05-08 05:10:37,647 - INFO - Trying exact match for 'ONGC.NS'
2025-05-08 05:10:37,651 - INFO - FOUND EXACT MATCH: ID 2475 for ONGC.NS
2025-05-08 05:10:37,652 - INFO - Getting current market price for ONGC.NS
2025-05-08 05:10:37,655 - INFO - Failed to get quote using symbol: 'dhanhq' object has no attribute 'get_quote'
2025-05-08 05:10:37,656 - INFO - Failed to get LTP using security_id: 'dhanhq' object has no attribute 'get_ltp'
2025-05-08 05:10:37,657 - INFO - Failed to get price from candles: 'dhanhq' object has no attribute 'intraday_daily_minute_charts'
2025-05-08 05:10:37,659 - ERROR - Could not get current market price for ONGC.NS
2025-05-08 05:10:37,659 - WARNING - Could not get current market price for ONGC.NS
2025-05-08 05:10:37,661 - INFO - Checking position: SELL MARICO.NS (Sector: FMCG)
2025-05-08 05:10:37,664 - INFO - SECURITY ID LOOKUP: Searching for MARICO.NS
2025-05-08 05:10:37,670 - INFO - Trying exact match for 'MARICO.NS'
2025-05-08 05:10:37,671 - INFO - FOUND EXACT MATCH: ID 4067 for MARICO.NS
2025-05-08 05:10:37,672 - INFO - Getting current market price for MARICO.NS
2025-05-08 05:10:37,673 - INFO - Failed to get quote using symbol: 'dhanhq' object has no attribute 'get_quote'
2025-05-08 05:10:37,675 - INFO - Failed to get LTP using security_id: 'dhanhq' object has no attribute 'get_ltp'
2025-05-08 05:10:37,676 - INFO - Failed to get price from candles: 'dhanhq' object has no attribute 'intraday_daily_minute_charts'
2025-05-08 05:10:37,676 - ERROR - Could not get current market price for MARICO.NS
2025-05-08 05:10:37,677 - WARNING - Could not get current market price for MARICO.NS
2025-05-08 05:10:37,677 - INFO - Checking position: SELL LALPATHLAB.NS (Sector: Pharma)
2025-05-08 05:10:37,678 - INFO - SECURITY ID LOOKUP: Searching for LALPATHLAB.NS
2025-05-08 05:10:37,678 - INFO - Trying exact match for 'LALPATHLAB.NS'
2025-05-08 05:10:37,683 - INFO - FOUND EXACT MATCH: ID 11654 for LALPATHLAB.NS
2025-05-08 05:10:37,685 - INFO - Getting current market price for LALPATHLAB.NS
2025-05-08 05:10:37,686 - INFO - Failed to get quote using symbol: 'dhanhq' object has no attribute 'get_quote'
2025-05-08 05:10:37,686 - INFO - Failed to get LTP using security_id: 'dhanhq' object has no attribute 'get_ltp'
2025-05-08 05:10:37,687 - INFO - Failed to get price from candles: 'dhanhq' object has no attribute 'intraday_daily_minute_charts'
2025-05-08 05:10:37,687 - ERROR - Could not get current market price for LALPATHLAB.NS
2025-05-08 05:10:37,688 - WARNING - Could not get current market price for LALPATHLAB.NS
2025-05-08 05:10:37,688 - INFO - Checking position: SELL BIOCON.NS (Sector: Pharma)
2025-05-08 05:10:37,689 - INFO - SECURITY ID LOOKUP: Searching for BIOCON.NS
2025-05-08 05:10:37,689 - INFO - Trying exact match for 'BIOCON.NS'
2025-05-08 05:10:37,690 - INFO - FOUND EXACT MATCH: ID 11373 for BIOCON.NS
2025-05-08 05:10:37,691 - INFO - Getting current market price for BIOCON.NS
2025-05-08 05:10:37,691 - INFO - Failed to get quote using symbol: 'dhanhq' object has no attribute 'get_quote'
2025-05-08 05:10:37,692 - INFO - Failed to get LTP using security_id: 'dhanhq' object has no attribute 'get_ltp'
2025-05-08 05:10:37,693 - INFO - Failed to get price from candles: 'dhanhq' object has no attribute 'intraday_daily_minute_charts'
2025-05-08 05:10:37,693 - ERROR - Could not get current market price for BIOCON.NS
2025-05-08 05:10:37,694 - WARNING - Could not get current market price for BIOCON.NS
2025-05-08 05:10:37,694 - INFO - Checking position: BUY HATHWAY.NS (Sector: Media)
2025-05-08 05:10:37,701 - INFO - SECURITY ID LOOKUP: Searching for HATHWAY.NS
2025-05-08 05:10:37,704 - INFO - Trying exact match for 'HATHWAY.NS'
2025-05-08 05:10:37,705 - INFO - FOUND EXACT MATCH: ID 18154 for HATHWAY.NS
2025-05-08 05:10:37,708 - INFO - Getting current market price for HATHWAY.NS
2025-05-08 05:10:37,709 - INFO - Failed to get quote using symbol: 'dhanhq' object has no attribute 'get_quote'
2025-05-08 05:10:37,722 - INFO - Failed to get LTP using security_id: 'dhanhq' object has no attribute 'get_ltp'
2025-05-08 05:10:37,724 - INFO - Failed to get price from candles: 'dhanhq' object has no attribute 'intraday_daily_minute_charts'
2025-05-08 05:10:37,726 - ERROR - Could not get current market price for HATHWAY.NS
2025-05-08 05:10:37,727 - WARNING - Could not get current market price for HATHWAY.NS
2025-05-08 05:10:37,727 - INFO - Checking position: BUY SUNTV.NS (Sector: Media)
2025-05-08 05:10:37,727 - INFO - SECURITY ID LOOKUP: Searching for SUNTV.NS
2025-05-08 05:10:37,728 - INFO - Trying exact match for 'SUNTV.NS'
2025-05-08 05:10:37,728 - INFO - FOUND EXACT MATCH: ID 13404 for SUNTV.NS
2025-05-08 05:10:37,742 - INFO - Getting current market price for SUNTV.NS
2025-05-08 05:10:37,787 - INFO - Failed to get quote using symbol: 'dhanhq' object has no attribute 'get_quote'
2025-05-08 05:10:37,793 - INFO - Failed to get LTP using security_id: 'dhanhq' object has no attribute 'get_ltp'
2025-05-08 05:10:37,811 - INFO - Failed to get price from candles: 'dhanhq' object has no attribute 'intraday_daily_minute_charts'
2025-05-08 05:10:37,818 - ERROR - Could not get current market price for SUNTV.NS
2025-05-08 05:10:37,821 - WARNING - Could not get current market price for SUNTV.NS
2025-05-08 05:10:37,821 - INFO - Checking position: BUY PRESTIGE.NS (Sector: Realty)
2025-05-08 05:10:37,822 - INFO - SECURITY ID LOOKUP: Searching for PRESTIGE.NS
2025-05-08 05:10:37,822 - INFO - Trying exact match for 'PRESTIGE.NS'
2025-05-08 05:10:37,823 - INFO - FOUND EXACT MATCH: ID 20302 for PRESTIGE.NS
2025-05-08 05:10:37,824 - INFO - Getting current market price for PRESTIGE.NS
2025-05-08 05:10:37,825 - INFO - Failed to get quote using symbol: 'dhanhq' object has no attribute 'get_quote'
2025-05-08 05:10:37,825 - INFO - Failed to get LTP using security_id: 'dhanhq' object has no attribute 'get_ltp'
2025-05-08 05:10:37,827 - INFO - Failed to get price from candles: 'dhanhq' object has no attribute 'intraday_daily_minute_charts'
2025-05-08 05:10:37,831 - ERROR - Could not get current market price for PRESTIGE.NS
2025-05-08 05:10:37,832 - WARNING - Could not get current market price for PRESTIGE.NS
2025-05-08 05:10:37,835 - INFO - No positions needed to be exited
2025-05-08 05:10:37,835 - INFO - 
==================================================
POSITION PROCESSING COMPLETE
==================================================
2025-05-08 05:10:37,837 - INFO - First run of the day - looking for sector-based trading opportunities...
2025-05-08 05:10:37,837 - INFO - 
==================================================
FINDING NEW TRADING OPPORTUNITIES
==================================================
2025-05-08 05:10:37,838 - INFO - Found 33 active tickers out of 33 total
2025-05-08 05:10:37,840 - INFO - Processed sector data for 10 sectors
2025-05-08 05:10:37,841 - INFO - Processing tickers in order: ['BALKRISIND.NS', 'M&M.NS', 'MARUTI.NS', 'MOTHERSON.NS', 'MRF.NS', 'MARICO.NS', 'CHOLAFIN.NS', 'MUTHOOTFIN.NS', 'PEL.NS', 'LALPATHLAB.NS', 'NAZARA.NS', 'TATASTEEL.NS', 'MGL.NS', 'BIOCON.NS', 'VBL.NS', 'ADANIENSOL.NS', 'ADANIGREEN.NS', 'TATAPOWER.NS', 'RECLTD.NS', 'LTTS.NS', 'MPHASIS.NS', 'HATHWAY.NS', 'SUNTV.NS', 'PETRONET.NS', 'AUROPHARMA.NS', 'BANKBARODA.NS', 'BANKINDIA.NS', 'CANBK.NS', 'PNB.NS', 'UNIONBANK.NS', 'BANDHANBNK.NS', 'PRESTIGE.NS', 'HUDCO.NS']
2025-05-08 05:10:37,842 - INFO - Already have open positions for: ['EXIDEIND.NS', 'HEROMOTOCO.NS', 'BAJAJFINSV.NS', 'PFC.NS', 'RECLTD.NS', 'GODREJPROP.NS', 'COLPAL.NS', 'SBILIFE.NS', 'NESTLEIND.NS', 'ONGC.NS', 'MARICO.NS', 'LALPATHLAB.NS', 'BIOCON.NS', 'HATHWAY.NS', 'SUNTV.NS', 'PRESTIGE.NS']
2025-05-08 05:10:37,843 - INFO - Current sector rankings:
2025-05-08 05:10:37,843 - INFO -   Rank 1: Auto - POSITIVE (1.66%) - TOP
2025-05-08 05:10:37,843 - INFO -   Rank 2: Realty - POSITIVE (1.12%) - TOP
2025-05-08 05:10:37,844 - INFO -   Rank 3: Media - POSITIVE (1.06%) - TOP
2025-05-08 05:10:37,844 - INFO -   Rank 4: Metal - POSITIVE (0.98%) - MIDDLE
2025-05-08 05:10:37,845 - INFO -   Rank 5: Energy - POSITIVE (0.82%) - MIDDLE
2025-05-08 05:10:37,845 - INFO -   Rank 6: Financial Services - POSITIVE (0.76%) - MIDDLE
2025-05-08 05:10:37,849 - INFO -   Rank 7: PSU Bank - POSITIVE (0.29%) - MIDDLE
2025-05-08 05:10:37,851 - INFO -   Rank 8: IT - POSITIVE (0.14%) - BOTTOM
2025-05-08 05:10:37,852 - INFO -   Rank 9: Pharma - NEGATIVE (-0.33%) - BOTTOM
2025-05-08 05:10:37,852 - INFO -   Rank 10: FMCG - NEGATIVE (-0.52%) - BOTTOM
2025-05-08 05:10:37,853 - INFO - Processing ticker 1: BALKRISIND.NS
2025-05-08 05:10:37,853 - INFO - Found sector Auto for BALKRISIND.NS
2025-05-08 05:10:37,854 - INFO - Evaluating BALKRISIND.NS in sector Auto - Rank 1 (TOP)
2025-05-08 05:10:37,854 - INFO -   Performance: +1.66%
2025-05-08 05:10:37,854 - INFO - Not trading BALKRISIND.NS - sector ranking doesn't match strategy
2025-05-08 05:10:37,854 - INFO -   Transaction type: SELL
2025-05-08 05:10:37,855 - INFO -   Sector category: TOP
2025-05-08 05:10:37,855 - INFO -   Sector is_positive: True
2025-05-08 05:10:37,855 - INFO - Processing ticker 2: M&M.NS
2025-05-08 05:10:37,856 - INFO - Found sector Auto for M&M.NS
2025-05-08 05:10:37,856 - INFO - Evaluating M&M.NS in sector Auto - Rank 1 (TOP)
2025-05-08 05:10:37,857 - INFO -   Performance: +1.66%
2025-05-08 05:10:37,857 - INFO - Not trading M&M.NS - sector ranking doesn't match strategy
2025-05-08 05:10:37,858 - INFO -   Transaction type: SELL
2025-05-08 05:10:37,859 - INFO -   Sector category: TOP
2025-05-08 05:10:37,859 - INFO -   Sector is_positive: True
2025-05-08 05:10:37,859 - INFO - Processing ticker 3: MARUTI.NS
2025-05-08 05:10:37,860 - INFO - Found sector Auto for MARUTI.NS
2025-05-08 05:10:37,861 - INFO - Evaluating MARUTI.NS in sector Auto - Rank 1 (TOP)
2025-05-08 05:10:37,861 - INFO -   Performance: +1.66%
2025-05-08 05:10:37,862 - INFO - Not trading MARUTI.NS - sector ranking doesn't match strategy
2025-05-08 05:10:37,867 - INFO -   Transaction type: SELL
2025-05-08 05:10:37,869 - INFO -   Sector category: TOP
2025-05-08 05:10:37,870 - INFO -   Sector is_positive: True
2025-05-08 05:10:37,872 - INFO - Processing ticker 4: MOTHERSON.NS
2025-05-08 05:10:37,872 - INFO - Found sector Auto for MOTHERSON.NS
2025-05-08 05:10:37,873 - INFO - Evaluating MOTHERSON.NS in sector Auto - Rank 1 (TOP)
2025-05-08 05:10:37,876 - INFO -   Performance: +1.66%
2025-05-08 05:10:37,876 - INFO - Not trading MOTHERSON.NS - sector ranking doesn't match strategy
2025-05-08 05:10:37,878 - INFO -   Transaction type: SELL
2025-05-08 05:10:37,886 - INFO -   Sector category: TOP
2025-05-08 05:10:37,886 - INFO -   Sector is_positive: True
2025-05-08 05:10:37,887 - INFO - Processing ticker 5: MRF.NS
2025-05-08 05:10:37,888 - INFO - Found sector Auto for MRF.NS
2025-05-08 05:10:37,889 - INFO - Evaluating MRF.NS in sector Auto - Rank 1 (TOP)
2025-05-08 05:10:37,889 - INFO -   Performance: +1.66%
2025-05-08 05:10:37,890 - INFO - Not trading MRF.NS - sector ranking doesn't match strategy
2025-05-08 05:10:37,891 - INFO -   Transaction type: SELL
2025-05-08 05:10:37,892 - INFO -   Sector category: TOP
2025-05-08 05:10:37,892 - INFO -   Sector is_positive: True
2025-05-08 05:10:37,893 - INFO - Processing ticker 6: MARICO.NS
2025-05-08 05:10:37,893 - INFO - Skipping MARICO.NS - already have an open position
2025-05-08 05:10:37,894 - INFO - Processing ticker 7: CHOLAFIN.NS
2025-05-08 05:10:37,894 - INFO - Found sector Financial Services for CHOLAFIN.NS
2025-05-08 05:10:37,894 - INFO - Evaluating CHOLAFIN.NS in sector Financial Services - Rank 6 (MIDDLE)
2025-05-08 05:10:37,910 - INFO -   Performance: +0.76%
2025-05-08 05:10:37,934 - INFO - Not trading CHOLAFIN.NS - sector ranking doesn't match strategy
2025-05-08 05:10:37,936 - INFO -   Transaction type: SELL
2025-05-08 05:10:37,942 - INFO -   Sector category: MIDDLE
2025-05-08 05:10:37,958 - INFO -   Sector is_positive: True
2025-05-08 05:10:37,959 - INFO - Processing ticker 8: MUTHOOTFIN.NS
2025-05-08 05:10:37,971 - INFO - Found sector Financial Services for MUTHOOTFIN.NS
2025-05-08 05:10:37,975 - INFO - Evaluating MUTHOOTFIN.NS in sector Financial Services - Rank 6 (MIDDLE)
2025-05-08 05:10:37,976 - INFO -   Performance: +0.76%
2025-05-08 05:10:37,977 - INFO - Not trading MUTHOOTFIN.NS - sector ranking doesn't match strategy
2025-05-08 05:10:37,977 - INFO -   Transaction type: SELL
2025-05-08 05:10:37,985 - INFO -   Sector category: MIDDLE
2025-05-08 05:10:37,987 - INFO -   Sector is_positive: True
2025-05-08 05:10:37,988 - INFO - Processing ticker 9: PEL.NS
2025-05-08 05:10:37,989 - INFO - Found sector Financial Services for PEL.NS
2025-05-08 05:10:37,991 - INFO - Evaluating PEL.NS in sector Financial Services - Rank 6 (MIDDLE)
2025-05-08 05:10:37,992 - INFO -   Performance: +0.76%
2025-05-08 05:10:37,993 - INFO - Not trading PEL.NS - sector ranking doesn't match strategy
2025-05-08 05:10:37,994 - INFO -   Transaction type: SELL
2025-05-08 05:10:37,999 - INFO -   Sector category: MIDDLE
2025-05-08 05:10:38,004 - INFO -   Sector is_positive: True
2025-05-08 05:10:38,005 - INFO - Processing ticker 10: LALPATHLAB.NS
2025-05-08 05:10:38,006 - INFO - Skipping LALPATHLAB.NS - already have an open position
2025-05-08 05:10:38,007 - INFO - Processing ticker 11: NAZARA.NS
2025-05-08 05:10:38,008 - INFO - Found sector Media for NAZARA.NS
2025-05-08 05:10:38,009 - INFO - Evaluating NAZARA.NS in sector Media - Rank 3 (TOP)
2025-05-08 05:10:38,011 - INFO -   Performance: +1.06%
2025-05-08 05:10:38,017 - INFO - Not trading NAZARA.NS - sector ranking doesn't match strategy
2025-05-08 05:10:38,022 - INFO -   Transaction type: SELL
2025-05-08 05:10:38,025 - INFO -   Sector category: TOP
2025-05-08 05:10:38,027 - INFO -   Sector is_positive: True
2025-05-08 05:10:38,028 - INFO - Processing ticker 12: TATASTEEL.NS
2025-05-08 05:10:38,034 - INFO - Found sector Metal for TATASTEEL.NS
2025-05-08 05:10:38,036 - INFO - Evaluating TATASTEEL.NS in sector Metal - Rank 4 (MIDDLE)
2025-05-08 05:10:38,038 - INFO -   Performance: +0.98%
2025-05-08 05:10:38,038 - INFO - Not trading TATASTEEL.NS - sector ranking doesn't match strategy
2025-05-08 05:10:38,040 - INFO -   Transaction type: SELL
2025-05-08 05:10:38,051 - INFO -   Sector category: MIDDLE
2025-05-08 05:10:38,056 - INFO -   Sector is_positive: True
2025-05-08 05:10:38,069 - INFO - Processing ticker 13: MGL.NS
2025-05-08 05:10:38,073 - WARNING - Could not find sector for MGL.NS in sector mapping
2025-05-08 05:10:38,074 - INFO - Processing ticker 14: BIOCON.NS
2025-05-08 05:10:38,075 - INFO - Skipping BIOCON.NS - already have an open position
2025-05-08 05:10:38,075 - INFO - Processing ticker 15: VBL.NS
2025-05-08 05:10:38,077 - WARNING - Could not find sector for VBL.NS in sector mapping
2025-05-08 05:10:38,078 - INFO - Processing ticker 16: ADANIENSOL.NS
2025-05-08 05:10:38,083 - WARNING - Could not find sector for ADANIENSOL.NS in sector mapping
2025-05-08 05:10:38,085 - INFO - Processing ticker 17: ADANIGREEN.NS
2025-05-08 05:10:38,087 - INFO - Found sector Energy for ADANIGREEN.NS
2025-05-08 05:10:38,088 - INFO - Evaluating ADANIGREEN.NS in sector Energy - Rank 5 (MIDDLE)
2025-05-08 05:10:38,088 - INFO -   Performance: +0.82%
2025-05-08 05:10:38,089 - INFO - Not trading ADANIGREEN.NS - sector ranking doesn't match strategy
2025-05-08 05:10:38,091 - INFO -   Transaction type: BUY
2025-05-08 05:10:38,092 - INFO -   Sector category: MIDDLE
2025-05-08 05:10:38,093 - INFO -   Sector is_positive: True
2025-05-08 05:10:38,094 - INFO - Processing ticker 18: TATAPOWER.NS
2025-05-08 05:10:38,094 - INFO - Found sector Energy for TATAPOWER.NS
2025-05-08 05:10:38,095 - INFO - Evaluating TATAPOWER.NS in sector Energy - Rank 5 (MIDDLE)
2025-05-08 05:10:38,099 - INFO -   Performance: +0.82%
2025-05-08 05:10:38,100 - INFO - Not trading TATAPOWER.NS - sector ranking doesn't match strategy
2025-05-08 05:10:38,102 - INFO -   Transaction type: BUY
2025-05-08 05:10:38,102 - INFO -   Sector category: MIDDLE
2025-05-08 05:10:38,103 - INFO -   Sector is_positive: True
2025-05-08 05:10:38,104 - INFO - Processing ticker 19: RECLTD.NS
2025-05-08 05:10:38,104 - INFO - Skipping RECLTD.NS - already have an open position
2025-05-08 05:10:38,105 - INFO - Processing ticker 20: LTTS.NS
2025-05-08 05:10:38,106 - INFO - Found sector IT for LTTS.NS
2025-05-08 05:10:38,109 - INFO - Evaluating LTTS.NS in sector IT - Rank 8 (BOTTOM)
2025-05-08 05:10:38,109 - INFO -   Performance: +0.14%
2025-05-08 05:10:38,110 - INFO - Not trading LTTS.NS - sector ranking doesn't match strategy
2025-05-08 05:10:38,110 - INFO -   Transaction type: BUY
2025-05-08 05:10:38,111 - INFO -   Sector category: BOTTOM
2025-05-08 05:10:38,112 - INFO -   Sector is_positive: True
2025-05-08 05:10:38,117 - INFO - Processing ticker 21: MPHASIS.NS
2025-05-08 05:10:38,118 - INFO - Found sector IT for MPHASIS.NS
2025-05-08 05:10:38,119 - INFO - Evaluating MPHASIS.NS in sector IT - Rank 8 (BOTTOM)
2025-05-08 05:10:38,120 - INFO -   Performance: +0.14%
2025-05-08 05:10:38,121 - INFO - Not trading MPHASIS.NS - sector ranking doesn't match strategy
2025-05-08 05:10:38,121 - INFO -   Transaction type: BUY
2025-05-08 05:10:38,123 - INFO -   Sector category: BOTTOM
2025-05-08 05:10:38,124 - INFO -   Sector is_positive: True
2025-05-08 05:10:38,125 - INFO - Processing ticker 22: HATHWAY.NS
2025-05-08 05:10:38,125 - INFO - Skipping HATHWAY.NS - already have an open position
2025-05-08 05:10:38,126 - INFO - Processing ticker 23: SUNTV.NS
2025-05-08 05:10:38,127 - INFO - Skipping SUNTV.NS - already have an open position
2025-05-08 05:10:38,128 - INFO - Processing ticker 24: PETRONET.NS
2025-05-08 05:10:38,131 - INFO - Found sector Oil & Gas for PETRONET.NS
2025-05-08 05:10:38,134 - WARNING - No data for sector Oil & Gas
2025-05-08 05:10:38,135 - INFO - Processing ticker 25: AUROPHARMA.NS
2025-05-08 05:10:38,136 - INFO - Found sector Pharma for AUROPHARMA.NS
2025-05-08 05:10:38,137 - INFO - Evaluating AUROPHARMA.NS in sector Pharma - Rank 9 (BOTTOM)
2025-05-08 05:10:38,139 - INFO -   Performance: -0.33%
2025-05-08 05:10:38,140 - INFO - Not trading AUROPHARMA.NS - sector ranking doesn't match strategy
2025-05-08 05:10:38,140 - INFO -   Transaction type: BUY
2025-05-08 05:10:38,141 - INFO -   Sector category: BOTTOM
2025-05-08 05:10:38,142 - INFO -   Sector is_positive: False
2025-05-08 05:10:38,142 - INFO - Processing ticker 26: BANKBARODA.NS
2025-05-08 05:10:38,143 - WARNING - Could not find sector for BANKBARODA.NS in sector mapping
2025-05-08 05:10:38,143 - INFO - Processing ticker 27: BANKINDIA.NS
2025-05-08 05:10:38,144 - INFO - Found sector PSU Bank for BANKINDIA.NS
2025-05-08 05:10:38,145 - INFO - Evaluating BANKINDIA.NS in sector PSU Bank - Rank 7 (MIDDLE)
2025-05-08 05:10:38,148 - INFO -   Performance: +0.29%
2025-05-08 05:10:38,150 - INFO - Not trading BANKINDIA.NS - sector ranking doesn't match strategy
2025-05-08 05:10:38,151 - INFO -   Transaction type: BUY
2025-05-08 05:10:38,155 - INFO -   Sector category: MIDDLE
2025-05-08 05:10:38,156 - INFO -   Sector is_positive: True
2025-05-08 05:10:38,157 - INFO - Processing ticker 28: CANBK.NS
2025-05-08 05:10:38,158 - INFO - Found sector Bank for CANBK.NS
2025-05-08 05:10:38,158 - WARNING - No data for sector Bank
2025-05-08 05:10:38,159 - INFO - Processing ticker 29: PNB.NS
2025-05-08 05:10:38,160 - INFO - Found sector PSU Bank for PNB.NS
2025-05-08 05:10:38,160 - INFO - Evaluating PNB.NS in sector PSU Bank - Rank 7 (MIDDLE)
2025-05-08 05:10:38,161 - INFO -   Performance: +0.29%
2025-05-08 05:10:38,162 - INFO - Not trading PNB.NS - sector ranking doesn't match strategy
2025-05-08 05:10:38,167 - INFO -   Transaction type: BUY
2025-05-08 05:10:38,169 - INFO -   Sector category: MIDDLE
2025-05-08 05:10:38,171 - INFO -   Sector is_positive: True
2025-05-08 05:10:38,171 - INFO - Processing ticker 30: UNIONBANK.NS
2025-05-08 05:10:38,172 - INFO - Found sector PSU Bank for UNIONBANK.NS
2025-05-08 05:10:38,173 - INFO - Evaluating UNIONBANK.NS in sector PSU Bank - Rank 7 (MIDDLE)
2025-05-08 05:10:38,174 - INFO -   Performance: +0.29%
2025-05-08 05:10:38,174 - INFO - Not trading UNIONBANK.NS - sector ranking doesn't match strategy
2025-05-08 05:10:38,175 - INFO -   Transaction type: BUY
2025-05-08 05:10:38,175 - INFO -   Sector category: MIDDLE
2025-05-08 05:10:38,175 - INFO -   Sector is_positive: True
2025-05-08 05:10:38,176 - INFO - Processing ticker 31: BANDHANBNK.NS
2025-05-08 05:10:38,177 - INFO - Found sector PVT Bank for BANDHANBNK.NS
2025-05-08 05:10:38,177 - WARNING - No data for sector PVT Bank
2025-05-08 05:10:38,178 - INFO - Processing ticker 32: PRESTIGE.NS
2025-05-08 05:10:38,181 - INFO - Skipping PRESTIGE.NS - already have an open position
2025-05-08 05:10:38,185 - INFO - Processing ticker 33: HUDCO.NS
2025-05-08 05:10:38,186 - WARNING - Could not find sector for HUDCO.NS in sector mapping
2025-05-08 05:10:38,187 - INFO - Ticker processing summary:
2025-05-08 05:10:38,187 - INFO -   Total tickers considered: 33
2025-05-08 05:10:38,188 - INFO -   Tickers with sector data: 21
2025-05-08 05:10:38,189 - INFO -   Tickers matching sector ranking strategy: 0
2025-05-08 05:10:38,190 - INFO -   Tickers with security ID: 0
2025-05-08 05:10:38,190 - INFO -   Orders successfully placed: 0
2025-05-08 05:10:38,191 - INFO - New positions added: 0
2025-05-08 05:10:38,191 - INFO - Positions skipped: 33
2025-05-08 05:10:38,192 - INFO - Positions with errors: 0
2025-05-08 05:10:38,193 - INFO - 
==================================================
NEW OPPORTUNITIES PROCESSING COMPLETE
==================================================
2025-05-08 05:10:38,195 - INFO - Initial trades have been executed - no more new trades will be placed today
2025-05-08 05:10:38,196 - INFO - 
==================================================
SECTOR PROCESSING COMPLETE
==================================================
2025-05-08 05:10:38,206 - INFO - Saved 16 positions to dhan_positions.json
2025-05-08 05:10:38,207 - INFO - 
==================================================
POSITIONS SUMMARY
==================================================
2025-05-08 05:10:38,208 - INFO - Current positions summary:
2025-05-08 05:10:38,209 - INFO -   Open BUY positions: 11
2025-05-08 05:10:38,209 - INFO -   Open SELL positions: 5
2025-05-08 05:10:38,210 - INFO -   Closed positions: 0
2025-05-08 05:10:38,210 - INFO -   Total positions: 16
2025-05-08 05:10:38,210 - INFO - Open positions:
2025-05-08 05:10:38,211 - INFO -   BUY EXIDEIND.NS (Sector: Auto, Entry: 2025-05-05 05:08:27, Order ID: 412505057762, SL%: 1.0%, Target%: 1.0%)
2025-05-08 05:10:38,211 - INFO -   BUY HEROMOTOCO.NS (Sector: Auto, Entry: 2025-05-05 05:08:39, Order ID: 912505057802, SL%: 1.0%, Target%: 1.0%)
2025-05-08 05:10:38,212 - INFO -   BUY BAJAJFINSV.NS (Sector: Financial Services, Entry: 2025-05-05 05:08:51, Order ID: 912505057892, SL%: 1.0%, Target%: 1.0%)
2025-05-08 05:10:38,212 - INFO -   BUY PFC.NS (Sector: Financial Services, Entry: 2025-05-05 05:09:04, Order ID: 912505057962, SL%: 1.0%, Target%: 1.0%)
2025-05-08 05:10:38,213 - INFO -   BUY RECLTD.NS (Sector: Financial Services, Entry: 2025-05-05 05:09:16, Order ID: 912505058012, SL%: 1.0%, Target%: 1.0%)
2025-05-08 05:10:38,215 - INFO -   SELL GODREJPROP.NS (Sector: Realty, Entry: 2025-05-05 05:09:29, Order ID: 312505057842, SL%: 1.0%, Target%: 1.0%)
2025-05-08 05:10:38,219 - INFO -   BUY COLPAL.NS (Sector: FMCG, Entry: 2025-05-05 05:34:29, Order ID: 6125050517042, SL%: 1.0%, Target%: 1.0%)
2025-05-08 05:10:38,220 - INFO -   SELL SBILIFE.NS (Sector: Financial Services, Entry: 2025-05-05 05:34:42, Order ID: 9125050513002, SL%: 1.0%, Target%: 1.0%)
2025-05-08 05:10:38,221 - INFO -   BUY NESTLEIND.NS (Sector: FMCG, Entry: 2025-05-06 05:01:40, Order ID: 212505067072, SL%: 1.0%, Target%: 1.0%)
2025-05-08 05:10:38,221 - INFO -   BUY ONGC.NS (Sector: Energy, Entry: 2025-05-06 05:01:52, Order ID: 512505067422, SL%: 1.0%, Target%: 1.0%)
2025-05-08 05:10:38,222 - INFO -   SELL MARICO.NS (Sector: FMCG, Entry: 2025-05-08 05:01:51, Order ID: 512505087152, SL%: 1.0%, Target%: 1.0%)
2025-05-08 05:10:38,222 - INFO -   SELL LALPATHLAB.NS (Sector: Pharma, Entry: 2025-05-08 05:02:03, Order ID: 412505086142, SL%: 1.0%, Target%: 1.0%)
2025-05-08 05:10:38,223 - INFO -   SELL BIOCON.NS (Sector: Pharma, Entry: 2025-05-08 05:02:15, Order ID: 612505087882, SL%: 1.0%, Target%: 1.0%)
2025-05-08 05:10:38,223 - INFO -   BUY HATHWAY.NS (Sector: Media, Entry: 2025-05-08 05:02:28, Order ID: 512505087252, SL%: 1.0%, Target%: 1.0%)
2025-05-08 05:10:38,224 - INFO -   BUY SUNTV.NS (Sector: Media, Entry: 2025-05-08 05:02:40, Order ID: 912505086332, SL%: 1.0%, Target%: 1.0%)
2025-05-08 05:10:38,224 - INFO -   BUY PRESTIGE.NS (Sector: Realty, Entry: 2025-05-08 05:02:53, Order ID: 912505086372, SL%: 1.0%, Target%: 1.0%)
2025-05-08 05:10:38,224 - INFO - 
==================================================
POSITIONS SUMMARY COMPLETE
==================================================
2025-05-08 05:10:38,226 - INFO - Trading cycle 16 completed
2025-05-08 05:10:38,226 - INFO - Waiting 30 seconds until next check at 05:11:08...
2025-05-08 05:10:38,227 - INFO - 
==================================================
CYCLE 16 COMPLETE
==================================================
2025-05-08 05:10:56,144 - INFO - Trading program stopped by user
2025-05-08 05:10:56,147 - INFO - Saved 16 positions to dhan_positions.json
2025-05-08 05:10:56,148 - INFO - 
==================================================
PROGRAM TERMINATED BY USER
==================================================
