2025-04-30 05:01:22,581 - INFO - 
==================================================
PROGRAM START
==================================================
2025-04-30 05:01:22,582 - INFO - ==========================================
2025-04-30 05:01:22,583 - INFO - Starting Dhan Sector-Based Trading Program
2025-04-30 05:01:22,583 - INFO - ==========================================
2025-04-30 05:01:22,584 - INFO - Current time: 2025-04-30 05:01:22
2025-04-30 05:01:22,584 - INFO - Step 1: Loading trading configuration...
2025-04-30 05:01:22,584 - INFO - Loading trading configuration from trading_config.json
2025-04-30 05:01:22,585 - INFO - Configuration loaded successfully
2025-04-30 05:01:22,585 - INFO - Found 9 active tickers out of 9 total
2025-04-30 05:01:22,586 - INFO - Step 2: Initializing Dhan API client...
2025-04-30 05:01:22,586 - INFO - Initializing Dhan client with client_id: 1106497024
2025-04-30 05:01:22,586 - INFO - Dhan API client initialized successfully
2025-04-30 05:01:23,100 - INFO - Dhan API connection test successful
2025-04-30 05:01:23,102 - INFO - Step 3: Loading sector mapping...
2025-04-30 05:01:23,103 - INFO - Loading sector mapping from sector_mapping.json
2025-04-30 05:01:23,105 - INFO - Sector mapping loaded successfully with 176 tickers
2025-04-30 05:01:23,105 - INFO - Found 14 unique sectors
2025-04-30 05:01:23,106 - INFO - Step 4: Loading security IDs mapping from Excel...
2025-04-30 05:01:23,106 - INFO - Loading security IDs from security_ids.xlsx
2025-04-30 05:01:31,633 - INFO - Successfully read Excel file with 1850 rows
2025-04-30 05:01:31,643 - INFO - Excel columns: ['SEM_EXM_EXCH_ID', 'SEM_SEGMENT', 'SEM_SMST_SECURITY_ID', 'SEM_INSTRUMENT_NAME', 'SEM_EXPIRY_CODE', 'SEM_TRADING_SYMBOL', 'SEM_LOT_UNITS', 'SEM_CUSTOM_SYMBOL', 'SEM_EXPIRY_DATE', 'SEM_STRIKE_PRICE', 'SEM_OPTION_TYPE', 'SEM_TICK_SIZE', 'SEM_EXPIRY_FLAG', 'SEM_EXCH_INSTRUMENT_TYPE', 'SEM_SERIES', 'SM_SYMBOL_NAME']
2025-04-30 05:01:31,644 - INFO - Using columns: Symbol='SEM_TRADING_SYMBOL', ID='SEM_SMST_SECURITY_ID'
2025-04-30 05:01:31,644 - INFO - First few rows for debugging:
2025-04-30 05:01:31,646 - INFO - Row 1: Symbol=ARE&M, ID=100
2025-04-30 05:01:31,648 - INFO - Row 2: Symbol=EMAMIPAP, ID=10074
2025-04-30 05:01:31,648 - INFO - Row 3: Symbol=FACT, ID=1008
2025-04-30 05:01:31,650 - INFO - Row 4: Symbol=GODREJCP, ID=10099
2025-04-30 05:01:31,651 - INFO - Row 5: Symbol=SCHAEFFLER, ID=1011
2025-04-30 05:01:31,816 - INFO - Security IDs mapping created with 3700 entries
2025-04-30 05:01:31,816 - INFO - Checking for critical symbols:
2025-04-30 05:01:31,816 - INFO - Found ID for SYNGENE: 10243
2025-04-30 05:01:31,816 - INFO - Found ID for SYNGENE.NS: 10243
2025-04-30 05:01:31,817 - INFO - Found ID for GRANULES: 11872
2025-04-30 05:01:31,817 - INFO - Found ID for GRANULES.NS: 11872
2025-04-30 05:01:31,817 - INFO - Found ID for ZEEL: 3812
2025-04-30 05:01:31,817 - INFO - Found ID for ZEEL.NS: 3812
2025-04-30 05:01:31,818 - INFO - Found ID for SBILIFE: 21808
2025-04-30 05:01:31,818 - INFO - Found ID for SBILIFE.NS: 21808
2025-04-30 05:01:31,818 - INFO - Found ID for RBLBANK: 18391
2025-04-30 05:01:31,818 - INFO - Found ID for RBLBANK.NS: 18391
2025-04-30 05:01:31,820 - INFO - Sample security IDs: [('ARE&M', '100'), ('ARE&M.NS', '100'), ('EMAMIPAP', '10074'), ('EMAMIPAP.NS', '10074'), ('FACT', '1008'), ('FACT.NS', '1008'), ('GODREJCP', '10099'), ('GODREJCP.NS', '10099'), ('SCHAEFFLER', '1011'), ('SCHAEFFLER.NS', '1011')]
2025-04-30 05:01:31,820 - INFO - Step 4.5: Validating security IDs for active tickers...
2025-04-30 05:01:31,821 - INFO - 
==================================================
VALIDATING SECURITY IDS
==================================================
2025-04-30 05:01:31,822 - INFO - Found 9 active tickers to validate
2025-04-30 05:01:31,822 - INFO - Found security ID for SYNGENE.NS via SYNGENE.NS: 10243
2025-04-30 05:01:31,822 - INFO - Found security ID for ZEEL.NS via ZEEL.NS: 3812
2025-04-30 05:01:31,823 - ERROR - No security ID found for Lauraslabs.NS
2025-04-30 05:01:31,823 - INFO - Found security ID for ADANIENT.NS via ADANIENT.NS: 25
2025-04-30 05:01:31,824 - INFO - Found security ID for IPCALAB.NS via IPCALAB.NS: 1633
2025-04-30 05:01:31,824 - INFO - Found security ID for RELIANCE.NS via RELIANCE.NS: 2885
2025-04-30 05:01:31,824 - INFO - Found security ID for TIINDIA.NS via TIINDIA.NS: 312
2025-04-30 05:01:31,825 - INFO - Found security ID for SONACOMS.NS via SONACOMS.NS: 4684
2025-04-30 05:01:31,827 - INFO - Found security ID for SAREGAMA.NS via SAREGAMA.NS: 4892
2025-04-30 05:01:31,828 - ERROR - Missing security IDs for 1 tickers: ['Lauraslabs.NS']
2025-04-30 05:01:31,828 - WARNING - Some tickers are missing security IDs: ['Lauraslabs.NS']
2025-04-30 05:01:31,828 - WARNING - These tickers will be skipped during trading!
2025-04-30 05:01:31,829 - INFO - Step 5: Loading existing positions...
2025-04-30 05:01:31,829 - INFO - No existing positions file found, starting fresh
2025-04-30 05:01:31,830 - INFO - Step 6: Starting trading loop (check interval: 30 seconds)...
2025-04-30 05:01:31,830 - INFO - 
==================================================
TRADING CYCLE 1
==================================================
2025-04-30 05:01:31,831 - INFO - Trading cycle 1 started at 2025-04-30 05:01:31
2025-04-30 05:01:31,832 - INFO - 
==================================================
READING SECTOR PERFORMANCE DATA
==================================================
2025-04-30 05:01:31,835 - INFO - Reading sector performance data from sector.csv
2025-04-30 05:01:31,835 - INFO - File last modified: 2025-04-30 05:01:12
2025-04-30 05:01:31,857 - INFO - Latest timestamp in data: 2025-04-30 05:01:12
2025-04-30 05:01:31,858 - INFO - Loaded data for 10 sectors
2025-04-30 05:01:31,858 - INFO - Sector performance details:
2025-04-30 05:01:31,861 - INFO -   IT: POSITIVE (1.23%)
2025-04-30 05:01:31,863 - INFO -   PSU Bank: NEGATIVE (-0.05%)
2025-04-30 05:01:31,864 - INFO -   Auto: NEGATIVE (-0.24%)
2025-04-30 05:01:31,865 - INFO -   FMCG: NEGATIVE (-0.26%)
2025-04-30 05:01:31,865 - INFO -   Realty: NEGATIVE (-0.26%)
2025-04-30 05:01:31,865 - INFO -   Energy: NEGATIVE (-0.29%)
2025-04-30 05:01:31,866 - INFO -   Financial Services: NEGATIVE (-0.37%)
2025-04-30 05:01:31,866 - INFO -   Media: NEGATIVE (-0.79%)
2025-04-30 05:01:31,867 - INFO -   Metal: NEGATIVE (-0.95%)
2025-04-30 05:01:31,867 - INFO -   Pharma: NEGATIVE (-1.06%)
2025-04-30 05:01:31,867 - INFO - 
==================================================
SECTOR DATA READ COMPLETE
==================================================
2025-04-30 05:01:31,868 - INFO - 
==================================================
PROCESSING SECTOR DATA
==================================================
2025-04-30 05:01:31,870 - INFO - Processed performance data for 10 sectors
2025-04-30 05:01:31,870 - INFO - Processing existing positions for potential exits...
2025-04-30 05:01:31,870 - INFO - 
==================================================
PROCESSING EXISTING POSITIONS
==================================================
2025-04-30 05:01:31,871 - INFO - No existing positions to process
2025-04-30 05:01:31,871 - INFO - 
==================================================
POSITION PROCESSING COMPLETE
==================================================
2025-04-30 05:01:31,872 - INFO - Looking for new trading opportunities...
2025-04-30 05:01:31,872 - INFO - 
==================================================
FINDING NEW TRADING OPPORTUNITIES
==================================================
2025-04-30 05:01:31,872 - INFO - Found 9 active tickers out of 9 total
2025-04-30 05:01:31,873 - INFO - Processing tickers in order: ['SYNGENE.NS', 'ZEEL.NS', 'Lauraslabs.NS', 'ADANIENT.NS', 'IPCALAB.NS', 'RELIANCE.NS', 'TIINDIA.NS', 'SONACOMS.NS', 'SAREGAMA.NS']
2025-04-30 05:01:31,873 - INFO - Already have open positions for: []
2025-04-30 05:01:31,873 - INFO - Current sector performances:
2025-04-30 05:01:31,874 - INFO -   Sector IT: POSITIVE (1.23%)
2025-04-30 05:01:31,875 - INFO -   Sector PSU Bank: NEGATIVE (-0.05%)
2025-04-30 05:01:31,877 - INFO -   Sector Auto: NEGATIVE (-0.24%)
2025-04-30 05:01:31,880 - INFO -   Sector FMCG: NEGATIVE (-0.26%)
2025-04-30 05:01:31,881 - INFO -   Sector Realty: NEGATIVE (-0.26%)
2025-04-30 05:01:31,882 - INFO -   Sector Energy: NEGATIVE (-0.29%)
2025-04-30 05:01:31,883 - INFO -   Sector Financial Services: NEGATIVE (-0.37%)
2025-04-30 05:01:31,884 - INFO -   Sector Media: NEGATIVE (-0.79%)
2025-04-30 05:01:31,884 - INFO -   Sector Metal: NEGATIVE (-0.95%)
2025-04-30 05:01:31,884 - INFO -   Sector Pharma: NEGATIVE (-1.06%)
2025-04-30 05:01:31,884 - INFO - Processing ticker 1: SYNGENE.NS
2025-04-30 05:01:31,885 - INFO - Found sector Pharma for SYNGENE.NS
2025-04-30 05:01:31,885 - INFO - Evaluating SYNGENE.NS in sector Pharma (-1.06%)
2025-04-30 05:01:31,885 - INFO - Not trading SYNGENE.NS - sector performance doesn't match strategy
2025-04-30 05:01:31,885 - INFO -   Transaction type: BUY
2025-04-30 05:01:31,886 - INFO -   Sector is_positive: False
2025-04-30 05:01:31,886 - INFO - Processing ticker 2: ZEEL.NS
2025-04-30 05:01:31,887 - INFO - Found sector Media for ZEEL.NS
2025-04-30 05:01:31,887 - INFO - Evaluating ZEEL.NS in sector Media (-0.79%)
2025-04-30 05:01:31,887 - INFO - Not trading ZEEL.NS - sector performance doesn't match strategy
2025-04-30 05:01:31,888 - INFO -   Transaction type: BUY
2025-04-30 05:01:31,888 - INFO -   Sector is_positive: False
2025-04-30 05:01:31,888 - INFO - Processing ticker 3: Lauraslabs.NS
2025-04-30 05:01:31,888 - WARNING - Could not find sector for Lauraslabs.NS in sector mapping
2025-04-30 05:01:31,889 - INFO - Processing ticker 4: ADANIENT.NS
2025-04-30 05:01:31,889 - INFO - Found sector Metal for ADANIENT.NS
2025-04-30 05:01:31,889 - INFO - Evaluating ADANIENT.NS in sector Metal (-0.95%)
2025-04-30 05:01:31,889 - INFO - Not trading ADANIENT.NS - sector performance doesn't match strategy
2025-04-30 05:01:31,890 - INFO -   Transaction type: BUY
2025-04-30 05:01:31,890 - INFO -   Sector is_positive: False
2025-04-30 05:01:31,890 - INFO - Processing ticker 5: IPCALAB.NS
2025-04-30 05:01:31,890 - INFO - Found sector Pharma for IPCALAB.NS
2025-04-30 05:01:31,891 - INFO - Evaluating IPCALAB.NS in sector Pharma (-1.06%)
2025-04-30 05:01:31,891 - INFO - Not trading IPCALAB.NS - sector performance doesn't match strategy
2025-04-30 05:01:31,891 - INFO -   Transaction type: BUY
2025-04-30 05:01:31,892 - INFO -   Sector is_positive: False
2025-04-30 05:01:31,893 - INFO - Processing ticker 6: RELIANCE.NS
2025-04-30 05:01:31,894 - INFO - Found sector Energy for RELIANCE.NS
2025-04-30 05:01:31,896 - INFO - Evaluating RELIANCE.NS in sector Energy (-0.29%)
2025-04-30 05:01:31,897 - INFO - Should SELL RELIANCE.NS because sector Energy is negative
2025-04-30 05:01:31,897 - INFO - SECURITY ID LOOKUP: Searching for RELIANCE.NS
2025-04-30 05:01:31,898 - INFO - Trying exact match for 'RELIANCE.NS'
2025-04-30 05:01:31,899 - INFO - FOUND EXACT MATCH: ID 2885 for RELIANCE.NS
2025-04-30 05:01:31,899 - INFO - Placing SELL order for 201 shares of RELIANCE.NS: Negative sector performance: -0.29%
2025-04-30 05:01:31,900 - INFO - Executing SELL order for 201 shares of RELIANCE.NS with up to 3 retries
2025-04-30 05:01:31,900 - INFO - ORDER ATTEMPT: SELL 201 shares of RELIANCE.NS
2025-04-30 05:01:31,900 - INFO - Using security ID: 2885
2025-04-30 05:01:31,900 - INFO - ORDER PARAMS: security_id: 2885, exchange_segment: NSE_EQ, transaction_type: SELL, quantity: 201, order_type: MARKET, product_type: INTRADAY, price: 0
2025-04-30 05:01:31,901 - INFO - About to call dhan.place_order for RELIANCE.NS...
2025-04-30 05:01:32,087 - INFO - Response type: <class 'dict'>
2025-04-30 05:01:32,088 - INFO - COMPLETE ORDER RESPONSE:
{
  "status": "success",
  "remarks": "",
  "data": {
    "orderId": "212504306752",
    "orderStatus": "TRANSIT"
  }
}
2025-04-30 05:01:32,093 - INFO - Response status: success
2025-04-30 05:01:32,095 - INFO - SUCCESS: Got order ID 212504306752 for RELIANCE.NS
2025-04-30 05:01:32,097 - INFO - Order executed successfully for RELIANCE.NS, order ID: 212504306752
2025-04-30 05:01:32,098 - INFO - Getting current market price for RELIANCE.NS
2025-04-30 05:01:32,098 - INFO - Failed to get quote using symbol: 'dhanhq' object has no attribute 'get_quote'
2025-04-30 05:01:32,099 - INFO - Failed to get LTP using security_id: 'dhanhq' object has no attribute 'get_ltp'
2025-04-30 05:01:32,101 - INFO - Failed to get price from candles: 'dhanhq' object has no attribute 'intraday_daily_minute_charts'
2025-04-30 05:01:32,103 - ERROR - Could not get current market price for RELIANCE.NS
2025-04-30 05:01:32,104 - WARNING - Could not determine execution price for RELIANCE.NS
2025-04-30 05:01:32,105 - INFO - Waiting 2 seconds for order execution...
2025-04-30 05:01:34,112 - INFO - Getting execution price for order ID: 212504306752
2025-04-30 05:01:34,282 - WARNING - Order 212504306752 not executed yet. Status: success
2025-04-30 05:01:34,283 - INFO - New SELL position for RELIANCE.NS: Negative sector performance: -0.29%
2025-04-30 05:01:34,283 - INFO - Waiting 10 seconds before next order to avoid rate limiting...
2025-04-30 05:01:44,294 - INFO - Processing ticker 7: TIINDIA.NS
2025-04-30 05:01:44,295 - INFO - Found sector Auto for TIINDIA.NS
2025-04-30 05:01:44,296 - INFO - Evaluating TIINDIA.NS in sector Auto (-0.24%)
2025-04-30 05:01:44,297 - INFO - Should SELL TIINDIA.NS because sector Auto is negative
2025-04-30 05:01:44,298 - INFO - SECURITY ID LOOKUP: Searching for TIINDIA.NS
2025-04-30 05:01:44,298 - INFO - Trying exact match for 'TIINDIA.NS'
2025-04-30 05:01:44,299 - INFO - FOUND EXACT MATCH: ID 312 for TIINDIA.NS
2025-04-30 05:01:44,300 - INFO - Placing SELL order for 20 shares of TIINDIA.NS: Negative sector performance: -0.24%
2025-04-30 05:01:44,300 - INFO - Executing SELL order for 20 shares of TIINDIA.NS with up to 3 retries
2025-04-30 05:01:44,301 - INFO - ORDER ATTEMPT: SELL 20 shares of TIINDIA.NS
2025-04-30 05:01:44,302 - INFO - Using security ID: 312
2025-04-30 05:01:44,303 - INFO - ORDER PARAMS: security_id: 312, exchange_segment: NSE_EQ, transaction_type: SELL, quantity: 20, order_type: MARKET, product_type: INTRADAY, price: 0
2025-04-30 05:01:44,304 - INFO - About to call dhan.place_order for TIINDIA.NS...
2025-04-30 05:01:44,489 - INFO - Response type: <class 'dict'>
2025-04-30 05:01:44,490 - INFO - COMPLETE ORDER RESPONSE:
{
  "status": "success",
  "remarks": "",
  "data": {
    "orderId": "512504306332",
    "orderStatus": "TRANSIT"
  }
}
2025-04-30 05:01:44,491 - INFO - Response status: success
2025-04-30 05:01:44,491 - INFO - SUCCESS: Got order ID 512504306332 for TIINDIA.NS
2025-04-30 05:01:44,491 - INFO - Order executed successfully for TIINDIA.NS, order ID: 512504306332
2025-04-30 05:01:44,492 - INFO - Getting current market price for TIINDIA.NS
2025-04-30 05:01:44,492 - INFO - Failed to get quote using symbol: 'dhanhq' object has no attribute 'get_quote'
2025-04-30 05:01:44,492 - INFO - Failed to get LTP using security_id: 'dhanhq' object has no attribute 'get_ltp'
2025-04-30 05:01:44,492 - INFO - Failed to get price from candles: 'dhanhq' object has no attribute 'intraday_daily_minute_charts'
2025-04-30 05:01:44,493 - ERROR - Could not get current market price for TIINDIA.NS
2025-04-30 05:01:44,493 - WARNING - Could not determine execution price for TIINDIA.NS
2025-04-30 05:01:44,493 - INFO - Waiting 2 seconds for order execution...
2025-04-30 05:01:46,510 - INFO - Getting execution price for order ID: 512504306332
2025-04-30 05:01:46,680 - WARNING - Order 512504306332 not executed yet. Status: success
2025-04-30 05:01:46,681 - INFO - New SELL position for TIINDIA.NS: Negative sector performance: -0.24%
2025-04-30 05:01:46,681 - INFO - Waiting 10 seconds before next order to avoid rate limiting...
2025-04-30 05:01:56,682 - INFO - Processing ticker 8: SONACOMS.NS
2025-04-30 05:01:56,682 - INFO - Found sector Auto for SONACOMS.NS
2025-04-30 05:01:56,683 - INFO - Evaluating SONACOMS.NS in sector Auto (-0.24%)
2025-04-30 05:01:56,683 - INFO - Should SELL SONACOMS.NS because sector Auto is negative
2025-04-30 05:01:56,684 - INFO - SECURITY ID LOOKUP: Searching for SONACOMS.NS
2025-04-30 05:01:56,684 - INFO - Trying exact match for 'SONACOMS.NS'
2025-04-30 05:01:56,684 - INFO - FOUND EXACT MATCH: ID 4684 for SONACOMS.NS
2025-04-30 05:01:56,685 - INFO - Placing SELL order for 50 shares of SONACOMS.NS: Negative sector performance: -0.24%
2025-04-30 05:01:56,685 - INFO - Executing SELL order for 50 shares of SONACOMS.NS with up to 3 retries
2025-04-30 05:01:56,685 - INFO - ORDER ATTEMPT: SELL 50 shares of SONACOMS.NS
2025-04-30 05:01:56,685 - INFO - Using security ID: 4684
2025-04-30 05:01:56,686 - INFO - ORDER PARAMS: security_id: 4684, exchange_segment: NSE_EQ, transaction_type: SELL, quantity: 50, order_type: MARKET, product_type: INTRADAY, price: 0
2025-04-30 05:01:56,686 - INFO - About to call dhan.place_order for SONACOMS.NS...
2025-04-30 05:01:56,864 - INFO - Response type: <class 'dict'>
2025-04-30 05:01:56,864 - INFO - COMPLETE ORDER RESPONSE:
{
  "status": "success",
  "remarks": "",
  "data": {
    "orderId": "412504306422",
    "orderStatus": "TRANSIT"
  }
}
2025-04-30 05:01:56,865 - INFO - Response status: success
2025-04-30 05:01:56,866 - INFO - SUCCESS: Got order ID 412504306422 for SONACOMS.NS
2025-04-30 05:01:56,866 - INFO - Order executed successfully for SONACOMS.NS, order ID: 412504306422
2025-04-30 05:01:56,866 - INFO - Getting current market price for SONACOMS.NS
2025-04-30 05:01:56,867 - INFO - Failed to get quote using symbol: 'dhanhq' object has no attribute 'get_quote'
2025-04-30 05:01:56,867 - INFO - Failed to get LTP using security_id: 'dhanhq' object has no attribute 'get_ltp'
2025-04-30 05:01:56,868 - INFO - Failed to get price from candles: 'dhanhq' object has no attribute 'intraday_daily_minute_charts'
2025-04-30 05:01:56,868 - ERROR - Could not get current market price for SONACOMS.NS
2025-04-30 05:01:56,868 - WARNING - Could not determine execution price for SONACOMS.NS
2025-04-30 05:01:56,869 - INFO - Waiting 2 seconds for order execution...
2025-04-30 05:01:58,884 - INFO - Getting execution price for order ID: 412504306422
2025-04-30 05:01:59,057 - WARNING - Order 412504306422 not executed yet. Status: success
2025-04-30 05:01:59,057 - INFO - New SELL position for SONACOMS.NS: Negative sector performance: -0.24%
2025-04-30 05:01:59,057 - INFO - Waiting 10 seconds before next order to avoid rate limiting...
2025-04-30 05:02:09,060 - INFO - Processing ticker 9: SAREGAMA.NS
2025-04-30 05:02:09,061 - INFO - Found sector Media for SAREGAMA.NS
2025-04-30 05:02:09,061 - INFO - Evaluating SAREGAMA.NS in sector Media (-0.79%)
2025-04-30 05:02:09,062 - INFO - Should SELL SAREGAMA.NS because sector Media is negative
2025-04-30 05:02:09,063 - INFO - SECURITY ID LOOKUP: Searching for SAREGAMA.NS
2025-04-30 05:02:09,063 - INFO - Trying exact match for 'SAREGAMA.NS'
2025-04-30 05:02:09,064 - INFO - FOUND EXACT MATCH: ID 4892 for SAREGAMA.NS
2025-04-30 05:02:09,064 - INFO - Placing SELL order for 50 shares of SAREGAMA.NS: Negative sector performance: -0.79%
2025-04-30 05:02:09,065 - INFO - Executing SELL order for 50 shares of SAREGAMA.NS with up to 3 retries
2025-04-30 05:02:09,065 - INFO - ORDER ATTEMPT: SELL 50 shares of SAREGAMA.NS
2025-04-30 05:02:09,065 - INFO - Using security ID: 4892
2025-04-30 05:02:09,067 - INFO - ORDER PARAMS: security_id: 4892, exchange_segment: NSE_EQ, transaction_type: SELL, quantity: 50, order_type: MARKET, product_type: INTRADAY, price: 0
2025-04-30 05:02:09,067 - INFO - About to call dhan.place_order for SAREGAMA.NS...
2025-04-30 05:02:09,248 - INFO - Response type: <class 'dict'>
2025-04-30 05:02:09,249 - INFO - COMPLETE ORDER RESPONSE:
{
  "status": "success",
  "remarks": "",
  "data": {
    "orderId": "412504306512",
    "orderStatus": "TRANSIT"
  }
}
2025-04-30 05:02:09,252 - INFO - Response status: success
2025-04-30 05:02:09,252 - INFO - SUCCESS: Got order ID 412504306512 for SAREGAMA.NS
2025-04-30 05:02:09,253 - INFO - Order executed successfully for SAREGAMA.NS, order ID: 412504306512
2025-04-30 05:02:09,254 - INFO - Getting current market price for SAREGAMA.NS
2025-04-30 05:02:09,255 - INFO - Failed to get quote using symbol: 'dhanhq' object has no attribute 'get_quote'
2025-04-30 05:02:09,256 - INFO - Failed to get LTP using security_id: 'dhanhq' object has no attribute 'get_ltp'
2025-04-30 05:02:09,257 - INFO - Failed to get price from candles: 'dhanhq' object has no attribute 'intraday_daily_minute_charts'
2025-04-30 05:02:09,257 - ERROR - Could not get current market price for SAREGAMA.NS
2025-04-30 05:02:09,258 - WARNING - Could not determine execution price for SAREGAMA.NS
2025-04-30 05:02:09,259 - INFO - Waiting 2 seconds for order execution...
2025-04-30 05:02:11,260 - INFO - Getting execution price for order ID: 412504306512
2025-04-30 05:02:11,435 - WARNING - Order 412504306512 not executed yet. Status: success
2025-04-30 05:02:11,437 - INFO - New SELL position for SAREGAMA.NS: Negative sector performance: -0.79%
2025-04-30 05:02:11,437 - INFO - Waiting 10 seconds before next order to avoid rate limiting...
2025-04-30 05:02:21,444 - INFO - Ticker processing summary:
2025-04-30 05:02:21,446 - INFO -   Total tickers considered: 9
2025-04-30 05:02:21,446 - INFO -   Tickers with sector data: 8
2025-04-30 05:02:21,447 - INFO -   Tickers matching strategy: 4
2025-04-30 05:02:21,447 - INFO -   Tickers with security ID: 4
2025-04-30 05:02:21,447 - INFO -   Orders successfully placed: 4
2025-04-30 05:02:21,448 - INFO - New positions added: 4
2025-04-30 05:02:21,448 - INFO - Positions skipped: 5
2025-04-30 05:02:21,448 - INFO - Positions with errors: 0
2025-04-30 05:02:21,448 - INFO - Added 4 new positions based on sector performance
2025-04-30 05:02:21,449 - INFO - 
==================================================
NEW OPPORTUNITIES PROCESSING COMPLETE
==================================================
2025-04-30 05:02:21,450 - INFO - 
==================================================
SECTOR PROCESSING COMPLETE
==================================================
2025-04-30 05:02:21,451 - INFO - Saved 4 positions to dhan_positions.json
2025-04-30 05:02:21,452 - INFO - 
==================================================
POSITIONS SUMMARY
==================================================
2025-04-30 05:02:21,453 - INFO - Current positions summary:
2025-04-30 05:02:21,454 - INFO -   Open BUY positions: 0
2025-04-30 05:02:21,454 - INFO -   Open SELL positions: 4
2025-04-30 05:02:21,454 - INFO -   Closed positions: 0
2025-04-30 05:02:21,455 - INFO -   Total positions: 4
2025-04-30 05:02:21,455 - INFO - Open positions:
2025-04-30 05:02:21,455 - INFO -   SELL RELIANCE.NS (Sector: Energy, Entry: 2025-04-30 05:01:34, Order ID: 212504306752, SL%: 1.0%, Target%: 1.0%)
2025-04-30 05:02:21,456 - INFO -   SELL TIINDIA.NS (Sector: Auto, Entry: 2025-04-30 05:01:46, Order ID: 512504306332, SL%: 1.0%, Target%: 1%)
2025-04-30 05:02:21,457 - INFO -   SELL SONACOMS.NS (Sector: Auto, Entry: 2025-04-30 05:01:59, Order ID: 412504306422, SL%: 1.0%, Target%: 1.0%)
2025-04-30 05:02:21,457 - INFO -   SELL SAREGAMA.NS (Sector: Media, Entry: 2025-04-30 05:02:11, Order ID: 412504306512, SL%: 1.0%, Target%: 1%)
2025-04-30 05:02:21,457 - INFO - 
==================================================
POSITIONS SUMMARY COMPLETE
==================================================
2025-04-30 05:02:21,460 - INFO - Trading cycle 1 completed
2025-04-30 05:02:21,462 - INFO - Waiting 30 seconds until next check at 05:02:51...
2025-04-30 05:02:21,463 - INFO - 
==================================================
CYCLE 1 COMPLETE
==================================================
2025-04-30 05:02:51,469 - INFO - 
==================================================
TRADING CYCLE 2
==================================================
2025-04-30 05:02:51,470 - INFO - Trading cycle 2 started at 2025-04-30 05:02:51
2025-04-30 05:02:51,471 - INFO - 
==================================================
READING SECTOR PERFORMANCE DATA
==================================================
2025-04-30 05:02:51,472 - INFO - Reading sector performance data from sector.csv
2025-04-30 05:02:51,475 - INFO - File last modified: 2025-04-30 05:01:12
2025-04-30 05:02:51,483 - INFO - Latest timestamp in data: 2025-04-30 05:01:12
2025-04-30 05:02:51,484 - INFO - Loaded data for 10 sectors
2025-04-30 05:02:51,486 - INFO - Sector performance details:
2025-04-30 05:02:51,487 - INFO -   IT: POSITIVE (1.23%)
2025-04-30 05:02:51,489 - INFO -   PSU Bank: NEGATIVE (-0.05%)
2025-04-30 05:02:51,490 - INFO -   Auto: NEGATIVE (-0.24%)
2025-04-30 05:02:51,492 - INFO -   FMCG: NEGATIVE (-0.26%)
2025-04-30 05:02:51,493 - INFO -   Realty: NEGATIVE (-0.26%)
2025-04-30 05:02:51,494 - INFO -   Energy: NEGATIVE (-0.29%)
2025-04-30 05:02:51,495 - INFO -   Financial Services: NEGATIVE (-0.37%)
2025-04-30 05:02:51,496 - INFO -   Media: NEGATIVE (-0.79%)
2025-04-30 05:02:51,497 - INFO -   Metal: NEGATIVE (-0.95%)
2025-04-30 05:02:51,498 - INFO -   Pharma: NEGATIVE (-1.06%)
2025-04-30 05:02:51,498 - INFO - 
==================================================
SECTOR DATA READ COMPLETE
==================================================
2025-04-30 05:02:51,504 - INFO - 
==================================================
PROCESSING SECTOR DATA
==================================================
2025-04-30 05:02:51,511 - INFO - Processed performance data for 10 sectors
2025-04-30 05:02:51,512 - INFO - Processing existing positions for potential exits...
2025-04-30 05:02:51,512 - INFO - 
==================================================
PROCESSING EXISTING POSITIONS
==================================================
2025-04-30 05:02:51,514 - INFO - Processing 4 existing positions
2025-04-30 05:02:51,515 - INFO - Checking position: SELL RELIANCE.NS (Sector: Energy)
2025-04-30 05:02:51,516 - INFO - SECURITY ID LOOKUP: Searching for RELIANCE.NS
2025-04-30 05:02:51,517 - INFO - Trying exact match for 'RELIANCE.NS'
2025-04-30 05:02:51,517 - INFO - FOUND EXACT MATCH: ID 2885 for RELIANCE.NS
2025-04-30 05:02:51,517 - INFO - Sector Energy is NEGATIVE with -0.29% change
2025-04-30 05:02:51,517 - INFO - Getting current market price for RELIANCE.NS
2025-04-30 05:02:51,518 - INFO - Failed to get quote using symbol: 'dhanhq' object has no attribute 'get_quote'
2025-04-30 05:02:51,518 - INFO - Failed to get LTP using security_id: 'dhanhq' object has no attribute 'get_ltp'
2025-04-30 05:02:51,518 - INFO - Failed to get price from candles: 'dhanhq' object has no attribute 'intraday_daily_minute_charts'
2025-04-30 05:02:51,518 - ERROR - Could not get current market price for RELIANCE.NS
2025-04-30 05:02:51,519 - WARNING - Could not get current market price for RELIANCE.NS
2025-04-30 05:02:51,519 - INFO - Checking position: SELL TIINDIA.NS (Sector: Auto)
2025-04-30 05:02:51,519 - INFO - SECURITY ID LOOKUP: Searching for TIINDIA.NS
2025-04-30 05:02:51,519 - INFO - Trying exact match for 'TIINDIA.NS'
2025-04-30 05:02:51,520 - INFO - FOUND EXACT MATCH: ID 312 for TIINDIA.NS
2025-04-30 05:02:51,520 - INFO - Sector Auto is NEGATIVE with -0.24% change
2025-04-30 05:02:51,521 - INFO - Getting current market price for TIINDIA.NS
2025-04-30 05:02:51,521 - INFO - Failed to get quote using symbol: 'dhanhq' object has no attribute 'get_quote'
2025-04-30 05:02:51,521 - INFO - Failed to get LTP using security_id: 'dhanhq' object has no attribute 'get_ltp'
2025-04-30 05:02:51,522 - INFO - Failed to get price from candles: 'dhanhq' object has no attribute 'intraday_daily_minute_charts'
2025-04-30 05:02:51,523 - ERROR - Could not get current market price for TIINDIA.NS
2025-04-30 05:02:51,523 - WARNING - Could not get current market price for TIINDIA.NS
2025-04-30 05:02:51,524 - INFO - Checking position: SELL SONACOMS.NS (Sector: Auto)
2025-04-30 05:02:51,525 - INFO - SECURITY ID LOOKUP: Searching for SONACOMS.NS
2025-04-30 05:02:51,527 - INFO - Trying exact match for 'SONACOMS.NS'
2025-04-30 05:02:51,528 - INFO - FOUND EXACT MATCH: ID 4684 for SONACOMS.NS
2025-04-30 05:02:51,529 - INFO - Sector Auto is NEGATIVE with -0.24% change
2025-04-30 05:02:51,529 - INFO - Getting current market price for SONACOMS.NS
2025-04-30 05:02:51,530 - INFO - Failed to get quote using symbol: 'dhanhq' object has no attribute 'get_quote'
2025-04-30 05:02:51,530 - INFO - Failed to get LTP using security_id: 'dhanhq' object has no attribute 'get_ltp'
2025-04-30 05:02:51,530 - INFO - Failed to get price from candles: 'dhanhq' object has no attribute 'intraday_daily_minute_charts'
2025-04-30 05:02:51,530 - ERROR - Could not get current market price for SONACOMS.NS
2025-04-30 05:02:51,531 - WARNING - Could not get current market price for SONACOMS.NS
2025-04-30 05:02:51,531 - INFO - Checking position: SELL SAREGAMA.NS (Sector: Media)
2025-04-30 05:02:51,531 - INFO - SECURITY ID LOOKUP: Searching for SAREGAMA.NS
2025-04-30 05:02:51,531 - INFO - Trying exact match for 'SAREGAMA.NS'
2025-04-30 05:02:51,532 - INFO - FOUND EXACT MATCH: ID 4892 for SAREGAMA.NS
2025-04-30 05:02:51,532 - INFO - Sector Media is NEGATIVE with -0.79% change
2025-04-30 05:02:51,532 - INFO - Getting current market price for SAREGAMA.NS
2025-04-30 05:02:51,533 - INFO - Failed to get quote using symbol: 'dhanhq' object has no attribute 'get_quote'
2025-04-30 05:02:51,533 - INFO - Failed to get LTP using security_id: 'dhanhq' object has no attribute 'get_ltp'
2025-04-30 05:02:51,534 - INFO - Failed to get price from candles: 'dhanhq' object has no attribute 'intraday_daily_minute_charts'
2025-04-30 05:02:51,534 - ERROR - Could not get current market price for SAREGAMA.NS
2025-04-30 05:02:51,534 - WARNING - Could not get current market price for SAREGAMA.NS
2025-04-30 05:02:51,534 - INFO - No positions needed to be exited
2025-04-30 05:02:51,535 - INFO - 
==================================================
POSITION PROCESSING COMPLETE
==================================================
2025-04-30 05:02:51,535 - INFO - Looking for new trading opportunities...
2025-04-30 05:02:51,535 - INFO - 
==================================================
FINDING NEW TRADING OPPORTUNITIES
==================================================
2025-04-30 05:02:51,536 - INFO - Found 9 active tickers out of 9 total
2025-04-30 05:02:51,536 - INFO - Processing tickers in order: ['SYNGENE.NS', 'ZEEL.NS', 'Lauraslabs.NS', 'ADANIENT.NS', 'IPCALAB.NS', 'RELIANCE.NS', 'TIINDIA.NS', 'SONACOMS.NS', 'SAREGAMA.NS']
2025-04-30 05:02:51,536 - INFO - Already have open positions for: ['RELIANCE.NS', 'TIINDIA.NS', 'SONACOMS.NS', 'SAREGAMA.NS']
2025-04-30 05:02:51,537 - INFO - Current sector performances:
2025-04-30 05:02:51,537 - INFO -   Sector IT: POSITIVE (1.23%)
2025-04-30 05:02:51,538 - INFO -   Sector PSU Bank: NEGATIVE (-0.05%)
2025-04-30 05:02:51,538 - INFO -   Sector Auto: NEGATIVE (-0.24%)
2025-04-30 05:02:51,539 - INFO -   Sector FMCG: NEGATIVE (-0.26%)
2025-04-30 05:02:51,539 - INFO -   Sector Realty: NEGATIVE (-0.26%)
2025-04-30 05:02:51,539 - INFO -   Sector Energy: NEGATIVE (-0.29%)
2025-04-30 05:02:51,540 - INFO -   Sector Financial Services: NEGATIVE (-0.37%)
2025-04-30 05:02:51,541 - INFO -   Sector Media: NEGATIVE (-0.79%)
2025-04-30 05:02:51,543 - INFO -   Sector Metal: NEGATIVE (-0.95%)
2025-04-30 05:02:51,544 - INFO -   Sector Pharma: NEGATIVE (-1.06%)
2025-04-30 05:02:51,544 - INFO - Processing ticker 1: SYNGENE.NS
2025-04-30 05:02:51,545 - INFO - Found sector Pharma for SYNGENE.NS
2025-04-30 05:02:51,545 - INFO - Evaluating SYNGENE.NS in sector Pharma (-1.06%)
2025-04-30 05:02:51,545 - INFO - Not trading SYNGENE.NS - sector performance doesn't match strategy
2025-04-30 05:02:51,545 - INFO -   Transaction type: BUY
2025-04-30 05:02:51,546 - INFO -   Sector is_positive: False
2025-04-30 05:02:51,546 - INFO - Processing ticker 2: ZEEL.NS
2025-04-30 05:02:51,546 - INFO - Found sector Media for ZEEL.NS
2025-04-30 05:02:51,546 - INFO - Evaluating ZEEL.NS in sector Media (-0.79%)
2025-04-30 05:02:51,546 - INFO - Not trading ZEEL.NS - sector performance doesn't match strategy
2025-04-30 05:02:51,547 - INFO -   Transaction type: BUY
2025-04-30 05:02:51,547 - INFO -   Sector is_positive: False
2025-04-30 05:02:51,547 - INFO - Processing ticker 3: Lauraslabs.NS
2025-04-30 05:02:51,548 - WARNING - Could not find sector for Lauraslabs.NS in sector mapping
2025-04-30 05:02:51,548 - INFO - Processing ticker 4: ADANIENT.NS
2025-04-30 05:02:51,548 - INFO - Found sector Metal for ADANIENT.NS
2025-04-30 05:02:51,549 - INFO - Evaluating ADANIENT.NS in sector Metal (-0.95%)
2025-04-30 05:02:51,549 - INFO - Not trading ADANIENT.NS - sector performance doesn't match strategy
2025-04-30 05:02:51,550 - INFO -   Transaction type: BUY
2025-04-30 05:02:51,550 - INFO -   Sector is_positive: False
2025-04-30 05:02:51,550 - INFO - Processing ticker 5: IPCALAB.NS
2025-04-30 05:02:51,550 - INFO - Found sector Pharma for IPCALAB.NS
2025-04-30 05:02:51,551 - INFO - Evaluating IPCALAB.NS in sector Pharma (-1.06%)
2025-04-30 05:02:51,551 - INFO - Not trading IPCALAB.NS - sector performance doesn't match strategy
2025-04-30 05:02:51,551 - INFO -   Transaction type: BUY
2025-04-30 05:02:51,552 - INFO -   Sector is_positive: False
2025-04-30 05:02:51,552 - INFO - Processing ticker 6: RELIANCE.NS
2025-04-30 05:02:51,552 - INFO - Skipping RELIANCE.NS - already have an open position
2025-04-30 05:02:51,553 - INFO - Processing ticker 7: TIINDIA.NS
2025-04-30 05:02:51,553 - INFO - Skipping TIINDIA.NS - already have an open position
2025-04-30 05:02:51,553 - INFO - Processing ticker 8: SONACOMS.NS
2025-04-30 05:02:51,553 - INFO - Skipping SONACOMS.NS - already have an open position
2025-04-30 05:02:51,554 - INFO - Processing ticker 9: SAREGAMA.NS
2025-04-30 05:02:51,556 - INFO - Skipping SAREGAMA.NS - already have an open position
2025-04-30 05:02:51,557 - INFO - Ticker processing summary:
2025-04-30 05:02:51,557 - INFO -   Total tickers considered: 9
2025-04-30 05:02:51,559 - INFO -   Tickers with sector data: 4
2025-04-30 05:02:51,560 - INFO -   Tickers matching strategy: 0
2025-04-30 05:02:51,560 - INFO -   Tickers with security ID: 0
2025-04-30 05:02:51,561 - INFO -   Orders successfully placed: 0
2025-04-30 05:02:51,562 - INFO - New positions added: 0
2025-04-30 05:02:51,562 - INFO - Positions skipped: 9
2025-04-30 05:02:51,562 - INFO - Positions with errors: 0
2025-04-30 05:02:51,562 - INFO - 
==================================================
NEW OPPORTUNITIES PROCESSING COMPLETE
==================================================
2025-04-30 05:02:51,564 - INFO - 
==================================================
SECTOR PROCESSING COMPLETE
==================================================
2025-04-30 05:02:51,565 - INFO - Saved 4 positions to dhan_positions.json
2025-04-30 05:02:51,566 - INFO - 
==================================================
POSITIONS SUMMARY
==================================================
2025-04-30 05:02:51,567 - INFO - Current positions summary:
2025-04-30 05:02:51,567 - INFO -   Open BUY positions: 0
2025-04-30 05:02:51,568 - INFO -   Open SELL positions: 4
2025-04-30 05:02:51,568 - INFO -   Closed positions: 0
2025-04-30 05:02:51,569 - INFO -   Total positions: 4
2025-04-30 05:02:51,569 - INFO - Open positions:
2025-04-30 05:02:51,570 - INFO -   SELL RELIANCE.NS (Sector: Energy, Entry: 2025-04-30 05:01:34, Order ID: 212504306752, SL%: 1.0%, Target%: 1.0%)
2025-04-30 05:02:51,570 - INFO -   SELL TIINDIA.NS (Sector: Auto, Entry: 2025-04-30 05:01:46, Order ID: 512504306332, SL%: 1.0%, Target%: 1%)
2025-04-30 05:02:51,570 - INFO -   SELL SONACOMS.NS (Sector: Auto, Entry: 2025-04-30 05:01:59, Order ID: 412504306422, SL%: 1.0%, Target%: 1.0%)
2025-04-30 05:02:51,571 - INFO -   SELL SAREGAMA.NS (Sector: Media, Entry: 2025-04-30 05:02:11, Order ID: 412504306512, SL%: 1.0%, Target%: 1%)
2025-04-30 05:02:51,571 - INFO - 
==================================================
POSITIONS SUMMARY COMPLETE
==================================================
2025-04-30 05:02:51,572 - INFO - Trading cycle 2 completed
2025-04-30 05:02:51,575 - INFO - Waiting 30 seconds until next check at 05:03:21...
2025-04-30 05:02:51,576 - INFO - 
==================================================
CYCLE 2 COMPLETE
==================================================
2025-04-30 05:03:21,577 - INFO - 
==================================================
TRADING CYCLE 3
==================================================
2025-04-30 05:03:21,578 - INFO - Trading cycle 3 started at 2025-04-30 05:03:21
2025-04-30 05:03:21,579 - INFO - 
==================================================
READING SECTOR PERFORMANCE DATA
==================================================
2025-04-30 05:03:21,579 - INFO - Reading sector performance data from sector.csv
2025-04-30 05:03:21,580 - INFO - File last modified: 2025-04-30 05:02:52
2025-04-30 05:03:21,605 - INFO - Latest timestamp in data: 2025-04-30 05:02:52
2025-04-30 05:03:21,606 - INFO - Loaded data for 10 sectors
2025-04-30 05:03:21,606 - INFO - Sector performance details:
2025-04-30 05:03:21,607 - INFO -   IT: POSITIVE (1.23%)
2025-04-30 05:03:21,608 - INFO -   PSU Bank: NEGATIVE (-0.05%)
2025-04-30 05:03:21,608 - INFO -   Auto: NEGATIVE (-0.24%)
2025-04-30 05:03:21,609 - INFO -   FMCG: NEGATIVE (-0.26%)
2025-04-30 05:03:21,609 - INFO -   Realty: NEGATIVE (-0.26%)
2025-04-30 05:03:21,610 - INFO -   Energy: NEGATIVE (-0.29%)
2025-04-30 05:03:21,611 - INFO -   Financial Services: NEGATIVE (-0.37%)
2025-04-30 05:03:21,612 - INFO -   Media: NEGATIVE (-0.79%)
2025-04-30 05:03:21,613 - INFO -   Metal: NEGATIVE (-0.95%)
2025-04-30 05:03:21,615 - INFO -   Pharma: NEGATIVE (-1.06%)
2025-04-30 05:03:21,616 - INFO - 
==================================================
SECTOR DATA READ COMPLETE
==================================================
2025-04-30 05:03:21,616 - INFO - 
==================================================
PROCESSING SECTOR DATA
==================================================
2025-04-30 05:03:21,616 - INFO - Processed performance data for 10 sectors
2025-04-30 05:03:21,617 - INFO - Processing existing positions for potential exits...
2025-04-30 05:03:21,617 - INFO - 
==================================================
PROCESSING EXISTING POSITIONS
==================================================
2025-04-30 05:03:21,618 - INFO - Processing 4 existing positions
2025-04-30 05:03:21,619 - INFO - Checking position: SELL RELIANCE.NS (Sector: Energy)
2025-04-30 05:03:21,619 - INFO - SECURITY ID LOOKUP: Searching for RELIANCE.NS
2025-04-30 05:03:21,619 - INFO - Trying exact match for 'RELIANCE.NS'
2025-04-30 05:03:21,620 - INFO - FOUND EXACT MATCH: ID 2885 for RELIANCE.NS
2025-04-30 05:03:21,621 - INFO - Sector Energy is NEGATIVE with -0.29% change
2025-04-30 05:03:21,621 - INFO - Getting current market price for RELIANCE.NS
2025-04-30 05:03:21,622 - INFO - Failed to get quote using symbol: 'dhanhq' object has no attribute 'get_quote'
2025-04-30 05:03:21,627 - INFO - Failed to get LTP using security_id: 'dhanhq' object has no attribute 'get_ltp'
2025-04-30 05:03:21,627 - INFO - Failed to get price from candles: 'dhanhq' object has no attribute 'intraday_daily_minute_charts'
2025-04-30 05:03:21,628 - ERROR - Could not get current market price for RELIANCE.NS
2025-04-30 05:03:21,630 - WARNING - Could not get current market price for RELIANCE.NS
2025-04-30 05:03:21,632 - INFO - Checking position: SELL TIINDIA.NS (Sector: Auto)
2025-04-30 05:03:21,633 - INFO - SECURITY ID LOOKUP: Searching for TIINDIA.NS
2025-04-30 05:03:21,634 - INFO - Trying exact match for 'TIINDIA.NS'
2025-04-30 05:03:21,634 - INFO - FOUND EXACT MATCH: ID 312 for TIINDIA.NS
2025-04-30 05:03:21,634 - INFO - Sector Auto is NEGATIVE with -0.24% change
2025-04-30 05:03:21,634 - INFO - Getting current market price for TIINDIA.NS
2025-04-30 05:03:21,635 - INFO - Failed to get quote using symbol: 'dhanhq' object has no attribute 'get_quote'
2025-04-30 05:03:21,635 - INFO - Failed to get LTP using security_id: 'dhanhq' object has no attribute 'get_ltp'
2025-04-30 05:03:21,636 - INFO - Failed to get price from candles: 'dhanhq' object has no attribute 'intraday_daily_minute_charts'
2025-04-30 05:03:21,636 - ERROR - Could not get current market price for TIINDIA.NS
2025-04-30 05:03:21,639 - WARNING - Could not get current market price for TIINDIA.NS
2025-04-30 05:03:21,642 - INFO - Checking position: SELL SONACOMS.NS (Sector: Auto)
2025-04-30 05:03:21,643 - INFO - SECURITY ID LOOKUP: Searching for SONACOMS.NS
2025-04-30 05:03:21,644 - INFO - Trying exact match for 'SONACOMS.NS'
2025-04-30 05:03:21,644 - INFO - FOUND EXACT MATCH: ID 4684 for SONACOMS.NS
2025-04-30 05:03:21,645 - INFO - Sector Auto is NEGATIVE with -0.24% change
2025-04-30 05:03:21,645 - INFO - Getting current market price for SONACOMS.NS
2025-04-30 05:03:21,645 - INFO - Failed to get quote using symbol: 'dhanhq' object has no attribute 'get_quote'
2025-04-30 05:03:21,646 - INFO - Failed to get LTP using security_id: 'dhanhq' object has no attribute 'get_ltp'
2025-04-30 05:03:21,646 - INFO - Failed to get price from candles: 'dhanhq' object has no attribute 'intraday_daily_minute_charts'
2025-04-30 05:03:21,646 - ERROR - Could not get current market price for SONACOMS.NS
2025-04-30 05:03:21,646 - WARNING - Could not get current market price for SONACOMS.NS
2025-04-30 05:03:21,647 - INFO - Checking position: SELL SAREGAMA.NS (Sector: Media)
2025-04-30 05:03:21,647 - INFO - SECURITY ID LOOKUP: Searching for SAREGAMA.NS
2025-04-30 05:03:21,647 - INFO - Trying exact match for 'SAREGAMA.NS'
2025-04-30 05:03:21,647 - INFO - FOUND EXACT MATCH: ID 4892 for SAREGAMA.NS
2025-04-30 05:03:21,648 - INFO - Sector Media is NEGATIVE with -0.79% change
2025-04-30 05:03:21,648 - INFO - Getting current market price for SAREGAMA.NS
2025-04-30 05:03:21,648 - INFO - Failed to get quote using symbol: 'dhanhq' object has no attribute 'get_quote'
2025-04-30 05:03:21,649 - INFO - Failed to get LTP using security_id: 'dhanhq' object has no attribute 'get_ltp'
2025-04-30 05:03:21,649 - INFO - Failed to get price from candles: 'dhanhq' object has no attribute 'intraday_daily_minute_charts'
2025-04-30 05:03:21,649 - ERROR - Could not get current market price for SAREGAMA.NS
2025-04-30 05:03:21,650 - WARNING - Could not get current market price for SAREGAMA.NS
2025-04-30 05:03:21,650 - INFO - No positions needed to be exited
2025-04-30 05:03:21,650 - INFO - 
==================================================
POSITION PROCESSING COMPLETE
==================================================
2025-04-30 05:03:21,651 - INFO - Looking for new trading opportunities...
2025-04-30 05:03:21,651 - INFO - 
==================================================
FINDING NEW TRADING OPPORTUNITIES
==================================================
2025-04-30 05:03:21,653 - INFO - Found 9 active tickers out of 9 total
2025-04-30 05:03:21,654 - INFO - Processing tickers in order: ['SYNGENE.NS', 'ZEEL.NS', 'Lauraslabs.NS', 'ADANIENT.NS', 'IPCALAB.NS', 'RELIANCE.NS', 'TIINDIA.NS', 'SONACOMS.NS', 'SAREGAMA.NS']
2025-04-30 05:03:21,660 - INFO - Already have open positions for: ['RELIANCE.NS', 'TIINDIA.NS', 'SONACOMS.NS', 'SAREGAMA.NS']
2025-04-30 05:03:21,661 - INFO - Current sector performances:
2025-04-30 05:03:21,662 - INFO -   Sector IT: POSITIVE (1.23%)
2025-04-30 05:03:21,662 - INFO -   Sector PSU Bank: NEGATIVE (-0.05%)
2025-04-30 05:03:21,663 - INFO -   Sector Auto: NEGATIVE (-0.24%)
2025-04-30 05:03:21,663 - INFO -   Sector FMCG: NEGATIVE (-0.26%)
2025-04-30 05:03:21,664 - INFO -   Sector Realty: NEGATIVE (-0.26%)
2025-04-30 05:03:21,664 - INFO -   Sector Energy: NEGATIVE (-0.29%)
2025-04-30 05:03:21,664 - INFO -   Sector Financial Services: NEGATIVE (-0.37%)
2025-04-30 05:03:21,665 - INFO -   Sector Media: NEGATIVE (-0.79%)
2025-04-30 05:03:21,665 - INFO -   Sector Metal: NEGATIVE (-0.95%)
2025-04-30 05:03:21,665 - INFO -   Sector Pharma: NEGATIVE (-1.06%)
2025-04-30 05:03:21,665 - INFO - Processing ticker 1: SYNGENE.NS
2025-04-30 05:03:21,666 - INFO - Found sector Pharma for SYNGENE.NS
2025-04-30 05:03:21,666 - INFO - Evaluating SYNGENE.NS in sector Pharma (-1.06%)
2025-04-30 05:03:21,666 - INFO - Not trading SYNGENE.NS - sector performance doesn't match strategy
2025-04-30 05:03:21,666 - INFO -   Transaction type: BUY
2025-04-30 05:03:21,667 - INFO -   Sector is_positive: False
2025-04-30 05:03:21,667 - INFO - Processing ticker 2: ZEEL.NS
2025-04-30 05:03:21,667 - INFO - Found sector Media for ZEEL.NS
2025-04-30 05:03:21,668 - INFO - Evaluating ZEEL.NS in sector Media (-0.79%)
2025-04-30 05:03:21,668 - INFO - Not trading ZEEL.NS - sector performance doesn't match strategy
2025-04-30 05:03:21,669 - INFO -   Transaction type: BUY
2025-04-30 05:03:21,670 - INFO -   Sector is_positive: False
2025-04-30 05:03:21,670 - INFO - Processing ticker 3: Lauraslabs.NS
2025-04-30 05:03:21,671 - WARNING - Could not find sector for Lauraslabs.NS in sector mapping
2025-04-30 05:03:21,676 - INFO - Processing ticker 4: ADANIENT.NS
2025-04-30 05:03:21,677 - INFO - Found sector Metal for ADANIENT.NS
2025-04-30 05:03:21,677 - INFO - Evaluating ADANIENT.NS in sector Metal (-0.95%)
2025-04-30 05:03:21,677 - INFO - Not trading ADANIENT.NS - sector performance doesn't match strategy
2025-04-30 05:03:21,678 - INFO -   Transaction type: BUY
2025-04-30 05:03:21,678 - INFO -   Sector is_positive: False
2025-04-30 05:03:21,678 - INFO - Processing ticker 5: IPCALAB.NS
2025-04-30 05:03:21,678 - INFO - Found sector Pharma for IPCALAB.NS
2025-04-30 05:03:21,679 - INFO - Evaluating IPCALAB.NS in sector Pharma (-1.06%)
2025-04-30 05:03:21,679 - INFO - Not trading IPCALAB.NS - sector performance doesn't match strategy
2025-04-30 05:03:21,679 - INFO -   Transaction type: BUY
2025-04-30 05:03:21,679 - INFO -   Sector is_positive: False
2025-04-30 05:03:21,680 - INFO - Processing ticker 6: RELIANCE.NS
2025-04-30 05:03:21,680 - INFO - Skipping RELIANCE.NS - already have an open position
2025-04-30 05:03:21,680 - INFO - Processing ticker 7: TIINDIA.NS
2025-04-30 05:03:21,680 - INFO - Skipping TIINDIA.NS - already have an open position
2025-04-30 05:03:21,680 - INFO - Processing ticker 8: SONACOMS.NS
2025-04-30 05:03:21,681 - INFO - Skipping SONACOMS.NS - already have an open position
2025-04-30 05:03:21,681 - INFO - Processing ticker 9: SAREGAMA.NS
2025-04-30 05:03:21,681 - INFO - Skipping SAREGAMA.NS - already have an open position
2025-04-30 05:03:21,681 - INFO - Ticker processing summary:
2025-04-30 05:03:21,682 - INFO -   Total tickers considered: 9
2025-04-30 05:03:21,682 - INFO -   Tickers with sector data: 4
2025-04-30 05:03:21,682 - INFO -   Tickers matching strategy: 0
2025-04-30 05:03:21,682 - INFO -   Tickers with security ID: 0
2025-04-30 05:03:21,682 - INFO -   Orders successfully placed: 0
2025-04-30 05:03:21,683 - INFO - New positions added: 0
2025-04-30 05:03:21,683 - INFO - Positions skipped: 9
2025-04-30 05:03:21,683 - INFO - Positions with errors: 0
2025-04-30 05:03:21,683 - INFO - 
==================================================
NEW OPPORTUNITIES PROCESSING COMPLETE
==================================================
2025-04-30 05:03:21,684 - INFO - 
==================================================
SECTOR PROCESSING COMPLETE
==================================================
2025-04-30 05:03:21,690 - INFO - Saved 4 positions to dhan_positions.json
2025-04-30 05:03:21,693 - INFO - 
==================================================
POSITIONS SUMMARY
==================================================
2025-04-30 05:03:21,694 - INFO - Current positions summary:
2025-04-30 05:03:21,695 - INFO -   Open BUY positions: 0
2025-04-30 05:03:21,695 - INFO -   Open SELL positions: 4
2025-04-30 05:03:21,696 - INFO -   Closed positions: 0
2025-04-30 05:03:21,696 - INFO -   Total positions: 4
2025-04-30 05:03:21,697 - INFO - Open positions:
2025-04-30 05:03:21,697 - INFO -   SELL RELIANCE.NS (Sector: Energy, Entry: 2025-04-30 05:01:34, Order ID: 212504306752, SL%: 1.0%, Target%: 1.0%)
2025-04-30 05:03:21,697 - INFO -   SELL TIINDIA.NS (Sector: Auto, Entry: 2025-04-30 05:01:46, Order ID: 512504306332, SL%: 1.0%, Target%: 1%)
2025-04-30 05:03:21,698 - INFO -   SELL SONACOMS.NS (Sector: Auto, Entry: 2025-04-30 05:01:59, Order ID: 412504306422, SL%: 1.0%, Target%: 1.0%)
2025-04-30 05:03:21,698 - INFO -   SELL SAREGAMA.NS (Sector: Media, Entry: 2025-04-30 05:02:11, Order ID: 412504306512, SL%: 1.0%, Target%: 1%)
2025-04-30 05:03:21,698 - INFO - 
==================================================
POSITIONS SUMMARY COMPLETE
==================================================
2025-04-30 05:03:21,699 - INFO - Trading cycle 3 completed
2025-04-30 05:03:21,699 - INFO - Waiting 30 seconds until next check at 05:03:51...
2025-04-30 05:03:21,700 - INFO - 
==================================================
CYCLE 3 COMPLETE
==================================================
2025-04-30 05:03:51,703 - INFO - 
==================================================
TRADING CYCLE 4
==================================================
2025-04-30 05:03:51,704 - INFO - Trading cycle 4 started at 2025-04-30 05:03:51
2025-04-30 05:03:51,704 - INFO - 
==================================================
READING SECTOR PERFORMANCE DATA
==================================================
2025-04-30 05:03:51,706 - INFO - Reading sector performance data from sector.csv
2025-04-30 05:03:51,707 - INFO - File last modified: 2025-04-30 05:02:52
2025-04-30 05:03:51,712 - INFO - Latest timestamp in data: 2025-04-30 05:02:52
2025-04-30 05:03:51,712 - INFO - Loaded data for 10 sectors
2025-04-30 05:03:51,713 - INFO - Sector performance details:
2025-04-30 05:03:51,714 - INFO -   IT: POSITIVE (1.23%)
2025-04-30 05:03:51,716 - INFO -   PSU Bank: NEGATIVE (-0.05%)
2025-04-30 05:03:51,718 - INFO -   Auto: NEGATIVE (-0.24%)
2025-04-30 05:03:51,721 - INFO -   FMCG: NEGATIVE (-0.26%)
2025-04-30 05:03:51,723 - INFO -   Realty: NEGATIVE (-0.26%)
2025-04-30 05:03:51,724 - INFO -   Energy: NEGATIVE (-0.29%)
2025-04-30 05:03:51,724 - INFO -   Financial Services: NEGATIVE (-0.37%)
2025-04-30 05:03:51,725 - INFO -   Media: NEGATIVE (-0.79%)
2025-04-30 05:03:51,725 - INFO -   Metal: NEGATIVE (-0.95%)
2025-04-30 05:03:51,726 - INFO -   Pharma: NEGATIVE (-1.06%)
2025-04-30 05:03:51,726 - INFO - 
==================================================
SECTOR DATA READ COMPLETE
==================================================
2025-04-30 05:03:51,727 - INFO - 
==================================================
PROCESSING SECTOR DATA
==================================================
2025-04-30 05:03:51,728 - INFO - Processed performance data for 10 sectors
2025-04-30 05:03:51,728 - INFO - Processing existing positions for potential exits...
2025-04-30 05:03:51,729 - INFO - 
==================================================
PROCESSING EXISTING POSITIONS
==================================================
2025-04-30 05:03:51,729 - INFO - Processing 4 existing positions
2025-04-30 05:03:51,730 - INFO - Checking position: SELL RELIANCE.NS (Sector: Energy)
2025-04-30 05:03:51,730 - INFO - SECURITY ID LOOKUP: Searching for RELIANCE.NS
2025-04-30 05:03:51,730 - INFO - Trying exact match for 'RELIANCE.NS'
2025-04-30 05:03:51,731 - INFO - FOUND EXACT MATCH: ID 2885 for RELIANCE.NS
2025-04-30 05:03:51,731 - INFO - Sector Energy is NEGATIVE with -0.29% change
2025-04-30 05:03:51,731 - INFO - Getting current market price for RELIANCE.NS
2025-04-30 05:03:51,733 - INFO - Failed to get quote using symbol: 'dhanhq' object has no attribute 'get_quote'
2025-04-30 05:03:51,734 - INFO - Failed to get LTP using security_id: 'dhanhq' object has no attribute 'get_ltp'
2025-04-30 05:03:51,735 - INFO - Failed to get price from candles: 'dhanhq' object has no attribute 'intraday_daily_minute_charts'
2025-04-30 05:03:51,735 - ERROR - Could not get current market price for RELIANCE.NS
2025-04-30 05:03:51,736 - WARNING - Could not get current market price for RELIANCE.NS
2025-04-30 05:03:51,738 - INFO - Checking position: SELL TIINDIA.NS (Sector: Auto)
2025-04-30 05:03:51,739 - INFO - SECURITY ID LOOKUP: Searching for TIINDIA.NS
2025-04-30 05:03:51,740 - INFO - Trying exact match for 'TIINDIA.NS'
2025-04-30 05:03:51,740 - INFO - FOUND EXACT MATCH: ID 312 for TIINDIA.NS
2025-04-30 05:03:51,740 - INFO - Sector Auto is NEGATIVE with -0.24% change
2025-04-30 05:03:51,741 - INFO - Getting current market price for TIINDIA.NS
2025-04-30 05:03:51,741 - INFO - Failed to get quote using symbol: 'dhanhq' object has no attribute 'get_quote'
2025-04-30 05:03:51,742 - INFO - Failed to get LTP using security_id: 'dhanhq' object has no attribute 'get_ltp'
2025-04-30 05:03:51,742 - INFO - Failed to get price from candles: 'dhanhq' object has no attribute 'intraday_daily_minute_charts'
2025-04-30 05:03:51,743 - ERROR - Could not get current market price for TIINDIA.NS
2025-04-30 05:03:51,743 - WARNING - Could not get current market price for TIINDIA.NS
2025-04-30 05:03:51,743 - INFO - Checking position: SELL SONACOMS.NS (Sector: Auto)
2025-04-30 05:03:51,744 - INFO - SECURITY ID LOOKUP: Searching for SONACOMS.NS
2025-04-30 05:03:51,744 - INFO - Trying exact match for 'SONACOMS.NS'
2025-04-30 05:03:51,744 - INFO - FOUND EXACT MATCH: ID 4684 for SONACOMS.NS
2025-04-30 05:03:51,745 - INFO - Sector Auto is NEGATIVE with -0.24% change
2025-04-30 05:03:51,745 - INFO - Getting current market price for SONACOMS.NS
2025-04-30 05:03:51,745 - INFO - Failed to get quote using symbol: 'dhanhq' object has no attribute 'get_quote'
2025-04-30 05:03:51,746 - INFO - Failed to get LTP using security_id: 'dhanhq' object has no attribute 'get_ltp'
2025-04-30 05:03:51,746 - INFO - Failed to get price from candles: 'dhanhq' object has no attribute 'intraday_daily_minute_charts'
2025-04-30 05:03:51,747 - ERROR - Could not get current market price for SONACOMS.NS
2025-04-30 05:03:51,747 - WARNING - Could not get current market price for SONACOMS.NS
2025-04-30 05:03:51,747 - INFO - Checking position: SELL SAREGAMA.NS (Sector: Media)
2025-04-30 05:03:51,748 - INFO - SECURITY ID LOOKUP: Searching for SAREGAMA.NS
2025-04-30 05:03:51,748 - INFO - Trying exact match for 'SAREGAMA.NS'
2025-04-30 05:03:51,748 - INFO - FOUND EXACT MATCH: ID 4892 for SAREGAMA.NS
2025-04-30 05:03:51,750 - INFO - Sector Media is NEGATIVE with -0.79% change
2025-04-30 05:03:51,751 - INFO - Getting current market price for SAREGAMA.NS
2025-04-30 05:03:51,754 - INFO - Failed to get quote using symbol: 'dhanhq' object has no attribute 'get_quote'
2025-04-30 05:03:51,754 - INFO - Failed to get LTP using security_id: 'dhanhq' object has no attribute 'get_ltp'
2025-04-30 05:03:51,755 - INFO - Failed to get price from candles: 'dhanhq' object has no attribute 'intraday_daily_minute_charts'
2025-04-30 05:03:51,755 - ERROR - Could not get current market price for SAREGAMA.NS
2025-04-30 05:03:51,756 - WARNING - Could not get current market price for SAREGAMA.NS
2025-04-30 05:03:51,756 - INFO - No positions needed to be exited
2025-04-30 05:03:51,756 - INFO - 
==================================================
POSITION PROCESSING COMPLETE
==================================================
2025-04-30 05:03:51,757 - INFO - Looking for new trading opportunities...
2025-04-30 05:03:51,757 - INFO - 
==================================================
FINDING NEW TRADING OPPORTUNITIES
==================================================
2025-04-30 05:03:51,758 - INFO - Found 9 active tickers out of 9 total
2025-04-30 05:03:51,759 - INFO - Processing tickers in order: ['SYNGENE.NS', 'ZEEL.NS', 'Lauraslabs.NS', 'ADANIENT.NS', 'IPCALAB.NS', 'RELIANCE.NS', 'TIINDIA.NS', 'SONACOMS.NS', 'SAREGAMA.NS']
2025-04-30 05:03:51,759 - INFO - Already have open positions for: ['RELIANCE.NS', 'TIINDIA.NS', 'SONACOMS.NS', 'SAREGAMA.NS']
2025-04-30 05:03:51,759 - INFO - Current sector performances:
2025-04-30 05:03:51,760 - INFO -   Sector IT: POSITIVE (1.23%)
2025-04-30 05:03:51,760 - INFO -   Sector PSU Bank: NEGATIVE (-0.05%)
2025-04-30 05:03:51,760 - INFO -   Sector Auto: NEGATIVE (-0.24%)
2025-04-30 05:03:51,761 - INFO -   Sector FMCG: NEGATIVE (-0.26%)
2025-04-30 05:03:51,761 - INFO -   Sector Realty: NEGATIVE (-0.26%)
2025-04-30 05:03:51,761 - INFO -   Sector Energy: NEGATIVE (-0.29%)
2025-04-30 05:03:51,762 - INFO -   Sector Financial Services: NEGATIVE (-0.37%)
2025-04-30 05:03:51,762 - INFO -   Sector Media: NEGATIVE (-0.79%)
2025-04-30 05:03:51,762 - INFO -   Sector Metal: NEGATIVE (-0.95%)
2025-04-30 05:03:51,763 - INFO -   Sector Pharma: NEGATIVE (-1.06%)
2025-04-30 05:03:51,763 - INFO - Processing ticker 1: SYNGENE.NS
2025-04-30 05:03:51,763 - INFO - Found sector Pharma for SYNGENE.NS
2025-04-30 05:03:51,764 - INFO - Evaluating SYNGENE.NS in sector Pharma (-1.06%)
2025-04-30 05:03:51,764 - INFO - Not trading SYNGENE.NS - sector performance doesn't match strategy
2025-04-30 05:03:51,764 - INFO -   Transaction type: BUY
2025-04-30 05:03:51,764 - INFO -   Sector is_positive: False
2025-04-30 05:03:51,765 - INFO - Processing ticker 2: ZEEL.NS
2025-04-30 05:03:51,765 - INFO - Found sector Media for ZEEL.NS
2025-04-30 05:03:51,766 - INFO - Evaluating ZEEL.NS in sector Media (-0.79%)
2025-04-30 05:03:51,767 - INFO - Not trading ZEEL.NS - sector performance doesn't match strategy
2025-04-30 05:03:51,771 - INFO -   Transaction type: BUY
2025-04-30 05:03:51,772 - INFO -   Sector is_positive: False
2025-04-30 05:03:51,773 - INFO - Processing ticker 3: Lauraslabs.NS
2025-04-30 05:03:51,773 - WARNING - Could not find sector for Lauraslabs.NS in sector mapping
2025-04-30 05:03:51,773 - INFO - Processing ticker 4: ADANIENT.NS
2025-04-30 05:03:51,774 - INFO - Found sector Metal for ADANIENT.NS
2025-04-30 05:03:51,774 - INFO - Evaluating ADANIENT.NS in sector Metal (-0.95%)
2025-04-30 05:03:51,774 - INFO - Not trading ADANIENT.NS - sector performance doesn't match strategy
2025-04-30 05:03:51,774 - INFO -   Transaction type: BUY
2025-04-30 05:03:51,775 - INFO -   Sector is_positive: False
2025-04-30 05:03:51,775 - INFO - Processing ticker 5: IPCALAB.NS
2025-04-30 05:03:51,775 - INFO - Found sector Pharma for IPCALAB.NS
2025-04-30 05:03:51,776 - INFO - Evaluating IPCALAB.NS in sector Pharma (-1.06%)
2025-04-30 05:03:51,776 - INFO - Not trading IPCALAB.NS - sector performance doesn't match strategy
2025-04-30 05:03:51,776 - INFO -   Transaction type: BUY
2025-04-30 05:03:51,777 - INFO -   Sector is_positive: False
2025-04-30 05:03:51,777 - INFO - Processing ticker 6: RELIANCE.NS
2025-04-30 05:03:51,777 - INFO - Skipping RELIANCE.NS - already have an open position
2025-04-30 05:03:51,777 - INFO - Processing ticker 7: TIINDIA.NS
2025-04-30 05:03:51,778 - INFO - Skipping TIINDIA.NS - already have an open position
2025-04-30 05:03:51,778 - INFO - Processing ticker 8: SONACOMS.NS
2025-04-30 05:03:51,778 - INFO - Skipping SONACOMS.NS - already have an open position
2025-04-30 05:03:51,778 - INFO - Processing ticker 9: SAREGAMA.NS
2025-04-30 05:03:51,779 - INFO - Skipping SAREGAMA.NS - already have an open position
2025-04-30 05:03:51,779 - INFO - Ticker processing summary:
2025-04-30 05:03:51,779 - INFO -   Total tickers considered: 9
2025-04-30 05:03:51,779 - INFO -   Tickers with sector data: 4
2025-04-30 05:03:51,780 - INFO -   Tickers matching strategy: 0
2025-04-30 05:03:51,780 - INFO -   Tickers with security ID: 0
2025-04-30 05:03:51,780 - INFO -   Orders successfully placed: 0
2025-04-30 05:03:51,780 - INFO - New positions added: 0
2025-04-30 05:03:51,780 - INFO - Positions skipped: 9
2025-04-30 05:03:51,781 - INFO - Positions with errors: 0
2025-04-30 05:03:51,781 - INFO - 
==================================================
NEW OPPORTUNITIES PROCESSING COMPLETE
==================================================
2025-04-30 05:03:51,782 - INFO - 
==================================================
SECTOR PROCESSING COMPLETE
==================================================
2025-04-30 05:03:51,788 - INFO - Saved 4 positions to dhan_positions.json
2025-04-30 05:03:51,789 - INFO - 
==================================================
POSITIONS SUMMARY
==================================================
2025-04-30 05:03:51,790 - INFO - Current positions summary:
2025-04-30 05:03:51,790 - INFO -   Open BUY positions: 0
2025-04-30 05:03:51,791 - INFO -   Open SELL positions: 4
2025-04-30 05:03:51,791 - INFO -   Closed positions: 0
2025-04-30 05:03:51,791 - INFO -   Total positions: 4
2025-04-30 05:03:51,792 - INFO - Open positions:
2025-04-30 05:03:51,792 - INFO -   SELL RELIANCE.NS (Sector: Energy, Entry: 2025-04-30 05:01:34, Order ID: 212504306752, SL%: 1.0%, Target%: 1.0%)
2025-04-30 05:03:51,792 - INFO -   SELL TIINDIA.NS (Sector: Auto, Entry: 2025-04-30 05:01:46, Order ID: 512504306332, SL%: 1.0%, Target%: 1%)
2025-04-30 05:03:51,792 - INFO -   SELL SONACOMS.NS (Sector: Auto, Entry: 2025-04-30 05:01:59, Order ID: 412504306422, SL%: 1.0%, Target%: 1.0%)
2025-04-30 05:03:51,793 - INFO -   SELL SAREGAMA.NS (Sector: Media, Entry: 2025-04-30 05:02:11, Order ID: 412504306512, SL%: 1.0%, Target%: 1%)
2025-04-30 05:03:51,793 - INFO - 
==================================================
POSITIONS SUMMARY COMPLETE
==================================================
2025-04-30 05:03:51,793 - INFO - Trading cycle 4 completed
2025-04-30 05:03:51,794 - INFO - Waiting 30 seconds until next check at 05:04:21...
2025-04-30 05:03:51,794 - INFO - 
==================================================
CYCLE 4 COMPLETE
==================================================
2025-04-30 05:04:21,804 - INFO - 
==================================================
TRADING CYCLE 5
==================================================
2025-04-30 05:04:21,805 - INFO - Trading cycle 5 started at 2025-04-30 05:04:21
2025-04-30 05:04:21,806 - INFO - 
==================================================
READING SECTOR PERFORMANCE DATA
==================================================
2025-04-30 05:04:21,807 - INFO - Reading sector performance data from sector.csv
2025-04-30 05:04:21,807 - INFO - File last modified: 2025-04-30 05:02:52
2025-04-30 05:04:21,809 - INFO - Latest timestamp in data: 2025-04-30 05:02:52
2025-04-30 05:04:21,810 - INFO - Loaded data for 10 sectors
2025-04-30 05:04:21,810 - INFO - Sector performance details:
2025-04-30 05:04:21,811 - INFO -   IT: POSITIVE (1.23%)
2025-04-30 05:04:21,812 - INFO -   PSU Bank: NEGATIVE (-0.05%)
2025-04-30 05:04:21,813 - INFO -   Auto: NEGATIVE (-0.24%)
2025-04-30 05:04:21,814 - INFO -   FMCG: NEGATIVE (-0.26%)
2025-04-30 05:04:21,815 - INFO -   Realty: NEGATIVE (-0.26%)
2025-04-30 05:04:21,818 - INFO -   Energy: NEGATIVE (-0.29%)
2025-04-30 05:04:21,819 - INFO -   Financial Services: NEGATIVE (-0.37%)
2025-04-30 05:04:21,819 - INFO -   Media: NEGATIVE (-0.79%)
2025-04-30 05:04:21,820 - INFO -   Metal: NEGATIVE (-0.95%)
2025-04-30 05:04:21,821 - INFO -   Pharma: NEGATIVE (-1.06%)
2025-04-30 05:04:21,822 - INFO - 
==================================================
SECTOR DATA READ COMPLETE
==================================================
2025-04-30 05:04:21,822 - INFO - 
==================================================
PROCESSING SECTOR DATA
==================================================
2025-04-30 05:04:21,824 - INFO - Processed performance data for 10 sectors
2025-04-30 05:04:21,825 - INFO - Processing existing positions for potential exits...
2025-04-30 05:04:21,825 - INFO - 
==================================================
PROCESSING EXISTING POSITIONS
==================================================
2025-04-30 05:04:21,826 - INFO - Processing 4 existing positions
2025-04-30 05:04:21,826 - INFO - Checking position: SELL RELIANCE.NS (Sector: Energy)
2025-04-30 05:04:21,827 - INFO - SECURITY ID LOOKUP: Searching for RELIANCE.NS
2025-04-30 05:04:21,827 - INFO - Trying exact match for 'RELIANCE.NS'
2025-04-30 05:04:21,827 - INFO - FOUND EXACT MATCH: ID 2885 for RELIANCE.NS
2025-04-30 05:04:21,828 - INFO - Sector Energy is NEGATIVE with -0.29% change
2025-04-30 05:04:21,830 - INFO - Getting current market price for RELIANCE.NS
2025-04-30 05:04:21,830 - INFO - Failed to get quote using symbol: 'dhanhq' object has no attribute 'get_quote'
2025-04-30 05:04:21,831 - INFO - Failed to get LTP using security_id: 'dhanhq' object has no attribute 'get_ltp'
2025-04-30 05:04:21,832 - INFO - Failed to get price from candles: 'dhanhq' object has no attribute 'intraday_daily_minute_charts'
2025-04-30 05:04:21,834 - ERROR - Could not get current market price for RELIANCE.NS
2025-04-30 05:04:21,838 - WARNING - Could not get current market price for RELIANCE.NS
2025-04-30 05:04:21,838 - INFO - Checking position: SELL TIINDIA.NS (Sector: Auto)
2025-04-30 05:04:21,839 - INFO - SECURITY ID LOOKUP: Searching for TIINDIA.NS
2025-04-30 05:04:21,839 - INFO - Trying exact match for 'TIINDIA.NS'
2025-04-30 05:04:21,840 - INFO - FOUND EXACT MATCH: ID 312 for TIINDIA.NS
2025-04-30 05:04:21,840 - INFO - Sector Auto is NEGATIVE with -0.24% change
2025-04-30 05:04:21,842 - INFO - Getting current market price for TIINDIA.NS
2025-04-30 05:04:21,842 - INFO - Failed to get quote using symbol: 'dhanhq' object has no attribute 'get_quote'
2025-04-30 05:04:21,843 - INFO - Failed to get LTP using security_id: 'dhanhq' object has no attribute 'get_ltp'
2025-04-30 05:04:21,843 - INFO - Failed to get price from candles: 'dhanhq' object has no attribute 'intraday_daily_minute_charts'
2025-04-30 05:04:21,844 - ERROR - Could not get current market price for TIINDIA.NS
2025-04-30 05:04:21,844 - WARNING - Could not get current market price for TIINDIA.NS
2025-04-30 05:04:21,845 - INFO - Checking position: SELL SONACOMS.NS (Sector: Auto)
2025-04-30 05:04:21,846 - INFO - SECURITY ID LOOKUP: Searching for SONACOMS.NS
2025-04-30 05:04:21,847 - INFO - Trying exact match for 'SONACOMS.NS'
2025-04-30 05:04:21,852 - INFO - FOUND EXACT MATCH: ID 4684 for SONACOMS.NS
2025-04-30 05:04:21,854 - INFO - Sector Auto is NEGATIVE with -0.24% change
2025-04-30 05:04:21,855 - INFO - Getting current market price for SONACOMS.NS
2025-04-30 05:04:21,855 - INFO - Failed to get quote using symbol: 'dhanhq' object has no attribute 'get_quote'
2025-04-30 05:04:21,856 - INFO - Failed to get LTP using security_id: 'dhanhq' object has no attribute 'get_ltp'
2025-04-30 05:04:21,856 - INFO - Failed to get price from candles: 'dhanhq' object has no attribute 'intraday_daily_minute_charts'
2025-04-30 05:04:21,857 - ERROR - Could not get current market price for SONACOMS.NS
2025-04-30 05:04:21,857 - WARNING - Could not get current market price for SONACOMS.NS
2025-04-30 05:04:21,858 - INFO - Checking position: SELL SAREGAMA.NS (Sector: Media)
2025-04-30 05:04:21,858 - INFO - SECURITY ID LOOKUP: Searching for SAREGAMA.NS
2025-04-30 05:04:21,859 - INFO - Trying exact match for 'SAREGAMA.NS'
2025-04-30 05:04:21,861 - INFO - FOUND EXACT MATCH: ID 4892 for SAREGAMA.NS
2025-04-30 05:04:21,869 - INFO - Sector Media is NEGATIVE with -0.79% change
2025-04-30 05:04:21,870 - INFO - Getting current market price for SAREGAMA.NS
2025-04-30 05:04:21,871 - INFO - Failed to get quote using symbol: 'dhanhq' object has no attribute 'get_quote'
2025-04-30 05:04:21,872 - INFO - Failed to get LTP using security_id: 'dhanhq' object has no attribute 'get_ltp'
2025-04-30 05:04:21,872 - INFO - Failed to get price from candles: 'dhanhq' object has no attribute 'intraday_daily_minute_charts'
2025-04-30 05:04:21,873 - ERROR - Could not get current market price for SAREGAMA.NS
2025-04-30 05:04:21,873 - WARNING - Could not get current market price for SAREGAMA.NS
2025-04-30 05:04:21,874 - INFO - No positions needed to be exited
2025-04-30 05:04:21,874 - INFO - 
==================================================
POSITION PROCESSING COMPLETE
==================================================
2025-04-30 05:04:21,875 - INFO - Looking for new trading opportunities...
2025-04-30 05:04:21,876 - INFO - 
==================================================
FINDING NEW TRADING OPPORTUNITIES
==================================================
2025-04-30 05:04:21,877 - INFO - Found 9 active tickers out of 9 total
2025-04-30 05:04:21,877 - INFO - Processing tickers in order: ['SYNGENE.NS', 'ZEEL.NS', 'Lauraslabs.NS', 'ADANIENT.NS', 'IPCALAB.NS', 'RELIANCE.NS', 'TIINDIA.NS', 'SONACOMS.NS', 'SAREGAMA.NS']
2025-04-30 05:04:21,878 - INFO - Already have open positions for: ['RELIANCE.NS', 'TIINDIA.NS', 'SONACOMS.NS', 'SAREGAMA.NS']
2025-04-30 05:04:21,880 - INFO - Current sector performances:
2025-04-30 05:04:21,885 - INFO -   Sector IT: POSITIVE (1.23%)
2025-04-30 05:04:21,887 - INFO -   Sector PSU Bank: NEGATIVE (-0.05%)
2025-04-30 05:04:21,888 - INFO -   Sector Auto: NEGATIVE (-0.24%)
2025-04-30 05:04:21,888 - INFO -   Sector FMCG: NEGATIVE (-0.26%)
2025-04-30 05:04:21,889 - INFO -   Sector Realty: NEGATIVE (-0.26%)
2025-04-30 05:04:21,889 - INFO -   Sector Energy: NEGATIVE (-0.29%)
2025-04-30 05:04:21,890 - INFO -   Sector Financial Services: NEGATIVE (-0.37%)
2025-04-30 05:04:21,890 - INFO -   Sector Media: NEGATIVE (-0.79%)
2025-04-30 05:04:21,891 - INFO -   Sector Metal: NEGATIVE (-0.95%)
2025-04-30 05:04:21,892 - INFO -   Sector Pharma: NEGATIVE (-1.06%)
2025-04-30 05:04:21,892 - INFO - Processing ticker 1: SYNGENE.NS
2025-04-30 05:04:21,893 - INFO - Found sector Pharma for SYNGENE.NS
2025-04-30 05:04:21,894 - INFO - Evaluating SYNGENE.NS in sector Pharma (-1.06%)
2025-04-30 05:04:21,894 - INFO - Not trading SYNGENE.NS - sector performance doesn't match strategy
2025-04-30 05:04:21,903 - INFO -   Transaction type: BUY
2025-04-30 05:04:21,905 - INFO -   Sector is_positive: False
2025-04-30 05:04:21,905 - INFO - Processing ticker 2: ZEEL.NS
2025-04-30 05:04:21,906 - INFO - Found sector Media for ZEEL.NS
2025-04-30 05:04:21,906 - INFO - Evaluating ZEEL.NS in sector Media (-0.79%)
2025-04-30 05:04:21,906 - INFO - Not trading ZEEL.NS - sector performance doesn't match strategy
2025-04-30 05:04:21,907 - INFO -   Transaction type: BUY
2025-04-30 05:04:21,907 - INFO -   Sector is_positive: False
2025-04-30 05:04:21,907 - INFO - Processing ticker 3: Lauraslabs.NS
2025-04-30 05:04:21,908 - WARNING - Could not find sector for Lauraslabs.NS in sector mapping
2025-04-30 05:04:21,908 - INFO - Processing ticker 4: ADANIENT.NS
2025-04-30 05:04:21,908 - INFO - Found sector Metal for ADANIENT.NS
2025-04-30 05:04:21,909 - INFO - Evaluating ADANIENT.NS in sector Metal (-0.95%)
2025-04-30 05:04:21,909 - INFO - Not trading ADANIENT.NS - sector performance doesn't match strategy
2025-04-30 05:04:21,909 - INFO -   Transaction type: BUY
2025-04-30 05:04:21,909 - INFO -   Sector is_positive: False
2025-04-30 05:04:21,910 - INFO - Processing ticker 5: IPCALAB.NS
2025-04-30 05:04:21,910 - INFO - Found sector Pharma for IPCALAB.NS
2025-04-30 05:04:21,911 - INFO - Evaluating IPCALAB.NS in sector Pharma (-1.06%)
2025-04-30 05:04:21,920 - INFO - Not trading IPCALAB.NS - sector performance doesn't match strategy
2025-04-30 05:04:21,921 - INFO -   Transaction type: BUY
2025-04-30 05:04:21,923 - INFO -   Sector is_positive: False
2025-04-30 05:04:21,923 - INFO - Processing ticker 6: RELIANCE.NS
2025-04-30 05:04:21,925 - INFO - Skipping RELIANCE.NS - already have an open position
2025-04-30 05:04:21,927 - INFO - Processing ticker 7: TIINDIA.NS
2025-04-30 05:04:21,934 - INFO - Skipping TIINDIA.NS - already have an open position
2025-04-30 05:04:21,936 - INFO - Processing ticker 8: SONACOMS.NS
2025-04-30 05:04:21,937 - INFO - Skipping SONACOMS.NS - already have an open position
2025-04-30 05:04:21,938 - INFO - Processing ticker 9: SAREGAMA.NS
2025-04-30 05:04:21,938 - INFO - Skipping SAREGAMA.NS - already have an open position
2025-04-30 05:04:21,939 - INFO - Ticker processing summary:
2025-04-30 05:04:21,939 - INFO -   Total tickers considered: 9
2025-04-30 05:04:21,940 - INFO -   Tickers with sector data: 4
2025-04-30 05:04:21,940 - INFO -   Tickers matching strategy: 0
2025-04-30 05:04:21,941 - INFO -   Tickers with security ID: 0
2025-04-30 05:04:21,941 - INFO -   Orders successfully placed: 0
2025-04-30 05:04:21,942 - INFO - New positions added: 0
2025-04-30 05:04:21,942 - INFO - Positions skipped: 9
2025-04-30 05:04:21,943 - INFO - Positions with errors: 0
2025-04-30 05:04:21,943 - INFO - 
==================================================
NEW OPPORTUNITIES PROCESSING COMPLETE
==================================================
2025-04-30 05:04:21,944 - INFO - 
==================================================
SECTOR PROCESSING COMPLETE
==================================================
2025-04-30 05:04:21,953 - INFO - Saved 4 positions to dhan_positions.json
2025-04-30 05:04:21,954 - INFO - 
==================================================
POSITIONS SUMMARY
==================================================
2025-04-30 05:04:21,957 - INFO - Current positions summary:
2025-04-30 05:04:21,958 - INFO -   Open BUY positions: 0
2025-04-30 05:04:21,960 - INFO -   Open SELL positions: 4
2025-04-30 05:04:21,961 - INFO -   Closed positions: 0
2025-04-30 05:04:21,964 - INFO -   Total positions: 4
2025-04-30 05:04:21,965 - INFO - Open positions:
2025-04-30 05:04:21,967 - INFO -   SELL RELIANCE.NS (Sector: Energy, Entry: 2025-04-30 05:01:34, Order ID: 212504306752, SL%: 1.0%, Target%: 1.0%)
2025-04-30 05:04:21,969 - INFO -   SELL TIINDIA.NS (Sector: Auto, Entry: 2025-04-30 05:01:46, Order ID: 512504306332, SL%: 1.0%, Target%: 1%)
2025-04-30 05:04:21,970 - INFO -   SELL SONACOMS.NS (Sector: Auto, Entry: 2025-04-30 05:01:59, Order ID: 412504306422, SL%: 1.0%, Target%: 1.0%)
2025-04-30 05:04:21,971 - INFO -   SELL SAREGAMA.NS (Sector: Media, Entry: 2025-04-30 05:02:11, Order ID: 412504306512, SL%: 1.0%, Target%: 1%)
2025-04-30 05:04:21,972 - INFO - 
==================================================
POSITIONS SUMMARY COMPLETE
==================================================
2025-04-30 05:04:21,972 - INFO - Trading cycle 5 completed
2025-04-30 05:04:21,973 - INFO - Waiting 30 seconds until next check at 05:04:51...
2025-04-30 05:04:21,973 - INFO - 
==================================================
CYCLE 5 COMPLETE
==================================================
2025-04-30 05:04:51,985 - INFO - 
==================================================
TRADING CYCLE 6
==================================================
2025-04-30 05:04:51,987 - INFO - Trading cycle 6 started at 2025-04-30 05:04:51
2025-04-30 05:04:51,989 - INFO - 
==================================================
READING SECTOR PERFORMANCE DATA
==================================================
2025-04-30 05:04:51,990 - INFO - Reading sector performance data from sector.csv
2025-04-30 05:04:51,993 - INFO - File last modified: 2025-04-30 05:04:33
2025-04-30 05:04:52,046 - INFO - Latest timestamp in data: 2025-04-30 05:04:33
2025-04-30 05:04:52,046 - INFO - Loaded data for 10 sectors
2025-04-30 05:04:52,047 - INFO - Sector performance details:
2025-04-30 05:04:52,049 - INFO -   IT: POSITIVE (1.23%)
2025-04-30 05:04:52,050 - INFO -   PSU Bank: NEGATIVE (-0.05%)
2025-04-30 05:04:52,051 - INFO -   Auto: NEGATIVE (-0.24%)
2025-04-30 05:04:52,051 - INFO -   FMCG: NEGATIVE (-0.26%)
2025-04-30 05:04:52,052 - INFO -   Realty: NEGATIVE (-0.26%)
2025-04-30 05:04:52,053 - INFO -   Energy: NEGATIVE (-0.29%)
2025-04-30 05:04:52,054 - INFO -   Financial Services: NEGATIVE (-0.37%)
2025-04-30 05:04:52,055 - INFO -   Media: NEGATIVE (-0.79%)
2025-04-30 05:04:52,055 - INFO -   Metal: NEGATIVE (-0.95%)
2025-04-30 05:04:52,056 - INFO -   Pharma: NEGATIVE (-1.06%)
2025-04-30 05:04:52,057 - INFO - 
==================================================
SECTOR DATA READ COMPLETE
==================================================
2025-04-30 05:04:52,058 - INFO - 
==================================================
PROCESSING SECTOR DATA
==================================================
2025-04-30 05:04:52,063 - INFO - Processed performance data for 10 sectors
2025-04-30 05:04:52,063 - INFO - Processing existing positions for potential exits...
2025-04-30 05:04:52,065 - INFO - 
==================================================
PROCESSING EXISTING POSITIONS
==================================================
2025-04-30 05:04:52,067 - INFO - Processing 4 existing positions
2025-04-30 05:04:52,067 - INFO - Checking position: SELL RELIANCE.NS (Sector: Energy)
2025-04-30 05:04:52,067 - INFO - SECURITY ID LOOKUP: Searching for RELIANCE.NS
2025-04-30 05:04:52,068 - INFO - Trying exact match for 'RELIANCE.NS'
2025-04-30 05:04:52,068 - INFO - FOUND EXACT MATCH: ID 2885 for RELIANCE.NS
2025-04-30 05:04:52,068 - INFO - Sector Energy is NEGATIVE with -0.29% change
2025-04-30 05:04:52,069 - INFO - Getting current market price for RELIANCE.NS
2025-04-30 05:04:52,069 - INFO - Failed to get quote using symbol: 'dhanhq' object has no attribute 'get_quote'
2025-04-30 05:04:52,069 - INFO - Failed to get LTP using security_id: 'dhanhq' object has no attribute 'get_ltp'
2025-04-30 05:04:52,069 - INFO - Failed to get price from candles: 'dhanhq' object has no attribute 'intraday_daily_minute_charts'
2025-04-30 05:04:52,070 - ERROR - Could not get current market price for RELIANCE.NS
2025-04-30 05:04:52,070 - WARNING - Could not get current market price for RELIANCE.NS
2025-04-30 05:04:52,070 - INFO - Checking position: SELL TIINDIA.NS (Sector: Auto)
2025-04-30 05:04:52,071 - INFO - SECURITY ID LOOKUP: Searching for TIINDIA.NS
2025-04-30 05:04:52,071 - INFO - Trying exact match for 'TIINDIA.NS'
2025-04-30 05:04:52,071 - INFO - FOUND EXACT MATCH: ID 312 for TIINDIA.NS
2025-04-30 05:04:52,072 - INFO - Sector Auto is NEGATIVE with -0.24% change
2025-04-30 05:04:52,072 - INFO - Getting current market price for TIINDIA.NS
2025-04-30 05:04:52,072 - INFO - Failed to get quote using symbol: 'dhanhq' object has no attribute 'get_quote'
2025-04-30 05:04:52,073 - INFO - Failed to get LTP using security_id: 'dhanhq' object has no attribute 'get_ltp'
2025-04-30 05:04:52,073 - INFO - Failed to get price from candles: 'dhanhq' object has no attribute 'intraday_daily_minute_charts'
2025-04-30 05:04:52,073 - ERROR - Could not get current market price for TIINDIA.NS
2025-04-30 05:04:52,073 - WARNING - Could not get current market price for TIINDIA.NS
2025-04-30 05:04:52,074 - INFO - Checking position: SELL SONACOMS.NS (Sector: Auto)
2025-04-30 05:04:52,074 - INFO - SECURITY ID LOOKUP: Searching for SONACOMS.NS
2025-04-30 05:04:52,074 - INFO - Trying exact match for 'SONACOMS.NS'
2025-04-30 05:04:52,074 - INFO - FOUND EXACT MATCH: ID 4684 for SONACOMS.NS
2025-04-30 05:04:52,075 - INFO - Sector Auto is NEGATIVE with -0.24% change
2025-04-30 05:04:52,075 - INFO - Getting current market price for SONACOMS.NS
2025-04-30 05:04:52,075 - INFO - Failed to get quote using symbol: 'dhanhq' object has no attribute 'get_quote'
2025-04-30 05:04:52,075 - INFO - Failed to get LTP using security_id: 'dhanhq' object has no attribute 'get_ltp'
2025-04-30 05:04:52,076 - INFO - Failed to get price from candles: 'dhanhq' object has no attribute 'intraday_daily_minute_charts'
2025-04-30 05:04:52,076 - ERROR - Could not get current market price for SONACOMS.NS
2025-04-30 05:04:52,076 - WARNING - Could not get current market price for SONACOMS.NS
2025-04-30 05:04:52,076 - INFO - Checking position: SELL SAREGAMA.NS (Sector: Media)
2025-04-30 05:04:52,077 - INFO - SECURITY ID LOOKUP: Searching for SAREGAMA.NS
2025-04-30 05:04:52,077 - INFO - Trying exact match for 'SAREGAMA.NS'
2025-04-30 05:04:52,077 - INFO - FOUND EXACT MATCH: ID 4892 for SAREGAMA.NS
2025-04-30 05:04:52,079 - INFO - Sector Media is NEGATIVE with -0.79% change
2025-04-30 05:04:52,079 - INFO - Getting current market price for SAREGAMA.NS
2025-04-30 05:04:52,080 - INFO - Failed to get quote using symbol: 'dhanhq' object has no attribute 'get_quote'
2025-04-30 05:04:52,082 - INFO - Failed to get LTP using security_id: 'dhanhq' object has no attribute 'get_ltp'
2025-04-30 05:04:52,082 - INFO - Failed to get price from candles: 'dhanhq' object has no attribute 'intraday_daily_minute_charts'
2025-04-30 05:04:52,083 - ERROR - Could not get current market price for SAREGAMA.NS
2025-04-30 05:04:52,083 - WARNING - Could not get current market price for SAREGAMA.NS
2025-04-30 05:04:52,084 - INFO - No positions needed to be exited
2025-04-30 05:04:52,084 - INFO - 
==================================================
POSITION PROCESSING COMPLETE
==================================================
2025-04-30 05:04:52,085 - INFO - Looking for new trading opportunities...
2025-04-30 05:04:52,085 - INFO - 
==================================================
FINDING NEW TRADING OPPORTUNITIES
==================================================
2025-04-30 05:04:52,085 - INFO - Found 9 active tickers out of 9 total
2025-04-30 05:04:52,085 - INFO - Processing tickers in order: ['SYNGENE.NS', 'ZEEL.NS', 'Lauraslabs.NS', 'ADANIENT.NS', 'IPCALAB.NS', 'RELIANCE.NS', 'TIINDIA.NS', 'SONACOMS.NS', 'SAREGAMA.NS']
2025-04-30 05:04:52,086 - INFO - Already have open positions for: ['RELIANCE.NS', 'TIINDIA.NS', 'SONACOMS.NS', 'SAREGAMA.NS']
2025-04-30 05:04:52,086 - INFO - Current sector performances:
2025-04-30 05:04:52,086 - INFO -   Sector IT: POSITIVE (1.23%)
2025-04-30 05:04:52,087 - INFO -   Sector PSU Bank: NEGATIVE (-0.05%)
2025-04-30 05:04:52,088 - INFO -   Sector Auto: NEGATIVE (-0.24%)
2025-04-30 05:04:52,088 - INFO -   Sector FMCG: NEGATIVE (-0.26%)
2025-04-30 05:04:52,088 - INFO -   Sector Realty: NEGATIVE (-0.26%)
2025-04-30 05:04:52,089 - INFO -   Sector Energy: NEGATIVE (-0.29%)
2025-04-30 05:04:52,090 - INFO -   Sector Financial Services: NEGATIVE (-0.37%)
2025-04-30 05:04:52,090 - INFO -   Sector Media: NEGATIVE (-0.79%)
2025-04-30 05:04:52,090 - INFO -   Sector Metal: NEGATIVE (-0.95%)
2025-04-30 05:04:52,091 - INFO -   Sector Pharma: NEGATIVE (-1.06%)
2025-04-30 05:04:52,091 - INFO - Processing ticker 1: SYNGENE.NS
2025-04-30 05:04:52,092 - INFO - Found sector Pharma for SYNGENE.NS
2025-04-30 05:04:52,092 - INFO - Evaluating SYNGENE.NS in sector Pharma (-1.06%)
2025-04-30 05:04:52,092 - INFO - Not trading SYNGENE.NS - sector performance doesn't match strategy
2025-04-30 05:04:52,093 - INFO -   Transaction type: BUY
2025-04-30 05:04:52,094 - INFO -   Sector is_positive: False
2025-04-30 05:04:52,095 - INFO - Processing ticker 2: ZEEL.NS
2025-04-30 05:04:52,095 - INFO - Found sector Media for ZEEL.NS
2025-04-30 05:04:52,098 - INFO - Evaluating ZEEL.NS in sector Media (-0.79%)
2025-04-30 05:04:52,099 - INFO - Not trading ZEEL.NS - sector performance doesn't match strategy
2025-04-30 05:04:52,100 - INFO -   Transaction type: BUY
2025-04-30 05:04:52,100 - INFO -   Sector is_positive: False
2025-04-30 05:04:52,100 - INFO - Processing ticker 3: Lauraslabs.NS
2025-04-30 05:04:52,101 - WARNING - Could not find sector for Lauraslabs.NS in sector mapping
2025-04-30 05:04:52,101 - INFO - Processing ticker 4: ADANIENT.NS
2025-04-30 05:04:52,101 - INFO - Found sector Metal for ADANIENT.NS
2025-04-30 05:04:52,101 - INFO - Evaluating ADANIENT.NS in sector Metal (-0.95%)
2025-04-30 05:04:52,101 - INFO - Not trading ADANIENT.NS - sector performance doesn't match strategy
2025-04-30 05:04:52,102 - INFO -   Transaction type: BUY
2025-04-30 05:04:52,102 - INFO -   Sector is_positive: False
2025-04-30 05:04:52,102 - INFO - Processing ticker 5: IPCALAB.NS
2025-04-30 05:04:52,103 - INFO - Found sector Pharma for IPCALAB.NS
2025-04-30 05:04:52,103 - INFO - Evaluating IPCALAB.NS in sector Pharma (-1.06%)
2025-04-30 05:04:52,103 - INFO - Not trading IPCALAB.NS - sector performance doesn't match strategy
2025-04-30 05:04:52,104 - INFO -   Transaction type: BUY
2025-04-30 05:04:52,104 - INFO -   Sector is_positive: False
2025-04-30 05:04:52,104 - INFO - Processing ticker 6: RELIANCE.NS
2025-04-30 05:04:52,104 - INFO - Skipping RELIANCE.NS - already have an open position
2025-04-30 05:04:52,105 - INFO - Processing ticker 7: TIINDIA.NS
2025-04-30 05:04:52,105 - INFO - Skipping TIINDIA.NS - already have an open position
2025-04-30 05:04:52,105 - INFO - Processing ticker 8: SONACOMS.NS
2025-04-30 05:04:52,105 - INFO - Skipping SONACOMS.NS - already have an open position
2025-04-30 05:04:52,105 - INFO - Processing ticker 9: SAREGAMA.NS
2025-04-30 05:04:52,106 - INFO - Skipping SAREGAMA.NS - already have an open position
2025-04-30 05:04:52,106 - INFO - Ticker processing summary:
2025-04-30 05:04:52,106 - INFO -   Total tickers considered: 9
2025-04-30 05:04:52,106 - INFO -   Tickers with sector data: 4
2025-04-30 05:04:52,106 - INFO -   Tickers matching strategy: 0
2025-04-30 05:04:52,107 - INFO -   Tickers with security ID: 0
2025-04-30 05:04:52,107 - INFO -   Orders successfully placed: 0
2025-04-30 05:04:52,107 - INFO - New positions added: 0
2025-04-30 05:04:52,107 - INFO - Positions skipped: 9
2025-04-30 05:04:52,108 - INFO - Positions with errors: 0
2025-04-30 05:04:52,108 - INFO - 
==================================================
NEW OPPORTUNITIES PROCESSING COMPLETE
==================================================
2025-04-30 05:04:52,109 - INFO - 
==================================================
SECTOR PROCESSING COMPLETE
==================================================
2025-04-30 05:04:52,114 - INFO - Saved 4 positions to dhan_positions.json
2025-04-30 05:04:52,117 - INFO - 
==================================================
POSITIONS SUMMARY
==================================================
2025-04-30 05:04:52,117 - INFO - Current positions summary:
2025-04-30 05:04:52,118 - INFO -   Open BUY positions: 0
2025-04-30 05:04:52,119 - INFO -   Open SELL positions: 4
2025-04-30 05:04:52,119 - INFO -   Closed positions: 0
2025-04-30 05:04:52,119 - INFO -   Total positions: 4
2025-04-30 05:04:52,119 - INFO - Open positions:
2025-04-30 05:04:52,120 - INFO -   SELL RELIANCE.NS (Sector: Energy, Entry: 2025-04-30 05:01:34, Order ID: 212504306752, SL%: 1.0%, Target%: 1.0%)
2025-04-30 05:04:52,120 - INFO -   SELL TIINDIA.NS (Sector: Auto, Entry: 2025-04-30 05:01:46, Order ID: 512504306332, SL%: 1.0%, Target%: 1%)
2025-04-30 05:04:52,120 - INFO -   SELL SONACOMS.NS (Sector: Auto, Entry: 2025-04-30 05:01:59, Order ID: 412504306422, SL%: 1.0%, Target%: 1.0%)
2025-04-30 05:04:52,120 - INFO -   SELL SAREGAMA.NS (Sector: Media, Entry: 2025-04-30 05:02:11, Order ID: 412504306512, SL%: 1.0%, Target%: 1%)
2025-04-30 05:04:52,120 - INFO - 
==================================================
POSITIONS SUMMARY COMPLETE
==================================================
2025-04-30 05:04:52,121 - INFO - Trading cycle 6 completed
2025-04-30 05:04:52,121 - INFO - Waiting 30 seconds until next check at 05:05:22...
2025-04-30 05:04:52,121 - INFO - 
==================================================
CYCLE 6 COMPLETE
==================================================
2025-04-30 05:05:22,123 - INFO - 
==================================================
TRADING CYCLE 7
==================================================
2025-04-30 05:05:22,124 - INFO - Trading cycle 7 started at 2025-04-30 05:05:22
2025-04-30 05:05:22,124 - INFO - 
==================================================
READING SECTOR PERFORMANCE DATA
==================================================
2025-04-30 05:05:22,125 - INFO - Reading sector performance data from sector.csv
2025-04-30 05:05:22,126 - INFO - File last modified: 2025-04-30 05:04:33
2025-04-30 05:05:22,128 - INFO - Latest timestamp in data: 2025-04-30 05:04:33
2025-04-30 05:05:22,129 - INFO - Loaded data for 10 sectors
2025-04-30 05:05:22,129 - INFO - Sector performance details:
2025-04-30 05:05:22,130 - INFO -   IT: POSITIVE (1.23%)
2025-04-30 05:05:22,131 - INFO -   PSU Bank: NEGATIVE (-0.05%)
2025-04-30 05:05:22,131 - INFO -   Auto: NEGATIVE (-0.24%)
2025-04-30 05:05:22,132 - INFO -   FMCG: NEGATIVE (-0.26%)
2025-04-30 05:05:22,133 - INFO -   Realty: NEGATIVE (-0.26%)
2025-04-30 05:05:22,133 - INFO -   Energy: NEGATIVE (-0.29%)
2025-04-30 05:05:22,135 - INFO -   Financial Services: NEGATIVE (-0.37%)
2025-04-30 05:05:22,135 - INFO -   Media: NEGATIVE (-0.79%)
2025-04-30 05:05:22,136 - INFO -   Metal: NEGATIVE (-0.95%)
2025-04-30 05:05:22,136 - INFO -   Pharma: NEGATIVE (-1.06%)
2025-04-30 05:05:22,137 - INFO - 
==================================================
SECTOR DATA READ COMPLETE
==================================================
2025-04-30 05:05:22,137 - INFO - 
==================================================
PROCESSING SECTOR DATA
==================================================
2025-04-30 05:05:22,139 - INFO - Processed performance data for 10 sectors
2025-04-30 05:05:22,139 - INFO - Processing existing positions for potential exits...
2025-04-30 05:05:22,140 - INFO - 
==================================================
PROCESSING EXISTING POSITIONS
==================================================
2025-04-30 05:05:22,141 - INFO - Processing 4 existing positions
2025-04-30 05:05:22,144 - INFO - Checking position: SELL RELIANCE.NS (Sector: Energy)
2025-04-30 05:05:22,145 - INFO - SECURITY ID LOOKUP: Searching for RELIANCE.NS
2025-04-30 05:05:22,146 - INFO - Trying exact match for 'RELIANCE.NS'
2025-04-30 05:05:22,147 - INFO - FOUND EXACT MATCH: ID 2885 for RELIANCE.NS
2025-04-30 05:05:22,147 - INFO - Sector Energy is NEGATIVE with -0.29% change
2025-04-30 05:05:22,147 - INFO - Getting current market price for RELIANCE.NS
2025-04-30 05:05:22,147 - INFO - Failed to get quote using symbol: 'dhanhq' object has no attribute 'get_quote'
2025-04-30 05:05:22,148 - INFO - Failed to get LTP using security_id: 'dhanhq' object has no attribute 'get_ltp'
2025-04-30 05:05:22,148 - INFO - Failed to get price from candles: 'dhanhq' object has no attribute 'intraday_daily_minute_charts'
2025-04-30 05:05:22,148 - ERROR - Could not get current market price for RELIANCE.NS
2025-04-30 05:05:22,148 - WARNING - Could not get current market price for RELIANCE.NS
2025-04-30 05:05:22,149 - INFO - Checking position: SELL TIINDIA.NS (Sector: Auto)
2025-04-30 05:05:22,149 - INFO - SECURITY ID LOOKUP: Searching for TIINDIA.NS
2025-04-30 05:05:22,149 - INFO - Trying exact match for 'TIINDIA.NS'
2025-04-30 05:05:22,150 - INFO - FOUND EXACT MATCH: ID 312 for TIINDIA.NS
2025-04-30 05:05:22,150 - INFO - Sector Auto is NEGATIVE with -0.24% change
2025-04-30 05:05:22,150 - INFO - Getting current market price for TIINDIA.NS
2025-04-30 05:05:22,150 - INFO - Failed to get quote using symbol: 'dhanhq' object has no attribute 'get_quote'
2025-04-30 05:05:22,151 - INFO - Failed to get LTP using security_id: 'dhanhq' object has no attribute 'get_ltp'
2025-04-30 05:05:22,151 - INFO - Failed to get price from candles: 'dhanhq' object has no attribute 'intraday_daily_minute_charts'
2025-04-30 05:05:22,151 - ERROR - Could not get current market price for TIINDIA.NS
2025-04-30 05:05:22,151 - WARNING - Could not get current market price for TIINDIA.NS
2025-04-30 05:05:22,152 - INFO - Checking position: SELL SONACOMS.NS (Sector: Auto)
2025-04-30 05:05:22,152 - INFO - SECURITY ID LOOKUP: Searching for SONACOMS.NS
2025-04-30 05:05:22,152 - INFO - Trying exact match for 'SONACOMS.NS'
2025-04-30 05:05:22,152 - INFO - FOUND EXACT MATCH: ID 4684 for SONACOMS.NS
2025-04-30 05:05:22,153 - INFO - Sector Auto is NEGATIVE with -0.24% change
2025-04-30 05:05:22,153 - INFO - Getting current market price for SONACOMS.NS
2025-04-30 05:05:22,153 - INFO - Failed to get quote using symbol: 'dhanhq' object has no attribute 'get_quote'
2025-04-30 05:05:22,154 - INFO - Failed to get LTP using security_id: 'dhanhq' object has no attribute 'get_ltp'
2025-04-30 05:05:22,154 - INFO - Failed to get price from candles: 'dhanhq' object has no attribute 'intraday_daily_minute_charts'
2025-04-30 05:05:22,154 - ERROR - Could not get current market price for SONACOMS.NS
2025-04-30 05:05:22,155 - WARNING - Could not get current market price for SONACOMS.NS
2025-04-30 05:05:22,159 - INFO - Checking position: SELL SAREGAMA.NS (Sector: Media)
2025-04-30 05:05:22,160 - INFO - SECURITY ID LOOKUP: Searching for SAREGAMA.NS
2025-04-30 05:05:22,161 - INFO - Trying exact match for 'SAREGAMA.NS'
2025-04-30 05:05:22,162 - INFO - FOUND EXACT MATCH: ID 4892 for SAREGAMA.NS
2025-04-30 05:05:22,163 - INFO - Sector Media is NEGATIVE with -0.79% change
2025-04-30 05:05:22,164 - INFO - Getting current market price for SAREGAMA.NS
2025-04-30 05:05:22,164 - INFO - Failed to get quote using symbol: 'dhanhq' object has no attribute 'get_quote'
2025-04-30 05:05:22,164 - INFO - Failed to get LTP using security_id: 'dhanhq' object has no attribute 'get_ltp'
2025-04-30 05:05:22,165 - INFO - Failed to get price from candles: 'dhanhq' object has no attribute 'intraday_daily_minute_charts'
2025-04-30 05:05:22,165 - ERROR - Could not get current market price for SAREGAMA.NS
2025-04-30 05:05:22,165 - WARNING - Could not get current market price for SAREGAMA.NS
2025-04-30 05:05:22,165 - INFO - No positions needed to be exited
2025-04-30 05:05:22,165 - INFO - 
==================================================
POSITION PROCESSING COMPLETE
==================================================
2025-04-30 05:05:22,166 - INFO - Looking for new trading opportunities...
2025-04-30 05:05:22,166 - INFO - 
==================================================
FINDING NEW TRADING OPPORTUNITIES
==================================================
2025-04-30 05:05:22,167 - INFO - Found 9 active tickers out of 9 total
2025-04-30 05:05:22,167 - INFO - Processing tickers in order: ['SYNGENE.NS', 'ZEEL.NS', 'Lauraslabs.NS', 'ADANIENT.NS', 'IPCALAB.NS', 'RELIANCE.NS', 'TIINDIA.NS', 'SONACOMS.NS', 'SAREGAMA.NS']
2025-04-30 05:05:22,167 - INFO - Already have open positions for: ['RELIANCE.NS', 'TIINDIA.NS', 'SONACOMS.NS', 'SAREGAMA.NS']
2025-04-30 05:05:22,168 - INFO - Current sector performances:
2025-04-30 05:05:22,168 - INFO -   Sector IT: POSITIVE (1.23%)
2025-04-30 05:05:22,168 - INFO -   Sector PSU Bank: NEGATIVE (-0.05%)
2025-04-30 05:05:22,169 - INFO -   Sector Auto: NEGATIVE (-0.24%)
2025-04-30 05:05:22,169 - INFO -   Sector FMCG: NEGATIVE (-0.26%)
2025-04-30 05:05:22,169 - INFO -   Sector Realty: NEGATIVE (-0.26%)
2025-04-30 05:05:22,169 - INFO -   Sector Energy: NEGATIVE (-0.29%)
2025-04-30 05:05:22,170 - INFO -   Sector Financial Services: NEGATIVE (-0.37%)
2025-04-30 05:05:22,170 - INFO -   Sector Media: NEGATIVE (-0.79%)
2025-04-30 05:05:22,170 - INFO -   Sector Metal: NEGATIVE (-0.95%)
2025-04-30 05:05:22,171 - INFO -   Sector Pharma: NEGATIVE (-1.06%)
2025-04-30 05:05:22,171 - INFO - Processing ticker 1: SYNGENE.NS
2025-04-30 05:05:22,171 - INFO - Found sector Pharma for SYNGENE.NS
2025-04-30 05:05:22,172 - INFO - Evaluating SYNGENE.NS in sector Pharma (-1.06%)
2025-04-30 05:05:22,172 - INFO - Not trading SYNGENE.NS - sector performance doesn't match strategy
2025-04-30 05:05:22,173 - INFO -   Transaction type: BUY
2025-04-30 05:05:22,173 - INFO -   Sector is_positive: False
2025-04-30 05:05:22,174 - INFO - Processing ticker 2: ZEEL.NS
2025-04-30 05:05:22,176 - INFO - Found sector Media for ZEEL.NS
2025-04-30 05:05:22,177 - INFO - Evaluating ZEEL.NS in sector Media (-0.79%)
2025-04-30 05:05:22,179 - INFO - Not trading ZEEL.NS - sector performance doesn't match strategy
2025-04-30 05:05:22,180 - INFO -   Transaction type: BUY
2025-04-30 05:05:22,180 - INFO -   Sector is_positive: False
2025-04-30 05:05:22,180 - INFO - Processing ticker 3: Lauraslabs.NS
2025-04-30 05:05:22,181 - WARNING - Could not find sector for Lauraslabs.NS in sector mapping
2025-04-30 05:05:22,181 - INFO - Processing ticker 4: ADANIENT.NS
2025-04-30 05:05:22,181 - INFO - Found sector Metal for ADANIENT.NS
2025-04-30 05:05:22,182 - INFO - Evaluating ADANIENT.NS in sector Metal (-0.95%)
2025-04-30 05:05:22,182 - INFO - Not trading ADANIENT.NS - sector performance doesn't match strategy
2025-04-30 05:05:22,182 - INFO -   Transaction type: BUY
2025-04-30 05:05:22,182 - INFO -   Sector is_positive: False
2025-04-30 05:05:22,182 - INFO - Processing ticker 5: IPCALAB.NS
2025-04-30 05:05:22,183 - INFO - Found sector Pharma for IPCALAB.NS
2025-04-30 05:05:22,183 - INFO - Evaluating IPCALAB.NS in sector Pharma (-1.06%)
2025-04-30 05:05:22,183 - INFO - Not trading IPCALAB.NS - sector performance doesn't match strategy
2025-04-30 05:05:22,183 - INFO -   Transaction type: BUY
2025-04-30 05:05:22,184 - INFO -   Sector is_positive: False
2025-04-30 05:05:22,184 - INFO - Processing ticker 6: RELIANCE.NS
2025-04-30 05:05:22,184 - INFO - Skipping RELIANCE.NS - already have an open position
2025-04-30 05:05:22,184 - INFO - Processing ticker 7: TIINDIA.NS
2025-04-30 05:05:22,185 - INFO - Skipping TIINDIA.NS - already have an open position
2025-04-30 05:05:22,185 - INFO - Processing ticker 8: SONACOMS.NS
2025-04-30 05:05:22,185 - INFO - Skipping SONACOMS.NS - already have an open position
2025-04-30 05:05:22,185 - INFO - Processing ticker 9: SAREGAMA.NS
2025-04-30 05:05:22,186 - INFO - Skipping SAREGAMA.NS - already have an open position
2025-04-30 05:05:22,186 - INFO - Ticker processing summary:
2025-04-30 05:05:22,186 - INFO -   Total tickers considered: 9
2025-04-30 05:05:22,187 - INFO -   Tickers with sector data: 4
2025-04-30 05:05:22,187 - INFO -   Tickers matching strategy: 0
2025-04-30 05:05:22,187 - INFO -   Tickers with security ID: 0
2025-04-30 05:05:22,187 - INFO -   Orders successfully placed: 0
2025-04-30 05:05:22,187 - INFO - New positions added: 0
2025-04-30 05:05:22,188 - INFO - Positions skipped: 9
2025-04-30 05:05:22,188 - INFO - Positions with errors: 0
2025-04-30 05:05:22,188 - INFO - 
==================================================
NEW OPPORTUNITIES PROCESSING COMPLETE
==================================================
2025-04-30 05:05:22,189 - INFO - 
==================================================
SECTOR PROCESSING COMPLETE
==================================================
2025-04-30 05:05:22,196 - INFO - Saved 4 positions to dhan_positions.json
2025-04-30 05:05:22,197 - INFO - 
==================================================
POSITIONS SUMMARY
==================================================
2025-04-30 05:05:22,198 - INFO - Current positions summary:
2025-04-30 05:05:22,198 - INFO -   Open BUY positions: 0
2025-04-30 05:05:22,198 - INFO -   Open SELL positions: 4
2025-04-30 05:05:22,198 - INFO -   Closed positions: 0
2025-04-30 05:05:22,199 - INFO -   Total positions: 4
2025-04-30 05:05:22,199 - INFO - Open positions:
2025-04-30 05:05:22,199 - INFO -   SELL RELIANCE.NS (Sector: Energy, Entry: 2025-04-30 05:01:34, Order ID: 212504306752, SL%: 1.0%, Target%: 1.0%)
2025-04-30 05:05:22,199 - INFO -   SELL TIINDIA.NS (Sector: Auto, Entry: 2025-04-30 05:01:46, Order ID: 512504306332, SL%: 1.0%, Target%: 1%)
2025-04-30 05:05:22,200 - INFO -   SELL SONACOMS.NS (Sector: Auto, Entry: 2025-04-30 05:01:59, Order ID: 412504306422, SL%: 1.0%, Target%: 1.0%)
2025-04-30 05:05:22,200 - INFO -   SELL SAREGAMA.NS (Sector: Media, Entry: 2025-04-30 05:02:11, Order ID: 412504306512, SL%: 1.0%, Target%: 1%)
2025-04-30 05:05:22,200 - INFO - 
==================================================
POSITIONS SUMMARY COMPLETE
==================================================
2025-04-30 05:05:22,201 - INFO - Trading cycle 7 completed
2025-04-30 05:05:22,201 - INFO - Waiting 30 seconds until next check at 05:05:52...
2025-04-30 05:05:22,201 - INFO - 
==================================================
CYCLE 7 COMPLETE
==================================================
2025-04-30 05:05:52,211 - INFO - 
==================================================
TRADING CYCLE 8
==================================================
2025-04-30 05:05:52,211 - INFO - Trading cycle 8 started at 2025-04-30 05:05:52
2025-04-30 05:05:52,212 - INFO - 
==================================================
READING SECTOR PERFORMANCE DATA
==================================================
2025-04-30 05:05:52,212 - INFO - Reading sector performance data from sector.csv
2025-04-30 05:05:52,213 - INFO - File last modified: 2025-04-30 05:04:33
2025-04-30 05:05:52,215 - INFO - Latest timestamp in data: 2025-04-30 05:04:33
2025-04-30 05:05:52,216 - INFO - Loaded data for 10 sectors
2025-04-30 05:05:52,216 - INFO - Sector performance details:
2025-04-30 05:05:52,217 - INFO -   IT: POSITIVE (1.23%)
2025-04-30 05:05:52,218 - INFO -   PSU Bank: NEGATIVE (-0.05%)
2025-04-30 05:05:52,218 - INFO -   Auto: NEGATIVE (-0.24%)
2025-04-30 05:05:52,221 - INFO -   FMCG: NEGATIVE (-0.26%)
2025-04-30 05:05:52,222 - INFO -   Realty: NEGATIVE (-0.26%)
2025-04-30 05:05:52,224 - INFO -   Energy: NEGATIVE (-0.29%)
2025-04-30 05:05:52,224 - INFO -   Financial Services: NEGATIVE (-0.37%)
2025-04-30 05:05:52,225 - INFO -   Media: NEGATIVE (-0.79%)
2025-04-30 05:05:52,226 - INFO -   Metal: NEGATIVE (-0.95%)
2025-04-30 05:05:52,227 - INFO -   Pharma: NEGATIVE (-1.06%)
2025-04-30 05:05:52,227 - INFO - 
==================================================
SECTOR DATA READ COMPLETE
==================================================
2025-04-30 05:05:52,228 - INFO - 
==================================================
PROCESSING SECTOR DATA
==================================================
2025-04-30 05:05:52,231 - INFO - Processed performance data for 10 sectors
2025-04-30 05:05:52,231 - INFO - Processing existing positions for potential exits...
2025-04-30 05:05:52,232 - INFO - 
==================================================
PROCESSING EXISTING POSITIONS
==================================================
2025-04-30 05:05:52,233 - INFO - Processing 4 existing positions
2025-04-30 05:05:52,233 - INFO - Checking position: SELL RELIANCE.NS (Sector: Energy)
2025-04-30 05:05:52,234 - INFO - SECURITY ID LOOKUP: Searching for RELIANCE.NS
2025-04-30 05:05:52,235 - INFO - Trying exact match for 'RELIANCE.NS'
2025-04-30 05:05:52,235 - INFO - FOUND EXACT MATCH: ID 2885 for RELIANCE.NS
2025-04-30 05:05:52,235 - INFO - Sector Energy is NEGATIVE with -0.29% change
2025-04-30 05:05:52,238 - INFO - Getting current market price for RELIANCE.NS
2025-04-30 05:05:52,239 - INFO - Failed to get quote using symbol: 'dhanhq' object has no attribute 'get_quote'
2025-04-30 05:05:52,240 - INFO - Failed to get LTP using security_id: 'dhanhq' object has no attribute 'get_ltp'
2025-04-30 05:05:52,240 - INFO - Failed to get price from candles: 'dhanhq' object has no attribute 'intraday_daily_minute_charts'
2025-04-30 05:05:52,241 - ERROR - Could not get current market price for RELIANCE.NS
2025-04-30 05:05:52,241 - WARNING - Could not get current market price for RELIANCE.NS
2025-04-30 05:05:52,242 - INFO - Checking position: SELL TIINDIA.NS (Sector: Auto)
2025-04-30 05:05:52,243 - INFO - SECURITY ID LOOKUP: Searching for TIINDIA.NS
2025-04-30 05:05:52,244 - INFO - Trying exact match for 'TIINDIA.NS'
2025-04-30 05:05:52,248 - INFO - FOUND EXACT MATCH: ID 312 for TIINDIA.NS
2025-04-30 05:05:52,250 - INFO - Sector Auto is NEGATIVE with -0.24% change
2025-04-30 05:05:52,251 - INFO - Getting current market price for TIINDIA.NS
2025-04-30 05:05:52,251 - INFO - Failed to get quote using symbol: 'dhanhq' object has no attribute 'get_quote'
2025-04-30 05:05:52,252 - INFO - Failed to get LTP using security_id: 'dhanhq' object has no attribute 'get_ltp'
2025-04-30 05:05:52,254 - INFO - Failed to get price from candles: 'dhanhq' object has no attribute 'intraday_daily_minute_charts'
2025-04-30 05:05:52,257 - ERROR - Could not get current market price for TIINDIA.NS
2025-04-30 05:05:52,260 - WARNING - Could not get current market price for TIINDIA.NS
2025-04-30 05:05:52,260 - INFO - Checking position: SELL SONACOMS.NS (Sector: Auto)
2025-04-30 05:05:52,261 - INFO - SECURITY ID LOOKUP: Searching for SONACOMS.NS
2025-04-30 05:05:52,261 - INFO - Trying exact match for 'SONACOMS.NS'
2025-04-30 05:05:52,265 - INFO - FOUND EXACT MATCH: ID 4684 for SONACOMS.NS
2025-04-30 05:05:52,266 - INFO - Sector Auto is NEGATIVE with -0.24% change
2025-04-30 05:05:52,266 - INFO - Getting current market price for SONACOMS.NS
2025-04-30 05:05:52,268 - INFO - Failed to get quote using symbol: 'dhanhq' object has no attribute 'get_quote'
2025-04-30 05:05:52,268 - INFO - Failed to get LTP using security_id: 'dhanhq' object has no attribute 'get_ltp'
2025-04-30 05:05:52,268 - INFO - Failed to get price from candles: 'dhanhq' object has no attribute 'intraday_daily_minute_charts'
2025-04-30 05:05:52,270 - ERROR - Could not get current market price for SONACOMS.NS
2025-04-30 05:05:52,274 - WARNING - Could not get current market price for SONACOMS.NS
2025-04-30 05:05:52,275 - INFO - Checking position: SELL SAREGAMA.NS (Sector: Media)
2025-04-30 05:05:52,278 - INFO - SECURITY ID LOOKUP: Searching for SAREGAMA.NS
2025-04-30 05:05:52,278 - INFO - Trying exact match for 'SAREGAMA.NS'
2025-04-30 05:05:52,279 - INFO - FOUND EXACT MATCH: ID 4892 for SAREGAMA.NS
2025-04-30 05:05:52,279 - INFO - Sector Media is NEGATIVE with -0.79% change
2025-04-30 05:05:52,280 - INFO - Getting current market price for SAREGAMA.NS
2025-04-30 05:05:52,280 - INFO - Failed to get quote using symbol: 'dhanhq' object has no attribute 'get_quote'
2025-04-30 05:05:52,280 - INFO - Failed to get LTP using security_id: 'dhanhq' object has no attribute 'get_ltp'
2025-04-30 05:05:52,281 - INFO - Failed to get price from candles: 'dhanhq' object has no attribute 'intraday_daily_minute_charts'
2025-04-30 05:05:52,281 - ERROR - Could not get current market price for SAREGAMA.NS
2025-04-30 05:05:52,282 - WARNING - Could not get current market price for SAREGAMA.NS
2025-04-30 05:05:52,282 - INFO - No positions needed to be exited
2025-04-30 05:05:52,282 - INFO - 
==================================================
POSITION PROCESSING COMPLETE
==================================================
2025-04-30 05:05:52,283 - INFO - Looking for new trading opportunities...
2025-04-30 05:05:52,284 - INFO - 
==================================================
FINDING NEW TRADING OPPORTUNITIES
==================================================
2025-04-30 05:05:52,285 - INFO - Found 9 active tickers out of 9 total
2025-04-30 05:05:52,285 - INFO - Processing tickers in order: ['SYNGENE.NS', 'ZEEL.NS', 'Lauraslabs.NS', 'ADANIENT.NS', 'IPCALAB.NS', 'RELIANCE.NS', 'TIINDIA.NS', 'SONACOMS.NS', 'SAREGAMA.NS']
2025-04-30 05:05:52,286 - INFO - Already have open positions for: ['RELIANCE.NS', 'TIINDIA.NS', 'SONACOMS.NS', 'SAREGAMA.NS']
2025-04-30 05:05:52,289 - INFO - Current sector performances:
2025-04-30 05:05:52,290 - INFO -   Sector IT: POSITIVE (1.23%)
2025-04-30 05:05:52,291 - INFO -   Sector PSU Bank: NEGATIVE (-0.05%)
2025-04-30 05:05:52,292 - INFO -   Sector Auto: NEGATIVE (-0.24%)
2025-04-30 05:05:52,293 - INFO -   Sector FMCG: NEGATIVE (-0.26%)
2025-04-30 05:05:52,294 - INFO -   Sector Realty: NEGATIVE (-0.26%)
2025-04-30 05:05:52,295 - INFO -   Sector Energy: NEGATIVE (-0.29%)
2025-04-30 05:05:52,295 - INFO -   Sector Financial Services: NEGATIVE (-0.37%)
2025-04-30 05:05:52,295 - INFO -   Sector Media: NEGATIVE (-0.79%)
2025-04-30 05:05:52,296 - INFO -   Sector Metal: NEGATIVE (-0.95%)
2025-04-30 05:05:52,296 - INFO -   Sector Pharma: NEGATIVE (-1.06%)
2025-04-30 05:05:52,297 - INFO - Processing ticker 1: SYNGENE.NS
2025-04-30 05:05:52,297 - INFO - Found sector Pharma for SYNGENE.NS
2025-04-30 05:05:52,297 - INFO - Evaluating SYNGENE.NS in sector Pharma (-1.06%)
2025-04-30 05:05:52,298 - INFO - Not trading SYNGENE.NS - sector performance doesn't match strategy
2025-04-30 05:05:52,298 - INFO -   Transaction type: BUY
2025-04-30 05:05:52,298 - INFO -   Sector is_positive: False
2025-04-30 05:05:52,299 - INFO - Processing ticker 2: ZEEL.NS
2025-04-30 05:05:52,299 - INFO - Found sector Media for ZEEL.NS
2025-04-30 05:05:52,299 - INFO - Evaluating ZEEL.NS in sector Media (-0.79%)
2025-04-30 05:05:52,300 - INFO - Not trading ZEEL.NS - sector performance doesn't match strategy
2025-04-30 05:05:52,300 - INFO -   Transaction type: BUY
2025-04-30 05:05:52,300 - INFO -   Sector is_positive: False
2025-04-30 05:05:52,301 - INFO - Processing ticker 3: Lauraslabs.NS
2025-04-30 05:05:52,301 - WARNING - Could not find sector for Lauraslabs.NS in sector mapping
2025-04-30 05:05:52,302 - INFO - Processing ticker 4: ADANIENT.NS
2025-04-30 05:05:52,306 - INFO - Found sector Metal for ADANIENT.NS
2025-04-30 05:05:52,306 - INFO - Evaluating ADANIENT.NS in sector Metal (-0.95%)
2025-04-30 05:05:52,307 - INFO - Not trading ADANIENT.NS - sector performance doesn't match strategy
2025-04-30 05:05:52,307 - INFO -   Transaction type: BUY
2025-04-30 05:05:52,310 - INFO -   Sector is_positive: False
2025-04-30 05:05:52,311 - INFO - Processing ticker 5: IPCALAB.NS
2025-04-30 05:05:52,311 - INFO - Found sector Pharma for IPCALAB.NS
2025-04-30 05:05:52,312 - INFO - Evaluating IPCALAB.NS in sector Pharma (-1.06%)
2025-04-30 05:05:52,312 - INFO - Not trading IPCALAB.NS - sector performance doesn't match strategy
2025-04-30 05:05:52,313 - INFO -   Transaction type: BUY
2025-04-30 05:05:52,313 - INFO -   Sector is_positive: False
2025-04-30 05:05:52,313 - INFO - Processing ticker 6: RELIANCE.NS
2025-04-30 05:05:52,314 - INFO - Skipping RELIANCE.NS - already have an open position
2025-04-30 05:05:52,314 - INFO - Processing ticker 7: TIINDIA.NS
2025-04-30 05:05:52,315 - INFO - Skipping TIINDIA.NS - already have an open position
2025-04-30 05:05:52,315 - INFO - Processing ticker 8: SONACOMS.NS
2025-04-30 05:05:52,315 - INFO - Skipping SONACOMS.NS - already have an open position
2025-04-30 05:05:52,316 - INFO - Processing ticker 9: SAREGAMA.NS
2025-04-30 05:05:52,316 - INFO - Skipping SAREGAMA.NS - already have an open position
2025-04-30 05:05:52,316 - INFO - Ticker processing summary:
2025-04-30 05:05:52,317 - INFO -   Total tickers considered: 9
2025-04-30 05:05:52,318 - INFO -   Tickers with sector data: 4
2025-04-30 05:05:52,318 - INFO -   Tickers matching strategy: 0
2025-04-30 05:05:52,318 - INFO -   Tickers with security ID: 0
2025-04-30 05:05:52,320 - INFO -   Orders successfully placed: 0
2025-04-30 05:05:52,323 - INFO - New positions added: 0
2025-04-30 05:05:52,324 - INFO - Positions skipped: 9
2025-04-30 05:05:52,324 - INFO - Positions with errors: 0
2025-04-30 05:05:52,325 - INFO - 
==================================================
NEW OPPORTUNITIES PROCESSING COMPLETE
==================================================
2025-04-30 05:05:52,327 - INFO - 
==================================================
SECTOR PROCESSING COMPLETE
==================================================
2025-04-30 05:05:52,330 - INFO - Saved 4 positions to dhan_positions.json
2025-04-30 05:05:52,330 - INFO - 
==================================================
POSITIONS SUMMARY
==================================================
2025-04-30 05:05:52,331 - INFO - Current positions summary:
2025-04-30 05:05:52,332 - INFO -   Open BUY positions: 0
2025-04-30 05:05:52,332 - INFO -   Open SELL positions: 4
2025-04-30 05:05:52,333 - INFO -   Closed positions: 0
2025-04-30 05:05:52,333 - INFO -   Total positions: 4
2025-04-30 05:05:52,334 - INFO - Open positions:
2025-04-30 05:05:52,334 - INFO -   SELL RELIANCE.NS (Sector: Energy, Entry: 2025-04-30 05:01:34, Order ID: 212504306752, SL%: 1.0%, Target%: 1.0%)
2025-04-30 05:05:52,334 - INFO -   SELL TIINDIA.NS (Sector: Auto, Entry: 2025-04-30 05:01:46, Order ID: 512504306332, SL%: 1.0%, Target%: 1%)
2025-04-30 05:05:52,335 - INFO -   SELL SONACOMS.NS (Sector: Auto, Entry: 2025-04-30 05:01:59, Order ID: 412504306422, SL%: 1.0%, Target%: 1.0%)
2025-04-30 05:05:52,335 - INFO -   SELL SAREGAMA.NS (Sector: Media, Entry: 2025-04-30 05:02:11, Order ID: 412504306512, SL%: 1.0%, Target%: 1%)
2025-04-30 05:05:52,340 - INFO - 
==================================================
POSITIONS SUMMARY COMPLETE
==================================================
2025-04-30 05:05:52,341 - INFO - Trading cycle 8 completed
2025-04-30 05:05:52,343 - INFO - Waiting 30 seconds until next check at 05:06:22...
2025-04-30 05:05:52,343 - INFO - 
==================================================
CYCLE 8 COMPLETE
==================================================
2025-04-30 05:06:22,395 - INFO - 
==================================================
TRADING CYCLE 9
==================================================
2025-04-30 05:06:22,409 - INFO - Trading cycle 9 started at 2025-04-30 05:06:22
2025-04-30 05:06:22,422 - INFO - 
==================================================
READING SECTOR PERFORMANCE DATA
==================================================
2025-04-30 05:06:22,464 - INFO - Reading sector performance data from sector.csv
2025-04-30 05:06:22,644 - INFO - File last modified: 2025-04-30 05:06:11
2025-04-30 05:06:22,923 - INFO - Latest timestamp in data: 2025-04-30 05:06:11
2025-04-30 05:06:22,924 - INFO - Loaded data for 10 sectors
2025-04-30 05:06:22,925 - INFO - Sector performance details:
2025-04-30 05:06:22,926 - INFO -   IT: POSITIVE (1.23%)
2025-04-30 05:06:22,927 - INFO -   PSU Bank: NEGATIVE (-0.05%)
2025-04-30 05:06:22,927 - INFO -   Auto: NEGATIVE (-0.24%)
2025-04-30 05:06:22,928 - INFO -   FMCG: NEGATIVE (-0.26%)
2025-04-30 05:06:22,929 - INFO -   Realty: NEGATIVE (-0.26%)
2025-04-30 05:06:22,930 - INFO -   Energy: NEGATIVE (-0.29%)
2025-04-30 05:06:22,931 - INFO -   Financial Services: NEGATIVE (-0.37%)
2025-04-30 05:06:22,935 - INFO -   Media: NEGATIVE (-0.79%)
2025-04-30 05:06:22,938 - INFO -   Metal: NEGATIVE (-0.95%)
2025-04-30 05:06:22,940 - INFO -   Pharma: NEGATIVE (-1.06%)
2025-04-30 05:06:22,940 - INFO - 
==================================================
SECTOR DATA READ COMPLETE
==================================================
2025-04-30 05:06:22,942 - INFO - 
==================================================
PROCESSING SECTOR DATA
==================================================
2025-04-30 05:06:22,944 - INFO - Processed performance data for 10 sectors
2025-04-30 05:06:22,946 - INFO - Processing existing positions for potential exits...
2025-04-30 05:06:22,947 - INFO - 
==================================================
PROCESSING EXISTING POSITIONS
==================================================
2025-04-30 05:06:22,972 - INFO - Processing 4 existing positions
2025-04-30 05:06:22,972 - INFO - Checking position: SELL RELIANCE.NS (Sector: Energy)
2025-04-30 05:06:22,973 - INFO - SECURITY ID LOOKUP: Searching for RELIANCE.NS
2025-04-30 05:06:22,975 - INFO - Trying exact match for 'RELIANCE.NS'
2025-04-30 05:06:22,976 - INFO - FOUND EXACT MATCH: ID 2885 for RELIANCE.NS
2025-04-30 05:06:22,977 - INFO - Sector Energy is NEGATIVE with -0.29% change
2025-04-30 05:06:22,977 - INFO - Getting current market price for RELIANCE.NS
2025-04-30 05:06:22,978 - INFO - Failed to get quote using symbol: 'dhanhq' object has no attribute 'get_quote'
2025-04-30 05:06:22,978 - INFO - Failed to get LTP using security_id: 'dhanhq' object has no attribute 'get_ltp'
2025-04-30 05:06:22,979 - INFO - Failed to get price from candles: 'dhanhq' object has no attribute 'intraday_daily_minute_charts'
2025-04-30 05:06:22,979 - ERROR - Could not get current market price for RELIANCE.NS
2025-04-30 05:06:22,979 - WARNING - Could not get current market price for RELIANCE.NS
2025-04-30 05:06:22,980 - INFO - Checking position: SELL TIINDIA.NS (Sector: Auto)
2025-04-30 05:06:22,980 - INFO - SECURITY ID LOOKUP: Searching for TIINDIA.NS
2025-04-30 05:06:22,981 - INFO - Trying exact match for 'TIINDIA.NS'
2025-04-30 05:06:22,981 - INFO - FOUND EXACT MATCH: ID 312 for TIINDIA.NS
2025-04-30 05:06:22,987 - INFO - Sector Auto is NEGATIVE with -0.24% change
2025-04-30 05:06:22,989 - INFO - Getting current market price for TIINDIA.NS
2025-04-30 05:06:22,989 - INFO - Failed to get quote using symbol: 'dhanhq' object has no attribute 'get_quote'
2025-04-30 05:06:22,990 - INFO - Failed to get LTP using security_id: 'dhanhq' object has no attribute 'get_ltp'
2025-04-30 05:06:22,990 - INFO - Failed to get price from candles: 'dhanhq' object has no attribute 'intraday_daily_minute_charts'
2025-04-30 05:06:22,991 - ERROR - Could not get current market price for TIINDIA.NS
2025-04-30 05:06:22,991 - WARNING - Could not get current market price for TIINDIA.NS
2025-04-30 05:06:22,991 - INFO - Checking position: SELL SONACOMS.NS (Sector: Auto)
2025-04-30 05:06:22,992 - INFO - SECURITY ID LOOKUP: Searching for SONACOMS.NS
2025-04-30 05:06:22,992 - INFO - Trying exact match for 'SONACOMS.NS'
2025-04-30 05:06:22,993 - INFO - FOUND EXACT MATCH: ID 4684 for SONACOMS.NS
2025-04-30 05:06:22,993 - INFO - Sector Auto is NEGATIVE with -0.24% change
2025-04-30 05:06:22,994 - INFO - Getting current market price for SONACOMS.NS
2025-04-30 05:06:22,995 - INFO - Failed to get quote using symbol: 'dhanhq' object has no attribute 'get_quote'
2025-04-30 05:06:22,995 - INFO - Failed to get LTP using security_id: 'dhanhq' object has no attribute 'get_ltp'
2025-04-30 05:06:22,996 - INFO - Failed to get price from candles: 'dhanhq' object has no attribute 'intraday_daily_minute_charts'
2025-04-30 05:06:22,997 - ERROR - Could not get current market price for SONACOMS.NS
2025-04-30 05:06:23,012 - WARNING - Could not get current market price for SONACOMS.NS
2025-04-30 05:06:23,013 - INFO - Checking position: SELL SAREGAMA.NS (Sector: Media)
2025-04-30 05:06:23,014 - INFO - SECURITY ID LOOKUP: Searching for SAREGAMA.NS
2025-04-30 05:06:23,014 - INFO - Trying exact match for 'SAREGAMA.NS'
2025-04-30 05:06:23,014 - INFO - FOUND EXACT MATCH: ID 4892 for SAREGAMA.NS
2025-04-30 05:06:23,016 - INFO - Sector Media is NEGATIVE with -0.79% change
2025-04-30 05:06:23,020 - INFO - Getting current market price for SAREGAMA.NS
2025-04-30 05:06:23,021 - INFO - Failed to get quote using symbol: 'dhanhq' object has no attribute 'get_quote'
2025-04-30 05:06:23,021 - INFO - Failed to get LTP using security_id: 'dhanhq' object has no attribute 'get_ltp'
2025-04-30 05:06:23,022 - INFO - Failed to get price from candles: 'dhanhq' object has no attribute 'intraday_daily_minute_charts'
2025-04-30 05:06:23,023 - ERROR - Could not get current market price for SAREGAMA.NS
2025-04-30 05:06:23,023 - WARNING - Could not get current market price for SAREGAMA.NS
2025-04-30 05:06:23,023 - INFO - No positions needed to be exited
2025-04-30 05:06:23,024 - INFO - 
==================================================
POSITION PROCESSING COMPLETE
==================================================
2025-04-30 05:06:23,024 - INFO - Looking for new trading opportunities...
2025-04-30 05:06:23,025 - INFO - 
==================================================
FINDING NEW TRADING OPPORTUNITIES
==================================================
2025-04-30 05:06:23,026 - INFO - Found 9 active tickers out of 9 total
2025-04-30 05:06:23,026 - INFO - Processing tickers in order: ['SYNGENE.NS', 'ZEEL.NS', 'Lauraslabs.NS', 'ADANIENT.NS', 'IPCALAB.NS', 'RELIANCE.NS', 'TIINDIA.NS', 'SONACOMS.NS', 'SAREGAMA.NS']
2025-04-30 05:06:23,027 - INFO - Already have open positions for: ['RELIANCE.NS', 'TIINDIA.NS', 'SONACOMS.NS', 'SAREGAMA.NS']
2025-04-30 05:06:23,027 - INFO - Current sector performances:
2025-04-30 05:06:23,028 - INFO -   Sector IT: POSITIVE (1.23%)
2025-04-30 05:06:23,028 - INFO -   Sector PSU Bank: NEGATIVE (-0.05%)
2025-04-30 05:06:23,028 - INFO -   Sector Auto: NEGATIVE (-0.24%)
2025-04-30 05:06:23,029 - INFO -   Sector FMCG: NEGATIVE (-0.26%)
2025-04-30 05:06:23,029 - INFO -   Sector Realty: NEGATIVE (-0.26%)
2025-04-30 05:06:23,030 - INFO -   Sector Energy: NEGATIVE (-0.29%)
2025-04-30 05:06:23,030 - INFO -   Sector Financial Services: NEGATIVE (-0.37%)
2025-04-30 05:06:23,030 - INFO -   Sector Media: NEGATIVE (-0.79%)
2025-04-30 05:06:23,031 - INFO -   Sector Metal: NEGATIVE (-0.95%)
2025-04-30 05:06:23,031 - INFO -   Sector Pharma: NEGATIVE (-1.06%)
2025-04-30 05:06:23,032 - INFO - Processing ticker 1: SYNGENE.NS
2025-04-30 05:06:23,032 - INFO - Found sector Pharma for SYNGENE.NS
2025-04-30 05:06:23,032 - INFO - Evaluating SYNGENE.NS in sector Pharma (-1.06%)
2025-04-30 05:06:23,033 - INFO - Not trading SYNGENE.NS - sector performance doesn't match strategy
2025-04-30 05:06:23,034 - INFO -   Transaction type: BUY
2025-04-30 05:06:23,038 - INFO -   Sector is_positive: False
2025-04-30 05:06:23,038 - INFO - Processing ticker 2: ZEEL.NS
2025-04-30 05:06:23,038 - INFO - Found sector Media for ZEEL.NS
2025-04-30 05:06:23,039 - INFO - Evaluating ZEEL.NS in sector Media (-0.79%)
2025-04-30 05:06:23,039 - INFO - Not trading ZEEL.NS - sector performance doesn't match strategy
2025-04-30 05:06:23,039 - INFO -   Transaction type: BUY
2025-04-30 05:06:23,040 - INFO -   Sector is_positive: False
2025-04-30 05:06:23,040 - INFO - Processing ticker 3: Lauraslabs.NS
2025-04-30 05:06:23,041 - WARNING - Could not find sector for Lauraslabs.NS in sector mapping
2025-04-30 05:06:23,041 - INFO - Processing ticker 4: ADANIENT.NS
2025-04-30 05:06:23,041 - INFO - Found sector Metal for ADANIENT.NS
2025-04-30 05:06:23,042 - INFO - Evaluating ADANIENT.NS in sector Metal (-0.95%)
2025-04-30 05:06:23,042 - INFO - Not trading ADANIENT.NS - sector performance doesn't match strategy
2025-04-30 05:06:23,043 - INFO -   Transaction type: BUY
2025-04-30 05:06:23,043 - INFO -   Sector is_positive: False
2025-04-30 05:06:23,044 - INFO - Processing ticker 5: IPCALAB.NS
2025-04-30 05:06:23,044 - INFO - Found sector Pharma for IPCALAB.NS
2025-04-30 05:06:23,044 - INFO - Evaluating IPCALAB.NS in sector Pharma (-1.06%)
2025-04-30 05:06:23,046 - INFO - Not trading IPCALAB.NS - sector performance doesn't match strategy
2025-04-30 05:06:23,046 - INFO -   Transaction type: BUY
2025-04-30 05:06:23,046 - INFO -   Sector is_positive: False
2025-04-30 05:06:23,046 - INFO - Processing ticker 6: RELIANCE.NS
2025-04-30 05:06:23,046 - INFO - Skipping RELIANCE.NS - already have an open position
2025-04-30 05:06:23,046 - INFO - Processing ticker 7: TIINDIA.NS
2025-04-30 05:06:23,047 - INFO - Skipping TIINDIA.NS - already have an open position
2025-04-30 05:06:23,047 - INFO - Processing ticker 8: SONACOMS.NS
2025-04-30 05:06:23,048 - INFO - Skipping SONACOMS.NS - already have an open position
2025-04-30 05:06:23,049 - INFO - Processing ticker 9: SAREGAMA.NS
2025-04-30 05:06:23,054 - INFO - Skipping SAREGAMA.NS - already have an open position
2025-04-30 05:06:23,055 - INFO - Ticker processing summary:
2025-04-30 05:06:23,055 - INFO -   Total tickers considered: 9
2025-04-30 05:06:23,057 - INFO -   Tickers with sector data: 4
2025-04-30 05:06:23,057 - INFO -   Tickers matching strategy: 0
2025-04-30 05:06:23,058 - INFO -   Tickers with security ID: 0
2025-04-30 05:06:23,058 - INFO -   Orders successfully placed: 0
2025-04-30 05:06:23,058 - INFO - New positions added: 0
2025-04-30 05:06:23,059 - INFO - Positions skipped: 9
2025-04-30 05:06:23,059 - INFO - Positions with errors: 0
2025-04-30 05:06:23,060 - INFO - 
==================================================
NEW OPPORTUNITIES PROCESSING COMPLETE
==================================================
2025-04-30 05:06:23,061 - INFO - 
==================================================
SECTOR PROCESSING COMPLETE
==================================================
2025-04-30 05:06:23,063 - INFO - Saved 4 positions to dhan_positions.json
2025-04-30 05:06:23,064 - INFO - 
==================================================
POSITIONS SUMMARY
==================================================
2025-04-30 05:06:23,065 - INFO - Current positions summary:
2025-04-30 05:06:23,065 - INFO -   Open BUY positions: 0
2025-04-30 05:06:23,066 - INFO -   Open SELL positions: 4
2025-04-30 05:06:23,066 - INFO -   Closed positions: 0
2025-04-30 05:06:23,067 - INFO -   Total positions: 4
2025-04-30 05:06:23,070 - INFO - Open positions:
2025-04-30 05:06:23,071 - INFO -   SELL RELIANCE.NS (Sector: Energy, Entry: 2025-04-30 05:01:34, Order ID: 212504306752, SL%: 1.0%, Target%: 1.0%)
2025-04-30 05:06:23,072 - INFO -   SELL TIINDIA.NS (Sector: Auto, Entry: 2025-04-30 05:01:46, Order ID: 512504306332, SL%: 1.0%, Target%: 1%)
2025-04-30 05:06:23,072 - INFO -   SELL SONACOMS.NS (Sector: Auto, Entry: 2025-04-30 05:01:59, Order ID: 412504306422, SL%: 1.0%, Target%: 1.0%)
2025-04-30 05:06:23,073 - INFO -   SELL SAREGAMA.NS (Sector: Media, Entry: 2025-04-30 05:02:11, Order ID: 412504306512, SL%: 1.0%, Target%: 1%)
2025-04-30 05:06:23,073 - INFO - 
==================================================
POSITIONS SUMMARY COMPLETE
==================================================
2025-04-30 05:06:23,074 - INFO - Trading cycle 9 completed
2025-04-30 05:06:23,075 - INFO - Waiting 30 seconds until next check at 05:06:53...
2025-04-30 05:06:23,075 - INFO - 
==================================================
CYCLE 9 COMPLETE
==================================================
2025-04-30 05:06:53,078 - INFO - 
==================================================
TRADING CYCLE 10
==================================================
2025-04-30 05:06:53,081 - INFO - Trading cycle 10 started at 2025-04-30 05:06:53
2025-04-30 05:06:53,083 - INFO - 
==================================================
READING SECTOR PERFORMANCE DATA
==================================================
2025-04-30 05:06:53,085 - INFO - Reading sector performance data from sector.csv
2025-04-30 05:06:53,087 - INFO - File last modified: 2025-04-30 05:06:11
2025-04-30 05:06:53,107 - INFO - Latest timestamp in data: 2025-04-30 05:06:11
2025-04-30 05:06:53,107 - INFO - Loaded data for 10 sectors
2025-04-30 05:06:53,108 - INFO - Sector performance details:
2025-04-30 05:06:53,111 - INFO -   IT: POSITIVE (1.23%)
2025-04-30 05:06:53,112 - INFO -   PSU Bank: NEGATIVE (-0.05%)
2025-04-30 05:06:53,116 - INFO -   Auto: NEGATIVE (-0.24%)
2025-04-30 05:06:53,119 - INFO -   FMCG: NEGATIVE (-0.26%)
2025-04-30 05:06:53,122 - INFO -   Realty: NEGATIVE (-0.26%)
2025-04-30 05:06:53,123 - INFO -   Energy: NEGATIVE (-0.29%)
2025-04-30 05:06:53,125 - INFO -   Financial Services: NEGATIVE (-0.37%)
2025-04-30 05:06:53,126 - INFO -   Media: NEGATIVE (-0.79%)
2025-04-30 05:06:53,127 - INFO -   Metal: NEGATIVE (-0.95%)
2025-04-30 05:06:53,128 - INFO -   Pharma: NEGATIVE (-1.06%)
2025-04-30 05:06:53,128 - INFO - 
==================================================
SECTOR DATA READ COMPLETE
==================================================
2025-04-30 05:06:53,132 - INFO - 
==================================================
PROCESSING SECTOR DATA
==================================================
2025-04-30 05:06:53,138 - INFO - Processed performance data for 10 sectors
2025-04-30 05:06:53,138 - INFO - Processing existing positions for potential exits...
2025-04-30 05:06:53,139 - INFO - 
==================================================
PROCESSING EXISTING POSITIONS
==================================================
2025-04-30 05:06:53,139 - INFO - Processing 4 existing positions
2025-04-30 05:06:53,140 - INFO - Checking position: SELL RELIANCE.NS (Sector: Energy)
2025-04-30 05:06:53,140 - INFO - SECURITY ID LOOKUP: Searching for RELIANCE.NS
2025-04-30 05:06:53,140 - INFO - Trying exact match for 'RELIANCE.NS'
2025-04-30 05:06:53,141 - INFO - FOUND EXACT MATCH: ID 2885 for RELIANCE.NS
2025-04-30 05:06:53,141 - INFO - Sector Energy is NEGATIVE with -0.29% change
2025-04-30 05:06:53,141 - INFO - Getting current market price for RELIANCE.NS
2025-04-30 05:06:53,142 - INFO - Failed to get quote using symbol: 'dhanhq' object has no attribute 'get_quote'
2025-04-30 05:06:53,142 - INFO - Failed to get LTP using security_id: 'dhanhq' object has no attribute 'get_ltp'
2025-04-30 05:06:53,143 - INFO - Failed to get price from candles: 'dhanhq' object has no attribute 'intraday_daily_minute_charts'
2025-04-30 05:06:53,143 - ERROR - Could not get current market price for RELIANCE.NS
2025-04-30 05:06:53,143 - WARNING - Could not get current market price for RELIANCE.NS
2025-04-30 05:06:53,144 - INFO - Checking position: SELL TIINDIA.NS (Sector: Auto)
2025-04-30 05:06:53,144 - INFO - SECURITY ID LOOKUP: Searching for TIINDIA.NS
2025-04-30 05:06:53,144 - INFO - Trying exact match for 'TIINDIA.NS'
2025-04-30 05:06:53,144 - INFO - FOUND EXACT MATCH: ID 312 for TIINDIA.NS
2025-04-30 05:06:53,145 - INFO - Sector Auto is NEGATIVE with -0.24% change
2025-04-30 05:06:53,145 - INFO - Getting current market price for TIINDIA.NS
2025-04-30 05:06:53,145 - INFO - Failed to get quote using symbol: 'dhanhq' object has no attribute 'get_quote'
2025-04-30 05:06:53,146 - INFO - Failed to get LTP using security_id: 'dhanhq' object has no attribute 'get_ltp'
2025-04-30 05:06:53,148 - INFO - Failed to get price from candles: 'dhanhq' object has no attribute 'intraday_daily_minute_charts'
2025-04-30 05:06:53,151 - ERROR - Could not get current market price for TIINDIA.NS
2025-04-30 05:06:53,151 - WARNING - Could not get current market price for TIINDIA.NS
2025-04-30 05:06:53,151 - INFO - Checking position: SELL SONACOMS.NS (Sector: Auto)
2025-04-30 05:06:53,152 - INFO - SECURITY ID LOOKUP: Searching for SONACOMS.NS
2025-04-30 05:06:53,153 - INFO - Trying exact match for 'SONACOMS.NS'
2025-04-30 05:06:53,154 - INFO - FOUND EXACT MATCH: ID 4684 for SONACOMS.NS
2025-04-30 05:06:53,154 - INFO - Sector Auto is NEGATIVE with -0.24% change
2025-04-30 05:06:53,154 - INFO - Getting current market price for SONACOMS.NS
2025-04-30 05:06:53,155 - INFO - Failed to get quote using symbol: 'dhanhq' object has no attribute 'get_quote'
2025-04-30 05:06:53,156 - INFO - Failed to get LTP using security_id: 'dhanhq' object has no attribute 'get_ltp'
2025-04-30 05:06:53,156 - INFO - Failed to get price from candles: 'dhanhq' object has no attribute 'intraday_daily_minute_charts'
2025-04-30 05:06:53,156 - ERROR - Could not get current market price for SONACOMS.NS
2025-04-30 05:06:53,157 - WARNING - Could not get current market price for SONACOMS.NS
2025-04-30 05:06:53,157 - INFO - Checking position: SELL SAREGAMA.NS (Sector: Media)
2025-04-30 05:06:53,158 - INFO - SECURITY ID LOOKUP: Searching for SAREGAMA.NS
2025-04-30 05:06:53,158 - INFO - Trying exact match for 'SAREGAMA.NS'
2025-04-30 05:06:53,158 - INFO - FOUND EXACT MATCH: ID 4892 for SAREGAMA.NS
2025-04-30 05:06:53,158 - INFO - Sector Media is NEGATIVE with -0.79% change
2025-04-30 05:06:53,159 - INFO - Getting current market price for SAREGAMA.NS
2025-04-30 05:06:53,159 - INFO - Failed to get quote using symbol: 'dhanhq' object has no attribute 'get_quote'
2025-04-30 05:06:53,159 - INFO - Failed to get LTP using security_id: 'dhanhq' object has no attribute 'get_ltp'
2025-04-30 05:06:53,160 - INFO - Failed to get price from candles: 'dhanhq' object has no attribute 'intraday_daily_minute_charts'
2025-04-30 05:06:53,160 - ERROR - Could not get current market price for SAREGAMA.NS
2025-04-30 05:06:53,160 - WARNING - Could not get current market price for SAREGAMA.NS
2025-04-30 05:06:53,161 - INFO - No positions needed to be exited
2025-04-30 05:06:53,161 - INFO - 
==================================================
POSITION PROCESSING COMPLETE
==================================================
2025-04-30 05:06:53,161 - INFO - Looking for new trading opportunities...
2025-04-30 05:06:53,162 - INFO - 
==================================================
FINDING NEW TRADING OPPORTUNITIES
==================================================
2025-04-30 05:06:53,162 - INFO - Found 9 active tickers out of 9 total
2025-04-30 05:06:53,163 - INFO - Processing tickers in order: ['SYNGENE.NS', 'ZEEL.NS', 'Lauraslabs.NS', 'ADANIENT.NS', 'IPCALAB.NS', 'RELIANCE.NS', 'TIINDIA.NS', 'SONACOMS.NS', 'SAREGAMA.NS']
2025-04-30 05:06:53,164 - INFO - Already have open positions for: ['RELIANCE.NS', 'TIINDIA.NS', 'SONACOMS.NS', 'SAREGAMA.NS']
2025-04-30 05:06:53,167 - INFO - Current sector performances:
2025-04-30 05:06:53,168 - INFO -   Sector IT: POSITIVE (1.23%)
2025-04-30 05:06:53,168 - INFO -   Sector PSU Bank: NEGATIVE (-0.05%)
2025-04-30 05:06:53,169 - INFO -   Sector Auto: NEGATIVE (-0.24%)
2025-04-30 05:06:53,170 - INFO -   Sector FMCG: NEGATIVE (-0.26%)
2025-04-30 05:06:53,171 - INFO -   Sector Realty: NEGATIVE (-0.26%)
2025-04-30 05:06:53,171 - INFO -   Sector Energy: NEGATIVE (-0.29%)
2025-04-30 05:06:53,171 - INFO -   Sector Financial Services: NEGATIVE (-0.37%)
2025-04-30 05:06:53,171 - INFO -   Sector Media: NEGATIVE (-0.79%)
2025-04-30 05:06:53,172 - INFO -   Sector Metal: NEGATIVE (-0.95%)
2025-04-30 05:06:53,172 - INFO -   Sector Pharma: NEGATIVE (-1.06%)
2025-04-30 05:06:53,172 - INFO - Processing ticker 1: SYNGENE.NS
2025-04-30 05:06:53,172 - INFO - Found sector Pharma for SYNGENE.NS
2025-04-30 05:06:53,173 - INFO - Evaluating SYNGENE.NS in sector Pharma (-1.06%)
2025-04-30 05:06:53,173 - INFO - Not trading SYNGENE.NS - sector performance doesn't match strategy
2025-04-30 05:06:53,173 - INFO -   Transaction type: BUY
2025-04-30 05:06:53,174 - INFO -   Sector is_positive: False
2025-04-30 05:06:53,174 - INFO - Processing ticker 2: ZEEL.NS
2025-04-30 05:06:53,174 - INFO - Found sector Media for ZEEL.NS
2025-04-30 05:06:53,174 - INFO - Evaluating ZEEL.NS in sector Media (-0.79%)
2025-04-30 05:06:53,175 - INFO - Not trading ZEEL.NS - sector performance doesn't match strategy
2025-04-30 05:06:53,175 - INFO -   Transaction type: BUY
2025-04-30 05:06:53,175 - INFO -   Sector is_positive: False
2025-04-30 05:06:53,175 - INFO - Processing ticker 3: Lauraslabs.NS
2025-04-30 05:06:53,176 - WARNING - Could not find sector for Lauraslabs.NS in sector mapping
2025-04-30 05:06:53,176 - INFO - Processing ticker 4: ADANIENT.NS
2025-04-30 05:06:53,176 - INFO - Found sector Metal for ADANIENT.NS
2025-04-30 05:06:53,176 - INFO - Evaluating ADANIENT.NS in sector Metal (-0.95%)
2025-04-30 05:06:53,177 - INFO - Not trading ADANIENT.NS - sector performance doesn't match strategy
2025-04-30 05:06:53,177 - INFO -   Transaction type: BUY
2025-04-30 05:06:53,177 - INFO -   Sector is_positive: False
2025-04-30 05:06:53,177 - INFO - Processing ticker 5: IPCALAB.NS
2025-04-30 05:06:53,178 - INFO - Found sector Pharma for IPCALAB.NS
2025-04-30 05:06:53,178 - INFO - Evaluating IPCALAB.NS in sector Pharma (-1.06%)
2025-04-30 05:06:53,178 - INFO - Not trading IPCALAB.NS - sector performance doesn't match strategy
2025-04-30 05:06:53,178 - INFO -   Transaction type: BUY
2025-04-30 05:06:53,179 - INFO -   Sector is_positive: False
2025-04-30 05:06:53,179 - INFO - Processing ticker 6: RELIANCE.NS
2025-04-30 05:06:53,179 - INFO - Skipping RELIANCE.NS - already have an open position
2025-04-30 05:06:53,181 - INFO - Processing ticker 7: TIINDIA.NS
2025-04-30 05:06:53,182 - INFO - Skipping TIINDIA.NS - already have an open position
2025-04-30 05:06:53,183 - INFO - Processing ticker 8: SONACOMS.NS
2025-04-30 05:06:53,184 - INFO - Skipping SONACOMS.NS - already have an open position
2025-04-30 05:06:53,186 - INFO - Processing ticker 9: SAREGAMA.NS
2025-04-30 05:06:53,187 - INFO - Skipping SAREGAMA.NS - already have an open position
2025-04-30 05:06:53,187 - INFO - Ticker processing summary:
2025-04-30 05:06:53,188 - INFO -   Total tickers considered: 9
2025-04-30 05:06:53,188 - INFO -   Tickers with sector data: 4
2025-04-30 05:06:53,188 - INFO -   Tickers matching strategy: 0
2025-04-30 05:06:53,189 - INFO -   Tickers with security ID: 0
2025-04-30 05:06:53,189 - INFO -   Orders successfully placed: 0
2025-04-30 05:06:53,189 - INFO - New positions added: 0
2025-04-30 05:06:53,190 - INFO - Positions skipped: 9
2025-04-30 05:06:53,190 - INFO - Positions with errors: 0
2025-04-30 05:06:53,190 - INFO - 
==================================================
NEW OPPORTUNITIES PROCESSING COMPLETE
==================================================
2025-04-30 05:06:53,191 - INFO - 
==================================================
SECTOR PROCESSING COMPLETE
==================================================
2025-04-30 05:06:53,193 - INFO - Saved 4 positions to dhan_positions.json
2025-04-30 05:06:53,194 - INFO - 
==================================================
POSITIONS SUMMARY
==================================================
2025-04-30 05:06:53,195 - INFO - Current positions summary:
2025-04-30 05:06:53,195 - INFO -   Open BUY positions: 0
2025-04-30 05:06:53,195 - INFO -   Open SELL positions: 4
2025-04-30 05:06:53,196 - INFO -   Closed positions: 0
2025-04-30 05:06:53,196 - INFO -   Total positions: 4
2025-04-30 05:06:53,198 - INFO - Open positions:
2025-04-30 05:06:53,200 - INFO -   SELL RELIANCE.NS (Sector: Energy, Entry: 2025-04-30 05:01:34, Order ID: 212504306752, SL%: 1.0%, Target%: 1.0%)
2025-04-30 05:06:53,200 - INFO -   SELL TIINDIA.NS (Sector: Auto, Entry: 2025-04-30 05:01:46, Order ID: 512504306332, SL%: 1.0%, Target%: 1%)
2025-04-30 05:06:53,201 - INFO -   SELL SONACOMS.NS (Sector: Auto, Entry: 2025-04-30 05:01:59, Order ID: 412504306422, SL%: 1.0%, Target%: 1.0%)
2025-04-30 05:06:53,202 - INFO -   SELL SAREGAMA.NS (Sector: Media, Entry: 2025-04-30 05:02:11, Order ID: 412504306512, SL%: 1.0%, Target%: 1%)
2025-04-30 05:06:53,204 - INFO - 
==================================================
POSITIONS SUMMARY COMPLETE
==================================================
2025-04-30 05:06:53,204 - INFO - Trading cycle 10 completed
2025-04-30 05:06:53,206 - INFO - Waiting 30 seconds until next check at 05:07:23...
2025-04-30 05:06:53,206 - INFO - 
==================================================
CYCLE 10 COMPLETE
==================================================
2025-04-30 05:07:23,211 - INFO - 
==================================================
TRADING CYCLE 11
==================================================
2025-04-30 05:07:23,213 - INFO - Trading cycle 11 started at 2025-04-30 05:07:23
2025-04-30 05:07:23,214 - INFO - 
==================================================
READING SECTOR PERFORMANCE DATA
==================================================
2025-04-30 05:07:23,215 - INFO - Reading sector performance data from sector.csv
2025-04-30 05:07:23,217 - INFO - File last modified: 2025-04-30 05:06:11
2025-04-30 05:07:23,224 - INFO - Latest timestamp in data: 2025-04-30 05:06:11
2025-04-30 05:07:23,225 - INFO - Loaded data for 10 sectors
2025-04-30 05:07:23,231 - INFO - Sector performance details:
2025-04-30 05:07:23,233 - INFO -   IT: POSITIVE (1.23%)
2025-04-30 05:07:23,234 - INFO -   PSU Bank: NEGATIVE (-0.05%)
2025-04-30 05:07:23,235 - INFO -   Auto: NEGATIVE (-0.24%)
2025-04-30 05:07:23,237 - INFO -   FMCG: NEGATIVE (-0.26%)
2025-04-30 05:07:23,238 - INFO -   Realty: NEGATIVE (-0.26%)
2025-04-30 05:07:23,239 - INFO -   Energy: NEGATIVE (-0.29%)
2025-04-30 05:07:23,240 - INFO -   Financial Services: NEGATIVE (-0.37%)
2025-04-30 05:07:23,241 - INFO -   Media: NEGATIVE (-0.79%)
2025-04-30 05:07:23,243 - INFO -   Metal: NEGATIVE (-0.95%)
2025-04-30 05:07:23,245 - INFO -   Pharma: NEGATIVE (-1.06%)
2025-04-30 05:07:23,245 - INFO - 
==================================================
SECTOR DATA READ COMPLETE
==================================================
2025-04-30 05:07:23,252 - INFO - 
==================================================
PROCESSING SECTOR DATA
==================================================
2025-04-30 05:07:23,255 - INFO - Processed performance data for 10 sectors
2025-04-30 05:07:23,255 - INFO - Processing existing positions for potential exits...
2025-04-30 05:07:23,255 - INFO - 
==================================================
PROCESSING EXISTING POSITIONS
==================================================
2025-04-30 05:07:23,256 - INFO - Processing 4 existing positions
2025-04-30 05:07:23,256 - INFO - Checking position: SELL RELIANCE.NS (Sector: Energy)
2025-04-30 05:07:23,257 - INFO - SECURITY ID LOOKUP: Searching for RELIANCE.NS
2025-04-30 05:07:23,257 - INFO - Trying exact match for 'RELIANCE.NS'
2025-04-30 05:07:23,257 - INFO - FOUND EXACT MATCH: ID 2885 for RELIANCE.NS
2025-04-30 05:07:23,257 - INFO - Sector Energy is NEGATIVE with -0.29% change
2025-04-30 05:07:23,258 - INFO - Getting current market price for RELIANCE.NS
2025-04-30 05:07:23,258 - INFO - Failed to get quote using symbol: 'dhanhq' object has no attribute 'get_quote'
2025-04-30 05:07:23,259 - INFO - Failed to get LTP using security_id: 'dhanhq' object has no attribute 'get_ltp'
2025-04-30 05:07:23,259 - INFO - Failed to get price from candles: 'dhanhq' object has no attribute 'intraday_daily_minute_charts'
2025-04-30 05:07:23,259 - ERROR - Could not get current market price for RELIANCE.NS
2025-04-30 05:07:23,260 - WARNING - Could not get current market price for RELIANCE.NS
2025-04-30 05:07:23,260 - INFO - Checking position: SELL TIINDIA.NS (Sector: Auto)
2025-04-30 05:07:23,260 - INFO - SECURITY ID LOOKUP: Searching for TIINDIA.NS
2025-04-30 05:07:23,261 - INFO - Trying exact match for 'TIINDIA.NS'
2025-04-30 05:07:23,261 - INFO - FOUND EXACT MATCH: ID 312 for TIINDIA.NS
2025-04-30 05:07:23,263 - INFO - Sector Auto is NEGATIVE with -0.24% change
2025-04-30 05:07:23,265 - INFO - Getting current market price for TIINDIA.NS
2025-04-30 05:07:23,266 - INFO - Failed to get quote using symbol: 'dhanhq' object has no attribute 'get_quote'
2025-04-30 05:07:23,266 - INFO - Failed to get LTP using security_id: 'dhanhq' object has no attribute 'get_ltp'
2025-04-30 05:07:23,266 - INFO - Failed to get price from candles: 'dhanhq' object has no attribute 'intraday_daily_minute_charts'
2025-04-30 05:07:23,267 - ERROR - Could not get current market price for TIINDIA.NS
2025-04-30 05:07:23,267 - WARNING - Could not get current market price for TIINDIA.NS
2025-04-30 05:07:23,267 - INFO - Checking position: SELL SONACOMS.NS (Sector: Auto)
2025-04-30 05:07:23,268 - INFO - SECURITY ID LOOKUP: Searching for SONACOMS.NS
2025-04-30 05:07:23,268 - INFO - Trying exact match for 'SONACOMS.NS'
2025-04-30 05:07:23,268 - INFO - FOUND EXACT MATCH: ID 4684 for SONACOMS.NS
2025-04-30 05:07:23,268 - INFO - Sector Auto is NEGATIVE with -0.24% change
2025-04-30 05:07:23,268 - INFO - Getting current market price for SONACOMS.NS
2025-04-30 05:07:23,269 - INFO - Failed to get quote using symbol: 'dhanhq' object has no attribute 'get_quote'
2025-04-30 05:07:23,269 - INFO - Failed to get LTP using security_id: 'dhanhq' object has no attribute 'get_ltp'
2025-04-30 05:07:23,269 - INFO - Failed to get price from candles: 'dhanhq' object has no attribute 'intraday_daily_minute_charts'
2025-04-30 05:07:23,270 - ERROR - Could not get current market price for SONACOMS.NS
2025-04-30 05:07:23,270 - WARNING - Could not get current market price for SONACOMS.NS
2025-04-30 05:07:23,270 - INFO - Checking position: SELL SAREGAMA.NS (Sector: Media)
2025-04-30 05:07:23,270 - INFO - SECURITY ID LOOKUP: Searching for SAREGAMA.NS
2025-04-30 05:07:23,271 - INFO - Trying exact match for 'SAREGAMA.NS'
2025-04-30 05:07:23,271 - INFO - FOUND EXACT MATCH: ID 4892 for SAREGAMA.NS
2025-04-30 05:07:23,271 - INFO - Sector Media is NEGATIVE with -0.79% change
2025-04-30 05:07:23,271 - INFO - Getting current market price for SAREGAMA.NS
2025-04-30 05:07:23,272 - INFO - Failed to get quote using symbol: 'dhanhq' object has no attribute 'get_quote'
2025-04-30 05:07:23,272 - INFO - Failed to get LTP using security_id: 'dhanhq' object has no attribute 'get_ltp'
2025-04-30 05:07:23,272 - INFO - Failed to get price from candles: 'dhanhq' object has no attribute 'intraday_daily_minute_charts'
2025-04-30 05:07:23,272 - ERROR - Could not get current market price for SAREGAMA.NS
2025-04-30 05:07:23,273 - WARNING - Could not get current market price for SAREGAMA.NS
2025-04-30 05:07:23,273 - INFO - No positions needed to be exited
2025-04-30 05:07:23,273 - INFO - 
==================================================
POSITION PROCESSING COMPLETE
==================================================
2025-04-30 05:07:23,274 - INFO - Looking for new trading opportunities...
2025-04-30 05:07:23,274 - INFO - 
==================================================
FINDING NEW TRADING OPPORTUNITIES
==================================================
2025-04-30 05:07:23,275 - INFO - Found 9 active tickers out of 9 total
2025-04-30 05:07:23,275 - INFO - Processing tickers in order: ['SYNGENE.NS', 'ZEEL.NS', 'Lauraslabs.NS', 'ADANIENT.NS', 'IPCALAB.NS', 'RELIANCE.NS', 'TIINDIA.NS', 'SONACOMS.NS', 'SAREGAMA.NS']
2025-04-30 05:07:23,276 - INFO - Already have open positions for: ['RELIANCE.NS', 'TIINDIA.NS', 'SONACOMS.NS', 'SAREGAMA.NS']
2025-04-30 05:07:23,276 - INFO - Current sector performances:
2025-04-30 05:07:23,276 - INFO -   Sector IT: POSITIVE (1.23%)
2025-04-30 05:07:23,277 - INFO -   Sector PSU Bank: NEGATIVE (-0.05%)
2025-04-30 05:07:23,278 - INFO -   Sector Auto: NEGATIVE (-0.24%)
2025-04-30 05:07:23,278 - INFO -   Sector FMCG: NEGATIVE (-0.26%)
2025-04-30 05:07:23,280 - INFO -   Sector Realty: NEGATIVE (-0.26%)
2025-04-30 05:07:23,281 - INFO -   Sector Energy: NEGATIVE (-0.29%)
2025-04-30 05:07:23,283 - INFO -   Sector Financial Services: NEGATIVE (-0.37%)
2025-04-30 05:07:23,284 - INFO -   Sector Media: NEGATIVE (-0.79%)
2025-04-30 05:07:23,284 - INFO -   Sector Metal: NEGATIVE (-0.95%)
2025-04-30 05:07:23,284 - INFO -   Sector Pharma: NEGATIVE (-1.06%)
2025-04-30 05:07:23,285 - INFO - Processing ticker 1: SYNGENE.NS
2025-04-30 05:07:23,285 - INFO - Found sector Pharma for SYNGENE.NS
2025-04-30 05:07:23,286 - INFO - Evaluating SYNGENE.NS in sector Pharma (-1.06%)
2025-04-30 05:07:23,286 - INFO - Not trading SYNGENE.NS - sector performance doesn't match strategy
2025-04-30 05:07:23,286 - INFO -   Transaction type: BUY
2025-04-30 05:07:23,287 - INFO -   Sector is_positive: False
2025-04-30 05:07:23,287 - INFO - Processing ticker 2: ZEEL.NS
2025-04-30 05:07:23,287 - INFO - Found sector Media for ZEEL.NS
2025-04-30 05:07:23,288 - INFO - Evaluating ZEEL.NS in sector Media (-0.79%)
2025-04-30 05:07:23,288 - INFO - Not trading ZEEL.NS - sector performance doesn't match strategy
2025-04-30 05:07:23,288 - INFO -   Transaction type: BUY
2025-04-30 05:07:23,289 - INFO -   Sector is_positive: False
2025-04-30 05:07:23,289 - INFO - Processing ticker 3: Lauraslabs.NS
2025-04-30 05:07:23,290 - WARNING - Could not find sector for Lauraslabs.NS in sector mapping
2025-04-30 05:07:23,290 - INFO - Processing ticker 4: ADANIENT.NS
2025-04-30 05:07:23,290 - INFO - Found sector Metal for ADANIENT.NS
2025-04-30 05:07:23,291 - INFO - Evaluating ADANIENT.NS in sector Metal (-0.95%)
2025-04-30 05:07:23,291 - INFO - Not trading ADANIENT.NS - sector performance doesn't match strategy
2025-04-30 05:07:23,291 - INFO -   Transaction type: BUY
2025-04-30 05:07:23,292 - INFO -   Sector is_positive: False
2025-04-30 05:07:23,292 - INFO - Processing ticker 5: IPCALAB.NS
2025-04-30 05:07:23,292 - INFO - Found sector Pharma for IPCALAB.NS
2025-04-30 05:07:23,293 - INFO - Evaluating IPCALAB.NS in sector Pharma (-1.06%)
2025-04-30 05:07:23,293 - INFO - Not trading IPCALAB.NS - sector performance doesn't match strategy
2025-04-30 05:07:23,295 - INFO -   Transaction type: BUY
2025-04-30 05:07:23,298 - INFO -   Sector is_positive: False
2025-04-30 05:07:23,299 - INFO - Processing ticker 6: RELIANCE.NS
2025-04-30 05:07:23,299 - INFO - Skipping RELIANCE.NS - already have an open position
2025-04-30 05:07:23,301 - INFO - Processing ticker 7: TIINDIA.NS
2025-04-30 05:07:23,301 - INFO - Skipping TIINDIA.NS - already have an open position
2025-04-30 05:07:23,302 - INFO - Processing ticker 8: SONACOMS.NS
2025-04-30 05:07:23,302 - INFO - Skipping SONACOMS.NS - already have an open position
2025-04-30 05:07:23,302 - INFO - Processing ticker 9: SAREGAMA.NS
2025-04-30 05:07:23,303 - INFO - Skipping SAREGAMA.NS - already have an open position
2025-04-30 05:07:23,303 - INFO - Ticker processing summary:
2025-04-30 05:07:23,304 - INFO -   Total tickers considered: 9
2025-04-30 05:07:23,304 - INFO -   Tickers with sector data: 4
2025-04-30 05:07:23,305 - INFO -   Tickers matching strategy: 0
2025-04-30 05:07:23,305 - INFO -   Tickers with security ID: 0
2025-04-30 05:07:23,305 - INFO -   Orders successfully placed: 0
2025-04-30 05:07:23,306 - INFO - New positions added: 0
2025-04-30 05:07:23,306 - INFO - Positions skipped: 9
2025-04-30 05:07:23,306 - INFO - Positions with errors: 0
2025-04-30 05:07:23,307 - INFO - 
==================================================
NEW OPPORTUNITIES PROCESSING COMPLETE
==================================================
2025-04-30 05:07:23,308 - INFO - 
==================================================
SECTOR PROCESSING COMPLETE
==================================================
2025-04-30 05:07:23,313 - INFO - Saved 4 positions to dhan_positions.json
2025-04-30 05:07:23,315 - INFO - 
==================================================
POSITIONS SUMMARY
==================================================
2025-04-30 05:07:23,317 - INFO - Current positions summary:
2025-04-30 05:07:23,317 - INFO -   Open BUY positions: 0
2025-04-30 05:07:23,318 - INFO -   Open SELL positions: 4
2025-04-30 05:07:23,318 - INFO -   Closed positions: 0
2025-04-30 05:07:23,318 - INFO -   Total positions: 4
2025-04-30 05:07:23,319 - INFO - Open positions:
2025-04-30 05:07:23,319 - INFO -   SELL RELIANCE.NS (Sector: Energy, Entry: 2025-04-30 05:01:34, Order ID: 212504306752, SL%: 1.0%, Target%: 1.0%)
2025-04-30 05:07:23,319 - INFO -   SELL TIINDIA.NS (Sector: Auto, Entry: 2025-04-30 05:01:46, Order ID: 512504306332, SL%: 1.0%, Target%: 1%)
2025-04-30 05:07:23,319 - INFO -   SELL SONACOMS.NS (Sector: Auto, Entry: 2025-04-30 05:01:59, Order ID: 412504306422, SL%: 1.0%, Target%: 1.0%)
2025-04-30 05:07:23,320 - INFO -   SELL SAREGAMA.NS (Sector: Media, Entry: 2025-04-30 05:02:11, Order ID: 412504306512, SL%: 1.0%, Target%: 1%)
2025-04-30 05:07:23,320 - INFO - 
==================================================
POSITIONS SUMMARY COMPLETE
==================================================
2025-04-30 05:07:23,321 - INFO - Trading cycle 11 completed
2025-04-30 05:07:23,321 - INFO - Waiting 30 seconds until next check at 05:07:53...
2025-04-30 05:07:23,322 - INFO - 
==================================================
CYCLE 11 COMPLETE
==================================================
2025-04-30 05:07:53,328 - INFO - 
==================================================
TRADING CYCLE 12
==================================================
2025-04-30 05:07:53,330 - INFO - Trading cycle 12 started at 2025-04-30 05:07:53
2025-04-30 05:07:53,330 - INFO - 
==================================================
READING SECTOR PERFORMANCE DATA
==================================================
2025-04-30 05:07:53,332 - INFO - Reading sector performance data from sector.csv
2025-04-30 05:07:53,333 - INFO - File last modified: 2025-04-30 05:06:11
2025-04-30 05:07:53,338 - INFO - Latest timestamp in data: 2025-04-30 05:06:11
2025-04-30 05:07:53,339 - INFO - Loaded data for 10 sectors
2025-04-30 05:07:53,340 - INFO - Sector performance details:
2025-04-30 05:07:53,342 - INFO -   IT: POSITIVE (1.23%)
2025-04-30 05:07:53,344 - INFO -   PSU Bank: NEGATIVE (-0.05%)
2025-04-30 05:07:53,347 - INFO -   Auto: NEGATIVE (-0.24%)
2025-04-30 05:07:53,349 - INFO -   FMCG: NEGATIVE (-0.26%)
2025-04-30 05:07:53,350 - INFO -   Realty: NEGATIVE (-0.26%)
2025-04-30 05:07:53,351 - INFO -   Energy: NEGATIVE (-0.29%)
2025-04-30 05:07:53,353 - INFO -   Financial Services: NEGATIVE (-0.37%)
2025-04-30 05:07:53,353 - INFO -   Media: NEGATIVE (-0.79%)
2025-04-30 05:07:53,355 - INFO -   Metal: NEGATIVE (-0.95%)
2025-04-30 05:07:53,356 - INFO -   Pharma: NEGATIVE (-1.06%)
2025-04-30 05:07:53,357 - INFO - 
==================================================
SECTOR DATA READ COMPLETE
==================================================
2025-04-30 05:07:53,362 - INFO - 
==================================================
PROCESSING SECTOR DATA
==================================================
2025-04-30 05:07:53,371 - INFO - Processed performance data for 10 sectors
2025-04-30 05:07:53,371 - INFO - Processing existing positions for potential exits...
2025-04-30 05:07:53,372 - INFO - 
==================================================
PROCESSING EXISTING POSITIONS
==================================================
2025-04-30 05:07:53,374 - INFO - Processing 4 existing positions
2025-04-30 05:07:53,375 - INFO - Checking position: SELL RELIANCE.NS (Sector: Energy)
2025-04-30 05:07:53,377 - INFO - SECURITY ID LOOKUP: Searching for RELIANCE.NS
2025-04-30 05:07:53,379 - INFO - Trying exact match for 'RELIANCE.NS'
2025-04-30 05:07:53,381 - INFO - FOUND EXACT MATCH: ID 2885 for RELIANCE.NS
2025-04-30 05:07:53,382 - INFO - Sector Energy is NEGATIVE with -0.29% change
2025-04-30 05:07:53,382 - INFO - Getting current market price for RELIANCE.NS
2025-04-30 05:07:53,382 - INFO - Failed to get quote using symbol: 'dhanhq' object has no attribute 'get_quote'
2025-04-30 05:07:53,383 - INFO - Failed to get LTP using security_id: 'dhanhq' object has no attribute 'get_ltp'
2025-04-30 05:07:53,383 - INFO - Failed to get price from candles: 'dhanhq' object has no attribute 'intraday_daily_minute_charts'
2025-04-30 05:07:53,383 - ERROR - Could not get current market price for RELIANCE.NS
2025-04-30 05:07:53,384 - WARNING - Could not get current market price for RELIANCE.NS
2025-04-30 05:07:53,384 - INFO - Checking position: SELL TIINDIA.NS (Sector: Auto)
2025-04-30 05:07:53,384 - INFO - SECURITY ID LOOKUP: Searching for TIINDIA.NS
2025-04-30 05:07:53,385 - INFO - Trying exact match for 'TIINDIA.NS'
2025-04-30 05:07:53,385 - INFO - FOUND EXACT MATCH: ID 312 for TIINDIA.NS
2025-04-30 05:07:53,386 - INFO - Sector Auto is NEGATIVE with -0.24% change
2025-04-30 05:07:53,386 - INFO - Getting current market price for TIINDIA.NS
2025-04-30 05:07:53,386 - INFO - Failed to get quote using symbol: 'dhanhq' object has no attribute 'get_quote'
2025-04-30 05:07:53,387 - INFO - Failed to get LTP using security_id: 'dhanhq' object has no attribute 'get_ltp'
2025-04-30 05:07:53,387 - INFO - Failed to get price from candles: 'dhanhq' object has no attribute 'intraday_daily_minute_charts'
2025-04-30 05:07:53,388 - ERROR - Could not get current market price for TIINDIA.NS
2025-04-30 05:07:53,388 - WARNING - Could not get current market price for TIINDIA.NS
2025-04-30 05:07:53,388 - INFO - Checking position: SELL SONACOMS.NS (Sector: Auto)
2025-04-30 05:07:53,389 - INFO - SECURITY ID LOOKUP: Searching for SONACOMS.NS
2025-04-30 05:07:53,389 - INFO - Trying exact match for 'SONACOMS.NS'
2025-04-30 05:07:53,389 - INFO - FOUND EXACT MATCH: ID 4684 for SONACOMS.NS
2025-04-30 05:07:53,391 - INFO - Sector Auto is NEGATIVE with -0.24% change
2025-04-30 05:07:53,393 - INFO - Getting current market price for SONACOMS.NS
2025-04-30 05:07:53,394 - INFO - Failed to get quote using symbol: 'dhanhq' object has no attribute 'get_quote'
2025-04-30 05:07:53,396 - INFO - Failed to get LTP using security_id: 'dhanhq' object has no attribute 'get_ltp'
2025-04-30 05:07:53,398 - INFO - Failed to get price from candles: 'dhanhq' object has no attribute 'intraday_daily_minute_charts'
2025-04-30 05:07:53,398 - ERROR - Could not get current market price for SONACOMS.NS
2025-04-30 05:07:53,398 - WARNING - Could not get current market price for SONACOMS.NS
2025-04-30 05:07:53,399 - INFO - Checking position: SELL SAREGAMA.NS (Sector: Media)
2025-04-30 05:07:53,399 - INFO - SECURITY ID LOOKUP: Searching for SAREGAMA.NS
2025-04-30 05:07:53,399 - INFO - Trying exact match for 'SAREGAMA.NS'
2025-04-30 05:07:53,400 - INFO - FOUND EXACT MATCH: ID 4892 for SAREGAMA.NS
2025-04-30 05:07:53,400 - INFO - Sector Media is NEGATIVE with -0.79% change
2025-04-30 05:07:53,400 - INFO - Getting current market price for SAREGAMA.NS
2025-04-30 05:07:53,400 - INFO - Failed to get quote using symbol: 'dhanhq' object has no attribute 'get_quote'
2025-04-30 05:07:53,401 - INFO - Failed to get LTP using security_id: 'dhanhq' object has no attribute 'get_ltp'
2025-04-30 05:07:53,401 - INFO - Failed to get price from candles: 'dhanhq' object has no attribute 'intraday_daily_minute_charts'
2025-04-30 05:07:53,401 - ERROR - Could not get current market price for SAREGAMA.NS
2025-04-30 05:07:53,402 - WARNING - Could not get current market price for SAREGAMA.NS
2025-04-30 05:07:53,402 - INFO - No positions needed to be exited
2025-04-30 05:07:53,402 - INFO - 
==================================================
POSITION PROCESSING COMPLETE
==================================================
2025-04-30 05:07:53,403 - INFO - Looking for new trading opportunities...
2025-04-30 05:07:53,404 - INFO - 
==================================================
FINDING NEW TRADING OPPORTUNITIES
==================================================
2025-04-30 05:07:53,405 - INFO - Found 9 active tickers out of 9 total
2025-04-30 05:07:53,405 - INFO - Processing tickers in order: ['SYNGENE.NS', 'ZEEL.NS', 'Lauraslabs.NS', 'ADANIENT.NS', 'IPCALAB.NS', 'RELIANCE.NS', 'TIINDIA.NS', 'SONACOMS.NS', 'SAREGAMA.NS']
2025-04-30 05:07:53,405 - INFO - Already have open positions for: ['RELIANCE.NS', 'TIINDIA.NS', 'SONACOMS.NS', 'SAREGAMA.NS']
2025-04-30 05:07:53,407 - INFO - Current sector performances:
2025-04-30 05:07:53,408 - INFO -   Sector IT: POSITIVE (1.23%)
2025-04-30 05:07:53,410 - INFO -   Sector PSU Bank: NEGATIVE (-0.05%)
2025-04-30 05:07:53,411 - INFO -   Sector Auto: NEGATIVE (-0.24%)
2025-04-30 05:07:53,412 - INFO -   Sector FMCG: NEGATIVE (-0.26%)
2025-04-30 05:07:53,413 - INFO -   Sector Realty: NEGATIVE (-0.26%)
2025-04-30 05:07:53,414 - INFO -   Sector Energy: NEGATIVE (-0.29%)
2025-04-30 05:07:53,414 - INFO -   Sector Financial Services: NEGATIVE (-0.37%)
2025-04-30 05:07:53,415 - INFO -   Sector Media: NEGATIVE (-0.79%)
2025-04-30 05:07:53,415 - INFO -   Sector Metal: NEGATIVE (-0.95%)
2025-04-30 05:07:53,415 - INFO -   Sector Pharma: NEGATIVE (-1.06%)
2025-04-30 05:07:53,415 - INFO - Processing ticker 1: SYNGENE.NS
2025-04-30 05:07:53,416 - INFO - Found sector Pharma for SYNGENE.NS
2025-04-30 05:07:53,416 - INFO - Evaluating SYNGENE.NS in sector Pharma (-1.06%)
2025-04-30 05:07:53,416 - INFO - Not trading SYNGENE.NS - sector performance doesn't match strategy
2025-04-30 05:07:53,417 - INFO -   Transaction type: BUY
2025-04-30 05:07:53,417 - INFO -   Sector is_positive: False
2025-04-30 05:07:53,417 - INFO - Processing ticker 2: ZEEL.NS
2025-04-30 05:07:53,417 - INFO - Found sector Media for ZEEL.NS
2025-04-30 05:07:53,418 - INFO - Evaluating ZEEL.NS in sector Media (-0.79%)
2025-04-30 05:07:53,418 - INFO - Not trading ZEEL.NS - sector performance doesn't match strategy
2025-04-30 05:07:53,418 - INFO -   Transaction type: BUY
2025-04-30 05:07:53,418 - INFO -   Sector is_positive: False
2025-04-30 05:07:53,419 - INFO - Processing ticker 3: Lauraslabs.NS
2025-04-30 05:07:53,419 - WARNING - Could not find sector for Lauraslabs.NS in sector mapping
2025-04-30 05:07:53,419 - INFO - Processing ticker 4: ADANIENT.NS
2025-04-30 05:07:53,419 - INFO - Found sector Metal for ADANIENT.NS
2025-04-30 05:07:53,420 - INFO - Evaluating ADANIENT.NS in sector Metal (-0.95%)
2025-04-30 05:07:53,420 - INFO - Not trading ADANIENT.NS - sector performance doesn't match strategy
2025-04-30 05:07:53,420 - INFO -   Transaction type: BUY
2025-04-30 05:07:53,421 - INFO -   Sector is_positive: False
2025-04-30 05:07:53,421 - INFO - Processing ticker 5: IPCALAB.NS
2025-04-30 05:07:53,421 - INFO - Found sector Pharma for IPCALAB.NS
2025-04-30 05:07:53,422 - INFO - Evaluating IPCALAB.NS in sector Pharma (-1.06%)
2025-04-30 05:07:53,422 - INFO - Not trading IPCALAB.NS - sector performance doesn't match strategy
2025-04-30 05:07:53,422 - INFO -   Transaction type: BUY
2025-04-30 05:07:53,422 - INFO -   Sector is_positive: False
2025-04-30 05:07:53,423 - INFO - Processing ticker 6: RELIANCE.NS
2025-04-30 05:07:53,423 - INFO - Skipping RELIANCE.NS - already have an open position
2025-04-30 05:07:53,423 - INFO - Processing ticker 7: TIINDIA.NS
2025-04-30 05:07:53,424 - INFO - Skipping TIINDIA.NS - already have an open position
2025-04-30 05:07:53,424 - INFO - Processing ticker 8: SONACOMS.NS
2025-04-30 05:07:53,424 - INFO - Skipping SONACOMS.NS - already have an open position
2025-04-30 05:07:53,426 - INFO - Processing ticker 9: SAREGAMA.NS
2025-04-30 05:07:53,427 - INFO - Skipping SAREGAMA.NS - already have an open position
2025-04-30 05:07:53,427 - INFO - Ticker processing summary:
2025-04-30 05:07:53,428 - INFO -   Total tickers considered: 9
2025-04-30 05:07:53,430 - INFO -   Tickers with sector data: 4
2025-04-30 05:07:53,430 - INFO -   Tickers matching strategy: 0
2025-04-30 05:07:53,431 - INFO -   Tickers with security ID: 0
2025-04-30 05:07:53,431 - INFO -   Orders successfully placed: 0
2025-04-30 05:07:53,431 - INFO - New positions added: 0
2025-04-30 05:07:53,432 - INFO - Positions skipped: 9
2025-04-30 05:07:53,432 - INFO - Positions with errors: 0
2025-04-30 05:07:53,432 - INFO - 
==================================================
NEW OPPORTUNITIES PROCESSING COMPLETE
==================================================
2025-04-30 05:07:53,433 - INFO - 
==================================================
SECTOR PROCESSING COMPLETE
==================================================
2025-04-30 05:07:53,434 - INFO - Saved 4 positions to dhan_positions.json
2025-04-30 05:07:53,435 - INFO - 
==================================================
POSITIONS SUMMARY
==================================================
2025-04-30 05:07:53,435 - INFO - Current positions summary:
2025-04-30 05:07:53,436 - INFO -   Open BUY positions: 0
2025-04-30 05:07:53,436 - INFO -   Open SELL positions: 4
2025-04-30 05:07:53,437 - INFO -   Closed positions: 0
2025-04-30 05:07:53,437 - INFO -   Total positions: 4
2025-04-30 05:07:53,438 - INFO - Open positions:
2025-04-30 05:07:53,438 - INFO -   SELL RELIANCE.NS (Sector: Energy, Entry: 2025-04-30 05:01:34, Order ID: 212504306752, SL%: 1.0%, Target%: 1.0%)
2025-04-30 05:07:53,438 - INFO -   SELL TIINDIA.NS (Sector: Auto, Entry: 2025-04-30 05:01:46, Order ID: 512504306332, SL%: 1.0%, Target%: 1%)
2025-04-30 05:07:53,439 - INFO -   SELL SONACOMS.NS (Sector: Auto, Entry: 2025-04-30 05:01:59, Order ID: 412504306422, SL%: 1.0%, Target%: 1.0%)
2025-04-30 05:07:53,439 - INFO -   SELL SAREGAMA.NS (Sector: Media, Entry: 2025-04-30 05:02:11, Order ID: 412504306512, SL%: 1.0%, Target%: 1%)
2025-04-30 05:07:53,440 - INFO - 
==================================================
POSITIONS SUMMARY COMPLETE
==================================================
2025-04-30 05:07:53,444 - INFO - Trading cycle 12 completed
2025-04-30 05:07:53,446 - INFO - Waiting 30 seconds until next check at 05:08:23...
2025-04-30 05:07:53,447 - INFO - 
==================================================
CYCLE 12 COMPLETE
==================================================
2025-04-30 05:08:23,453 - INFO - 
==================================================
TRADING CYCLE 13
==================================================
2025-04-30 05:08:23,456 - INFO - Trading cycle 13 started at 2025-04-30 05:08:23
2025-04-30 05:08:23,456 - INFO - 
==================================================
READING SECTOR PERFORMANCE DATA
==================================================
2025-04-30 05:08:23,457 - INFO - Reading sector performance data from sector.csv
2025-04-30 05:08:23,458 - INFO - File last modified: 2025-04-30 05:07:53
2025-04-30 05:08:23,480 - INFO - Latest timestamp in data: 2025-04-30 05:07:53
2025-04-30 05:08:23,480 - INFO - Loaded data for 10 sectors
2025-04-30 05:08:23,481 - INFO - Sector performance details:
2025-04-30 05:08:23,483 - INFO -   IT: POSITIVE (1.23%)
2025-04-30 05:08:23,483 - INFO -   PSU Bank: NEGATIVE (-0.05%)
2025-04-30 05:08:23,484 - INFO -   Auto: NEGATIVE (-0.24%)
2025-04-30 05:08:23,485 - INFO -   FMCG: NEGATIVE (-0.26%)
2025-04-30 05:08:23,486 - INFO -   Realty: NEGATIVE (-0.26%)
2025-04-30 05:08:23,487 - INFO -   Energy: NEGATIVE (-0.29%)
2025-04-30 05:08:23,488 - INFO -   Financial Services: NEGATIVE (-0.37%)
2025-04-30 05:08:23,490 - INFO -   Media: NEGATIVE (-0.79%)
2025-04-30 05:08:23,493 - INFO -   Metal: NEGATIVE (-0.95%)
2025-04-30 05:08:23,495 - INFO -   Pharma: NEGATIVE (-1.06%)
2025-04-30 05:08:23,495 - INFO - 
==================================================
SECTOR DATA READ COMPLETE
==================================================
2025-04-30 05:08:23,496 - INFO - 
==================================================
PROCESSING SECTOR DATA
==================================================
2025-04-30 05:08:23,498 - INFO - Processed performance data for 10 sectors
2025-04-30 05:08:23,498 - INFO - Processing existing positions for potential exits...
2025-04-30 05:08:23,499 - INFO - 
==================================================
PROCESSING EXISTING POSITIONS
==================================================
2025-04-30 05:08:23,500 - INFO - Processing 4 existing positions
2025-04-30 05:08:23,500 - INFO - Checking position: SELL RELIANCE.NS (Sector: Energy)
2025-04-30 05:08:23,501 - INFO - SECURITY ID LOOKUP: Searching for RELIANCE.NS
2025-04-30 05:08:23,501 - INFO - Trying exact match for 'RELIANCE.NS'
2025-04-30 05:08:23,501 - INFO - FOUND EXACT MATCH: ID 2885 for RELIANCE.NS
2025-04-30 05:08:23,502 - INFO - Sector Energy is NEGATIVE with -0.29% change
2025-04-30 05:08:23,502 - INFO - Getting current market price for RELIANCE.NS
2025-04-30 05:08:23,502 - INFO - Failed to get quote using symbol: 'dhanhq' object has no attribute 'get_quote'
2025-04-30 05:08:23,503 - INFO - Failed to get LTP using security_id: 'dhanhq' object has no attribute 'get_ltp'
2025-04-30 05:08:23,503 - INFO - Failed to get price from candles: 'dhanhq' object has no attribute 'intraday_daily_minute_charts'
2025-04-30 05:08:23,505 - ERROR - Could not get current market price for RELIANCE.NS
2025-04-30 05:08:23,507 - WARNING - Could not get current market price for RELIANCE.NS
2025-04-30 05:08:23,508 - INFO - Checking position: SELL TIINDIA.NS (Sector: Auto)
2025-04-30 05:08:23,511 - INFO - SECURITY ID LOOKUP: Searching for TIINDIA.NS
2025-04-30 05:08:23,512 - INFO - Trying exact match for 'TIINDIA.NS'
2025-04-30 05:08:23,512 - INFO - FOUND EXACT MATCH: ID 312 for TIINDIA.NS
2025-04-30 05:08:23,513 - INFO - Sector Auto is NEGATIVE with -0.24% change
2025-04-30 05:08:23,513 - INFO - Getting current market price for TIINDIA.NS
2025-04-30 05:08:23,514 - INFO - Failed to get quote using symbol: 'dhanhq' object has no attribute 'get_quote'
2025-04-30 05:08:23,514 - INFO - Failed to get LTP using security_id: 'dhanhq' object has no attribute 'get_ltp'
2025-04-30 05:08:23,514 - INFO - Failed to get price from candles: 'dhanhq' object has no attribute 'intraday_daily_minute_charts'
2025-04-30 05:08:23,514 - ERROR - Could not get current market price for TIINDIA.NS
2025-04-30 05:08:23,515 - WARNING - Could not get current market price for TIINDIA.NS
2025-04-30 05:08:23,515 - INFO - Checking position: SELL SONACOMS.NS (Sector: Auto)
2025-04-30 05:08:23,516 - INFO - SECURITY ID LOOKUP: Searching for SONACOMS.NS
2025-04-30 05:08:23,516 - INFO - Trying exact match for 'SONACOMS.NS'
2025-04-30 05:08:23,516 - INFO - FOUND EXACT MATCH: ID 4684 for SONACOMS.NS
2025-04-30 05:08:23,517 - INFO - Sector Auto is NEGATIVE with -0.24% change
2025-04-30 05:08:23,517 - INFO - Getting current market price for SONACOMS.NS
2025-04-30 05:08:23,518 - INFO - Failed to get quote using symbol: 'dhanhq' object has no attribute 'get_quote'
2025-04-30 05:08:23,518 - INFO - Failed to get LTP using security_id: 'dhanhq' object has no attribute 'get_ltp'
2025-04-30 05:08:23,518 - INFO - Failed to get price from candles: 'dhanhq' object has no attribute 'intraday_daily_minute_charts'
2025-04-30 05:08:23,519 - ERROR - Could not get current market price for SONACOMS.NS
2025-04-30 05:08:23,519 - WARNING - Could not get current market price for SONACOMS.NS
2025-04-30 05:08:23,519 - INFO - Checking position: SELL SAREGAMA.NS (Sector: Media)
2025-04-30 05:08:23,520 - INFO - SECURITY ID LOOKUP: Searching for SAREGAMA.NS
2025-04-30 05:08:23,520 - INFO - Trying exact match for 'SAREGAMA.NS'
2025-04-30 05:08:23,521 - INFO - FOUND EXACT MATCH: ID 4892 for SAREGAMA.NS
2025-04-30 05:08:23,521 - INFO - Sector Media is NEGATIVE with -0.79% change
2025-04-30 05:08:23,523 - INFO - Getting current market price for SAREGAMA.NS
2025-04-30 05:08:23,525 - INFO - Failed to get quote using symbol: 'dhanhq' object has no attribute 'get_quote'
2025-04-30 05:08:23,526 - INFO - Failed to get LTP using security_id: 'dhanhq' object has no attribute 'get_ltp'
2025-04-30 05:08:23,527 - INFO - Failed to get price from candles: 'dhanhq' object has no attribute 'intraday_daily_minute_charts'
2025-04-30 05:08:23,528 - ERROR - Could not get current market price for SAREGAMA.NS
2025-04-30 05:08:23,529 - WARNING - Could not get current market price for SAREGAMA.NS
2025-04-30 05:08:23,530 - INFO - No positions needed to be exited
2025-04-30 05:08:23,530 - INFO - 
==================================================
POSITION PROCESSING COMPLETE
==================================================
2025-04-30 05:08:23,531 - INFO - Looking for new trading opportunities...
2025-04-30 05:08:23,532 - INFO - 
==================================================
FINDING NEW TRADING OPPORTUNITIES
==================================================
2025-04-30 05:08:23,533 - INFO - Found 9 active tickers out of 9 total
2025-04-30 05:08:23,533 - INFO - Processing tickers in order: ['SYNGENE.NS', 'ZEEL.NS', 'Lauraslabs.NS', 'ADANIENT.NS', 'IPCALAB.NS', 'RELIANCE.NS', 'TIINDIA.NS', 'SONACOMS.NS', 'SAREGAMA.NS']
2025-04-30 05:08:23,533 - INFO - Already have open positions for: ['RELIANCE.NS', 'TIINDIA.NS', 'SONACOMS.NS', 'SAREGAMA.NS']
2025-04-30 05:08:23,534 - INFO - Current sector performances:
2025-04-30 05:08:23,535 - INFO -   Sector IT: POSITIVE (1.23%)
2025-04-30 05:08:23,535 - INFO -   Sector PSU Bank: NEGATIVE (-0.05%)
2025-04-30 05:08:23,535 - INFO -   Sector Auto: NEGATIVE (-0.24%)
2025-04-30 05:08:23,536 - INFO -   Sector FMCG: NEGATIVE (-0.26%)
2025-04-30 05:08:23,536 - INFO -   Sector Realty: NEGATIVE (-0.26%)
2025-04-30 05:08:23,536 - INFO -   Sector Energy: NEGATIVE (-0.29%)
2025-04-30 05:08:23,536 - INFO -   Sector Financial Services: NEGATIVE (-0.37%)
2025-04-30 05:08:23,537 - INFO -   Sector Media: NEGATIVE (-0.79%)
2025-04-30 05:08:23,537 - INFO -   Sector Metal: NEGATIVE (-0.95%)
2025-04-30 05:08:23,538 - INFO -   Sector Pharma: NEGATIVE (-1.06%)
2025-04-30 05:08:23,541 - INFO - Processing ticker 1: SYNGENE.NS
2025-04-30 05:08:23,543 - INFO - Found sector Pharma for SYNGENE.NS
2025-04-30 05:08:23,544 - INFO - Evaluating SYNGENE.NS in sector Pharma (-1.06%)
2025-04-30 05:08:23,544 - INFO - Not trading SYNGENE.NS - sector performance doesn't match strategy
2025-04-30 05:08:23,545 - INFO -   Transaction type: BUY
2025-04-30 05:08:23,545 - INFO -   Sector is_positive: False
2025-04-30 05:08:23,546 - INFO - Processing ticker 2: ZEEL.NS
2025-04-30 05:08:23,546 - INFO - Found sector Media for ZEEL.NS
2025-04-30 05:08:23,546 - INFO - Evaluating ZEEL.NS in sector Media (-0.79%)
2025-04-30 05:08:23,547 - INFO - Not trading ZEEL.NS - sector performance doesn't match strategy
2025-04-30 05:08:23,547 - INFO -   Transaction type: BUY
2025-04-30 05:08:23,547 - INFO -   Sector is_positive: False
2025-04-30 05:08:23,548 - INFO - Processing ticker 3: Lauraslabs.NS
2025-04-30 05:08:23,548 - WARNING - Could not find sector for Lauraslabs.NS in sector mapping
2025-04-30 05:08:23,548 - INFO - Processing ticker 4: ADANIENT.NS
2025-04-30 05:08:23,549 - INFO - Found sector Metal for ADANIENT.NS
2025-04-30 05:08:23,549 - INFO - Evaluating ADANIENT.NS in sector Metal (-0.95%)
2025-04-30 05:08:23,550 - INFO - Not trading ADANIENT.NS - sector performance doesn't match strategy
2025-04-30 05:08:23,550 - INFO -   Transaction type: BUY
2025-04-30 05:08:23,551 - INFO -   Sector is_positive: False
2025-04-30 05:08:23,551 - INFO - Processing ticker 5: IPCALAB.NS
2025-04-30 05:08:23,551 - INFO - Found sector Pharma for IPCALAB.NS
2025-04-30 05:08:23,552 - INFO - Evaluating IPCALAB.NS in sector Pharma (-1.06%)
2025-04-30 05:08:23,552 - INFO - Not trading IPCALAB.NS - sector performance doesn't match strategy
2025-04-30 05:08:23,552 - INFO -   Transaction type: BUY
2025-04-30 05:08:23,553 - INFO -   Sector is_positive: False
2025-04-30 05:08:23,554 - INFO - Processing ticker 6: RELIANCE.NS
2025-04-30 05:08:23,554 - INFO - Skipping RELIANCE.NS - already have an open position
2025-04-30 05:08:23,556 - INFO - Processing ticker 7: TIINDIA.NS
2025-04-30 05:08:23,557 - INFO - Skipping TIINDIA.NS - already have an open position
2025-04-30 05:08:23,558 - INFO - Processing ticker 8: SONACOMS.NS
2025-04-30 05:08:23,561 - INFO - Skipping SONACOMS.NS - already have an open position
2025-04-30 05:08:23,561 - INFO - Processing ticker 9: SAREGAMA.NS
2025-04-30 05:08:23,561 - INFO - Skipping SAREGAMA.NS - already have an open position
2025-04-30 05:08:23,562 - INFO - Ticker processing summary:
2025-04-30 05:08:23,562 - INFO -   Total tickers considered: 9
2025-04-30 05:08:23,563 - INFO -   Tickers with sector data: 4
2025-04-30 05:08:23,563 - INFO -   Tickers matching strategy: 0
2025-04-30 05:08:23,563 - INFO -   Tickers with security ID: 0
2025-04-30 05:08:23,564 - INFO -   Orders successfully placed: 0
2025-04-30 05:08:23,564 - INFO - New positions added: 0
2025-04-30 05:08:23,564 - INFO - Positions skipped: 9
2025-04-30 05:08:23,565 - INFO - Positions with errors: 0
2025-04-30 05:08:23,565 - INFO - 
==================================================
NEW OPPORTUNITIES PROCESSING COMPLETE
==================================================
2025-04-30 05:08:23,567 - INFO - 
==================================================
SECTOR PROCESSING COMPLETE
==================================================
2025-04-30 05:08:23,569 - INFO - Saved 4 positions to dhan_positions.json
2025-04-30 05:08:23,569 - INFO - 
==================================================
POSITIONS SUMMARY
==================================================
2025-04-30 05:08:23,570 - INFO - Current positions summary:
2025-04-30 05:08:23,570 - INFO -   Open BUY positions: 0
2025-04-30 05:08:23,571 - INFO -   Open SELL positions: 4
2025-04-30 05:08:23,571 - INFO -   Closed positions: 0
2025-04-30 05:08:23,572 - INFO -   Total positions: 4
2025-04-30 05:08:23,574 - INFO - Open positions:
2025-04-30 05:08:23,575 - INFO -   SELL RELIANCE.NS (Sector: Energy, Entry: 2025-04-30 05:01:34, Order ID: 212504306752, SL%: 1.0%, Target%: 1.0%)
2025-04-30 05:08:23,576 - INFO -   SELL TIINDIA.NS (Sector: Auto, Entry: 2025-04-30 05:01:46, Order ID: 512504306332, SL%: 1.0%, Target%: 1%)
2025-04-30 05:08:23,576 - INFO -   SELL SONACOMS.NS (Sector: Auto, Entry: 2025-04-30 05:01:59, Order ID: 412504306422, SL%: 1.0%, Target%: 1.0%)
2025-04-30 05:08:23,578 - INFO -   SELL SAREGAMA.NS (Sector: Media, Entry: 2025-04-30 05:02:11, Order ID: 412504306512, SL%: 1.0%, Target%: 1%)
2025-04-30 05:08:23,578 - INFO - 
==================================================
POSITIONS SUMMARY COMPLETE
==================================================
2025-04-30 05:08:23,579 - INFO - Trading cycle 13 completed
2025-04-30 05:08:23,579 - INFO - Waiting 30 seconds until next check at 05:08:53...
2025-04-30 05:08:23,579 - INFO - 
==================================================
CYCLE 13 COMPLETE
==================================================
2025-04-30 05:08:53,583 - INFO - 
==================================================
TRADING CYCLE 14
==================================================
2025-04-30 05:08:53,584 - INFO - Trading cycle 14 started at 2025-04-30 05:08:53
2025-04-30 05:08:53,585 - INFO - 
==================================================
READING SECTOR PERFORMANCE DATA
==================================================
2025-04-30 05:08:53,586 - INFO - Reading sector performance data from sector.csv
2025-04-30 05:08:53,587 - INFO - File last modified: 2025-04-30 05:07:53
2025-04-30 05:08:53,589 - INFO - Latest timestamp in data: 2025-04-30 05:07:53
2025-04-30 05:08:53,590 - INFO - Loaded data for 10 sectors
2025-04-30 05:08:53,590 - INFO - Sector performance details:
2025-04-30 05:08:53,591 - INFO -   IT: POSITIVE (1.23%)
2025-04-30 05:08:53,591 - INFO -   PSU Bank: NEGATIVE (-0.05%)
2025-04-30 05:08:53,592 - INFO -   Auto: NEGATIVE (-0.24%)
2025-04-30 05:08:53,592 - INFO -   FMCG: NEGATIVE (-0.26%)
2025-04-30 05:08:53,592 - INFO -   Realty: NEGATIVE (-0.26%)
2025-04-30 05:08:53,594 - INFO -   Energy: NEGATIVE (-0.29%)
2025-04-30 05:08:53,594 - INFO -   Financial Services: NEGATIVE (-0.37%)
2025-04-30 05:08:53,595 - INFO -   Media: NEGATIVE (-0.79%)
2025-04-30 05:08:53,596 - INFO -   Metal: NEGATIVE (-0.95%)
2025-04-30 05:08:53,596 - INFO -   Pharma: NEGATIVE (-1.06%)
2025-04-30 05:08:53,596 - INFO - 
==================================================
SECTOR DATA READ COMPLETE
==================================================
2025-04-30 05:08:53,597 - INFO - 
==================================================
PROCESSING SECTOR DATA
==================================================
2025-04-30 05:08:53,598 - INFO - Processed performance data for 10 sectors
2025-04-30 05:08:53,599 - INFO - Processing existing positions for potential exits...
2025-04-30 05:08:53,599 - INFO - 
==================================================
PROCESSING EXISTING POSITIONS
==================================================
2025-04-30 05:08:53,608 - INFO - Processing 4 existing positions
2025-04-30 05:08:53,609 - INFO - Checking position: SELL RELIANCE.NS (Sector: Energy)
2025-04-30 05:08:53,609 - INFO - SECURITY ID LOOKUP: Searching for RELIANCE.NS
2025-04-30 05:08:53,610 - INFO - Trying exact match for 'RELIANCE.NS'
2025-04-30 05:08:53,610 - INFO - FOUND EXACT MATCH: ID 2885 for RELIANCE.NS
2025-04-30 05:08:53,611 - INFO - Sector Energy is NEGATIVE with -0.29% change
2025-04-30 05:08:53,611 - INFO - Getting current market price for RELIANCE.NS
2025-04-30 05:08:53,611 - INFO - Failed to get quote using symbol: 'dhanhq' object has no attribute 'get_quote'
2025-04-30 05:08:53,612 - INFO - Failed to get LTP using security_id: 'dhanhq' object has no attribute 'get_ltp'
2025-04-30 05:08:53,612 - INFO - Failed to get price from candles: 'dhanhq' object has no attribute 'intraday_daily_minute_charts'
2025-04-30 05:08:53,613 - ERROR - Could not get current market price for RELIANCE.NS
2025-04-30 05:08:53,613 - WARNING - Could not get current market price for RELIANCE.NS
2025-04-30 05:08:53,614 - INFO - Checking position: SELL TIINDIA.NS (Sector: Auto)
2025-04-30 05:08:53,614 - INFO - SECURITY ID LOOKUP: Searching for TIINDIA.NS
2025-04-30 05:08:53,615 - INFO - Trying exact match for 'TIINDIA.NS'
2025-04-30 05:08:53,615 - INFO - FOUND EXACT MATCH: ID 312 for TIINDIA.NS
2025-04-30 05:08:53,616 - INFO - Sector Auto is NEGATIVE with -0.24% change
2025-04-30 05:08:53,623 - INFO - Getting current market price for TIINDIA.NS
2025-04-30 05:08:53,625 - INFO - Failed to get quote using symbol: 'dhanhq' object has no attribute 'get_quote'
2025-04-30 05:08:53,626 - INFO - Failed to get LTP using security_id: 'dhanhq' object has no attribute 'get_ltp'
2025-04-30 05:08:53,627 - INFO - Failed to get price from candles: 'dhanhq' object has no attribute 'intraday_daily_minute_charts'
2025-04-30 05:08:53,627 - ERROR - Could not get current market price for TIINDIA.NS
2025-04-30 05:08:53,627 - WARNING - Could not get current market price for TIINDIA.NS
2025-04-30 05:08:53,628 - INFO - Checking position: SELL SONACOMS.NS (Sector: Auto)
2025-04-30 05:08:53,628 - INFO - SECURITY ID LOOKUP: Searching for SONACOMS.NS
2025-04-30 05:08:53,628 - INFO - Trying exact match for 'SONACOMS.NS'
2025-04-30 05:08:53,628 - INFO - FOUND EXACT MATCH: ID 4684 for SONACOMS.NS
2025-04-30 05:08:53,629 - INFO - Sector Auto is NEGATIVE with -0.24% change
2025-04-30 05:08:53,629 - INFO - Getting current market price for SONACOMS.NS
2025-04-30 05:08:53,630 - INFO - Failed to get quote using symbol: 'dhanhq' object has no attribute 'get_quote'
2025-04-30 05:08:53,630 - INFO - Failed to get LTP using security_id: 'dhanhq' object has no attribute 'get_ltp'
2025-04-30 05:08:53,631 - INFO - Failed to get price from candles: 'dhanhq' object has no attribute 'intraday_daily_minute_charts'
2025-04-30 05:08:53,631 - ERROR - Could not get current market price for SONACOMS.NS
2025-04-30 05:08:53,631 - WARNING - Could not get current market price for SONACOMS.NS
2025-04-30 05:08:53,632 - INFO - Checking position: SELL SAREGAMA.NS (Sector: Media)
2025-04-30 05:08:53,632 - INFO - SECURITY ID LOOKUP: Searching for SAREGAMA.NS
2025-04-30 05:08:53,632 - INFO - Trying exact match for 'SAREGAMA.NS'
2025-04-30 05:08:53,632 - INFO - FOUND EXACT MATCH: ID 4892 for SAREGAMA.NS
2025-04-30 05:08:53,633 - INFO - Sector Media is NEGATIVE with -0.79% change
2025-04-30 05:08:53,633 - INFO - Getting current market price for SAREGAMA.NS
2025-04-30 05:08:53,634 - INFO - Failed to get quote using symbol: 'dhanhq' object has no attribute 'get_quote'
2025-04-30 05:08:53,634 - INFO - Failed to get LTP using security_id: 'dhanhq' object has no attribute 'get_ltp'
2025-04-30 05:08:53,635 - INFO - Failed to get price from candles: 'dhanhq' object has no attribute 'intraday_daily_minute_charts'
2025-04-30 05:08:53,635 - ERROR - Could not get current market price for SAREGAMA.NS
2025-04-30 05:08:53,636 - WARNING - Could not get current market price for SAREGAMA.NS
2025-04-30 05:08:53,640 - INFO - No positions needed to be exited
2025-04-30 05:08:53,641 - INFO - 
==================================================
POSITION PROCESSING COMPLETE
==================================================
2025-04-30 05:08:53,642 - INFO - Looking for new trading opportunities...
2025-04-30 05:08:53,642 - INFO - 
==================================================
FINDING NEW TRADING OPPORTUNITIES
==================================================
2025-04-30 05:08:53,643 - INFO - Found 9 active tickers out of 9 total
2025-04-30 05:08:53,643 - INFO - Processing tickers in order: ['SYNGENE.NS', 'ZEEL.NS', 'Lauraslabs.NS', 'ADANIENT.NS', 'IPCALAB.NS', 'RELIANCE.NS', 'TIINDIA.NS', 'SONACOMS.NS', 'SAREGAMA.NS']
2025-04-30 05:08:53,643 - INFO - Already have open positions for: ['RELIANCE.NS', 'TIINDIA.NS', 'SONACOMS.NS', 'SAREGAMA.NS']
2025-04-30 05:08:53,643 - INFO - Current sector performances:
2025-04-30 05:08:53,644 - INFO -   Sector IT: POSITIVE (1.23%)
2025-04-30 05:08:53,644 - INFO -   Sector PSU Bank: NEGATIVE (-0.05%)
2025-04-30 05:08:53,644 - INFO -   Sector Auto: NEGATIVE (-0.24%)
2025-04-30 05:08:53,645 - INFO -   Sector FMCG: NEGATIVE (-0.26%)
2025-04-30 05:08:53,645 - INFO -   Sector Realty: NEGATIVE (-0.26%)
2025-04-30 05:08:53,645 - INFO -   Sector Energy: NEGATIVE (-0.29%)
2025-04-30 05:08:53,645 - INFO -   Sector Financial Services: NEGATIVE (-0.37%)
2025-04-30 05:08:53,646 - INFO -   Sector Media: NEGATIVE (-0.79%)
2025-04-30 05:08:53,646 - INFO -   Sector Metal: NEGATIVE (-0.95%)
2025-04-30 05:08:53,646 - INFO -   Sector Pharma: NEGATIVE (-1.06%)
2025-04-30 05:08:53,647 - INFO - Processing ticker 1: SYNGENE.NS
2025-04-30 05:08:53,647 - INFO - Found sector Pharma for SYNGENE.NS
2025-04-30 05:08:53,647 - INFO - Evaluating SYNGENE.NS in sector Pharma (-1.06%)
2025-04-30 05:08:53,647 - INFO - Not trading SYNGENE.NS - sector performance doesn't match strategy
2025-04-30 05:08:53,648 - INFO -   Transaction type: BUY
2025-04-30 05:08:53,648 - INFO -   Sector is_positive: False
2025-04-30 05:08:53,648 - INFO - Processing ticker 2: ZEEL.NS
2025-04-30 05:08:53,649 - INFO - Found sector Media for ZEEL.NS
2025-04-30 05:08:53,649 - INFO - Evaluating ZEEL.NS in sector Media (-0.79%)
2025-04-30 05:08:53,649 - INFO - Not trading ZEEL.NS - sector performance doesn't match strategy
2025-04-30 05:08:53,649 - INFO -   Transaction type: BUY
2025-04-30 05:08:53,649 - INFO -   Sector is_positive: False
2025-04-30 05:08:53,650 - INFO - Processing ticker 3: Lauraslabs.NS
2025-04-30 05:08:53,650 - WARNING - Could not find sector for Lauraslabs.NS in sector mapping
2025-04-30 05:08:53,651 - INFO - Processing ticker 4: ADANIENT.NS
2025-04-30 05:08:53,651 - INFO - Found sector Metal for ADANIENT.NS
2025-04-30 05:08:53,652 - INFO - Evaluating ADANIENT.NS in sector Metal (-0.95%)
2025-04-30 05:08:53,652 - INFO - Not trading ADANIENT.NS - sector performance doesn't match strategy
2025-04-30 05:08:53,652 - INFO -   Transaction type: BUY
2025-04-30 05:08:53,655 - INFO -   Sector is_positive: False
2025-04-30 05:08:53,656 - INFO - Processing ticker 5: IPCALAB.NS
2025-04-30 05:08:53,658 - INFO - Found sector Pharma for IPCALAB.NS
2025-04-30 05:08:53,658 - INFO - Evaluating IPCALAB.NS in sector Pharma (-1.06%)
2025-04-30 05:08:53,659 - INFO - Not trading IPCALAB.NS - sector performance doesn't match strategy
2025-04-30 05:08:53,659 - INFO -   Transaction type: BUY
2025-04-30 05:08:53,659 - INFO -   Sector is_positive: False
2025-04-30 05:08:53,660 - INFO - Processing ticker 6: RELIANCE.NS
2025-04-30 05:08:53,660 - INFO - Skipping RELIANCE.NS - already have an open position
2025-04-30 05:08:53,660 - INFO - Processing ticker 7: TIINDIA.NS
2025-04-30 05:08:53,660 - INFO - Skipping TIINDIA.NS - already have an open position
2025-04-30 05:08:53,661 - INFO - Processing ticker 8: SONACOMS.NS
2025-04-30 05:08:53,661 - INFO - Skipping SONACOMS.NS - already have an open position
2025-04-30 05:08:53,661 - INFO - Processing ticker 9: SAREGAMA.NS
2025-04-30 05:08:53,662 - INFO - Skipping SAREGAMA.NS - already have an open position
2025-04-30 05:08:53,662 - INFO - Ticker processing summary:
2025-04-30 05:08:53,663 - INFO -   Total tickers considered: 9
2025-04-30 05:08:53,663 - INFO -   Tickers with sector data: 4
2025-04-30 05:08:53,664 - INFO -   Tickers matching strategy: 0
2025-04-30 05:08:53,664 - INFO -   Tickers with security ID: 0
2025-04-30 05:08:53,664 - INFO -   Orders successfully placed: 0
2025-04-30 05:08:53,665 - INFO - New positions added: 0
2025-04-30 05:08:53,665 - INFO - Positions skipped: 9
2025-04-30 05:08:53,665 - INFO - Positions with errors: 0
2025-04-30 05:08:53,665 - INFO - 
==================================================
NEW OPPORTUNITIES PROCESSING COMPLETE
==================================================
2025-04-30 05:08:53,666 - INFO - 
==================================================
SECTOR PROCESSING COMPLETE
==================================================
2025-04-30 05:08:53,673 - INFO - Saved 4 positions to dhan_positions.json
2025-04-30 05:08:53,674 - INFO - 
==================================================
POSITIONS SUMMARY
==================================================
2025-04-30 05:08:53,675 - INFO - Current positions summary:
2025-04-30 05:08:53,676 - INFO -   Open BUY positions: 0
2025-04-30 05:08:53,676 - INFO -   Open SELL positions: 4
2025-04-30 05:08:53,677 - INFO -   Closed positions: 0
2025-04-30 05:08:53,677 - INFO -   Total positions: 4
2025-04-30 05:08:53,677 - INFO - Open positions:
2025-04-30 05:08:53,678 - INFO -   SELL RELIANCE.NS (Sector: Energy, Entry: 2025-04-30 05:01:34, Order ID: 212504306752, SL%: 1.0%, Target%: 1.0%)
2025-04-30 05:08:53,678 - INFO -   SELL TIINDIA.NS (Sector: Auto, Entry: 2025-04-30 05:01:46, Order ID: 512504306332, SL%: 1.0%, Target%: 1%)
2025-04-30 05:08:53,678 - INFO -   SELL SONACOMS.NS (Sector: Auto, Entry: 2025-04-30 05:01:59, Order ID: 412504306422, SL%: 1.0%, Target%: 1.0%)
2025-04-30 05:08:53,678 - INFO -   SELL SAREGAMA.NS (Sector: Media, Entry: 2025-04-30 05:02:11, Order ID: 412504306512, SL%: 1.0%, Target%: 1%)
2025-04-30 05:08:53,679 - INFO - 
==================================================
POSITIONS SUMMARY COMPLETE
==================================================
2025-04-30 05:08:53,679 - INFO - Trading cycle 14 completed
2025-04-30 05:08:53,679 - INFO - Waiting 30 seconds until next check at 05:09:23...
2025-04-30 05:08:53,680 - INFO - 
==================================================
CYCLE 14 COMPLETE
==================================================
2025-04-30 05:09:23,692 - INFO - 
==================================================
TRADING CYCLE 15
==================================================
2025-04-30 05:09:23,694 - INFO - Trading cycle 15 started at 2025-04-30 05:09:23
2025-04-30 05:09:23,695 - INFO - 
==================================================
READING SECTOR PERFORMANCE DATA
==================================================
2025-04-30 05:09:23,703 - INFO - Reading sector performance data from sector.csv
2025-04-30 05:09:23,706 - INFO - File last modified: 2025-04-30 05:07:53
2025-04-30 05:09:23,727 - INFO - Latest timestamp in data: 2025-04-30 05:07:53
2025-04-30 05:09:23,729 - INFO - Loaded data for 10 sectors
2025-04-30 05:09:23,732 - INFO - Sector performance details:
2025-04-30 05:09:23,734 - INFO -   IT: POSITIVE (1.23%)
2025-04-30 05:09:23,737 - INFO -   PSU Bank: NEGATIVE (-0.05%)
2025-04-30 05:09:23,740 - INFO -   Auto: NEGATIVE (-0.24%)
2025-04-30 05:09:23,743 - INFO -   FMCG: NEGATIVE (-0.26%)
2025-04-30 05:09:23,743 - INFO -   Realty: NEGATIVE (-0.26%)
2025-04-30 05:09:23,744 - INFO -   Energy: NEGATIVE (-0.29%)
2025-04-30 05:09:23,745 - INFO -   Financial Services: NEGATIVE (-0.37%)
2025-04-30 05:09:23,745 - INFO -   Media: NEGATIVE (-0.79%)
2025-04-30 05:09:23,746 - INFO -   Metal: NEGATIVE (-0.95%)
2025-04-30 05:09:23,747 - INFO -   Pharma: NEGATIVE (-1.06%)
2025-04-30 05:09:23,748 - INFO - 
==================================================
SECTOR DATA READ COMPLETE
==================================================
2025-04-30 05:09:23,752 - INFO - 
==================================================
PROCESSING SECTOR DATA
==================================================
2025-04-30 05:09:23,758 - INFO - Processed performance data for 10 sectors
2025-04-30 05:09:23,759 - INFO - Processing existing positions for potential exits...
2025-04-30 05:09:23,759 - INFO - 
==================================================
PROCESSING EXISTING POSITIONS
==================================================
2025-04-30 05:09:23,760 - INFO - Processing 4 existing positions
2025-04-30 05:09:23,761 - INFO - Checking position: SELL RELIANCE.NS (Sector: Energy)
2025-04-30 05:09:23,762 - INFO - SECURITY ID LOOKUP: Searching for RELIANCE.NS
2025-04-30 05:09:23,762 - INFO - Trying exact match for 'RELIANCE.NS'
2025-04-30 05:09:23,763 - INFO - FOUND EXACT MATCH: ID 2885 for RELIANCE.NS
2025-04-30 05:09:23,764 - INFO - Sector Energy is NEGATIVE with -0.29% change
2025-04-30 05:09:23,765 - INFO - Getting current market price for RELIANCE.NS
2025-04-30 05:09:23,765 - INFO - Failed to get quote using symbol: 'dhanhq' object has no attribute 'get_quote'
2025-04-30 05:09:23,768 - INFO - Failed to get LTP using security_id: 'dhanhq' object has no attribute 'get_ltp'
2025-04-30 05:09:23,772 - INFO - Failed to get price from candles: 'dhanhq' object has no attribute 'intraday_daily_minute_charts'
2025-04-30 05:09:23,772 - ERROR - Could not get current market price for RELIANCE.NS
2025-04-30 05:09:23,773 - WARNING - Could not get current market price for RELIANCE.NS
2025-04-30 05:09:23,773 - INFO - Checking position: SELL TIINDIA.NS (Sector: Auto)
2025-04-30 05:09:23,773 - INFO - SECURITY ID LOOKUP: Searching for TIINDIA.NS
2025-04-30 05:09:23,773 - INFO - Trying exact match for 'TIINDIA.NS'
2025-04-30 05:09:23,774 - INFO - FOUND EXACT MATCH: ID 312 for TIINDIA.NS
2025-04-30 05:09:23,774 - INFO - Sector Auto is NEGATIVE with -0.24% change
2025-04-30 05:09:23,775 - INFO - Getting current market price for TIINDIA.NS
2025-04-30 05:09:23,775 - INFO - Failed to get quote using symbol: 'dhanhq' object has no attribute 'get_quote'
2025-04-30 05:09:23,775 - INFO - Failed to get LTP using security_id: 'dhanhq' object has no attribute 'get_ltp'
2025-04-30 05:09:23,776 - INFO - Failed to get price from candles: 'dhanhq' object has no attribute 'intraday_daily_minute_charts'
2025-04-30 05:09:23,776 - ERROR - Could not get current market price for TIINDIA.NS
2025-04-30 05:09:23,776 - WARNING - Could not get current market price for TIINDIA.NS
2025-04-30 05:09:23,777 - INFO - Checking position: SELL SONACOMS.NS (Sector: Auto)
2025-04-30 05:09:23,777 - INFO - SECURITY ID LOOKUP: Searching for SONACOMS.NS
2025-04-30 05:09:23,778 - INFO - Trying exact match for 'SONACOMS.NS'
2025-04-30 05:09:23,778 - INFO - FOUND EXACT MATCH: ID 4684 for SONACOMS.NS
2025-04-30 05:09:23,778 - INFO - Sector Auto is NEGATIVE with -0.24% change
2025-04-30 05:09:23,779 - INFO - Getting current market price for SONACOMS.NS
2025-04-30 05:09:23,779 - INFO - Failed to get quote using symbol: 'dhanhq' object has no attribute 'get_quote'
2025-04-30 05:09:23,779 - INFO - Failed to get LTP using security_id: 'dhanhq' object has no attribute 'get_ltp'
2025-04-30 05:09:23,780 - INFO - Failed to get price from candles: 'dhanhq' object has no attribute 'intraday_daily_minute_charts'
2025-04-30 05:09:23,780 - ERROR - Could not get current market price for SONACOMS.NS
2025-04-30 05:09:23,780 - WARNING - Could not get current market price for SONACOMS.NS
2025-04-30 05:09:23,781 - INFO - Checking position: SELL SAREGAMA.NS (Sector: Media)
2025-04-30 05:09:23,784 - INFO - SECURITY ID LOOKUP: Searching for SAREGAMA.NS
2025-04-30 05:09:23,784 - INFO - Trying exact match for 'SAREGAMA.NS'
2025-04-30 05:09:23,786 - INFO - FOUND EXACT MATCH: ID 4892 for SAREGAMA.NS
2025-04-30 05:09:23,788 - INFO - Sector Media is NEGATIVE with -0.79% change
2025-04-30 05:09:23,788 - INFO - Getting current market price for SAREGAMA.NS
2025-04-30 05:09:23,789 - INFO - Failed to get quote using symbol: 'dhanhq' object has no attribute 'get_quote'
2025-04-30 05:09:23,789 - INFO - Failed to get LTP using security_id: 'dhanhq' object has no attribute 'get_ltp'
2025-04-30 05:09:23,789 - INFO - Failed to get price from candles: 'dhanhq' object has no attribute 'intraday_daily_minute_charts'
2025-04-30 05:09:23,789 - ERROR - Could not get current market price for SAREGAMA.NS
2025-04-30 05:09:23,790 - WARNING - Could not get current market price for SAREGAMA.NS
2025-04-30 05:09:23,790 - INFO - No positions needed to be exited
2025-04-30 05:09:23,790 - INFO - 
==================================================
POSITION PROCESSING COMPLETE
==================================================
2025-04-30 05:09:23,791 - INFO - Looking for new trading opportunities...
2025-04-30 05:09:23,791 - INFO - 
==================================================
FINDING NEW TRADING OPPORTUNITIES
==================================================
2025-04-30 05:09:23,791 - INFO - Found 9 active tickers out of 9 total
2025-04-30 05:09:23,791 - INFO - Processing tickers in order: ['SYNGENE.NS', 'ZEEL.NS', 'Lauraslabs.NS', 'ADANIENT.NS', 'IPCALAB.NS', 'RELIANCE.NS', 'TIINDIA.NS', 'SONACOMS.NS', 'SAREGAMA.NS']
2025-04-30 05:09:23,792 - INFO - Already have open positions for: ['RELIANCE.NS', 'TIINDIA.NS', 'SONACOMS.NS', 'SAREGAMA.NS']
2025-04-30 05:09:23,792 - INFO - Current sector performances:
2025-04-30 05:09:23,792 - INFO -   Sector IT: POSITIVE (1.23%)
2025-04-30 05:09:23,792 - INFO -   Sector PSU Bank: NEGATIVE (-0.05%)
2025-04-30 05:09:23,793 - INFO -   Sector Auto: NEGATIVE (-0.24%)
2025-04-30 05:09:23,793 - INFO -   Sector FMCG: NEGATIVE (-0.26%)
2025-04-30 05:09:23,793 - INFO -   Sector Realty: NEGATIVE (-0.26%)
2025-04-30 05:09:23,793 - INFO -   Sector Energy: NEGATIVE (-0.29%)
2025-04-30 05:09:23,794 - INFO -   Sector Financial Services: NEGATIVE (-0.37%)
2025-04-30 05:09:23,794 - INFO -   Sector Media: NEGATIVE (-0.79%)
2025-04-30 05:09:23,794 - INFO -   Sector Metal: NEGATIVE (-0.95%)
2025-04-30 05:09:23,794 - INFO -   Sector Pharma: NEGATIVE (-1.06%)
2025-04-30 05:09:23,795 - INFO - Processing ticker 1: SYNGENE.NS
2025-04-30 05:09:23,795 - INFO - Found sector Pharma for SYNGENE.NS
2025-04-30 05:09:23,795 - INFO - Evaluating SYNGENE.NS in sector Pharma (-1.06%)
2025-04-30 05:09:23,795 - INFO - Not trading SYNGENE.NS - sector performance doesn't match strategy
2025-04-30 05:09:23,796 - INFO -   Transaction type: BUY
2025-04-30 05:09:23,796 - INFO -   Sector is_positive: False
2025-04-30 05:09:23,796 - INFO - Processing ticker 2: ZEEL.NS
2025-04-30 05:09:23,796 - INFO - Found sector Media for ZEEL.NS
2025-04-30 05:09:23,797 - INFO - Evaluating ZEEL.NS in sector Media (-0.79%)
2025-04-30 05:09:23,798 - INFO - Not trading ZEEL.NS - sector performance doesn't match strategy
2025-04-30 05:09:23,803 - INFO -   Transaction type: BUY
2025-04-30 05:09:23,804 - INFO -   Sector is_positive: False
2025-04-30 05:09:23,804 - INFO - Processing ticker 3: Lauraslabs.NS
2025-04-30 05:09:23,806 - WARNING - Could not find sector for Lauraslabs.NS in sector mapping
2025-04-30 05:09:23,806 - INFO - Processing ticker 4: ADANIENT.NS
2025-04-30 05:09:23,806 - INFO - Found sector Metal for ADANIENT.NS
2025-04-30 05:09:23,807 - INFO - Evaluating ADANIENT.NS in sector Metal (-0.95%)
2025-04-30 05:09:23,807 - INFO - Not trading ADANIENT.NS - sector performance doesn't match strategy
2025-04-30 05:09:23,807 - INFO -   Transaction type: BUY
2025-04-30 05:09:23,808 - INFO -   Sector is_positive: False
2025-04-30 05:09:23,808 - INFO - Processing ticker 5: IPCALAB.NS
2025-04-30 05:09:23,809 - INFO - Found sector Pharma for IPCALAB.NS
2025-04-30 05:09:23,809 - INFO - Evaluating IPCALAB.NS in sector Pharma (-1.06%)
2025-04-30 05:09:23,809 - INFO - Not trading IPCALAB.NS - sector performance doesn't match strategy
2025-04-30 05:09:23,810 - INFO -   Transaction type: BUY
2025-04-30 05:09:23,810 - INFO -   Sector is_positive: False
2025-04-30 05:09:23,810 - INFO - Processing ticker 6: RELIANCE.NS
2025-04-30 05:09:23,810 - INFO - Skipping RELIANCE.NS - already have an open position
2025-04-30 05:09:23,811 - INFO - Processing ticker 7: TIINDIA.NS
2025-04-30 05:09:23,811 - INFO - Skipping TIINDIA.NS - already have an open position
2025-04-30 05:09:23,811 - INFO - Processing ticker 8: SONACOMS.NS
2025-04-30 05:09:23,812 - INFO - Skipping SONACOMS.NS - already have an open position
2025-04-30 05:09:23,812 - INFO - Processing ticker 9: SAREGAMA.NS
2025-04-30 05:09:23,812 - INFO - Skipping SAREGAMA.NS - already have an open position
2025-04-30 05:09:23,813 - INFO - Ticker processing summary:
2025-04-30 05:09:23,813 - INFO -   Total tickers considered: 9
2025-04-30 05:09:23,814 - INFO -   Tickers with sector data: 4
2025-04-30 05:09:23,814 - INFO -   Tickers matching strategy: 0
2025-04-30 05:09:23,814 - INFO -   Tickers with security ID: 0
2025-04-30 05:09:23,815 - INFO -   Orders successfully placed: 0
2025-04-30 05:09:23,815 - INFO - New positions added: 0
2025-04-30 05:09:23,816 - INFO - Positions skipped: 9
2025-04-30 05:09:23,817 - INFO - Positions with errors: 0
2025-04-30 05:09:23,817 - INFO - 
==================================================
NEW OPPORTUNITIES PROCESSING COMPLETE
==================================================
2025-04-30 05:09:23,821 - INFO - 
==================================================
SECTOR PROCESSING COMPLETE
==================================================
2025-04-30 05:09:23,824 - INFO - Saved 4 positions to dhan_positions.json
2025-04-30 05:09:23,824 - INFO - 
==================================================
POSITIONS SUMMARY
==================================================
2025-04-30 05:09:23,825 - INFO - Current positions summary:
2025-04-30 05:09:23,825 - INFO -   Open BUY positions: 0
2025-04-30 05:09:23,826 - INFO -   Open SELL positions: 4
2025-04-30 05:09:23,826 - INFO -   Closed positions: 0
2025-04-30 05:09:23,826 - INFO -   Total positions: 4
2025-04-30 05:09:23,826 - INFO - Open positions:
2025-04-30 05:09:23,827 - INFO -   SELL RELIANCE.NS (Sector: Energy, Entry: 2025-04-30 05:01:34, Order ID: 212504306752, SL%: 1.0%, Target%: 1.0%)
2025-04-30 05:09:23,827 - INFO -   SELL TIINDIA.NS (Sector: Auto, Entry: 2025-04-30 05:01:46, Order ID: 512504306332, SL%: 1.0%, Target%: 1%)
2025-04-30 05:09:23,827 - INFO -   SELL SONACOMS.NS (Sector: Auto, Entry: 2025-04-30 05:01:59, Order ID: 412504306422, SL%: 1.0%, Target%: 1.0%)
2025-04-30 05:09:23,828 - INFO -   SELL SAREGAMA.NS (Sector: Media, Entry: 2025-04-30 05:02:11, Order ID: 412504306512, SL%: 1.0%, Target%: 1%)
2025-04-30 05:09:23,828 - INFO - 
==================================================
POSITIONS SUMMARY COMPLETE
==================================================
2025-04-30 05:09:23,829 - INFO - Trading cycle 15 completed
2025-04-30 05:09:23,829 - INFO - Waiting 30 seconds until next check at 05:09:53...
2025-04-30 05:09:23,829 - INFO - 
==================================================
CYCLE 15 COMPLETE
==================================================
2025-04-30 05:09:53,836 - INFO - 
==================================================
TRADING CYCLE 16
==================================================
2025-04-30 05:09:53,839 - INFO - Trading cycle 16 started at 2025-04-30 05:09:53
2025-04-30 05:09:53,840 - INFO - 
==================================================
READING SECTOR PERFORMANCE DATA
==================================================
2025-04-30 05:09:53,841 - INFO - Reading sector performance data from sector.csv
2025-04-30 05:09:53,842 - INFO - File last modified: 2025-04-30 05:09:29
2025-04-30 05:09:53,876 - INFO - Latest timestamp in data: 2025-04-30 05:09:29
2025-04-30 05:09:53,882 - INFO - Loaded data for 10 sectors
2025-04-30 05:09:53,883 - INFO - Sector performance details:
2025-04-30 05:09:53,885 - INFO -   IT: POSITIVE (1.23%)
2025-04-30 05:09:53,886 - INFO -   PSU Bank: NEGATIVE (-0.05%)
2025-04-30 05:09:53,888 - INFO -   Auto: NEGATIVE (-0.24%)
2025-04-30 05:09:53,889 - INFO -   FMCG: NEGATIVE (-0.26%)
2025-04-30 05:09:53,890 - INFO -   Realty: NEGATIVE (-0.26%)
2025-04-30 05:09:53,891 - INFO -   Energy: NEGATIVE (-0.29%)
2025-04-30 05:09:53,892 - INFO -   Financial Services: NEGATIVE (-0.37%)
2025-04-30 05:09:53,893 - INFO -   Media: NEGATIVE (-0.79%)
2025-04-30 05:09:53,900 - INFO -   Metal: NEGATIVE (-0.95%)
2025-04-30 05:09:53,903 - INFO -   Pharma: NEGATIVE (-1.06%)
2025-04-30 05:09:53,904 - INFO - 
==================================================
SECTOR DATA READ COMPLETE
==================================================
2025-04-30 05:09:53,905 - INFO - 
==================================================
PROCESSING SECTOR DATA
==================================================
2025-04-30 05:09:53,908 - INFO - Processed performance data for 10 sectors
2025-04-30 05:09:53,909 - INFO - Processing existing positions for potential exits...
2025-04-30 05:09:53,910 - INFO - 
==================================================
PROCESSING EXISTING POSITIONS
==================================================
2025-04-30 05:09:53,916 - INFO - Processing 4 existing positions
2025-04-30 05:09:53,917 - INFO - Checking position: SELL RELIANCE.NS (Sector: Energy)
2025-04-30 05:09:53,919 - INFO - SECURITY ID LOOKUP: Searching for RELIANCE.NS
2025-04-30 05:09:53,920 - INFO - Trying exact match for 'RELIANCE.NS'
2025-04-30 05:09:53,920 - INFO - FOUND EXACT MATCH: ID 2885 for RELIANCE.NS
2025-04-30 05:09:53,921 - INFO - Sector Energy is NEGATIVE with -0.29% change
2025-04-30 05:09:53,922 - INFO - Getting current market price for RELIANCE.NS
2025-04-30 05:09:53,922 - INFO - Failed to get quote using symbol: 'dhanhq' object has no attribute 'get_quote'
2025-04-30 05:09:53,952 - INFO - Failed to get LTP using security_id: 'dhanhq' object has no attribute 'get_ltp'
2025-04-30 05:09:53,971 - INFO - Failed to get price from candles: 'dhanhq' object has no attribute 'intraday_daily_minute_charts'
2025-04-30 05:09:53,974 - ERROR - Could not get current market price for RELIANCE.NS
2025-04-30 05:09:53,976 - WARNING - Could not get current market price for RELIANCE.NS
2025-04-30 05:09:53,979 - INFO - Checking position: SELL TIINDIA.NS (Sector: Auto)
2025-04-30 05:09:53,984 - INFO - SECURITY ID LOOKUP: Searching for TIINDIA.NS
2025-04-30 05:09:53,987 - INFO - Trying exact match for 'TIINDIA.NS'
2025-04-30 05:09:53,993 - INFO - FOUND EXACT MATCH: ID 312 for TIINDIA.NS
2025-04-30 05:09:53,996 - INFO - Sector Auto is NEGATIVE with -0.24% change
2025-04-30 05:09:53,999 - INFO - Getting current market price for TIINDIA.NS
2025-04-30 05:09:54,002 - INFO - Failed to get quote using symbol: 'dhanhq' object has no attribute 'get_quote'
2025-04-30 05:09:54,004 - INFO - Failed to get LTP using security_id: 'dhanhq' object has no attribute 'get_ltp'
2025-04-30 05:09:54,006 - INFO - Failed to get price from candles: 'dhanhq' object has no attribute 'intraday_daily_minute_charts'
2025-04-30 05:09:54,007 - ERROR - Could not get current market price for TIINDIA.NS
2025-04-30 05:09:54,009 - WARNING - Could not get current market price for TIINDIA.NS
2025-04-30 05:09:54,009 - INFO - Checking position: SELL SONACOMS.NS (Sector: Auto)
2025-04-30 05:09:54,010 - INFO - SECURITY ID LOOKUP: Searching for SONACOMS.NS
2025-04-30 05:09:54,015 - INFO - Trying exact match for 'SONACOMS.NS'
2025-04-30 05:09:54,019 - INFO - FOUND EXACT MATCH: ID 4684 for SONACOMS.NS
2025-04-30 05:09:54,020 - INFO - Sector Auto is NEGATIVE with -0.24% change
2025-04-30 05:09:54,021 - INFO - Getting current market price for SONACOMS.NS
2025-04-30 05:09:54,022 - INFO - Failed to get quote using symbol: 'dhanhq' object has no attribute 'get_quote'
2025-04-30 05:09:54,022 - INFO - Failed to get LTP using security_id: 'dhanhq' object has no attribute 'get_ltp'
2025-04-30 05:09:54,023 - INFO - Failed to get price from candles: 'dhanhq' object has no attribute 'intraday_daily_minute_charts'
2025-04-30 05:09:54,024 - ERROR - Could not get current market price for SONACOMS.NS
2025-04-30 05:09:54,024 - WARNING - Could not get current market price for SONACOMS.NS
2025-04-30 05:09:54,026 - INFO - Checking position: SELL SAREGAMA.NS (Sector: Media)
2025-04-30 05:09:54,026 - INFO - SECURITY ID LOOKUP: Searching for SAREGAMA.NS
2025-04-30 05:09:54,026 - INFO - Trying exact match for 'SAREGAMA.NS'
2025-04-30 05:09:54,027 - INFO - FOUND EXACT MATCH: ID 4892 for SAREGAMA.NS
2025-04-30 05:09:54,027 - INFO - Sector Media is NEGATIVE with -0.79% change
2025-04-30 05:09:54,034 - INFO - Getting current market price for SAREGAMA.NS
2025-04-30 05:09:54,035 - INFO - Failed to get quote using symbol: 'dhanhq' object has no attribute 'get_quote'
2025-04-30 05:09:54,036 - INFO - Failed to get LTP using security_id: 'dhanhq' object has no attribute 'get_ltp'
2025-04-30 05:09:54,037 - INFO - Failed to get price from candles: 'dhanhq' object has no attribute 'intraday_daily_minute_charts'
2025-04-30 05:09:54,037 - ERROR - Could not get current market price for SAREGAMA.NS
2025-04-30 05:09:54,037 - WARNING - Could not get current market price for SAREGAMA.NS
2025-04-30 05:09:54,038 - INFO - No positions needed to be exited
2025-04-30 05:09:54,039 - INFO - 
==================================================
POSITION PROCESSING COMPLETE
==================================================
2025-04-30 05:09:54,040 - INFO - Looking for new trading opportunities...
2025-04-30 05:09:54,041 - INFO - 
==================================================
FINDING NEW TRADING OPPORTUNITIES
==================================================
2025-04-30 05:09:54,042 - INFO - Found 9 active tickers out of 9 total
2025-04-30 05:09:54,042 - INFO - Processing tickers in order: ['SYNGENE.NS', 'ZEEL.NS', 'Lauraslabs.NS', 'ADANIENT.NS', 'IPCALAB.NS', 'RELIANCE.NS', 'TIINDIA.NS', 'SONACOMS.NS', 'SAREGAMA.NS']
2025-04-30 05:09:54,042 - INFO - Already have open positions for: ['RELIANCE.NS', 'TIINDIA.NS', 'SONACOMS.NS', 'SAREGAMA.NS']
2025-04-30 05:09:54,043 - INFO - Current sector performances:
2025-04-30 05:09:54,043 - INFO -   Sector IT: POSITIVE (1.23%)
2025-04-30 05:09:54,044 - INFO -   Sector PSU Bank: NEGATIVE (-0.05%)
2025-04-30 05:09:54,044 - INFO -   Sector Auto: NEGATIVE (-0.24%)
2025-04-30 05:09:54,049 - INFO -   Sector FMCG: NEGATIVE (-0.26%)
2025-04-30 05:09:54,049 - INFO -   Sector Realty: NEGATIVE (-0.26%)
2025-04-30 05:09:54,051 - INFO -   Sector Energy: NEGATIVE (-0.29%)
2025-04-30 05:09:54,052 - INFO -   Sector Financial Services: NEGATIVE (-0.37%)
2025-04-30 05:09:54,052 - INFO -   Sector Media: NEGATIVE (-0.79%)
2025-04-30 05:09:54,053 - INFO -   Sector Metal: NEGATIVE (-0.95%)
2025-04-30 05:09:54,054 - INFO -   Sector Pharma: NEGATIVE (-1.06%)
2025-04-30 05:09:54,054 - INFO - Processing ticker 1: SYNGENE.NS
2025-04-30 05:09:54,055 - INFO - Found sector Pharma for SYNGENE.NS
2025-04-30 05:09:54,055 - INFO - Evaluating SYNGENE.NS in sector Pharma (-1.06%)
2025-04-30 05:09:54,056 - INFO - Not trading SYNGENE.NS - sector performance doesn't match strategy
2025-04-30 05:09:54,056 - INFO -   Transaction type: BUY
2025-04-30 05:09:54,057 - INFO -   Sector is_positive: False
2025-04-30 05:09:54,057 - INFO - Processing ticker 2: ZEEL.NS
2025-04-30 05:09:54,057 - INFO - Found sector Media for ZEEL.NS
2025-04-30 05:09:54,058 - INFO - Evaluating ZEEL.NS in sector Media (-0.79%)
2025-04-30 05:09:54,059 - INFO - Not trading ZEEL.NS - sector performance doesn't match strategy
2025-04-30 05:09:54,059 - INFO -   Transaction type: BUY
2025-04-30 05:09:54,060 - INFO -   Sector is_positive: False
2025-04-30 05:09:54,060 - INFO - Processing ticker 3: Lauraslabs.NS
2025-04-30 05:09:54,061 - WARNING - Could not find sector for Lauraslabs.NS in sector mapping
2025-04-30 05:09:54,066 - INFO - Processing ticker 4: ADANIENT.NS
2025-04-30 05:09:54,069 - INFO - Found sector Metal for ADANIENT.NS
2025-04-30 05:09:54,069 - INFO - Evaluating ADANIENT.NS in sector Metal (-0.95%)
2025-04-30 05:09:54,070 - INFO - Not trading ADANIENT.NS - sector performance doesn't match strategy
2025-04-30 05:09:54,071 - INFO -   Transaction type: BUY
2025-04-30 05:09:54,071 - INFO -   Sector is_positive: False
2025-04-30 05:09:54,072 - INFO - Processing ticker 5: IPCALAB.NS
2025-04-30 05:09:54,073 - INFO - Found sector Pharma for IPCALAB.NS
2025-04-30 05:09:54,073 - INFO - Evaluating IPCALAB.NS in sector Pharma (-1.06%)
2025-04-30 05:09:54,074 - INFO - Not trading IPCALAB.NS - sector performance doesn't match strategy
2025-04-30 05:09:54,074 - INFO -   Transaction type: BUY
2025-04-30 05:09:54,074 - INFO -   Sector is_positive: False
2025-04-30 05:09:54,075 - INFO - Processing ticker 6: RELIANCE.NS
2025-04-30 05:09:54,075 - INFO - Skipping RELIANCE.NS - already have an open position
2025-04-30 05:09:54,076 - INFO - Processing ticker 7: TIINDIA.NS
2025-04-30 05:09:54,077 - INFO - Skipping TIINDIA.NS - already have an open position
2025-04-30 05:09:54,077 - INFO - Processing ticker 8: SONACOMS.NS
2025-04-30 05:09:54,085 - INFO - Skipping SONACOMS.NS - already have an open position
2025-04-30 05:09:54,086 - INFO - Processing ticker 9: SAREGAMA.NS
2025-04-30 05:09:54,087 - INFO - Skipping SAREGAMA.NS - already have an open position
2025-04-30 05:09:54,087 - INFO - Ticker processing summary:
2025-04-30 05:09:54,088 - INFO -   Total tickers considered: 9
2025-04-30 05:09:54,088 - INFO -   Tickers with sector data: 4
2025-04-30 05:09:54,088 - INFO -   Tickers matching strategy: 0
2025-04-30 05:09:54,090 - INFO -   Tickers with security ID: 0
2025-04-30 05:09:54,092 - INFO -   Orders successfully placed: 0
2025-04-30 05:09:54,093 - INFO - New positions added: 0
2025-04-30 05:09:54,102 - INFO - Positions skipped: 9
2025-04-30 05:09:54,104 - INFO - Positions with errors: 0
2025-04-30 05:09:54,106 - INFO - 
==================================================
NEW OPPORTUNITIES PROCESSING COMPLETE
==================================================
2025-04-30 05:09:54,107 - INFO - 
==================================================
SECTOR PROCESSING COMPLETE
==================================================
2025-04-30 05:09:54,119 - INFO - Saved 4 positions to dhan_positions.json
2025-04-30 05:09:54,123 - INFO - 
==================================================
POSITIONS SUMMARY
==================================================
2025-04-30 05:09:54,124 - INFO - Current positions summary:
2025-04-30 05:09:54,127 - INFO -   Open BUY positions: 0
2025-04-30 05:09:54,136 - INFO -   Open SELL positions: 4
2025-04-30 05:09:54,137 - INFO -   Closed positions: 0
2025-04-30 05:09:54,140 - INFO -   Total positions: 4
2025-04-30 05:09:54,143 - INFO - Open positions:
2025-04-30 05:09:54,143 - INFO -   SELL RELIANCE.NS (Sector: Energy, Entry: 2025-04-30 05:01:34, Order ID: 212504306752, SL%: 1.0%, Target%: 1.0%)
2025-04-30 05:09:54,145 - INFO -   SELL TIINDIA.NS (Sector: Auto, Entry: 2025-04-30 05:01:46, Order ID: 512504306332, SL%: 1.0%, Target%: 1%)
2025-04-30 05:09:54,167 - INFO -   SELL SONACOMS.NS (Sector: Auto, Entry: 2025-04-30 05:01:59, Order ID: 412504306422, SL%: 1.0%, Target%: 1.0%)
2025-04-30 05:09:54,170 - INFO -   SELL SAREGAMA.NS (Sector: Media, Entry: 2025-04-30 05:02:11, Order ID: 412504306512, SL%: 1.0%, Target%: 1%)
2025-04-30 05:09:54,174 - INFO - 
==================================================
POSITIONS SUMMARY COMPLETE
==================================================
2025-04-30 05:09:54,174 - INFO - Trading cycle 16 completed
2025-04-30 05:09:54,175 - INFO - Waiting 30 seconds until next check at 05:10:24...
2025-04-30 05:09:54,175 - INFO - 
==================================================
CYCLE 16 COMPLETE
==================================================
2025-04-30 05:10:24,190 - INFO - 
==================================================
TRADING CYCLE 17
==================================================
2025-04-30 05:10:24,191 - INFO - Trading cycle 17 started at 2025-04-30 05:10:24
2025-04-30 05:10:24,191 - INFO - 
==================================================
READING SECTOR PERFORMANCE DATA
==================================================
2025-04-30 05:10:24,192 - INFO - Reading sector performance data from sector.csv
2025-04-30 05:10:24,193 - INFO - File last modified: 2025-04-30 05:09:29
2025-04-30 05:10:24,196 - INFO - Latest timestamp in data: 2025-04-30 05:09:29
2025-04-30 05:10:24,196 - INFO - Loaded data for 10 sectors
2025-04-30 05:10:24,197 - INFO - Sector performance details:
2025-04-30 05:10:24,198 - INFO -   IT: POSITIVE (1.23%)
2025-04-30 05:10:24,198 - INFO -   PSU Bank: NEGATIVE (-0.05%)
2025-04-30 05:10:24,199 - INFO -   Auto: NEGATIVE (-0.24%)
2025-04-30 05:10:24,200 - INFO -   FMCG: NEGATIVE (-0.26%)
2025-04-30 05:10:24,201 - INFO -   Realty: NEGATIVE (-0.26%)
2025-04-30 05:10:24,202 - INFO -   Energy: NEGATIVE (-0.29%)
2025-04-30 05:10:24,203 - INFO -   Financial Services: NEGATIVE (-0.37%)
2025-04-30 05:10:24,204 - INFO -   Media: NEGATIVE (-0.79%)
2025-04-30 05:10:24,205 - INFO -   Metal: NEGATIVE (-0.95%)
2025-04-30 05:10:24,206 - INFO -   Pharma: NEGATIVE (-1.06%)
2025-04-30 05:10:24,206 - INFO - 
==================================================
SECTOR DATA READ COMPLETE
==================================================
2025-04-30 05:10:24,207 - INFO - 
==================================================
PROCESSING SECTOR DATA
==================================================
2025-04-30 05:10:24,211 - INFO - Processed performance data for 10 sectors
2025-04-30 05:10:24,212 - INFO - Processing existing positions for potential exits...
2025-04-30 05:10:24,213 - INFO - 
==================================================
PROCESSING EXISTING POSITIONS
==================================================
2025-04-30 05:10:24,214 - INFO - Processing 4 existing positions
2025-04-30 05:10:24,214 - INFO - Checking position: SELL RELIANCE.NS (Sector: Energy)
2025-04-30 05:10:24,214 - INFO - SECURITY ID LOOKUP: Searching for RELIANCE.NS
2025-04-30 05:10:24,215 - INFO - Trying exact match for 'RELIANCE.NS'
2025-04-30 05:10:24,215 - INFO - FOUND EXACT MATCH: ID 2885 for RELIANCE.NS
2025-04-30 05:10:24,215 - INFO - Sector Energy is NEGATIVE with -0.29% change
2025-04-30 05:10:24,216 - INFO - Getting current market price for RELIANCE.NS
2025-04-30 05:10:24,216 - INFO - Failed to get quote using symbol: 'dhanhq' object has no attribute 'get_quote'
2025-04-30 05:10:24,216 - INFO - Failed to get LTP using security_id: 'dhanhq' object has no attribute 'get_ltp'
2025-04-30 05:10:24,217 - INFO - Failed to get price from candles: 'dhanhq' object has no attribute 'intraday_daily_minute_charts'
2025-04-30 05:10:24,217 - ERROR - Could not get current market price for RELIANCE.NS
2025-04-30 05:10:24,217 - WARNING - Could not get current market price for RELIANCE.NS
2025-04-30 05:10:24,218 - INFO - Checking position: SELL TIINDIA.NS (Sector: Auto)
2025-04-30 05:10:24,218 - INFO - SECURITY ID LOOKUP: Searching for TIINDIA.NS
2025-04-30 05:10:24,218 - INFO - Trying exact match for 'TIINDIA.NS'
2025-04-30 05:10:24,219 - INFO - FOUND EXACT MATCH: ID 312 for TIINDIA.NS
2025-04-30 05:10:24,219 - INFO - Sector Auto is NEGATIVE with -0.24% change
2025-04-30 05:10:24,219 - INFO - Getting current market price for TIINDIA.NS
2025-04-30 05:10:24,220 - INFO - Failed to get quote using symbol: 'dhanhq' object has no attribute 'get_quote'
2025-04-30 05:10:24,220 - INFO - Failed to get LTP using security_id: 'dhanhq' object has no attribute 'get_ltp'
2025-04-30 05:10:24,220 - INFO - Failed to get price from candles: 'dhanhq' object has no attribute 'intraday_daily_minute_charts'
2025-04-30 05:10:24,221 - ERROR - Could not get current market price for TIINDIA.NS
2025-04-30 05:10:24,221 - WARNING - Could not get current market price for TIINDIA.NS
2025-04-30 05:10:24,221 - INFO - Checking position: SELL SONACOMS.NS (Sector: Auto)
2025-04-30 05:10:24,222 - INFO - SECURITY ID LOOKUP: Searching for SONACOMS.NS
2025-04-30 05:10:24,222 - INFO - Trying exact match for 'SONACOMS.NS'
2025-04-30 05:10:24,222 - INFO - FOUND EXACT MATCH: ID 4684 for SONACOMS.NS
2025-04-30 05:10:24,223 - INFO - Sector Auto is NEGATIVE with -0.24% change
2025-04-30 05:10:24,223 - INFO - Getting current market price for SONACOMS.NS
2025-04-30 05:10:24,223 - INFO - Failed to get quote using symbol: 'dhanhq' object has no attribute 'get_quote'
2025-04-30 05:10:24,224 - INFO - Failed to get LTP using security_id: 'dhanhq' object has no attribute 'get_ltp'
2025-04-30 05:10:24,224 - INFO - Failed to get price from candles: 'dhanhq' object has no attribute 'intraday_daily_minute_charts'
2025-04-30 05:10:24,225 - ERROR - Could not get current market price for SONACOMS.NS
2025-04-30 05:10:24,225 - WARNING - Could not get current market price for SONACOMS.NS
2025-04-30 05:10:24,227 - INFO - Checking position: SELL SAREGAMA.NS (Sector: Media)
2025-04-30 05:10:24,228 - INFO - SECURITY ID LOOKUP: Searching for SAREGAMA.NS
2025-04-30 05:10:24,230 - INFO - Trying exact match for 'SAREGAMA.NS'
2025-04-30 05:10:24,230 - INFO - FOUND EXACT MATCH: ID 4892 for SAREGAMA.NS
2025-04-30 05:10:24,230 - INFO - Sector Media is NEGATIVE with -0.79% change
2025-04-30 05:10:24,231 - INFO - Getting current market price for SAREGAMA.NS
2025-04-30 05:10:24,231 - INFO - Failed to get quote using symbol: 'dhanhq' object has no attribute 'get_quote'
2025-04-30 05:10:24,231 - INFO - Failed to get LTP using security_id: 'dhanhq' object has no attribute 'get_ltp'
2025-04-30 05:10:24,232 - INFO - Failed to get price from candles: 'dhanhq' object has no attribute 'intraday_daily_minute_charts'
2025-04-30 05:10:24,232 - ERROR - Could not get current market price for SAREGAMA.NS
2025-04-30 05:10:24,232 - WARNING - Could not get current market price for SAREGAMA.NS
2025-04-30 05:10:24,233 - INFO - No positions needed to be exited
2025-04-30 05:10:24,233 - INFO - 
==================================================
POSITION PROCESSING COMPLETE
==================================================
2025-04-30 05:10:24,233 - INFO - Looking for new trading opportunities...
2025-04-30 05:10:24,234 - INFO - 
==================================================
FINDING NEW TRADING OPPORTUNITIES
==================================================
2025-04-30 05:10:24,235 - INFO - Found 9 active tickers out of 9 total
2025-04-30 05:10:24,235 - INFO - Processing tickers in order: ['SYNGENE.NS', 'ZEEL.NS', 'Lauraslabs.NS', 'ADANIENT.NS', 'IPCALAB.NS', 'RELIANCE.NS', 'TIINDIA.NS', 'SONACOMS.NS', 'SAREGAMA.NS']
2025-04-30 05:10:24,237 - INFO - Already have open positions for: ['RELIANCE.NS', 'TIINDIA.NS', 'SONACOMS.NS', 'SAREGAMA.NS']
2025-04-30 05:10:24,237 - INFO - Current sector performances:
2025-04-30 05:10:24,238 - INFO -   Sector IT: POSITIVE (1.23%)
2025-04-30 05:10:24,238 - INFO -   Sector PSU Bank: NEGATIVE (-0.05%)
2025-04-30 05:10:24,239 - INFO -   Sector Auto: NEGATIVE (-0.24%)
2025-04-30 05:10:24,239 - INFO -   Sector FMCG: NEGATIVE (-0.26%)
2025-04-30 05:10:24,240 - INFO -   Sector Realty: NEGATIVE (-0.26%)
2025-04-30 05:10:24,240 - INFO -   Sector Energy: NEGATIVE (-0.29%)
2025-04-30 05:10:24,244 - INFO -   Sector Financial Services: NEGATIVE (-0.37%)
2025-04-30 05:10:24,246 - INFO -   Sector Media: NEGATIVE (-0.79%)
2025-04-30 05:10:24,246 - INFO -   Sector Metal: NEGATIVE (-0.95%)
2025-04-30 05:10:24,247 - INFO -   Sector Pharma: NEGATIVE (-1.06%)
2025-04-30 05:10:24,248 - INFO - Processing ticker 1: SYNGENE.NS
2025-04-30 05:10:24,248 - INFO - Found sector Pharma for SYNGENE.NS
2025-04-30 05:10:24,248 - INFO - Evaluating SYNGENE.NS in sector Pharma (-1.06%)
2025-04-30 05:10:24,249 - INFO - Not trading SYNGENE.NS - sector performance doesn't match strategy
2025-04-30 05:10:24,249 - INFO -   Transaction type: BUY
2025-04-30 05:10:24,249 - INFO -   Sector is_positive: False
2025-04-30 05:10:24,250 - INFO - Processing ticker 2: ZEEL.NS
2025-04-30 05:10:24,250 - INFO - Found sector Media for ZEEL.NS
2025-04-30 05:10:24,250 - INFO - Evaluating ZEEL.NS in sector Media (-0.79%)
2025-04-30 05:10:24,251 - INFO - Not trading ZEEL.NS - sector performance doesn't match strategy
2025-04-30 05:10:24,251 - INFO -   Transaction type: BUY
2025-04-30 05:10:24,251 - INFO -   Sector is_positive: False
2025-04-30 05:10:24,252 - INFO - Processing ticker 3: Lauraslabs.NS
2025-04-30 05:10:24,253 - WARNING - Could not find sector for Lauraslabs.NS in sector mapping
2025-04-30 05:10:24,253 - INFO - Processing ticker 4: ADANIENT.NS
2025-04-30 05:10:24,254 - INFO - Found sector Metal for ADANIENT.NS
2025-04-30 05:10:24,254 - INFO - Evaluating ADANIENT.NS in sector Metal (-0.95%)
2025-04-30 05:10:24,254 - INFO - Not trading ADANIENT.NS - sector performance doesn't match strategy
2025-04-30 05:10:24,254 - INFO -   Transaction type: BUY
2025-04-30 05:10:24,255 - INFO -   Sector is_positive: False
2025-04-30 05:10:24,255 - INFO - Processing ticker 5: IPCALAB.NS
2025-04-30 05:10:24,255 - INFO - Found sector Pharma for IPCALAB.NS
2025-04-30 05:10:24,256 - INFO - Evaluating IPCALAB.NS in sector Pharma (-1.06%)
2025-04-30 05:10:24,256 - INFO - Not trading IPCALAB.NS - sector performance doesn't match strategy
2025-04-30 05:10:24,256 - INFO -   Transaction type: BUY
2025-04-30 05:10:24,257 - INFO -   Sector is_positive: False
2025-04-30 05:10:24,257 - INFO - Processing ticker 6: RELIANCE.NS
2025-04-30 05:10:24,258 - INFO - Skipping RELIANCE.NS - already have an open position
2025-04-30 05:10:24,259 - INFO - Processing ticker 7: TIINDIA.NS
2025-04-30 05:10:24,261 - INFO - Skipping TIINDIA.NS - already have an open position
2025-04-30 05:10:24,263 - INFO - Processing ticker 8: SONACOMS.NS
2025-04-30 05:10:24,263 - INFO - Skipping SONACOMS.NS - already have an open position
2025-04-30 05:10:24,263 - INFO - Processing ticker 9: SAREGAMA.NS
2025-04-30 05:10:24,264 - INFO - Skipping SAREGAMA.NS - already have an open position
2025-04-30 05:10:24,264 - INFO - Ticker processing summary:
2025-04-30 05:10:24,265 - INFO -   Total tickers considered: 9
2025-04-30 05:10:24,265 - INFO -   Tickers with sector data: 4
2025-04-30 05:10:24,265 - INFO -   Tickers matching strategy: 0
2025-04-30 05:10:24,265 - INFO -   Tickers with security ID: 0
2025-04-30 05:10:24,266 - INFO -   Orders successfully placed: 0
2025-04-30 05:10:24,266 - INFO - New positions added: 0
2025-04-30 05:10:24,266 - INFO - Positions skipped: 9
2025-04-30 05:10:24,267 - INFO - Positions with errors: 0
2025-04-30 05:10:24,268 - INFO - 
==================================================
NEW OPPORTUNITIES PROCESSING COMPLETE
==================================================
2025-04-30 05:10:24,268 - INFO - 
==================================================
SECTOR PROCESSING COMPLETE
==================================================
2025-04-30 05:10:24,271 - INFO - Saved 4 positions to dhan_positions.json
2025-04-30 05:10:24,272 - INFO - 
==================================================
POSITIONS SUMMARY
==================================================
2025-04-30 05:10:24,272 - INFO - Current positions summary:
2025-04-30 05:10:24,273 - INFO -   Open BUY positions: 0
2025-04-30 05:10:24,273 - INFO -   Open SELL positions: 4
2025-04-30 05:10:24,273 - INFO -   Closed positions: 0
2025-04-30 05:10:24,274 - INFO -   Total positions: 4
2025-04-30 05:10:24,275 - INFO - Open positions:
2025-04-30 05:10:24,275 - INFO -   SELL RELIANCE.NS (Sector: Energy, Entry: 2025-04-30 05:01:34, Order ID: 212504306752, SL%: 1.0%, Target%: 1.0%)
2025-04-30 05:10:24,279 - INFO -   SELL TIINDIA.NS (Sector: Auto, Entry: 2025-04-30 05:01:46, Order ID: 512504306332, SL%: 1.0%, Target%: 1%)
2025-04-30 05:10:24,280 - INFO -   SELL SONACOMS.NS (Sector: Auto, Entry: 2025-04-30 05:01:59, Order ID: 412504306422, SL%: 1.0%, Target%: 1.0%)
2025-04-30 05:10:24,280 - INFO -   SELL SAREGAMA.NS (Sector: Media, Entry: 2025-04-30 05:02:11, Order ID: 412504306512, SL%: 1.0%, Target%: 1%)
2025-04-30 05:10:24,281 - INFO - 
==================================================
POSITIONS SUMMARY COMPLETE
==================================================
2025-04-30 05:10:24,281 - INFO - Trading cycle 17 completed
2025-04-30 05:10:24,282 - INFO - Waiting 30 seconds until next check at 05:10:54...
2025-04-30 05:10:24,282 - INFO - 
==================================================
CYCLE 17 COMPLETE
==================================================
2025-04-30 05:10:54,290 - INFO - 
==================================================
TRADING CYCLE 18
==================================================
2025-04-30 05:10:54,291 - INFO - Trading cycle 18 started at 2025-04-30 05:10:54
2025-04-30 05:10:54,291 - INFO - 
==================================================
READING SECTOR PERFORMANCE DATA
==================================================
2025-04-30 05:10:54,292 - INFO - Reading sector performance data from sector.csv
2025-04-30 05:10:54,292 - INFO - File last modified: 2025-04-30 05:09:29
2025-04-30 05:10:54,295 - INFO - Latest timestamp in data: 2025-04-30 05:09:29
2025-04-30 05:10:54,296 - INFO - Loaded data for 10 sectors
2025-04-30 05:10:54,296 - INFO - Sector performance details:
2025-04-30 05:10:54,298 - INFO -   IT: POSITIVE (1.23%)
2025-04-30 05:10:54,298 - INFO -   PSU Bank: NEGATIVE (-0.05%)
2025-04-30 05:10:54,299 - INFO -   Auto: NEGATIVE (-0.24%)
2025-04-30 05:10:54,301 - INFO -   FMCG: NEGATIVE (-0.26%)
2025-04-30 05:10:54,303 - INFO -   Realty: NEGATIVE (-0.26%)
2025-04-30 05:10:54,309 - INFO -   Energy: NEGATIVE (-0.29%)
2025-04-30 05:10:54,312 - INFO -   Financial Services: NEGATIVE (-0.37%)
2025-04-30 05:10:54,313 - INFO -   Media: NEGATIVE (-0.79%)
2025-04-30 05:10:54,313 - INFO -   Metal: NEGATIVE (-0.95%)
2025-04-30 05:10:54,314 - INFO -   Pharma: NEGATIVE (-1.06%)
2025-04-30 05:10:54,314 - INFO - 
==================================================
SECTOR DATA READ COMPLETE
==================================================
2025-04-30 05:10:54,315 - INFO - 
==================================================
PROCESSING SECTOR DATA
==================================================
2025-04-30 05:10:54,317 - INFO - Processed performance data for 10 sectors
2025-04-30 05:10:54,318 - INFO - Processing existing positions for potential exits...
2025-04-30 05:10:54,318 - INFO - 
==================================================
PROCESSING EXISTING POSITIONS
==================================================
2025-04-30 05:10:54,319 - INFO - Processing 4 existing positions
2025-04-30 05:10:54,319 - INFO - Checking position: SELL RELIANCE.NS (Sector: Energy)
2025-04-30 05:10:54,319 - INFO - SECURITY ID LOOKUP: Searching for RELIANCE.NS
2025-04-30 05:10:54,320 - INFO - Trying exact match for 'RELIANCE.NS'
2025-04-30 05:10:54,320 - INFO - FOUND EXACT MATCH: ID 2885 for RELIANCE.NS
2025-04-30 05:10:54,320 - INFO - Sector Energy is NEGATIVE with -0.29% change
2025-04-30 05:10:54,321 - INFO - Getting current market price for RELIANCE.NS
2025-04-30 05:10:54,329 - INFO - Failed to get quote using symbol: 'dhanhq' object has no attribute 'get_quote'
2025-04-30 05:10:54,330 - INFO - Failed to get LTP using security_id: 'dhanhq' object has no attribute 'get_ltp'
2025-04-30 05:10:54,330 - INFO - Failed to get price from candles: 'dhanhq' object has no attribute 'intraday_daily_minute_charts'
2025-04-30 05:10:54,331 - ERROR - Could not get current market price for RELIANCE.NS
2025-04-30 05:10:54,331 - WARNING - Could not get current market price for RELIANCE.NS
2025-04-30 05:10:54,332 - INFO - Checking position: SELL TIINDIA.NS (Sector: Auto)
2025-04-30 05:10:54,333 - INFO - SECURITY ID LOOKUP: Searching for TIINDIA.NS
2025-04-30 05:10:54,334 - INFO - Trying exact match for 'TIINDIA.NS'
2025-04-30 05:10:54,334 - INFO - FOUND EXACT MATCH: ID 312 for TIINDIA.NS
2025-04-30 05:10:54,334 - INFO - Sector Auto is NEGATIVE with -0.24% change
2025-04-30 05:10:54,335 - INFO - Getting current market price for TIINDIA.NS
2025-04-30 05:10:54,335 - INFO - Failed to get quote using symbol: 'dhanhq' object has no attribute 'get_quote'
2025-04-30 05:10:54,336 - INFO - Failed to get LTP using security_id: 'dhanhq' object has no attribute 'get_ltp'
2025-04-30 05:10:54,336 - INFO - Failed to get price from candles: 'dhanhq' object has no attribute 'intraday_daily_minute_charts'
2025-04-30 05:10:54,337 - ERROR - Could not get current market price for TIINDIA.NS
2025-04-30 05:10:54,384 - WARNING - Could not get current market price for TIINDIA.NS
2025-04-30 05:10:54,409 - INFO - Checking position: SELL SONACOMS.NS (Sector: Auto)
2025-04-30 05:10:54,490 - INFO - SECURITY ID LOOKUP: Searching for SONACOMS.NS
2025-04-30 05:10:54,502 - INFO - Trying exact match for 'SONACOMS.NS'
2025-04-30 05:10:54,515 - INFO - FOUND EXACT MATCH: ID 4684 for SONACOMS.NS
2025-04-30 05:10:54,520 - INFO - Sector Auto is NEGATIVE with -0.24% change
2025-04-30 05:10:54,536 - INFO - Getting current market price for SONACOMS.NS
2025-04-30 05:10:54,564 - INFO - Failed to get quote using symbol: 'dhanhq' object has no attribute 'get_quote'
2025-04-30 05:10:54,585 - INFO - Failed to get LTP using security_id: 'dhanhq' object has no attribute 'get_ltp'
2025-04-30 05:10:54,586 - INFO - Failed to get price from candles: 'dhanhq' object has no attribute 'intraday_daily_minute_charts'
2025-04-30 05:10:54,587 - ERROR - Could not get current market price for SONACOMS.NS
2025-04-30 05:10:54,616 - WARNING - Could not get current market price for SONACOMS.NS
2025-04-30 05:10:54,617 - INFO - Checking position: SELL SAREGAMA.NS (Sector: Media)
2025-04-30 05:10:54,618 - INFO - SECURITY ID LOOKUP: Searching for SAREGAMA.NS
2025-04-30 05:10:54,647 - INFO - Trying exact match for 'SAREGAMA.NS'
2025-04-30 05:10:54,648 - INFO - FOUND EXACT MATCH: ID 4892 for SAREGAMA.NS
2025-04-30 05:10:54,649 - INFO - Sector Media is NEGATIVE with -0.79% change
2025-04-30 05:10:54,649 - INFO - Getting current market price for SAREGAMA.NS
2025-04-30 05:10:54,651 - INFO - Failed to get quote using symbol: 'dhanhq' object has no attribute 'get_quote'
2025-04-30 05:10:54,653 - INFO - Failed to get LTP using security_id: 'dhanhq' object has no attribute 'get_ltp'
2025-04-30 05:10:54,717 - INFO - Failed to get price from candles: 'dhanhq' object has no attribute 'intraday_daily_minute_charts'
2025-04-30 05:10:54,718 - ERROR - Could not get current market price for SAREGAMA.NS
2025-04-30 05:10:54,719 - WARNING - Could not get current market price for SAREGAMA.NS
2025-04-30 05:10:54,720 - INFO - No positions needed to be exited
2025-04-30 05:10:54,749 - INFO - 
==================================================
POSITION PROCESSING COMPLETE
==================================================
2025-04-30 05:10:54,750 - INFO - Looking for new trading opportunities...
2025-04-30 05:10:54,751 - INFO - 
==================================================
FINDING NEW TRADING OPPORTUNITIES
==================================================
2025-04-30 05:10:54,885 - INFO - Found 9 active tickers out of 9 total
2025-04-30 05:10:54,899 - INFO - Processing tickers in order: ['SYNGENE.NS', 'ZEEL.NS', 'Lauraslabs.NS', 'ADANIENT.NS', 'IPCALAB.NS', 'RELIANCE.NS', 'TIINDIA.NS', 'SONACOMS.NS', 'SAREGAMA.NS']
2025-04-30 05:10:54,940 - INFO - Already have open positions for: ['RELIANCE.NS', 'TIINDIA.NS', 'SONACOMS.NS', 'SAREGAMA.NS']
2025-04-30 05:10:54,945 - INFO - Current sector performances:
2025-04-30 05:10:54,947 - INFO -   Sector IT: POSITIVE (1.23%)
2025-04-30 05:10:54,998 - INFO -   Sector PSU Bank: NEGATIVE (-0.05%)
2025-04-30 05:10:54,999 - INFO -   Sector Auto: NEGATIVE (-0.24%)
2025-04-30 05:10:55,000 - INFO -   Sector FMCG: NEGATIVE (-0.26%)
2025-04-30 05:10:55,001 - INFO -   Sector Realty: NEGATIVE (-0.26%)
2025-04-30 05:10:55,030 - INFO -   Sector Energy: NEGATIVE (-0.29%)
2025-04-30 05:10:55,031 - INFO -   Sector Financial Services: NEGATIVE (-0.37%)
2025-04-30 05:10:55,032 - INFO -   Sector Media: NEGATIVE (-0.79%)
2025-04-30 05:10:55,032 - INFO -   Sector Metal: NEGATIVE (-0.95%)
2025-04-30 05:10:55,033 - INFO -   Sector Pharma: NEGATIVE (-1.06%)
2025-04-30 05:10:55,033 - INFO - Processing ticker 1: SYNGENE.NS
2025-04-30 05:10:55,034 - INFO - Found sector Pharma for SYNGENE.NS
2025-04-30 05:10:55,035 - INFO - Evaluating SYNGENE.NS in sector Pharma (-1.06%)
2025-04-30 05:10:55,036 - INFO - Not trading SYNGENE.NS - sector performance doesn't match strategy
2025-04-30 05:10:55,036 - INFO -   Transaction type: BUY
2025-04-30 05:10:55,037 - INFO -   Sector is_positive: False
2025-04-30 05:10:55,046 - INFO - Processing ticker 2: ZEEL.NS
2025-04-30 05:10:55,048 - INFO - Found sector Media for ZEEL.NS
2025-04-30 05:10:55,050 - INFO - Evaluating ZEEL.NS in sector Media (-0.79%)
2025-04-30 05:10:55,094 - INFO - Not trading ZEEL.NS - sector performance doesn't match strategy
2025-04-30 05:10:55,098 - INFO -   Transaction type: BUY
2025-04-30 05:10:55,102 - INFO -   Sector is_positive: False
2025-04-30 05:10:55,103 - INFO - Processing ticker 3: Lauraslabs.NS
2025-04-30 05:10:55,104 - WARNING - Could not find sector for Lauraslabs.NS in sector mapping
2025-04-30 05:10:55,104 - INFO - Processing ticker 4: ADANIENT.NS
2025-04-30 05:10:55,134 - INFO - Found sector Metal for ADANIENT.NS
2025-04-30 05:10:55,193 - INFO - Evaluating ADANIENT.NS in sector Metal (-0.95%)
2025-04-30 05:10:55,196 - INFO - Not trading ADANIENT.NS - sector performance doesn't match strategy
2025-04-30 05:10:55,197 - INFO -   Transaction type: BUY
2025-04-30 05:10:55,199 - INFO -   Sector is_positive: False
2025-04-30 05:10:55,201 - INFO - Processing ticker 5: IPCALAB.NS
2025-04-30 05:10:55,221 - INFO - Found sector Pharma for IPCALAB.NS
2025-04-30 05:10:55,228 - INFO - Evaluating IPCALAB.NS in sector Pharma (-1.06%)
2025-04-30 05:10:55,230 - INFO - Not trading IPCALAB.NS - sector performance doesn't match strategy
2025-04-30 05:10:55,231 - INFO -   Transaction type: BUY
2025-04-30 05:10:55,232 - INFO -   Sector is_positive: False
2025-04-30 05:10:55,232 - INFO - Processing ticker 6: RELIANCE.NS
2025-04-30 05:10:55,232 - INFO - Skipping RELIANCE.NS - already have an open position
2025-04-30 05:10:55,233 - INFO - Processing ticker 7: TIINDIA.NS
2025-04-30 05:10:55,233 - INFO - Skipping TIINDIA.NS - already have an open position
2025-04-30 05:10:55,234 - INFO - Processing ticker 8: SONACOMS.NS
2025-04-30 05:10:55,234 - INFO - Skipping SONACOMS.NS - already have an open position
2025-04-30 05:10:55,235 - INFO - Processing ticker 9: SAREGAMA.NS
2025-04-30 05:10:55,236 - INFO - Skipping SAREGAMA.NS - already have an open position
2025-04-30 05:10:55,236 - INFO - Ticker processing summary:
2025-04-30 05:10:55,237 - INFO -   Total tickers considered: 9
2025-04-30 05:10:55,237 - INFO -   Tickers with sector data: 4
2025-04-30 05:10:55,237 - INFO -   Tickers matching strategy: 0
2025-04-30 05:10:55,240 - INFO -   Tickers with security ID: 0
2025-04-30 05:10:55,244 - INFO -   Orders successfully placed: 0
2025-04-30 05:10:55,245 - INFO - New positions added: 0
2025-04-30 05:10:55,245 - INFO - Positions skipped: 9
2025-04-30 05:10:55,246 - INFO - Positions with errors: 0
2025-04-30 05:10:55,246 - INFO - 
==================================================
NEW OPPORTUNITIES PROCESSING COMPLETE
==================================================
2025-04-30 05:10:55,247 - INFO - 
==================================================
SECTOR PROCESSING COMPLETE
==================================================
2025-04-30 05:10:55,251 - INFO - Saved 4 positions to dhan_positions.json
2025-04-30 05:10:55,252 - INFO - 
==================================================
POSITIONS SUMMARY
==================================================
2025-04-30 05:10:55,254 - INFO - Current positions summary:
2025-04-30 05:10:55,255 - INFO -   Open BUY positions: 0
2025-04-30 05:10:55,260 - INFO -   Open SELL positions: 4
2025-04-30 05:10:55,261 - INFO -   Closed positions: 0
2025-04-30 05:10:55,262 - INFO -   Total positions: 4
2025-04-30 05:10:55,263 - INFO - Open positions:
2025-04-30 05:10:55,263 - INFO -   SELL RELIANCE.NS (Sector: Energy, Entry: 2025-04-30 05:01:34, Order ID: 212504306752, SL%: 1.0%, Target%: 1.0%)
2025-04-30 05:10:55,265 - INFO -   SELL TIINDIA.NS (Sector: Auto, Entry: 2025-04-30 05:01:46, Order ID: 512504306332, SL%: 1.0%, Target%: 1%)
2025-04-30 05:10:55,266 - INFO -   SELL SONACOMS.NS (Sector: Auto, Entry: 2025-04-30 05:01:59, Order ID: 412504306422, SL%: 1.0%, Target%: 1.0%)
2025-04-30 05:10:55,279 - INFO -   SELL SAREGAMA.NS (Sector: Media, Entry: 2025-04-30 05:02:11, Order ID: 412504306512, SL%: 1.0%, Target%: 1%)
2025-04-30 05:10:55,280 - INFO - 
==================================================
POSITIONS SUMMARY COMPLETE
==================================================
2025-04-30 05:10:55,282 - INFO - Trading cycle 18 completed
2025-04-30 05:10:55,282 - INFO - Waiting 30 seconds until next check at 05:11:25...
2025-04-30 05:10:55,283 - INFO - 
==================================================
CYCLE 18 COMPLETE
==================================================
2025-04-30 05:11:25,286 - INFO - 
==================================================
TRADING CYCLE 19
==================================================
2025-04-30 05:11:25,287 - INFO - Trading cycle 19 started at 2025-04-30 05:11:25
2025-04-30 05:11:25,288 - INFO - 
==================================================
READING SECTOR PERFORMANCE DATA
==================================================
2025-04-30 05:11:25,288 - INFO - Reading sector performance data from sector.csv
2025-04-30 05:11:25,289 - INFO - File last modified: 2025-04-30 05:11:10
2025-04-30 05:11:25,301 - INFO - Latest timestamp in data: 2025-04-30 05:11:10
2025-04-30 05:11:25,301 - INFO - Loaded data for 10 sectors
2025-04-30 05:11:25,301 - INFO - Sector performance details:
2025-04-30 05:11:25,303 - INFO -   IT: POSITIVE (1.23%)
2025-04-30 05:11:25,340 - INFO -   PSU Bank: NEGATIVE (-0.05%)
2025-04-30 05:11:25,342 - INFO -   Auto: NEGATIVE (-0.24%)
2025-04-30 05:11:25,348 - INFO -   FMCG: NEGATIVE (-0.26%)
2025-04-30 05:11:25,362 - INFO -   Realty: NEGATIVE (-0.26%)
2025-04-30 05:11:25,391 - INFO -   Energy: NEGATIVE (-0.29%)
2025-04-30 05:11:25,394 - INFO -   Financial Services: NEGATIVE (-0.37%)
2025-04-30 05:11:25,395 - INFO -   Media: NEGATIVE (-0.79%)
2025-04-30 05:11:25,396 - INFO -   Metal: NEGATIVE (-0.95%)
2025-04-30 05:11:25,396 - INFO -   Pharma: NEGATIVE (-1.06%)
2025-04-30 05:11:25,413 - INFO - 
==================================================
SECTOR DATA READ COMPLETE
==================================================
2025-04-30 05:11:25,414 - INFO - 
==================================================
PROCESSING SECTOR DATA
==================================================
2025-04-30 05:11:25,417 - INFO - Processed performance data for 10 sectors
2025-04-30 05:11:25,418 - INFO - Processing existing positions for potential exits...
2025-04-30 05:11:25,419 - INFO - 
==================================================
PROCESSING EXISTING POSITIONS
==================================================
2025-04-30 05:11:25,420 - INFO - Processing 4 existing positions
2025-04-30 05:11:25,420 - INFO - Checking position: SELL RELIANCE.NS (Sector: Energy)
2025-04-30 05:11:25,421 - INFO - SECURITY ID LOOKUP: Searching for RELIANCE.NS
2025-04-30 05:11:25,421 - INFO - Trying exact match for 'RELIANCE.NS'
2025-04-30 05:11:25,422 - INFO - FOUND EXACT MATCH: ID 2885 for RELIANCE.NS
2025-04-30 05:11:25,422 - INFO - Sector Energy is NEGATIVE with -0.29% change
2025-04-30 05:11:25,423 - INFO - Getting current market price for RELIANCE.NS
2025-04-30 05:11:25,423 - INFO - Failed to get quote using symbol: 'dhanhq' object has no attribute 'get_quote'
2025-04-30 05:11:25,424 - INFO - Failed to get LTP using security_id: 'dhanhq' object has no attribute 'get_ltp'
2025-04-30 05:11:25,424 - INFO - Failed to get price from candles: 'dhanhq' object has no attribute 'intraday_daily_minute_charts'
2025-04-30 05:11:25,425 - ERROR - Could not get current market price for RELIANCE.NS
2025-04-30 05:11:25,425 - WARNING - Could not get current market price for RELIANCE.NS
2025-04-30 05:11:25,425 - INFO - Checking position: SELL TIINDIA.NS (Sector: Auto)
2025-04-30 05:11:25,425 - INFO - SECURITY ID LOOKUP: Searching for TIINDIA.NS
2025-04-30 05:11:25,426 - INFO - Trying exact match for 'TIINDIA.NS'
2025-04-30 05:11:25,426 - INFO - FOUND EXACT MATCH: ID 312 for TIINDIA.NS
2025-04-30 05:11:25,426 - INFO - Sector Auto is NEGATIVE with -0.24% change
2025-04-30 05:11:25,446 - INFO - Getting current market price for TIINDIA.NS
2025-04-30 05:11:25,447 - INFO - Failed to get quote using symbol: 'dhanhq' object has no attribute 'get_quote'
2025-04-30 05:11:25,447 - INFO - Failed to get LTP using security_id: 'dhanhq' object has no attribute 'get_ltp'
2025-04-30 05:11:25,448 - INFO - Failed to get price from candles: 'dhanhq' object has no attribute 'intraday_daily_minute_charts'
2025-04-30 05:11:25,448 - ERROR - Could not get current market price for TIINDIA.NS
2025-04-30 05:11:25,448 - WARNING - Could not get current market price for TIINDIA.NS
2025-04-30 05:11:25,449 - INFO - Checking position: SELL SONACOMS.NS (Sector: Auto)
2025-04-30 05:11:25,449 - INFO - SECURITY ID LOOKUP: Searching for SONACOMS.NS
2025-04-30 05:11:25,450 - INFO - Trying exact match for 'SONACOMS.NS'
2025-04-30 05:11:25,450 - INFO - FOUND EXACT MATCH: ID 4684 for SONACOMS.NS
2025-04-30 05:11:25,451 - INFO - Sector Auto is NEGATIVE with -0.24% change
2025-04-30 05:11:25,452 - INFO - Getting current market price for SONACOMS.NS
2025-04-30 05:11:25,453 - INFO - Failed to get quote using symbol: 'dhanhq' object has no attribute 'get_quote'
2025-04-30 05:11:25,453 - INFO - Failed to get LTP using security_id: 'dhanhq' object has no attribute 'get_ltp'
2025-04-30 05:11:25,454 - INFO - Failed to get price from candles: 'dhanhq' object has no attribute 'intraday_daily_minute_charts'
2025-04-30 05:11:25,455 - ERROR - Could not get current market price for SONACOMS.NS
2025-04-30 05:11:25,456 - WARNING - Could not get current market price for SONACOMS.NS
2025-04-30 05:11:25,456 - INFO - Checking position: SELL SAREGAMA.NS (Sector: Media)
2025-04-30 05:11:25,457 - INFO - SECURITY ID LOOKUP: Searching for SAREGAMA.NS
2025-04-30 05:11:25,458 - INFO - Trying exact match for 'SAREGAMA.NS'
2025-04-30 05:11:25,459 - INFO - FOUND EXACT MATCH: ID 4892 for SAREGAMA.NS
2025-04-30 05:11:25,459 - INFO - Sector Media is NEGATIVE with -0.79% change
2025-04-30 05:11:25,459 - INFO - Getting current market price for SAREGAMA.NS
2025-04-30 05:11:25,459 - INFO - Failed to get quote using symbol: 'dhanhq' object has no attribute 'get_quote'
2025-04-30 05:11:25,460 - INFO - Failed to get LTP using security_id: 'dhanhq' object has no attribute 'get_ltp'
2025-04-30 05:11:25,460 - INFO - Failed to get price from candles: 'dhanhq' object has no attribute 'intraday_daily_minute_charts'
2025-04-30 05:11:25,460 - ERROR - Could not get current market price for SAREGAMA.NS
2025-04-30 05:11:25,460 - WARNING - Could not get current market price for SAREGAMA.NS
2025-04-30 05:11:25,461 - INFO - No positions needed to be exited
2025-04-30 05:11:25,461 - INFO - 
==================================================
POSITION PROCESSING COMPLETE
==================================================
2025-04-30 05:11:25,461 - INFO - Looking for new trading opportunities...
2025-04-30 05:11:25,462 - INFO - 
==================================================
FINDING NEW TRADING OPPORTUNITIES
==================================================
2025-04-30 05:11:25,462 - INFO - Found 9 active tickers out of 9 total
2025-04-30 05:11:25,462 - INFO - Processing tickers in order: ['SYNGENE.NS', 'ZEEL.NS', 'Lauraslabs.NS', 'ADANIENT.NS', 'IPCALAB.NS', 'RELIANCE.NS', 'TIINDIA.NS', 'SONACOMS.NS', 'SAREGAMA.NS']
2025-04-30 05:11:25,462 - INFO - Already have open positions for: ['RELIANCE.NS', 'TIINDIA.NS', 'SONACOMS.NS', 'SAREGAMA.NS']
2025-04-30 05:11:25,463 - INFO - Current sector performances:
2025-04-30 05:11:25,463 - INFO -   Sector IT: POSITIVE (1.23%)
2025-04-30 05:11:25,463 - INFO -   Sector PSU Bank: NEGATIVE (-0.05%)
2025-04-30 05:11:25,464 - INFO -   Sector Auto: NEGATIVE (-0.24%)
2025-04-30 05:11:25,464 - INFO -   Sector FMCG: NEGATIVE (-0.26%)
2025-04-30 05:11:25,464 - INFO -   Sector Realty: NEGATIVE (-0.26%)
2025-04-30 05:11:25,464 - INFO -   Sector Energy: NEGATIVE (-0.29%)
2025-04-30 05:11:25,465 - INFO -   Sector Financial Services: NEGATIVE (-0.37%)
2025-04-30 05:11:25,465 - INFO -   Sector Media: NEGATIVE (-0.79%)
2025-04-30 05:11:25,465 - INFO -   Sector Metal: NEGATIVE (-0.95%)
2025-04-30 05:11:25,465 - INFO -   Sector Pharma: NEGATIVE (-1.06%)
2025-04-30 05:11:25,466 - INFO - Processing ticker 1: SYNGENE.NS
2025-04-30 05:11:25,466 - INFO - Found sector Pharma for SYNGENE.NS
2025-04-30 05:11:25,466 - INFO - Evaluating SYNGENE.NS in sector Pharma (-1.06%)
2025-04-30 05:11:25,466 - INFO - Not trading SYNGENE.NS - sector performance doesn't match strategy
2025-04-30 05:11:25,466 - INFO -   Transaction type: BUY
2025-04-30 05:11:25,467 - INFO -   Sector is_positive: False
2025-04-30 05:11:25,467 - INFO - Processing ticker 2: ZEEL.NS
2025-04-30 05:11:25,467 - INFO - Found sector Media for ZEEL.NS
2025-04-30 05:11:25,467 - INFO - Evaluating ZEEL.NS in sector Media (-0.79%)
2025-04-30 05:11:25,468 - INFO - Not trading ZEEL.NS - sector performance doesn't match strategy
2025-04-30 05:11:25,468 - INFO -   Transaction type: BUY
2025-04-30 05:11:25,469 - INFO -   Sector is_positive: False
2025-04-30 05:11:25,469 - INFO - Processing ticker 3: Lauraslabs.NS
2025-04-30 05:11:25,469 - WARNING - Could not find sector for Lauraslabs.NS in sector mapping
2025-04-30 05:11:25,470 - INFO - Processing ticker 4: ADANIENT.NS
2025-04-30 05:11:25,471 - INFO - Found sector Metal for ADANIENT.NS
2025-04-30 05:11:25,472 - INFO - Evaluating ADANIENT.NS in sector Metal (-0.95%)
2025-04-30 05:11:25,473 - INFO - Not trading ADANIENT.NS - sector performance doesn't match strategy
2025-04-30 05:11:25,474 - INFO -   Transaction type: BUY
2025-04-30 05:11:25,474 - INFO -   Sector is_positive: False
2025-04-30 05:11:25,474 - INFO - Processing ticker 5: IPCALAB.NS
2025-04-30 05:11:25,474 - INFO - Found sector Pharma for IPCALAB.NS
2025-04-30 05:11:25,475 - INFO - Evaluating IPCALAB.NS in sector Pharma (-1.06%)
2025-04-30 05:11:25,475 - INFO - Not trading IPCALAB.NS - sector performance doesn't match strategy
2025-04-30 05:11:25,475 - INFO -   Transaction type: BUY
2025-04-30 05:11:25,475 - INFO -   Sector is_positive: False
2025-04-30 05:11:25,476 - INFO - Processing ticker 6: RELIANCE.NS
2025-04-30 05:11:25,476 - INFO - Skipping RELIANCE.NS - already have an open position
2025-04-30 05:11:25,476 - INFO - Processing ticker 7: TIINDIA.NS
2025-04-30 05:11:25,476 - INFO - Skipping TIINDIA.NS - already have an open position
2025-04-30 05:11:25,476 - INFO - Processing ticker 8: SONACOMS.NS
2025-04-30 05:11:25,477 - INFO - Skipping SONACOMS.NS - already have an open position
2025-04-30 05:11:25,477 - INFO - Processing ticker 9: SAREGAMA.NS
2025-04-30 05:11:25,477 - INFO - Skipping SAREGAMA.NS - already have an open position
2025-04-30 05:11:25,477 - INFO - Ticker processing summary:
2025-04-30 05:11:25,477 - INFO -   Total tickers considered: 9
2025-04-30 05:11:25,478 - INFO -   Tickers with sector data: 4
2025-04-30 05:11:25,478 - INFO -   Tickers matching strategy: 0
2025-04-30 05:11:25,478 - INFO -   Tickers with security ID: 0
2025-04-30 05:11:25,478 - INFO -   Orders successfully placed: 0
2025-04-30 05:11:25,479 - INFO - New positions added: 0
2025-04-30 05:11:25,479 - INFO - Positions skipped: 9
2025-04-30 05:11:25,479 - INFO - Positions with errors: 0
2025-04-30 05:11:25,479 - INFO - 
==================================================
NEW OPPORTUNITIES PROCESSING COMPLETE
==================================================
2025-04-30 05:11:25,480 - INFO - 
==================================================
SECTOR PROCESSING COMPLETE
==================================================
2025-04-30 05:11:25,482 - INFO - Saved 4 positions to dhan_positions.json
2025-04-30 05:11:25,482 - INFO - 
==================================================
POSITIONS SUMMARY
==================================================
2025-04-30 05:11:25,483 - INFO - Current positions summary:
2025-04-30 05:11:25,483 - INFO -   Open BUY positions: 0
2025-04-30 05:11:25,483 - INFO -   Open SELL positions: 4
2025-04-30 05:11:25,484 - INFO -   Closed positions: 0
2025-04-30 05:11:25,484 - INFO -   Total positions: 4
2025-04-30 05:11:25,484 - INFO - Open positions:
2025-04-30 05:11:25,485 - INFO -   SELL RELIANCE.NS (Sector: Energy, Entry: 2025-04-30 05:01:34, Order ID: 212504306752, SL%: 1.0%, Target%: 1.0%)
2025-04-30 05:11:25,485 - INFO -   SELL TIINDIA.NS (Sector: Auto, Entry: 2025-04-30 05:01:46, Order ID: 512504306332, SL%: 1.0%, Target%: 1%)
2025-04-30 05:11:25,486 - INFO -   SELL SONACOMS.NS (Sector: Auto, Entry: 2025-04-30 05:01:59, Order ID: 412504306422, SL%: 1.0%, Target%: 1.0%)
2025-04-30 05:11:25,486 - INFO -   SELL SAREGAMA.NS (Sector: Media, Entry: 2025-04-30 05:02:11, Order ID: 412504306512, SL%: 1.0%, Target%: 1%)
2025-04-30 05:11:25,487 - INFO - 
==================================================
POSITIONS SUMMARY COMPLETE
==================================================
2025-04-30 05:11:25,491 - INFO - Trading cycle 19 completed
2025-04-30 05:11:25,491 - INFO - Waiting 30 seconds until next check at 05:11:55...
2025-04-30 05:11:25,491 - INFO - 
==================================================
CYCLE 19 COMPLETE
==================================================
2025-04-30 05:11:55,505 - INFO - 
==================================================
TRADING CYCLE 20
==================================================
2025-04-30 05:11:55,508 - INFO - Trading cycle 20 started at 2025-04-30 05:11:55
2025-04-30 05:11:55,509 - INFO - 
==================================================
READING SECTOR PERFORMANCE DATA
==================================================
2025-04-30 05:11:55,511 - INFO - Reading sector performance data from sector.csv
2025-04-30 05:11:55,512 - INFO - File last modified: 2025-04-30 05:11:10
2025-04-30 05:11:55,526 - INFO - Latest timestamp in data: 2025-04-30 05:11:10
2025-04-30 05:11:55,527 - INFO - Loaded data for 10 sectors
2025-04-30 05:11:55,531 - INFO - Sector performance details:
2025-04-30 05:11:55,534 - INFO -   IT: POSITIVE (1.23%)
2025-04-30 05:11:55,539 - INFO -   PSU Bank: NEGATIVE (-0.05%)
2025-04-30 05:11:55,541 - INFO -   Auto: NEGATIVE (-0.24%)
2025-04-30 05:11:55,543 - INFO -   FMCG: NEGATIVE (-0.26%)
2025-04-30 05:11:55,545 - INFO -   Realty: NEGATIVE (-0.26%)
2025-04-30 05:11:55,546 - INFO -   Energy: NEGATIVE (-0.29%)
2025-04-30 05:11:55,546 - INFO -   Financial Services: NEGATIVE (-0.37%)
2025-04-30 05:11:55,547 - INFO -   Media: NEGATIVE (-0.79%)
2025-04-30 05:11:55,548 - INFO -   Metal: NEGATIVE (-0.95%)
2025-04-30 05:11:55,551 - INFO -   Pharma: NEGATIVE (-1.06%)
2025-04-30 05:11:55,554 - INFO - 
==================================================
SECTOR DATA READ COMPLETE
==================================================
2025-04-30 05:11:55,557 - INFO - 
==================================================
PROCESSING SECTOR DATA
==================================================
2025-04-30 05:11:55,560 - INFO - Processed performance data for 10 sectors
2025-04-30 05:11:55,560 - INFO - Processing existing positions for potential exits...
2025-04-30 05:11:55,562 - INFO - 
==================================================
PROCESSING EXISTING POSITIONS
==================================================
2025-04-30 05:11:55,563 - INFO - Processing 4 existing positions
2025-04-30 05:11:55,563 - INFO - Checking position: SELL RELIANCE.NS (Sector: Energy)
2025-04-30 05:11:55,564 - INFO - SECURITY ID LOOKUP: Searching for RELIANCE.NS
2025-04-30 05:11:55,564 - INFO - Trying exact match for 'RELIANCE.NS'
2025-04-30 05:11:55,564 - INFO - FOUND EXACT MATCH: ID 2885 for RELIANCE.NS
2025-04-30 05:11:55,565 - INFO - Sector Energy is NEGATIVE with -0.29% change
2025-04-30 05:11:55,565 - INFO - Getting current market price for RELIANCE.NS
2025-04-30 05:11:55,566 - INFO - Failed to get quote using symbol: 'dhanhq' object has no attribute 'get_quote'
2025-04-30 05:11:55,566 - INFO - Failed to get LTP using security_id: 'dhanhq' object has no attribute 'get_ltp'
2025-04-30 05:11:55,568 - INFO - Failed to get price from candles: 'dhanhq' object has no attribute 'intraday_daily_minute_charts'
2025-04-30 05:11:55,570 - ERROR - Could not get current market price for RELIANCE.NS
2025-04-30 05:11:55,571 - WARNING - Could not get current market price for RELIANCE.NS
2025-04-30 05:11:55,571 - INFO - Checking position: SELL TIINDIA.NS (Sector: Auto)
2025-04-30 05:11:55,572 - INFO - SECURITY ID LOOKUP: Searching for TIINDIA.NS
2025-04-30 05:11:55,572 - INFO - Trying exact match for 'TIINDIA.NS'
2025-04-30 05:11:55,572 - INFO - FOUND EXACT MATCH: ID 312 for TIINDIA.NS
2025-04-30 05:11:55,572 - INFO - Sector Auto is NEGATIVE with -0.24% change
2025-04-30 05:11:55,572 - INFO - Getting current market price for TIINDIA.NS
2025-04-30 05:11:55,573 - INFO - Failed to get quote using symbol: 'dhanhq' object has no attribute 'get_quote'
2025-04-30 05:11:55,573 - INFO - Failed to get LTP using security_id: 'dhanhq' object has no attribute 'get_ltp'
2025-04-30 05:11:55,573 - INFO - Failed to get price from candles: 'dhanhq' object has no attribute 'intraday_daily_minute_charts'
2025-04-30 05:11:55,574 - ERROR - Could not get current market price for TIINDIA.NS
2025-04-30 05:11:55,574 - WARNING - Could not get current market price for TIINDIA.NS
2025-04-30 05:11:55,574 - INFO - Checking position: SELL SONACOMS.NS (Sector: Auto)
2025-04-30 05:11:55,575 - INFO - SECURITY ID LOOKUP: Searching for SONACOMS.NS
2025-04-30 05:11:55,575 - INFO - Trying exact match for 'SONACOMS.NS'
2025-04-30 05:11:55,575 - INFO - FOUND EXACT MATCH: ID 4684 for SONACOMS.NS
2025-04-30 05:11:55,575 - INFO - Sector Auto is NEGATIVE with -0.24% change
2025-04-30 05:11:55,576 - INFO - Getting current market price for SONACOMS.NS
2025-04-30 05:11:55,576 - INFO - Failed to get quote using symbol: 'dhanhq' object has no attribute 'get_quote'
2025-04-30 05:11:55,576 - INFO - Failed to get LTP using security_id: 'dhanhq' object has no attribute 'get_ltp'
2025-04-30 05:11:55,576 - INFO - Failed to get price from candles: 'dhanhq' object has no attribute 'intraday_daily_minute_charts'
2025-04-30 05:11:55,577 - ERROR - Could not get current market price for SONACOMS.NS
2025-04-30 05:11:55,577 - WARNING - Could not get current market price for SONACOMS.NS
2025-04-30 05:11:55,577 - INFO - Checking position: SELL SAREGAMA.NS (Sector: Media)
2025-04-30 05:11:55,577 - INFO - SECURITY ID LOOKUP: Searching for SAREGAMA.NS
2025-04-30 05:11:55,578 - INFO - Trying exact match for 'SAREGAMA.NS'
2025-04-30 05:11:55,578 - INFO - FOUND EXACT MATCH: ID 4892 for SAREGAMA.NS
2025-04-30 05:11:55,578 - INFO - Sector Media is NEGATIVE with -0.79% change
2025-04-30 05:11:55,579 - INFO - Getting current market price for SAREGAMA.NS
2025-04-30 05:11:55,579 - INFO - Failed to get quote using symbol: 'dhanhq' object has no attribute 'get_quote'
2025-04-30 05:11:55,579 - INFO - Failed to get LTP using security_id: 'dhanhq' object has no attribute 'get_ltp'
2025-04-30 05:11:55,580 - INFO - Failed to get price from candles: 'dhanhq' object has no attribute 'intraday_daily_minute_charts'
2025-04-30 05:11:55,580 - ERROR - Could not get current market price for SAREGAMA.NS
2025-04-30 05:11:55,580 - WARNING - Could not get current market price for SAREGAMA.NS
2025-04-30 05:11:55,580 - INFO - No positions needed to be exited
2025-04-30 05:11:55,581 - INFO - 
==================================================
POSITION PROCESSING COMPLETE
==================================================
2025-04-30 05:11:55,581 - INFO - Looking for new trading opportunities...
2025-04-30 05:11:55,581 - INFO - 
==================================================
FINDING NEW TRADING OPPORTUNITIES
==================================================
2025-04-30 05:11:55,583 - INFO - Found 9 active tickers out of 9 total
2025-04-30 05:11:55,583 - INFO - Processing tickers in order: ['SYNGENE.NS', 'ZEEL.NS', 'Lauraslabs.NS', 'ADANIENT.NS', 'IPCALAB.NS', 'RELIANCE.NS', 'TIINDIA.NS', 'SONACOMS.NS', 'SAREGAMA.NS']
2025-04-30 05:11:55,586 - INFO - Already have open positions for: ['RELIANCE.NS', 'TIINDIA.NS', 'SONACOMS.NS', 'SAREGAMA.NS']
2025-04-30 05:11:55,587 - INFO - Current sector performances:
2025-04-30 05:11:55,588 - INFO -   Sector IT: POSITIVE (1.23%)
2025-04-30 05:11:55,588 - INFO -   Sector PSU Bank: NEGATIVE (-0.05%)
2025-04-30 05:11:55,588 - INFO -   Sector Auto: NEGATIVE (-0.24%)
2025-04-30 05:11:55,589 - INFO -   Sector FMCG: NEGATIVE (-0.26%)
2025-04-30 05:11:55,589 - INFO -   Sector Realty: NEGATIVE (-0.26%)
2025-04-30 05:11:55,589 - INFO -   Sector Energy: NEGATIVE (-0.29%)
2025-04-30 05:11:55,589 - INFO -   Sector Financial Services: NEGATIVE (-0.37%)
2025-04-30 05:11:55,590 - INFO -   Sector Media: NEGATIVE (-0.79%)
2025-04-30 05:11:55,590 - INFO -   Sector Metal: NEGATIVE (-0.95%)
2025-04-30 05:11:55,590 - INFO -   Sector Pharma: NEGATIVE (-1.06%)
2025-04-30 05:11:55,591 - INFO - Processing ticker 1: SYNGENE.NS
2025-04-30 05:11:55,591 - INFO - Found sector Pharma for SYNGENE.NS
2025-04-30 05:11:55,591 - INFO - Evaluating SYNGENE.NS in sector Pharma (-1.06%)
2025-04-30 05:11:55,591 - INFO - Not trading SYNGENE.NS - sector performance doesn't match strategy
2025-04-30 05:11:55,592 - INFO -   Transaction type: BUY
2025-04-30 05:11:55,592 - INFO -   Sector is_positive: False
2025-04-30 05:11:55,592 - INFO - Processing ticker 2: ZEEL.NS
2025-04-30 05:11:55,593 - INFO - Found sector Media for ZEEL.NS
2025-04-30 05:11:55,593 - INFO - Evaluating ZEEL.NS in sector Media (-0.79%)
2025-04-30 05:11:55,593 - INFO - Not trading ZEEL.NS - sector performance doesn't match strategy
2025-04-30 05:11:55,593 - INFO -   Transaction type: BUY
2025-04-30 05:11:55,594 - INFO -   Sector is_positive: False
2025-04-30 05:11:55,594 - INFO - Processing ticker 3: Lauraslabs.NS
2025-04-30 05:11:55,594 - WARNING - Could not find sector for Lauraslabs.NS in sector mapping
2025-04-30 05:11:55,595 - INFO - Processing ticker 4: ADANIENT.NS
2025-04-30 05:11:55,595 - INFO - Found sector Metal for ADANIENT.NS
2025-04-30 05:11:55,595 - INFO - Evaluating ADANIENT.NS in sector Metal (-0.95%)
2025-04-30 05:11:55,595 - INFO - Not trading ADANIENT.NS - sector performance doesn't match strategy
2025-04-30 05:11:55,596 - INFO -   Transaction type: BUY
2025-04-30 05:11:55,597 - INFO -   Sector is_positive: False
2025-04-30 05:11:55,597 - INFO - Processing ticker 5: IPCALAB.NS
2025-04-30 05:11:55,597 - INFO - Found sector Pharma for IPCALAB.NS
2025-04-30 05:11:55,597 - INFO - Evaluating IPCALAB.NS in sector Pharma (-1.06%)
2025-04-30 05:11:55,598 - INFO - Not trading IPCALAB.NS - sector performance doesn't match strategy
2025-04-30 05:11:55,598 - INFO -   Transaction type: BUY
2025-04-30 05:11:55,598 - INFO -   Sector is_positive: False
2025-04-30 05:11:55,598 - INFO - Processing ticker 6: RELIANCE.NS
2025-04-30 05:11:55,599 - INFO - Skipping RELIANCE.NS - already have an open position
2025-04-30 05:11:55,599 - INFO - Processing ticker 7: TIINDIA.NS
2025-04-30 05:11:55,600 - INFO - Skipping TIINDIA.NS - already have an open position
2025-04-30 05:11:55,600 - INFO - Processing ticker 8: SONACOMS.NS
2025-04-30 05:11:55,602 - INFO - Skipping SONACOMS.NS - already have an open position
2025-04-30 05:11:55,604 - INFO - Processing ticker 9: SAREGAMA.NS
2025-04-30 05:11:55,605 - INFO - Skipping SAREGAMA.NS - already have an open position
2025-04-30 05:11:55,605 - INFO - Ticker processing summary:
2025-04-30 05:11:55,605 - INFO -   Total tickers considered: 9
2025-04-30 05:11:55,605 - INFO -   Tickers with sector data: 4
2025-04-30 05:11:55,606 - INFO -   Tickers matching strategy: 0
2025-04-30 05:11:55,606 - INFO -   Tickers with security ID: 0
2025-04-30 05:11:55,606 - INFO -   Orders successfully placed: 0
2025-04-30 05:11:55,606 - INFO - New positions added: 0
2025-04-30 05:11:55,607 - INFO - Positions skipped: 9
2025-04-30 05:11:55,607 - INFO - Positions with errors: 0
2025-04-30 05:11:55,607 - INFO - 
==================================================
NEW OPPORTUNITIES PROCESSING COMPLETE
==================================================
2025-04-30 05:11:55,607 - INFO - 
==================================================
SECTOR PROCESSING COMPLETE
==================================================
2025-04-30 05:11:55,609 - INFO - Saved 4 positions to dhan_positions.json
2025-04-30 05:11:55,609 - INFO - 
==================================================
POSITIONS SUMMARY
==================================================
2025-04-30 05:11:55,611 - INFO - Current positions summary:
2025-04-30 05:11:55,611 - INFO -   Open BUY positions: 0
2025-04-30 05:11:55,611 - INFO -   Open SELL positions: 4
2025-04-30 05:11:55,611 - INFO -   Closed positions: 0
2025-04-30 05:11:55,612 - INFO -   Total positions: 4
2025-04-30 05:11:55,612 - INFO - Open positions:
2025-04-30 05:11:55,612 - INFO -   SELL RELIANCE.NS (Sector: Energy, Entry: 2025-04-30 05:01:34, Order ID: 212504306752, SL%: 1.0%, Target%: 1.0%)
2025-04-30 05:11:55,612 - INFO -   SELL TIINDIA.NS (Sector: Auto, Entry: 2025-04-30 05:01:46, Order ID: 512504306332, SL%: 1.0%, Target%: 1%)
2025-04-30 05:11:55,613 - INFO -   SELL SONACOMS.NS (Sector: Auto, Entry: 2025-04-30 05:01:59, Order ID: 412504306422, SL%: 1.0%, Target%: 1.0%)
2025-04-30 05:11:55,613 - INFO -   SELL SAREGAMA.NS (Sector: Media, Entry: 2025-04-30 05:02:11, Order ID: 412504306512, SL%: 1.0%, Target%: 1%)
2025-04-30 05:11:55,613 - INFO - 
==================================================
POSITIONS SUMMARY COMPLETE
==================================================
2025-04-30 05:11:55,613 - INFO - Trading cycle 20 completed
2025-04-30 05:11:55,614 - INFO - Waiting 30 seconds until next check at 05:12:25...
2025-04-30 05:11:55,614 - INFO - 
==================================================
CYCLE 20 COMPLETE
==================================================
2025-04-30 05:12:25,619 - INFO - 
==================================================
TRADING CYCLE 21
==================================================
2025-04-30 05:12:25,620 - INFO - Trading cycle 21 started at 2025-04-30 05:12:25
2025-04-30 05:12:25,620 - INFO - 
==================================================
READING SECTOR PERFORMANCE DATA
==================================================
2025-04-30 05:12:25,621 - INFO - Reading sector performance data from sector.csv
2025-04-30 05:12:25,621 - INFO - File last modified: 2025-04-30 05:11:10
2025-04-30 05:12:25,624 - INFO - Latest timestamp in data: 2025-04-30 05:11:10
2025-04-30 05:12:25,625 - INFO - Loaded data for 10 sectors
2025-04-30 05:12:25,625 - INFO - Sector performance details:
2025-04-30 05:12:25,627 - INFO -   IT: POSITIVE (1.23%)
2025-04-30 05:12:25,627 - INFO -   PSU Bank: NEGATIVE (-0.05%)
2025-04-30 05:12:25,628 - INFO -   Auto: NEGATIVE (-0.24%)
2025-04-30 05:12:25,632 - INFO -   FMCG: NEGATIVE (-0.26%)
2025-04-30 05:12:25,633 - INFO -   Realty: NEGATIVE (-0.26%)
2025-04-30 05:12:25,635 - INFO -   Energy: NEGATIVE (-0.29%)
2025-04-30 05:12:25,636 - INFO -   Financial Services: NEGATIVE (-0.37%)
2025-04-30 05:12:25,637 - INFO -   Media: NEGATIVE (-0.79%)
2025-04-30 05:12:25,637 - INFO -   Metal: NEGATIVE (-0.95%)
2025-04-30 05:12:25,638 - INFO -   Pharma: NEGATIVE (-1.06%)
2025-04-30 05:12:25,639 - INFO - 
==================================================
SECTOR DATA READ COMPLETE
==================================================
2025-04-30 05:12:25,640 - INFO - 
==================================================
PROCESSING SECTOR DATA
==================================================
2025-04-30 05:12:25,643 - INFO - Processed performance data for 10 sectors
2025-04-30 05:12:25,643 - INFO - Processing existing positions for potential exits...
2025-04-30 05:12:25,644 - INFO - 
==================================================
PROCESSING EXISTING POSITIONS
==================================================
2025-04-30 05:12:25,648 - INFO - Processing 4 existing positions
2025-04-30 05:12:25,653 - INFO - Checking position: SELL RELIANCE.NS (Sector: Energy)
2025-04-30 05:12:25,655 - INFO - SECURITY ID LOOKUP: Searching for RELIANCE.NS
2025-04-30 05:12:25,661 - INFO - Trying exact match for 'RELIANCE.NS'
2025-04-30 05:12:25,661 - INFO - FOUND EXACT MATCH: ID 2885 for RELIANCE.NS
2025-04-30 05:12:25,668 - INFO - Sector Energy is NEGATIVE with -0.29% change
2025-04-30 05:12:25,669 - INFO - Getting current market price for RELIANCE.NS
2025-04-30 05:12:25,669 - INFO - Failed to get quote using symbol: 'dhanhq' object has no attribute 'get_quote'
2025-04-30 05:12:25,670 - INFO - Failed to get LTP using security_id: 'dhanhq' object has no attribute 'get_ltp'
2025-04-30 05:12:25,670 - INFO - Failed to get price from candles: 'dhanhq' object has no attribute 'intraday_daily_minute_charts'
2025-04-30 05:12:25,670 - ERROR - Could not get current market price for RELIANCE.NS
2025-04-30 05:12:25,671 - WARNING - Could not get current market price for RELIANCE.NS
2025-04-30 05:12:25,671 - INFO - Checking position: SELL TIINDIA.NS (Sector: Auto)
2025-04-30 05:12:25,671 - INFO - SECURITY ID LOOKUP: Searching for TIINDIA.NS
2025-04-30 05:12:25,672 - INFO - Trying exact match for 'TIINDIA.NS'
2025-04-30 05:12:25,672 - INFO - FOUND EXACT MATCH: ID 312 for TIINDIA.NS
2025-04-30 05:12:25,672 - INFO - Sector Auto is NEGATIVE with -0.24% change
2025-04-30 05:12:25,673 - INFO - Getting current market price for TIINDIA.NS
2025-04-30 05:12:25,673 - INFO - Failed to get quote using symbol: 'dhanhq' object has no attribute 'get_quote'
2025-04-30 05:12:25,674 - INFO - Failed to get LTP using security_id: 'dhanhq' object has no attribute 'get_ltp'
2025-04-30 05:12:25,674 - INFO - Failed to get price from candles: 'dhanhq' object has no attribute 'intraday_daily_minute_charts'
2025-04-30 05:12:25,675 - ERROR - Could not get current market price for TIINDIA.NS
2025-04-30 05:12:25,675 - WARNING - Could not get current market price for TIINDIA.NS
2025-04-30 05:12:25,675 - INFO - Checking position: SELL SONACOMS.NS (Sector: Auto)
2025-04-30 05:12:25,676 - INFO - SECURITY ID LOOKUP: Searching for SONACOMS.NS
2025-04-30 05:12:25,676 - INFO - Trying exact match for 'SONACOMS.NS'
2025-04-30 05:12:25,676 - INFO - FOUND EXACT MATCH: ID 4684 for SONACOMS.NS
2025-04-30 05:12:25,677 - INFO - Sector Auto is NEGATIVE with -0.24% change
2025-04-30 05:12:25,677 - INFO - Getting current market price for SONACOMS.NS
2025-04-30 05:12:25,677 - INFO - Failed to get quote using symbol: 'dhanhq' object has no attribute 'get_quote'
2025-04-30 05:12:25,678 - INFO - Failed to get LTP using security_id: 'dhanhq' object has no attribute 'get_ltp'
2025-04-30 05:12:25,685 - INFO - Failed to get price from candles: 'dhanhq' object has no attribute 'intraday_daily_minute_charts'
2025-04-30 05:12:25,686 - ERROR - Could not get current market price for SONACOMS.NS
2025-04-30 05:12:25,686 - WARNING - Could not get current market price for SONACOMS.NS
2025-04-30 05:12:25,687 - INFO - Checking position: SELL SAREGAMA.NS (Sector: Media)
2025-04-30 05:12:25,687 - INFO - SECURITY ID LOOKUP: Searching for SAREGAMA.NS
2025-04-30 05:12:25,687 - INFO - Trying exact match for 'SAREGAMA.NS'
2025-04-30 05:12:25,688 - INFO - FOUND EXACT MATCH: ID 4892 for SAREGAMA.NS
2025-04-30 05:12:25,688 - INFO - Sector Media is NEGATIVE with -0.79% change
2025-04-30 05:12:25,688 - INFO - Getting current market price for SAREGAMA.NS
2025-04-30 05:12:25,689 - INFO - Failed to get quote using symbol: 'dhanhq' object has no attribute 'get_quote'
2025-04-30 05:12:25,689 - INFO - Failed to get LTP using security_id: 'dhanhq' object has no attribute 'get_ltp'
2025-04-30 05:12:25,689 - INFO - Failed to get price from candles: 'dhanhq' object has no attribute 'intraday_daily_minute_charts'
2025-04-30 05:12:25,690 - ERROR - Could not get current market price for SAREGAMA.NS
2025-04-30 05:12:25,690 - WARNING - Could not get current market price for SAREGAMA.NS
2025-04-30 05:12:25,691 - INFO - No positions needed to be exited
2025-04-30 05:12:25,691 - INFO - 
==================================================
POSITION PROCESSING COMPLETE
==================================================
2025-04-30 05:12:25,692 - INFO - Looking for new trading opportunities...
2025-04-30 05:12:25,692 - INFO - 
==================================================
FINDING NEW TRADING OPPORTUNITIES
==================================================
2025-04-30 05:12:25,693 - INFO - Found 9 active tickers out of 9 total
2025-04-30 05:12:25,693 - INFO - Processing tickers in order: ['SYNGENE.NS', 'ZEEL.NS', 'Lauraslabs.NS', 'ADANIENT.NS', 'IPCALAB.NS', 'RELIANCE.NS', 'TIINDIA.NS', 'SONACOMS.NS', 'SAREGAMA.NS']
2025-04-30 05:12:25,694 - INFO - Already have open positions for: ['RELIANCE.NS', 'TIINDIA.NS', 'SONACOMS.NS', 'SAREGAMA.NS']
2025-04-30 05:12:25,694 - INFO - Current sector performances:
2025-04-30 05:12:25,694 - INFO -   Sector IT: POSITIVE (1.23%)
2025-04-30 05:12:25,694 - INFO -   Sector PSU Bank: NEGATIVE (-0.05%)
2025-04-30 05:12:25,701 - INFO -   Sector Auto: NEGATIVE (-0.24%)
2025-04-30 05:12:25,701 - INFO -   Sector FMCG: NEGATIVE (-0.26%)
2025-04-30 05:12:25,702 - INFO -   Sector Realty: NEGATIVE (-0.26%)
2025-04-30 05:12:25,702 - INFO -   Sector Energy: NEGATIVE (-0.29%)
2025-04-30 05:12:25,703 - INFO -   Sector Financial Services: NEGATIVE (-0.37%)
2025-04-30 05:12:25,703 - INFO -   Sector Media: NEGATIVE (-0.79%)
2025-04-30 05:12:25,703 - INFO -   Sector Metal: NEGATIVE (-0.95%)
2025-04-30 05:12:25,704 - INFO -   Sector Pharma: NEGATIVE (-1.06%)
2025-04-30 05:12:25,704 - INFO - Processing ticker 1: SYNGENE.NS
2025-04-30 05:12:25,705 - INFO - Found sector Pharma for SYNGENE.NS
2025-04-30 05:12:25,705 - INFO - Evaluating SYNGENE.NS in sector Pharma (-1.06%)
2025-04-30 05:12:25,706 - INFO - Not trading SYNGENE.NS - sector performance doesn't match strategy
2025-04-30 05:12:25,706 - INFO -   Transaction type: BUY
2025-04-30 05:12:25,706 - INFO -   Sector is_positive: False
2025-04-30 05:12:25,707 - INFO - Processing ticker 2: ZEEL.NS
2025-04-30 05:12:25,707 - INFO - Found sector Media for ZEEL.NS
2025-04-30 05:12:25,708 - INFO - Evaluating ZEEL.NS in sector Media (-0.79%)
2025-04-30 05:12:25,708 - INFO - Not trading ZEEL.NS - sector performance doesn't match strategy
2025-04-30 05:12:25,709 - INFO -   Transaction type: BUY
2025-04-30 05:12:25,709 - INFO -   Sector is_positive: False
2025-04-30 05:12:25,709 - INFO - Processing ticker 3: Lauraslabs.NS
2025-04-30 05:12:25,710 - WARNING - Could not find sector for Lauraslabs.NS in sector mapping
2025-04-30 05:12:25,710 - INFO - Processing ticker 4: ADANIENT.NS
2025-04-30 05:12:25,711 - INFO - Found sector Metal for ADANIENT.NS
2025-04-30 05:12:25,717 - INFO - Evaluating ADANIENT.NS in sector Metal (-0.95%)
2025-04-30 05:12:25,718 - INFO - Not trading ADANIENT.NS - sector performance doesn't match strategy
2025-04-30 05:12:25,718 - INFO -   Transaction type: BUY
2025-04-30 05:12:25,718 - INFO -   Sector is_positive: False
2025-04-30 05:12:25,719 - INFO - Processing ticker 5: IPCALAB.NS
2025-04-30 05:12:25,719 - INFO - Found sector Pharma for IPCALAB.NS
2025-04-30 05:12:25,720 - INFO - Evaluating IPCALAB.NS in sector Pharma (-1.06%)
2025-04-30 05:12:25,720 - INFO - Not trading IPCALAB.NS - sector performance doesn't match strategy
2025-04-30 05:12:25,720 - INFO -   Transaction type: BUY
2025-04-30 05:12:25,721 - INFO -   Sector is_positive: False
2025-04-30 05:12:25,721 - INFO - Processing ticker 6: RELIANCE.NS
2025-04-30 05:12:25,722 - INFO - Skipping RELIANCE.NS - already have an open position
2025-04-30 05:12:25,722 - INFO - Processing ticker 7: TIINDIA.NS
2025-04-30 05:12:25,722 - INFO - Skipping TIINDIA.NS - already have an open position
2025-04-30 05:12:25,723 - INFO - Processing ticker 8: SONACOMS.NS
2025-04-30 05:12:25,723 - INFO - Skipping SONACOMS.NS - already have an open position
2025-04-30 05:12:25,724 - INFO - Processing ticker 9: SAREGAMA.NS
2025-04-30 05:12:25,724 - INFO - Skipping SAREGAMA.NS - already have an open position
2025-04-30 05:12:25,725 - INFO - Ticker processing summary:
2025-04-30 05:12:25,725 - INFO -   Total tickers considered: 9
2025-04-30 05:12:25,725 - INFO -   Tickers with sector data: 4
2025-04-30 05:12:25,727 - INFO -   Tickers matching strategy: 0
2025-04-30 05:12:25,727 - INFO -   Tickers with security ID: 0
2025-04-30 05:12:25,727 - INFO -   Orders successfully placed: 0
2025-04-30 05:12:25,728 - INFO - New positions added: 0
2025-04-30 05:12:25,732 - INFO - Positions skipped: 9
2025-04-30 05:12:25,733 - INFO - Positions with errors: 0
2025-04-30 05:12:25,734 - INFO - 
==================================================
NEW OPPORTUNITIES PROCESSING COMPLETE
==================================================
2025-04-30 05:12:25,735 - INFO - 
==================================================
SECTOR PROCESSING COMPLETE
==================================================
2025-04-30 05:12:25,737 - INFO - Saved 4 positions to dhan_positions.json
2025-04-30 05:12:25,738 - INFO - 
==================================================
POSITIONS SUMMARY
==================================================
2025-04-30 05:12:25,739 - INFO - Current positions summary:
2025-04-30 05:12:25,739 - INFO -   Open BUY positions: 0
2025-04-30 05:12:25,740 - INFO -   Open SELL positions: 4
2025-04-30 05:12:25,740 - INFO -   Closed positions: 0
2025-04-30 05:12:25,740 - INFO -   Total positions: 4
2025-04-30 05:12:25,741 - INFO - Open positions:
2025-04-30 05:12:25,741 - INFO -   SELL RELIANCE.NS (Sector: Energy, Entry: 2025-04-30 05:01:34, Order ID: 212504306752, SL%: 1.0%, Target%: 1.0%)
2025-04-30 05:12:25,741 - INFO -   SELL TIINDIA.NS (Sector: Auto, Entry: 2025-04-30 05:01:46, Order ID: 512504306332, SL%: 1.0%, Target%: 1%)
2025-04-30 05:12:25,742 - INFO -   SELL SONACOMS.NS (Sector: Auto, Entry: 2025-04-30 05:01:59, Order ID: 412504306422, SL%: 1.0%, Target%: 1.0%)
2025-04-30 05:12:25,742 - INFO -   SELL SAREGAMA.NS (Sector: Media, Entry: 2025-04-30 05:02:11, Order ID: 412504306512, SL%: 1.0%, Target%: 1%)
2025-04-30 05:12:25,743 - INFO - 
==================================================
POSITIONS SUMMARY COMPLETE
==================================================
2025-04-30 05:12:25,744 - INFO - Trading cycle 21 completed
2025-04-30 05:12:25,744 - INFO - Waiting 30 seconds until next check at 05:12:55...
2025-04-30 05:12:25,745 - INFO - 
==================================================
CYCLE 21 COMPLETE
==================================================
2025-04-30 05:12:55,756 - INFO - 
==================================================
TRADING CYCLE 22
==================================================
2025-04-30 05:12:55,757 - INFO - Trading cycle 22 started at 2025-04-30 05:12:55
2025-04-30 05:12:55,758 - INFO - 
==================================================
READING SECTOR PERFORMANCE DATA
==================================================
2025-04-30 05:12:55,760 - INFO - Reading sector performance data from sector.csv
2025-04-30 05:12:55,762 - INFO - File last modified: 2025-04-30 05:12:49
2025-04-30 05:12:55,813 - INFO - Latest timestamp in data: 2025-04-30 05:12:49
2025-04-30 05:12:55,814 - INFO - Loaded data for 10 sectors
2025-04-30 05:12:55,814 - INFO - Sector performance details:
2025-04-30 05:12:55,816 - INFO -   IT: POSITIVE (1.23%)
2025-04-30 05:12:55,816 - INFO -   PSU Bank: NEGATIVE (-0.05%)
2025-04-30 05:12:55,817 - INFO -   Auto: NEGATIVE (-0.24%)
2025-04-30 05:12:55,817 - INFO -   FMCG: NEGATIVE (-0.26%)
2025-04-30 05:12:55,818 - INFO -   Realty: NEGATIVE (-0.26%)
2025-04-30 05:12:55,819 - INFO -   Energy: NEGATIVE (-0.29%)
2025-04-30 05:12:55,820 - INFO -   Financial Services: NEGATIVE (-0.37%)
2025-04-30 05:12:55,821 - INFO -   Media: NEGATIVE (-0.79%)
2025-04-30 05:12:55,821 - INFO -   Metal: NEGATIVE (-0.95%)
2025-04-30 05:12:55,822 - INFO -   Pharma: NEGATIVE (-1.06%)
2025-04-30 05:12:55,822 - INFO - 
==================================================
SECTOR DATA READ COMPLETE
==================================================
2025-04-30 05:12:55,823 - INFO - 
==================================================
PROCESSING SECTOR DATA
==================================================
2025-04-30 05:12:55,825 - INFO - Processed performance data for 10 sectors
2025-04-30 05:12:55,825 - INFO - Processing existing positions for potential exits...
2025-04-30 05:12:55,825 - INFO - 
==================================================
PROCESSING EXISTING POSITIONS
==================================================
2025-04-30 05:12:55,827 - INFO - Processing 4 existing positions
2025-04-30 05:12:55,827 - INFO - Checking position: SELL RELIANCE.NS (Sector: Energy)
2025-04-30 05:12:55,827 - INFO - SECURITY ID LOOKUP: Searching for RELIANCE.NS
2025-04-30 05:12:55,829 - INFO - Trying exact match for 'RELIANCE.NS'
2025-04-30 05:12:55,830 - INFO - FOUND EXACT MATCH: ID 2885 for RELIANCE.NS
2025-04-30 05:12:55,831 - INFO - Sector Energy is NEGATIVE with -0.29% change
2025-04-30 05:12:55,832 - INFO - Getting current market price for RELIANCE.NS
2025-04-30 05:12:55,832 - INFO - Failed to get quote using symbol: 'dhanhq' object has no attribute 'get_quote'
2025-04-30 05:12:55,832 - INFO - Failed to get LTP using security_id: 'dhanhq' object has no attribute 'get_ltp'
2025-04-30 05:12:55,833 - INFO - Failed to get price from candles: 'dhanhq' object has no attribute 'intraday_daily_minute_charts'
2025-04-30 05:12:55,833 - ERROR - Could not get current market price for RELIANCE.NS
2025-04-30 05:12:55,833 - WARNING - Could not get current market price for RELIANCE.NS
2025-04-30 05:12:55,834 - INFO - Checking position: SELL TIINDIA.NS (Sector: Auto)
2025-04-30 05:12:55,834 - INFO - SECURITY ID LOOKUP: Searching for TIINDIA.NS
2025-04-30 05:12:55,835 - INFO - Trying exact match for 'TIINDIA.NS'
2025-04-30 05:12:55,835 - INFO - FOUND EXACT MATCH: ID 312 for TIINDIA.NS
2025-04-30 05:12:55,835 - INFO - Sector Auto is NEGATIVE with -0.24% change
2025-04-30 05:12:55,836 - INFO - Getting current market price for TIINDIA.NS
2025-04-30 05:12:55,836 - INFO - Failed to get quote using symbol: 'dhanhq' object has no attribute 'get_quote'
2025-04-30 05:12:55,836 - INFO - Failed to get LTP using security_id: 'dhanhq' object has no attribute 'get_ltp'
2025-04-30 05:12:55,837 - INFO - Failed to get price from candles: 'dhanhq' object has no attribute 'intraday_daily_minute_charts'
2025-04-30 05:12:55,837 - ERROR - Could not get current market price for TIINDIA.NS
2025-04-30 05:12:55,837 - WARNING - Could not get current market price for TIINDIA.NS
2025-04-30 05:12:55,838 - INFO - Checking position: SELL SONACOMS.NS (Sector: Auto)
2025-04-30 05:12:55,838 - INFO - SECURITY ID LOOKUP: Searching for SONACOMS.NS
2025-04-30 05:12:55,838 - INFO - Trying exact match for 'SONACOMS.NS'
2025-04-30 05:12:55,838 - INFO - FOUND EXACT MATCH: ID 4684 for SONACOMS.NS
2025-04-30 05:12:55,839 - INFO - Sector Auto is NEGATIVE with -0.24% change
2025-04-30 05:12:55,839 - INFO - Getting current market price for SONACOMS.NS
2025-04-30 05:12:55,839 - INFO - Failed to get quote using symbol: 'dhanhq' object has no attribute 'get_quote'
2025-04-30 05:12:55,840 - INFO - Failed to get LTP using security_id: 'dhanhq' object has no attribute 'get_ltp'
2025-04-30 05:12:55,840 - INFO - Failed to get price from candles: 'dhanhq' object has no attribute 'intraday_daily_minute_charts'
2025-04-30 05:12:55,840 - ERROR - Could not get current market price for SONACOMS.NS
2025-04-30 05:12:55,841 - WARNING - Could not get current market price for SONACOMS.NS
2025-04-30 05:12:55,841 - INFO - Checking position: SELL SAREGAMA.NS (Sector: Media)
2025-04-30 05:12:55,842 - INFO - SECURITY ID LOOKUP: Searching for SAREGAMA.NS
2025-04-30 05:12:55,842 - INFO - Trying exact match for 'SAREGAMA.NS'
2025-04-30 05:12:55,842 - INFO - FOUND EXACT MATCH: ID 4892 for SAREGAMA.NS
2025-04-30 05:12:55,843 - INFO - Sector Media is NEGATIVE with -0.79% change
2025-04-30 05:12:55,843 - INFO - Getting current market price for SAREGAMA.NS
2025-04-30 05:12:55,843 - INFO - Failed to get quote using symbol: 'dhanhq' object has no attribute 'get_quote'
2025-04-30 05:12:55,845 - INFO - Failed to get LTP using security_id: 'dhanhq' object has no attribute 'get_ltp'
2025-04-30 05:12:55,845 - INFO - Failed to get price from candles: 'dhanhq' object has no attribute 'intraday_daily_minute_charts'
2025-04-30 05:12:55,847 - ERROR - Could not get current market price for SAREGAMA.NS
2025-04-30 05:12:55,847 - WARNING - Could not get current market price for SAREGAMA.NS
2025-04-30 05:12:55,848 - INFO - No positions needed to be exited
2025-04-30 05:12:55,848 - INFO - 
==================================================
POSITION PROCESSING COMPLETE
==================================================
2025-04-30 05:12:55,848 - INFO - Looking for new trading opportunities...
2025-04-30 05:12:55,849 - INFO - 
==================================================
FINDING NEW TRADING OPPORTUNITIES
==================================================
2025-04-30 05:12:55,850 - INFO - Found 9 active tickers out of 9 total
2025-04-30 05:12:55,850 - INFO - Processing tickers in order: ['SYNGENE.NS', 'ZEEL.NS', 'Lauraslabs.NS', 'ADANIENT.NS', 'IPCALAB.NS', 'RELIANCE.NS', 'TIINDIA.NS', 'SONACOMS.NS', 'SAREGAMA.NS']
2025-04-30 05:12:55,850 - INFO - Already have open positions for: ['RELIANCE.NS', 'TIINDIA.NS', 'SONACOMS.NS', 'SAREGAMA.NS']
2025-04-30 05:12:55,851 - INFO - Current sector performances:
2025-04-30 05:12:55,851 - INFO -   Sector IT: POSITIVE (1.23%)
2025-04-30 05:12:55,851 - INFO -   Sector PSU Bank: NEGATIVE (-0.05%)
2025-04-30 05:12:55,852 - INFO -   Sector Auto: NEGATIVE (-0.24%)
2025-04-30 05:12:55,852 - INFO -   Sector FMCG: NEGATIVE (-0.26%)
2025-04-30 05:12:55,852 - INFO -   Sector Realty: NEGATIVE (-0.26%)
2025-04-30 05:12:55,853 - INFO -   Sector Energy: NEGATIVE (-0.29%)
2025-04-30 05:12:55,853 - INFO -   Sector Financial Services: NEGATIVE (-0.37%)
2025-04-30 05:12:55,853 - INFO -   Sector Media: NEGATIVE (-0.79%)
2025-04-30 05:12:55,853 - INFO -   Sector Metal: NEGATIVE (-0.95%)
2025-04-30 05:12:55,854 - INFO -   Sector Pharma: NEGATIVE (-1.06%)
2025-04-30 05:12:55,854 - INFO - Processing ticker 1: SYNGENE.NS
2025-04-30 05:12:55,854 - INFO - Found sector Pharma for SYNGENE.NS
2025-04-30 05:12:55,854 - INFO - Evaluating SYNGENE.NS in sector Pharma (-1.06%)
2025-04-30 05:12:55,855 - INFO - Not trading SYNGENE.NS - sector performance doesn't match strategy
2025-04-30 05:12:55,855 - INFO -   Transaction type: BUY
2025-04-30 05:12:55,855 - INFO -   Sector is_positive: False
2025-04-30 05:12:55,855 - INFO - Processing ticker 2: ZEEL.NS
2025-04-30 05:12:55,855 - INFO - Found sector Media for ZEEL.NS
2025-04-30 05:12:55,856 - INFO - Evaluating ZEEL.NS in sector Media (-0.79%)
2025-04-30 05:12:55,856 - INFO - Not trading ZEEL.NS - sector performance doesn't match strategy
2025-04-30 05:12:55,856 - INFO -   Transaction type: BUY
2025-04-30 05:12:55,856 - INFO -   Sector is_positive: False
2025-04-30 05:12:55,857 - INFO - Processing ticker 3: Lauraslabs.NS
2025-04-30 05:12:55,857 - WARNING - Could not find sector for Lauraslabs.NS in sector mapping
2025-04-30 05:12:55,857 - INFO - Processing ticker 4: ADANIENT.NS
2025-04-30 05:12:55,858 - INFO - Found sector Metal for ADANIENT.NS
2025-04-30 05:12:55,858 - INFO - Evaluating ADANIENT.NS in sector Metal (-0.95%)
2025-04-30 05:12:55,859 - INFO - Not trading ADANIENT.NS - sector performance doesn't match strategy
2025-04-30 05:12:55,861 - INFO -   Transaction type: BUY
2025-04-30 05:12:55,864 - INFO -   Sector is_positive: False
2025-04-30 05:12:55,866 - INFO - Processing ticker 5: IPCALAB.NS
2025-04-30 05:12:55,866 - INFO - Found sector Pharma for IPCALAB.NS
2025-04-30 05:12:55,866 - INFO - Evaluating IPCALAB.NS in sector Pharma (-1.06%)
2025-04-30 05:12:55,867 - INFO - Not trading IPCALAB.NS - sector performance doesn't match strategy
2025-04-30 05:12:55,867 - INFO -   Transaction type: BUY
2025-04-30 05:12:55,867 - INFO -   Sector is_positive: False
2025-04-30 05:12:55,868 - INFO - Processing ticker 6: RELIANCE.NS
2025-04-30 05:12:55,868 - INFO - Skipping RELIANCE.NS - already have an open position
2025-04-30 05:12:55,868 - INFO - Processing ticker 7: TIINDIA.NS
2025-04-30 05:12:55,868 - INFO - Skipping TIINDIA.NS - already have an open position
2025-04-30 05:12:55,869 - INFO - Processing ticker 8: SONACOMS.NS
2025-04-30 05:12:55,869 - INFO - Skipping SONACOMS.NS - already have an open position
2025-04-30 05:12:55,870 - INFO - Processing ticker 9: SAREGAMA.NS
2025-04-30 05:12:55,870 - INFO - Skipping SAREGAMA.NS - already have an open position
2025-04-30 05:12:55,870 - INFO - Ticker processing summary:
2025-04-30 05:12:55,871 - INFO -   Total tickers considered: 9
2025-04-30 05:12:55,871 - INFO -   Tickers with sector data: 4
2025-04-30 05:12:55,871 - INFO -   Tickers matching strategy: 0
2025-04-30 05:12:55,871 - INFO -   Tickers with security ID: 0
2025-04-30 05:12:55,872 - INFO -   Orders successfully placed: 0
2025-04-30 05:12:55,872 - INFO - New positions added: 0
2025-04-30 05:12:55,872 - INFO - Positions skipped: 9
2025-04-30 05:12:55,873 - INFO - Positions with errors: 0
2025-04-30 05:12:55,873 - INFO - 
==================================================
NEW OPPORTUNITIES PROCESSING COMPLETE
==================================================
2025-04-30 05:12:55,873 - INFO - 
==================================================
SECTOR PROCESSING COMPLETE
==================================================
2025-04-30 05:12:55,875 - INFO - Saved 4 positions to dhan_positions.json
2025-04-30 05:12:55,875 - INFO - 
==================================================
POSITIONS SUMMARY
==================================================
2025-04-30 05:12:55,878 - INFO - Current positions summary:
2025-04-30 05:12:55,879 - INFO -   Open BUY positions: 0
2025-04-30 05:12:55,880 - INFO -   Open SELL positions: 4
2025-04-30 05:12:55,881 - INFO -   Closed positions: 0
2025-04-30 05:12:55,882 - INFO -   Total positions: 4
2025-04-30 05:12:55,882 - INFO - Open positions:
2025-04-30 05:12:55,883 - INFO -   SELL RELIANCE.NS (Sector: Energy, Entry: 2025-04-30 05:01:34, Order ID: 212504306752, SL%: 1.0%, Target%: 1.0%)
2025-04-30 05:12:55,883 - INFO -   SELL TIINDIA.NS (Sector: Auto, Entry: 2025-04-30 05:01:46, Order ID: 512504306332, SL%: 1.0%, Target%: 1%)
2025-04-30 05:12:55,883 - INFO -   SELL SONACOMS.NS (Sector: Auto, Entry: 2025-04-30 05:01:59, Order ID: 412504306422, SL%: 1.0%, Target%: 1.0%)
2025-04-30 05:12:55,883 - INFO -   SELL SAREGAMA.NS (Sector: Media, Entry: 2025-04-30 05:02:11, Order ID: 412504306512, SL%: 1.0%, Target%: 1%)
2025-04-30 05:12:55,884 - INFO - 
==================================================
POSITIONS SUMMARY COMPLETE
==================================================
2025-04-30 05:12:55,884 - INFO - Trading cycle 22 completed
2025-04-30 05:12:55,884 - INFO - Waiting 30 seconds until next check at 05:13:25...
2025-04-30 05:12:55,884 - INFO - 
==================================================
CYCLE 22 COMPLETE
==================================================
2025-04-30 05:13:25,887 - INFO - 
==================================================
TRADING CYCLE 23
==================================================
2025-04-30 05:13:25,888 - INFO - Trading cycle 23 started at 2025-04-30 05:13:25
2025-04-30 05:13:25,888 - INFO - 
==================================================
READING SECTOR PERFORMANCE DATA
==================================================
2025-04-30 05:13:25,888 - INFO - Reading sector performance data from sector.csv
2025-04-30 05:13:25,889 - INFO - File last modified: 2025-04-30 05:12:49
2025-04-30 05:13:25,891 - INFO - Latest timestamp in data: 2025-04-30 05:12:49
2025-04-30 05:13:25,892 - INFO - Loaded data for 10 sectors
2025-04-30 05:13:25,892 - INFO - Sector performance details:
2025-04-30 05:13:25,893 - INFO -   IT: POSITIVE (1.23%)
2025-04-30 05:13:25,893 - INFO -   PSU Bank: NEGATIVE (-0.05%)
2025-04-30 05:13:25,894 - INFO -   Auto: NEGATIVE (-0.24%)
2025-04-30 05:13:25,895 - INFO -   FMCG: NEGATIVE (-0.26%)
2025-04-30 05:13:25,896 - INFO -   Realty: NEGATIVE (-0.26%)
2025-04-30 05:13:25,898 - INFO -   Energy: NEGATIVE (-0.29%)
2025-04-30 05:13:25,901 - INFO -   Financial Services: NEGATIVE (-0.37%)
2025-04-30 05:13:25,902 - INFO -   Media: NEGATIVE (-0.79%)
2025-04-30 05:13:25,903 - INFO -   Metal: NEGATIVE (-0.95%)
2025-04-30 05:13:25,904 - INFO -   Pharma: NEGATIVE (-1.06%)
2025-04-30 05:13:25,904 - INFO - 
==================================================
SECTOR DATA READ COMPLETE
==================================================
2025-04-30 05:13:25,912 - INFO - 
==================================================
PROCESSING SECTOR DATA
==================================================
2025-04-30 05:13:25,916 - INFO - Processed performance data for 10 sectors
2025-04-30 05:13:25,917 - INFO - Processing existing positions for potential exits...
2025-04-30 05:13:25,918 - INFO - 
==================================================
PROCESSING EXISTING POSITIONS
==================================================
2025-04-30 05:13:25,919 - INFO - Processing 4 existing positions
2025-04-30 05:13:25,919 - INFO - Checking position: SELL RELIANCE.NS (Sector: Energy)
2025-04-30 05:13:25,920 - INFO - SECURITY ID LOOKUP: Searching for RELIANCE.NS
2025-04-30 05:13:25,920 - INFO - Trying exact match for 'RELIANCE.NS'
2025-04-30 05:13:25,921 - INFO - FOUND EXACT MATCH: ID 2885 for RELIANCE.NS
2025-04-30 05:13:25,922 - INFO - Sector Energy is NEGATIVE with -0.29% change
2025-04-30 05:13:25,923 - INFO - Getting current market price for RELIANCE.NS
2025-04-30 05:13:25,923 - INFO - Failed to get quote using symbol: 'dhanhq' object has no attribute 'get_quote'
2025-04-30 05:13:25,924 - INFO - Failed to get LTP using security_id: 'dhanhq' object has no attribute 'get_ltp'
2025-04-30 05:13:25,925 - INFO - Failed to get price from candles: 'dhanhq' object has no attribute 'intraday_daily_minute_charts'
2025-04-30 05:13:25,928 - ERROR - Could not get current market price for RELIANCE.NS
2025-04-30 05:13:25,930 - WARNING - Could not get current market price for RELIANCE.NS
2025-04-30 05:13:25,930 - INFO - Checking position: SELL TIINDIA.NS (Sector: Auto)
2025-04-30 05:13:25,931 - INFO - SECURITY ID LOOKUP: Searching for TIINDIA.NS
2025-04-30 05:13:25,931 - INFO - Trying exact match for 'TIINDIA.NS'
2025-04-30 05:13:25,931 - INFO - FOUND EXACT MATCH: ID 312 for TIINDIA.NS
2025-04-30 05:13:25,932 - INFO - Sector Auto is NEGATIVE with -0.24% change
2025-04-30 05:13:25,932 - INFO - Getting current market price for TIINDIA.NS
2025-04-30 05:13:25,932 - INFO - Failed to get quote using symbol: 'dhanhq' object has no attribute 'get_quote'
2025-04-30 05:13:25,933 - INFO - Failed to get LTP using security_id: 'dhanhq' object has no attribute 'get_ltp'
2025-04-30 05:13:25,933 - INFO - Failed to get price from candles: 'dhanhq' object has no attribute 'intraday_daily_minute_charts'
2025-04-30 05:13:25,933 - ERROR - Could not get current market price for TIINDIA.NS
2025-04-30 05:13:25,934 - WARNING - Could not get current market price for TIINDIA.NS
2025-04-30 05:13:25,934 - INFO - Checking position: SELL SONACOMS.NS (Sector: Auto)
2025-04-30 05:13:25,934 - INFO - SECURITY ID LOOKUP: Searching for SONACOMS.NS
2025-04-30 05:13:25,934 - INFO - Trying exact match for 'SONACOMS.NS'
2025-04-30 05:13:25,935 - INFO - FOUND EXACT MATCH: ID 4684 for SONACOMS.NS
2025-04-30 05:13:25,935 - INFO - Sector Auto is NEGATIVE with -0.24% change
2025-04-30 05:13:25,935 - INFO - Getting current market price for SONACOMS.NS
2025-04-30 05:13:25,936 - INFO - Failed to get quote using symbol: 'dhanhq' object has no attribute 'get_quote'
2025-04-30 05:13:25,936 - INFO - Failed to get LTP using security_id: 'dhanhq' object has no attribute 'get_ltp'
2025-04-30 05:13:25,936 - INFO - Failed to get price from candles: 'dhanhq' object has no attribute 'intraday_daily_minute_charts'
2025-04-30 05:13:25,936 - ERROR - Could not get current market price for SONACOMS.NS
2025-04-30 05:13:25,937 - WARNING - Could not get current market price for SONACOMS.NS
2025-04-30 05:13:25,937 - INFO - Checking position: SELL SAREGAMA.NS (Sector: Media)
2025-04-30 05:13:25,937 - INFO - SECURITY ID LOOKUP: Searching for SAREGAMA.NS
2025-04-30 05:13:25,937 - INFO - Trying exact match for 'SAREGAMA.NS'
2025-04-30 05:13:25,938 - INFO - FOUND EXACT MATCH: ID 4892 for SAREGAMA.NS
2025-04-30 05:13:25,938 - INFO - Sector Media is NEGATIVE with -0.79% change
2025-04-30 05:13:25,939 - INFO - Getting current market price for SAREGAMA.NS
2025-04-30 05:13:25,939 - INFO - Failed to get quote using symbol: 'dhanhq' object has no attribute 'get_quote'
2025-04-30 05:13:25,939 - INFO - Failed to get LTP using security_id: 'dhanhq' object has no attribute 'get_ltp'
2025-04-30 05:13:25,940 - INFO - Failed to get price from candles: 'dhanhq' object has no attribute 'intraday_daily_minute_charts'
2025-04-30 05:13:25,940 - ERROR - Could not get current market price for SAREGAMA.NS
2025-04-30 05:13:25,940 - WARNING - Could not get current market price for SAREGAMA.NS
2025-04-30 05:13:25,941 - INFO - No positions needed to be exited
2025-04-30 05:13:25,942 - INFO - 
==================================================
POSITION PROCESSING COMPLETE
==================================================
2025-04-30 05:13:25,945 - INFO - Looking for new trading opportunities...
2025-04-30 05:13:25,945 - INFO - 
==================================================
FINDING NEW TRADING OPPORTUNITIES
==================================================
2025-04-30 05:13:25,945 - INFO - Found 9 active tickers out of 9 total
2025-04-30 05:13:25,946 - INFO - Processing tickers in order: ['SYNGENE.NS', 'ZEEL.NS', 'Lauraslabs.NS', 'ADANIENT.NS', 'IPCALAB.NS', 'RELIANCE.NS', 'TIINDIA.NS', 'SONACOMS.NS', 'SAREGAMA.NS']
2025-04-30 05:13:25,946 - INFO - Already have open positions for: ['RELIANCE.NS', 'TIINDIA.NS', 'SONACOMS.NS', 'SAREGAMA.NS']
2025-04-30 05:13:25,946 - INFO - Current sector performances:
2025-04-30 05:13:25,946 - INFO -   Sector IT: POSITIVE (1.23%)
2025-04-30 05:13:25,947 - INFO -   Sector PSU Bank: NEGATIVE (-0.05%)
2025-04-30 05:13:25,947 - INFO -   Sector Auto: NEGATIVE (-0.24%)
2025-04-30 05:13:25,947 - INFO -   Sector FMCG: NEGATIVE (-0.26%)
2025-04-30 05:13:25,947 - INFO -   Sector Realty: NEGATIVE (-0.26%)
2025-04-30 05:13:25,948 - INFO -   Sector Energy: NEGATIVE (-0.29%)
2025-04-30 05:13:25,948 - INFO -   Sector Financial Services: NEGATIVE (-0.37%)
2025-04-30 05:13:25,948 - INFO -   Sector Media: NEGATIVE (-0.79%)
2025-04-30 05:13:25,949 - INFO -   Sector Metal: NEGATIVE (-0.95%)
2025-04-30 05:13:25,949 - INFO -   Sector Pharma: NEGATIVE (-1.06%)
2025-04-30 05:13:25,949 - INFO - Processing ticker 1: SYNGENE.NS
2025-04-30 05:13:25,949 - INFO - Found sector Pharma for SYNGENE.NS
2025-04-30 05:13:25,950 - INFO - Evaluating SYNGENE.NS in sector Pharma (-1.06%)
2025-04-30 05:13:25,950 - INFO - Not trading SYNGENE.NS - sector performance doesn't match strategy
2025-04-30 05:13:25,950 - INFO -   Transaction type: BUY
2025-04-30 05:13:25,951 - INFO -   Sector is_positive: False
2025-04-30 05:13:25,951 - INFO - Processing ticker 2: ZEEL.NS
2025-04-30 05:13:25,951 - INFO - Found sector Media for ZEEL.NS
2025-04-30 05:13:25,951 - INFO - Evaluating ZEEL.NS in sector Media (-0.79%)
2025-04-30 05:13:25,952 - INFO - Not trading ZEEL.NS - sector performance doesn't match strategy
2025-04-30 05:13:25,952 - INFO -   Transaction type: BUY
2025-04-30 05:13:25,952 - INFO -   Sector is_positive: False
2025-04-30 05:13:25,952 - INFO - Processing ticker 3: Lauraslabs.NS
2025-04-30 05:13:25,953 - WARNING - Could not find sector for Lauraslabs.NS in sector mapping
2025-04-30 05:13:25,953 - INFO - Processing ticker 4: ADANIENT.NS
2025-04-30 05:13:25,953 - INFO - Found sector Metal for ADANIENT.NS
2025-04-30 05:13:25,953 - INFO - Evaluating ADANIENT.NS in sector Metal (-0.95%)
2025-04-30 05:13:25,954 - INFO - Not trading ADANIENT.NS - sector performance doesn't match strategy
2025-04-30 05:13:25,954 - INFO -   Transaction type: BUY
2025-04-30 05:13:25,954 - INFO -   Sector is_positive: False
2025-04-30 05:13:25,955 - INFO - Processing ticker 5: IPCALAB.NS
2025-04-30 05:13:25,955 - INFO - Found sector Pharma for IPCALAB.NS
2025-04-30 05:13:25,955 - INFO - Evaluating IPCALAB.NS in sector Pharma (-1.06%)
2025-04-30 05:13:25,955 - INFO - Not trading IPCALAB.NS - sector performance doesn't match strategy
2025-04-30 05:13:25,956 - INFO -   Transaction type: BUY
2025-04-30 05:13:25,956 - INFO -   Sector is_positive: False
2025-04-30 05:13:25,957 - INFO - Processing ticker 6: RELIANCE.NS
2025-04-30 05:13:25,960 - INFO - Skipping RELIANCE.NS - already have an open position
2025-04-30 05:13:25,961 - INFO - Processing ticker 7: TIINDIA.NS
2025-04-30 05:13:25,961 - INFO - Skipping TIINDIA.NS - already have an open position
2025-04-30 05:13:25,962 - INFO - Processing ticker 8: SONACOMS.NS
2025-04-30 05:13:25,962 - INFO - Skipping SONACOMS.NS - already have an open position
2025-04-30 05:13:25,962 - INFO - Processing ticker 9: SAREGAMA.NS
2025-04-30 05:13:25,962 - INFO - Skipping SAREGAMA.NS - already have an open position
2025-04-30 05:13:25,963 - INFO - Ticker processing summary:
2025-04-30 05:13:25,963 - INFO -   Total tickers considered: 9
2025-04-30 05:13:25,963 - INFO -   Tickers with sector data: 4
2025-04-30 05:13:25,963 - INFO -   Tickers matching strategy: 0
2025-04-30 05:13:25,964 - INFO -   Tickers with security ID: 0
2025-04-30 05:13:25,964 - INFO -   Orders successfully placed: 0
2025-04-30 05:13:25,964 - INFO - New positions added: 0
2025-04-30 05:13:25,965 - INFO - Positions skipped: 9
2025-04-30 05:13:25,965 - INFO - Positions with errors: 0
2025-04-30 05:13:25,965 - INFO - 
==================================================
NEW OPPORTUNITIES PROCESSING COMPLETE
==================================================
2025-04-30 05:13:25,966 - INFO - 
==================================================
SECTOR PROCESSING COMPLETE
==================================================
2025-04-30 05:13:25,967 - INFO - Saved 4 positions to dhan_positions.json
2025-04-30 05:13:25,968 - INFO - 
==================================================
POSITIONS SUMMARY
==================================================
2025-04-30 05:13:25,969 - INFO - Current positions summary:
2025-04-30 05:13:25,969 - INFO -   Open BUY positions: 0
2025-04-30 05:13:25,969 - INFO -   Open SELL positions: 4
2025-04-30 05:13:25,970 - INFO -   Closed positions: 0
2025-04-30 05:13:25,970 - INFO -   Total positions: 4
2025-04-30 05:13:25,970 - INFO - Open positions:
2025-04-30 05:13:25,971 - INFO -   SELL RELIANCE.NS (Sector: Energy, Entry: 2025-04-30 05:01:34, Order ID: 212504306752, SL%: 1.0%, Target%: 1.0%)
2025-04-30 05:13:25,971 - INFO -   SELL TIINDIA.NS (Sector: Auto, Entry: 2025-04-30 05:01:46, Order ID: 512504306332, SL%: 1.0%, Target%: 1%)
2025-04-30 05:13:25,971 - INFO -   SELL SONACOMS.NS (Sector: Auto, Entry: 2025-04-30 05:01:59, Order ID: 412504306422, SL%: 1.0%, Target%: 1.0%)
2025-04-30 05:13:25,971 - INFO -   SELL SAREGAMA.NS (Sector: Media, Entry: 2025-04-30 05:02:11, Order ID: 412504306512, SL%: 1.0%, Target%: 1%)
2025-04-30 05:13:25,972 - INFO - 
==================================================
POSITIONS SUMMARY COMPLETE
==================================================
2025-04-30 05:13:25,972 - INFO - Trading cycle 23 completed
2025-04-30 05:13:25,973 - INFO - Waiting 30 seconds until next check at 05:13:55...
2025-04-30 05:13:25,975 - INFO - 
==================================================
CYCLE 23 COMPLETE
==================================================
2025-04-30 05:13:56,001 - INFO - 
==================================================
TRADING CYCLE 24
==================================================
2025-04-30 05:13:56,044 - INFO - Trading cycle 24 started at 2025-04-30 05:13:56
2025-04-30 05:13:56,074 - INFO - 
==================================================
READING SECTOR PERFORMANCE DATA
==================================================
2025-04-30 05:13:56,079 - INFO - Reading sector performance data from sector.csv
2025-04-30 05:13:56,080 - INFO - File last modified: 2025-04-30 05:12:49
2025-04-30 05:13:56,083 - INFO - Latest timestamp in data: 2025-04-30 05:12:49
2025-04-30 05:13:56,084 - INFO - Loaded data for 10 sectors
2025-04-30 05:13:56,090 - INFO - Sector performance details:
2025-04-30 05:13:56,093 - INFO -   IT: POSITIVE (1.23%)
2025-04-30 05:13:56,095 - INFO -   PSU Bank: NEGATIVE (-0.05%)
2025-04-30 05:13:56,096 - INFO -   Auto: NEGATIVE (-0.24%)
2025-04-30 05:13:56,111 - INFO -   FMCG: NEGATIVE (-0.26%)
2025-04-30 05:13:56,117 - INFO -   Realty: NEGATIVE (-0.26%)
2025-04-30 05:13:56,145 - INFO -   Energy: NEGATIVE (-0.29%)
2025-04-30 05:13:56,168 - INFO -   Financial Services: NEGATIVE (-0.37%)
2025-04-30 05:13:56,179 - INFO -   Media: NEGATIVE (-0.79%)
2025-04-30 05:13:56,200 - INFO -   Metal: NEGATIVE (-0.95%)
2025-04-30 05:13:56,225 - INFO -   Pharma: NEGATIVE (-1.06%)
2025-04-30 05:13:56,226 - INFO - 
==================================================
SECTOR DATA READ COMPLETE
==================================================
2025-04-30 05:13:56,227 - INFO - 
==================================================
PROCESSING SECTOR DATA
==================================================
2025-04-30 05:13:56,229 - INFO - Processed performance data for 10 sectors
2025-04-30 05:13:56,229 - INFO - Processing existing positions for potential exits...
2025-04-30 05:13:56,229 - INFO - 
==================================================
PROCESSING EXISTING POSITIONS
==================================================
2025-04-30 05:13:56,232 - INFO - Processing 4 existing positions
2025-04-30 05:13:56,232 - INFO - Checking position: SELL RELIANCE.NS (Sector: Energy)
2025-04-30 05:13:56,233 - INFO - SECURITY ID LOOKUP: Searching for RELIANCE.NS
2025-04-30 05:13:56,233 - INFO - Trying exact match for 'RELIANCE.NS'
2025-04-30 05:13:56,233 - INFO - FOUND EXACT MATCH: ID 2885 for RELIANCE.NS
2025-04-30 05:13:56,234 - INFO - Sector Energy is NEGATIVE with -0.29% change
2025-04-30 05:13:56,234 - INFO - Getting current market price for RELIANCE.NS
2025-04-30 05:13:56,235 - INFO - Failed to get quote using symbol: 'dhanhq' object has no attribute 'get_quote'
2025-04-30 05:13:56,240 - INFO - Failed to get LTP using security_id: 'dhanhq' object has no attribute 'get_ltp'
2025-04-30 05:13:56,242 - INFO - Failed to get price from candles: 'dhanhq' object has no attribute 'intraday_daily_minute_charts'
2025-04-30 05:13:56,243 - ERROR - Could not get current market price for RELIANCE.NS
2025-04-30 05:13:56,243 - WARNING - Could not get current market price for RELIANCE.NS
2025-04-30 05:13:56,244 - INFO - Checking position: SELL TIINDIA.NS (Sector: Auto)
2025-04-30 05:13:56,244 - INFO - SECURITY ID LOOKUP: Searching for TIINDIA.NS
2025-04-30 05:13:56,245 - INFO - Trying exact match for 'TIINDIA.NS'
2025-04-30 05:13:56,245 - INFO - FOUND EXACT MATCH: ID 312 for TIINDIA.NS
2025-04-30 05:13:56,246 - INFO - Sector Auto is NEGATIVE with -0.24% change
2025-04-30 05:13:56,246 - INFO - Getting current market price for TIINDIA.NS
2025-04-30 05:13:56,246 - INFO - Failed to get quote using symbol: 'dhanhq' object has no attribute 'get_quote'
2025-04-30 05:13:56,247 - INFO - Failed to get LTP using security_id: 'dhanhq' object has no attribute 'get_ltp'
2025-04-30 05:13:56,247 - INFO - Failed to get price from candles: 'dhanhq' object has no attribute 'intraday_daily_minute_charts'
2025-04-30 05:13:56,247 - ERROR - Could not get current market price for TIINDIA.NS
2025-04-30 05:13:56,248 - WARNING - Could not get current market price for TIINDIA.NS
2025-04-30 05:13:56,248 - INFO - Checking position: SELL SONACOMS.NS (Sector: Auto)
2025-04-30 05:13:56,248 - INFO - SECURITY ID LOOKUP: Searching for SONACOMS.NS
2025-04-30 05:13:56,249 - INFO - Trying exact match for 'SONACOMS.NS'
2025-04-30 05:13:56,249 - INFO - FOUND EXACT MATCH: ID 4684 for SONACOMS.NS
2025-04-30 05:13:56,249 - INFO - Sector Auto is NEGATIVE with -0.24% change
2025-04-30 05:13:56,250 - INFO - Getting current market price for SONACOMS.NS
2025-04-30 05:13:56,250 - INFO - Failed to get quote using symbol: 'dhanhq' object has no attribute 'get_quote'
2025-04-30 05:13:56,250 - INFO - Failed to get LTP using security_id: 'dhanhq' object has no attribute 'get_ltp'
2025-04-30 05:13:56,257 - INFO - Failed to get price from candles: 'dhanhq' object has no attribute 'intraday_daily_minute_charts'
2025-04-30 05:13:56,259 - ERROR - Could not get current market price for SONACOMS.NS
2025-04-30 05:13:56,259 - WARNING - Could not get current market price for SONACOMS.NS
2025-04-30 05:13:56,260 - INFO - Checking position: SELL SAREGAMA.NS (Sector: Media)
2025-04-30 05:13:56,261 - INFO - SECURITY ID LOOKUP: Searching for SAREGAMA.NS
2025-04-30 05:13:56,262 - INFO - Trying exact match for 'SAREGAMA.NS'
2025-04-30 05:13:56,272 - INFO - FOUND EXACT MATCH: ID 4892 for SAREGAMA.NS
2025-04-30 05:13:56,275 - INFO - Sector Media is NEGATIVE with -0.79% change
2025-04-30 05:13:56,276 - INFO - Getting current market price for SAREGAMA.NS
2025-04-30 05:13:56,277 - INFO - Failed to get quote using symbol: 'dhanhq' object has no attribute 'get_quote'
2025-04-30 05:13:56,277 - INFO - Failed to get LTP using security_id: 'dhanhq' object has no attribute 'get_ltp'
2025-04-30 05:13:56,277 - INFO - Failed to get price from candles: 'dhanhq' object has no attribute 'intraday_daily_minute_charts'
2025-04-30 05:13:56,278 - ERROR - Could not get current market price for SAREGAMA.NS
2025-04-30 05:13:56,278 - WARNING - Could not get current market price for SAREGAMA.NS
2025-04-30 05:13:56,278 - INFO - No positions needed to be exited
2025-04-30 05:13:56,279 - INFO - 
==================================================
POSITION PROCESSING COMPLETE
==================================================
2025-04-30 05:13:56,279 - INFO - Looking for new trading opportunities...
2025-04-30 05:13:56,280 - INFO - 
==================================================
FINDING NEW TRADING OPPORTUNITIES
==================================================
2025-04-30 05:13:56,281 - INFO - Found 9 active tickers out of 9 total
2025-04-30 05:13:56,281 - INFO - Processing tickers in order: ['SYNGENE.NS', 'ZEEL.NS', 'Lauraslabs.NS', 'ADANIENT.NS', 'IPCALAB.NS', 'RELIANCE.NS', 'TIINDIA.NS', 'SONACOMS.NS', 'SAREGAMA.NS']
2025-04-30 05:13:56,281 - INFO - Already have open positions for: ['RELIANCE.NS', 'TIINDIA.NS', 'SONACOMS.NS', 'SAREGAMA.NS']
2025-04-30 05:13:56,282 - INFO - Current sector performances:
2025-04-30 05:13:56,282 - INFO -   Sector IT: POSITIVE (1.23%)
2025-04-30 05:13:56,283 - INFO -   Sector PSU Bank: NEGATIVE (-0.05%)
2025-04-30 05:13:56,283 - INFO -   Sector Auto: NEGATIVE (-0.24%)
2025-04-30 05:13:56,283 - INFO -   Sector FMCG: NEGATIVE (-0.26%)
2025-04-30 05:13:56,284 - INFO -   Sector Realty: NEGATIVE (-0.26%)
2025-04-30 05:13:56,284 - INFO -   Sector Energy: NEGATIVE (-0.29%)
2025-04-30 05:13:56,284 - INFO -   Sector Financial Services: NEGATIVE (-0.37%)
2025-04-30 05:13:56,285 - INFO -   Sector Media: NEGATIVE (-0.79%)
2025-04-30 05:13:56,285 - INFO -   Sector Metal: NEGATIVE (-0.95%)
2025-04-30 05:13:56,285 - INFO -   Sector Pharma: NEGATIVE (-1.06%)
2025-04-30 05:13:56,285 - INFO - Processing ticker 1: SYNGENE.NS
2025-04-30 05:13:56,291 - INFO - Found sector Pharma for SYNGENE.NS
2025-04-30 05:13:56,292 - INFO - Evaluating SYNGENE.NS in sector Pharma (-1.06%)
2025-04-30 05:13:56,292 - INFO - Not trading SYNGENE.NS - sector performance doesn't match strategy
2025-04-30 05:13:56,293 - INFO -   Transaction type: BUY
2025-04-30 05:13:56,294 - INFO -   Sector is_positive: False
2025-04-30 05:13:56,294 - INFO - Processing ticker 2: ZEEL.NS
2025-04-30 05:13:56,294 - INFO - Found sector Media for ZEEL.NS
2025-04-30 05:13:56,295 - INFO - Evaluating ZEEL.NS in sector Media (-0.79%)
2025-04-30 05:13:56,295 - INFO - Not trading ZEEL.NS - sector performance doesn't match strategy
2025-04-30 05:13:56,295 - INFO -   Transaction type: BUY
2025-04-30 05:13:56,296 - INFO -   Sector is_positive: False
2025-04-30 05:13:56,296 - INFO - Processing ticker 3: Lauraslabs.NS
2025-04-30 05:13:56,296 - WARNING - Could not find sector for Lauraslabs.NS in sector mapping
2025-04-30 05:13:56,297 - INFO - Processing ticker 4: ADANIENT.NS
2025-04-30 05:13:56,297 - INFO - Found sector Metal for ADANIENT.NS
2025-04-30 05:13:56,298 - INFO - Evaluating ADANIENT.NS in sector Metal (-0.95%)
2025-04-30 05:13:56,299 - INFO - Not trading ADANIENT.NS - sector performance doesn't match strategy
2025-04-30 05:13:56,299 - INFO -   Transaction type: BUY
2025-04-30 05:13:56,300 - INFO -   Sector is_positive: False
2025-04-30 05:13:56,300 - INFO - Processing ticker 5: IPCALAB.NS
2025-04-30 05:13:56,300 - INFO - Found sector Pharma for IPCALAB.NS
2025-04-30 05:13:56,301 - INFO - Evaluating IPCALAB.NS in sector Pharma (-1.06%)
2025-04-30 05:13:56,301 - INFO - Not trading IPCALAB.NS - sector performance doesn't match strategy
2025-04-30 05:13:56,302 - INFO -   Transaction type: BUY
2025-04-30 05:13:56,307 - INFO -   Sector is_positive: False
2025-04-30 05:13:56,309 - INFO - Processing ticker 6: RELIANCE.NS
2025-04-30 05:13:56,309 - INFO - Skipping RELIANCE.NS - already have an open position
2025-04-30 05:13:56,309 - INFO - Processing ticker 7: TIINDIA.NS
2025-04-30 05:13:56,310 - INFO - Skipping TIINDIA.NS - already have an open position
2025-04-30 05:13:56,310 - INFO - Processing ticker 8: SONACOMS.NS
2025-04-30 05:13:56,310 - INFO - Skipping SONACOMS.NS - already have an open position
2025-04-30 05:13:56,311 - INFO - Processing ticker 9: SAREGAMA.NS
2025-04-30 05:13:56,311 - INFO - Skipping SAREGAMA.NS - already have an open position
2025-04-30 05:13:56,311 - INFO - Ticker processing summary:
2025-04-30 05:13:56,312 - INFO -   Total tickers considered: 9
2025-04-30 05:13:56,312 - INFO -   Tickers with sector data: 4
2025-04-30 05:13:56,313 - INFO -   Tickers matching strategy: 0
2025-04-30 05:13:56,313 - INFO -   Tickers with security ID: 0
2025-04-30 05:13:56,313 - INFO -   Orders successfully placed: 0
2025-04-30 05:13:56,314 - INFO - New positions added: 0
2025-04-30 05:13:56,314 - INFO - Positions skipped: 9
2025-04-30 05:13:56,314 - INFO - Positions with errors: 0
2025-04-30 05:13:56,315 - INFO - 
==================================================
NEW OPPORTUNITIES PROCESSING COMPLETE
==================================================
2025-04-30 05:13:56,316 - INFO - 
==================================================
SECTOR PROCESSING COMPLETE
==================================================
2025-04-30 05:13:56,318 - INFO - Saved 4 positions to dhan_positions.json
2025-04-30 05:13:56,324 - INFO - 
==================================================
POSITIONS SUMMARY
==================================================
2025-04-30 05:13:56,326 - INFO - Current positions summary:
2025-04-30 05:13:56,326 - INFO -   Open BUY positions: 0
2025-04-30 05:13:56,327 - INFO -   Open SELL positions: 4
2025-04-30 05:13:56,327 - INFO -   Closed positions: 0
2025-04-30 05:13:56,327 - INFO -   Total positions: 4
2025-04-30 05:13:56,328 - INFO - Open positions:
2025-04-30 05:13:56,328 - INFO -   SELL RELIANCE.NS (Sector: Energy, Entry: 2025-04-30 05:01:34, Order ID: 212504306752, SL%: 1.0%, Target%: 1.0%)
2025-04-30 05:13:56,330 - INFO -   SELL TIINDIA.NS (Sector: Auto, Entry: 2025-04-30 05:01:46, Order ID: 512504306332, SL%: 1.0%, Target%: 1%)
2025-04-30 05:13:56,331 - INFO -   SELL SONACOMS.NS (Sector: Auto, Entry: 2025-04-30 05:01:59, Order ID: 412504306422, SL%: 1.0%, Target%: 1.0%)
2025-04-30 05:13:56,331 - INFO -   SELL SAREGAMA.NS (Sector: Media, Entry: 2025-04-30 05:02:11, Order ID: 412504306512, SL%: 1.0%, Target%: 1%)
2025-04-30 05:13:56,332 - INFO - 
==================================================
POSITIONS SUMMARY COMPLETE
==================================================
2025-04-30 05:13:56,332 - INFO - Trading cycle 24 completed
2025-04-30 05:13:56,333 - INFO - Waiting 30 seconds until next check at 05:14:26...
2025-04-30 05:13:56,333 - INFO - 
==================================================
CYCLE 24 COMPLETE
==================================================
2025-04-30 05:14:26,339 - INFO - 
==================================================
TRADING CYCLE 25
==================================================
2025-04-30 05:14:26,341 - INFO - Trading cycle 25 started at 2025-04-30 05:14:26
2025-04-30 05:14:26,341 - INFO - 
==================================================
READING SECTOR PERFORMANCE DATA
==================================================
2025-04-30 05:14:26,343 - INFO - Reading sector performance data from sector.csv
2025-04-30 05:14:26,344 - INFO - File last modified: 2025-04-30 05:12:49
2025-04-30 05:14:26,350 - INFO - Latest timestamp in data: 2025-04-30 05:12:49
2025-04-30 05:14:26,353 - INFO - Loaded data for 10 sectors
2025-04-30 05:14:26,353 - INFO - Sector performance details:
2025-04-30 05:14:26,355 - INFO -   IT: POSITIVE (1.23%)
2025-04-30 05:14:26,357 - INFO -   PSU Bank: NEGATIVE (-0.05%)
2025-04-30 05:14:26,357 - INFO -   Auto: NEGATIVE (-0.24%)
2025-04-30 05:14:26,358 - INFO -   FMCG: NEGATIVE (-0.26%)
2025-04-30 05:14:26,359 - INFO -   Realty: NEGATIVE (-0.26%)
2025-04-30 05:14:26,360 - INFO -   Energy: NEGATIVE (-0.29%)
2025-04-30 05:14:26,361 - INFO -   Financial Services: NEGATIVE (-0.37%)
2025-04-30 05:14:26,363 - INFO -   Media: NEGATIVE (-0.79%)
2025-04-30 05:14:26,363 - INFO -   Metal: NEGATIVE (-0.95%)
2025-04-30 05:14:26,364 - INFO -   Pharma: NEGATIVE (-1.06%)
2025-04-30 05:14:26,365 - INFO - 
==================================================
SECTOR DATA READ COMPLETE
==================================================
2025-04-30 05:14:26,366 - INFO - 
==================================================
PROCESSING SECTOR DATA
==================================================
2025-04-30 05:14:26,375 - INFO - Processed performance data for 10 sectors
2025-04-30 05:14:26,375 - INFO - Processing existing positions for potential exits...
2025-04-30 05:14:26,376 - INFO - 
==================================================
PROCESSING EXISTING POSITIONS
==================================================
2025-04-30 05:14:26,377 - INFO - Processing 4 existing positions
2025-04-30 05:14:26,378 - INFO - Checking position: SELL RELIANCE.NS (Sector: Energy)
2025-04-30 05:14:26,378 - INFO - SECURITY ID LOOKUP: Searching for RELIANCE.NS
2025-04-30 05:14:26,378 - INFO - Trying exact match for 'RELIANCE.NS'
2025-04-30 05:14:26,379 - INFO - FOUND EXACT MATCH: ID 2885 for RELIANCE.NS
2025-04-30 05:14:26,379 - INFO - Sector Energy is NEGATIVE with -0.29% change
2025-04-30 05:14:26,379 - INFO - Getting current market price for RELIANCE.NS
2025-04-30 05:14:26,380 - INFO - Failed to get quote using symbol: 'dhanhq' object has no attribute 'get_quote'
2025-04-30 05:14:26,380 - INFO - Failed to get LTP using security_id: 'dhanhq' object has no attribute 'get_ltp'
2025-04-30 05:14:26,380 - INFO - Failed to get price from candles: 'dhanhq' object has no attribute 'intraday_daily_minute_charts'
2025-04-30 05:14:26,381 - ERROR - Could not get current market price for RELIANCE.NS
2025-04-30 05:14:26,381 - WARNING - Could not get current market price for RELIANCE.NS
2025-04-30 05:14:26,381 - INFO - Checking position: SELL TIINDIA.NS (Sector: Auto)
2025-04-30 05:14:26,382 - INFO - SECURITY ID LOOKUP: Searching for TIINDIA.NS
2025-04-30 05:14:26,382 - INFO - Trying exact match for 'TIINDIA.NS'
2025-04-30 05:14:26,384 - INFO - FOUND EXACT MATCH: ID 312 for TIINDIA.NS
2025-04-30 05:14:26,386 - INFO - Sector Auto is NEGATIVE with -0.24% change
2025-04-30 05:14:26,387 - INFO - Getting current market price for TIINDIA.NS
2025-04-30 05:14:26,387 - INFO - Failed to get quote using symbol: 'dhanhq' object has no attribute 'get_quote'
2025-04-30 05:14:26,387 - INFO - Failed to get LTP using security_id: 'dhanhq' object has no attribute 'get_ltp'
2025-04-30 05:14:26,388 - INFO - Failed to get price from candles: 'dhanhq' object has no attribute 'intraday_daily_minute_charts'
2025-04-30 05:14:26,388 - ERROR - Could not get current market price for TIINDIA.NS
2025-04-30 05:14:26,388 - WARNING - Could not get current market price for TIINDIA.NS
2025-04-30 05:14:26,389 - INFO - Checking position: SELL SONACOMS.NS (Sector: Auto)
2025-04-30 05:14:26,389 - INFO - SECURITY ID LOOKUP: Searching for SONACOMS.NS
2025-04-30 05:14:26,389 - INFO - Trying exact match for 'SONACOMS.NS'
2025-04-30 05:14:26,389 - INFO - FOUND EXACT MATCH: ID 4684 for SONACOMS.NS
2025-04-30 05:14:26,390 - INFO - Sector Auto is NEGATIVE with -0.24% change
2025-04-30 05:14:26,390 - INFO - Getting current market price for SONACOMS.NS
2025-04-30 05:14:26,390 - INFO - Failed to get quote using symbol: 'dhanhq' object has no attribute 'get_quote'
2025-04-30 05:14:26,391 - INFO - Failed to get LTP using security_id: 'dhanhq' object has no attribute 'get_ltp'
2025-04-30 05:14:26,391 - INFO - Failed to get price from candles: 'dhanhq' object has no attribute 'intraday_daily_minute_charts'
2025-04-30 05:14:26,391 - ERROR - Could not get current market price for SONACOMS.NS
2025-04-30 05:14:26,391 - WARNING - Could not get current market price for SONACOMS.NS
2025-04-30 05:14:26,392 - INFO - Checking position: SELL SAREGAMA.NS (Sector: Media)
2025-04-30 05:14:26,392 - INFO - SECURITY ID LOOKUP: Searching for SAREGAMA.NS
2025-04-30 05:14:26,392 - INFO - Trying exact match for 'SAREGAMA.NS'
2025-04-30 05:14:26,393 - INFO - FOUND EXACT MATCH: ID 4892 for SAREGAMA.NS
2025-04-30 05:14:26,393 - INFO - Sector Media is NEGATIVE with -0.79% change
2025-04-30 05:14:26,394 - INFO - Getting current market price for SAREGAMA.NS
2025-04-30 05:14:26,394 - INFO - Failed to get quote using symbol: 'dhanhq' object has no attribute 'get_quote'
2025-04-30 05:14:26,394 - INFO - Failed to get LTP using security_id: 'dhanhq' object has no attribute 'get_ltp'
2025-04-30 05:14:26,395 - INFO - Failed to get price from candles: 'dhanhq' object has no attribute 'intraday_daily_minute_charts'
2025-04-30 05:14:26,396 - ERROR - Could not get current market price for SAREGAMA.NS
2025-04-30 05:14:26,396 - WARNING - Could not get current market price for SAREGAMA.NS
2025-04-30 05:14:26,396 - INFO - No positions needed to be exited
2025-04-30 05:14:26,397 - INFO - 
==================================================
POSITION PROCESSING COMPLETE
==================================================
2025-04-30 05:14:26,397 - INFO - Looking for new trading opportunities...
2025-04-30 05:14:26,397 - INFO - 
==================================================
FINDING NEW TRADING OPPORTUNITIES
==================================================
2025-04-30 05:14:26,398 - INFO - Found 9 active tickers out of 9 total
2025-04-30 05:14:26,398 - INFO - Processing tickers in order: ['SYNGENE.NS', 'ZEEL.NS', 'Lauraslabs.NS', 'ADANIENT.NS', 'IPCALAB.NS', 'RELIANCE.NS', 'TIINDIA.NS', 'SONACOMS.NS', 'SAREGAMA.NS']
2025-04-30 05:14:26,399 - INFO - Already have open positions for: ['RELIANCE.NS', 'TIINDIA.NS', 'SONACOMS.NS', 'SAREGAMA.NS']
2025-04-30 05:14:26,399 - INFO - Current sector performances:
2025-04-30 05:14:26,400 - INFO -   Sector IT: POSITIVE (1.23%)
2025-04-30 05:14:26,404 - INFO -   Sector PSU Bank: NEGATIVE (-0.05%)
2025-04-30 05:14:26,404 - INFO -   Sector Auto: NEGATIVE (-0.24%)
2025-04-30 05:14:26,405 - INFO -   Sector FMCG: NEGATIVE (-0.26%)
2025-04-30 05:14:26,405 - INFO -   Sector Realty: NEGATIVE (-0.26%)
2025-04-30 05:14:26,406 - INFO -   Sector Energy: NEGATIVE (-0.29%)
2025-04-30 05:14:26,406 - INFO -   Sector Financial Services: NEGATIVE (-0.37%)
2025-04-30 05:14:26,406 - INFO -   Sector Media: NEGATIVE (-0.79%)
2025-04-30 05:14:26,406 - INFO -   Sector Metal: NEGATIVE (-0.95%)
2025-04-30 05:14:26,406 - INFO -   Sector Pharma: NEGATIVE (-1.06%)
2025-04-30 05:14:26,407 - INFO - Processing ticker 1: SYNGENE.NS
2025-04-30 05:14:26,407 - INFO - Found sector Pharma for SYNGENE.NS
2025-04-30 05:14:26,407 - INFO - Evaluating SYNGENE.NS in sector Pharma (-1.06%)
2025-04-30 05:14:26,408 - INFO - Not trading SYNGENE.NS - sector performance doesn't match strategy
2025-04-30 05:14:26,408 - INFO -   Transaction type: BUY
2025-04-30 05:14:26,408 - INFO -   Sector is_positive: False
2025-04-30 05:14:26,409 - INFO - Processing ticker 2: ZEEL.NS
2025-04-30 05:14:26,409 - INFO - Found sector Media for ZEEL.NS
2025-04-30 05:14:26,409 - INFO - Evaluating ZEEL.NS in sector Media (-0.79%)
2025-04-30 05:14:26,410 - INFO - Not trading ZEEL.NS - sector performance doesn't match strategy
2025-04-30 05:14:26,410 - INFO -   Transaction type: BUY
2025-04-30 05:14:26,410 - INFO -   Sector is_positive: False
2025-04-30 05:14:26,410 - INFO - Processing ticker 3: Lauraslabs.NS
2025-04-30 05:14:26,411 - WARNING - Could not find sector for Lauraslabs.NS in sector mapping
2025-04-30 05:14:26,411 - INFO - Processing ticker 4: ADANIENT.NS
2025-04-30 05:14:26,411 - INFO - Found sector Metal for ADANIENT.NS
2025-04-30 05:14:26,411 - INFO - Evaluating ADANIENT.NS in sector Metal (-0.95%)
2025-04-30 05:14:26,412 - INFO - Not trading ADANIENT.NS - sector performance doesn't match strategy
2025-04-30 05:14:26,412 - INFO -   Transaction type: BUY
2025-04-30 05:14:26,413 - INFO -   Sector is_positive: False
2025-04-30 05:14:26,413 - INFO - Processing ticker 5: IPCALAB.NS
2025-04-30 05:14:26,413 - INFO - Found sector Pharma for IPCALAB.NS
2025-04-30 05:14:26,413 - INFO - Evaluating IPCALAB.NS in sector Pharma (-1.06%)
2025-04-30 05:14:26,414 - INFO - Not trading IPCALAB.NS - sector performance doesn't match strategy
2025-04-30 05:14:26,414 - INFO -   Transaction type: BUY
2025-04-30 05:14:26,414 - INFO -   Sector is_positive: False
2025-04-30 05:14:26,414 - INFO - Processing ticker 6: RELIANCE.NS
2025-04-30 05:14:26,415 - INFO - Skipping RELIANCE.NS - already have an open position
2025-04-30 05:14:26,417 - INFO - Processing ticker 7: TIINDIA.NS
2025-04-30 05:14:26,420 - INFO - Skipping TIINDIA.NS - already have an open position
2025-04-30 05:14:26,421 - INFO - Processing ticker 8: SONACOMS.NS
2025-04-30 05:14:26,422 - INFO - Skipping SONACOMS.NS - already have an open position
2025-04-30 05:14:26,422 - INFO - Processing ticker 9: SAREGAMA.NS
2025-04-30 05:14:26,422 - INFO - Skipping SAREGAMA.NS - already have an open position
2025-04-30 05:14:26,422 - INFO - Ticker processing summary:
2025-04-30 05:14:26,423 - INFO -   Total tickers considered: 9
2025-04-30 05:14:26,423 - INFO -   Tickers with sector data: 4
2025-04-30 05:14:26,423 - INFO -   Tickers matching strategy: 0
2025-04-30 05:14:26,423 - INFO -   Tickers with security ID: 0
2025-04-30 05:14:26,424 - INFO -   Orders successfully placed: 0
2025-04-30 05:14:26,424 - INFO - New positions added: 0
2025-04-30 05:14:26,424 - INFO - Positions skipped: 9
2025-04-30 05:14:26,424 - INFO - Positions with errors: 0
2025-04-30 05:14:26,425 - INFO - 
==================================================
NEW OPPORTUNITIES PROCESSING COMPLETE
==================================================
2025-04-30 05:14:26,425 - INFO - 
==================================================
SECTOR PROCESSING COMPLETE
==================================================
2025-04-30 05:14:26,427 - INFO - Saved 4 positions to dhan_positions.json
2025-04-30 05:14:26,428 - INFO - 
==================================================
POSITIONS SUMMARY
==================================================
2025-04-30 05:14:26,429 - INFO - Current positions summary:
2025-04-30 05:14:26,429 - INFO -   Open BUY positions: 0
2025-04-30 05:14:26,429 - INFO -   Open SELL positions: 4
2025-04-30 05:14:26,430 - INFO -   Closed positions: 0
2025-04-30 05:14:26,430 - INFO -   Total positions: 4
2025-04-30 05:14:26,430 - INFO - Open positions:
2025-04-30 05:14:26,430 - INFO -   SELL RELIANCE.NS (Sector: Energy, Entry: 2025-04-30 05:01:34, Order ID: 212504306752, SL%: 1.0%, Target%: 1.0%)
2025-04-30 05:14:26,431 - INFO -   SELL TIINDIA.NS (Sector: Auto, Entry: 2025-04-30 05:01:46, Order ID: 512504306332, SL%: 1.0%, Target%: 1%)
2025-04-30 05:14:26,431 - INFO -   SELL SONACOMS.NS (Sector: Auto, Entry: 2025-04-30 05:01:59, Order ID: 412504306422, SL%: 1.0%, Target%: 1.0%)
2025-04-30 05:14:26,432 - INFO -   SELL SAREGAMA.NS (Sector: Media, Entry: 2025-04-30 05:02:11, Order ID: 412504306512, SL%: 1.0%, Target%: 1%)
2025-04-30 05:14:26,432 - INFO - 
==================================================
POSITIONS SUMMARY COMPLETE
==================================================
2025-04-30 05:14:26,432 - INFO - Trading cycle 25 completed
2025-04-30 05:14:26,434 - INFO - Waiting 30 seconds until next check at 05:14:56...
2025-04-30 05:14:26,435 - INFO - 
==================================================
CYCLE 25 COMPLETE
==================================================
2025-04-30 05:14:56,451 - INFO - 
==================================================
TRADING CYCLE 26
==================================================
2025-04-30 05:14:56,452 - INFO - Trading cycle 26 started at 2025-04-30 05:14:56
2025-04-30 05:14:56,452 - INFO - 
==================================================
READING SECTOR PERFORMANCE DATA
==================================================
2025-04-30 05:14:56,452 - INFO - Reading sector performance data from sector.csv
2025-04-30 05:14:56,453 - INFO - File last modified: 2025-04-30 05:14:28
2025-04-30 05:14:56,468 - INFO - Latest timestamp in data: 2025-04-30 05:14:28
2025-04-30 05:14:56,469 - INFO - Loaded data for 10 sectors
2025-04-30 05:14:56,469 - INFO - Sector performance details:
2025-04-30 05:14:56,470 - INFO -   IT: POSITIVE (1.23%)
2025-04-30 05:14:56,471 - INFO -   PSU Bank: NEGATIVE (-0.05%)
2025-04-30 05:14:56,471 - INFO -   Auto: NEGATIVE (-0.24%)
2025-04-30 05:14:56,472 - INFO -   FMCG: NEGATIVE (-0.26%)
2025-04-30 05:14:56,473 - INFO -   Realty: NEGATIVE (-0.26%)
2025-04-30 05:14:56,474 - INFO -   Energy: NEGATIVE (-0.29%)
2025-04-30 05:14:56,475 - INFO -   Financial Services: NEGATIVE (-0.37%)
2025-04-30 05:14:56,475 - INFO -   Media: NEGATIVE (-0.79%)
2025-04-30 05:14:56,476 - INFO -   Metal: NEGATIVE (-0.95%)
2025-04-30 05:14:56,476 - INFO -   Pharma: NEGATIVE (-1.06%)
2025-04-30 05:14:56,476 - INFO - 
==================================================
SECTOR DATA READ COMPLETE
==================================================
2025-04-30 05:14:56,477 - INFO - 
==================================================
PROCESSING SECTOR DATA
==================================================
2025-04-30 05:14:56,478 - INFO - Processed performance data for 10 sectors
2025-04-30 05:14:56,478 - INFO - Processing existing positions for potential exits...
2025-04-30 05:14:56,478 - INFO - 
==================================================
PROCESSING EXISTING POSITIONS
==================================================
2025-04-30 05:14:56,478 - INFO - Processing 4 existing positions
2025-04-30 05:14:56,479 - INFO - Checking position: SELL RELIANCE.NS (Sector: Energy)
2025-04-30 05:14:56,480 - INFO - SECURITY ID LOOKUP: Searching for RELIANCE.NS
2025-04-30 05:14:56,480 - INFO - Trying exact match for 'RELIANCE.NS'
2025-04-30 05:14:56,481 - INFO - FOUND EXACT MATCH: ID 2885 for RELIANCE.NS
2025-04-30 05:14:56,483 - INFO - Sector Energy is NEGATIVE with -0.29% change
2025-04-30 05:14:56,484 - INFO - Getting current market price for RELIANCE.NS
2025-04-30 05:14:56,484 - INFO - Failed to get quote using symbol: 'dhanhq' object has no attribute 'get_quote'
2025-04-30 05:14:56,485 - INFO - Failed to get LTP using security_id: 'dhanhq' object has no attribute 'get_ltp'
2025-04-30 05:14:56,485 - INFO - Failed to get price from candles: 'dhanhq' object has no attribute 'intraday_daily_minute_charts'
2025-04-30 05:14:56,485 - ERROR - Could not get current market price for RELIANCE.NS
2025-04-30 05:14:56,486 - WARNING - Could not get current market price for RELIANCE.NS
2025-04-30 05:14:56,487 - INFO - Checking position: SELL TIINDIA.NS (Sector: Auto)
2025-04-30 05:14:56,487 - INFO - SECURITY ID LOOKUP: Searching for TIINDIA.NS
2025-04-30 05:14:56,487 - INFO - Trying exact match for 'TIINDIA.NS'
2025-04-30 05:14:56,487 - INFO - FOUND EXACT MATCH: ID 312 for TIINDIA.NS
2025-04-30 05:14:56,488 - INFO - Sector Auto is NEGATIVE with -0.24% change
2025-04-30 05:14:56,488 - INFO - Getting current market price for TIINDIA.NS
2025-04-30 05:14:56,488 - INFO - Failed to get quote using symbol: 'dhanhq' object has no attribute 'get_quote'
2025-04-30 05:14:56,488 - INFO - Failed to get LTP using security_id: 'dhanhq' object has no attribute 'get_ltp'
2025-04-30 05:14:56,489 - INFO - Failed to get price from candles: 'dhanhq' object has no attribute 'intraday_daily_minute_charts'
2025-04-30 05:14:56,489 - ERROR - Could not get current market price for TIINDIA.NS
2025-04-30 05:14:56,489 - WARNING - Could not get current market price for TIINDIA.NS
2025-04-30 05:14:56,490 - INFO - Checking position: SELL SONACOMS.NS (Sector: Auto)
2025-04-30 05:14:56,490 - INFO - SECURITY ID LOOKUP: Searching for SONACOMS.NS
2025-04-30 05:14:56,490 - INFO - Trying exact match for 'SONACOMS.NS'
2025-04-30 05:14:56,490 - INFO - FOUND EXACT MATCH: ID 4684 for SONACOMS.NS
2025-04-30 05:14:56,491 - INFO - Sector Auto is NEGATIVE with -0.24% change
2025-04-30 05:14:56,491 - INFO - Getting current market price for SONACOMS.NS
2025-04-30 05:14:56,491 - INFO - Failed to get quote using symbol: 'dhanhq' object has no attribute 'get_quote'
2025-04-30 05:14:56,492 - INFO - Failed to get LTP using security_id: 'dhanhq' object has no attribute 'get_ltp'
2025-04-30 05:14:56,492 - INFO - Failed to get price from candles: 'dhanhq' object has no attribute 'intraday_daily_minute_charts'
2025-04-30 05:14:56,492 - ERROR - Could not get current market price for SONACOMS.NS
2025-04-30 05:14:56,492 - WARNING - Could not get current market price for SONACOMS.NS
2025-04-30 05:14:56,493 - INFO - Checking position: SELL SAREGAMA.NS (Sector: Media)
2025-04-30 05:14:56,493 - INFO - SECURITY ID LOOKUP: Searching for SAREGAMA.NS
2025-04-30 05:14:56,493 - INFO - Trying exact match for 'SAREGAMA.NS'
2025-04-30 05:14:56,493 - INFO - FOUND EXACT MATCH: ID 4892 for SAREGAMA.NS
2025-04-30 05:14:56,494 - INFO - Sector Media is NEGATIVE with -0.79% change
2025-04-30 05:14:56,494 - INFO - Getting current market price for SAREGAMA.NS
2025-04-30 05:14:56,494 - INFO - Failed to get quote using symbol: 'dhanhq' object has no attribute 'get_quote'
2025-04-30 05:14:56,495 - INFO - Failed to get LTP using security_id: 'dhanhq' object has no attribute 'get_ltp'
2025-04-30 05:14:56,495 - INFO - Failed to get price from candles: 'dhanhq' object has no attribute 'intraday_daily_minute_charts'
2025-04-30 05:14:56,495 - ERROR - Could not get current market price for SAREGAMA.NS
2025-04-30 05:14:56,496 - WARNING - Could not get current market price for SAREGAMA.NS
2025-04-30 05:14:56,496 - INFO - No positions needed to be exited
2025-04-30 05:14:56,499 - INFO - 
==================================================
POSITION PROCESSING COMPLETE
==================================================
2025-04-30 05:14:56,502 - INFO - Looking for new trading opportunities...
2025-04-30 05:14:56,502 - INFO - 
==================================================
FINDING NEW TRADING OPPORTUNITIES
==================================================
2025-04-30 05:14:56,503 - INFO - Found 9 active tickers out of 9 total
2025-04-30 05:14:56,504 - INFO - Processing tickers in order: ['SYNGENE.NS', 'ZEEL.NS', 'Lauraslabs.NS', 'ADANIENT.NS', 'IPCALAB.NS', 'RELIANCE.NS', 'TIINDIA.NS', 'SONACOMS.NS', 'SAREGAMA.NS']
2025-04-30 05:14:56,504 - INFO - Already have open positions for: ['RELIANCE.NS', 'TIINDIA.NS', 'SONACOMS.NS', 'SAREGAMA.NS']
2025-04-30 05:14:56,504 - INFO - Current sector performances:
2025-04-30 05:14:56,505 - INFO -   Sector IT: POSITIVE (1.23%)
2025-04-30 05:14:56,505 - INFO -   Sector PSU Bank: NEGATIVE (-0.05%)
2025-04-30 05:14:56,505 - INFO -   Sector Auto: NEGATIVE (-0.24%)
2025-04-30 05:14:56,506 - INFO -   Sector FMCG: NEGATIVE (-0.26%)
2025-04-30 05:14:56,506 - INFO -   Sector Realty: NEGATIVE (-0.26%)
2025-04-30 05:14:56,506 - INFO -   Sector Energy: NEGATIVE (-0.29%)
2025-04-30 05:14:56,506 - INFO -   Sector Financial Services: NEGATIVE (-0.37%)
2025-04-30 05:14:56,507 - INFO -   Sector Media: NEGATIVE (-0.79%)
2025-04-30 05:14:56,507 - INFO -   Sector Metal: NEGATIVE (-0.95%)
2025-04-30 05:14:56,507 - INFO -   Sector Pharma: NEGATIVE (-1.06%)
2025-04-30 05:14:56,508 - INFO - Processing ticker 1: SYNGENE.NS
2025-04-30 05:14:56,508 - INFO - Found sector Pharma for SYNGENE.NS
2025-04-30 05:14:56,509 - INFO - Evaluating SYNGENE.NS in sector Pharma (-1.06%)
2025-04-30 05:14:56,509 - INFO - Not trading SYNGENE.NS - sector performance doesn't match strategy
2025-04-30 05:14:56,509 - INFO -   Transaction type: BUY
2025-04-30 05:14:56,509 - INFO -   Sector is_positive: False
2025-04-30 05:14:56,509 - INFO - Processing ticker 2: ZEEL.NS
2025-04-30 05:14:56,510 - INFO - Found sector Media for ZEEL.NS
2025-04-30 05:14:56,510 - INFO - Evaluating ZEEL.NS in sector Media (-0.79%)
2025-04-30 05:14:56,510 - INFO - Not trading ZEEL.NS - sector performance doesn't match strategy
2025-04-30 05:14:56,510 - INFO -   Transaction type: BUY
2025-04-30 05:14:56,511 - INFO -   Sector is_positive: False
2025-04-30 05:14:56,511 - INFO - Processing ticker 3: Lauraslabs.NS
2025-04-30 05:14:56,511 - WARNING - Could not find sector for Lauraslabs.NS in sector mapping
2025-04-30 05:14:56,511 - INFO - Processing ticker 4: ADANIENT.NS
2025-04-30 05:14:56,512 - INFO - Found sector Metal for ADANIENT.NS
2025-04-30 05:14:56,512 - INFO - Evaluating ADANIENT.NS in sector Metal (-0.95%)
2025-04-30 05:14:56,512 - INFO - Not trading ADANIENT.NS - sector performance doesn't match strategy
2025-04-30 05:14:56,513 - INFO -   Transaction type: BUY
2025-04-30 05:14:56,513 - INFO -   Sector is_positive: False
2025-04-30 05:14:56,514 - INFO - Processing ticker 5: IPCALAB.NS
2025-04-30 05:14:56,514 - INFO - Found sector Pharma for IPCALAB.NS
2025-04-30 05:14:56,515 - INFO - Evaluating IPCALAB.NS in sector Pharma (-1.06%)
2025-04-30 05:14:56,516 - INFO - Not trading IPCALAB.NS - sector performance doesn't match strategy
2025-04-30 05:14:56,517 - INFO -   Transaction type: BUY
2025-04-30 05:14:56,518 - INFO -   Sector is_positive: False
2025-04-30 05:14:56,518 - INFO - Processing ticker 6: RELIANCE.NS
2025-04-30 05:14:56,519 - INFO - Skipping RELIANCE.NS - already have an open position
2025-04-30 05:14:56,519 - INFO - Processing ticker 7: TIINDIA.NS
2025-04-30 05:14:56,519 - INFO - Skipping TIINDIA.NS - already have an open position
2025-04-30 05:14:56,519 - INFO - Processing ticker 8: SONACOMS.NS
2025-04-30 05:14:56,520 - INFO - Skipping SONACOMS.NS - already have an open position
2025-04-30 05:14:56,520 - INFO - Processing ticker 9: SAREGAMA.NS
2025-04-30 05:14:56,520 - INFO - Skipping SAREGAMA.NS - already have an open position
2025-04-30 05:14:56,520 - INFO - Ticker processing summary:
2025-04-30 05:14:56,521 - INFO -   Total tickers considered: 9
2025-04-30 05:14:56,521 - INFO -   Tickers with sector data: 4
2025-04-30 05:14:56,521 - INFO -   Tickers matching strategy: 0
2025-04-30 05:14:56,521 - INFO -   Tickers with security ID: 0
2025-04-30 05:14:56,522 - INFO -   Orders successfully placed: 0
2025-04-30 05:14:56,522 - INFO - New positions added: 0
2025-04-30 05:14:56,522 - INFO - Positions skipped: 9
2025-04-30 05:14:56,522 - INFO - Positions with errors: 0
2025-04-30 05:14:56,522 - INFO - 
==================================================
NEW OPPORTUNITIES PROCESSING COMPLETE
==================================================
2025-04-30 05:14:56,523 - INFO - 
==================================================
SECTOR PROCESSING COMPLETE
==================================================
2025-04-30 05:14:56,525 - INFO - Saved 4 positions to dhan_positions.json
2025-04-30 05:14:56,525 - INFO - 
==================================================
POSITIONS SUMMARY
==================================================
2025-04-30 05:14:56,526 - INFO - Current positions summary:
2025-04-30 05:14:56,526 - INFO -   Open BUY positions: 0
2025-04-30 05:14:56,527 - INFO -   Open SELL positions: 4
2025-04-30 05:14:56,527 - INFO -   Closed positions: 0
2025-04-30 05:14:56,527 - INFO -   Total positions: 4
2025-04-30 05:14:56,528 - INFO - Open positions:
2025-04-30 05:14:56,528 - INFO -   SELL RELIANCE.NS (Sector: Energy, Entry: 2025-04-30 05:01:34, Order ID: 212504306752, SL%: 1.0%, Target%: 1.0%)
2025-04-30 05:14:56,529 - INFO -   SELL TIINDIA.NS (Sector: Auto, Entry: 2025-04-30 05:01:46, Order ID: 512504306332, SL%: 1.0%, Target%: 1%)
2025-04-30 05:14:56,529 - INFO -   SELL SONACOMS.NS (Sector: Auto, Entry: 2025-04-30 05:01:59, Order ID: 412504306422, SL%: 1.0%, Target%: 1.0%)
2025-04-30 05:14:56,530 - INFO -   SELL SAREGAMA.NS (Sector: Media, Entry: 2025-04-30 05:02:11, Order ID: 412504306512, SL%: 1.0%, Target%: 1%)
2025-04-30 05:14:56,530 - INFO - 
==================================================
POSITIONS SUMMARY COMPLETE
==================================================
2025-04-30 05:14:56,532 - INFO - Trading cycle 26 completed
2025-04-30 05:14:56,534 - INFO - Waiting 30 seconds until next check at 05:15:26...
2025-04-30 05:14:56,534 - INFO - 
==================================================
CYCLE 26 COMPLETE
==================================================
2025-04-30 05:15:26,547 - INFO - 
==================================================
TRADING CYCLE 27
==================================================
2025-04-30 05:15:26,549 - INFO - Trading cycle 27 started at 2025-04-30 05:15:26
2025-04-30 05:15:26,550 - INFO - 
==================================================
READING SECTOR PERFORMANCE DATA
==================================================
2025-04-30 05:15:26,552 - INFO - Reading sector performance data from sector.csv
2025-04-30 05:15:26,554 - INFO - File last modified: 2025-04-30 05:14:28
2025-04-30 05:15:26,570 - INFO - Latest timestamp in data: 2025-04-30 05:14:28
2025-04-30 05:15:26,572 - INFO - Loaded data for 10 sectors
2025-04-30 05:15:26,573 - INFO - Sector performance details:
2025-04-30 05:15:26,575 - INFO -   IT: POSITIVE (1.23%)
2025-04-30 05:15:26,585 - INFO -   PSU Bank: NEGATIVE (-0.05%)
2025-04-30 05:15:26,586 - INFO -   Auto: NEGATIVE (-0.24%)
2025-04-30 05:15:26,587 - INFO -   FMCG: NEGATIVE (-0.26%)
2025-04-30 05:15:26,587 - INFO -   Realty: NEGATIVE (-0.26%)
2025-04-30 05:15:26,588 - INFO -   Energy: NEGATIVE (-0.29%)
2025-04-30 05:15:26,589 - INFO -   Financial Services: NEGATIVE (-0.37%)
2025-04-30 05:15:26,589 - INFO -   Media: NEGATIVE (-0.79%)
2025-04-30 05:15:26,590 - INFO -   Metal: NEGATIVE (-0.95%)
2025-04-30 05:15:26,591 - INFO -   Pharma: NEGATIVE (-1.06%)
2025-04-30 05:15:26,591 - INFO - 
==================================================
SECTOR DATA READ COMPLETE
==================================================
2025-04-30 05:15:26,593 - INFO - 
==================================================
PROCESSING SECTOR DATA
==================================================
2025-04-30 05:15:26,599 - INFO - Processed performance data for 10 sectors
2025-04-30 05:15:26,600 - INFO - Processing existing positions for potential exits...
2025-04-30 05:15:26,600 - INFO - 
==================================================
PROCESSING EXISTING POSITIONS
==================================================
2025-04-30 05:15:26,601 - INFO - Processing 4 existing positions
2025-04-30 05:15:26,602 - INFO - Checking position: SELL RELIANCE.NS (Sector: Energy)
2025-04-30 05:15:26,602 - INFO - SECURITY ID LOOKUP: Searching for RELIANCE.NS
2025-04-30 05:15:26,602 - INFO - Trying exact match for 'RELIANCE.NS'
2025-04-30 05:15:26,603 - INFO - FOUND EXACT MATCH: ID 2885 for RELIANCE.NS
2025-04-30 05:15:26,603 - INFO - Sector Energy is NEGATIVE with -0.29% change
2025-04-30 05:15:26,604 - INFO - Getting current market price for RELIANCE.NS
2025-04-30 05:15:26,604 - INFO - Failed to get quote using symbol: 'dhanhq' object has no attribute 'get_quote'
2025-04-30 05:15:26,604 - INFO - Failed to get LTP using security_id: 'dhanhq' object has no attribute 'get_ltp'
2025-04-30 05:15:26,605 - INFO - Failed to get price from candles: 'dhanhq' object has no attribute 'intraday_daily_minute_charts'
2025-04-30 05:15:26,605 - ERROR - Could not get current market price for RELIANCE.NS
2025-04-30 05:15:26,606 - WARNING - Could not get current market price for RELIANCE.NS
2025-04-30 05:15:26,606 - INFO - Checking position: SELL TIINDIA.NS (Sector: Auto)
2025-04-30 05:15:26,607 - INFO - SECURITY ID LOOKUP: Searching for TIINDIA.NS
2025-04-30 05:15:26,607 - INFO - Trying exact match for 'TIINDIA.NS'
2025-04-30 05:15:26,607 - INFO - FOUND EXACT MATCH: ID 312 for TIINDIA.NS
2025-04-30 05:15:26,608 - INFO - Sector Auto is NEGATIVE with -0.24% change
2025-04-30 05:15:26,608 - INFO - Getting current market price for TIINDIA.NS
2025-04-30 05:15:26,610 - INFO - Failed to get quote using symbol: 'dhanhq' object has no attribute 'get_quote'
2025-04-30 05:15:26,614 - INFO - Failed to get LTP using security_id: 'dhanhq' object has no attribute 'get_ltp'
2025-04-30 05:15:26,615 - INFO - Failed to get price from candles: 'dhanhq' object has no attribute 'intraday_daily_minute_charts'
2025-04-30 05:15:26,616 - ERROR - Could not get current market price for TIINDIA.NS
2025-04-30 05:15:26,617 - WARNING - Could not get current market price for TIINDIA.NS
2025-04-30 05:15:26,617 - INFO - Checking position: SELL SONACOMS.NS (Sector: Auto)
2025-04-30 05:15:26,617 - INFO - SECURITY ID LOOKUP: Searching for SONACOMS.NS
2025-04-30 05:15:26,618 - INFO - Trying exact match for 'SONACOMS.NS'
2025-04-30 05:15:26,618 - INFO - FOUND EXACT MATCH: ID 4684 for SONACOMS.NS
2025-04-30 05:15:26,618 - INFO - Sector Auto is NEGATIVE with -0.24% change
2025-04-30 05:15:26,618 - INFO - Getting current market price for SONACOMS.NS
2025-04-30 05:15:26,619 - INFO - Failed to get quote using symbol: 'dhanhq' object has no attribute 'get_quote'
2025-04-30 05:15:26,619 - INFO - Failed to get LTP using security_id: 'dhanhq' object has no attribute 'get_ltp'
2025-04-30 05:15:26,619 - INFO - Failed to get price from candles: 'dhanhq' object has no attribute 'intraday_daily_minute_charts'
2025-04-30 05:15:26,620 - ERROR - Could not get current market price for SONACOMS.NS
2025-04-30 05:15:26,620 - WARNING - Could not get current market price for SONACOMS.NS
2025-04-30 05:15:26,620 - INFO - Checking position: SELL SAREGAMA.NS (Sector: Media)
2025-04-30 05:15:26,620 - INFO - SECURITY ID LOOKUP: Searching for SAREGAMA.NS
2025-04-30 05:15:26,621 - INFO - Trying exact match for 'SAREGAMA.NS'
2025-04-30 05:15:26,621 - INFO - FOUND EXACT MATCH: ID 4892 for SAREGAMA.NS
2025-04-30 05:15:26,621 - INFO - Sector Media is NEGATIVE with -0.79% change
2025-04-30 05:15:26,622 - INFO - Getting current market price for SAREGAMA.NS
2025-04-30 05:15:26,622 - INFO - Failed to get quote using symbol: 'dhanhq' object has no attribute 'get_quote'
2025-04-30 05:15:26,622 - INFO - Failed to get LTP using security_id: 'dhanhq' object has no attribute 'get_ltp'
2025-04-30 05:15:26,623 - INFO - Failed to get price from candles: 'dhanhq' object has no attribute 'intraday_daily_minute_charts'
2025-04-30 05:15:26,623 - ERROR - Could not get current market price for SAREGAMA.NS
2025-04-30 05:15:26,624 - WARNING - Could not get current market price for SAREGAMA.NS
2025-04-30 05:15:26,624 - INFO - No positions needed to be exited
2025-04-30 05:15:26,624 - INFO - 
==================================================
POSITION PROCESSING COMPLETE
==================================================
2025-04-30 05:15:26,625 - INFO - Looking for new trading opportunities...
2025-04-30 05:15:26,625 - INFO - 
==================================================
FINDING NEW TRADING OPPORTUNITIES
==================================================
2025-04-30 05:15:26,626 - INFO - Found 9 active tickers out of 9 total
2025-04-30 05:15:26,631 - INFO - Processing tickers in order: ['SYNGENE.NS', 'ZEEL.NS', 'Lauraslabs.NS', 'ADANIENT.NS', 'IPCALAB.NS', 'RELIANCE.NS', 'TIINDIA.NS', 'SONACOMS.NS', 'SAREGAMA.NS']
2025-04-30 05:15:26,632 - INFO - Already have open positions for: ['RELIANCE.NS', 'TIINDIA.NS', 'SONACOMS.NS', 'SAREGAMA.NS']
2025-04-30 05:15:26,633 - INFO - Current sector performances:
2025-04-30 05:15:26,633 - INFO -   Sector IT: POSITIVE (1.23%)
2025-04-30 05:15:26,633 - INFO -   Sector PSU Bank: NEGATIVE (-0.05%)
2025-04-30 05:15:26,633 - INFO -   Sector Auto: NEGATIVE (-0.24%)
2025-04-30 05:15:26,634 - INFO -   Sector FMCG: NEGATIVE (-0.26%)
2025-04-30 05:15:26,634 - INFO -   Sector Realty: NEGATIVE (-0.26%)
2025-04-30 05:15:26,634 - INFO -   Sector Energy: NEGATIVE (-0.29%)
2025-04-30 05:15:26,635 - INFO -   Sector Financial Services: NEGATIVE (-0.37%)
2025-04-30 05:15:26,635 - INFO -   Sector Media: NEGATIVE (-0.79%)
2025-04-30 05:15:26,635 - INFO -   Sector Metal: NEGATIVE (-0.95%)
2025-04-30 05:15:26,636 - INFO -   Sector Pharma: NEGATIVE (-1.06%)
2025-04-30 05:15:26,636 - INFO - Processing ticker 1: SYNGENE.NS
2025-04-30 05:15:26,636 - INFO - Found sector Pharma for SYNGENE.NS
2025-04-30 05:15:26,636 - INFO - Evaluating SYNGENE.NS in sector Pharma (-1.06%)
2025-04-30 05:15:26,637 - INFO - Not trading SYNGENE.NS - sector performance doesn't match strategy
2025-04-30 05:15:26,637 - INFO -   Transaction type: BUY
2025-04-30 05:15:26,637 - INFO -   Sector is_positive: False
2025-04-30 05:15:26,638 - INFO - Processing ticker 2: ZEEL.NS
2025-04-30 05:15:26,638 - INFO - Found sector Media for ZEEL.NS
2025-04-30 05:15:26,638 - INFO - Evaluating ZEEL.NS in sector Media (-0.79%)
2025-04-30 05:15:26,639 - INFO - Not trading ZEEL.NS - sector performance doesn't match strategy
2025-04-30 05:15:26,639 - INFO -   Transaction type: BUY
2025-04-30 05:15:26,639 - INFO -   Sector is_positive: False
2025-04-30 05:15:26,639 - INFO - Processing ticker 3: Lauraslabs.NS
2025-04-30 05:15:26,640 - WARNING - Could not find sector for Lauraslabs.NS in sector mapping
2025-04-30 05:15:26,640 - INFO - Processing ticker 4: ADANIENT.NS
2025-04-30 05:15:26,640 - INFO - Found sector Metal for ADANIENT.NS
2025-04-30 05:15:26,641 - INFO - Evaluating ADANIENT.NS in sector Metal (-0.95%)
2025-04-30 05:15:26,641 - INFO - Not trading ADANIENT.NS - sector performance doesn't match strategy
2025-04-30 05:15:26,641 - INFO -   Transaction type: BUY
2025-04-30 05:15:26,641 - INFO -   Sector is_positive: False
2025-04-30 05:15:26,642 - INFO - Processing ticker 5: IPCALAB.NS
2025-04-30 05:15:26,642 - INFO - Found sector Pharma for IPCALAB.NS
2025-04-30 05:15:26,643 - INFO - Evaluating IPCALAB.NS in sector Pharma (-1.06%)
2025-04-30 05:15:26,644 - INFO - Not trading IPCALAB.NS - sector performance doesn't match strategy
2025-04-30 05:15:26,646 - INFO -   Transaction type: BUY
2025-04-30 05:15:26,647 - INFO -   Sector is_positive: False
2025-04-30 05:15:26,647 - INFO - Processing ticker 6: RELIANCE.NS
2025-04-30 05:15:26,648 - INFO - Skipping RELIANCE.NS - already have an open position
2025-04-30 05:15:26,648 - INFO - Processing ticker 7: TIINDIA.NS
2025-04-30 05:15:26,648 - INFO - Skipping TIINDIA.NS - already have an open position
2025-04-30 05:15:26,648 - INFO - Processing ticker 8: SONACOMS.NS
2025-04-30 05:15:26,649 - INFO - Skipping SONACOMS.NS - already have an open position
2025-04-30 05:15:26,649 - INFO - Processing ticker 9: SAREGAMA.NS
2025-04-30 05:15:26,649 - INFO - Skipping SAREGAMA.NS - already have an open position
2025-04-30 05:15:26,649 - INFO - Ticker processing summary:
2025-04-30 05:15:26,650 - INFO -   Total tickers considered: 9
2025-04-30 05:15:26,650 - INFO -   Tickers with sector data: 4
2025-04-30 05:15:26,650 - INFO -   Tickers matching strategy: 0
2025-04-30 05:15:26,650 - INFO -   Tickers with security ID: 0
2025-04-30 05:15:26,651 - INFO -   Orders successfully placed: 0
2025-04-30 05:15:26,651 - INFO - New positions added: 0
2025-04-30 05:15:26,651 - INFO - Positions skipped: 9
2025-04-30 05:15:26,651 - INFO - Positions with errors: 0
2025-04-30 05:15:26,652 - INFO - 
==================================================
NEW OPPORTUNITIES PROCESSING COMPLETE
==================================================
2025-04-30 05:15:26,652 - INFO - 
==================================================
SECTOR PROCESSING COMPLETE
==================================================
2025-04-30 05:15:26,654 - INFO - Saved 4 positions to dhan_positions.json
2025-04-30 05:15:26,654 - INFO - 
==================================================
POSITIONS SUMMARY
==================================================
2025-04-30 05:15:26,655 - INFO - Current positions summary:
2025-04-30 05:15:26,655 - INFO -   Open BUY positions: 0
2025-04-30 05:15:26,655 - INFO -   Open SELL positions: 4
2025-04-30 05:15:26,656 - INFO -   Closed positions: 0
2025-04-30 05:15:26,657 - INFO -   Total positions: 4
2025-04-30 05:15:26,657 - INFO - Open positions:
2025-04-30 05:15:26,658 - INFO -   SELL RELIANCE.NS (Sector: Energy, Entry: 2025-04-30 05:01:34, Order ID: 212504306752, SL%: 1.0%, Target%: 1.0%)
2025-04-30 05:15:26,659 - INFO -   SELL TIINDIA.NS (Sector: Auto, Entry: 2025-04-30 05:01:46, Order ID: 512504306332, SL%: 1.0%, Target%: 1%)
2025-04-30 05:15:26,664 - INFO -   SELL SONACOMS.NS (Sector: Auto, Entry: 2025-04-30 05:01:59, Order ID: 412504306422, SL%: 1.0%, Target%: 1.0%)
2025-04-30 05:15:26,665 - INFO -   SELL SAREGAMA.NS (Sector: Media, Entry: 2025-04-30 05:02:11, Order ID: 412504306512, SL%: 1.0%, Target%: 1%)
2025-04-30 05:15:26,665 - INFO - 
==================================================
POSITIONS SUMMARY COMPLETE
==================================================
2025-04-30 05:15:26,666 - INFO - Trading cycle 27 completed
2025-04-30 05:15:26,667 - INFO - Waiting 30 seconds until next check at 05:15:56...
2025-04-30 05:15:26,667 - INFO - 
==================================================
CYCLE 27 COMPLETE
==================================================
2025-04-30 05:15:56,669 - INFO - 
==================================================
TRADING CYCLE 28
==================================================
2025-04-30 05:15:56,671 - INFO - Trading cycle 28 started at 2025-04-30 05:15:56
2025-04-30 05:15:56,672 - INFO - 
==================================================
READING SECTOR PERFORMANCE DATA
==================================================
2025-04-30 05:15:56,676 - INFO - Reading sector performance data from sector.csv
2025-04-30 05:15:56,679 - INFO - File last modified: 2025-04-30 05:14:28
2025-04-30 05:15:56,695 - INFO - Latest timestamp in data: 2025-04-30 05:14:28
2025-04-30 05:15:56,698 - INFO - Loaded data for 10 sectors
2025-04-30 05:15:56,701 - INFO - Sector performance details:
2025-04-30 05:15:56,703 - INFO -   IT: POSITIVE (1.23%)
2025-04-30 05:15:56,704 - INFO -   PSU Bank: NEGATIVE (-0.05%)
2025-04-30 05:15:56,705 - INFO -   Auto: NEGATIVE (-0.24%)
2025-04-30 05:15:56,706 - INFO -   FMCG: NEGATIVE (-0.26%)
2025-04-30 05:15:56,708 - INFO -   Realty: NEGATIVE (-0.26%)
2025-04-30 05:15:56,710 - INFO -   Energy: NEGATIVE (-0.29%)
2025-04-30 05:15:56,712 - INFO -   Financial Services: NEGATIVE (-0.37%)
2025-04-30 05:15:56,713 - INFO -   Media: NEGATIVE (-0.79%)
2025-04-30 05:15:56,714 - INFO -   Metal: NEGATIVE (-0.95%)
2025-04-30 05:15:56,714 - INFO -   Pharma: NEGATIVE (-1.06%)
2025-04-30 05:15:56,715 - INFO - 
==================================================
SECTOR DATA READ COMPLETE
==================================================
2025-04-30 05:15:56,716 - INFO - 
==================================================
PROCESSING SECTOR DATA
==================================================
2025-04-30 05:15:56,719 - INFO - Processed performance data for 10 sectors
2025-04-30 05:15:56,719 - INFO - Processing existing positions for potential exits...
2025-04-30 05:15:56,720 - INFO - 
==================================================
PROCESSING EXISTING POSITIONS
==================================================
2025-04-30 05:15:56,721 - INFO - Processing 4 existing positions
2025-04-30 05:15:56,721 - INFO - Checking position: SELL RELIANCE.NS (Sector: Energy)
2025-04-30 05:15:56,721 - INFO - SECURITY ID LOOKUP: Searching for RELIANCE.NS
2025-04-30 05:15:56,722 - INFO - Trying exact match for 'RELIANCE.NS'
2025-04-30 05:15:56,724 - INFO - FOUND EXACT MATCH: ID 2885 for RELIANCE.NS
2025-04-30 05:15:56,725 - INFO - Sector Energy is NEGATIVE with -0.29% change
2025-04-30 05:15:56,726 - INFO - Getting current market price for RELIANCE.NS
2025-04-30 05:15:56,727 - INFO - Failed to get quote using symbol: 'dhanhq' object has no attribute 'get_quote'
2025-04-30 05:15:56,731 - INFO - Failed to get LTP using security_id: 'dhanhq' object has no attribute 'get_ltp'
2025-04-30 05:15:56,731 - INFO - Failed to get price from candles: 'dhanhq' object has no attribute 'intraday_daily_minute_charts'
2025-04-30 05:15:56,732 - ERROR - Could not get current market price for RELIANCE.NS
2025-04-30 05:15:56,732 - WARNING - Could not get current market price for RELIANCE.NS
2025-04-30 05:15:56,733 - INFO - Checking position: SELL TIINDIA.NS (Sector: Auto)
2025-04-30 05:15:56,734 - INFO - SECURITY ID LOOKUP: Searching for TIINDIA.NS
2025-04-30 05:15:56,734 - INFO - Trying exact match for 'TIINDIA.NS'
2025-04-30 05:15:56,735 - INFO - FOUND EXACT MATCH: ID 312 for TIINDIA.NS
2025-04-30 05:15:56,735 - INFO - Sector Auto is NEGATIVE with -0.24% change
2025-04-30 05:15:56,736 - INFO - Getting current market price for TIINDIA.NS
2025-04-30 05:15:56,736 - INFO - Failed to get quote using symbol: 'dhanhq' object has no attribute 'get_quote'
2025-04-30 05:15:56,736 - INFO - Failed to get LTP using security_id: 'dhanhq' object has no attribute 'get_ltp'
2025-04-30 05:15:56,737 - INFO - Failed to get price from candles: 'dhanhq' object has no attribute 'intraday_daily_minute_charts'
2025-04-30 05:15:56,737 - ERROR - Could not get current market price for TIINDIA.NS
2025-04-30 05:15:56,738 - WARNING - Could not get current market price for TIINDIA.NS
2025-04-30 05:15:56,738 - INFO - Checking position: SELL SONACOMS.NS (Sector: Auto)
2025-04-30 05:15:56,738 - INFO - SECURITY ID LOOKUP: Searching for SONACOMS.NS
2025-04-30 05:15:56,739 - INFO - Trying exact match for 'SONACOMS.NS'
2025-04-30 05:15:56,739 - INFO - FOUND EXACT MATCH: ID 4684 for SONACOMS.NS
2025-04-30 05:15:56,740 - INFO - Sector Auto is NEGATIVE with -0.24% change
2025-04-30 05:15:56,740 - INFO - Getting current market price for SONACOMS.NS
2025-04-30 05:15:56,742 - INFO - Failed to get quote using symbol: 'dhanhq' object has no attribute 'get_quote'
2025-04-30 05:15:56,743 - INFO - Failed to get LTP using security_id: 'dhanhq' object has no attribute 'get_ltp'
2025-04-30 05:15:56,744 - INFO - Failed to get price from candles: 'dhanhq' object has no attribute 'intraday_daily_minute_charts'
2025-04-30 05:15:56,745 - ERROR - Could not get current market price for SONACOMS.NS
2025-04-30 05:15:56,746 - WARNING - Could not get current market price for SONACOMS.NS
2025-04-30 05:15:56,747 - INFO - Checking position: SELL SAREGAMA.NS (Sector: Media)
2025-04-30 05:15:56,747 - INFO - SECURITY ID LOOKUP: Searching for SAREGAMA.NS
2025-04-30 05:15:56,748 - INFO - Trying exact match for 'SAREGAMA.NS'
2025-04-30 05:15:56,748 - INFO - FOUND EXACT MATCH: ID 4892 for SAREGAMA.NS
2025-04-30 05:15:56,748 - INFO - Sector Media is NEGATIVE with -0.79% change
2025-04-30 05:15:56,748 - INFO - Getting current market price for SAREGAMA.NS
2025-04-30 05:15:56,749 - INFO - Failed to get quote using symbol: 'dhanhq' object has no attribute 'get_quote'
2025-04-30 05:15:56,749 - INFO - Failed to get LTP using security_id: 'dhanhq' object has no attribute 'get_ltp'
2025-04-30 05:15:56,750 - INFO - Failed to get price from candles: 'dhanhq' object has no attribute 'intraday_daily_minute_charts'
2025-04-30 05:15:56,750 - ERROR - Could not get current market price for SAREGAMA.NS
2025-04-30 05:15:56,750 - WARNING - Could not get current market price for SAREGAMA.NS
2025-04-30 05:15:56,750 - INFO - No positions needed to be exited
2025-04-30 05:15:56,751 - INFO - 
==================================================
POSITION PROCESSING COMPLETE
==================================================
2025-04-30 05:15:56,752 - INFO - Looking for new trading opportunities...
2025-04-30 05:15:56,752 - INFO - 
==================================================
FINDING NEW TRADING OPPORTUNITIES
==================================================
2025-04-30 05:15:56,753 - INFO - Found 9 active tickers out of 9 total
2025-04-30 05:15:56,753 - INFO - Processing tickers in order: ['SYNGENE.NS', 'ZEEL.NS', 'Lauraslabs.NS', 'ADANIENT.NS', 'IPCALAB.NS', 'RELIANCE.NS', 'TIINDIA.NS', 'SONACOMS.NS', 'SAREGAMA.NS']
2025-04-30 05:15:56,753 - INFO - Already have open positions for: ['RELIANCE.NS', 'TIINDIA.NS', 'SONACOMS.NS', 'SAREGAMA.NS']
2025-04-30 05:15:56,754 - INFO - Current sector performances:
2025-04-30 05:15:56,754 - INFO -   Sector IT: POSITIVE (1.23%)
2025-04-30 05:15:56,754 - INFO -   Sector PSU Bank: NEGATIVE (-0.05%)
2025-04-30 05:15:56,754 - INFO -   Sector Auto: NEGATIVE (-0.24%)
2025-04-30 05:15:56,755 - INFO -   Sector FMCG: NEGATIVE (-0.26%)
2025-04-30 05:15:56,755 - INFO -   Sector Realty: NEGATIVE (-0.26%)
2025-04-30 05:15:56,755 - INFO -   Sector Energy: NEGATIVE (-0.29%)
2025-04-30 05:15:56,756 - INFO -   Sector Financial Services: NEGATIVE (-0.37%)
2025-04-30 05:15:56,756 - INFO -   Sector Media: NEGATIVE (-0.79%)
2025-04-30 05:15:56,757 - INFO -   Sector Metal: NEGATIVE (-0.95%)
2025-04-30 05:15:56,759 - INFO -   Sector Pharma: NEGATIVE (-1.06%)
2025-04-30 05:15:56,760 - INFO - Processing ticker 1: SYNGENE.NS
2025-04-30 05:15:56,761 - INFO - Found sector Pharma for SYNGENE.NS
2025-04-30 05:15:56,762 - INFO - Evaluating SYNGENE.NS in sector Pharma (-1.06%)
2025-04-30 05:15:56,763 - INFO - Not trading SYNGENE.NS - sector performance doesn't match strategy
2025-04-30 05:15:56,763 - INFO -   Transaction type: BUY
2025-04-30 05:15:56,764 - INFO -   Sector is_positive: False
2025-04-30 05:15:56,764 - INFO - Processing ticker 2: ZEEL.NS
2025-04-30 05:15:56,764 - INFO - Found sector Media for ZEEL.NS
2025-04-30 05:15:56,765 - INFO - Evaluating ZEEL.NS in sector Media (-0.79%)
2025-04-30 05:15:56,765 - INFO - Not trading ZEEL.NS - sector performance doesn't match strategy
2025-04-30 05:15:56,766 - INFO -   Transaction type: BUY
2025-04-30 05:15:56,766 - INFO -   Sector is_positive: False
2025-04-30 05:15:56,767 - INFO - Processing ticker 3: Lauraslabs.NS
2025-04-30 05:15:56,767 - WARNING - Could not find sector for Lauraslabs.NS in sector mapping
2025-04-30 05:15:56,768 - INFO - Processing ticker 4: ADANIENT.NS
2025-04-30 05:15:56,768 - INFO - Found sector Metal for ADANIENT.NS
2025-04-30 05:15:56,768 - INFO - Evaluating ADANIENT.NS in sector Metal (-0.95%)
2025-04-30 05:15:56,768 - INFO - Not trading ADANIENT.NS - sector performance doesn't match strategy
2025-04-30 05:15:56,769 - INFO -   Transaction type: BUY
2025-04-30 05:15:56,769 - INFO -   Sector is_positive: False
2025-04-30 05:15:56,769 - INFO - Processing ticker 5: IPCALAB.NS
2025-04-30 05:15:56,770 - INFO - Found sector Pharma for IPCALAB.NS
2025-04-30 05:15:56,770 - INFO - Evaluating IPCALAB.NS in sector Pharma (-1.06%)
2025-04-30 05:15:56,770 - INFO - Not trading IPCALAB.NS - sector performance doesn't match strategy
2025-04-30 05:15:56,770 - INFO -   Transaction type: BUY
2025-04-30 05:15:56,771 - INFO -   Sector is_positive: False
2025-04-30 05:15:56,771 - INFO - Processing ticker 6: RELIANCE.NS
2025-04-30 05:15:56,771 - INFO - Skipping RELIANCE.NS - already have an open position
2025-04-30 05:15:56,772 - INFO - Processing ticker 7: TIINDIA.NS
2025-04-30 05:15:56,772 - INFO - Skipping TIINDIA.NS - already have an open position
2025-04-30 05:15:56,772 - INFO - Processing ticker 8: SONACOMS.NS
2025-04-30 05:15:56,774 - INFO - Skipping SONACOMS.NS - already have an open position
2025-04-30 05:15:56,774 - INFO - Processing ticker 9: SAREGAMA.NS
2025-04-30 05:15:56,774 - INFO - Skipping SAREGAMA.NS - already have an open position
2025-04-30 05:15:56,775 - INFO - Ticker processing summary:
2025-04-30 05:15:56,776 - INFO -   Total tickers considered: 9
2025-04-30 05:15:56,777 - INFO -   Tickers with sector data: 4
2025-04-30 05:15:56,779 - INFO -   Tickers matching strategy: 0
2025-04-30 05:15:56,779 - INFO -   Tickers with security ID: 0
2025-04-30 05:15:56,780 - INFO -   Orders successfully placed: 0
2025-04-30 05:15:56,780 - INFO - New positions added: 0
2025-04-30 05:15:56,780 - INFO - Positions skipped: 9
2025-04-30 05:15:56,780 - INFO - Positions with errors: 0
2025-04-30 05:15:56,781 - INFO - 
==================================================
NEW OPPORTUNITIES PROCESSING COMPLETE
==================================================
2025-04-30 05:15:56,781 - INFO - 
==================================================
SECTOR PROCESSING COMPLETE
==================================================
2025-04-30 05:15:56,783 - INFO - Saved 4 positions to dhan_positions.json
2025-04-30 05:15:56,784 - INFO - 
==================================================
POSITIONS SUMMARY
==================================================
2025-04-30 05:15:56,785 - INFO - Current positions summary:
2025-04-30 05:15:56,786 - INFO -   Open BUY positions: 0
2025-04-30 05:15:56,786 - INFO -   Open SELL positions: 4
2025-04-30 05:15:56,786 - INFO -   Closed positions: 0
2025-04-30 05:15:56,787 - INFO -   Total positions: 4
2025-04-30 05:15:56,787 - INFO - Open positions:
2025-04-30 05:15:56,787 - INFO -   SELL RELIANCE.NS (Sector: Energy, Entry: 2025-04-30 05:01:34, Order ID: 212504306752, SL%: 1.0%, Target%: 1.0%)
2025-04-30 05:15:56,788 - INFO -   SELL TIINDIA.NS (Sector: Auto, Entry: 2025-04-30 05:01:46, Order ID: 512504306332, SL%: 1.0%, Target%: 1%)
2025-04-30 05:15:56,788 - INFO -   SELL SONACOMS.NS (Sector: Auto, Entry: 2025-04-30 05:01:59, Order ID: 412504306422, SL%: 1.0%, Target%: 1.0%)
2025-04-30 05:15:56,788 - INFO -   SELL SAREGAMA.NS (Sector: Media, Entry: 2025-04-30 05:02:11, Order ID: 412504306512, SL%: 1.0%, Target%: 1%)
2025-04-30 05:15:56,788 - INFO - 
==================================================
POSITIONS SUMMARY COMPLETE
==================================================
2025-04-30 05:15:56,789 - INFO - Trading cycle 28 completed
2025-04-30 05:15:56,791 - INFO - Waiting 30 seconds until next check at 05:16:26...
2025-04-30 05:15:56,794 - INFO - 
==================================================
CYCLE 28 COMPLETE
==================================================
2025-04-30 05:16:26,805 - INFO - 
==================================================
TRADING CYCLE 29
==================================================
2025-04-30 05:16:26,807 - INFO - Trading cycle 29 started at 2025-04-30 05:16:26
2025-04-30 05:16:26,809 - INFO - 
==================================================
READING SECTOR PERFORMANCE DATA
==================================================
2025-04-30 05:16:26,810 - INFO - Reading sector performance data from sector.csv
2025-04-30 05:16:26,812 - INFO - File last modified: 2025-04-30 05:16:06
2025-04-30 05:16:26,843 - INFO - Latest timestamp in data: 2025-04-30 05:16:06
2025-04-30 05:16:26,844 - INFO - Loaded data for 10 sectors
2025-04-30 05:16:26,844 - INFO - Sector performance details:
2025-04-30 05:16:26,845 - INFO -   IT: POSITIVE (1.23%)
2025-04-30 05:16:26,847 - INFO -   PSU Bank: NEGATIVE (-0.05%)
2025-04-30 05:16:26,847 - INFO -   Auto: NEGATIVE (-0.24%)
2025-04-30 05:16:26,848 - INFO -   FMCG: NEGATIVE (-0.26%)
2025-04-30 05:16:26,849 - INFO -   Realty: NEGATIVE (-0.26%)
2025-04-30 05:16:26,850 - INFO -   Energy: NEGATIVE (-0.29%)
2025-04-30 05:16:26,851 - INFO -   Financial Services: NEGATIVE (-0.37%)
2025-04-30 05:16:26,852 - INFO -   Media: NEGATIVE (-0.79%)
2025-04-30 05:16:26,858 - INFO -   Metal: NEGATIVE (-0.95%)
2025-04-30 05:16:26,859 - INFO -   Pharma: NEGATIVE (-1.06%)
2025-04-30 05:16:26,860 - INFO - 
==================================================
SECTOR DATA READ COMPLETE
==================================================
2025-04-30 05:16:26,860 - INFO - 
==================================================
PROCESSING SECTOR DATA
==================================================
2025-04-30 05:16:26,862 - INFO - Processed performance data for 10 sectors
2025-04-30 05:16:26,862 - INFO - Processing existing positions for potential exits...
2025-04-30 05:16:26,863 - INFO - 
==================================================
PROCESSING EXISTING POSITIONS
==================================================
2025-04-30 05:16:26,863 - INFO - Processing 4 existing positions
2025-04-30 05:16:26,863 - INFO - Checking position: SELL RELIANCE.NS (Sector: Energy)
2025-04-30 05:16:26,864 - INFO - SECURITY ID LOOKUP: Searching for RELIANCE.NS
2025-04-30 05:16:26,864 - INFO - Trying exact match for 'RELIANCE.NS'
2025-04-30 05:16:26,864 - INFO - FOUND EXACT MATCH: ID 2885 for RELIANCE.NS
2025-04-30 05:16:26,865 - INFO - Sector Energy is NEGATIVE with -0.29% change
2025-04-30 05:16:26,865 - INFO - Getting current market price for RELIANCE.NS
2025-04-30 05:16:26,865 - INFO - Failed to get quote using symbol: 'dhanhq' object has no attribute 'get_quote'
2025-04-30 05:16:26,866 - INFO - Failed to get LTP using security_id: 'dhanhq' object has no attribute 'get_ltp'
2025-04-30 05:16:26,866 - INFO - Failed to get price from candles: 'dhanhq' object has no attribute 'intraday_daily_minute_charts'
2025-04-30 05:16:26,866 - ERROR - Could not get current market price for RELIANCE.NS
2025-04-30 05:16:26,867 - WARNING - Could not get current market price for RELIANCE.NS
2025-04-30 05:16:26,867 - INFO - Checking position: SELL TIINDIA.NS (Sector: Auto)
2025-04-30 05:16:26,867 - INFO - SECURITY ID LOOKUP: Searching for TIINDIA.NS
2025-04-30 05:16:26,868 - INFO - Trying exact match for 'TIINDIA.NS'
2025-04-30 05:16:26,869 - INFO - FOUND EXACT MATCH: ID 312 for TIINDIA.NS
2025-04-30 05:16:26,869 - INFO - Sector Auto is NEGATIVE with -0.24% change
2025-04-30 05:16:26,869 - INFO - Getting current market price for TIINDIA.NS
2025-04-30 05:16:26,874 - INFO - Failed to get quote using symbol: 'dhanhq' object has no attribute 'get_quote'
2025-04-30 05:16:26,874 - INFO - Failed to get LTP using security_id: 'dhanhq' object has no attribute 'get_ltp'
2025-04-30 05:16:26,875 - INFO - Failed to get price from candles: 'dhanhq' object has no attribute 'intraday_daily_minute_charts'
2025-04-30 05:16:26,875 - ERROR - Could not get current market price for TIINDIA.NS
2025-04-30 05:16:26,876 - WARNING - Could not get current market price for TIINDIA.NS
2025-04-30 05:16:26,876 - INFO - Checking position: SELL SONACOMS.NS (Sector: Auto)
2025-04-30 05:16:26,876 - INFO - SECURITY ID LOOKUP: Searching for SONACOMS.NS
2025-04-30 05:16:26,877 - INFO - Trying exact match for 'SONACOMS.NS'
2025-04-30 05:16:26,877 - INFO - FOUND EXACT MATCH: ID 4684 for SONACOMS.NS
2025-04-30 05:16:26,877 - INFO - Sector Auto is NEGATIVE with -0.24% change
2025-04-30 05:16:26,878 - INFO - Getting current market price for SONACOMS.NS
2025-04-30 05:16:26,878 - INFO - Failed to get quote using symbol: 'dhanhq' object has no attribute 'get_quote'
2025-04-30 05:16:26,878 - INFO - Failed to get LTP using security_id: 'dhanhq' object has no attribute 'get_ltp'
2025-04-30 05:16:26,879 - INFO - Failed to get price from candles: 'dhanhq' object has no attribute 'intraday_daily_minute_charts'
2025-04-30 05:16:26,879 - ERROR - Could not get current market price for SONACOMS.NS
2025-04-30 05:16:26,879 - WARNING - Could not get current market price for SONACOMS.NS
2025-04-30 05:16:26,880 - INFO - Checking position: SELL SAREGAMA.NS (Sector: Media)
2025-04-30 05:16:26,880 - INFO - SECURITY ID LOOKUP: Searching for SAREGAMA.NS
2025-04-30 05:16:26,880 - INFO - Trying exact match for 'SAREGAMA.NS'
2025-04-30 05:16:26,881 - INFO - FOUND EXACT MATCH: ID 4892 for SAREGAMA.NS
2025-04-30 05:16:26,881 - INFO - Sector Media is NEGATIVE with -0.79% change
2025-04-30 05:16:26,881 - INFO - Getting current market price for SAREGAMA.NS
2025-04-30 05:16:26,881 - INFO - Failed to get quote using symbol: 'dhanhq' object has no attribute 'get_quote'
2025-04-30 05:16:26,882 - INFO - Failed to get LTP using security_id: 'dhanhq' object has no attribute 'get_ltp'
2025-04-30 05:16:26,882 - INFO - Failed to get price from candles: 'dhanhq' object has no attribute 'intraday_daily_minute_charts'
2025-04-30 05:16:26,882 - ERROR - Could not get current market price for SAREGAMA.NS
2025-04-30 05:16:26,883 - WARNING - Could not get current market price for SAREGAMA.NS
2025-04-30 05:16:26,883 - INFO - No positions needed to be exited
2025-04-30 05:16:26,883 - INFO - 
==================================================
POSITION PROCESSING COMPLETE
==================================================
2025-04-30 05:16:26,884 - INFO - Looking for new trading opportunities...
2025-04-30 05:16:26,884 - INFO - 
==================================================
FINDING NEW TRADING OPPORTUNITIES
==================================================
2025-04-30 05:16:26,885 - INFO - Found 9 active tickers out of 9 total
2025-04-30 05:16:26,885 - INFO - Processing tickers in order: ['SYNGENE.NS', 'ZEEL.NS', 'Lauraslabs.NS', 'ADANIENT.NS', 'IPCALAB.NS', 'RELIANCE.NS', 'TIINDIA.NS', 'SONACOMS.NS', 'SAREGAMA.NS']
2025-04-30 05:16:26,885 - INFO - Already have open positions for: ['RELIANCE.NS', 'TIINDIA.NS', 'SONACOMS.NS', 'SAREGAMA.NS']
2025-04-30 05:16:26,885 - INFO - Current sector performances:
2025-04-30 05:16:26,886 - INFO -   Sector IT: POSITIVE (1.23%)
2025-04-30 05:16:26,886 - INFO -   Sector PSU Bank: NEGATIVE (-0.05%)
2025-04-30 05:16:26,888 - INFO -   Sector Auto: NEGATIVE (-0.24%)
2025-04-30 05:16:26,890 - INFO -   Sector FMCG: NEGATIVE (-0.26%)
2025-04-30 05:16:26,890 - INFO -   Sector Realty: NEGATIVE (-0.26%)
2025-04-30 05:16:26,891 - INFO -   Sector Energy: NEGATIVE (-0.29%)
2025-04-30 05:16:26,891 - INFO -   Sector Financial Services: NEGATIVE (-0.37%)
2025-04-30 05:16:26,891 - INFO -   Sector Media: NEGATIVE (-0.79%)
2025-04-30 05:16:26,892 - INFO -   Sector Metal: NEGATIVE (-0.95%)
2025-04-30 05:16:26,892 - INFO -   Sector Pharma: NEGATIVE (-1.06%)
2025-04-30 05:16:26,892 - INFO - Processing ticker 1: SYNGENE.NS
2025-04-30 05:16:26,892 - INFO - Found sector Pharma for SYNGENE.NS
2025-04-30 05:16:26,892 - INFO - Evaluating SYNGENE.NS in sector Pharma (-1.06%)
2025-04-30 05:16:26,893 - INFO - Not trading SYNGENE.NS - sector performance doesn't match strategy
2025-04-30 05:16:26,893 - INFO -   Transaction type: BUY
2025-04-30 05:16:26,893 - INFO -   Sector is_positive: False
2025-04-30 05:16:26,893 - INFO - Processing ticker 2: ZEEL.NS
2025-04-30 05:16:26,894 - INFO - Found sector Media for ZEEL.NS
2025-04-30 05:16:26,894 - INFO - Evaluating ZEEL.NS in sector Media (-0.79%)
2025-04-30 05:16:26,894 - INFO - Not trading ZEEL.NS - sector performance doesn't match strategy
2025-04-30 05:16:26,895 - INFO -   Transaction type: BUY
2025-04-30 05:16:26,895 - INFO -   Sector is_positive: False
2025-04-30 05:16:26,895 - INFO - Processing ticker 3: Lauraslabs.NS
2025-04-30 05:16:26,896 - WARNING - Could not find sector for Lauraslabs.NS in sector mapping
2025-04-30 05:16:26,896 - INFO - Processing ticker 4: ADANIENT.NS
2025-04-30 05:16:26,896 - INFO - Found sector Metal for ADANIENT.NS
2025-04-30 05:16:26,896 - INFO - Evaluating ADANIENT.NS in sector Metal (-0.95%)
2025-04-30 05:16:26,897 - INFO - Not trading ADANIENT.NS - sector performance doesn't match strategy
2025-04-30 05:16:26,897 - INFO -   Transaction type: BUY
2025-04-30 05:16:26,897 - INFO -   Sector is_positive: False
2025-04-30 05:16:26,897 - INFO - Processing ticker 5: IPCALAB.NS
2025-04-30 05:16:26,898 - INFO - Found sector Pharma for IPCALAB.NS
2025-04-30 05:16:26,898 - INFO - Evaluating IPCALAB.NS in sector Pharma (-1.06%)
2025-04-30 05:16:26,898 - INFO - Not trading IPCALAB.NS - sector performance doesn't match strategy
2025-04-30 05:16:26,898 - INFO -   Transaction type: BUY
2025-04-30 05:16:26,899 - INFO -   Sector is_positive: False
2025-04-30 05:16:26,899 - INFO - Processing ticker 6: RELIANCE.NS
2025-04-30 05:16:26,899 - INFO - Skipping RELIANCE.NS - already have an open position
2025-04-30 05:16:26,900 - INFO - Processing ticker 7: TIINDIA.NS
2025-04-30 05:16:26,900 - INFO - Skipping TIINDIA.NS - already have an open position
2025-04-30 05:16:26,900 - INFO - Processing ticker 8: SONACOMS.NS
2025-04-30 05:16:26,900 - INFO - Skipping SONACOMS.NS - already have an open position
2025-04-30 05:16:26,901 - INFO - Processing ticker 9: SAREGAMA.NS
2025-04-30 05:16:26,901 - INFO - Skipping SAREGAMA.NS - already have an open position
2025-04-30 05:16:26,901 - INFO - Ticker processing summary:
2025-04-30 05:16:26,901 - INFO -   Total tickers considered: 9
2025-04-30 05:16:26,902 - INFO -   Tickers with sector data: 4
2025-04-30 05:16:26,902 - INFO -   Tickers matching strategy: 0
2025-04-30 05:16:26,902 - INFO -   Tickers with security ID: 0
2025-04-30 05:16:26,903 - INFO -   Orders successfully placed: 0
2025-04-30 05:16:26,907 - INFO - New positions added: 0
2025-04-30 05:16:26,907 - INFO - Positions skipped: 9
2025-04-30 05:16:26,908 - INFO - Positions with errors: 0
2025-04-30 05:16:26,908 - INFO - 
==================================================
NEW OPPORTUNITIES PROCESSING COMPLETE
==================================================
2025-04-30 05:16:26,908 - INFO - 
==================================================
SECTOR PROCESSING COMPLETE
==================================================
2025-04-30 05:16:26,910 - INFO - Saved 4 positions to dhan_positions.json
2025-04-30 05:16:26,910 - INFO - 
==================================================
POSITIONS SUMMARY
==================================================
2025-04-30 05:16:26,911 - INFO - Current positions summary:
2025-04-30 05:16:26,912 - INFO -   Open BUY positions: 0
2025-04-30 05:16:26,912 - INFO -   Open SELL positions: 4
2025-04-30 05:16:26,912 - INFO -   Closed positions: 0
2025-04-30 05:16:26,913 - INFO -   Total positions: 4
2025-04-30 05:16:26,913 - INFO - Open positions:
2025-04-30 05:16:26,913 - INFO -   SELL RELIANCE.NS (Sector: Energy, Entry: 2025-04-30 05:01:34, Order ID: 212504306752, SL%: 1.0%, Target%: 1.0%)
2025-04-30 05:16:26,913 - INFO -   SELL TIINDIA.NS (Sector: Auto, Entry: 2025-04-30 05:01:46, Order ID: 512504306332, SL%: 1.0%, Target%: 1%)
2025-04-30 05:16:26,914 - INFO -   SELL SONACOMS.NS (Sector: Auto, Entry: 2025-04-30 05:01:59, Order ID: 412504306422, SL%: 1.0%, Target%: 1.0%)
2025-04-30 05:16:26,914 - INFO -   SELL SAREGAMA.NS (Sector: Media, Entry: 2025-04-30 05:02:11, Order ID: 412504306512, SL%: 1.0%, Target%: 1%)
2025-04-30 05:16:26,914 - INFO - 
==================================================
POSITIONS SUMMARY COMPLETE
==================================================
2025-04-30 05:16:26,914 - INFO - Trading cycle 29 completed
2025-04-30 05:16:26,915 - INFO - Waiting 30 seconds until next check at 05:16:56...
2025-04-30 05:16:26,915 - INFO - 
==================================================
CYCLE 29 COMPLETE
==================================================
2025-04-30 05:16:56,918 - INFO - 
==================================================
TRADING CYCLE 30
==================================================
2025-04-30 05:16:56,918 - INFO - Trading cycle 30 started at 2025-04-30 05:16:56
2025-04-30 05:16:56,919 - INFO - 
==================================================
READING SECTOR PERFORMANCE DATA
==================================================
2025-04-30 05:16:56,919 - INFO - Reading sector performance data from sector.csv
2025-04-30 05:16:56,919 - INFO - File last modified: 2025-04-30 05:16:06
2025-04-30 05:16:56,921 - INFO - Latest timestamp in data: 2025-04-30 05:16:06
2025-04-30 05:16:56,922 - INFO - Loaded data for 10 sectors
2025-04-30 05:16:56,922 - INFO - Sector performance details:
2025-04-30 05:16:56,923 - INFO -   IT: POSITIVE (1.23%)
2025-04-30 05:16:56,923 - INFO -   PSU Bank: NEGATIVE (-0.05%)
2025-04-30 05:16:56,924 - INFO -   Auto: NEGATIVE (-0.24%)
2025-04-30 05:16:56,952 - INFO -   FMCG: NEGATIVE (-0.26%)
2025-04-30 05:16:56,953 - INFO -   Realty: NEGATIVE (-0.26%)
2025-04-30 05:16:56,967 - INFO -   Energy: NEGATIVE (-0.29%)
2025-04-30 05:16:56,988 - INFO -   Financial Services: NEGATIVE (-0.37%)
2025-04-30 05:16:56,990 - INFO -   Media: NEGATIVE (-0.79%)
2025-04-30 05:16:57,031 - INFO -   Metal: NEGATIVE (-0.95%)
2025-04-30 05:16:57,032 - INFO -   Pharma: NEGATIVE (-1.06%)
2025-04-30 05:16:57,032 - INFO - 
==================================================
SECTOR DATA READ COMPLETE
==================================================
2025-04-30 05:16:57,034 - INFO - 
==================================================
PROCESSING SECTOR DATA
==================================================
2025-04-30 05:16:57,039 - INFO - Processed performance data for 10 sectors
2025-04-30 05:16:57,040 - INFO - Processing existing positions for potential exits...
2025-04-30 05:16:57,040 - INFO - 
==================================================
PROCESSING EXISTING POSITIONS
==================================================
2025-04-30 05:16:57,041 - INFO - Processing 4 existing positions
2025-04-30 05:16:57,042 - INFO - Checking position: SELL RELIANCE.NS (Sector: Energy)
2025-04-30 05:16:57,042 - INFO - SECURITY ID LOOKUP: Searching for RELIANCE.NS
2025-04-30 05:16:57,043 - INFO - Trying exact match for 'RELIANCE.NS'
2025-04-30 05:16:57,057 - INFO - FOUND EXACT MATCH: ID 2885 for RELIANCE.NS
2025-04-30 05:16:57,058 - INFO - Sector Energy is NEGATIVE with -0.29% change
2025-04-30 05:16:57,059 - INFO - Getting current market price for RELIANCE.NS
2025-04-30 05:16:57,060 - INFO - Failed to get quote using symbol: 'dhanhq' object has no attribute 'get_quote'
2025-04-30 05:16:57,061 - INFO - Failed to get LTP using security_id: 'dhanhq' object has no attribute 'get_ltp'
2025-04-30 05:16:57,061 - INFO - Failed to get price from candles: 'dhanhq' object has no attribute 'intraday_daily_minute_charts'
2025-04-30 05:16:57,064 - ERROR - Could not get current market price for RELIANCE.NS
2025-04-30 05:16:57,065 - WARNING - Could not get current market price for RELIANCE.NS
2025-04-30 05:16:57,065 - INFO - Checking position: SELL TIINDIA.NS (Sector: Auto)
2025-04-30 05:16:57,065 - INFO - SECURITY ID LOOKUP: Searching for TIINDIA.NS
2025-04-30 05:16:57,065 - INFO - Trying exact match for 'TIINDIA.NS'
2025-04-30 05:16:57,066 - INFO - FOUND EXACT MATCH: ID 312 for TIINDIA.NS
2025-04-30 05:16:57,066 - INFO - Sector Auto is NEGATIVE with -0.24% change
2025-04-30 05:16:57,067 - INFO - Getting current market price for TIINDIA.NS
2025-04-30 05:16:57,068 - INFO - Failed to get quote using symbol: 'dhanhq' object has no attribute 'get_quote'
2025-04-30 05:16:57,070 - INFO - Failed to get LTP using security_id: 'dhanhq' object has no attribute 'get_ltp'
2025-04-30 05:16:57,071 - INFO - Failed to get price from candles: 'dhanhq' object has no attribute 'intraday_daily_minute_charts'
2025-04-30 05:16:57,072 - ERROR - Could not get current market price for TIINDIA.NS
2025-04-30 05:16:57,073 - WARNING - Could not get current market price for TIINDIA.NS
2025-04-30 05:16:57,074 - INFO - Checking position: SELL SONACOMS.NS (Sector: Auto)
2025-04-30 05:16:57,074 - INFO - SECURITY ID LOOKUP: Searching for SONACOMS.NS
2025-04-30 05:16:57,074 - INFO - Trying exact match for 'SONACOMS.NS'
2025-04-30 05:16:57,075 - INFO - FOUND EXACT MATCH: ID 4684 for SONACOMS.NS
2025-04-30 05:16:57,075 - INFO - Sector Auto is NEGATIVE with -0.24% change
2025-04-30 05:16:57,076 - INFO - Getting current market price for SONACOMS.NS
2025-04-30 05:16:57,076 - INFO - Failed to get quote using symbol: 'dhanhq' object has no attribute 'get_quote'
2025-04-30 05:16:57,077 - INFO - Failed to get LTP using security_id: 'dhanhq' object has no attribute 'get_ltp'
2025-04-30 05:16:57,077 - INFO - Failed to get price from candles: 'dhanhq' object has no attribute 'intraday_daily_minute_charts'
2025-04-30 05:16:57,077 - ERROR - Could not get current market price for SONACOMS.NS
2025-04-30 05:16:57,077 - WARNING - Could not get current market price for SONACOMS.NS
2025-04-30 05:16:57,078 - INFO - Checking position: SELL SAREGAMA.NS (Sector: Media)
2025-04-30 05:16:57,078 - INFO - SECURITY ID LOOKUP: Searching for SAREGAMA.NS
2025-04-30 05:16:57,078 - INFO - Trying exact match for 'SAREGAMA.NS'
2025-04-30 05:16:57,079 - INFO - FOUND EXACT MATCH: ID 4892 for SAREGAMA.NS
2025-04-30 05:16:57,079 - INFO - Sector Media is NEGATIVE with -0.79% change
2025-04-30 05:16:57,079 - INFO - Getting current market price for SAREGAMA.NS
2025-04-30 05:16:57,079 - INFO - Failed to get quote using symbol: 'dhanhq' object has no attribute 'get_quote'
2025-04-30 05:16:57,080 - INFO - Failed to get LTP using security_id: 'dhanhq' object has no attribute 'get_ltp'
2025-04-30 05:16:57,080 - INFO - Failed to get price from candles: 'dhanhq' object has no attribute 'intraday_daily_minute_charts'
2025-04-30 05:16:57,080 - ERROR - Could not get current market price for SAREGAMA.NS
2025-04-30 05:16:57,081 - WARNING - Could not get current market price for SAREGAMA.NS
2025-04-30 05:16:57,082 - INFO - No positions needed to be exited
2025-04-30 05:16:57,082 - INFO - 
==================================================
POSITION PROCESSING COMPLETE
==================================================
2025-04-30 05:16:57,086 - INFO - Looking for new trading opportunities...
2025-04-30 05:16:57,087 - INFO - 
==================================================
FINDING NEW TRADING OPPORTUNITIES
==================================================
2025-04-30 05:16:57,089 - INFO - Found 9 active tickers out of 9 total
2025-04-30 05:16:57,089 - INFO - Processing tickers in order: ['SYNGENE.NS', 'ZEEL.NS', 'Lauraslabs.NS', 'ADANIENT.NS', 'IPCALAB.NS', 'RELIANCE.NS', 'TIINDIA.NS', 'SONACOMS.NS', 'SAREGAMA.NS']
2025-04-30 05:16:57,090 - INFO - Already have open positions for: ['RELIANCE.NS', 'TIINDIA.NS', 'SONACOMS.NS', 'SAREGAMA.NS']
2025-04-30 05:16:57,090 - INFO - Current sector performances:
2025-04-30 05:16:57,090 - INFO -   Sector IT: POSITIVE (1.23%)
2025-04-30 05:16:57,091 - INFO -   Sector PSU Bank: NEGATIVE (-0.05%)
2025-04-30 05:16:57,091 - INFO -   Sector Auto: NEGATIVE (-0.24%)
2025-04-30 05:16:57,092 - INFO -   Sector FMCG: NEGATIVE (-0.26%)
2025-04-30 05:16:57,092 - INFO -   Sector Realty: NEGATIVE (-0.26%)
2025-04-30 05:16:57,092 - INFO -   Sector Energy: NEGATIVE (-0.29%)
2025-04-30 05:16:57,092 - INFO -   Sector Financial Services: NEGATIVE (-0.37%)
2025-04-30 05:16:57,093 - INFO -   Sector Media: NEGATIVE (-0.79%)
2025-04-30 05:16:57,093 - INFO -   Sector Metal: NEGATIVE (-0.95%)
2025-04-30 05:16:57,093 - INFO -   Sector Pharma: NEGATIVE (-1.06%)
2025-04-30 05:16:57,094 - INFO - Processing ticker 1: SYNGENE.NS
2025-04-30 05:16:57,094 - INFO - Found sector Pharma for SYNGENE.NS
2025-04-30 05:16:57,094 - INFO - Evaluating SYNGENE.NS in sector Pharma (-1.06%)
2025-04-30 05:16:57,095 - INFO - Not trading SYNGENE.NS - sector performance doesn't match strategy
2025-04-30 05:16:57,095 - INFO -   Transaction type: BUY
2025-04-30 05:16:57,095 - INFO -   Sector is_positive: False
2025-04-30 05:16:57,096 - INFO - Processing ticker 2: ZEEL.NS
2025-04-30 05:16:57,096 - INFO - Found sector Media for ZEEL.NS
2025-04-30 05:16:57,096 - INFO - Evaluating ZEEL.NS in sector Media (-0.79%)
2025-04-30 05:16:57,097 - INFO - Not trading ZEEL.NS - sector performance doesn't match strategy
2025-04-30 05:16:57,097 - INFO -   Transaction type: BUY
2025-04-30 05:16:57,097 - INFO -   Sector is_positive: False
2025-04-30 05:16:57,098 - INFO - Processing ticker 3: Lauraslabs.NS
2025-04-30 05:16:57,098 - WARNING - Could not find sector for Lauraslabs.NS in sector mapping
2025-04-30 05:16:57,098 - INFO - Processing ticker 4: ADANIENT.NS
2025-04-30 05:16:57,098 - INFO - Found sector Metal for ADANIENT.NS
2025-04-30 05:16:57,099 - INFO - Evaluating ADANIENT.NS in sector Metal (-0.95%)
2025-04-30 05:16:57,100 - INFO - Not trading ADANIENT.NS - sector performance doesn't match strategy
2025-04-30 05:16:57,102 - INFO -   Transaction type: BUY
2025-04-30 05:16:57,104 - INFO -   Sector is_positive: False
2025-04-30 05:16:57,105 - INFO - Processing ticker 5: IPCALAB.NS
2025-04-30 05:16:57,105 - INFO - Found sector Pharma for IPCALAB.NS
2025-04-30 05:16:57,106 - INFO - Evaluating IPCALAB.NS in sector Pharma (-1.06%)
2025-04-30 05:16:57,106 - INFO - Not trading IPCALAB.NS - sector performance doesn't match strategy
2025-04-30 05:16:57,106 - INFO -   Transaction type: BUY
2025-04-30 05:16:57,107 - INFO -   Sector is_positive: False
2025-04-30 05:16:57,107 - INFO - Processing ticker 6: RELIANCE.NS
2025-04-30 05:16:57,107 - INFO - Skipping RELIANCE.NS - already have an open position
2025-04-30 05:16:57,108 - INFO - Processing ticker 7: TIINDIA.NS
2025-04-30 05:16:57,108 - INFO - Skipping TIINDIA.NS - already have an open position
2025-04-30 05:16:57,108 - INFO - Processing ticker 8: SONACOMS.NS
2025-04-30 05:16:57,108 - INFO - Skipping SONACOMS.NS - already have an open position
2025-04-30 05:16:57,109 - INFO - Processing ticker 9: SAREGAMA.NS
2025-04-30 05:16:57,109 - INFO - Skipping SAREGAMA.NS - already have an open position
2025-04-30 05:16:57,109 - INFO - Ticker processing summary:
2025-04-30 05:16:57,110 - INFO -   Total tickers considered: 9
2025-04-30 05:16:57,110 - INFO -   Tickers with sector data: 4
2025-04-30 05:16:57,110 - INFO -   Tickers matching strategy: 0
2025-04-30 05:16:57,111 - INFO -   Tickers with security ID: 0
2025-04-30 05:16:57,111 - INFO -   Orders successfully placed: 0
2025-04-30 05:16:57,111 - INFO - New positions added: 0
2025-04-30 05:16:57,112 - INFO - Positions skipped: 9
2025-04-30 05:16:57,112 - INFO - Positions with errors: 0
2025-04-30 05:16:57,113 - INFO - 
==================================================
NEW OPPORTUNITIES PROCESSING COMPLETE
==================================================
2025-04-30 05:16:57,113 - INFO - 
==================================================
SECTOR PROCESSING COMPLETE
==================================================
2025-04-30 05:16:57,117 - INFO - Saved 4 positions to dhan_positions.json
2025-04-30 05:16:57,120 - INFO - 
==================================================
POSITIONS SUMMARY
==================================================
2025-04-30 05:16:57,122 - INFO - Current positions summary:
2025-04-30 05:16:57,122 - INFO -   Open BUY positions: 0
2025-04-30 05:16:57,122 - INFO -   Open SELL positions: 4
2025-04-30 05:16:57,123 - INFO -   Closed positions: 0
2025-04-30 05:16:57,123 - INFO -   Total positions: 4
2025-04-30 05:16:57,123 - INFO - Open positions:
2025-04-30 05:16:57,123 - INFO -   SELL RELIANCE.NS (Sector: Energy, Entry: 2025-04-30 05:01:34, Order ID: 212504306752, SL%: 1.0%, Target%: 1.0%)
2025-04-30 05:16:57,124 - INFO -   SELL TIINDIA.NS (Sector: Auto, Entry: 2025-04-30 05:01:46, Order ID: 512504306332, SL%: 1.0%, Target%: 1%)
2025-04-30 05:16:57,124 - INFO -   SELL SONACOMS.NS (Sector: Auto, Entry: 2025-04-30 05:01:59, Order ID: 412504306422, SL%: 1.0%, Target%: 1.0%)
2025-04-30 05:16:57,125 - INFO -   SELL SAREGAMA.NS (Sector: Media, Entry: 2025-04-30 05:02:11, Order ID: 412504306512, SL%: 1.0%, Target%: 1%)
2025-04-30 05:16:57,125 - INFO - 
==================================================
POSITIONS SUMMARY COMPLETE
==================================================
2025-04-30 05:16:57,125 - INFO - Trading cycle 30 completed
2025-04-30 05:16:57,126 - INFO - Waiting 30 seconds until next check at 05:17:27...
2025-04-30 05:16:57,126 - INFO - 
==================================================
CYCLE 30 COMPLETE
==================================================
2025-04-30 05:17:27,136 - INFO - 
==================================================
TRADING CYCLE 31
==================================================
2025-04-30 05:17:27,137 - INFO - Trading cycle 31 started at 2025-04-30 05:17:27
2025-04-30 05:17:27,137 - INFO - 
==================================================
READING SECTOR PERFORMANCE DATA
==================================================
2025-04-30 05:17:27,138 - INFO - Reading sector performance data from sector.csv
2025-04-30 05:17:27,138 - INFO - File last modified: 2025-04-30 05:16:06
2025-04-30 05:17:27,141 - INFO - Latest timestamp in data: 2025-04-30 05:16:06
2025-04-30 05:17:27,142 - INFO - Loaded data for 10 sectors
2025-04-30 05:17:27,142 - INFO - Sector performance details:
2025-04-30 05:17:27,143 - INFO -   IT: POSITIVE (1.23%)
2025-04-30 05:17:27,144 - INFO -   PSU Bank: NEGATIVE (-0.05%)
2025-04-30 05:17:27,145 - INFO -   Auto: NEGATIVE (-0.24%)
2025-04-30 05:17:27,146 - INFO -   FMCG: NEGATIVE (-0.26%)
2025-04-30 05:17:27,152 - INFO -   Realty: NEGATIVE (-0.26%)
2025-04-30 05:17:27,153 - INFO -   Energy: NEGATIVE (-0.29%)
2025-04-30 05:17:27,154 - INFO -   Financial Services: NEGATIVE (-0.37%)
2025-04-30 05:17:27,155 - INFO -   Media: NEGATIVE (-0.79%)
2025-04-30 05:17:27,155 - INFO -   Metal: NEGATIVE (-0.95%)
2025-04-30 05:17:27,156 - INFO -   Pharma: NEGATIVE (-1.06%)
2025-04-30 05:17:27,156 - INFO - 
==================================================
SECTOR DATA READ COMPLETE
==================================================
2025-04-30 05:17:27,157 - INFO - 
==================================================
PROCESSING SECTOR DATA
==================================================
2025-04-30 05:17:27,159 - INFO - Processed performance data for 10 sectors
2025-04-30 05:17:27,160 - INFO - Processing existing positions for potential exits...
2025-04-30 05:17:27,160 - INFO - 
==================================================
PROCESSING EXISTING POSITIONS
==================================================
2025-04-30 05:17:27,161 - INFO - Processing 4 existing positions
2025-04-30 05:17:27,161 - INFO - Checking position: SELL RELIANCE.NS (Sector: Energy)
2025-04-30 05:17:27,162 - INFO - SECURITY ID LOOKUP: Searching for RELIANCE.NS
2025-04-30 05:17:27,162 - INFO - Trying exact match for 'RELIANCE.NS'
2025-04-30 05:17:27,163 - INFO - FOUND EXACT MATCH: ID 2885 for RELIANCE.NS
2025-04-30 05:17:27,166 - INFO - Sector Energy is NEGATIVE with -0.29% change
2025-04-30 05:17:27,169 - INFO - Getting current market price for RELIANCE.NS
2025-04-30 05:17:27,170 - INFO - Failed to get quote using symbol: 'dhanhq' object has no attribute 'get_quote'
2025-04-30 05:17:27,170 - INFO - Failed to get LTP using security_id: 'dhanhq' object has no attribute 'get_ltp'
2025-04-30 05:17:27,171 - INFO - Failed to get price from candles: 'dhanhq' object has no attribute 'intraday_daily_minute_charts'
2025-04-30 05:17:27,171 - ERROR - Could not get current market price for RELIANCE.NS
2025-04-30 05:17:27,172 - WARNING - Could not get current market price for RELIANCE.NS
2025-04-30 05:17:27,172 - INFO - Checking position: SELL TIINDIA.NS (Sector: Auto)
2025-04-30 05:17:27,172 - INFO - SECURITY ID LOOKUP: Searching for TIINDIA.NS
2025-04-30 05:17:27,173 - INFO - Trying exact match for 'TIINDIA.NS'
2025-04-30 05:17:27,173 - INFO - FOUND EXACT MATCH: ID 312 for TIINDIA.NS
2025-04-30 05:17:27,174 - INFO - Sector Auto is NEGATIVE with -0.24% change
2025-04-30 05:17:27,174 - INFO - Getting current market price for TIINDIA.NS
2025-04-30 05:17:27,175 - INFO - Failed to get quote using symbol: 'dhanhq' object has no attribute 'get_quote'
2025-04-30 05:17:27,175 - INFO - Failed to get LTP using security_id: 'dhanhq' object has no attribute 'get_ltp'
2025-04-30 05:17:27,176 - INFO - Failed to get price from candles: 'dhanhq' object has no attribute 'intraday_daily_minute_charts'
2025-04-30 05:17:27,176 - ERROR - Could not get current market price for TIINDIA.NS
2025-04-30 05:17:27,177 - WARNING - Could not get current market price for TIINDIA.NS
2025-04-30 05:17:27,177 - INFO - Checking position: SELL SONACOMS.NS (Sector: Auto)
2025-04-30 05:17:27,178 - INFO - SECURITY ID LOOKUP: Searching for SONACOMS.NS
2025-04-30 05:17:27,178 - INFO - Trying exact match for 'SONACOMS.NS'
2025-04-30 05:17:27,179 - INFO - FOUND EXACT MATCH: ID 4684 for SONACOMS.NS
2025-04-30 05:17:27,179 - INFO - Sector Auto is NEGATIVE with -0.24% change
2025-04-30 05:17:27,180 - INFO - Getting current market price for SONACOMS.NS
2025-04-30 05:17:27,183 - INFO - Failed to get quote using symbol: 'dhanhq' object has no attribute 'get_quote'
2025-04-30 05:17:27,184 - INFO - Failed to get LTP using security_id: 'dhanhq' object has no attribute 'get_ltp'
2025-04-30 05:17:27,186 - INFO - Failed to get price from candles: 'dhanhq' object has no attribute 'intraday_daily_minute_charts'
2025-04-30 05:17:27,187 - ERROR - Could not get current market price for SONACOMS.NS
2025-04-30 05:17:27,187 - WARNING - Could not get current market price for SONACOMS.NS
2025-04-30 05:17:27,187 - INFO - Checking position: SELL SAREGAMA.NS (Sector: Media)
2025-04-30 05:17:27,188 - INFO - SECURITY ID LOOKUP: Searching for SAREGAMA.NS
2025-04-30 05:17:27,188 - INFO - Trying exact match for 'SAREGAMA.NS'
2025-04-30 05:17:27,188 - INFO - FOUND EXACT MATCH: ID 4892 for SAREGAMA.NS
2025-04-30 05:17:27,188 - INFO - Sector Media is NEGATIVE with -0.79% change
2025-04-30 05:17:27,189 - INFO - Getting current market price for SAREGAMA.NS
2025-04-30 05:17:27,189 - INFO - Failed to get quote using symbol: 'dhanhq' object has no attribute 'get_quote'
2025-04-30 05:17:27,189 - INFO - Failed to get LTP using security_id: 'dhanhq' object has no attribute 'get_ltp'
2025-04-30 05:17:27,190 - INFO - Failed to get price from candles: 'dhanhq' object has no attribute 'intraday_daily_minute_charts'
2025-04-30 05:17:27,190 - ERROR - Could not get current market price for SAREGAMA.NS
2025-04-30 05:17:27,190 - WARNING - Could not get current market price for SAREGAMA.NS
2025-04-30 05:17:27,190 - INFO - No positions needed to be exited
2025-04-30 05:17:27,191 - INFO - 
==================================================
POSITION PROCESSING COMPLETE
==================================================
2025-04-30 05:17:27,191 - INFO - Looking for new trading opportunities...
2025-04-30 05:17:27,191 - INFO - 
==================================================
FINDING NEW TRADING OPPORTUNITIES
==================================================
2025-04-30 05:17:27,192 - INFO - Found 9 active tickers out of 9 total
2025-04-30 05:17:27,192 - INFO - Processing tickers in order: ['SYNGENE.NS', 'ZEEL.NS', 'Lauraslabs.NS', 'ADANIENT.NS', 'IPCALAB.NS', 'RELIANCE.NS', 'TIINDIA.NS', 'SONACOMS.NS', 'SAREGAMA.NS']
2025-04-30 05:17:27,192 - INFO - Already have open positions for: ['RELIANCE.NS', 'TIINDIA.NS', 'SONACOMS.NS', 'SAREGAMA.NS']
2025-04-30 05:17:27,193 - INFO - Current sector performances:
2025-04-30 05:17:27,193 - INFO -   Sector IT: POSITIVE (1.23%)
2025-04-30 05:17:27,193 - INFO -   Sector PSU Bank: NEGATIVE (-0.05%)
2025-04-30 05:17:27,194 - INFO -   Sector Auto: NEGATIVE (-0.24%)
2025-04-30 05:17:27,194 - INFO -   Sector FMCG: NEGATIVE (-0.26%)
2025-04-30 05:17:27,194 - INFO -   Sector Realty: NEGATIVE (-0.26%)
2025-04-30 05:17:27,194 - INFO -   Sector Energy: NEGATIVE (-0.29%)
2025-04-30 05:17:27,195 - INFO -   Sector Financial Services: NEGATIVE (-0.37%)
2025-04-30 05:17:27,195 - INFO -   Sector Media: NEGATIVE (-0.79%)
2025-04-30 05:17:27,195 - INFO -   Sector Metal: NEGATIVE (-0.95%)
2025-04-30 05:17:27,195 - INFO -   Sector Pharma: NEGATIVE (-1.06%)
2025-04-30 05:17:27,196 - INFO - Processing ticker 1: SYNGENE.NS
2025-04-30 05:17:27,196 - INFO - Found sector Pharma for SYNGENE.NS
2025-04-30 05:17:27,196 - INFO - Evaluating SYNGENE.NS in sector Pharma (-1.06%)
2025-04-30 05:17:27,200 - INFO - Not trading SYNGENE.NS - sector performance doesn't match strategy
2025-04-30 05:17:27,201 - INFO -   Transaction type: BUY
2025-04-30 05:17:27,202 - INFO -   Sector is_positive: False
2025-04-30 05:17:27,202 - INFO - Processing ticker 2: ZEEL.NS
2025-04-30 05:17:27,203 - INFO - Found sector Media for ZEEL.NS
2025-04-30 05:17:27,203 - INFO - Evaluating ZEEL.NS in sector Media (-0.79%)
2025-04-30 05:17:27,203 - INFO - Not trading ZEEL.NS - sector performance doesn't match strategy
2025-04-30 05:17:27,203 - INFO -   Transaction type: BUY
2025-04-30 05:17:27,204 - INFO -   Sector is_positive: False
2025-04-30 05:17:27,204 - INFO - Processing ticker 3: Lauraslabs.NS
2025-04-30 05:17:27,204 - WARNING - Could not find sector for Lauraslabs.NS in sector mapping
2025-04-30 05:17:27,204 - INFO - Processing ticker 4: ADANIENT.NS
2025-04-30 05:17:27,205 - INFO - Found sector Metal for ADANIENT.NS
2025-04-30 05:17:27,205 - INFO - Evaluating ADANIENT.NS in sector Metal (-0.95%)
2025-04-30 05:17:27,205 - INFO - Not trading ADANIENT.NS - sector performance doesn't match strategy
2025-04-30 05:17:27,205 - INFO -   Transaction type: BUY
2025-04-30 05:17:27,206 - INFO -   Sector is_positive: False
2025-04-30 05:17:27,206 - INFO - Processing ticker 5: IPCALAB.NS
2025-04-30 05:17:27,206 - INFO - Found sector Pharma for IPCALAB.NS
2025-04-30 05:17:27,206 - INFO - Evaluating IPCALAB.NS in sector Pharma (-1.06%)
2025-04-30 05:17:27,207 - INFO - Not trading IPCALAB.NS - sector performance doesn't match strategy
2025-04-30 05:17:27,207 - INFO -   Transaction type: BUY
2025-04-30 05:17:27,207 - INFO -   Sector is_positive: False
2025-04-30 05:17:27,207 - INFO - Processing ticker 6: RELIANCE.NS
2025-04-30 05:17:27,208 - INFO - Skipping RELIANCE.NS - already have an open position
2025-04-30 05:17:27,208 - INFO - Processing ticker 7: TIINDIA.NS
2025-04-30 05:17:27,208 - INFO - Skipping TIINDIA.NS - already have an open position
2025-04-30 05:17:27,209 - INFO - Processing ticker 8: SONACOMS.NS
2025-04-30 05:17:27,209 - INFO - Skipping SONACOMS.NS - already have an open position
2025-04-30 05:17:27,209 - INFO - Processing ticker 9: SAREGAMA.NS
2025-04-30 05:17:27,209 - INFO - Skipping SAREGAMA.NS - already have an open position
2025-04-30 05:17:27,209 - INFO - Ticker processing summary:
2025-04-30 05:17:27,210 - INFO -   Total tickers considered: 9
2025-04-30 05:17:27,210 - INFO -   Tickers with sector data: 4
2025-04-30 05:17:27,210 - INFO -   Tickers matching strategy: 0
2025-04-30 05:17:27,210 - INFO -   Tickers with security ID: 0
2025-04-30 05:17:27,211 - INFO -   Orders successfully placed: 0
2025-04-30 05:17:27,211 - INFO - New positions added: 0
2025-04-30 05:17:27,211 - INFO - Positions skipped: 9
2025-04-30 05:17:27,211 - INFO - Positions with errors: 0
2025-04-30 05:17:27,212 - INFO - 
==================================================
NEW OPPORTUNITIES PROCESSING COMPLETE
==================================================
2025-04-30 05:17:27,212 - INFO - 
==================================================
SECTOR PROCESSING COMPLETE
==================================================
2025-04-30 05:17:27,219 - INFO - Saved 4 positions to dhan_positions.json
2025-04-30 05:17:27,219 - INFO - 
==================================================
POSITIONS SUMMARY
==================================================
2025-04-30 05:17:27,221 - INFO - Current positions summary:
2025-04-30 05:17:27,221 - INFO -   Open BUY positions: 0
2025-04-30 05:17:27,221 - INFO -   Open SELL positions: 4
2025-04-30 05:17:27,222 - INFO -   Closed positions: 0
2025-04-30 05:17:27,222 - INFO -   Total positions: 4
2025-04-30 05:17:27,222 - INFO - Open positions:
2025-04-30 05:17:27,223 - INFO -   SELL RELIANCE.NS (Sector: Energy, Entry: 2025-04-30 05:01:34, Order ID: 212504306752, SL%: 1.0%, Target%: 1.0%)
2025-04-30 05:17:27,223 - INFO -   SELL TIINDIA.NS (Sector: Auto, Entry: 2025-04-30 05:01:46, Order ID: 512504306332, SL%: 1.0%, Target%: 1%)
2025-04-30 05:17:27,223 - INFO -   SELL SONACOMS.NS (Sector: Auto, Entry: 2025-04-30 05:01:59, Order ID: 412504306422, SL%: 1.0%, Target%: 1.0%)
2025-04-30 05:17:27,223 - INFO -   SELL SAREGAMA.NS (Sector: Media, Entry: 2025-04-30 05:02:11, Order ID: 412504306512, SL%: 1.0%, Target%: 1%)
2025-04-30 05:17:27,224 - INFO - 
==================================================
POSITIONS SUMMARY COMPLETE
==================================================
2025-04-30 05:17:27,224 - INFO - Trading cycle 31 completed
2025-04-30 05:17:27,225 - INFO - Waiting 30 seconds until next check at 05:17:57...
2025-04-30 05:17:27,225 - INFO - 
==================================================
CYCLE 31 COMPLETE
==================================================
2025-04-30 05:17:57,231 - INFO - 
==================================================
TRADING CYCLE 32
==================================================
2025-04-30 05:17:57,232 - INFO - Trading cycle 32 started at 2025-04-30 05:17:57
2025-04-30 05:17:57,233 - INFO - 
==================================================
READING SECTOR PERFORMANCE DATA
==================================================
2025-04-30 05:17:57,235 - INFO - Reading sector performance data from sector.csv
2025-04-30 05:17:57,236 - INFO - File last modified: 2025-04-30 05:17:44
2025-04-30 05:17:57,268 - INFO - Latest timestamp in data: 2025-04-30 05:17:44
2025-04-30 05:17:57,269 - INFO - Loaded data for 10 sectors
2025-04-30 05:17:57,269 - INFO - Sector performance details:
2025-04-30 05:17:57,271 - INFO -   IT: POSITIVE (1.23%)
2025-04-30 05:17:57,273 - INFO -   PSU Bank: NEGATIVE (-0.05%)
2025-04-30 05:17:57,274 - INFO -   Auto: NEGATIVE (-0.24%)
2025-04-30 05:17:57,275 - INFO -   FMCG: NEGATIVE (-0.26%)
2025-04-30 05:17:57,276 - INFO -   Realty: NEGATIVE (-0.26%)
2025-04-30 05:17:57,278 - INFO -   Energy: NEGATIVE (-0.29%)
2025-04-30 05:17:57,281 - INFO -   Financial Services: NEGATIVE (-0.37%)
2025-04-30 05:17:57,282 - INFO -   Media: NEGATIVE (-0.79%)
2025-04-30 05:17:57,282 - INFO -   Metal: NEGATIVE (-0.95%)
2025-04-30 05:17:57,283 - INFO -   Pharma: NEGATIVE (-1.06%)
2025-04-30 05:17:57,283 - INFO - 
==================================================
SECTOR DATA READ COMPLETE
==================================================
2025-04-30 05:17:57,284 - INFO - 
==================================================
PROCESSING SECTOR DATA
==================================================
2025-04-30 05:17:57,287 - INFO - Processed performance data for 10 sectors
2025-04-30 05:17:57,287 - INFO - Processing existing positions for potential exits...
2025-04-30 05:17:57,288 - INFO - 
==================================================
PROCESSING EXISTING POSITIONS
==================================================
2025-04-30 05:17:57,289 - INFO - Processing 4 existing positions
2025-04-30 05:17:57,289 - INFO - Checking position: SELL RELIANCE.NS (Sector: Energy)
2025-04-30 05:17:57,290 - INFO - SECURITY ID LOOKUP: Searching for RELIANCE.NS
2025-04-30 05:17:57,290 - INFO - Trying exact match for 'RELIANCE.NS'
2025-04-30 05:17:57,290 - INFO - FOUND EXACT MATCH: ID 2885 for RELIANCE.NS
2025-04-30 05:17:57,291 - INFO - Sector Energy is NEGATIVE with -0.29% change
2025-04-30 05:17:57,291 - INFO - Getting current market price for RELIANCE.NS
2025-04-30 05:17:57,291 - INFO - Failed to get quote using symbol: 'dhanhq' object has no attribute 'get_quote'
2025-04-30 05:17:57,291 - INFO - Failed to get LTP using security_id: 'dhanhq' object has no attribute 'get_ltp'
2025-04-30 05:17:57,292 - INFO - Failed to get price from candles: 'dhanhq' object has no attribute 'intraday_daily_minute_charts'
2025-04-30 05:17:57,292 - ERROR - Could not get current market price for RELIANCE.NS
2025-04-30 05:17:57,292 - WARNING - Could not get current market price for RELIANCE.NS
2025-04-30 05:17:57,293 - INFO - Checking position: SELL TIINDIA.NS (Sector: Auto)
2025-04-30 05:17:57,293 - INFO - SECURITY ID LOOKUP: Searching for TIINDIA.NS
2025-04-30 05:17:57,293 - INFO - Trying exact match for 'TIINDIA.NS'
2025-04-30 05:17:57,294 - INFO - FOUND EXACT MATCH: ID 312 for TIINDIA.NS
2025-04-30 05:17:57,294 - INFO - Sector Auto is NEGATIVE with -0.24% change
2025-04-30 05:17:57,295 - INFO - Getting current market price for TIINDIA.NS
2025-04-30 05:17:57,295 - INFO - Failed to get quote using symbol: 'dhanhq' object has no attribute 'get_quote'
2025-04-30 05:17:57,297 - INFO - Failed to get LTP using security_id: 'dhanhq' object has no attribute 'get_ltp'
2025-04-30 05:17:57,297 - INFO - Failed to get price from candles: 'dhanhq' object has no attribute 'intraday_daily_minute_charts'
2025-04-30 05:17:57,299 - ERROR - Could not get current market price for TIINDIA.NS
2025-04-30 05:17:57,300 - WARNING - Could not get current market price for TIINDIA.NS
2025-04-30 05:17:57,300 - INFO - Checking position: SELL SONACOMS.NS (Sector: Auto)
2025-04-30 05:17:57,300 - INFO - SECURITY ID LOOKUP: Searching for SONACOMS.NS
2025-04-30 05:17:57,300 - INFO - Trying exact match for 'SONACOMS.NS'
2025-04-30 05:17:57,301 - INFO - FOUND EXACT MATCH: ID 4684 for SONACOMS.NS
2025-04-30 05:17:57,301 - INFO - Sector Auto is NEGATIVE with -0.24% change
2025-04-30 05:17:57,301 - INFO - Getting current market price for SONACOMS.NS
2025-04-30 05:17:57,301 - INFO - Failed to get quote using symbol: 'dhanhq' object has no attribute 'get_quote'
2025-04-30 05:17:57,302 - INFO - Failed to get LTP using security_id: 'dhanhq' object has no attribute 'get_ltp'
2025-04-30 05:17:57,302 - INFO - Failed to get price from candles: 'dhanhq' object has no attribute 'intraday_daily_minute_charts'
2025-04-30 05:17:57,302 - ERROR - Could not get current market price for SONACOMS.NS
2025-04-30 05:17:57,303 - WARNING - Could not get current market price for SONACOMS.NS
2025-04-30 05:17:57,303 - INFO - Checking position: SELL SAREGAMA.NS (Sector: Media)
2025-04-30 05:17:57,303 - INFO - SECURITY ID LOOKUP: Searching for SAREGAMA.NS
2025-04-30 05:17:57,304 - INFO - Trying exact match for 'SAREGAMA.NS'
2025-04-30 05:17:57,304 - INFO - FOUND EXACT MATCH: ID 4892 for SAREGAMA.NS
2025-04-30 05:17:57,306 - INFO - Sector Media is NEGATIVE with -0.79% change
2025-04-30 05:17:57,306 - INFO - Getting current market price for SAREGAMA.NS
2025-04-30 05:17:57,306 - INFO - Failed to get quote using symbol: 'dhanhq' object has no attribute 'get_quote'
2025-04-30 05:17:57,307 - INFO - Failed to get LTP using security_id: 'dhanhq' object has no attribute 'get_ltp'
2025-04-30 05:17:57,307 - INFO - Failed to get price from candles: 'dhanhq' object has no attribute 'intraday_daily_minute_charts'
2025-04-30 05:17:57,308 - ERROR - Could not get current market price for SAREGAMA.NS
2025-04-30 05:17:57,309 - WARNING - Could not get current market price for SAREGAMA.NS
2025-04-30 05:17:57,309 - INFO - No positions needed to be exited
2025-04-30 05:17:57,309 - INFO - 
==================================================
POSITION PROCESSING COMPLETE
==================================================
2025-04-30 05:17:57,310 - INFO - Looking for new trading opportunities...
2025-04-30 05:17:57,312 - INFO - 
==================================================
FINDING NEW TRADING OPPORTUNITIES
==================================================
2025-04-30 05:17:57,315 - INFO - Found 9 active tickers out of 9 total
2025-04-30 05:17:57,316 - INFO - Processing tickers in order: ['SYNGENE.NS', 'ZEEL.NS', 'Lauraslabs.NS', 'ADANIENT.NS', 'IPCALAB.NS', 'RELIANCE.NS', 'TIINDIA.NS', 'SONACOMS.NS', 'SAREGAMA.NS']
2025-04-30 05:17:57,316 - INFO - Already have open positions for: ['RELIANCE.NS', 'TIINDIA.NS', 'SONACOMS.NS', 'SAREGAMA.NS']
2025-04-30 05:17:57,317 - INFO - Current sector performances:
2025-04-30 05:17:57,317 - INFO -   Sector IT: POSITIVE (1.23%)
2025-04-30 05:17:57,317 - INFO -   Sector PSU Bank: NEGATIVE (-0.05%)
2025-04-30 05:17:57,318 - INFO -   Sector Auto: NEGATIVE (-0.24%)
2025-04-30 05:17:57,318 - INFO -   Sector FMCG: NEGATIVE (-0.26%)
2025-04-30 05:17:57,318 - INFO -   Sector Realty: NEGATIVE (-0.26%)
2025-04-30 05:17:57,319 - INFO -   Sector Energy: NEGATIVE (-0.29%)
2025-04-30 05:17:57,319 - INFO -   Sector Financial Services: NEGATIVE (-0.37%)
2025-04-30 05:17:57,319 - INFO -   Sector Media: NEGATIVE (-0.79%)
2025-04-30 05:17:57,319 - INFO -   Sector Metal: NEGATIVE (-0.95%)
2025-04-30 05:17:57,319 - INFO -   Sector Pharma: NEGATIVE (-1.06%)
2025-04-30 05:17:57,320 - INFO - Processing ticker 1: SYNGENE.NS
2025-04-30 05:17:57,320 - INFO - Found sector Pharma for SYNGENE.NS
2025-04-30 05:17:57,320 - INFO - Evaluating SYNGENE.NS in sector Pharma (-1.06%)
2025-04-30 05:17:57,321 - INFO - Not trading SYNGENE.NS - sector performance doesn't match strategy
2025-04-30 05:17:57,321 - INFO -   Transaction type: BUY
2025-04-30 05:17:57,321 - INFO -   Sector is_positive: False
2025-04-30 05:17:57,322 - INFO - Processing ticker 2: ZEEL.NS
2025-04-30 05:17:57,322 - INFO - Found sector Media for ZEEL.NS
2025-04-30 05:17:57,322 - INFO - Evaluating ZEEL.NS in sector Media (-0.79%)
2025-04-30 05:17:57,323 - INFO - Not trading ZEEL.NS - sector performance doesn't match strategy
2025-04-30 05:17:57,323 - INFO -   Transaction type: BUY
2025-04-30 05:17:57,323 - INFO -   Sector is_positive: False
2025-04-30 05:17:57,323 - INFO - Processing ticker 3: Lauraslabs.NS
2025-04-30 05:17:57,324 - WARNING - Could not find sector for Lauraslabs.NS in sector mapping
2025-04-30 05:17:57,324 - INFO - Processing ticker 4: ADANIENT.NS
2025-04-30 05:17:57,324 - INFO - Found sector Metal for ADANIENT.NS
2025-04-30 05:17:57,325 - INFO - Evaluating ADANIENT.NS in sector Metal (-0.95%)
2025-04-30 05:17:57,325 - INFO - Not trading ADANIENT.NS - sector performance doesn't match strategy
2025-04-30 05:17:57,325 - INFO -   Transaction type: BUY
2025-04-30 05:17:57,325 - INFO -   Sector is_positive: False
2025-04-30 05:17:57,326 - INFO - Processing ticker 5: IPCALAB.NS
2025-04-30 05:17:57,326 - INFO - Found sector Pharma for IPCALAB.NS
2025-04-30 05:17:57,326 - INFO - Evaluating IPCALAB.NS in sector Pharma (-1.06%)
2025-04-30 05:17:57,327 - INFO - Not trading IPCALAB.NS - sector performance doesn't match strategy
2025-04-30 05:17:57,327 - INFO -   Transaction type: BUY
2025-04-30 05:17:57,328 - INFO -   Sector is_positive: False
2025-04-30 05:17:57,330 - INFO - Processing ticker 6: RELIANCE.NS
2025-04-30 05:17:57,330 - INFO - Skipping RELIANCE.NS - already have an open position
2025-04-30 05:17:57,332 - INFO - Processing ticker 7: TIINDIA.NS
2025-04-30 05:17:57,332 - INFO - Skipping TIINDIA.NS - already have an open position
2025-04-30 05:17:57,332 - INFO - Processing ticker 8: SONACOMS.NS
2025-04-30 05:17:57,333 - INFO - Skipping SONACOMS.NS - already have an open position
2025-04-30 05:17:57,333 - INFO - Processing ticker 9: SAREGAMA.NS
2025-04-30 05:17:57,333 - INFO - Skipping SAREGAMA.NS - already have an open position
2025-04-30 05:17:57,333 - INFO - Ticker processing summary:
2025-04-30 05:17:57,334 - INFO -   Total tickers considered: 9
2025-04-30 05:17:57,334 - INFO -   Tickers with sector data: 4
2025-04-30 05:17:57,334 - INFO -   Tickers matching strategy: 0
2025-04-30 05:17:57,334 - INFO -   Tickers with security ID: 0
2025-04-30 05:17:57,335 - INFO -   Orders successfully placed: 0
2025-04-30 05:17:57,335 - INFO - New positions added: 0
2025-04-30 05:17:57,335 - INFO - Positions skipped: 9
2025-04-30 05:17:57,335 - INFO - Positions with errors: 0
2025-04-30 05:17:57,335 - INFO - 
==================================================
NEW OPPORTUNITIES PROCESSING COMPLETE
==================================================
2025-04-30 05:17:57,336 - INFO - 
==================================================
SECTOR PROCESSING COMPLETE
==================================================
2025-04-30 05:17:57,339 - INFO - Saved 4 positions to dhan_positions.json
2025-04-30 05:17:57,340 - INFO - 
==================================================
POSITIONS SUMMARY
==================================================
2025-04-30 05:17:57,340 - INFO - Current positions summary:
2025-04-30 05:17:57,341 - INFO -   Open BUY positions: 0
2025-04-30 05:17:57,341 - INFO -   Open SELL positions: 4
2025-04-30 05:17:57,342 - INFO -   Closed positions: 0
2025-04-30 05:17:57,342 - INFO -   Total positions: 4
2025-04-30 05:17:57,342 - INFO - Open positions:
2025-04-30 05:17:57,343 - INFO -   SELL RELIANCE.NS (Sector: Energy, Entry: 2025-04-30 05:01:34, Order ID: 212504306752, SL%: 1.0%, Target%: 1.0%)
2025-04-30 05:17:57,344 - INFO -   SELL TIINDIA.NS (Sector: Auto, Entry: 2025-04-30 05:01:46, Order ID: 512504306332, SL%: 1.0%, Target%: 1%)
2025-04-30 05:17:57,346 - INFO -   SELL SONACOMS.NS (Sector: Auto, Entry: 2025-04-30 05:01:59, Order ID: 412504306422, SL%: 1.0%, Target%: 1.0%)
2025-04-30 05:17:57,348 - INFO -   SELL SAREGAMA.NS (Sector: Media, Entry: 2025-04-30 05:02:11, Order ID: 412504306512, SL%: 1.0%, Target%: 1%)
2025-04-30 05:17:57,349 - INFO - 
==================================================
POSITIONS SUMMARY COMPLETE
==================================================
2025-04-30 05:17:57,350 - INFO - Trading cycle 32 completed
2025-04-30 05:17:57,350 - INFO - Waiting 30 seconds until next check at 05:18:27...
2025-04-30 05:17:57,350 - INFO - 
==================================================
CYCLE 32 COMPLETE
==================================================
2025-04-30 05:18:27,361 - INFO - 
==================================================
TRADING CYCLE 33
==================================================
2025-04-30 05:18:27,361 - INFO - Trading cycle 33 started at 2025-04-30 05:18:27
2025-04-30 05:18:27,362 - INFO - 
==================================================
READING SECTOR PERFORMANCE DATA
==================================================
2025-04-30 05:18:27,362 - INFO - Reading sector performance data from sector.csv
2025-04-30 05:18:27,363 - INFO - File last modified: 2025-04-30 05:17:44
2025-04-30 05:18:27,365 - INFO - Latest timestamp in data: 2025-04-30 05:17:44
2025-04-30 05:18:27,365 - INFO - Loaded data for 10 sectors
2025-04-30 05:18:27,365 - INFO - Sector performance details:
2025-04-30 05:18:27,367 - INFO -   IT: POSITIVE (1.23%)
2025-04-30 05:18:27,368 - INFO -   PSU Bank: NEGATIVE (-0.05%)
2025-04-30 05:18:27,369 - INFO -   Auto: NEGATIVE (-0.24%)
2025-04-30 05:18:27,370 - INFO -   FMCG: NEGATIVE (-0.26%)
2025-04-30 05:18:27,371 - INFO -   Realty: NEGATIVE (-0.26%)
2025-04-30 05:18:27,373 - INFO -   Energy: NEGATIVE (-0.29%)
2025-04-30 05:18:27,374 - INFO -   Financial Services: NEGATIVE (-0.37%)
2025-04-30 05:18:27,376 - INFO -   Media: NEGATIVE (-0.79%)
2025-04-30 05:18:27,379 - INFO -   Metal: NEGATIVE (-0.95%)
2025-04-30 05:18:27,380 - INFO -   Pharma: NEGATIVE (-1.06%)
2025-04-30 05:18:27,380 - INFO - 
==================================================
SECTOR DATA READ COMPLETE
==================================================
2025-04-30 05:18:27,381 - INFO - 
==================================================
PROCESSING SECTOR DATA
==================================================
2025-04-30 05:18:27,383 - INFO - Processed performance data for 10 sectors
2025-04-30 05:18:27,384 - INFO - Processing existing positions for potential exits...
2025-04-30 05:18:27,384 - INFO - 
==================================================
PROCESSING EXISTING POSITIONS
==================================================
2025-04-30 05:18:27,385 - INFO - Processing 4 existing positions
2025-04-30 05:18:27,386 - INFO - Checking position: SELL RELIANCE.NS (Sector: Energy)
2025-04-30 05:18:27,386 - INFO - SECURITY ID LOOKUP: Searching for RELIANCE.NS
2025-04-30 05:18:27,386 - INFO - Trying exact match for 'RELIANCE.NS'
2025-04-30 05:18:27,387 - INFO - FOUND EXACT MATCH: ID 2885 for RELIANCE.NS
2025-04-30 05:18:27,387 - INFO - Sector Energy is NEGATIVE with -0.29% change
2025-04-30 05:18:27,388 - INFO - Getting current market price for RELIANCE.NS
2025-04-30 05:18:27,388 - INFO - Failed to get quote using symbol: 'dhanhq' object has no attribute 'get_quote'
2025-04-30 05:18:27,388 - INFO - Failed to get LTP using security_id: 'dhanhq' object has no attribute 'get_ltp'
2025-04-30 05:18:27,389 - INFO - Failed to get price from candles: 'dhanhq' object has no attribute 'intraday_daily_minute_charts'
2025-04-30 05:18:27,389 - ERROR - Could not get current market price for RELIANCE.NS
2025-04-30 05:18:27,391 - WARNING - Could not get current market price for RELIANCE.NS
2025-04-30 05:18:27,393 - INFO - Checking position: SELL TIINDIA.NS (Sector: Auto)
2025-04-30 05:18:27,394 - INFO - SECURITY ID LOOKUP: Searching for TIINDIA.NS
2025-04-30 05:18:27,396 - INFO - Trying exact match for 'TIINDIA.NS'
2025-04-30 05:18:27,396 - INFO - FOUND EXACT MATCH: ID 312 for TIINDIA.NS
2025-04-30 05:18:27,397 - INFO - Sector Auto is NEGATIVE with -0.24% change
2025-04-30 05:18:27,397 - INFO - Getting current market price for TIINDIA.NS
2025-04-30 05:18:27,398 - INFO - Failed to get quote using symbol: 'dhanhq' object has no attribute 'get_quote'
2025-04-30 05:18:27,399 - INFO - Failed to get LTP using security_id: 'dhanhq' object has no attribute 'get_ltp'
2025-04-30 05:18:27,399 - INFO - Failed to get price from candles: 'dhanhq' object has no attribute 'intraday_daily_minute_charts'
2025-04-30 05:18:27,400 - ERROR - Could not get current market price for TIINDIA.NS
2025-04-30 05:18:27,400 - WARNING - Could not get current market price for TIINDIA.NS
2025-04-30 05:18:27,401 - INFO - Checking position: SELL SONACOMS.NS (Sector: Auto)
2025-04-30 05:18:27,401 - INFO - SECURITY ID LOOKUP: Searching for SONACOMS.NS
2025-04-30 05:18:27,401 - INFO - Trying exact match for 'SONACOMS.NS'
2025-04-30 05:18:27,402 - INFO - FOUND EXACT MATCH: ID 4684 for SONACOMS.NS
2025-04-30 05:18:27,402 - INFO - Sector Auto is NEGATIVE with -0.24% change
2025-04-30 05:18:27,402 - INFO - Getting current market price for SONACOMS.NS
2025-04-30 05:18:27,403 - INFO - Failed to get quote using symbol: 'dhanhq' object has no attribute 'get_quote'
2025-04-30 05:18:27,403 - INFO - Failed to get LTP using security_id: 'dhanhq' object has no attribute 'get_ltp'
2025-04-30 05:18:27,404 - INFO - Failed to get price from candles: 'dhanhq' object has no attribute 'intraday_daily_minute_charts'
2025-04-30 05:18:27,404 - ERROR - Could not get current market price for SONACOMS.NS
2025-04-30 05:18:27,404 - WARNING - Could not get current market price for SONACOMS.NS
2025-04-30 05:18:27,405 - INFO - Checking position: SELL SAREGAMA.NS (Sector: Media)
2025-04-30 05:18:27,405 - INFO - SECURITY ID LOOKUP: Searching for SAREGAMA.NS
2025-04-30 05:18:27,406 - INFO - Trying exact match for 'SAREGAMA.NS'
2025-04-30 05:18:27,406 - INFO - FOUND EXACT MATCH: ID 4892 for SAREGAMA.NS
2025-04-30 05:18:27,411 - INFO - Sector Media is NEGATIVE with -0.79% change
2025-04-30 05:18:27,412 - INFO - Getting current market price for SAREGAMA.NS
2025-04-30 05:18:27,413 - INFO - Failed to get quote using symbol: 'dhanhq' object has no attribute 'get_quote'
2025-04-30 05:18:27,413 - INFO - Failed to get LTP using security_id: 'dhanhq' object has no attribute 'get_ltp'
2025-04-30 05:18:27,413 - INFO - Failed to get price from candles: 'dhanhq' object has no attribute 'intraday_daily_minute_charts'
2025-04-30 05:18:27,414 - ERROR - Could not get current market price for SAREGAMA.NS
2025-04-30 05:18:27,414 - WARNING - Could not get current market price for SAREGAMA.NS
2025-04-30 05:18:27,414 - INFO - No positions needed to be exited
2025-04-30 05:18:27,415 - INFO - 
==================================================
POSITION PROCESSING COMPLETE
==================================================
2025-04-30 05:18:27,415 - INFO - Looking for new trading opportunities...
2025-04-30 05:18:27,415 - INFO - 
==================================================
FINDING NEW TRADING OPPORTUNITIES
==================================================
2025-04-30 05:18:27,416 - INFO - Found 9 active tickers out of 9 total
2025-04-30 05:18:27,416 - INFO - Processing tickers in order: ['SYNGENE.NS', 'ZEEL.NS', 'Lauraslabs.NS', 'ADANIENT.NS', 'IPCALAB.NS', 'RELIANCE.NS', 'TIINDIA.NS', 'SONACOMS.NS', 'SAREGAMA.NS']
2025-04-30 05:18:27,416 - INFO - Already have open positions for: ['RELIANCE.NS', 'TIINDIA.NS', 'SONACOMS.NS', 'SAREGAMA.NS']
2025-04-30 05:18:27,416 - INFO - Current sector performances:
2025-04-30 05:18:27,417 - INFO -   Sector IT: POSITIVE (1.23%)
2025-04-30 05:18:27,417 - INFO -   Sector PSU Bank: NEGATIVE (-0.05%)
2025-04-30 05:18:27,417 - INFO -   Sector Auto: NEGATIVE (-0.24%)
2025-04-30 05:18:27,418 - INFO -   Sector FMCG: NEGATIVE (-0.26%)
2025-04-30 05:18:27,418 - INFO -   Sector Realty: NEGATIVE (-0.26%)
2025-04-30 05:18:27,418 - INFO -   Sector Energy: NEGATIVE (-0.29%)
2025-04-30 05:18:27,419 - INFO -   Sector Financial Services: NEGATIVE (-0.37%)
2025-04-30 05:18:27,419 - INFO -   Sector Media: NEGATIVE (-0.79%)
2025-04-30 05:18:27,419 - INFO -   Sector Metal: NEGATIVE (-0.95%)
2025-04-30 05:18:27,420 - INFO -   Sector Pharma: NEGATIVE (-1.06%)
2025-04-30 05:18:27,420 - INFO - Processing ticker 1: SYNGENE.NS
2025-04-30 05:18:27,420 - INFO - Found sector Pharma for SYNGENE.NS
2025-04-30 05:18:27,420 - INFO - Evaluating SYNGENE.NS in sector Pharma (-1.06%)
2025-04-30 05:18:27,421 - INFO - Not trading SYNGENE.NS - sector performance doesn't match strategy
2025-04-30 05:18:27,421 - INFO -   Transaction type: BUY
2025-04-30 05:18:27,421 - INFO -   Sector is_positive: False
2025-04-30 05:18:27,421 - INFO - Processing ticker 2: ZEEL.NS
2025-04-30 05:18:27,421 - INFO - Found sector Media for ZEEL.NS
2025-04-30 05:18:27,422 - INFO - Evaluating ZEEL.NS in sector Media (-0.79%)
2025-04-30 05:18:27,422 - INFO - Not trading ZEEL.NS - sector performance doesn't match strategy
2025-04-30 05:18:27,422 - INFO -   Transaction type: BUY
2025-04-30 05:18:27,423 - INFO -   Sector is_positive: False
2025-04-30 05:18:27,423 - INFO - Processing ticker 3: Lauraslabs.NS
2025-04-30 05:18:27,424 - WARNING - Could not find sector for Lauraslabs.NS in sector mapping
2025-04-30 05:18:27,426 - INFO - Processing ticker 4: ADANIENT.NS
2025-04-30 05:18:27,426 - INFO - Found sector Metal for ADANIENT.NS
2025-04-30 05:18:27,428 - INFO - Evaluating ADANIENT.NS in sector Metal (-0.95%)
2025-04-30 05:18:27,429 - INFO - Not trading ADANIENT.NS - sector performance doesn't match strategy
2025-04-30 05:18:27,429 - INFO -   Transaction type: BUY
2025-04-30 05:18:27,430 - INFO -   Sector is_positive: False
2025-04-30 05:18:27,430 - INFO - Processing ticker 5: IPCALAB.NS
2025-04-30 05:18:27,431 - INFO - Found sector Pharma for IPCALAB.NS
2025-04-30 05:18:27,431 - INFO - Evaluating IPCALAB.NS in sector Pharma (-1.06%)
2025-04-30 05:18:27,431 - INFO - Not trading IPCALAB.NS - sector performance doesn't match strategy
2025-04-30 05:18:27,431 - INFO -   Transaction type: BUY
2025-04-30 05:18:27,432 - INFO -   Sector is_positive: False
2025-04-30 05:18:27,432 - INFO - Processing ticker 6: RELIANCE.NS
2025-04-30 05:18:27,432 - INFO - Skipping RELIANCE.NS - already have an open position
2025-04-30 05:18:27,432 - INFO - Processing ticker 7: TIINDIA.NS
2025-04-30 05:18:27,433 - INFO - Skipping TIINDIA.NS - already have an open position
2025-04-30 05:18:27,433 - INFO - Processing ticker 8: SONACOMS.NS
2025-04-30 05:18:27,433 - INFO - Skipping SONACOMS.NS - already have an open position
2025-04-30 05:18:27,433 - INFO - Processing ticker 9: SAREGAMA.NS
2025-04-30 05:18:27,434 - INFO - Skipping SAREGAMA.NS - already have an open position
2025-04-30 05:18:27,434 - INFO - Ticker processing summary:
2025-04-30 05:18:27,434 - INFO -   Total tickers considered: 9
2025-04-30 05:18:27,435 - INFO -   Tickers with sector data: 4
2025-04-30 05:18:27,435 - INFO -   Tickers matching strategy: 0
2025-04-30 05:18:27,435 - INFO -   Tickers with security ID: 0
2025-04-30 05:18:27,437 - INFO -   Orders successfully placed: 0
2025-04-30 05:18:27,437 - INFO - New positions added: 0
2025-04-30 05:18:27,437 - INFO - Positions skipped: 9
2025-04-30 05:18:27,437 - INFO - Positions with errors: 0
2025-04-30 05:18:27,437 - INFO - 
==================================================
NEW OPPORTUNITIES PROCESSING COMPLETE
==================================================
2025-04-30 05:18:27,438 - INFO - 
==================================================
SECTOR PROCESSING COMPLETE
==================================================
2025-04-30 05:18:27,440 - INFO - Saved 4 positions to dhan_positions.json
2025-04-30 05:18:27,442 - INFO - 
==================================================
POSITIONS SUMMARY
==================================================
2025-04-30 05:18:27,445 - INFO - Current positions summary:
2025-04-30 05:18:27,446 - INFO -   Open BUY positions: 0
2025-04-30 05:18:27,446 - INFO -   Open SELL positions: 4
2025-04-30 05:18:27,446 - INFO -   Closed positions: 0
2025-04-30 05:18:27,446 - INFO -   Total positions: 4
2025-04-30 05:18:27,447 - INFO - Open positions:
2025-04-30 05:18:27,447 - INFO -   SELL RELIANCE.NS (Sector: Energy, Entry: 2025-04-30 05:01:34, Order ID: 212504306752, SL%: 1.0%, Target%: 1.0%)
2025-04-30 05:18:27,447 - INFO -   SELL TIINDIA.NS (Sector: Auto, Entry: 2025-04-30 05:01:46, Order ID: 512504306332, SL%: 1.0%, Target%: 1%)
2025-04-30 05:18:27,447 - INFO -   SELL SONACOMS.NS (Sector: Auto, Entry: 2025-04-30 05:01:59, Order ID: 412504306422, SL%: 1.0%, Target%: 1.0%)
2025-04-30 05:18:27,448 - INFO -   SELL SAREGAMA.NS (Sector: Media, Entry: 2025-04-30 05:02:11, Order ID: 412504306512, SL%: 1.0%, Target%: 1%)
2025-04-30 05:18:27,448 - INFO - 
==================================================
POSITIONS SUMMARY COMPLETE
==================================================
2025-04-30 05:18:27,449 - INFO - Trading cycle 33 completed
2025-04-30 05:18:27,449 - INFO - Waiting 30 seconds until next check at 05:18:57...
2025-04-30 05:18:27,450 - INFO - 
==================================================
CYCLE 33 COMPLETE
==================================================
2025-04-30 05:18:57,464 - INFO - 
==================================================
TRADING CYCLE 34
==================================================
2025-04-30 05:18:57,465 - INFO - Trading cycle 34 started at 2025-04-30 05:18:57
2025-04-30 05:18:57,466 - INFO - 
==================================================
READING SECTOR PERFORMANCE DATA
==================================================
2025-04-30 05:18:57,467 - INFO - Reading sector performance data from sector.csv
2025-04-30 05:18:57,467 - INFO - File last modified: 2025-04-30 05:17:44
2025-04-30 05:18:57,474 - INFO - Latest timestamp in data: 2025-04-30 05:17:44
2025-04-30 05:18:57,476 - INFO - Loaded data for 10 sectors
2025-04-30 05:18:57,479 - INFO - Sector performance details:
2025-04-30 05:18:57,494 - INFO -   IT: POSITIVE (1.23%)
2025-04-30 05:18:57,496 - INFO -   PSU Bank: NEGATIVE (-0.05%)
2025-04-30 05:18:57,497 - INFO -   Auto: NEGATIVE (-0.24%)
2025-04-30 05:18:57,498 - INFO -   FMCG: NEGATIVE (-0.26%)
2025-04-30 05:18:57,499 - INFO -   Realty: NEGATIVE (-0.26%)
2025-04-30 05:18:57,501 - INFO -   Energy: NEGATIVE (-0.29%)
2025-04-30 05:18:57,514 - INFO -   Financial Services: NEGATIVE (-0.37%)
2025-04-30 05:18:57,518 - INFO -   Media: NEGATIVE (-0.79%)
2025-04-30 05:18:57,528 - INFO -   Metal: NEGATIVE (-0.95%)
2025-04-30 05:18:57,529 - INFO -   Pharma: NEGATIVE (-1.06%)
2025-04-30 05:18:57,530 - INFO - 
==================================================
SECTOR DATA READ COMPLETE
==================================================
2025-04-30 05:18:57,534 - INFO - 
==================================================
PROCESSING SECTOR DATA
==================================================
2025-04-30 05:18:57,540 - INFO - Processed performance data for 10 sectors
2025-04-30 05:18:57,545 - INFO - Processing existing positions for potential exits...
2025-04-30 05:18:57,546 - INFO - 
==================================================
PROCESSING EXISTING POSITIONS
==================================================
2025-04-30 05:18:57,548 - INFO - Processing 4 existing positions
2025-04-30 05:18:57,548 - INFO - Checking position: SELL RELIANCE.NS (Sector: Energy)
2025-04-30 05:18:57,549 - INFO - SECURITY ID LOOKUP: Searching for RELIANCE.NS
2025-04-30 05:18:57,549 - INFO - Trying exact match for 'RELIANCE.NS'
2025-04-30 05:18:57,550 - INFO - FOUND EXACT MATCH: ID 2885 for RELIANCE.NS
2025-04-30 05:18:57,550 - INFO - Sector Energy is NEGATIVE with -0.29% change
2025-04-30 05:18:57,551 - INFO - Getting current market price for RELIANCE.NS
2025-04-30 05:18:57,551 - INFO - Failed to get quote using symbol: 'dhanhq' object has no attribute 'get_quote'
2025-04-30 05:18:57,553 - INFO - Failed to get LTP using security_id: 'dhanhq' object has no attribute 'get_ltp'
2025-04-30 05:18:57,559 - INFO - Failed to get price from candles: 'dhanhq' object has no attribute 'intraday_daily_minute_charts'
2025-04-30 05:18:57,563 - ERROR - Could not get current market price for RELIANCE.NS
2025-04-30 05:18:57,565 - WARNING - Could not get current market price for RELIANCE.NS
2025-04-30 05:18:57,566 - INFO - Checking position: SELL TIINDIA.NS (Sector: Auto)
2025-04-30 05:18:57,567 - INFO - SECURITY ID LOOKUP: Searching for TIINDIA.NS
2025-04-30 05:18:57,568 - INFO - Trying exact match for 'TIINDIA.NS'
2025-04-30 05:18:57,569 - INFO - FOUND EXACT MATCH: ID 312 for TIINDIA.NS
2025-04-30 05:18:57,569 - INFO - Sector Auto is NEGATIVE with -0.24% change
2025-04-30 05:18:57,579 - INFO - Getting current market price for TIINDIA.NS
2025-04-30 05:18:57,582 - INFO - Failed to get quote using symbol: 'dhanhq' object has no attribute 'get_quote'
2025-04-30 05:18:57,584 - INFO - Failed to get LTP using security_id: 'dhanhq' object has no attribute 'get_ltp'
2025-04-30 05:18:57,586 - INFO - Failed to get price from candles: 'dhanhq' object has no attribute 'intraday_daily_minute_charts'
2025-04-30 05:18:57,587 - ERROR - Could not get current market price for TIINDIA.NS
2025-04-30 05:18:57,595 - WARNING - Could not get current market price for TIINDIA.NS
2025-04-30 05:18:57,596 - INFO - Checking position: SELL SONACOMS.NS (Sector: Auto)
2025-04-30 05:18:57,597 - INFO - SECURITY ID LOOKUP: Searching for SONACOMS.NS
2025-04-30 05:18:57,597 - INFO - Trying exact match for 'SONACOMS.NS'
2025-04-30 05:18:57,598 - INFO - FOUND EXACT MATCH: ID 4684 for SONACOMS.NS
2025-04-30 05:18:57,599 - INFO - Sector Auto is NEGATIVE with -0.24% change
2025-04-30 05:18:57,600 - INFO - Getting current market price for SONACOMS.NS
2025-04-30 05:18:57,609 - INFO - Failed to get quote using symbol: 'dhanhq' object has no attribute 'get_quote'
2025-04-30 05:18:57,611 - INFO - Failed to get LTP using security_id: 'dhanhq' object has no attribute 'get_ltp'
2025-04-30 05:18:57,613 - INFO - Failed to get price from candles: 'dhanhq' object has no attribute 'intraday_daily_minute_charts'
2025-04-30 05:18:57,613 - ERROR - Could not get current market price for SONACOMS.NS
2025-04-30 05:18:57,614 - WARNING - Could not get current market price for SONACOMS.NS
2025-04-30 05:18:57,615 - INFO - Checking position: SELL SAREGAMA.NS (Sector: Media)
2025-04-30 05:18:57,615 - INFO - SECURITY ID LOOKUP: Searching for SAREGAMA.NS
2025-04-30 05:18:57,616 - INFO - Trying exact match for 'SAREGAMA.NS'
2025-04-30 05:18:57,617 - INFO - FOUND EXACT MATCH: ID 4892 for SAREGAMA.NS
2025-04-30 05:18:57,618 - INFO - Sector Media is NEGATIVE with -0.79% change
2025-04-30 05:18:57,618 - INFO - Getting current market price for SAREGAMA.NS
2025-04-30 05:18:57,619 - INFO - Failed to get quote using symbol: 'dhanhq' object has no attribute 'get_quote'
2025-04-30 05:18:57,619 - INFO - Failed to get LTP using security_id: 'dhanhq' object has no attribute 'get_ltp'
2025-04-30 05:18:57,620 - INFO - Failed to get price from candles: 'dhanhq' object has no attribute 'intraday_daily_minute_charts'
2025-04-30 05:18:57,628 - ERROR - Could not get current market price for SAREGAMA.NS
2025-04-30 05:18:57,629 - WARNING - Could not get current market price for SAREGAMA.NS
2025-04-30 05:18:57,629 - INFO - No positions needed to be exited
2025-04-30 05:18:57,630 - INFO - 
==================================================
POSITION PROCESSING COMPLETE
==================================================
2025-04-30 05:18:57,631 - INFO - Looking for new trading opportunities...
2025-04-30 05:18:57,631 - INFO - 
==================================================
FINDING NEW TRADING OPPORTUNITIES
==================================================
2025-04-30 05:18:57,633 - INFO - Found 9 active tickers out of 9 total
2025-04-30 05:18:57,634 - INFO - Processing tickers in order: ['SYNGENE.NS', 'ZEEL.NS', 'Lauraslabs.NS', 'ADANIENT.NS', 'IPCALAB.NS', 'RELIANCE.NS', 'TIINDIA.NS', 'SONACOMS.NS', 'SAREGAMA.NS']
2025-04-30 05:18:57,635 - INFO - Already have open positions for: ['RELIANCE.NS', 'TIINDIA.NS', 'SONACOMS.NS', 'SAREGAMA.NS']
2025-04-30 05:18:57,635 - INFO - Current sector performances:
2025-04-30 05:18:57,639 - INFO -   Sector IT: POSITIVE (1.23%)
2025-04-30 05:18:57,641 - INFO -   Sector PSU Bank: NEGATIVE (-0.05%)
2025-04-30 05:18:57,645 - INFO -   Sector Auto: NEGATIVE (-0.24%)
2025-04-30 05:18:57,645 - INFO -   Sector FMCG: NEGATIVE (-0.26%)
2025-04-30 05:18:57,646 - INFO -   Sector Realty: NEGATIVE (-0.26%)
2025-04-30 05:18:57,646 - INFO -   Sector Energy: NEGATIVE (-0.29%)
2025-04-30 05:18:57,647 - INFO -   Sector Financial Services: NEGATIVE (-0.37%)
2025-04-30 05:18:57,647 - INFO -   Sector Media: NEGATIVE (-0.79%)
2025-04-30 05:18:57,647 - INFO -   Sector Metal: NEGATIVE (-0.95%)
2025-04-30 05:18:57,648 - INFO -   Sector Pharma: NEGATIVE (-1.06%)
2025-04-30 05:18:57,648 - INFO - Processing ticker 1: SYNGENE.NS
2025-04-30 05:18:57,649 - INFO - Found sector Pharma for SYNGENE.NS
2025-04-30 05:18:57,650 - INFO - Evaluating SYNGENE.NS in sector Pharma (-1.06%)
2025-04-30 05:18:57,650 - INFO - Not trading SYNGENE.NS - sector performance doesn't match strategy
2025-04-30 05:18:57,659 - INFO -   Transaction type: BUY
2025-04-30 05:18:57,660 - INFO -   Sector is_positive: False
2025-04-30 05:18:57,660 - INFO - Processing ticker 2: ZEEL.NS
2025-04-30 05:18:57,661 - INFO - Found sector Media for ZEEL.NS
2025-04-30 05:18:57,661 - INFO - Evaluating ZEEL.NS in sector Media (-0.79%)
2025-04-30 05:18:57,663 - INFO - Not trading ZEEL.NS - sector performance doesn't match strategy
2025-04-30 05:18:57,665 - INFO -   Transaction type: BUY
2025-04-30 05:18:57,665 - INFO -   Sector is_positive: False
2025-04-30 05:18:57,666 - INFO - Processing ticker 3: Lauraslabs.NS
2025-04-30 05:18:57,666 - WARNING - Could not find sector for Lauraslabs.NS in sector mapping
2025-04-30 05:18:57,668 - INFO - Processing ticker 4: ADANIENT.NS
2025-04-30 05:18:57,668 - INFO - Found sector Metal for ADANIENT.NS
2025-04-30 05:18:57,669 - INFO - Evaluating ADANIENT.NS in sector Metal (-0.95%)
2025-04-30 05:18:57,669 - INFO - Not trading ADANIENT.NS - sector performance doesn't match strategy
2025-04-30 05:18:57,670 - INFO -   Transaction type: BUY
2025-04-30 05:18:57,676 - INFO -   Sector is_positive: False
2025-04-30 05:18:57,677 - INFO - Processing ticker 5: IPCALAB.NS
2025-04-30 05:18:57,677 - INFO - Found sector Pharma for IPCALAB.NS
2025-04-30 05:18:57,678 - INFO - Evaluating IPCALAB.NS in sector Pharma (-1.06%)
2025-04-30 05:18:57,678 - INFO - Not trading IPCALAB.NS - sector performance doesn't match strategy
2025-04-30 05:18:57,678 - INFO -   Transaction type: BUY
2025-04-30 05:18:57,679 - INFO -   Sector is_positive: False
2025-04-30 05:18:57,679 - INFO - Processing ticker 6: RELIANCE.NS
2025-04-30 05:18:57,680 - INFO - Skipping RELIANCE.NS - already have an open position
2025-04-30 05:18:57,680 - INFO - Processing ticker 7: TIINDIA.NS
2025-04-30 05:18:57,681 - INFO - Skipping TIINDIA.NS - already have an open position
2025-04-30 05:18:57,681 - INFO - Processing ticker 8: SONACOMS.NS
2025-04-30 05:18:57,682 - INFO - Skipping SONACOMS.NS - already have an open position
2025-04-30 05:18:57,684 - INFO - Processing ticker 9: SAREGAMA.NS
2025-04-30 05:18:57,686 - INFO - Skipping SAREGAMA.NS - already have an open position
2025-04-30 05:18:57,686 - INFO - Ticker processing summary:
2025-04-30 05:18:57,687 - INFO -   Total tickers considered: 9
2025-04-30 05:18:57,688 - INFO -   Tickers with sector data: 4
2025-04-30 05:18:57,689 - INFO -   Tickers matching strategy: 0
2025-04-30 05:18:57,690 - INFO -   Tickers with security ID: 0
2025-04-30 05:18:57,691 - INFO -   Orders successfully placed: 0
2025-04-30 05:18:57,694 - INFO - New positions added: 0
2025-04-30 05:18:57,694 - INFO - Positions skipped: 9
2025-04-30 05:18:57,694 - INFO - Positions with errors: 0
2025-04-30 05:18:57,695 - INFO - 
==================================================
NEW OPPORTUNITIES PROCESSING COMPLETE
==================================================
2025-04-30 05:18:57,695 - INFO - 
==================================================
SECTOR PROCESSING COMPLETE
==================================================
2025-04-30 05:18:57,697 - INFO - Saved 4 positions to dhan_positions.json
2025-04-30 05:18:57,698 - INFO - 
==================================================
POSITIONS SUMMARY
==================================================
2025-04-30 05:18:57,701 - INFO - Current positions summary:
2025-04-30 05:18:57,702 - INFO -   Open BUY positions: 0
2025-04-30 05:18:57,702 - INFO -   Open SELL positions: 4
2025-04-30 05:18:57,703 - INFO -   Closed positions: 0
2025-04-30 05:18:57,703 - INFO -   Total positions: 4
2025-04-30 05:18:57,708 - INFO - Open positions:
2025-04-30 05:18:57,710 - INFO -   SELL RELIANCE.NS (Sector: Energy, Entry: 2025-04-30 05:01:34, Order ID: 212504306752, SL%: 1.0%, Target%: 1.0%)
2025-04-30 05:18:57,710 - INFO -   SELL TIINDIA.NS (Sector: Auto, Entry: 2025-04-30 05:01:46, Order ID: 512504306332, SL%: 1.0%, Target%: 1%)
2025-04-30 05:18:57,710 - INFO -   SELL SONACOMS.NS (Sector: Auto, Entry: 2025-04-30 05:01:59, Order ID: 412504306422, SL%: 1.0%, Target%: 1.0%)
2025-04-30 05:18:57,711 - INFO -   SELL SAREGAMA.NS (Sector: Media, Entry: 2025-04-30 05:02:11, Order ID: 412504306512, SL%: 1.0%, Target%: 1%)
2025-04-30 05:18:57,711 - INFO - 
==================================================
POSITIONS SUMMARY COMPLETE
==================================================
2025-04-30 05:18:57,713 - INFO - Trading cycle 34 completed
2025-04-30 05:18:57,714 - INFO - Waiting 30 seconds until next check at 05:19:27...
2025-04-30 05:18:57,714 - INFO - 
==================================================
CYCLE 34 COMPLETE
==================================================
2025-04-30 05:19:27,724 - INFO - 
==================================================
TRADING CYCLE 35
==================================================
2025-04-30 05:19:27,724 - INFO - Trading cycle 35 started at 2025-04-30 05:19:27
2025-04-30 05:19:27,726 - INFO - 
==================================================
READING SECTOR PERFORMANCE DATA
==================================================
2025-04-30 05:19:27,727 - INFO - Reading sector performance data from sector.csv
2025-04-30 05:19:27,728 - INFO - File last modified: 2025-04-30 05:19:23
2025-04-30 05:19:27,762 - INFO - Latest timestamp in data: 2025-04-30 05:19:23
2025-04-30 05:19:27,763 - INFO - Loaded data for 10 sectors
2025-04-30 05:19:27,763 - INFO - Sector performance details:
2025-04-30 05:19:27,765 - INFO -   IT: POSITIVE (1.23%)
2025-04-30 05:19:27,767 - INFO -   PSU Bank: NEGATIVE (-0.05%)
2025-04-30 05:19:27,769 - INFO -   Auto: NEGATIVE (-0.24%)
2025-04-30 05:19:27,773 - INFO -   FMCG: NEGATIVE (-0.26%)
2025-04-30 05:19:27,774 - INFO -   Realty: NEGATIVE (-0.26%)
2025-04-30 05:19:27,775 - INFO -   Energy: NEGATIVE (-0.29%)
2025-04-30 05:19:27,776 - INFO -   Financial Services: NEGATIVE (-0.37%)
2025-04-30 05:19:27,777 - INFO -   Media: NEGATIVE (-0.79%)
2025-04-30 05:19:27,778 - INFO -   Metal: NEGATIVE (-0.95%)
2025-04-30 05:19:27,778 - INFO -   Pharma: NEGATIVE (-1.06%)
2025-04-30 05:19:27,779 - INFO - 
==================================================
SECTOR DATA READ COMPLETE
==================================================
2025-04-30 05:19:27,780 - INFO - 
==================================================
PROCESSING SECTOR DATA
==================================================
2025-04-30 05:19:27,781 - INFO - Processed performance data for 10 sectors
2025-04-30 05:19:27,782 - INFO - Processing existing positions for potential exits...
2025-04-30 05:19:27,782 - INFO - 
==================================================
PROCESSING EXISTING POSITIONS
==================================================
2025-04-30 05:19:27,783 - INFO - Processing 4 existing positions
2025-04-30 05:19:27,784 - INFO - Checking position: SELL RELIANCE.NS (Sector: Energy)
2025-04-30 05:19:27,785 - INFO - SECURITY ID LOOKUP: Searching for RELIANCE.NS
2025-04-30 05:19:27,785 - INFO - Trying exact match for 'RELIANCE.NS'
2025-04-30 05:19:27,790 - INFO - FOUND EXACT MATCH: ID 2885 for RELIANCE.NS
2025-04-30 05:19:27,790 - INFO - Sector Energy is NEGATIVE with -0.29% change
2025-04-30 05:19:27,790 - INFO - Getting current market price for RELIANCE.NS
2025-04-30 05:19:27,791 - INFO - Failed to get quote using symbol: 'dhanhq' object has no attribute 'get_quote'
2025-04-30 05:19:27,791 - INFO - Failed to get LTP using security_id: 'dhanhq' object has no attribute 'get_ltp'
2025-04-30 05:19:27,791 - INFO - Failed to get price from candles: 'dhanhq' object has no attribute 'intraday_daily_minute_charts'
2025-04-30 05:19:27,792 - ERROR - Could not get current market price for RELIANCE.NS
2025-04-30 05:19:27,792 - WARNING - Could not get current market price for RELIANCE.NS
2025-04-30 05:19:27,792 - INFO - Checking position: SELL TIINDIA.NS (Sector: Auto)
2025-04-30 05:19:27,793 - INFO - SECURITY ID LOOKUP: Searching for TIINDIA.NS
2025-04-30 05:19:27,793 - INFO - Trying exact match for 'TIINDIA.NS'
2025-04-30 05:19:27,793 - INFO - FOUND EXACT MATCH: ID 312 for TIINDIA.NS
2025-04-30 05:19:27,794 - INFO - Sector Auto is NEGATIVE with -0.24% change
2025-04-30 05:19:27,794 - INFO - Getting current market price for TIINDIA.NS
2025-04-30 05:19:27,794 - INFO - Failed to get quote using symbol: 'dhanhq' object has no attribute 'get_quote'
2025-04-30 05:19:27,795 - INFO - Failed to get LTP using security_id: 'dhanhq' object has no attribute 'get_ltp'
2025-04-30 05:19:27,795 - INFO - Failed to get price from candles: 'dhanhq' object has no attribute 'intraday_daily_minute_charts'
2025-04-30 05:19:27,795 - ERROR - Could not get current market price for TIINDIA.NS
2025-04-30 05:19:27,796 - WARNING - Could not get current market price for TIINDIA.NS
2025-04-30 05:19:27,796 - INFO - Checking position: SELL SONACOMS.NS (Sector: Auto)
2025-04-30 05:19:27,797 - INFO - SECURITY ID LOOKUP: Searching for SONACOMS.NS
2025-04-30 05:19:27,798 - INFO - Trying exact match for 'SONACOMS.NS'
2025-04-30 05:19:27,798 - INFO - FOUND EXACT MATCH: ID 4684 for SONACOMS.NS
2025-04-30 05:19:27,798 - INFO - Sector Auto is NEGATIVE with -0.24% change
2025-04-30 05:19:27,799 - INFO - Getting current market price for SONACOMS.NS
2025-04-30 05:19:27,799 - INFO - Failed to get quote using symbol: 'dhanhq' object has no attribute 'get_quote'
2025-04-30 05:19:27,799 - INFO - Failed to get LTP using security_id: 'dhanhq' object has no attribute 'get_ltp'
2025-04-30 05:19:27,800 - INFO - Failed to get price from candles: 'dhanhq' object has no attribute 'intraday_daily_minute_charts'
2025-04-30 05:19:27,800 - ERROR - Could not get current market price for SONACOMS.NS
2025-04-30 05:19:27,801 - WARNING - Could not get current market price for SONACOMS.NS
2025-04-30 05:19:27,804 - INFO - Checking position: SELL SAREGAMA.NS (Sector: Media)
2025-04-30 05:19:27,805 - INFO - SECURITY ID LOOKUP: Searching for SAREGAMA.NS
2025-04-30 05:19:27,807 - INFO - Trying exact match for 'SAREGAMA.NS'
2025-04-30 05:19:27,807 - INFO - FOUND EXACT MATCH: ID 4892 for SAREGAMA.NS
2025-04-30 05:19:27,808 - INFO - Sector Media is NEGATIVE with -0.79% change
2025-04-30 05:19:27,808 - INFO - Getting current market price for SAREGAMA.NS
2025-04-30 05:19:27,809 - INFO - Failed to get quote using symbol: 'dhanhq' object has no attribute 'get_quote'
2025-04-30 05:19:27,809 - INFO - Failed to get LTP using security_id: 'dhanhq' object has no attribute 'get_ltp'
2025-04-30 05:19:27,809 - INFO - Failed to get price from candles: 'dhanhq' object has no attribute 'intraday_daily_minute_charts'
2025-04-30 05:19:27,810 - ERROR - Could not get current market price for SAREGAMA.NS
2025-04-30 05:19:27,810 - WARNING - Could not get current market price for SAREGAMA.NS
2025-04-30 05:19:27,810 - INFO - No positions needed to be exited
2025-04-30 05:19:27,811 - INFO - 
==================================================
POSITION PROCESSING COMPLETE
==================================================
2025-04-30 05:19:27,811 - INFO - Looking for new trading opportunities...
2025-04-30 05:19:27,812 - INFO - 
==================================================
FINDING NEW TRADING OPPORTUNITIES
==================================================
2025-04-30 05:19:27,812 - INFO - Found 9 active tickers out of 9 total
2025-04-30 05:19:27,813 - INFO - Processing tickers in order: ['SYNGENE.NS', 'ZEEL.NS', 'Lauraslabs.NS', 'ADANIENT.NS', 'IPCALAB.NS', 'RELIANCE.NS', 'TIINDIA.NS', 'SONACOMS.NS', 'SAREGAMA.NS']
2025-04-30 05:19:27,813 - INFO - Already have open positions for: ['RELIANCE.NS', 'TIINDIA.NS', 'SONACOMS.NS', 'SAREGAMA.NS']
2025-04-30 05:19:27,813 - INFO - Current sector performances:
2025-04-30 05:19:27,814 - INFO -   Sector IT: POSITIVE (1.23%)
2025-04-30 05:19:27,814 - INFO -   Sector PSU Bank: NEGATIVE (-0.05%)
2025-04-30 05:19:27,815 - INFO -   Sector Auto: NEGATIVE (-0.24%)
2025-04-30 05:19:27,815 - INFO -   Sector FMCG: NEGATIVE (-0.26%)
2025-04-30 05:19:27,815 - INFO -   Sector Realty: NEGATIVE (-0.26%)
2025-04-30 05:19:27,816 - INFO -   Sector Energy: NEGATIVE (-0.29%)
2025-04-30 05:19:27,817 - INFO -   Sector Financial Services: NEGATIVE (-0.37%)
2025-04-30 05:19:27,818 - INFO -   Sector Media: NEGATIVE (-0.79%)
2025-04-30 05:19:27,821 - INFO -   Sector Metal: NEGATIVE (-0.95%)
2025-04-30 05:19:27,822 - INFO -   Sector Pharma: NEGATIVE (-1.06%)
2025-04-30 05:19:27,823 - INFO - Processing ticker 1: SYNGENE.NS
2025-04-30 05:19:27,824 - INFO - Found sector Pharma for SYNGENE.NS
2025-04-30 05:19:27,824 - INFO - Evaluating SYNGENE.NS in sector Pharma (-1.06%)
2025-04-30 05:19:27,824 - INFO - Not trading SYNGENE.NS - sector performance doesn't match strategy
2025-04-30 05:19:27,825 - INFO -   Transaction type: BUY
2025-04-30 05:19:27,825 - INFO -   Sector is_positive: False
2025-04-30 05:19:27,825 - INFO - Processing ticker 2: ZEEL.NS
2025-04-30 05:19:27,826 - INFO - Found sector Media for ZEEL.NS
2025-04-30 05:19:27,826 - INFO - Evaluating ZEEL.NS in sector Media (-0.79%)
2025-04-30 05:19:27,826 - INFO - Not trading ZEEL.NS - sector performance doesn't match strategy
2025-04-30 05:19:27,826 - INFO -   Transaction type: BUY
2025-04-30 05:19:27,827 - INFO -   Sector is_positive: False
2025-04-30 05:19:27,827 - INFO - Processing ticker 3: Lauraslabs.NS
2025-04-30 05:19:27,828 - WARNING - Could not find sector for Lauraslabs.NS in sector mapping
2025-04-30 05:19:27,828 - INFO - Processing ticker 4: ADANIENT.NS
2025-04-30 05:19:27,828 - INFO - Found sector Metal for ADANIENT.NS
2025-04-30 05:19:27,829 - INFO - Evaluating ADANIENT.NS in sector Metal (-0.95%)
2025-04-30 05:19:27,829 - INFO - Not trading ADANIENT.NS - sector performance doesn't match strategy
2025-04-30 05:19:27,829 - INFO -   Transaction type: BUY
2025-04-30 05:19:27,830 - INFO -   Sector is_positive: False
2025-04-30 05:19:27,830 - INFO - Processing ticker 5: IPCALAB.NS
2025-04-30 05:19:27,831 - INFO - Found sector Pharma for IPCALAB.NS
2025-04-30 05:19:27,831 - INFO - Evaluating IPCALAB.NS in sector Pharma (-1.06%)
2025-04-30 05:19:27,832 - INFO - Not trading IPCALAB.NS - sector performance doesn't match strategy
2025-04-30 05:19:27,832 - INFO -   Transaction type: BUY
2025-04-30 05:19:27,832 - INFO -   Sector is_positive: False
2025-04-30 05:19:27,833 - INFO - Processing ticker 6: RELIANCE.NS
2025-04-30 05:19:27,835 - INFO - Skipping RELIANCE.NS - already have an open position
2025-04-30 05:19:27,839 - INFO - Processing ticker 7: TIINDIA.NS
2025-04-30 05:19:27,840 - INFO - Skipping TIINDIA.NS - already have an open position
2025-04-30 05:19:27,840 - INFO - Processing ticker 8: SONACOMS.NS
2025-04-30 05:19:27,840 - INFO - Skipping SONACOMS.NS - already have an open position
2025-04-30 05:19:27,841 - INFO - Processing ticker 9: SAREGAMA.NS
2025-04-30 05:19:27,841 - INFO - Skipping SAREGAMA.NS - already have an open position
2025-04-30 05:19:27,841 - INFO - Ticker processing summary:
2025-04-30 05:19:27,842 - INFO -   Total tickers considered: 9
2025-04-30 05:19:27,842 - INFO -   Tickers with sector data: 4
2025-04-30 05:19:27,843 - INFO -   Tickers matching strategy: 0
2025-04-30 05:19:27,844 - INFO -   Tickers with security ID: 0
2025-04-30 05:19:27,844 - INFO -   Orders successfully placed: 0
2025-04-30 05:19:27,845 - INFO - New positions added: 0
2025-04-30 05:19:27,845 - INFO - Positions skipped: 9
2025-04-30 05:19:27,846 - INFO - Positions with errors: 0
2025-04-30 05:19:27,846 - INFO - 
==================================================
NEW OPPORTUNITIES PROCESSING COMPLETE
==================================================
2025-04-30 05:19:27,847 - INFO - 
==================================================
SECTOR PROCESSING COMPLETE
==================================================
2025-04-30 05:19:27,850 - INFO - Saved 4 positions to dhan_positions.json
2025-04-30 05:19:27,855 - INFO - 
==================================================
POSITIONS SUMMARY
==================================================
2025-04-30 05:19:27,856 - INFO - Current positions summary:
2025-04-30 05:19:27,857 - INFO -   Open BUY positions: 0
2025-04-30 05:19:27,857 - INFO -   Open SELL positions: 4
2025-04-30 05:19:27,857 - INFO -   Closed positions: 0
2025-04-30 05:19:27,858 - INFO -   Total positions: 4
2025-04-30 05:19:27,858 - INFO - Open positions:
2025-04-30 05:19:27,858 - INFO -   SELL RELIANCE.NS (Sector: Energy, Entry: 2025-04-30 05:01:34, Order ID: 212504306752, SL%: 1.0%, Target%: 1.0%)
2025-04-30 05:19:27,859 - INFO -   SELL TIINDIA.NS (Sector: Auto, Entry: 2025-04-30 05:01:46, Order ID: 512504306332, SL%: 1.0%, Target%: 1%)
2025-04-30 05:19:27,859 - INFO -   SELL SONACOMS.NS (Sector: Auto, Entry: 2025-04-30 05:01:59, Order ID: 412504306422, SL%: 1.0%, Target%: 1.0%)
2025-04-30 05:19:27,860 - INFO -   SELL SAREGAMA.NS (Sector: Media, Entry: 2025-04-30 05:02:11, Order ID: 412504306512, SL%: 1.0%, Target%: 1%)
2025-04-30 05:19:27,860 - INFO - 
==================================================
POSITIONS SUMMARY COMPLETE
==================================================
2025-04-30 05:19:27,861 - INFO - Trading cycle 35 completed
2025-04-30 05:19:27,861 - INFO - Waiting 30 seconds until next check at 05:19:57...
2025-04-30 05:19:27,862 - INFO - 
==================================================
CYCLE 35 COMPLETE
==================================================
2025-04-30 05:19:57,868 - INFO - 
==================================================
TRADING CYCLE 36
==================================================
2025-04-30 05:19:57,869 - INFO - Trading cycle 36 started at 2025-04-30 05:19:57
2025-04-30 05:19:57,869 - INFO - 
==================================================
READING SECTOR PERFORMANCE DATA
==================================================
2025-04-30 05:19:57,870 - INFO - Reading sector performance data from sector.csv
2025-04-30 05:19:57,870 - INFO - File last modified: 2025-04-30 05:19:23
2025-04-30 05:19:57,873 - INFO - Latest timestamp in data: 2025-04-30 05:19:23
2025-04-30 05:19:57,874 - INFO - Loaded data for 10 sectors
2025-04-30 05:19:57,874 - INFO - Sector performance details:
2025-04-30 05:19:57,875 - INFO -   IT: POSITIVE (1.23%)
2025-04-30 05:19:57,877 - INFO -   PSU Bank: NEGATIVE (-0.05%)
2025-04-30 05:19:57,878 - INFO -   Auto: NEGATIVE (-0.24%)
2025-04-30 05:19:57,878 - INFO -   FMCG: NEGATIVE (-0.26%)
2025-04-30 05:19:57,880 - INFO -   Realty: NEGATIVE (-0.26%)
2025-04-30 05:19:57,882 - INFO -   Energy: NEGATIVE (-0.29%)
2025-04-30 05:19:57,884 - INFO -   Financial Services: NEGATIVE (-0.37%)
2025-04-30 05:19:57,884 - INFO -   Media: NEGATIVE (-0.79%)
2025-04-30 05:19:57,885 - INFO -   Metal: NEGATIVE (-0.95%)
2025-04-30 05:19:57,885 - INFO -   Pharma: NEGATIVE (-1.06%)
2025-04-30 05:19:57,886 - INFO - 
==================================================
SECTOR DATA READ COMPLETE
==================================================
2025-04-30 05:19:57,886 - INFO - 
==================================================
PROCESSING SECTOR DATA
==================================================
2025-04-30 05:19:57,888 - INFO - Processed performance data for 10 sectors
2025-04-30 05:19:57,888 - INFO - Processing existing positions for potential exits...
2025-04-30 05:19:57,889 - INFO - 
==================================================
PROCESSING EXISTING POSITIONS
==================================================
2025-04-30 05:19:57,889 - INFO - Processing 4 existing positions
2025-04-30 05:19:57,889 - INFO - Checking position: SELL RELIANCE.NS (Sector: Energy)
2025-04-30 05:19:57,890 - INFO - SECURITY ID LOOKUP: Searching for RELIANCE.NS
2025-04-30 05:19:57,890 - INFO - Trying exact match for 'RELIANCE.NS'
2025-04-30 05:19:57,890 - INFO - FOUND EXACT MATCH: ID 2885 for RELIANCE.NS
2025-04-30 05:19:57,891 - INFO - Sector Energy is NEGATIVE with -0.29% change
2025-04-30 05:19:57,891 - INFO - Getting current market price for RELIANCE.NS
2025-04-30 05:19:57,891 - INFO - Failed to get quote using symbol: 'dhanhq' object has no attribute 'get_quote'
2025-04-30 05:19:57,892 - INFO - Failed to get LTP using security_id: 'dhanhq' object has no attribute 'get_ltp'
2025-04-30 05:19:57,892 - INFO - Failed to get price from candles: 'dhanhq' object has no attribute 'intraday_daily_minute_charts'
2025-04-30 05:19:57,892 - ERROR - Could not get current market price for RELIANCE.NS
2025-04-30 05:19:57,893 - WARNING - Could not get current market price for RELIANCE.NS
2025-04-30 05:19:57,893 - INFO - Checking position: SELL TIINDIA.NS (Sector: Auto)
2025-04-30 05:19:57,893 - INFO - SECURITY ID LOOKUP: Searching for TIINDIA.NS
2025-04-30 05:19:57,893 - INFO - Trying exact match for 'TIINDIA.NS'
2025-04-30 05:19:57,894 - INFO - FOUND EXACT MATCH: ID 312 for TIINDIA.NS
2025-04-30 05:19:57,894 - INFO - Sector Auto is NEGATIVE with -0.24% change
2025-04-30 05:19:57,894 - INFO - Getting current market price for TIINDIA.NS
2025-04-30 05:19:57,895 - INFO - Failed to get quote using symbol: 'dhanhq' object has no attribute 'get_quote'
2025-04-30 05:19:57,895 - INFO - Failed to get LTP using security_id: 'dhanhq' object has no attribute 'get_ltp'
2025-04-30 05:19:57,895 - INFO - Failed to get price from candles: 'dhanhq' object has no attribute 'intraday_daily_minute_charts'
2025-04-30 05:19:57,896 - ERROR - Could not get current market price for TIINDIA.NS
2025-04-30 05:19:57,896 - WARNING - Could not get current market price for TIINDIA.NS
2025-04-30 05:19:57,896 - INFO - Checking position: SELL SONACOMS.NS (Sector: Auto)
2025-04-30 05:19:57,897 - INFO - SECURITY ID LOOKUP: Searching for SONACOMS.NS
2025-04-30 05:19:57,898 - INFO - Trying exact match for 'SONACOMS.NS'
2025-04-30 05:19:57,899 - INFO - FOUND EXACT MATCH: ID 4684 for SONACOMS.NS
2025-04-30 05:19:57,900 - INFO - Sector Auto is NEGATIVE with -0.24% change
2025-04-30 05:19:57,902 - INFO - Getting current market price for SONACOMS.NS
2025-04-30 05:19:57,903 - INFO - Failed to get quote using symbol: 'dhanhq' object has no attribute 'get_quote'
2025-04-30 05:19:57,903 - INFO - Failed to get LTP using security_id: 'dhanhq' object has no attribute 'get_ltp'
2025-04-30 05:19:57,903 - INFO - Failed to get price from candles: 'dhanhq' object has no attribute 'intraday_daily_minute_charts'
2025-04-30 05:19:57,904 - ERROR - Could not get current market price for SONACOMS.NS
2025-04-30 05:19:57,904 - WARNING - Could not get current market price for SONACOMS.NS
2025-04-30 05:19:57,904 - INFO - Checking position: SELL SAREGAMA.NS (Sector: Media)
2025-04-30 05:19:57,904 - INFO - SECURITY ID LOOKUP: Searching for SAREGAMA.NS
2025-04-30 05:19:57,905 - INFO - Trying exact match for 'SAREGAMA.NS'
2025-04-30 05:19:57,905 - INFO - FOUND EXACT MATCH: ID 4892 for SAREGAMA.NS
2025-04-30 05:19:57,905 - INFO - Sector Media is NEGATIVE with -0.79% change
2025-04-30 05:19:57,906 - INFO - Getting current market price for SAREGAMA.NS
2025-04-30 05:19:57,907 - INFO - Failed to get quote using symbol: 'dhanhq' object has no attribute 'get_quote'
2025-04-30 05:19:57,907 - INFO - Failed to get LTP using security_id: 'dhanhq' object has no attribute 'get_ltp'
2025-04-30 05:19:57,908 - INFO - Failed to get price from candles: 'dhanhq' object has no attribute 'intraday_daily_minute_charts'
2025-04-30 05:19:57,908 - ERROR - Could not get current market price for SAREGAMA.NS
2025-04-30 05:19:57,908 - WARNING - Could not get current market price for SAREGAMA.NS
2025-04-30 05:19:57,908 - INFO - No positions needed to be exited
2025-04-30 05:19:57,909 - INFO - 
==================================================
POSITION PROCESSING COMPLETE
==================================================
2025-04-30 05:19:57,909 - INFO - Looking for new trading opportunities...
2025-04-30 05:19:57,910 - INFO - 
==================================================
FINDING NEW TRADING OPPORTUNITIES
==================================================
2025-04-30 05:19:57,910 - INFO - Found 9 active tickers out of 9 total
2025-04-30 05:19:57,910 - INFO - Processing tickers in order: ['SYNGENE.NS', 'ZEEL.NS', 'Lauraslabs.NS', 'ADANIENT.NS', 'IPCALAB.NS', 'RELIANCE.NS', 'TIINDIA.NS', 'SONACOMS.NS', 'SAREGAMA.NS']
2025-04-30 05:19:57,911 - INFO - Already have open positions for: ['RELIANCE.NS', 'TIINDIA.NS', 'SONACOMS.NS', 'SAREGAMA.NS']
2025-04-30 05:19:57,911 - INFO - Current sector performances:
2025-04-30 05:19:57,911 - INFO -   Sector IT: POSITIVE (1.23%)
2025-04-30 05:19:57,912 - INFO -   Sector PSU Bank: NEGATIVE (-0.05%)
2025-04-30 05:19:57,912 - INFO -   Sector Auto: NEGATIVE (-0.24%)
2025-04-30 05:19:57,912 - INFO -   Sector FMCG: NEGATIVE (-0.26%)
2025-04-30 05:19:57,913 - INFO -   Sector Realty: NEGATIVE (-0.26%)
2025-04-30 05:19:57,913 - INFO -   Sector Energy: NEGATIVE (-0.29%)
2025-04-30 05:19:57,914 - INFO -   Sector Financial Services: NEGATIVE (-0.37%)
2025-04-30 05:19:57,918 - INFO -   Sector Media: NEGATIVE (-0.79%)
2025-04-30 05:19:57,919 - INFO -   Sector Metal: NEGATIVE (-0.95%)
2025-04-30 05:19:57,920 - INFO -   Sector Pharma: NEGATIVE (-1.06%)
2025-04-30 05:19:57,920 - INFO - Processing ticker 1: SYNGENE.NS
2025-04-30 05:19:57,921 - INFO - Found sector Pharma for SYNGENE.NS
2025-04-30 05:19:57,921 - INFO - Evaluating SYNGENE.NS in sector Pharma (-1.06%)
2025-04-30 05:19:57,921 - INFO - Not trading SYNGENE.NS - sector performance doesn't match strategy
2025-04-30 05:19:57,922 - INFO -   Transaction type: BUY
2025-04-30 05:19:57,922 - INFO -   Sector is_positive: False
2025-04-30 05:19:57,922 - INFO - Processing ticker 2: ZEEL.NS
2025-04-30 05:19:57,923 - INFO - Found sector Media for ZEEL.NS
2025-04-30 05:19:57,923 - INFO - Evaluating ZEEL.NS in sector Media (-0.79%)
2025-04-30 05:19:57,923 - INFO - Not trading ZEEL.NS - sector performance doesn't match strategy
2025-04-30 05:19:57,923 - INFO -   Transaction type: BUY
2025-04-30 05:19:57,924 - INFO -   Sector is_positive: False
2025-04-30 05:19:57,924 - INFO - Processing ticker 3: Lauraslabs.NS
2025-04-30 05:19:57,924 - WARNING - Could not find sector for Lauraslabs.NS in sector mapping
2025-04-30 05:19:57,925 - INFO - Processing ticker 4: ADANIENT.NS
2025-04-30 05:19:57,925 - INFO - Found sector Metal for ADANIENT.NS
2025-04-30 05:19:57,925 - INFO - Evaluating ADANIENT.NS in sector Metal (-0.95%)
2025-04-30 05:19:57,926 - INFO - Not trading ADANIENT.NS - sector performance doesn't match strategy
2025-04-30 05:19:57,926 - INFO -   Transaction type: BUY
2025-04-30 05:19:57,926 - INFO -   Sector is_positive: False
2025-04-30 05:19:57,927 - INFO - Processing ticker 5: IPCALAB.NS
2025-04-30 05:19:57,927 - INFO - Found sector Pharma for IPCALAB.NS
2025-04-30 05:19:57,927 - INFO - Evaluating IPCALAB.NS in sector Pharma (-1.06%)
2025-04-30 05:19:57,928 - INFO - Not trading IPCALAB.NS - sector performance doesn't match strategy
2025-04-30 05:19:57,928 - INFO -   Transaction type: BUY
2025-04-30 05:19:57,929 - INFO -   Sector is_positive: False
2025-04-30 05:19:57,929 - INFO - Processing ticker 6: RELIANCE.NS
2025-04-30 05:19:57,929 - INFO - Skipping RELIANCE.NS - already have an open position
2025-04-30 05:19:57,930 - INFO - Processing ticker 7: TIINDIA.NS
2025-04-30 05:19:57,930 - INFO - Skipping TIINDIA.NS - already have an open position
2025-04-30 05:19:57,931 - INFO - Processing ticker 8: SONACOMS.NS
2025-04-30 05:19:57,931 - INFO - Skipping SONACOMS.NS - already have an open position
2025-04-30 05:19:57,932 - INFO - Processing ticker 9: SAREGAMA.NS
2025-04-30 05:19:57,932 - INFO - Skipping SAREGAMA.NS - already have an open position
2025-04-30 05:19:57,934 - INFO - Ticker processing summary:
2025-04-30 05:19:57,935 - INFO -   Total tickers considered: 9
2025-04-30 05:19:57,936 - INFO -   Tickers with sector data: 4
2025-04-30 05:19:57,936 - INFO -   Tickers matching strategy: 0
2025-04-30 05:19:57,937 - INFO -   Tickers with security ID: 0
2025-04-30 05:19:57,937 - INFO -   Orders successfully placed: 0
2025-04-30 05:19:57,937 - INFO - New positions added: 0
2025-04-30 05:19:57,938 - INFO - Positions skipped: 9
2025-04-30 05:19:57,938 - INFO - Positions with errors: 0
2025-04-30 05:19:57,938 - INFO - 
==================================================
NEW OPPORTUNITIES PROCESSING COMPLETE
==================================================
2025-04-30 05:19:57,939 - INFO - 
==================================================
SECTOR PROCESSING COMPLETE
==================================================
2025-04-30 05:19:57,942 - INFO - Saved 4 positions to dhan_positions.json
2025-04-30 05:19:57,943 - INFO - 
==================================================
POSITIONS SUMMARY
==================================================
2025-04-30 05:19:57,944 - INFO - Current positions summary:
2025-04-30 05:19:57,945 - INFO -   Open BUY positions: 0
2025-04-30 05:19:57,945 - INFO -   Open SELL positions: 4
2025-04-30 05:19:57,945 - INFO -   Closed positions: 0
2025-04-30 05:19:57,946 - INFO -   Total positions: 4
2025-04-30 05:19:57,946 - INFO - Open positions:
2025-04-30 05:19:57,951 - INFO -   SELL RELIANCE.NS (Sector: Energy, Entry: 2025-04-30 05:01:34, Order ID: 212504306752, SL%: 1.0%, Target%: 1.0%)
2025-04-30 05:19:57,953 - INFO -   SELL TIINDIA.NS (Sector: Auto, Entry: 2025-04-30 05:01:46, Order ID: 512504306332, SL%: 1.0%, Target%: 1%)
2025-04-30 05:19:57,954 - INFO -   SELL SONACOMS.NS (Sector: Auto, Entry: 2025-04-30 05:01:59, Order ID: 412504306422, SL%: 1.0%, Target%: 1.0%)
2025-04-30 05:19:57,954 - INFO -   SELL SAREGAMA.NS (Sector: Media, Entry: 2025-04-30 05:02:11, Order ID: 412504306512, SL%: 1.0%, Target%: 1%)
2025-04-30 05:19:57,955 - INFO - 
==================================================
POSITIONS SUMMARY COMPLETE
==================================================
2025-04-30 05:19:57,955 - INFO - Trading cycle 36 completed
2025-04-30 05:19:57,957 - INFO - Waiting 30 seconds until next check at 05:20:27...
2025-04-30 05:19:57,957 - INFO - 
==================================================
CYCLE 36 COMPLETE
==================================================
2025-04-30 05:20:27,958 - INFO - 
==================================================
TRADING CYCLE 37
==================================================
2025-04-30 05:20:28,023 - INFO - Trading cycle 37 started at 2025-04-30 05:20:28
2025-04-30 05:20:28,038 - INFO - 
==================================================
READING SECTOR PERFORMANCE DATA
==================================================
2025-04-30 05:20:28,040 - INFO - Reading sector performance data from sector.csv
2025-04-30 05:20:28,063 - INFO - File last modified: 2025-04-30 05:19:23
2025-04-30 05:20:28,089 - INFO - Latest timestamp in data: 2025-04-30 05:19:23
2025-04-30 05:20:28,091 - INFO - Loaded data for 10 sectors
2025-04-30 05:20:28,092 - INFO - Sector performance details:
2025-04-30 05:20:28,099 - INFO -   IT: POSITIVE (1.23%)
2025-04-30 05:20:28,100 - INFO -   PSU Bank: NEGATIVE (-0.05%)
2025-04-30 05:20:28,102 - INFO -   Auto: NEGATIVE (-0.24%)
2025-04-30 05:20:28,104 - INFO -   FMCG: NEGATIVE (-0.26%)
2025-04-30 05:20:28,136 - INFO -   Realty: NEGATIVE (-0.26%)
2025-04-30 05:20:28,137 - INFO -   Energy: NEGATIVE (-0.29%)
2025-04-30 05:20:28,139 - INFO -   Financial Services: NEGATIVE (-0.37%)
2025-04-30 05:20:28,141 - INFO -   Media: NEGATIVE (-0.79%)
2025-04-30 05:20:28,142 - INFO -   Metal: NEGATIVE (-0.95%)
2025-04-30 05:20:28,143 - INFO -   Pharma: NEGATIVE (-1.06%)
2025-04-30 05:20:28,143 - INFO - 
==================================================
SECTOR DATA READ COMPLETE
==================================================
2025-04-30 05:20:28,206 - INFO - 
==================================================
PROCESSING SECTOR DATA
==================================================
2025-04-30 05:20:28,240 - INFO - Processed performance data for 10 sectors
2025-04-30 05:20:28,242 - INFO - Processing existing positions for potential exits...
2025-04-30 05:20:28,252 - INFO - 
==================================================
PROCESSING EXISTING POSITIONS
==================================================
2025-04-30 05:20:28,286 - INFO - Processing 4 existing positions
2025-04-30 05:20:28,306 - INFO - Checking position: SELL RELIANCE.NS (Sector: Energy)
2025-04-30 05:20:28,307 - INFO - SECURITY ID LOOKUP: Searching for RELIANCE.NS
2025-04-30 05:20:28,308 - INFO - Trying exact match for 'RELIANCE.NS'
2025-04-30 05:20:28,309 - INFO - FOUND EXACT MATCH: ID 2885 for RELIANCE.NS
2025-04-30 05:20:28,335 - INFO - Sector Energy is NEGATIVE with -0.29% change
2025-04-30 05:20:28,336 - INFO - Getting current market price for RELIANCE.NS
2025-04-30 05:20:28,337 - INFO - Failed to get quote using symbol: 'dhanhq' object has no attribute 'get_quote'
2025-04-30 05:20:28,337 - INFO - Failed to get LTP using security_id: 'dhanhq' object has no attribute 'get_ltp'
2025-04-30 05:20:28,338 - INFO - Failed to get price from candles: 'dhanhq' object has no attribute 'intraday_daily_minute_charts'
2025-04-30 05:20:28,341 - ERROR - Could not get current market price for RELIANCE.NS
2025-04-30 05:20:28,343 - WARNING - Could not get current market price for RELIANCE.NS
2025-04-30 05:20:28,343 - INFO - Checking position: SELL TIINDIA.NS (Sector: Auto)
2025-04-30 05:20:28,354 - INFO - SECURITY ID LOOKUP: Searching for TIINDIA.NS
2025-04-30 05:20:28,388 - INFO - Trying exact match for 'TIINDIA.NS'
2025-04-30 05:20:28,445 - INFO - FOUND EXACT MATCH: ID 312 for TIINDIA.NS
2025-04-30 05:20:28,503 - INFO - Sector Auto is NEGATIVE with -0.24% change
2025-04-30 05:20:28,505 - INFO - Getting current market price for TIINDIA.NS
2025-04-30 05:20:28,508 - INFO - Failed to get quote using symbol: 'dhanhq' object has no attribute 'get_quote'
2025-04-30 05:20:28,552 - INFO - Failed to get LTP using security_id: 'dhanhq' object has no attribute 'get_ltp'
2025-04-30 05:20:28,639 - INFO - Failed to get price from candles: 'dhanhq' object has no attribute 'intraday_daily_minute_charts'
2025-04-30 05:20:28,709 - ERROR - Could not get current market price for TIINDIA.NS
2025-04-30 05:20:28,778 - WARNING - Could not get current market price for TIINDIA.NS
2025-04-30 05:20:28,843 - INFO - Checking position: SELL SONACOMS.NS (Sector: Auto)
2025-04-30 05:20:28,852 - INFO - SECURITY ID LOOKUP: Searching for SONACOMS.NS
2025-04-30 05:20:28,854 - INFO - Trying exact match for 'SONACOMS.NS'
2025-04-30 05:20:28,855 - INFO - FOUND EXACT MATCH: ID 4684 for SONACOMS.NS
2025-04-30 05:20:28,890 - INFO - Sector Auto is NEGATIVE with -0.24% change
2025-04-30 05:20:28,907 - INFO - Getting current market price for SONACOMS.NS
2025-04-30 05:20:28,908 - INFO - Failed to get quote using symbol: 'dhanhq' object has no attribute 'get_quote'
2025-04-30 05:20:28,929 - INFO - Failed to get LTP using security_id: 'dhanhq' object has no attribute 'get_ltp'
2025-04-30 05:20:28,933 - INFO - Failed to get price from candles: 'dhanhq' object has no attribute 'intraday_daily_minute_charts'
2025-04-30 05:20:28,934 - ERROR - Could not get current market price for SONACOMS.NS
2025-04-30 05:20:28,935 - WARNING - Could not get current market price for SONACOMS.NS
2025-04-30 05:20:28,935 - INFO - Checking position: SELL SAREGAMA.NS (Sector: Media)
2025-04-30 05:20:28,936 - INFO - SECURITY ID LOOKUP: Searching for SAREGAMA.NS
2025-04-30 05:20:28,936 - INFO - Trying exact match for 'SAREGAMA.NS'
2025-04-30 05:20:28,937 - INFO - FOUND EXACT MATCH: ID 4892 for SAREGAMA.NS
2025-04-30 05:20:28,938 - INFO - Sector Media is NEGATIVE with -0.79% change
2025-04-30 05:20:28,938 - INFO - Getting current market price for SAREGAMA.NS
2025-04-30 05:20:28,939 - INFO - Failed to get quote using symbol: 'dhanhq' object has no attribute 'get_quote'
2025-04-30 05:20:28,939 - INFO - Failed to get LTP using security_id: 'dhanhq' object has no attribute 'get_ltp'
2025-04-30 05:20:28,940 - INFO - Failed to get price from candles: 'dhanhq' object has no attribute 'intraday_daily_minute_charts'
2025-04-30 05:20:28,940 - ERROR - Could not get current market price for SAREGAMA.NS
2025-04-30 05:20:28,941 - WARNING - Could not get current market price for SAREGAMA.NS
2025-04-30 05:20:28,942 - INFO - No positions needed to be exited
2025-04-30 05:20:28,943 - INFO - 
==================================================
POSITION PROCESSING COMPLETE
==================================================
2025-04-30 05:20:28,950 - INFO - Looking for new trading opportunities...
2025-04-30 05:20:28,951 - INFO - 
==================================================
FINDING NEW TRADING OPPORTUNITIES
==================================================
2025-04-30 05:20:28,953 - INFO - Found 9 active tickers out of 9 total
2025-04-30 05:20:28,953 - INFO - Processing tickers in order: ['SYNGENE.NS', 'ZEEL.NS', 'Lauraslabs.NS', 'ADANIENT.NS', 'IPCALAB.NS', 'RELIANCE.NS', 'TIINDIA.NS', 'SONACOMS.NS', 'SAREGAMA.NS']
2025-04-30 05:20:28,955 - INFO - Already have open positions for: ['RELIANCE.NS', 'TIINDIA.NS', 'SONACOMS.NS', 'SAREGAMA.NS']
2025-04-30 05:20:28,956 - INFO - Current sector performances:
2025-04-30 05:20:28,957 - INFO -   Sector IT: POSITIVE (1.23%)
2025-04-30 05:20:28,984 - INFO -   Sector PSU Bank: NEGATIVE (-0.05%)
2025-04-30 05:20:28,987 - INFO -   Sector Auto: NEGATIVE (-0.24%)
2025-04-30 05:20:29,070 - INFO -   Sector FMCG: NEGATIVE (-0.26%)
2025-04-30 05:20:29,104 - INFO -   Sector Realty: NEGATIVE (-0.26%)
2025-04-30 05:20:29,117 - INFO -   Sector Energy: NEGATIVE (-0.29%)
2025-04-30 05:20:29,118 - INFO -   Sector Financial Services: NEGATIVE (-0.37%)
2025-04-30 05:20:29,121 - INFO -   Sector Media: NEGATIVE (-0.79%)
2025-04-30 05:20:29,124 - INFO -   Sector Metal: NEGATIVE (-0.95%)
2025-04-30 05:20:29,177 - INFO -   Sector Pharma: NEGATIVE (-1.06%)
2025-04-30 05:20:29,186 - INFO - Processing ticker 1: SYNGENE.NS
2025-04-30 05:20:29,188 - INFO - Found sector Pharma for SYNGENE.NS
2025-04-30 05:20:29,189 - INFO - Evaluating SYNGENE.NS in sector Pharma (-1.06%)
2025-04-30 05:20:29,190 - INFO - Not trading SYNGENE.NS - sector performance doesn't match strategy
2025-04-30 05:20:29,192 - INFO -   Transaction type: BUY
2025-04-30 05:20:29,193 - INFO -   Sector is_positive: False
2025-04-30 05:20:29,194 - INFO - Processing ticker 2: ZEEL.NS
2025-04-30 05:20:29,203 - INFO - Found sector Media for ZEEL.NS
2025-04-30 05:20:29,205 - INFO - Evaluating ZEEL.NS in sector Media (-0.79%)
2025-04-30 05:20:29,207 - INFO - Not trading ZEEL.NS - sector performance doesn't match strategy
2025-04-30 05:20:29,209 - INFO -   Transaction type: BUY
2025-04-30 05:20:29,211 - INFO -   Sector is_positive: False
2025-04-30 05:20:29,222 - INFO - Processing ticker 3: Lauraslabs.NS
2025-04-30 05:20:29,235 - WARNING - Could not find sector for Lauraslabs.NS in sector mapping
2025-04-30 05:20:29,237 - INFO - Processing ticker 4: ADANIENT.NS
2025-04-30 05:20:29,240 - INFO - Found sector Metal for ADANIENT.NS
2025-04-30 05:20:29,242 - INFO - Evaluating ADANIENT.NS in sector Metal (-0.95%)
2025-04-30 05:20:29,245 - INFO - Not trading ADANIENT.NS - sector performance doesn't match strategy
2025-04-30 05:20:29,259 - INFO -   Transaction type: BUY
2025-04-30 05:20:29,267 - INFO -   Sector is_positive: False
2025-04-30 05:20:29,271 - INFO - Processing ticker 5: IPCALAB.NS
2025-04-30 05:20:29,276 - INFO - Found sector Pharma for IPCALAB.NS
2025-04-30 05:20:29,286 - INFO - Evaluating IPCALAB.NS in sector Pharma (-1.06%)
2025-04-30 05:20:29,291 - INFO - Not trading IPCALAB.NS - sector performance doesn't match strategy
2025-04-30 05:20:29,304 - INFO -   Transaction type: BUY
2025-04-30 05:20:29,308 - INFO -   Sector is_positive: False
2025-04-30 05:20:29,309 - INFO - Processing ticker 6: RELIANCE.NS
2025-04-30 05:20:29,310 - INFO - Skipping RELIANCE.NS - already have an open position
2025-04-30 05:20:29,319 - INFO - Processing ticker 7: TIINDIA.NS
2025-04-30 05:20:29,321 - INFO - Skipping TIINDIA.NS - already have an open position
2025-04-30 05:20:29,327 - INFO - Processing ticker 8: SONACOMS.NS
2025-04-30 05:20:29,340 - INFO - Skipping SONACOMS.NS - already have an open position
2025-04-30 05:20:29,342 - INFO - Processing ticker 9: SAREGAMA.NS
2025-04-30 05:20:29,343 - INFO - Skipping SAREGAMA.NS - already have an open position
2025-04-30 05:20:29,344 - INFO - Ticker processing summary:
2025-04-30 05:20:29,348 - INFO -   Total tickers considered: 9
2025-04-30 05:20:29,353 - INFO -   Tickers with sector data: 4
2025-04-30 05:20:29,357 - INFO -   Tickers matching strategy: 0
2025-04-30 05:20:29,358 - INFO -   Tickers with security ID: 0
2025-04-30 05:20:29,359 - INFO -   Orders successfully placed: 0
2025-04-30 05:20:29,366 - INFO - New positions added: 0
2025-04-30 05:20:29,370 - INFO - Positions skipped: 9
2025-04-30 05:20:29,372 - INFO - Positions with errors: 0
2025-04-30 05:20:29,376 - INFO - 
==================================================
NEW OPPORTUNITIES PROCESSING COMPLETE
==================================================
2025-04-30 05:20:29,383 - INFO - 
==================================================
SECTOR PROCESSING COMPLETE
==================================================
2025-04-30 05:20:29,402 - INFO - Saved 4 positions to dhan_positions.json
2025-04-30 05:20:29,404 - INFO - 
==================================================
POSITIONS SUMMARY
==================================================
2025-04-30 05:20:29,407 - INFO - Current positions summary:
2025-04-30 05:20:29,409 - INFO -   Open BUY positions: 0
2025-04-30 05:20:29,410 - INFO -   Open SELL positions: 4
2025-04-30 05:20:29,422 - INFO -   Closed positions: 0
2025-04-30 05:20:29,438 - INFO -   Total positions: 4
2025-04-30 05:20:29,453 - INFO - Open positions:
2025-04-30 05:20:29,456 - INFO -   SELL RELIANCE.NS (Sector: Energy, Entry: 2025-04-30 05:01:34, Order ID: 212504306752, SL%: 1.0%, Target%: 1.0%)
2025-04-30 05:20:29,457 - INFO -   SELL TIINDIA.NS (Sector: Auto, Entry: 2025-04-30 05:01:46, Order ID: 512504306332, SL%: 1.0%, Target%: 1%)
2025-04-30 05:20:29,457 - INFO -   SELL SONACOMS.NS (Sector: Auto, Entry: 2025-04-30 05:01:59, Order ID: 412504306422, SL%: 1.0%, Target%: 1.0%)
2025-04-30 05:20:29,458 - INFO -   SELL SAREGAMA.NS (Sector: Media, Entry: 2025-04-30 05:02:11, Order ID: 412504306512, SL%: 1.0%, Target%: 1%)
2025-04-30 05:20:29,459 - INFO - 
==================================================
POSITIONS SUMMARY COMPLETE
==================================================
2025-04-30 05:20:29,461 - INFO - Trading cycle 37 completed
2025-04-30 05:20:29,467 - INFO - Waiting 30 seconds until next check at 05:20:59...
2025-04-30 05:20:29,468 - INFO - 
==================================================
CYCLE 37 COMPLETE
==================================================
2025-04-30 05:20:59,475 - INFO - 
==================================================
TRADING CYCLE 38
==================================================
2025-04-30 05:20:59,478 - INFO - Trading cycle 38 started at 2025-04-30 05:20:59
2025-04-30 05:20:59,478 - INFO - 
==================================================
READING SECTOR PERFORMANCE DATA
==================================================
2025-04-30 05:20:59,479 - INFO - Reading sector performance data from sector.csv
2025-04-30 05:20:59,480 - INFO - File last modified: 2025-04-30 05:19:23
2025-04-30 05:20:59,482 - INFO - Latest timestamp in data: 2025-04-30 05:19:23
2025-04-30 05:20:59,482 - INFO - Loaded data for 10 sectors
2025-04-30 05:20:59,483 - INFO - Sector performance details:
2025-04-30 05:20:59,484 - INFO -   IT: POSITIVE (1.23%)
2025-04-30 05:20:59,484 - INFO -   PSU Bank: NEGATIVE (-0.05%)
2025-04-30 05:20:59,485 - INFO -   Auto: NEGATIVE (-0.24%)
2025-04-30 05:20:59,485 - INFO -   FMCG: NEGATIVE (-0.26%)
2025-04-30 05:20:59,486 - INFO -   Realty: NEGATIVE (-0.26%)
2025-04-30 05:20:59,486 - INFO -   Energy: NEGATIVE (-0.29%)
2025-04-30 05:20:59,487 - INFO -   Financial Services: NEGATIVE (-0.37%)
2025-04-30 05:20:59,488 - INFO -   Media: NEGATIVE (-0.79%)
2025-04-30 05:20:59,488 - INFO -   Metal: NEGATIVE (-0.95%)
2025-04-30 05:20:59,489 - INFO -   Pharma: NEGATIVE (-1.06%)
2025-04-30 05:20:59,489 - INFO - 
==================================================
SECTOR DATA READ COMPLETE
==================================================
2025-04-30 05:20:59,490 - INFO - 
==================================================
PROCESSING SECTOR DATA
==================================================
2025-04-30 05:20:59,492 - INFO - Processed performance data for 10 sectors
2025-04-30 05:20:59,494 - INFO - Processing existing positions for potential exits...
2025-04-30 05:20:59,495 - INFO - 
==================================================
PROCESSING EXISTING POSITIONS
==================================================
2025-04-30 05:20:59,498 - INFO - Processing 4 existing positions
2025-04-30 05:20:59,499 - INFO - Checking position: SELL RELIANCE.NS (Sector: Energy)
2025-04-30 05:20:59,499 - INFO - SECURITY ID LOOKUP: Searching for RELIANCE.NS
2025-04-30 05:20:59,500 - INFO - Trying exact match for 'RELIANCE.NS'
2025-04-30 05:20:59,500 - INFO - FOUND EXACT MATCH: ID 2885 for RELIANCE.NS
2025-04-30 05:20:59,500 - INFO - Sector Energy is NEGATIVE with -0.29% change
2025-04-30 05:20:59,501 - INFO - Getting current market price for RELIANCE.NS
2025-04-30 05:20:59,502 - INFO - Failed to get quote using symbol: 'dhanhq' object has no attribute 'get_quote'
2025-04-30 05:20:59,502 - INFO - Failed to get LTP using security_id: 'dhanhq' object has no attribute 'get_ltp'
2025-04-30 05:20:59,502 - INFO - Failed to get price from candles: 'dhanhq' object has no attribute 'intraday_daily_minute_charts'
2025-04-30 05:20:59,503 - ERROR - Could not get current market price for RELIANCE.NS
2025-04-30 05:20:59,503 - WARNING - Could not get current market price for RELIANCE.NS
2025-04-30 05:20:59,503 - INFO - Checking position: SELL TIINDIA.NS (Sector: Auto)
2025-04-30 05:20:59,504 - INFO - SECURITY ID LOOKUP: Searching for TIINDIA.NS
2025-04-30 05:20:59,504 - INFO - Trying exact match for 'TIINDIA.NS'
2025-04-30 05:20:59,504 - INFO - FOUND EXACT MATCH: ID 312 for TIINDIA.NS
2025-04-30 05:20:59,504 - INFO - Sector Auto is NEGATIVE with -0.24% change
2025-04-30 05:20:59,505 - INFO - Getting current market price for TIINDIA.NS
2025-04-30 05:20:59,505 - INFO - Failed to get quote using symbol: 'dhanhq' object has no attribute 'get_quote'
2025-04-30 05:20:59,505 - INFO - Failed to get LTP using security_id: 'dhanhq' object has no attribute 'get_ltp'
2025-04-30 05:20:59,505 - INFO - Failed to get price from candles: 'dhanhq' object has no attribute 'intraday_daily_minute_charts'
2025-04-30 05:20:59,506 - ERROR - Could not get current market price for TIINDIA.NS
2025-04-30 05:20:59,507 - WARNING - Could not get current market price for TIINDIA.NS
2025-04-30 05:20:59,508 - INFO - Checking position: SELL SONACOMS.NS (Sector: Auto)
2025-04-30 05:20:59,508 - INFO - SECURITY ID LOOKUP: Searching for SONACOMS.NS
2025-04-30 05:20:59,511 - INFO - Trying exact match for 'SONACOMS.NS'
2025-04-30 05:20:59,514 - INFO - FOUND EXACT MATCH: ID 4684 for SONACOMS.NS
2025-04-30 05:20:59,515 - INFO - Sector Auto is NEGATIVE with -0.24% change
2025-04-30 05:20:59,516 - INFO - Getting current market price for SONACOMS.NS
2025-04-30 05:20:59,516 - INFO - Failed to get quote using symbol: 'dhanhq' object has no attribute 'get_quote'
2025-04-30 05:20:59,517 - INFO - Failed to get LTP using security_id: 'dhanhq' object has no attribute 'get_ltp'
2025-04-30 05:20:59,517 - INFO - Failed to get price from candles: 'dhanhq' object has no attribute 'intraday_daily_minute_charts'
2025-04-30 05:20:59,518 - ERROR - Could not get current market price for SONACOMS.NS
2025-04-30 05:20:59,519 - WARNING - Could not get current market price for SONACOMS.NS
2025-04-30 05:20:59,519 - INFO - Checking position: SELL SAREGAMA.NS (Sector: Media)
2025-04-30 05:20:59,519 - INFO - SECURITY ID LOOKUP: Searching for SAREGAMA.NS
2025-04-30 05:20:59,519 - INFO - Trying exact match for 'SAREGAMA.NS'
2025-04-30 05:20:59,520 - INFO - FOUND EXACT MATCH: ID 4892 for SAREGAMA.NS
2025-04-30 05:20:59,520 - INFO - Sector Media is NEGATIVE with -0.79% change
2025-04-30 05:20:59,521 - INFO - Getting current market price for SAREGAMA.NS
2025-04-30 05:20:59,522 - INFO - Failed to get quote using symbol: 'dhanhq' object has no attribute 'get_quote'
2025-04-30 05:20:59,522 - INFO - Failed to get LTP using security_id: 'dhanhq' object has no attribute 'get_ltp'
2025-04-30 05:20:59,522 - INFO - Failed to get price from candles: 'dhanhq' object has no attribute 'intraday_daily_minute_charts'
2025-04-30 05:20:59,523 - ERROR - Could not get current market price for SAREGAMA.NS
2025-04-30 05:20:59,523 - WARNING - Could not get current market price for SAREGAMA.NS
2025-04-30 05:20:59,524 - INFO - No positions needed to be exited
2025-04-30 05:20:59,524 - INFO - 
==================================================
POSITION PROCESSING COMPLETE
==================================================
2025-04-30 05:20:59,530 - INFO - Looking for new trading opportunities...
2025-04-30 05:20:59,530 - INFO - 
==================================================
FINDING NEW TRADING OPPORTUNITIES
==================================================
2025-04-30 05:20:59,532 - INFO - Found 9 active tickers out of 9 total
2025-04-30 05:20:59,532 - INFO - Processing tickers in order: ['SYNGENE.NS', 'ZEEL.NS', 'Lauraslabs.NS', 'ADANIENT.NS', 'IPCALAB.NS', 'RELIANCE.NS', 'TIINDIA.NS', 'SONACOMS.NS', 'SAREGAMA.NS']
2025-04-30 05:20:59,533 - INFO - Already have open positions for: ['RELIANCE.NS', 'TIINDIA.NS', 'SONACOMS.NS', 'SAREGAMA.NS']
2025-04-30 05:20:59,534 - INFO - Current sector performances:
2025-04-30 05:20:59,534 - INFO -   Sector IT: POSITIVE (1.23%)
2025-04-30 05:20:59,534 - INFO -   Sector PSU Bank: NEGATIVE (-0.05%)
2025-04-30 05:20:59,535 - INFO -   Sector Auto: NEGATIVE (-0.24%)
2025-04-30 05:20:59,535 - INFO -   Sector FMCG: NEGATIVE (-0.26%)
2025-04-30 05:20:59,535 - INFO -   Sector Realty: NEGATIVE (-0.26%)
2025-04-30 05:20:59,536 - INFO -   Sector Energy: NEGATIVE (-0.29%)
2025-04-30 05:20:59,536 - INFO -   Sector Financial Services: NEGATIVE (-0.37%)
2025-04-30 05:20:59,537 - INFO -   Sector Media: NEGATIVE (-0.79%)
2025-04-30 05:20:59,539 - INFO -   Sector Metal: NEGATIVE (-0.95%)
2025-04-30 05:20:59,542 - INFO -   Sector Pharma: NEGATIVE (-1.06%)
2025-04-30 05:20:59,548 - INFO - Processing ticker 1: SYNGENE.NS
2025-04-30 05:20:59,598 - INFO - Found sector Pharma for SYNGENE.NS
2025-04-30 05:20:59,629 - INFO - Evaluating SYNGENE.NS in sector Pharma (-1.06%)
2025-04-30 05:20:59,667 - INFO - Not trading SYNGENE.NS - sector performance doesn't match strategy
2025-04-30 05:20:59,674 - INFO -   Transaction type: BUY
2025-04-30 05:20:59,694 - INFO -   Sector is_positive: False
2025-04-30 05:20:59,695 - INFO - Processing ticker 2: ZEEL.NS
2025-04-30 05:20:59,695 - INFO - Found sector Media for ZEEL.NS
2025-04-30 05:20:59,698 - INFO - Evaluating ZEEL.NS in sector Media (-0.79%)
2025-04-30 05:20:59,700 - INFO - Not trading ZEEL.NS - sector performance doesn't match strategy
2025-04-30 05:20:59,701 - INFO -   Transaction type: BUY
2025-04-30 05:20:59,702 - INFO -   Sector is_positive: False
2025-04-30 05:20:59,702 - INFO - Processing ticker 3: Lauraslabs.NS
2025-04-30 05:20:59,703 - WARNING - Could not find sector for Lauraslabs.NS in sector mapping
2025-04-30 05:20:59,703 - INFO - Processing ticker 4: ADANIENT.NS
2025-04-30 05:20:59,704 - INFO - Found sector Metal for ADANIENT.NS
2025-04-30 05:20:59,704 - INFO - Evaluating ADANIENT.NS in sector Metal (-0.95%)
2025-04-30 05:20:59,705 - INFO - Not trading ADANIENT.NS - sector performance doesn't match strategy
2025-04-30 05:20:59,705 - INFO -   Transaction type: BUY
2025-04-30 05:20:59,705 - INFO -   Sector is_positive: False
2025-04-30 05:20:59,706 - INFO - Processing ticker 5: IPCALAB.NS
2025-04-30 05:20:59,706 - INFO - Found sector Pharma for IPCALAB.NS
2025-04-30 05:20:59,707 - INFO - Evaluating IPCALAB.NS in sector Pharma (-1.06%)
2025-04-30 05:20:59,707 - INFO - Not trading IPCALAB.NS - sector performance doesn't match strategy
2025-04-30 05:20:59,708 - INFO -   Transaction type: BUY
2025-04-30 05:20:59,708 - INFO -   Sector is_positive: False
2025-04-30 05:20:59,709 - INFO - Processing ticker 6: RELIANCE.NS
2025-04-30 05:20:59,710 - INFO - Skipping RELIANCE.NS - already have an open position
2025-04-30 05:20:59,711 - INFO - Processing ticker 7: TIINDIA.NS
2025-04-30 05:20:59,715 - INFO - Skipping TIINDIA.NS - already have an open position
2025-04-30 05:20:59,715 - INFO - Processing ticker 8: SONACOMS.NS
2025-04-30 05:20:59,716 - INFO - Skipping SONACOMS.NS - already have an open position
2025-04-30 05:20:59,716 - INFO - Processing ticker 9: SAREGAMA.NS
2025-04-30 05:20:59,716 - INFO - Skipping SAREGAMA.NS - already have an open position
2025-04-30 05:20:59,717 - INFO - Ticker processing summary:
2025-04-30 05:20:59,717 - INFO -   Total tickers considered: 9
2025-04-30 05:20:59,718 - INFO -   Tickers with sector data: 4
2025-04-30 05:20:59,718 - INFO -   Tickers matching strategy: 0
2025-04-30 05:20:59,720 - INFO -   Tickers with security ID: 0
2025-04-30 05:20:59,723 - INFO -   Orders successfully placed: 0
2025-04-30 05:20:59,727 - INFO - New positions added: 0
2025-04-30 05:20:59,740 - INFO - Positions skipped: 9
2025-04-30 05:20:59,740 - INFO - Positions with errors: 0
2025-04-30 05:20:59,741 - INFO - 
==================================================
NEW OPPORTUNITIES PROCESSING COMPLETE
==================================================
2025-04-30 05:20:59,750 - INFO - 
==================================================
SECTOR PROCESSING COMPLETE
==================================================
2025-04-30 05:20:59,754 - INFO - Saved 4 positions to dhan_positions.json
2025-04-30 05:20:59,755 - INFO - 
==================================================
POSITIONS SUMMARY
==================================================
2025-04-30 05:20:59,756 - INFO - Current positions summary:
2025-04-30 05:20:59,756 - INFO -   Open BUY positions: 0
2025-04-30 05:20:59,757 - INFO -   Open SELL positions: 4
2025-04-30 05:20:59,757 - INFO -   Closed positions: 0
2025-04-30 05:20:59,757 - INFO -   Total positions: 4
2025-04-30 05:20:59,758 - INFO - Open positions:
2025-04-30 05:20:59,764 - INFO -   SELL RELIANCE.NS (Sector: Energy, Entry: 2025-04-30 05:01:34, Order ID: 212504306752, SL%: 1.0%, Target%: 1.0%)
2025-04-30 05:20:59,766 - INFO -   SELL TIINDIA.NS (Sector: Auto, Entry: 2025-04-30 05:01:46, Order ID: 512504306332, SL%: 1.0%, Target%: 1%)
2025-04-30 05:20:59,766 - INFO -   SELL SONACOMS.NS (Sector: Auto, Entry: 2025-04-30 05:01:59, Order ID: 412504306422, SL%: 1.0%, Target%: 1.0%)
2025-04-30 05:20:59,766 - INFO -   SELL SAREGAMA.NS (Sector: Media, Entry: 2025-04-30 05:02:11, Order ID: 412504306512, SL%: 1.0%, Target%: 1%)
2025-04-30 05:20:59,768 - INFO - 
==================================================
POSITIONS SUMMARY COMPLETE
==================================================
2025-04-30 05:20:59,771 - INFO - Trading cycle 38 completed
2025-04-30 05:20:59,772 - INFO - Waiting 30 seconds until next check at 05:21:29...
2025-04-30 05:20:59,772 - INFO - 
==================================================
CYCLE 38 COMPLETE
==================================================
2025-04-30 05:21:29,787 - INFO - 
==================================================
TRADING CYCLE 39
==================================================
2025-04-30 05:21:29,790 - INFO - Trading cycle 39 started at 2025-04-30 05:21:29
2025-04-30 05:21:29,791 - INFO - 
==================================================
READING SECTOR PERFORMANCE DATA
==================================================
2025-04-30 05:21:29,797 - INFO - Reading sector performance data from sector.csv
2025-04-30 05:21:29,799 - INFO - File last modified: 2025-04-30 05:21:02
2025-04-30 05:21:29,850 - INFO - Latest timestamp in data: 2025-04-30 05:21:02
2025-04-30 05:21:29,851 - INFO - Loaded data for 10 sectors
2025-04-30 05:21:29,851 - INFO - Sector performance details:
2025-04-30 05:21:29,852 - INFO -   IT: POSITIVE (1.23%)
2025-04-30 05:21:29,853 - INFO -   PSU Bank: NEGATIVE (-0.05%)
2025-04-30 05:21:29,854 - INFO -   Auto: NEGATIVE (-0.24%)
2025-04-30 05:21:29,854 - INFO -   FMCG: NEGATIVE (-0.26%)
2025-04-30 05:21:29,855 - INFO -   Realty: NEGATIVE (-0.26%)
2025-04-30 05:21:29,857 - INFO -   Energy: NEGATIVE (-0.29%)
2025-04-30 05:21:29,858 - INFO -   Financial Services: NEGATIVE (-0.37%)
2025-04-30 05:21:29,859 - INFO -   Media: NEGATIVE (-0.79%)
2025-04-30 05:21:29,861 - INFO -   Metal: NEGATIVE (-0.95%)
2025-04-30 05:21:29,861 - INFO -   Pharma: NEGATIVE (-1.06%)
2025-04-30 05:21:29,862 - INFO - 
==================================================
SECTOR DATA READ COMPLETE
==================================================
2025-04-30 05:21:29,862 - INFO - 
==================================================
PROCESSING SECTOR DATA
==================================================
2025-04-30 05:21:29,864 - INFO - Processed performance data for 10 sectors
2025-04-30 05:21:29,865 - INFO - Processing existing positions for potential exits...
2025-04-30 05:21:29,865 - INFO - 
==================================================
PROCESSING EXISTING POSITIONS
==================================================
2025-04-30 05:21:29,866 - INFO - Processing 4 existing positions
2025-04-30 05:21:29,867 - INFO - Checking position: SELL RELIANCE.NS (Sector: Energy)
2025-04-30 05:21:29,867 - INFO - SECURITY ID LOOKUP: Searching for RELIANCE.NS
2025-04-30 05:21:29,867 - INFO - Trying exact match for 'RELIANCE.NS'
2025-04-30 05:21:29,868 - INFO - FOUND EXACT MATCH: ID 2885 for RELIANCE.NS
2025-04-30 05:21:29,868 - INFO - Sector Energy is NEGATIVE with -0.29% change
2025-04-30 05:21:29,868 - INFO - Getting current market price for RELIANCE.NS
2025-04-30 05:21:29,869 - INFO - Failed to get quote using symbol: 'dhanhq' object has no attribute 'get_quote'
2025-04-30 05:21:29,869 - INFO - Failed to get LTP using security_id: 'dhanhq' object has no attribute 'get_ltp'
2025-04-30 05:21:29,869 - INFO - Failed to get price from candles: 'dhanhq' object has no attribute 'intraday_daily_minute_charts'
2025-04-30 05:21:29,870 - ERROR - Could not get current market price for RELIANCE.NS
2025-04-30 05:21:29,870 - WARNING - Could not get current market price for RELIANCE.NS
2025-04-30 05:21:29,870 - INFO - Checking position: SELL TIINDIA.NS (Sector: Auto)
2025-04-30 05:21:29,870 - INFO - SECURITY ID LOOKUP: Searching for TIINDIA.NS
2025-04-30 05:21:29,870 - INFO - Trying exact match for 'TIINDIA.NS'
2025-04-30 05:21:29,871 - INFO - FOUND EXACT MATCH: ID 312 for TIINDIA.NS
2025-04-30 05:21:29,871 - INFO - Sector Auto is NEGATIVE with -0.24% change
2025-04-30 05:21:29,871 - INFO - Getting current market price for TIINDIA.NS
2025-04-30 05:21:29,871 - INFO - Failed to get quote using symbol: 'dhanhq' object has no attribute 'get_quote'
2025-04-30 05:21:29,872 - INFO - Failed to get LTP using security_id: 'dhanhq' object has no attribute 'get_ltp'
2025-04-30 05:21:29,872 - INFO - Failed to get price from candles: 'dhanhq' object has no attribute 'intraday_daily_minute_charts'
2025-04-30 05:21:29,872 - ERROR - Could not get current market price for TIINDIA.NS
2025-04-30 05:21:29,873 - WARNING - Could not get current market price for TIINDIA.NS
2025-04-30 05:21:29,874 - INFO - Checking position: SELL SONACOMS.NS (Sector: Auto)
2025-04-30 05:21:29,877 - INFO - SECURITY ID LOOKUP: Searching for SONACOMS.NS
2025-04-30 05:21:29,877 - INFO - Trying exact match for 'SONACOMS.NS'
2025-04-30 05:21:29,877 - INFO - FOUND EXACT MATCH: ID 4684 for SONACOMS.NS
2025-04-30 05:21:29,878 - INFO - Sector Auto is NEGATIVE with -0.24% change
2025-04-30 05:21:29,878 - INFO - Getting current market price for SONACOMS.NS
2025-04-30 05:21:29,878 - INFO - Failed to get quote using symbol: 'dhanhq' object has no attribute 'get_quote'
2025-04-30 05:21:29,878 - INFO - Failed to get LTP using security_id: 'dhanhq' object has no attribute 'get_ltp'
2025-04-30 05:21:29,879 - INFO - Failed to get price from candles: 'dhanhq' object has no attribute 'intraday_daily_minute_charts'
2025-04-30 05:21:29,879 - ERROR - Could not get current market price for SONACOMS.NS
2025-04-30 05:21:29,879 - WARNING - Could not get current market price for SONACOMS.NS
2025-04-30 05:21:29,879 - INFO - Checking position: SELL SAREGAMA.NS (Sector: Media)
2025-04-30 05:21:29,880 - INFO - SECURITY ID LOOKUP: Searching for SAREGAMA.NS
2025-04-30 05:21:29,880 - INFO - Trying exact match for 'SAREGAMA.NS'
2025-04-30 05:21:29,881 - INFO - FOUND EXACT MATCH: ID 4892 for SAREGAMA.NS
2025-04-30 05:21:29,881 - INFO - Sector Media is NEGATIVE with -0.79% change
2025-04-30 05:21:29,881 - INFO - Getting current market price for SAREGAMA.NS
2025-04-30 05:21:29,881 - INFO - Failed to get quote using symbol: 'dhanhq' object has no attribute 'get_quote'
2025-04-30 05:21:29,882 - INFO - Failed to get LTP using security_id: 'dhanhq' object has no attribute 'get_ltp'
2025-04-30 05:21:29,882 - INFO - Failed to get price from candles: 'dhanhq' object has no attribute 'intraday_daily_minute_charts'
2025-04-30 05:21:29,882 - ERROR - Could not get current market price for SAREGAMA.NS
2025-04-30 05:21:29,883 - WARNING - Could not get current market price for SAREGAMA.NS
2025-04-30 05:21:29,883 - INFO - No positions needed to be exited
2025-04-30 05:21:29,883 - INFO - 
==================================================
POSITION PROCESSING COMPLETE
==================================================
2025-04-30 05:21:29,884 - INFO - Looking for new trading opportunities...
2025-04-30 05:21:29,884 - INFO - 
==================================================
FINDING NEW TRADING OPPORTUNITIES
==================================================
2025-04-30 05:21:29,884 - INFO - Found 9 active tickers out of 9 total
2025-04-30 05:21:29,885 - INFO - Processing tickers in order: ['SYNGENE.NS', 'ZEEL.NS', 'Lauraslabs.NS', 'ADANIENT.NS', 'IPCALAB.NS', 'RELIANCE.NS', 'TIINDIA.NS', 'SONACOMS.NS', 'SAREGAMA.NS']
2025-04-30 05:21:29,885 - INFO - Already have open positions for: ['RELIANCE.NS', 'TIINDIA.NS', 'SONACOMS.NS', 'SAREGAMA.NS']
2025-04-30 05:21:29,885 - INFO - Current sector performances:
2025-04-30 05:21:29,885 - INFO -   Sector IT: POSITIVE (1.23%)
2025-04-30 05:21:29,886 - INFO -   Sector PSU Bank: NEGATIVE (-0.05%)
2025-04-30 05:21:29,886 - INFO -   Sector Auto: NEGATIVE (-0.24%)
2025-04-30 05:21:29,886 - INFO -   Sector FMCG: NEGATIVE (-0.26%)
2025-04-30 05:21:29,886 - INFO -   Sector Realty: NEGATIVE (-0.26%)
2025-04-30 05:21:29,887 - INFO -   Sector Energy: NEGATIVE (-0.29%)
2025-04-30 05:21:29,887 - INFO -   Sector Financial Services: NEGATIVE (-0.37%)
2025-04-30 05:21:29,887 - INFO -   Sector Media: NEGATIVE (-0.79%)
2025-04-30 05:21:29,888 - INFO -   Sector Metal: NEGATIVE (-0.95%)
2025-04-30 05:21:29,888 - INFO -   Sector Pharma: NEGATIVE (-1.06%)
2025-04-30 05:21:29,888 - INFO - Processing ticker 1: SYNGENE.NS
2025-04-30 05:21:29,888 - INFO - Found sector Pharma for SYNGENE.NS
2025-04-30 05:21:29,890 - INFO - Evaluating SYNGENE.NS in sector Pharma (-1.06%)
2025-04-30 05:21:29,893 - INFO - Not trading SYNGENE.NS - sector performance doesn't match strategy
2025-04-30 05:21:29,893 - INFO -   Transaction type: BUY
2025-04-30 05:21:29,894 - INFO -   Sector is_positive: False
2025-04-30 05:21:29,894 - INFO - Processing ticker 2: ZEEL.NS
2025-04-30 05:21:29,894 - INFO - Found sector Media for ZEEL.NS
2025-04-30 05:21:29,895 - INFO - Evaluating ZEEL.NS in sector Media (-0.79%)
2025-04-30 05:21:29,895 - INFO - Not trading ZEEL.NS - sector performance doesn't match strategy
2025-04-30 05:21:29,895 - INFO -   Transaction type: BUY
2025-04-30 05:21:29,895 - INFO -   Sector is_positive: False
2025-04-30 05:21:29,896 - INFO - Processing ticker 3: Lauraslabs.NS
2025-04-30 05:21:29,896 - WARNING - Could not find sector for Lauraslabs.NS in sector mapping
2025-04-30 05:21:29,896 - INFO - Processing ticker 4: ADANIENT.NS
2025-04-30 05:21:29,897 - INFO - Found sector Metal for ADANIENT.NS
2025-04-30 05:21:29,897 - INFO - Evaluating ADANIENT.NS in sector Metal (-0.95%)
2025-04-30 05:21:29,897 - INFO - Not trading ADANIENT.NS - sector performance doesn't match strategy
2025-04-30 05:21:29,897 - INFO -   Transaction type: BUY
2025-04-30 05:21:29,897 - INFO -   Sector is_positive: False
2025-04-30 05:21:29,898 - INFO - Processing ticker 5: IPCALAB.NS
2025-04-30 05:21:29,898 - INFO - Found sector Pharma for IPCALAB.NS
2025-04-30 05:21:29,898 - INFO - Evaluating IPCALAB.NS in sector Pharma (-1.06%)
2025-04-30 05:21:29,898 - INFO - Not trading IPCALAB.NS - sector performance doesn't match strategy
2025-04-30 05:21:29,899 - INFO -   Transaction type: BUY
2025-04-30 05:21:29,899 - INFO -   Sector is_positive: False
2025-04-30 05:21:29,899 - INFO - Processing ticker 6: RELIANCE.NS
2025-04-30 05:21:29,899 - INFO - Skipping RELIANCE.NS - already have an open position
2025-04-30 05:21:29,900 - INFO - Processing ticker 7: TIINDIA.NS
2025-04-30 05:21:29,900 - INFO - Skipping TIINDIA.NS - already have an open position
2025-04-30 05:21:29,900 - INFO - Processing ticker 8: SONACOMS.NS
2025-04-30 05:21:29,900 - INFO - Skipping SONACOMS.NS - already have an open position
2025-04-30 05:21:29,901 - INFO - Processing ticker 9: SAREGAMA.NS
2025-04-30 05:21:29,901 - INFO - Skipping SAREGAMA.NS - already have an open position
2025-04-30 05:21:29,901 - INFO - Ticker processing summary:
2025-04-30 05:21:29,901 - INFO -   Total tickers considered: 9
2025-04-30 05:21:29,901 - INFO -   Tickers with sector data: 4
2025-04-30 05:21:29,902 - INFO -   Tickers matching strategy: 0
2025-04-30 05:21:29,902 - INFO -   Tickers with security ID: 0
2025-04-30 05:21:29,902 - INFO -   Orders successfully placed: 0
2025-04-30 05:21:29,902 - INFO - New positions added: 0
2025-04-30 05:21:29,902 - INFO - Positions skipped: 9
2025-04-30 05:21:29,903 - INFO - Positions with errors: 0
2025-04-30 05:21:29,903 - INFO - 
==================================================
NEW OPPORTUNITIES PROCESSING COMPLETE
==================================================
2025-04-30 05:21:29,903 - INFO - 
==================================================
SECTOR PROCESSING COMPLETE
==================================================
2025-04-30 05:21:29,908 - INFO - Saved 4 positions to dhan_positions.json
2025-04-30 05:21:29,911 - INFO - 
==================================================
POSITIONS SUMMARY
==================================================
2025-04-30 05:21:29,911 - INFO - Current positions summary:
2025-04-30 05:21:29,911 - INFO -   Open BUY positions: 0
2025-04-30 05:21:29,911 - INFO -   Open SELL positions: 4
2025-04-30 05:21:29,911 - INFO -   Closed positions: 0
2025-04-30 05:21:29,913 - INFO -   Total positions: 4
2025-04-30 05:21:29,913 - INFO - Open positions:
2025-04-30 05:21:29,913 - INFO -   SELL RELIANCE.NS (Sector: Energy, Entry: 2025-04-30 05:01:34, Order ID: 212504306752, SL%: 1.0%, Target%: 1.0%)
2025-04-30 05:21:29,913 - INFO -   SELL TIINDIA.NS (Sector: Auto, Entry: 2025-04-30 05:01:46, Order ID: 512504306332, SL%: 1.0%, Target%: 1%)
2025-04-30 05:21:29,913 - INFO -   SELL SONACOMS.NS (Sector: Auto, Entry: 2025-04-30 05:01:59, Order ID: 412504306422, SL%: 1.0%, Target%: 1.0%)
2025-04-30 05:21:29,913 - INFO -   SELL SAREGAMA.NS (Sector: Media, Entry: 2025-04-30 05:02:11, Order ID: 412504306512, SL%: 1.0%, Target%: 1%)
2025-04-30 05:21:29,913 - INFO - 
==================================================
POSITIONS SUMMARY COMPLETE
==================================================
2025-04-30 05:21:29,914 - INFO - Trading cycle 39 completed
2025-04-30 05:21:29,914 - INFO - Waiting 30 seconds until next check at 05:21:59...
2025-04-30 05:21:29,914 - INFO - 
==================================================
CYCLE 39 COMPLETE
==================================================
2025-04-30 05:21:59,930 - INFO - 
==================================================
TRADING CYCLE 40
==================================================
2025-04-30 05:21:59,931 - INFO - Trading cycle 40 started at 2025-04-30 05:21:59
2025-04-30 05:21:59,931 - INFO - 
==================================================
READING SECTOR PERFORMANCE DATA
==================================================
2025-04-30 05:21:59,932 - INFO - Reading sector performance data from sector.csv
2025-04-30 05:21:59,932 - INFO - File last modified: 2025-04-30 05:21:02
2025-04-30 05:21:59,935 - INFO - Latest timestamp in data: 2025-04-30 05:21:02
2025-04-30 05:21:59,935 - INFO - Loaded data for 10 sectors
2025-04-30 05:21:59,936 - INFO - Sector performance details:
2025-04-30 05:21:59,938 - INFO -   IT: POSITIVE (1.23%)
2025-04-30 05:21:59,939 - INFO -   PSU Bank: NEGATIVE (-0.05%)
2025-04-30 05:21:59,939 - INFO -   Auto: NEGATIVE (-0.24%)
2025-04-30 05:21:59,941 - INFO -   FMCG: NEGATIVE (-0.26%)
2025-04-30 05:21:59,941 - INFO -   Realty: NEGATIVE (-0.26%)
2025-04-30 05:21:59,943 - INFO -   Energy: NEGATIVE (-0.29%)
2025-04-30 05:21:59,944 - INFO -   Financial Services: NEGATIVE (-0.37%)
2025-04-30 05:21:59,945 - INFO -   Media: NEGATIVE (-0.79%)
2025-04-30 05:21:59,945 - INFO -   Metal: NEGATIVE (-0.95%)
2025-04-30 05:21:59,946 - INFO -   Pharma: NEGATIVE (-1.06%)
2025-04-30 05:21:59,946 - INFO - 
==================================================
SECTOR DATA READ COMPLETE
==================================================
2025-04-30 05:21:59,946 - INFO - 
==================================================
PROCESSING SECTOR DATA
==================================================
2025-04-30 05:21:59,949 - INFO - Processed performance data for 10 sectors
2025-04-30 05:21:59,949 - INFO - Processing existing positions for potential exits...
2025-04-30 05:21:59,950 - INFO - 
==================================================
PROCESSING EXISTING POSITIONS
==================================================
2025-04-30 05:21:59,950 - INFO - Processing 4 existing positions
2025-04-30 05:21:59,950 - INFO - Checking position: SELL RELIANCE.NS (Sector: Energy)
2025-04-30 05:21:59,950 - INFO - SECURITY ID LOOKUP: Searching for RELIANCE.NS
2025-04-30 05:21:59,950 - INFO - Trying exact match for 'RELIANCE.NS'
2025-04-30 05:21:59,952 - INFO - FOUND EXACT MATCH: ID 2885 for RELIANCE.NS
2025-04-30 05:21:59,952 - INFO - Sector Energy is NEGATIVE with -0.29% change
2025-04-30 05:21:59,952 - INFO - Getting current market price for RELIANCE.NS
2025-04-30 05:21:59,953 - INFO - Failed to get quote using symbol: 'dhanhq' object has no attribute 'get_quote'
2025-04-30 05:21:59,954 - INFO - Failed to get LTP using security_id: 'dhanhq' object has no attribute 'get_ltp'
2025-04-30 05:21:59,955 - INFO - Failed to get price from candles: 'dhanhq' object has no attribute 'intraday_daily_minute_charts'
2025-04-30 05:21:59,956 - ERROR - Could not get current market price for RELIANCE.NS
2025-04-30 05:21:59,957 - WARNING - Could not get current market price for RELIANCE.NS
2025-04-30 05:21:59,957 - INFO - Checking position: SELL TIINDIA.NS (Sector: Auto)
2025-04-30 05:21:59,958 - INFO - SECURITY ID LOOKUP: Searching for TIINDIA.NS
2025-04-30 05:21:59,959 - INFO - Trying exact match for 'TIINDIA.NS'
2025-04-30 05:21:59,960 - INFO - FOUND EXACT MATCH: ID 312 for TIINDIA.NS
2025-04-30 05:21:59,960 - INFO - Sector Auto is NEGATIVE with -0.24% change
2025-04-30 05:21:59,961 - INFO - Getting current market price for TIINDIA.NS
2025-04-30 05:21:59,961 - INFO - Failed to get quote using symbol: 'dhanhq' object has no attribute 'get_quote'
2025-04-30 05:21:59,961 - INFO - Failed to get LTP using security_id: 'dhanhq' object has no attribute 'get_ltp'
2025-04-30 05:21:59,962 - INFO - Failed to get price from candles: 'dhanhq' object has no attribute 'intraday_daily_minute_charts'
2025-04-30 05:21:59,962 - ERROR - Could not get current market price for TIINDIA.NS
2025-04-30 05:21:59,962 - WARNING - Could not get current market price for TIINDIA.NS
2025-04-30 05:21:59,963 - INFO - Checking position: SELL SONACOMS.NS (Sector: Auto)
2025-04-30 05:21:59,963 - INFO - SECURITY ID LOOKUP: Searching for SONACOMS.NS
2025-04-30 05:21:59,963 - INFO - Trying exact match for 'SONACOMS.NS'
2025-04-30 05:21:59,964 - INFO - FOUND EXACT MATCH: ID 4684 for SONACOMS.NS
2025-04-30 05:21:59,964 - INFO - Sector Auto is NEGATIVE with -0.24% change
2025-04-30 05:21:59,965 - INFO - Getting current market price for SONACOMS.NS
2025-04-30 05:21:59,965 - INFO - Failed to get quote using symbol: 'dhanhq' object has no attribute 'get_quote'
2025-04-30 05:21:59,967 - INFO - Failed to get LTP using security_id: 'dhanhq' object has no attribute 'get_ltp'
2025-04-30 05:21:59,967 - INFO - Failed to get price from candles: 'dhanhq' object has no attribute 'intraday_daily_minute_charts'
2025-04-30 05:21:59,967 - ERROR - Could not get current market price for SONACOMS.NS
2025-04-30 05:21:59,968 - WARNING - Could not get current market price for SONACOMS.NS
2025-04-30 05:21:59,968 - INFO - Checking position: SELL SAREGAMA.NS (Sector: Media)
2025-04-30 05:21:59,968 - INFO - SECURITY ID LOOKUP: Searching for SAREGAMA.NS
2025-04-30 05:21:59,969 - INFO - Trying exact match for 'SAREGAMA.NS'
2025-04-30 05:21:59,969 - INFO - FOUND EXACT MATCH: ID 4892 for SAREGAMA.NS
2025-04-30 05:21:59,970 - INFO - Sector Media is NEGATIVE with -0.79% change
2025-04-30 05:21:59,971 - INFO - Getting current market price for SAREGAMA.NS
2025-04-30 05:21:59,971 - INFO - Failed to get quote using symbol: 'dhanhq' object has no attribute 'get_quote'
2025-04-30 05:21:59,973 - INFO - Failed to get LTP using security_id: 'dhanhq' object has no attribute 'get_ltp'
2025-04-30 05:21:59,975 - INFO - Failed to get price from candles: 'dhanhq' object has no attribute 'intraday_daily_minute_charts'
2025-04-30 05:21:59,976 - ERROR - Could not get current market price for SAREGAMA.NS
2025-04-30 05:21:59,976 - WARNING - Could not get current market price for SAREGAMA.NS
2025-04-30 05:21:59,977 - INFO - No positions needed to be exited
2025-04-30 05:21:59,977 - INFO - 
==================================================
POSITION PROCESSING COMPLETE
==================================================
2025-04-30 05:21:59,977 - INFO - Looking for new trading opportunities...
2025-04-30 05:21:59,978 - INFO - 
==================================================
FINDING NEW TRADING OPPORTUNITIES
==================================================
2025-04-30 05:21:59,978 - INFO - Found 9 active tickers out of 9 total
2025-04-30 05:21:59,978 - INFO - Processing tickers in order: ['SYNGENE.NS', 'ZEEL.NS', 'Lauraslabs.NS', 'ADANIENT.NS', 'IPCALAB.NS', 'RELIANCE.NS', 'TIINDIA.NS', 'SONACOMS.NS', 'SAREGAMA.NS']
2025-04-30 05:21:59,979 - INFO - Already have open positions for: ['RELIANCE.NS', 'TIINDIA.NS', 'SONACOMS.NS', 'SAREGAMA.NS']
2025-04-30 05:21:59,979 - INFO - Current sector performances:
2025-04-30 05:21:59,979 - INFO -   Sector IT: POSITIVE (1.23%)
2025-04-30 05:21:59,980 - INFO -   Sector PSU Bank: NEGATIVE (-0.05%)
2025-04-30 05:21:59,980 - INFO -   Sector Auto: NEGATIVE (-0.24%)
2025-04-30 05:21:59,980 - INFO -   Sector FMCG: NEGATIVE (-0.26%)
2025-04-30 05:21:59,980 - INFO -   Sector Realty: NEGATIVE (-0.26%)
2025-04-30 05:21:59,981 - INFO -   Sector Energy: NEGATIVE (-0.29%)
2025-04-30 05:21:59,981 - INFO -   Sector Financial Services: NEGATIVE (-0.37%)
2025-04-30 05:21:59,981 - INFO -   Sector Media: NEGATIVE (-0.79%)
2025-04-30 05:21:59,982 - INFO -   Sector Metal: NEGATIVE (-0.95%)
2025-04-30 05:21:59,982 - INFO -   Sector Pharma: NEGATIVE (-1.06%)
2025-04-30 05:21:59,982 - INFO - Processing ticker 1: SYNGENE.NS
2025-04-30 05:21:59,982 - INFO - Found sector Pharma for SYNGENE.NS
2025-04-30 05:21:59,983 - INFO - Evaluating SYNGENE.NS in sector Pharma (-1.06%)
2025-04-30 05:21:59,983 - INFO - Not trading SYNGENE.NS - sector performance doesn't match strategy
2025-04-30 05:21:59,983 - INFO -   Transaction type: BUY
2025-04-30 05:21:59,983 - INFO -   Sector is_positive: False
2025-04-30 05:21:59,984 - INFO - Processing ticker 2: ZEEL.NS
2025-04-30 05:21:59,984 - INFO - Found sector Media for ZEEL.NS
2025-04-30 05:21:59,984 - INFO - Evaluating ZEEL.NS in sector Media (-0.79%)
2025-04-30 05:21:59,985 - INFO - Not trading ZEEL.NS - sector performance doesn't match strategy
2025-04-30 05:21:59,985 - INFO -   Transaction type: BUY
2025-04-30 05:21:59,985 - INFO -   Sector is_positive: False
2025-04-30 05:21:59,985 - INFO - Processing ticker 3: Lauraslabs.NS
2025-04-30 05:21:59,986 - WARNING - Could not find sector for Lauraslabs.NS in sector mapping
2025-04-30 05:21:59,987 - INFO - Processing ticker 4: ADANIENT.NS
2025-04-30 05:21:59,989 - INFO - Found sector Metal for ADANIENT.NS
2025-04-30 05:21:59,990 - INFO - Evaluating ADANIENT.NS in sector Metal (-0.95%)
2025-04-30 05:21:59,991 - INFO - Not trading ADANIENT.NS - sector performance doesn't match strategy
2025-04-30 05:21:59,991 - INFO -   Transaction type: BUY
2025-04-30 05:21:59,992 - INFO -   Sector is_positive: False
2025-04-30 05:21:59,992 - INFO - Processing ticker 5: IPCALAB.NS
2025-04-30 05:21:59,993 - INFO - Found sector Pharma for IPCALAB.NS
2025-04-30 05:21:59,993 - INFO - Evaluating IPCALAB.NS in sector Pharma (-1.06%)
2025-04-30 05:21:59,993 - INFO - Not trading IPCALAB.NS - sector performance doesn't match strategy
2025-04-30 05:21:59,993 - INFO -   Transaction type: BUY
2025-04-30 05:21:59,994 - INFO -   Sector is_positive: False
2025-04-30 05:21:59,994 - INFO - Processing ticker 6: RELIANCE.NS
2025-04-30 05:21:59,994 - INFO - Skipping RELIANCE.NS - already have an open position
2025-04-30 05:21:59,994 - INFO - Processing ticker 7: TIINDIA.NS
2025-04-30 05:21:59,995 - INFO - Skipping TIINDIA.NS - already have an open position
2025-04-30 05:21:59,995 - INFO - Processing ticker 8: SONACOMS.NS
2025-04-30 05:21:59,995 - INFO - Skipping SONACOMS.NS - already have an open position
2025-04-30 05:21:59,995 - INFO - Processing ticker 9: SAREGAMA.NS
2025-04-30 05:21:59,995 - INFO - Skipping SAREGAMA.NS - already have an open position
2025-04-30 05:21:59,996 - INFO - Ticker processing summary:
2025-04-30 05:21:59,996 - INFO -   Total tickers considered: 9
2025-04-30 05:21:59,996 - INFO -   Tickers with sector data: 4
2025-04-30 05:21:59,997 - INFO -   Tickers matching strategy: 0
2025-04-30 05:21:59,997 - INFO -   Tickers with security ID: 0
2025-04-30 05:21:59,997 - INFO -   Orders successfully placed: 0
2025-04-30 05:21:59,997 - INFO - New positions added: 0
2025-04-30 05:21:59,998 - INFO - Positions skipped: 9
2025-04-30 05:21:59,998 - INFO - Positions with errors: 0
2025-04-30 05:21:59,998 - INFO - 
==================================================
NEW OPPORTUNITIES PROCESSING COMPLETE
==================================================
2025-04-30 05:21:59,999 - INFO - 
==================================================
SECTOR PROCESSING COMPLETE
==================================================
2025-04-30 05:22:00,000 - INFO - Saved 4 positions to dhan_positions.json
2025-04-30 05:22:00,001 - INFO - 
==================================================
POSITIONS SUMMARY
==================================================
2025-04-30 05:22:00,001 - INFO - Current positions summary:
2025-04-30 05:22:00,002 - INFO -   Open BUY positions: 0
2025-04-30 05:22:00,002 - INFO -   Open SELL positions: 4
2025-04-30 05:22:00,003 - INFO -   Closed positions: 0
2025-04-30 05:22:00,003 - INFO -   Total positions: 4
2025-04-30 05:22:00,004 - INFO - Open positions:
2025-04-30 05:22:00,005 - INFO -   SELL RELIANCE.NS (Sector: Energy, Entry: 2025-04-30 05:01:34, Order ID: 212504306752, SL%: 1.0%, Target%: 1.0%)
2025-04-30 05:22:00,009 - INFO -   SELL TIINDIA.NS (Sector: Auto, Entry: 2025-04-30 05:01:46, Order ID: 512504306332, SL%: 1.0%, Target%: 1%)
2025-04-30 05:22:00,010 - INFO -   SELL SONACOMS.NS (Sector: Auto, Entry: 2025-04-30 05:01:59, Order ID: 412504306422, SL%: 1.0%, Target%: 1.0%)
2025-04-30 05:22:00,011 - INFO -   SELL SAREGAMA.NS (Sector: Media, Entry: 2025-04-30 05:02:11, Order ID: 412504306512, SL%: 1.0%, Target%: 1%)
2025-04-30 05:22:00,012 - INFO - 
==================================================
POSITIONS SUMMARY COMPLETE
==================================================
2025-04-30 05:22:00,012 - INFO - Trading cycle 40 completed
2025-04-30 05:22:00,013 - INFO - Waiting 30 seconds until next check at 05:22:30...
2025-04-30 05:22:00,015 - INFO - 
==================================================
CYCLE 40 COMPLETE
==================================================
2025-04-30 05:22:30,017 - INFO - 
==================================================
TRADING CYCLE 41
==================================================
2025-04-30 05:22:30,019 - INFO - Trading cycle 41 started at 2025-04-30 05:22:30
2025-04-30 05:22:30,019 - INFO - 
==================================================
READING SECTOR PERFORMANCE DATA
==================================================
2025-04-30 05:22:30,021 - INFO - Reading sector performance data from sector.csv
2025-04-30 05:22:30,022 - INFO - File last modified: 2025-04-30 05:21:02
2025-04-30 05:22:30,029 - INFO - Latest timestamp in data: 2025-04-30 05:21:02
2025-04-30 05:22:30,030 - INFO - Loaded data for 10 sectors
2025-04-30 05:22:30,030 - INFO - Sector performance details:
2025-04-30 05:22:30,033 - INFO -   IT: POSITIVE (1.23%)
2025-04-30 05:22:30,037 - INFO -   PSU Bank: NEGATIVE (-0.05%)
2025-04-30 05:22:30,037 - INFO -   Auto: NEGATIVE (-0.24%)
2025-04-30 05:22:30,038 - INFO -   FMCG: NEGATIVE (-0.26%)
2025-04-30 05:22:30,039 - INFO -   Realty: NEGATIVE (-0.26%)
2025-04-30 05:22:30,040 - INFO -   Energy: NEGATIVE (-0.29%)
2025-04-30 05:22:30,040 - INFO -   Financial Services: NEGATIVE (-0.37%)
2025-04-30 05:22:30,041 - INFO -   Media: NEGATIVE (-0.79%)
2025-04-30 05:22:30,042 - INFO -   Metal: NEGATIVE (-0.95%)
2025-04-30 05:22:30,043 - INFO -   Pharma: NEGATIVE (-1.06%)
2025-04-30 05:22:30,043 - INFO - 
==================================================
SECTOR DATA READ COMPLETE
==================================================
2025-04-30 05:22:30,044 - INFO - 
==================================================
PROCESSING SECTOR DATA
==================================================
2025-04-30 05:22:30,046 - INFO - Processed performance data for 10 sectors
2025-04-30 05:22:30,046 - INFO - Processing existing positions for potential exits...
2025-04-30 05:22:30,046 - INFO - 
==================================================
PROCESSING EXISTING POSITIONS
==================================================
2025-04-30 05:22:30,047 - INFO - Processing 4 existing positions
2025-04-30 05:22:30,047 - INFO - Checking position: SELL RELIANCE.NS (Sector: Energy)
2025-04-30 05:22:30,048 - INFO - SECURITY ID LOOKUP: Searching for RELIANCE.NS
2025-04-30 05:22:30,048 - INFO - Trying exact match for 'RELIANCE.NS'
2025-04-30 05:22:30,048 - INFO - FOUND EXACT MATCH: ID 2885 for RELIANCE.NS
2025-04-30 05:22:30,049 - INFO - Sector Energy is NEGATIVE with -0.29% change
2025-04-30 05:22:30,049 - INFO - Getting current market price for RELIANCE.NS
2025-04-30 05:22:30,050 - INFO - Failed to get quote using symbol: 'dhanhq' object has no attribute 'get_quote'
2025-04-30 05:22:30,052 - INFO - Failed to get LTP using security_id: 'dhanhq' object has no attribute 'get_ltp'
2025-04-30 05:22:30,052 - INFO - Failed to get price from candles: 'dhanhq' object has no attribute 'intraday_daily_minute_charts'
2025-04-30 05:22:30,053 - ERROR - Could not get current market price for RELIANCE.NS
2025-04-30 05:22:30,054 - WARNING - Could not get current market price for RELIANCE.NS
2025-04-30 05:22:30,055 - INFO - Checking position: SELL TIINDIA.NS (Sector: Auto)
2025-04-30 05:22:30,055 - INFO - SECURITY ID LOOKUP: Searching for TIINDIA.NS
2025-04-30 05:22:30,055 - INFO - Trying exact match for 'TIINDIA.NS'
2025-04-30 05:22:30,056 - INFO - FOUND EXACT MATCH: ID 312 for TIINDIA.NS
2025-04-30 05:22:30,056 - INFO - Sector Auto is NEGATIVE with -0.24% change
2025-04-30 05:22:30,056 - INFO - Getting current market price for TIINDIA.NS
2025-04-30 05:22:30,056 - INFO - Failed to get quote using symbol: 'dhanhq' object has no attribute 'get_quote'
2025-04-30 05:22:30,057 - INFO - Failed to get LTP using security_id: 'dhanhq' object has no attribute 'get_ltp'
2025-04-30 05:22:30,057 - INFO - Failed to get price from candles: 'dhanhq' object has no attribute 'intraday_daily_minute_charts'
2025-04-30 05:22:30,057 - ERROR - Could not get current market price for TIINDIA.NS
2025-04-30 05:22:30,057 - WARNING - Could not get current market price for TIINDIA.NS
2025-04-30 05:22:30,058 - INFO - Checking position: SELL SONACOMS.NS (Sector: Auto)
2025-04-30 05:22:30,058 - INFO - SECURITY ID LOOKUP: Searching for SONACOMS.NS
2025-04-30 05:22:30,058 - INFO - Trying exact match for 'SONACOMS.NS'
2025-04-30 05:22:30,058 - INFO - FOUND EXACT MATCH: ID 4684 for SONACOMS.NS
2025-04-30 05:22:30,059 - INFO - Sector Auto is NEGATIVE with -0.24% change
2025-04-30 05:22:30,059 - INFO - Getting current market price for SONACOMS.NS
2025-04-30 05:22:30,059 - INFO - Failed to get quote using symbol: 'dhanhq' object has no attribute 'get_quote'
2025-04-30 05:22:30,059 - INFO - Failed to get LTP using security_id: 'dhanhq' object has no attribute 'get_ltp'
2025-04-30 05:22:30,060 - INFO - Failed to get price from candles: 'dhanhq' object has no attribute 'intraday_daily_minute_charts'
2025-04-30 05:22:30,060 - ERROR - Could not get current market price for SONACOMS.NS
2025-04-30 05:22:30,060 - WARNING - Could not get current market price for SONACOMS.NS
2025-04-30 05:22:30,061 - INFO - Checking position: SELL SAREGAMA.NS (Sector: Media)
2025-04-30 05:22:30,061 - INFO - SECURITY ID LOOKUP: Searching for SAREGAMA.NS
2025-04-30 05:22:30,061 - INFO - Trying exact match for 'SAREGAMA.NS'
2025-04-30 05:22:30,061 - INFO - FOUND EXACT MATCH: ID 4892 for SAREGAMA.NS
2025-04-30 05:22:30,062 - INFO - Sector Media is NEGATIVE with -0.79% change
2025-04-30 05:22:30,062 - INFO - Getting current market price for SAREGAMA.NS
2025-04-30 05:22:30,062 - INFO - Failed to get quote using symbol: 'dhanhq' object has no attribute 'get_quote'
2025-04-30 05:22:30,062 - INFO - Failed to get LTP using security_id: 'dhanhq' object has no attribute 'get_ltp'
2025-04-30 05:22:30,063 - INFO - Failed to get price from candles: 'dhanhq' object has no attribute 'intraday_daily_minute_charts'
2025-04-30 05:22:30,063 - ERROR - Could not get current market price for SAREGAMA.NS
2025-04-30 05:22:30,063 - WARNING - Could not get current market price for SAREGAMA.NS
2025-04-30 05:22:30,063 - INFO - No positions needed to be exited
2025-04-30 05:22:30,064 - INFO - 
==================================================
POSITION PROCESSING COMPLETE
==================================================
2025-04-30 05:22:30,064 - INFO - Looking for new trading opportunities...
2025-04-30 05:22:30,065 - INFO - 
==================================================
FINDING NEW TRADING OPPORTUNITIES
==================================================
2025-04-30 05:22:30,065 - INFO - Found 9 active tickers out of 9 total
2025-04-30 05:22:30,066 - INFO - Processing tickers in order: ['SYNGENE.NS', 'ZEEL.NS', 'Lauraslabs.NS', 'ADANIENT.NS', 'IPCALAB.NS', 'RELIANCE.NS', 'TIINDIA.NS', 'SONACOMS.NS', 'SAREGAMA.NS']
2025-04-30 05:22:30,066 - INFO - Already have open positions for: ['RELIANCE.NS', 'TIINDIA.NS', 'SONACOMS.NS', 'SAREGAMA.NS']
2025-04-30 05:22:30,067 - INFO - Current sector performances:
2025-04-30 05:22:30,068 - INFO -   Sector IT: POSITIVE (1.23%)
2025-04-30 05:22:30,068 - INFO -   Sector PSU Bank: NEGATIVE (-0.05%)
2025-04-30 05:22:30,070 - INFO -   Sector Auto: NEGATIVE (-0.24%)
2025-04-30 05:22:30,071 - INFO -   Sector FMCG: NEGATIVE (-0.26%)
2025-04-30 05:22:30,071 - INFO -   Sector Realty: NEGATIVE (-0.26%)
2025-04-30 05:22:30,072 - INFO -   Sector Energy: NEGATIVE (-0.29%)
2025-04-30 05:22:30,072 - INFO -   Sector Financial Services: NEGATIVE (-0.37%)
2025-04-30 05:22:30,072 - INFO -   Sector Media: NEGATIVE (-0.79%)
2025-04-30 05:22:30,072 - INFO -   Sector Metal: NEGATIVE (-0.95%)
2025-04-30 05:22:30,073 - INFO -   Sector Pharma: NEGATIVE (-1.06%)
2025-04-30 05:22:30,073 - INFO - Processing ticker 1: SYNGENE.NS
2025-04-30 05:22:30,073 - INFO - Found sector Pharma for SYNGENE.NS
2025-04-30 05:22:30,073 - INFO - Evaluating SYNGENE.NS in sector Pharma (-1.06%)
2025-04-30 05:22:30,074 - INFO - Not trading SYNGENE.NS - sector performance doesn't match strategy
2025-04-30 05:22:30,074 - INFO -   Transaction type: BUY
2025-04-30 05:22:30,074 - INFO -   Sector is_positive: False
2025-04-30 05:22:30,074 - INFO - Processing ticker 2: ZEEL.NS
2025-04-30 05:22:30,075 - INFO - Found sector Media for ZEEL.NS
2025-04-30 05:22:30,075 - INFO - Evaluating ZEEL.NS in sector Media (-0.79%)
2025-04-30 05:22:30,075 - INFO - Not trading ZEEL.NS - sector performance doesn't match strategy
2025-04-30 05:22:30,075 - INFO -   Transaction type: BUY
2025-04-30 05:22:30,076 - INFO -   Sector is_positive: False
2025-04-30 05:22:30,076 - INFO - Processing ticker 3: Lauraslabs.NS
2025-04-30 05:22:30,076 - WARNING - Could not find sector for Lauraslabs.NS in sector mapping
2025-04-30 05:22:30,077 - INFO - Processing ticker 4: ADANIENT.NS
2025-04-30 05:22:30,077 - INFO - Found sector Metal for ADANIENT.NS
2025-04-30 05:22:30,077 - INFO - Evaluating ADANIENT.NS in sector Metal (-0.95%)
2025-04-30 05:22:30,078 - INFO - Not trading ADANIENT.NS - sector performance doesn't match strategy
2025-04-30 05:22:30,078 - INFO -   Transaction type: BUY
2025-04-30 05:22:30,078 - INFO -   Sector is_positive: False
2025-04-30 05:22:30,078 - INFO - Processing ticker 5: IPCALAB.NS
2025-04-30 05:22:30,079 - INFO - Found sector Pharma for IPCALAB.NS
2025-04-30 05:22:30,079 - INFO - Evaluating IPCALAB.NS in sector Pharma (-1.06%)
2025-04-30 05:22:30,079 - INFO - Not trading IPCALAB.NS - sector performance doesn't match strategy
2025-04-30 05:22:30,079 - INFO -   Transaction type: BUY
2025-04-30 05:22:30,080 - INFO -   Sector is_positive: False
2025-04-30 05:22:30,080 - INFO - Processing ticker 6: RELIANCE.NS
2025-04-30 05:22:30,080 - INFO - Skipping RELIANCE.NS - already have an open position
2025-04-30 05:22:30,080 - INFO - Processing ticker 7: TIINDIA.NS
2025-04-30 05:22:30,081 - INFO - Skipping TIINDIA.NS - already have an open position
2025-04-30 05:22:30,081 - INFO - Processing ticker 8: SONACOMS.NS
2025-04-30 05:22:30,082 - INFO - Skipping SONACOMS.NS - already have an open position
2025-04-30 05:22:30,082 - INFO - Processing ticker 9: SAREGAMA.NS
2025-04-30 05:22:30,082 - INFO - Skipping SAREGAMA.NS - already have an open position
2025-04-30 05:22:30,083 - INFO - Ticker processing summary:
2025-04-30 05:22:30,083 - INFO -   Total tickers considered: 9
2025-04-30 05:22:30,084 - INFO -   Tickers with sector data: 4
2025-04-30 05:22:30,085 - INFO -   Tickers matching strategy: 0
2025-04-30 05:22:30,087 - INFO -   Tickers with security ID: 0
2025-04-30 05:22:30,088 - INFO -   Orders successfully placed: 0
2025-04-30 05:22:30,088 - INFO - New positions added: 0
2025-04-30 05:22:30,088 - INFO - Positions skipped: 9
2025-04-30 05:22:30,089 - INFO - Positions with errors: 0
2025-04-30 05:22:30,089 - INFO - 
==================================================
NEW OPPORTUNITIES PROCESSING COMPLETE
==================================================
2025-04-30 05:22:30,089 - INFO - 
==================================================
SECTOR PROCESSING COMPLETE
==================================================
2025-04-30 05:22:30,091 - INFO - Saved 4 positions to dhan_positions.json
2025-04-30 05:22:30,091 - INFO - 
==================================================
POSITIONS SUMMARY
==================================================
2025-04-30 05:22:30,092 - INFO - Current positions summary:
2025-04-30 05:22:30,092 - INFO -   Open BUY positions: 0
2025-04-30 05:22:30,093 - INFO -   Open SELL positions: 4
2025-04-30 05:22:30,093 - INFO -   Closed positions: 0
2025-04-30 05:22:30,094 - INFO -   Total positions: 4
2025-04-30 05:22:30,094 - INFO - Open positions:
2025-04-30 05:22:30,094 - INFO -   SELL RELIANCE.NS (Sector: Energy, Entry: 2025-04-30 05:01:34, Order ID: 212504306752, SL%: 1.0%, Target%: 1.0%)
2025-04-30 05:22:30,094 - INFO -   SELL TIINDIA.NS (Sector: Auto, Entry: 2025-04-30 05:01:46, Order ID: 512504306332, SL%: 1.0%, Target%: 1%)
2025-04-30 05:22:30,095 - INFO -   SELL SONACOMS.NS (Sector: Auto, Entry: 2025-04-30 05:01:59, Order ID: 412504306422, SL%: 1.0%, Target%: 1.0%)
2025-04-30 05:22:30,095 - INFO -   SELL SAREGAMA.NS (Sector: Media, Entry: 2025-04-30 05:02:11, Order ID: 412504306512, SL%: 1.0%, Target%: 1%)
2025-04-30 05:22:30,095 - INFO - 
==================================================
POSITIONS SUMMARY COMPLETE
==================================================
2025-04-30 05:22:30,096 - INFO - Trading cycle 41 completed
2025-04-30 05:22:30,096 - INFO - Waiting 30 seconds until next check at 05:23:00...
2025-04-30 05:22:30,096 - INFO - 
==================================================
CYCLE 41 COMPLETE
==================================================
2025-04-30 05:23:00,100 - INFO - 
==================================================
TRADING CYCLE 42
==================================================
2025-04-30 05:23:00,101 - INFO - Trading cycle 42 started at 2025-04-30 05:23:00
2025-04-30 05:23:00,101 - INFO - 
==================================================
READING SECTOR PERFORMANCE DATA
==================================================
2025-04-30 05:23:00,101 - INFO - Reading sector performance data from sector.csv
2025-04-30 05:23:00,102 - INFO - File last modified: 2025-04-30 05:22:40
2025-04-30 05:23:00,115 - INFO - Latest timestamp in data: 2025-04-30 05:22:40
2025-04-30 05:23:00,115 - INFO - Loaded data for 10 sectors
2025-04-30 05:23:00,116 - INFO - Sector performance details:
2025-04-30 05:23:00,116 - INFO -   IT: POSITIVE (1.23%)
2025-04-30 05:23:00,117 - INFO -   PSU Bank: NEGATIVE (-0.05%)
2025-04-30 05:23:00,117 - INFO -   Auto: NEGATIVE (-0.24%)
2025-04-30 05:23:00,118 - INFO -   FMCG: NEGATIVE (-0.26%)
2025-04-30 05:23:00,119 - INFO -   Realty: NEGATIVE (-0.26%)
2025-04-30 05:23:00,119 - INFO -   Energy: NEGATIVE (-0.29%)
2025-04-30 05:23:00,121 - INFO -   Financial Services: NEGATIVE (-0.37%)
2025-04-30 05:23:00,121 - INFO -   Media: NEGATIVE (-0.79%)
2025-04-30 05:23:00,122 - INFO -   Metal: NEGATIVE (-0.95%)
2025-04-30 05:23:00,122 - INFO -   Pharma: NEGATIVE (-1.06%)
2025-04-30 05:23:00,123 - INFO - 
==================================================
SECTOR DATA READ COMPLETE
==================================================
2025-04-30 05:23:00,123 - INFO - 
==================================================
PROCESSING SECTOR DATA
==================================================
2025-04-30 05:23:00,124 - INFO - Processed performance data for 10 sectors
2025-04-30 05:23:00,125 - INFO - Processing existing positions for potential exits...
2025-04-30 05:23:00,125 - INFO - 
==================================================
PROCESSING EXISTING POSITIONS
==================================================
2025-04-30 05:23:00,125 - INFO - Processing 4 existing positions
2025-04-30 05:23:00,126 - INFO - Checking position: SELL RELIANCE.NS (Sector: Energy)
2025-04-30 05:23:00,126 - INFO - SECURITY ID LOOKUP: Searching for RELIANCE.NS
2025-04-30 05:23:00,126 - INFO - Trying exact match for 'RELIANCE.NS'
2025-04-30 05:23:00,127 - INFO - FOUND EXACT MATCH: ID 2885 for RELIANCE.NS
2025-04-30 05:23:00,127 - INFO - Sector Energy is NEGATIVE with -0.29% change
2025-04-30 05:23:00,127 - INFO - Getting current market price for RELIANCE.NS
2025-04-30 05:23:00,127 - INFO - Failed to get quote using symbol: 'dhanhq' object has no attribute 'get_quote'
2025-04-30 05:23:00,128 - INFO - Failed to get LTP using security_id: 'dhanhq' object has no attribute 'get_ltp'
2025-04-30 05:23:00,128 - INFO - Failed to get price from candles: 'dhanhq' object has no attribute 'intraday_daily_minute_charts'
2025-04-30 05:23:00,128 - ERROR - Could not get current market price for RELIANCE.NS
2025-04-30 05:23:00,128 - WARNING - Could not get current market price for RELIANCE.NS
2025-04-30 05:23:00,129 - INFO - Checking position: SELL TIINDIA.NS (Sector: Auto)
2025-04-30 05:23:00,129 - INFO - SECURITY ID LOOKUP: Searching for TIINDIA.NS
2025-04-30 05:23:00,129 - INFO - Trying exact match for 'TIINDIA.NS'
2025-04-30 05:23:00,130 - INFO - FOUND EXACT MATCH: ID 312 for TIINDIA.NS
2025-04-30 05:23:00,132 - INFO - Sector Auto is NEGATIVE with -0.24% change
2025-04-30 05:23:00,133 - INFO - Getting current market price for TIINDIA.NS
2025-04-30 05:23:00,133 - INFO - Failed to get quote using symbol: 'dhanhq' object has no attribute 'get_quote'
2025-04-30 05:23:00,134 - INFO - Failed to get LTP using security_id: 'dhanhq' object has no attribute 'get_ltp'
2025-04-30 05:23:00,135 - INFO - Failed to get price from candles: 'dhanhq' object has no attribute 'intraday_daily_minute_charts'
2025-04-30 05:23:00,135 - ERROR - Could not get current market price for TIINDIA.NS
2025-04-30 05:23:00,135 - WARNING - Could not get current market price for TIINDIA.NS
2025-04-30 05:23:00,136 - INFO - Checking position: SELL SONACOMS.NS (Sector: Auto)
2025-04-30 05:23:00,136 - INFO - SECURITY ID LOOKUP: Searching for SONACOMS.NS
2025-04-30 05:23:00,136 - INFO - Trying exact match for 'SONACOMS.NS'
2025-04-30 05:23:00,136 - INFO - FOUND EXACT MATCH: ID 4684 for SONACOMS.NS
2025-04-30 05:23:00,137 - INFO - Sector Auto is NEGATIVE with -0.24% change
2025-04-30 05:23:00,137 - INFO - Getting current market price for SONACOMS.NS
2025-04-30 05:23:00,137 - INFO - Failed to get quote using symbol: 'dhanhq' object has no attribute 'get_quote'
2025-04-30 05:23:00,137 - INFO - Failed to get LTP using security_id: 'dhanhq' object has no attribute 'get_ltp'
2025-04-30 05:23:00,138 - INFO - Failed to get price from candles: 'dhanhq' object has no attribute 'intraday_daily_minute_charts'
2025-04-30 05:23:00,138 - ERROR - Could not get current market price for SONACOMS.NS
2025-04-30 05:23:00,138 - WARNING - Could not get current market price for SONACOMS.NS
2025-04-30 05:23:00,139 - INFO - Checking position: SELL SAREGAMA.NS (Sector: Media)
2025-04-30 05:23:00,139 - INFO - SECURITY ID LOOKUP: Searching for SAREGAMA.NS
2025-04-30 05:23:00,139 - INFO - Trying exact match for 'SAREGAMA.NS'
2025-04-30 05:23:00,139 - INFO - FOUND EXACT MATCH: ID 4892 for SAREGAMA.NS
2025-04-30 05:23:00,140 - INFO - Sector Media is NEGATIVE with -0.79% change
2025-04-30 05:23:00,140 - INFO - Getting current market price for SAREGAMA.NS
2025-04-30 05:23:00,140 - INFO - Failed to get quote using symbol: 'dhanhq' object has no attribute 'get_quote'
2025-04-30 05:23:00,140 - INFO - Failed to get LTP using security_id: 'dhanhq' object has no attribute 'get_ltp'
2025-04-30 05:23:00,141 - INFO - Failed to get price from candles: 'dhanhq' object has no attribute 'intraday_daily_minute_charts'
2025-04-30 05:23:00,141 - ERROR - Could not get current market price for SAREGAMA.NS
2025-04-30 05:23:00,141 - WARNING - Could not get current market price for SAREGAMA.NS
2025-04-30 05:23:00,142 - INFO - No positions needed to be exited
2025-04-30 05:23:00,142 - INFO - 
==================================================
POSITION PROCESSING COMPLETE
==================================================
2025-04-30 05:23:00,142 - INFO - Looking for new trading opportunities...
2025-04-30 05:23:00,143 - INFO - 
==================================================
FINDING NEW TRADING OPPORTUNITIES
==================================================
2025-04-30 05:23:00,143 - INFO - Found 9 active tickers out of 9 total
2025-04-30 05:23:00,143 - INFO - Processing tickers in order: ['SYNGENE.NS', 'ZEEL.NS', 'Lauraslabs.NS', 'ADANIENT.NS', 'IPCALAB.NS', 'RELIANCE.NS', 'TIINDIA.NS', 'SONACOMS.NS', 'SAREGAMA.NS']
2025-04-30 05:23:00,144 - INFO - Already have open positions for: ['RELIANCE.NS', 'TIINDIA.NS', 'SONACOMS.NS', 'SAREGAMA.NS']
2025-04-30 05:23:00,144 - INFO - Current sector performances:
2025-04-30 05:23:00,144 - INFO -   Sector IT: POSITIVE (1.23%)
2025-04-30 05:23:00,145 - INFO -   Sector PSU Bank: NEGATIVE (-0.05%)
2025-04-30 05:23:00,145 - INFO -   Sector Auto: NEGATIVE (-0.24%)
2025-04-30 05:23:00,146 - INFO -   Sector FMCG: NEGATIVE (-0.26%)
2025-04-30 05:23:00,147 - INFO -   Sector Realty: NEGATIVE (-0.26%)
2025-04-30 05:23:00,149 - INFO -   Sector Energy: NEGATIVE (-0.29%)
2025-04-30 05:23:00,151 - INFO -   Sector Financial Services: NEGATIVE (-0.37%)
2025-04-30 05:23:00,151 - INFO -   Sector Media: NEGATIVE (-0.79%)
2025-04-30 05:23:00,152 - INFO -   Sector Metal: NEGATIVE (-0.95%)
2025-04-30 05:23:00,152 - INFO -   Sector Pharma: NEGATIVE (-1.06%)
2025-04-30 05:23:00,152 - INFO - Processing ticker 1: SYNGENE.NS
2025-04-30 05:23:00,152 - INFO - Found sector Pharma for SYNGENE.NS
2025-04-30 05:23:00,153 - INFO - Evaluating SYNGENE.NS in sector Pharma (-1.06%)
2025-04-30 05:23:00,153 - INFO - Not trading SYNGENE.NS - sector performance doesn't match strategy
2025-04-30 05:23:00,153 - INFO -   Transaction type: BUY
2025-04-30 05:23:00,153 - INFO -   Sector is_positive: False
2025-04-30 05:23:00,154 - INFO - Processing ticker 2: ZEEL.NS
2025-04-30 05:23:00,154 - INFO - Found sector Media for ZEEL.NS
2025-04-30 05:23:00,154 - INFO - Evaluating ZEEL.NS in sector Media (-0.79%)
2025-04-30 05:23:00,154 - INFO - Not trading ZEEL.NS - sector performance doesn't match strategy
2025-04-30 05:23:00,155 - INFO -   Transaction type: BUY
2025-04-30 05:23:00,155 - INFO -   Sector is_positive: False
2025-04-30 05:23:00,155 - INFO - Processing ticker 3: Lauraslabs.NS
2025-04-30 05:23:00,156 - WARNING - Could not find sector for Lauraslabs.NS in sector mapping
2025-04-30 05:23:00,156 - INFO - Processing ticker 4: ADANIENT.NS
2025-04-30 05:23:00,156 - INFO - Found sector Metal for ADANIENT.NS
2025-04-30 05:23:00,157 - INFO - Evaluating ADANIENT.NS in sector Metal (-0.95%)
2025-04-30 05:23:00,157 - INFO - Not trading ADANIENT.NS - sector performance doesn't match strategy
2025-04-30 05:23:00,157 - INFO -   Transaction type: BUY
2025-04-30 05:23:00,157 - INFO -   Sector is_positive: False
2025-04-30 05:23:00,157 - INFO - Processing ticker 5: IPCALAB.NS
2025-04-30 05:23:00,158 - INFO - Found sector Pharma for IPCALAB.NS
2025-04-30 05:23:00,158 - INFO - Evaluating IPCALAB.NS in sector Pharma (-1.06%)
2025-04-30 05:23:00,158 - INFO - Not trading IPCALAB.NS - sector performance doesn't match strategy
2025-04-30 05:23:00,158 - INFO -   Transaction type: BUY
2025-04-30 05:23:00,159 - INFO -   Sector is_positive: False
2025-04-30 05:23:00,159 - INFO - Processing ticker 6: RELIANCE.NS
2025-04-30 05:23:00,159 - INFO - Skipping RELIANCE.NS - already have an open position
2025-04-30 05:23:00,159 - INFO - Processing ticker 7: TIINDIA.NS
2025-04-30 05:23:00,160 - INFO - Skipping TIINDIA.NS - already have an open position
2025-04-30 05:23:00,160 - INFO - Processing ticker 8: SONACOMS.NS
2025-04-30 05:23:00,160 - INFO - Skipping SONACOMS.NS - already have an open position
2025-04-30 05:23:00,160 - INFO - Processing ticker 9: SAREGAMA.NS
2025-04-30 05:23:00,161 - INFO - Skipping SAREGAMA.NS - already have an open position
2025-04-30 05:23:00,161 - INFO - Ticker processing summary:
2025-04-30 05:23:00,162 - INFO -   Total tickers considered: 9
2025-04-30 05:23:00,162 - INFO -   Tickers with sector data: 4
2025-04-30 05:23:00,162 - INFO -   Tickers matching strategy: 0
2025-04-30 05:23:00,164 - INFO -   Tickers with security ID: 0
2025-04-30 05:23:00,165 - INFO -   Orders successfully placed: 0
2025-04-30 05:23:00,167 - INFO - New positions added: 0
2025-04-30 05:23:00,168 - INFO - Positions skipped: 9
2025-04-30 05:23:00,168 - INFO - Positions with errors: 0
2025-04-30 05:23:00,168 - INFO - 
==================================================
NEW OPPORTUNITIES PROCESSING COMPLETE
==================================================
2025-04-30 05:23:00,169 - INFO - 
==================================================
SECTOR PROCESSING COMPLETE
==================================================
2025-04-30 05:23:00,170 - INFO - Saved 4 positions to dhan_positions.json
2025-04-30 05:23:00,171 - INFO - 
==================================================
POSITIONS SUMMARY
==================================================
2025-04-30 05:23:00,172 - INFO - Current positions summary:
2025-04-30 05:23:00,172 - INFO -   Open BUY positions: 0
2025-04-30 05:23:00,172 - INFO -   Open SELL positions: 4
2025-04-30 05:23:00,172 - INFO -   Closed positions: 0
2025-04-30 05:23:00,173 - INFO -   Total positions: 4
2025-04-30 05:23:00,173 - INFO - Open positions:
2025-04-30 05:23:00,173 - INFO -   SELL RELIANCE.NS (Sector: Energy, Entry: 2025-04-30 05:01:34, Order ID: 212504306752, SL%: 1.0%, Target%: 1.0%)
2025-04-30 05:23:00,173 - INFO -   SELL TIINDIA.NS (Sector: Auto, Entry: 2025-04-30 05:01:46, Order ID: 512504306332, SL%: 1.0%, Target%: 1%)
2025-04-30 05:23:00,174 - INFO -   SELL SONACOMS.NS (Sector: Auto, Entry: 2025-04-30 05:01:59, Order ID: 412504306422, SL%: 1.0%, Target%: 1.0%)
2025-04-30 05:23:00,174 - INFO -   SELL SAREGAMA.NS (Sector: Media, Entry: 2025-04-30 05:02:11, Order ID: 412504306512, SL%: 1.0%, Target%: 1%)
2025-04-30 05:23:00,174 - INFO - 
==================================================
POSITIONS SUMMARY COMPLETE
==================================================
2025-04-30 05:23:00,175 - INFO - Trading cycle 42 completed
2025-04-30 05:23:00,175 - INFO - Waiting 30 seconds until next check at 05:23:30...
2025-04-30 05:23:00,175 - INFO - 
==================================================
CYCLE 42 COMPLETE
==================================================
2025-04-30 05:23:30,185 - INFO - 
==================================================
TRADING CYCLE 43
==================================================
2025-04-30 05:23:30,186 - INFO - Trading cycle 43 started at 2025-04-30 05:23:30
2025-04-30 05:23:30,187 - INFO - 
==================================================
READING SECTOR PERFORMANCE DATA
==================================================
2025-04-30 05:23:30,188 - INFO - Reading sector performance data from sector.csv
2025-04-30 05:23:30,189 - INFO - File last modified: 2025-04-30 05:22:40
2025-04-30 05:23:30,195 - INFO - Latest timestamp in data: 2025-04-30 05:22:40
2025-04-30 05:23:30,196 - INFO - Loaded data for 10 sectors
2025-04-30 05:23:30,197 - INFO - Sector performance details:
2025-04-30 05:23:30,199 - INFO -   IT: POSITIVE (1.23%)
2025-04-30 05:23:30,201 - INFO -   PSU Bank: NEGATIVE (-0.05%)
2025-04-30 05:23:30,202 - INFO -   Auto: NEGATIVE (-0.24%)
2025-04-30 05:23:30,205 - INFO -   FMCG: NEGATIVE (-0.26%)
2025-04-30 05:23:30,207 - INFO -   Realty: NEGATIVE (-0.26%)
2025-04-30 05:23:30,208 - INFO -   Energy: NEGATIVE (-0.29%)
2025-04-30 05:23:30,211 - INFO -   Financial Services: NEGATIVE (-0.37%)
2025-04-30 05:23:30,213 - INFO -   Media: NEGATIVE (-0.79%)
2025-04-30 05:23:30,214 - INFO -   Metal: NEGATIVE (-0.95%)
2025-04-30 05:23:30,215 - INFO -   Pharma: NEGATIVE (-1.06%)
2025-04-30 05:23:30,217 - INFO - 
==================================================
SECTOR DATA READ COMPLETE
==================================================
2025-04-30 05:23:30,217 - INFO - 
==================================================
PROCESSING SECTOR DATA
==================================================
2025-04-30 05:23:30,219 - INFO - Processed performance data for 10 sectors
2025-04-30 05:23:30,220 - INFO - Processing existing positions for potential exits...
2025-04-30 05:23:30,220 - INFO - 
==================================================
PROCESSING EXISTING POSITIONS
==================================================
2025-04-30 05:23:30,220 - INFO - Processing 4 existing positions
2025-04-30 05:23:30,221 - INFO - Checking position: SELL RELIANCE.NS (Sector: Energy)
2025-04-30 05:23:30,221 - INFO - SECURITY ID LOOKUP: Searching for RELIANCE.NS
2025-04-30 05:23:30,221 - INFO - Trying exact match for 'RELIANCE.NS'
2025-04-30 05:23:30,222 - INFO - FOUND EXACT MATCH: ID 2885 for RELIANCE.NS
2025-04-30 05:23:30,222 - INFO - Sector Energy is NEGATIVE with -0.29% change
2025-04-30 05:23:30,222 - INFO - Getting current market price for RELIANCE.NS
2025-04-30 05:23:30,223 - INFO - Failed to get quote using symbol: 'dhanhq' object has no attribute 'get_quote'
2025-04-30 05:23:30,223 - INFO - Failed to get LTP using security_id: 'dhanhq' object has no attribute 'get_ltp'
2025-04-30 05:23:30,223 - INFO - Failed to get price from candles: 'dhanhq' object has no attribute 'intraday_daily_minute_charts'
2025-04-30 05:23:30,224 - ERROR - Could not get current market price for RELIANCE.NS
2025-04-30 05:23:30,224 - WARNING - Could not get current market price for RELIANCE.NS
2025-04-30 05:23:30,224 - INFO - Checking position: SELL TIINDIA.NS (Sector: Auto)
2025-04-30 05:23:30,225 - INFO - SECURITY ID LOOKUP: Searching for TIINDIA.NS
2025-04-30 05:23:30,225 - INFO - Trying exact match for 'TIINDIA.NS'
2025-04-30 05:23:30,225 - INFO - FOUND EXACT MATCH: ID 312 for TIINDIA.NS
2025-04-30 05:23:30,226 - INFO - Sector Auto is NEGATIVE with -0.24% change
2025-04-30 05:23:30,226 - INFO - Getting current market price for TIINDIA.NS
2025-04-30 05:23:30,227 - INFO - Failed to get quote using symbol: 'dhanhq' object has no attribute 'get_quote'
2025-04-30 05:23:30,228 - INFO - Failed to get LTP using security_id: 'dhanhq' object has no attribute 'get_ltp'
2025-04-30 05:23:30,231 - INFO - Failed to get price from candles: 'dhanhq' object has no attribute 'intraday_daily_minute_charts'
2025-04-30 05:23:30,232 - ERROR - Could not get current market price for TIINDIA.NS
2025-04-30 05:23:30,232 - WARNING - Could not get current market price for TIINDIA.NS
2025-04-30 05:23:30,232 - INFO - Checking position: SELL SONACOMS.NS (Sector: Auto)
2025-04-30 05:23:30,233 - INFO - SECURITY ID LOOKUP: Searching for SONACOMS.NS
2025-04-30 05:23:30,233 - INFO - Trying exact match for 'SONACOMS.NS'
2025-04-30 05:23:30,233 - INFO - FOUND EXACT MATCH: ID 4684 for SONACOMS.NS
2025-04-30 05:23:30,234 - INFO - Sector Auto is NEGATIVE with -0.24% change
2025-04-30 05:23:30,234 - INFO - Getting current market price for SONACOMS.NS
2025-04-30 05:23:30,235 - INFO - Failed to get quote using symbol: 'dhanhq' object has no attribute 'get_quote'
2025-04-30 05:23:30,235 - INFO - Failed to get LTP using security_id: 'dhanhq' object has no attribute 'get_ltp'
2025-04-30 05:23:30,235 - INFO - Failed to get price from candles: 'dhanhq' object has no attribute 'intraday_daily_minute_charts'
2025-04-30 05:23:30,237 - ERROR - Could not get current market price for SONACOMS.NS
2025-04-30 05:23:30,237 - WARNING - Could not get current market price for SONACOMS.NS
2025-04-30 05:23:30,238 - INFO - Checking position: SELL SAREGAMA.NS (Sector: Media)
2025-04-30 05:23:30,238 - INFO - SECURITY ID LOOKUP: Searching for SAREGAMA.NS
2025-04-30 05:23:30,239 - INFO - Trying exact match for 'SAREGAMA.NS'
2025-04-30 05:23:30,239 - INFO - FOUND EXACT MATCH: ID 4892 for SAREGAMA.NS
2025-04-30 05:23:30,239 - INFO - Sector Media is NEGATIVE with -0.79% change
2025-04-30 05:23:30,240 - INFO - Getting current market price for SAREGAMA.NS
2025-04-30 05:23:30,240 - INFO - Failed to get quote using symbol: 'dhanhq' object has no attribute 'get_quote'
2025-04-30 05:23:30,241 - INFO - Failed to get LTP using security_id: 'dhanhq' object has no attribute 'get_ltp'
2025-04-30 05:23:30,241 - INFO - Failed to get price from candles: 'dhanhq' object has no attribute 'intraday_daily_minute_charts'
2025-04-30 05:23:30,242 - ERROR - Could not get current market price for SAREGAMA.NS
2025-04-30 05:23:30,242 - WARNING - Could not get current market price for SAREGAMA.NS
2025-04-30 05:23:30,243 - INFO - No positions needed to be exited
2025-04-30 05:23:30,243 - INFO - 
==================================================
POSITION PROCESSING COMPLETE
==================================================
2025-04-30 05:23:30,245 - INFO - Looking for new trading opportunities...
2025-04-30 05:23:30,246 - INFO - 
==================================================
FINDING NEW TRADING OPPORTUNITIES
==================================================
2025-04-30 05:23:30,249 - INFO - Found 9 active tickers out of 9 total
2025-04-30 05:23:30,249 - INFO - Processing tickers in order: ['SYNGENE.NS', 'ZEEL.NS', 'Lauraslabs.NS', 'ADANIENT.NS', 'IPCALAB.NS', 'RELIANCE.NS', 'TIINDIA.NS', 'SONACOMS.NS', 'SAREGAMA.NS']
2025-04-30 05:23:30,249 - INFO - Already have open positions for: ['RELIANCE.NS', 'TIINDIA.NS', 'SONACOMS.NS', 'SAREGAMA.NS']
2025-04-30 05:23:30,250 - INFO - Current sector performances:
2025-04-30 05:23:30,250 - INFO -   Sector IT: POSITIVE (1.23%)
2025-04-30 05:23:30,250 - INFO -   Sector PSU Bank: NEGATIVE (-0.05%)
2025-04-30 05:23:30,251 - INFO -   Sector Auto: NEGATIVE (-0.24%)
2025-04-30 05:23:30,251 - INFO -   Sector FMCG: NEGATIVE (-0.26%)
2025-04-30 05:23:30,251 - INFO -   Sector Realty: NEGATIVE (-0.26%)
2025-04-30 05:23:30,252 - INFO -   Sector Energy: NEGATIVE (-0.29%)
2025-04-30 05:23:30,252 - INFO -   Sector Financial Services: NEGATIVE (-0.37%)
2025-04-30 05:23:30,252 - INFO -   Sector Media: NEGATIVE (-0.79%)
2025-04-30 05:23:30,253 - INFO -   Sector Metal: NEGATIVE (-0.95%)
2025-04-30 05:23:30,253 - INFO -   Sector Pharma: NEGATIVE (-1.06%)
2025-04-30 05:23:30,254 - INFO - Processing ticker 1: SYNGENE.NS
2025-04-30 05:23:30,254 - INFO - Found sector Pharma for SYNGENE.NS
2025-04-30 05:23:30,254 - INFO - Evaluating SYNGENE.NS in sector Pharma (-1.06%)
2025-04-30 05:23:30,254 - INFO - Not trading SYNGENE.NS - sector performance doesn't match strategy
2025-04-30 05:23:30,255 - INFO -   Transaction type: BUY
2025-04-30 05:23:30,255 - INFO -   Sector is_positive: False
2025-04-30 05:23:30,255 - INFO - Processing ticker 2: ZEEL.NS
2025-04-30 05:23:30,256 - INFO - Found sector Media for ZEEL.NS
2025-04-30 05:23:30,256 - INFO - Evaluating ZEEL.NS in sector Media (-0.79%)
2025-04-30 05:23:30,256 - INFO - Not trading ZEEL.NS - sector performance doesn't match strategy
2025-04-30 05:23:30,257 - INFO -   Transaction type: BUY
2025-04-30 05:23:30,257 - INFO -   Sector is_positive: False
2025-04-30 05:23:30,257 - INFO - Processing ticker 3: Lauraslabs.NS
2025-04-30 05:23:30,258 - WARNING - Could not find sector for Lauraslabs.NS in sector mapping
2025-04-30 05:23:30,258 - INFO - Processing ticker 4: ADANIENT.NS
2025-04-30 05:23:30,258 - INFO - Found sector Metal for ADANIENT.NS
2025-04-30 05:23:30,259 - INFO - Evaluating ADANIENT.NS in sector Metal (-0.95%)
2025-04-30 05:23:30,259 - INFO - Not trading ADANIENT.NS - sector performance doesn't match strategy
2025-04-30 05:23:30,259 - INFO -   Transaction type: BUY
2025-04-30 05:23:30,259 - INFO -   Sector is_positive: False
2025-04-30 05:23:30,260 - INFO - Processing ticker 5: IPCALAB.NS
2025-04-30 05:23:30,260 - INFO - Found sector Pharma for IPCALAB.NS
2025-04-30 05:23:30,261 - INFO - Evaluating IPCALAB.NS in sector Pharma (-1.06%)
2025-04-30 05:23:30,262 - INFO - Not trading IPCALAB.NS - sector performance doesn't match strategy
2025-04-30 05:23:30,263 - INFO -   Transaction type: BUY
2025-04-30 05:23:30,265 - INFO -   Sector is_positive: False
2025-04-30 05:23:30,265 - INFO - Processing ticker 6: RELIANCE.NS
2025-04-30 05:23:30,265 - INFO - Skipping RELIANCE.NS - already have an open position
2025-04-30 05:23:30,266 - INFO - Processing ticker 7: TIINDIA.NS
2025-04-30 05:23:30,266 - INFO - Skipping TIINDIA.NS - already have an open position
2025-04-30 05:23:30,266 - INFO - Processing ticker 8: SONACOMS.NS
2025-04-30 05:23:30,266 - INFO - Skipping SONACOMS.NS - already have an open position
2025-04-30 05:23:30,267 - INFO - Processing ticker 9: SAREGAMA.NS
2025-04-30 05:23:30,267 - INFO - Skipping SAREGAMA.NS - already have an open position
2025-04-30 05:23:30,267 - INFO - Ticker processing summary:
2025-04-30 05:23:30,268 - INFO -   Total tickers considered: 9
2025-04-30 05:23:30,268 - INFO -   Tickers with sector data: 4
2025-04-30 05:23:30,268 - INFO -   Tickers matching strategy: 0
2025-04-30 05:23:30,268 - INFO -   Tickers with security ID: 0
2025-04-30 05:23:30,269 - INFO -   Orders successfully placed: 0
2025-04-30 05:23:30,269 - INFO - New positions added: 0
2025-04-30 05:23:30,269 - INFO - Positions skipped: 9
2025-04-30 05:23:30,269 - INFO - Positions with errors: 0
2025-04-30 05:23:30,270 - INFO - 
==================================================
NEW OPPORTUNITIES PROCESSING COMPLETE
==================================================
2025-04-30 05:23:30,270 - INFO - 
==================================================
SECTOR PROCESSING COMPLETE
==================================================
2025-04-30 05:23:30,272 - INFO - Saved 4 positions to dhan_positions.json
2025-04-30 05:23:30,272 - INFO - 
==================================================
POSITIONS SUMMARY
==================================================
2025-04-30 05:23:30,273 - INFO - Current positions summary:
2025-04-30 05:23:30,273 - INFO -   Open BUY positions: 0
2025-04-30 05:23:30,274 - INFO -   Open SELL positions: 4
2025-04-30 05:23:30,274 - INFO -   Closed positions: 0
2025-04-30 05:23:30,274 - INFO -   Total positions: 4
2025-04-30 05:23:30,274 - INFO - Open positions:
2025-04-30 05:23:30,275 - INFO -   SELL RELIANCE.NS (Sector: Energy, Entry: 2025-04-30 05:01:34, Order ID: 212504306752, SL%: 1.0%, Target%: 1.0%)
2025-04-30 05:23:30,275 - INFO -   SELL TIINDIA.NS (Sector: Auto, Entry: 2025-04-30 05:01:46, Order ID: 512504306332, SL%: 1.0%, Target%: 1%)
2025-04-30 05:23:30,275 - INFO -   SELL SONACOMS.NS (Sector: Auto, Entry: 2025-04-30 05:01:59, Order ID: 412504306422, SL%: 1.0%, Target%: 1.0%)
2025-04-30 05:23:30,276 - INFO -   SELL SAREGAMA.NS (Sector: Media, Entry: 2025-04-30 05:02:11, Order ID: 412504306512, SL%: 1.0%, Target%: 1%)
2025-04-30 05:23:30,276 - INFO - 
==================================================
POSITIONS SUMMARY COMPLETE
==================================================
2025-04-30 05:23:30,278 - INFO - Trading cycle 43 completed
2025-04-30 05:23:30,279 - INFO - Waiting 30 seconds until next check at 05:24:00...
2025-04-30 05:23:30,280 - INFO - 
==================================================
CYCLE 43 COMPLETE
==================================================
2025-04-30 05:24:00,283 - INFO - 
==================================================
TRADING CYCLE 44
==================================================
2025-04-30 05:24:00,286 - INFO - Trading cycle 44 started at 2025-04-30 05:24:00
2025-04-30 05:24:00,287 - INFO - 
==================================================
READING SECTOR PERFORMANCE DATA
==================================================
2025-04-30 05:24:00,290 - INFO - Reading sector performance data from sector.csv
2025-04-30 05:24:00,295 - INFO - File last modified: 2025-04-30 05:22:40
2025-04-30 05:24:00,308 - INFO - Latest timestamp in data: 2025-04-30 05:22:40
2025-04-30 05:24:00,309 - INFO - Loaded data for 10 sectors
2025-04-30 05:24:00,311 - INFO - Sector performance details:
2025-04-30 05:24:00,314 - INFO -   IT: POSITIVE (1.23%)
2025-04-30 05:24:00,315 - INFO -   PSU Bank: NEGATIVE (-0.05%)
2025-04-30 05:24:00,316 - INFO -   Auto: NEGATIVE (-0.24%)
2025-04-30 05:24:00,317 - INFO -   FMCG: NEGATIVE (-0.26%)
2025-04-30 05:24:00,318 - INFO -   Realty: NEGATIVE (-0.26%)
2025-04-30 05:24:00,319 - INFO -   Energy: NEGATIVE (-0.29%)
2025-04-30 05:24:00,320 - INFO -   Financial Services: NEGATIVE (-0.37%)
2025-04-30 05:24:00,321 - INFO -   Media: NEGATIVE (-0.79%)
2025-04-30 05:24:00,322 - INFO -   Metal: NEGATIVE (-0.95%)
2025-04-30 05:24:00,323 - INFO -   Pharma: NEGATIVE (-1.06%)
2025-04-30 05:24:00,324 - INFO - 
==================================================
SECTOR DATA READ COMPLETE
==================================================
2025-04-30 05:24:00,328 - INFO - 
==================================================
PROCESSING SECTOR DATA
==================================================
2025-04-30 05:24:00,332 - INFO - Processed performance data for 10 sectors
2025-04-30 05:24:00,332 - INFO - Processing existing positions for potential exits...
2025-04-30 05:24:00,332 - INFO - 
==================================================
PROCESSING EXISTING POSITIONS
==================================================
2025-04-30 05:24:00,333 - INFO - Processing 4 existing positions
2025-04-30 05:24:00,334 - INFO - Checking position: SELL RELIANCE.NS (Sector: Energy)
2025-04-30 05:24:00,334 - INFO - SECURITY ID LOOKUP: Searching for RELIANCE.NS
2025-04-30 05:24:00,334 - INFO - Trying exact match for 'RELIANCE.NS'
2025-04-30 05:24:00,335 - INFO - FOUND EXACT MATCH: ID 2885 for RELIANCE.NS
2025-04-30 05:24:00,335 - INFO - Sector Energy is NEGATIVE with -0.29% change
2025-04-30 05:24:00,335 - INFO - Getting current market price for RELIANCE.NS
2025-04-30 05:24:00,336 - INFO - Failed to get quote using symbol: 'dhanhq' object has no attribute 'get_quote'
2025-04-30 05:24:00,336 - INFO - Failed to get LTP using security_id: 'dhanhq' object has no attribute 'get_ltp'
2025-04-30 05:24:00,336 - INFO - Failed to get price from candles: 'dhanhq' object has no attribute 'intraday_daily_minute_charts'
2025-04-30 05:24:00,337 - ERROR - Could not get current market price for RELIANCE.NS
2025-04-30 05:24:00,337 - WARNING - Could not get current market price for RELIANCE.NS
2025-04-30 05:24:00,337 - INFO - Checking position: SELL TIINDIA.NS (Sector: Auto)
2025-04-30 05:24:00,338 - INFO - SECURITY ID LOOKUP: Searching for TIINDIA.NS
2025-04-30 05:24:00,338 - INFO - Trying exact match for 'TIINDIA.NS'
2025-04-30 05:24:00,338 - INFO - FOUND EXACT MATCH: ID 312 for TIINDIA.NS
2025-04-30 05:24:00,338 - INFO - Sector Auto is NEGATIVE with -0.24% change
2025-04-30 05:24:00,339 - INFO - Getting current market price for TIINDIA.NS
2025-04-30 05:24:00,339 - INFO - Failed to get quote using symbol: 'dhanhq' object has no attribute 'get_quote'
2025-04-30 05:24:00,339 - INFO - Failed to get LTP using security_id: 'dhanhq' object has no attribute 'get_ltp'
2025-04-30 05:24:00,340 - INFO - Failed to get price from candles: 'dhanhq' object has no attribute 'intraday_daily_minute_charts'
2025-04-30 05:24:00,340 - ERROR - Could not get current market price for TIINDIA.NS
2025-04-30 05:24:00,341 - WARNING - Could not get current market price for TIINDIA.NS
2025-04-30 05:24:00,343 - INFO - Checking position: SELL SONACOMS.NS (Sector: Auto)
2025-04-30 05:24:00,344 - INFO - SECURITY ID LOOKUP: Searching for SONACOMS.NS
2025-04-30 05:24:00,345 - INFO - Trying exact match for 'SONACOMS.NS'
2025-04-30 05:24:00,345 - INFO - FOUND EXACT MATCH: ID 4684 for SONACOMS.NS
2025-04-30 05:24:00,346 - INFO - Sector Auto is NEGATIVE with -0.24% change
2025-04-30 05:24:00,346 - INFO - Getting current market price for SONACOMS.NS
2025-04-30 05:24:00,346 - INFO - Failed to get quote using symbol: 'dhanhq' object has no attribute 'get_quote'
2025-04-30 05:24:00,346 - INFO - Failed to get LTP using security_id: 'dhanhq' object has no attribute 'get_ltp'
2025-04-30 05:24:00,347 - INFO - Failed to get price from candles: 'dhanhq' object has no attribute 'intraday_daily_minute_charts'
2025-04-30 05:24:00,347 - ERROR - Could not get current market price for SONACOMS.NS
2025-04-30 05:24:00,347 - WARNING - Could not get current market price for SONACOMS.NS
2025-04-30 05:24:00,348 - INFO - Checking position: SELL SAREGAMA.NS (Sector: Media)
2025-04-30 05:24:00,348 - INFO - SECURITY ID LOOKUP: Searching for SAREGAMA.NS
2025-04-30 05:24:00,348 - INFO - Trying exact match for 'SAREGAMA.NS'
2025-04-30 05:24:00,348 - INFO - FOUND EXACT MATCH: ID 4892 for SAREGAMA.NS
2025-04-30 05:24:00,349 - INFO - Sector Media is NEGATIVE with -0.79% change
2025-04-30 05:24:00,349 - INFO - Getting current market price for SAREGAMA.NS
2025-04-30 05:24:00,349 - INFO - Failed to get quote using symbol: 'dhanhq' object has no attribute 'get_quote'
2025-04-30 05:24:00,349 - INFO - Failed to get LTP using security_id: 'dhanhq' object has no attribute 'get_ltp'
2025-04-30 05:24:00,350 - INFO - Failed to get price from candles: 'dhanhq' object has no attribute 'intraday_daily_minute_charts'
2025-04-30 05:24:00,350 - ERROR - Could not get current market price for SAREGAMA.NS
2025-04-30 05:24:00,350 - WARNING - Could not get current market price for SAREGAMA.NS
2025-04-30 05:24:00,351 - INFO - No positions needed to be exited
2025-04-30 05:24:00,351 - INFO - 
==================================================
POSITION PROCESSING COMPLETE
==================================================
2025-04-30 05:24:00,351 - INFO - Looking for new trading opportunities...
2025-04-30 05:24:00,352 - INFO - 
==================================================
FINDING NEW TRADING OPPORTUNITIES
==================================================
2025-04-30 05:24:00,352 - INFO - Found 9 active tickers out of 9 total
2025-04-30 05:24:00,352 - INFO - Processing tickers in order: ['SYNGENE.NS', 'ZEEL.NS', 'Lauraslabs.NS', 'ADANIENT.NS', 'IPCALAB.NS', 'RELIANCE.NS', 'TIINDIA.NS', 'SONACOMS.NS', 'SAREGAMA.NS']
2025-04-30 05:24:00,352 - INFO - Already have open positions for: ['RELIANCE.NS', 'TIINDIA.NS', 'SONACOMS.NS', 'SAREGAMA.NS']
2025-04-30 05:24:00,353 - INFO - Current sector performances:
2025-04-30 05:24:00,353 - INFO -   Sector IT: POSITIVE (1.23%)
2025-04-30 05:24:00,353 - INFO -   Sector PSU Bank: NEGATIVE (-0.05%)
2025-04-30 05:24:00,354 - INFO -   Sector Auto: NEGATIVE (-0.24%)
2025-04-30 05:24:00,354 - INFO -   Sector FMCG: NEGATIVE (-0.26%)
2025-04-30 05:24:00,354 - INFO -   Sector Realty: NEGATIVE (-0.26%)
2025-04-30 05:24:00,354 - INFO -   Sector Energy: NEGATIVE (-0.29%)
2025-04-30 05:24:00,355 - INFO -   Sector Financial Services: NEGATIVE (-0.37%)
2025-04-30 05:24:00,355 - INFO -   Sector Media: NEGATIVE (-0.79%)
2025-04-30 05:24:00,355 - INFO -   Sector Metal: NEGATIVE (-0.95%)
2025-04-30 05:24:00,355 - INFO -   Sector Pharma: NEGATIVE (-1.06%)
2025-04-30 05:24:00,356 - INFO - Processing ticker 1: SYNGENE.NS
2025-04-30 05:24:00,356 - INFO - Found sector Pharma for SYNGENE.NS
2025-04-30 05:24:00,357 - INFO - Evaluating SYNGENE.NS in sector Pharma (-1.06%)
2025-04-30 05:24:00,357 - INFO - Not trading SYNGENE.NS - sector performance doesn't match strategy
2025-04-30 05:24:00,357 - INFO -   Transaction type: BUY
2025-04-30 05:24:00,359 - INFO -   Sector is_positive: False
2025-04-30 05:24:00,359 - INFO - Processing ticker 2: ZEEL.NS
2025-04-30 05:24:00,361 - INFO - Found sector Media for ZEEL.NS
2025-04-30 05:24:00,362 - INFO - Evaluating ZEEL.NS in sector Media (-0.79%)
2025-04-30 05:24:00,362 - INFO - Not trading ZEEL.NS - sector performance doesn't match strategy
2025-04-30 05:24:00,362 - INFO -   Transaction type: BUY
2025-04-30 05:24:00,363 - INFO -   Sector is_positive: False
2025-04-30 05:24:00,363 - INFO - Processing ticker 3: Lauraslabs.NS
2025-04-30 05:24:00,363 - WARNING - Could not find sector for Lauraslabs.NS in sector mapping
2025-04-30 05:24:00,364 - INFO - Processing ticker 4: ADANIENT.NS
2025-04-30 05:24:00,364 - INFO - Found sector Metal for ADANIENT.NS
2025-04-30 05:24:00,364 - INFO - Evaluating ADANIENT.NS in sector Metal (-0.95%)
2025-04-30 05:24:00,364 - INFO - Not trading ADANIENT.NS - sector performance doesn't match strategy
2025-04-30 05:24:00,365 - INFO -   Transaction type: BUY
2025-04-30 05:24:00,365 - INFO -   Sector is_positive: False
2025-04-30 05:24:00,365 - INFO - Processing ticker 5: IPCALAB.NS
2025-04-30 05:24:00,365 - INFO - Found sector Pharma for IPCALAB.NS
2025-04-30 05:24:00,366 - INFO - Evaluating IPCALAB.NS in sector Pharma (-1.06%)
2025-04-30 05:24:00,366 - INFO - Not trading IPCALAB.NS - sector performance doesn't match strategy
2025-04-30 05:24:00,366 - INFO -   Transaction type: BUY
2025-04-30 05:24:00,366 - INFO -   Sector is_positive: False
2025-04-30 05:24:00,366 - INFO - Processing ticker 6: RELIANCE.NS
2025-04-30 05:24:00,367 - INFO - Skipping RELIANCE.NS - already have an open position
2025-04-30 05:24:00,367 - INFO - Processing ticker 7: TIINDIA.NS
2025-04-30 05:24:00,367 - INFO - Skipping TIINDIA.NS - already have an open position
2025-04-30 05:24:00,368 - INFO - Processing ticker 8: SONACOMS.NS
2025-04-30 05:24:00,368 - INFO - Skipping SONACOMS.NS - already have an open position
2025-04-30 05:24:00,368 - INFO - Processing ticker 9: SAREGAMA.NS
2025-04-30 05:24:00,368 - INFO - Skipping SAREGAMA.NS - already have an open position
2025-04-30 05:24:00,368 - INFO - Ticker processing summary:
2025-04-30 05:24:00,369 - INFO -   Total tickers considered: 9
2025-04-30 05:24:00,369 - INFO -   Tickers with sector data: 4
2025-04-30 05:24:00,369 - INFO -   Tickers matching strategy: 0
2025-04-30 05:24:00,369 - INFO -   Tickers with security ID: 0
2025-04-30 05:24:00,370 - INFO -   Orders successfully placed: 0
2025-04-30 05:24:00,370 - INFO - New positions added: 0
2025-04-30 05:24:00,370 - INFO - Positions skipped: 9
2025-04-30 05:24:00,370 - INFO - Positions with errors: 0
2025-04-30 05:24:00,370 - INFO - 
==================================================
NEW OPPORTUNITIES PROCESSING COMPLETE
==================================================
2025-04-30 05:24:00,371 - INFO - 
==================================================
SECTOR PROCESSING COMPLETE
==================================================
2025-04-30 05:24:00,373 - INFO - Saved 4 positions to dhan_positions.json
2025-04-30 05:24:00,376 - INFO - 
==================================================
POSITIONS SUMMARY
==================================================
2025-04-30 05:24:00,377 - INFO - Current positions summary:
2025-04-30 05:24:00,378 - INFO -   Open BUY positions: 0
2025-04-30 05:24:00,379 - INFO -   Open SELL positions: 4
2025-04-30 05:24:00,379 - INFO -   Closed positions: 0
2025-04-30 05:24:00,379 - INFO -   Total positions: 4
2025-04-30 05:24:00,379 - INFO - Open positions:
2025-04-30 05:24:00,380 - INFO -   SELL RELIANCE.NS (Sector: Energy, Entry: 2025-04-30 05:01:34, Order ID: 212504306752, SL%: 1.0%, Target%: 1.0%)
2025-04-30 05:24:00,380 - INFO -   SELL TIINDIA.NS (Sector: Auto, Entry: 2025-04-30 05:01:46, Order ID: 512504306332, SL%: 1.0%, Target%: 1%)
2025-04-30 05:24:00,380 - INFO -   SELL SONACOMS.NS (Sector: Auto, Entry: 2025-04-30 05:01:59, Order ID: 412504306422, SL%: 1.0%, Target%: 1.0%)
2025-04-30 05:24:00,380 - INFO -   SELL SAREGAMA.NS (Sector: Media, Entry: 2025-04-30 05:02:11, Order ID: 412504306512, SL%: 1.0%, Target%: 1%)
2025-04-30 05:24:00,381 - INFO - 
==================================================
POSITIONS SUMMARY COMPLETE
==================================================
2025-04-30 05:24:00,381 - INFO - Trading cycle 44 completed
2025-04-30 05:24:00,382 - INFO - Waiting 30 seconds until next check at 05:24:30...
2025-04-30 05:24:00,382 - INFO - 
==================================================
CYCLE 44 COMPLETE
==================================================
2025-04-30 05:24:30,397 - INFO - 
==================================================
TRADING CYCLE 45
==================================================
2025-04-30 05:24:30,398 - INFO - Trading cycle 45 started at 2025-04-30 05:24:30
2025-04-30 05:24:30,399 - INFO - 
==================================================
READING SECTOR PERFORMANCE DATA
==================================================
2025-04-30 05:24:30,400 - INFO - Reading sector performance data from sector.csv
2025-04-30 05:24:30,400 - INFO - File last modified: 2025-04-30 05:24:19
2025-04-30 05:24:30,424 - INFO - Latest timestamp in data: 2025-04-30 05:24:19
2025-04-30 05:24:30,425 - INFO - Loaded data for 10 sectors
2025-04-30 05:24:30,425 - INFO - Sector performance details:
2025-04-30 05:24:30,426 - INFO -   IT: POSITIVE (1.23%)
2025-04-30 05:24:30,427 - INFO -   PSU Bank: NEGATIVE (-0.05%)
2025-04-30 05:24:30,427 - INFO -   Auto: NEGATIVE (-0.24%)
2025-04-30 05:24:30,428 - INFO -   FMCG: NEGATIVE (-0.26%)
2025-04-30 05:24:30,428 - INFO -   Realty: NEGATIVE (-0.26%)
2025-04-30 05:24:30,430 - INFO -   Energy: NEGATIVE (-0.29%)
2025-04-30 05:24:30,430 - INFO -   Financial Services: NEGATIVE (-0.37%)
2025-04-30 05:24:30,430 - INFO -   Media: NEGATIVE (-0.79%)
2025-04-30 05:24:30,430 - INFO -   Metal: NEGATIVE (-0.95%)
2025-04-30 05:24:30,431 - INFO -   Pharma: NEGATIVE (-1.06%)
2025-04-30 05:24:30,431 - INFO - 
==================================================
SECTOR DATA READ COMPLETE
==================================================
2025-04-30 05:24:30,432 - INFO - 
==================================================
PROCESSING SECTOR DATA
==================================================
2025-04-30 05:24:30,433 - INFO - Processed performance data for 10 sectors
2025-04-30 05:24:30,433 - INFO - Processing existing positions for potential exits...
2025-04-30 05:24:30,433 - INFO - 
==================================================
PROCESSING EXISTING POSITIONS
==================================================
2025-04-30 05:24:30,434 - INFO - Processing 4 existing positions
2025-04-30 05:24:30,434 - INFO - Checking position: SELL RELIANCE.NS (Sector: Energy)
2025-04-30 05:24:30,434 - INFO - SECURITY ID LOOKUP: Searching for RELIANCE.NS
2025-04-30 05:24:30,435 - INFO - Trying exact match for 'RELIANCE.NS'
2025-04-30 05:24:30,435 - INFO - FOUND EXACT MATCH: ID 2885 for RELIANCE.NS
2025-04-30 05:24:30,436 - INFO - Sector Energy is NEGATIVE with -0.29% change
2025-04-30 05:24:30,439 - INFO - Getting current market price for RELIANCE.NS
2025-04-30 05:24:30,439 - INFO - Failed to get quote using symbol: 'dhanhq' object has no attribute 'get_quote'
2025-04-30 05:24:30,439 - INFO - Failed to get LTP using security_id: 'dhanhq' object has no attribute 'get_ltp'
2025-04-30 05:24:30,440 - INFO - Failed to get price from candles: 'dhanhq' object has no attribute 'intraday_daily_minute_charts'
2025-04-30 05:24:30,440 - ERROR - Could not get current market price for RELIANCE.NS
2025-04-30 05:24:30,440 - WARNING - Could not get current market price for RELIANCE.NS
2025-04-30 05:24:30,440 - INFO - Checking position: SELL TIINDIA.NS (Sector: Auto)
2025-04-30 05:24:30,441 - INFO - SECURITY ID LOOKUP: Searching for TIINDIA.NS
2025-04-30 05:24:30,441 - INFO - Trying exact match for 'TIINDIA.NS'
2025-04-30 05:24:30,441 - INFO - FOUND EXACT MATCH: ID 312 for TIINDIA.NS
2025-04-30 05:24:30,442 - INFO - Sector Auto is NEGATIVE with -0.24% change
2025-04-30 05:24:30,442 - INFO - Getting current market price for TIINDIA.NS
2025-04-30 05:24:30,442 - INFO - Failed to get quote using symbol: 'dhanhq' object has no attribute 'get_quote'
2025-04-30 05:24:30,443 - INFO - Failed to get LTP using security_id: 'dhanhq' object has no attribute 'get_ltp'
2025-04-30 05:24:30,443 - INFO - Failed to get price from candles: 'dhanhq' object has no attribute 'intraday_daily_minute_charts'
2025-04-30 05:24:30,443 - ERROR - Could not get current market price for TIINDIA.NS
2025-04-30 05:24:30,443 - WARNING - Could not get current market price for TIINDIA.NS
2025-04-30 05:24:30,444 - INFO - Checking position: SELL SONACOMS.NS (Sector: Auto)
2025-04-30 05:24:30,444 - INFO - SECURITY ID LOOKUP: Searching for SONACOMS.NS
2025-04-30 05:24:30,444 - INFO - Trying exact match for 'SONACOMS.NS'
2025-04-30 05:24:30,444 - INFO - FOUND EXACT MATCH: ID 4684 for SONACOMS.NS
2025-04-30 05:24:30,445 - INFO - Sector Auto is NEGATIVE with -0.24% change
2025-04-30 05:24:30,445 - INFO - Getting current market price for SONACOMS.NS
2025-04-30 05:24:30,445 - INFO - Failed to get quote using symbol: 'dhanhq' object has no attribute 'get_quote'
2025-04-30 05:24:30,445 - INFO - Failed to get LTP using security_id: 'dhanhq' object has no attribute 'get_ltp'
2025-04-30 05:24:30,447 - INFO - Failed to get price from candles: 'dhanhq' object has no attribute 'intraday_daily_minute_charts'
2025-04-30 05:24:30,447 - ERROR - Could not get current market price for SONACOMS.NS
2025-04-30 05:24:30,447 - WARNING - Could not get current market price for SONACOMS.NS
2025-04-30 05:24:30,447 - INFO - Checking position: SELL SAREGAMA.NS (Sector: Media)
2025-04-30 05:24:30,448 - INFO - SECURITY ID LOOKUP: Searching for SAREGAMA.NS
2025-04-30 05:24:30,448 - INFO - Trying exact match for 'SAREGAMA.NS'
2025-04-30 05:24:30,448 - INFO - FOUND EXACT MATCH: ID 4892 for SAREGAMA.NS
2025-04-30 05:24:30,449 - INFO - Sector Media is NEGATIVE with -0.79% change
2025-04-30 05:24:30,449 - INFO - Getting current market price for SAREGAMA.NS
2025-04-30 05:24:30,449 - INFO - Failed to get quote using symbol: 'dhanhq' object has no attribute 'get_quote'
2025-04-30 05:24:30,449 - INFO - Failed to get LTP using security_id: 'dhanhq' object has no attribute 'get_ltp'
2025-04-30 05:24:30,450 - INFO - Failed to get price from candles: 'dhanhq' object has no attribute 'intraday_daily_minute_charts'
2025-04-30 05:24:30,450 - ERROR - Could not get current market price for SAREGAMA.NS
2025-04-30 05:24:30,450 - WARNING - Could not get current market price for SAREGAMA.NS
2025-04-30 05:24:30,451 - INFO - No positions needed to be exited
2025-04-30 05:24:30,451 - INFO - 
==================================================
POSITION PROCESSING COMPLETE
==================================================
2025-04-30 05:24:30,451 - INFO - Looking for new trading opportunities...
2025-04-30 05:24:30,451 - INFO - 
==================================================
FINDING NEW TRADING OPPORTUNITIES
==================================================
2025-04-30 05:24:30,452 - INFO - Found 9 active tickers out of 9 total
2025-04-30 05:24:30,452 - INFO - Processing tickers in order: ['SYNGENE.NS', 'ZEEL.NS', 'Lauraslabs.NS', 'ADANIENT.NS', 'IPCALAB.NS', 'RELIANCE.NS', 'TIINDIA.NS', 'SONACOMS.NS', 'SAREGAMA.NS']
2025-04-30 05:24:30,453 - INFO - Already have open positions for: ['RELIANCE.NS', 'TIINDIA.NS', 'SONACOMS.NS', 'SAREGAMA.NS']
2025-04-30 05:24:30,455 - INFO - Current sector performances:
2025-04-30 05:24:30,456 - INFO -   Sector IT: POSITIVE (1.23%)
2025-04-30 05:24:30,457 - INFO -   Sector PSU Bank: NEGATIVE (-0.05%)
2025-04-30 05:24:30,457 - INFO -   Sector Auto: NEGATIVE (-0.24%)
2025-04-30 05:24:30,458 - INFO -   Sector FMCG: NEGATIVE (-0.26%)
2025-04-30 05:24:30,458 - INFO -   Sector Realty: NEGATIVE (-0.26%)
2025-04-30 05:24:30,458 - INFO -   Sector Energy: NEGATIVE (-0.29%)
2025-04-30 05:24:30,458 - INFO -   Sector Financial Services: NEGATIVE (-0.37%)
2025-04-30 05:24:30,459 - INFO -   Sector Media: NEGATIVE (-0.79%)
2025-04-30 05:24:30,459 - INFO -   Sector Metal: NEGATIVE (-0.95%)
2025-04-30 05:24:30,459 - INFO -   Sector Pharma: NEGATIVE (-1.06%)
2025-04-30 05:24:30,460 - INFO - Processing ticker 1: SYNGENE.NS
2025-04-30 05:24:30,460 - INFO - Found sector Pharma for SYNGENE.NS
2025-04-30 05:24:30,460 - INFO - Evaluating SYNGENE.NS in sector Pharma (-1.06%)
2025-04-30 05:24:30,461 - INFO - Not trading SYNGENE.NS - sector performance doesn't match strategy
2025-04-30 05:24:30,461 - INFO -   Transaction type: BUY
2025-04-30 05:24:30,461 - INFO -   Sector is_positive: False
2025-04-30 05:24:30,461 - INFO - Processing ticker 2: ZEEL.NS
2025-04-30 05:24:30,462 - INFO - Found sector Media for ZEEL.NS
2025-04-30 05:24:30,462 - INFO - Evaluating ZEEL.NS in sector Media (-0.79%)
2025-04-30 05:24:30,462 - INFO - Not trading ZEEL.NS - sector performance doesn't match strategy
2025-04-30 05:24:30,463 - INFO -   Transaction type: BUY
2025-04-30 05:24:30,463 - INFO -   Sector is_positive: False
2025-04-30 05:24:30,463 - INFO - Processing ticker 3: Lauraslabs.NS
2025-04-30 05:24:30,464 - WARNING - Could not find sector for Lauraslabs.NS in sector mapping
2025-04-30 05:24:30,464 - INFO - Processing ticker 4: ADANIENT.NS
2025-04-30 05:24:30,464 - INFO - Found sector Metal for ADANIENT.NS
2025-04-30 05:24:30,464 - INFO - Evaluating ADANIENT.NS in sector Metal (-0.95%)
2025-04-30 05:24:30,465 - INFO - Not trading ADANIENT.NS - sector performance doesn't match strategy
2025-04-30 05:24:30,466 - INFO -   Transaction type: BUY
2025-04-30 05:24:30,466 - INFO -   Sector is_positive: False
2025-04-30 05:24:30,466 - INFO - Processing ticker 5: IPCALAB.NS
2025-04-30 05:24:30,466 - INFO - Found sector Pharma for IPCALAB.NS
2025-04-30 05:24:30,467 - INFO - Evaluating IPCALAB.NS in sector Pharma (-1.06%)
2025-04-30 05:24:30,467 - INFO - Not trading IPCALAB.NS - sector performance doesn't match strategy
2025-04-30 05:24:30,467 - INFO -   Transaction type: BUY
2025-04-30 05:24:30,468 - INFO -   Sector is_positive: False
2025-04-30 05:24:30,468 - INFO - Processing ticker 6: RELIANCE.NS
2025-04-30 05:24:30,468 - INFO - Skipping RELIANCE.NS - already have an open position
2025-04-30 05:24:30,468 - INFO - Processing ticker 7: TIINDIA.NS
2025-04-30 05:24:30,469 - INFO - Skipping TIINDIA.NS - already have an open position
2025-04-30 05:24:30,469 - INFO - Processing ticker 8: SONACOMS.NS
2025-04-30 05:24:30,469 - INFO - Skipping SONACOMS.NS - already have an open position
2025-04-30 05:24:30,470 - INFO - Processing ticker 9: SAREGAMA.NS
2025-04-30 05:24:30,471 - INFO - Skipping SAREGAMA.NS - already have an open position
2025-04-30 05:24:30,474 - INFO - Ticker processing summary:
2025-04-30 05:24:30,474 - INFO -   Total tickers considered: 9
2025-04-30 05:24:30,475 - INFO -   Tickers with sector data: 4
2025-04-30 05:24:30,475 - INFO -   Tickers matching strategy: 0
2025-04-30 05:24:30,475 - INFO -   Tickers with security ID: 0
2025-04-30 05:24:30,476 - INFO -   Orders successfully placed: 0
2025-04-30 05:24:30,476 - INFO - New positions added: 0
2025-04-30 05:24:30,476 - INFO - Positions skipped: 9
2025-04-30 05:24:30,476 - INFO - Positions with errors: 0
2025-04-30 05:24:30,477 - INFO - 
==================================================
NEW OPPORTUNITIES PROCESSING COMPLETE
==================================================
2025-04-30 05:24:30,477 - INFO - 
==================================================
SECTOR PROCESSING COMPLETE
==================================================
2025-04-30 05:24:30,479 - INFO - Saved 4 positions to dhan_positions.json
2025-04-30 05:24:30,479 - INFO - 
==================================================
POSITIONS SUMMARY
==================================================
2025-04-30 05:24:30,480 - INFO - Current positions summary:
2025-04-30 05:24:30,480 - INFO -   Open BUY positions: 0
2025-04-30 05:24:30,481 - INFO -   Open SELL positions: 4
2025-04-30 05:24:30,481 - INFO -   Closed positions: 0
2025-04-30 05:24:30,481 - INFO -   Total positions: 4
2025-04-30 05:24:30,481 - INFO - Open positions:
2025-04-30 05:24:30,482 - INFO -   SELL RELIANCE.NS (Sector: Energy, Entry: 2025-04-30 05:01:34, Order ID: 212504306752, SL%: 1.0%, Target%: 1.0%)
2025-04-30 05:24:30,482 - INFO -   SELL TIINDIA.NS (Sector: Auto, Entry: 2025-04-30 05:01:46, Order ID: 512504306332, SL%: 1.0%, Target%: 1%)
2025-04-30 05:24:30,482 - INFO -   SELL SONACOMS.NS (Sector: Auto, Entry: 2025-04-30 05:01:59, Order ID: 412504306422, SL%: 1.0%, Target%: 1.0%)
2025-04-30 05:24:30,483 - INFO -   SELL SAREGAMA.NS (Sector: Media, Entry: 2025-04-30 05:02:11, Order ID: 412504306512, SL%: 1.0%, Target%: 1%)
2025-04-30 05:24:30,483 - INFO - 
==================================================
POSITIONS SUMMARY COMPLETE
==================================================
2025-04-30 05:24:30,483 - INFO - Trading cycle 45 completed
2025-04-30 05:24:30,484 - INFO - Waiting 30 seconds until next check at 05:25:00...
2025-04-30 05:24:30,484 - INFO - 
==================================================
CYCLE 45 COMPLETE
==================================================
2025-04-30 05:25:00,499 - INFO - 
==================================================
TRADING CYCLE 46
==================================================
2025-04-30 05:25:00,499 - INFO - Trading cycle 46 started at 2025-04-30 05:25:00
2025-04-30 05:25:00,500 - INFO - 
==================================================
READING SECTOR PERFORMANCE DATA
==================================================
2025-04-30 05:25:00,501 - INFO - Reading sector performance data from sector.csv
2025-04-30 05:25:00,502 - INFO - File last modified: 2025-04-30 05:24:19
2025-04-30 05:25:00,503 - INFO - Latest timestamp in data: 2025-04-30 05:24:19
2025-04-30 05:25:00,504 - INFO - Loaded data for 10 sectors
2025-04-30 05:25:00,504 - INFO - Sector performance details:
2025-04-30 05:25:00,505 - INFO -   IT: POSITIVE (1.23%)
2025-04-30 05:25:00,506 - INFO -   PSU Bank: NEGATIVE (-0.05%)
2025-04-30 05:25:00,506 - INFO -   Auto: NEGATIVE (-0.24%)
2025-04-30 05:25:00,507 - INFO -   FMCG: NEGATIVE (-0.26%)
2025-04-30 05:25:00,508 - INFO -   Realty: NEGATIVE (-0.26%)
2025-04-30 05:25:00,509 - INFO -   Energy: NEGATIVE (-0.29%)
2025-04-30 05:25:00,510 - INFO -   Financial Services: NEGATIVE (-0.37%)
2025-04-30 05:25:00,511 - INFO -   Media: NEGATIVE (-0.79%)
2025-04-30 05:25:00,511 - INFO -   Metal: NEGATIVE (-0.95%)
2025-04-30 05:25:00,512 - INFO -   Pharma: NEGATIVE (-1.06%)
2025-04-30 05:25:00,512 - INFO - 
==================================================
SECTOR DATA READ COMPLETE
==================================================
2025-04-30 05:25:00,513 - INFO - 
==================================================
PROCESSING SECTOR DATA
==================================================
2025-04-30 05:25:00,514 - INFO - Processed performance data for 10 sectors
2025-04-30 05:25:00,514 - INFO - Processing existing positions for potential exits...
2025-04-30 05:25:00,515 - INFO - 
==================================================
PROCESSING EXISTING POSITIONS
==================================================
2025-04-30 05:25:00,515 - INFO - Processing 4 existing positions
2025-04-30 05:25:00,515 - INFO - Checking position: SELL RELIANCE.NS (Sector: Energy)
2025-04-30 05:25:00,516 - INFO - SECURITY ID LOOKUP: Searching for RELIANCE.NS
2025-04-30 05:25:00,516 - INFO - Trying exact match for 'RELIANCE.NS'
2025-04-30 05:25:00,517 - INFO - FOUND EXACT MATCH: ID 2885 for RELIANCE.NS
2025-04-30 05:25:00,517 - INFO - Sector Energy is NEGATIVE with -0.29% change
2025-04-30 05:25:00,518 - INFO - Getting current market price for RELIANCE.NS
2025-04-30 05:25:00,519 - INFO - Failed to get quote using symbol: 'dhanhq' object has no attribute 'get_quote'
2025-04-30 05:25:00,520 - INFO - Failed to get LTP using security_id: 'dhanhq' object has no attribute 'get_ltp'
2025-04-30 05:25:00,522 - INFO - Failed to get price from candles: 'dhanhq' object has no attribute 'intraday_daily_minute_charts'
2025-04-30 05:25:00,522 - ERROR - Could not get current market price for RELIANCE.NS
2025-04-30 05:25:00,522 - WARNING - Could not get current market price for RELIANCE.NS
2025-04-30 05:25:00,523 - INFO - Checking position: SELL TIINDIA.NS (Sector: Auto)
2025-04-30 05:25:00,523 - INFO - SECURITY ID LOOKUP: Searching for TIINDIA.NS
2025-04-30 05:25:00,523 - INFO - Trying exact match for 'TIINDIA.NS'
2025-04-30 05:25:00,523 - INFO - FOUND EXACT MATCH: ID 312 for TIINDIA.NS
2025-04-30 05:25:00,524 - INFO - Sector Auto is NEGATIVE with -0.24% change
2025-04-30 05:25:00,524 - INFO - Getting current market price for TIINDIA.NS
2025-04-30 05:25:00,524 - INFO - Failed to get quote using symbol: 'dhanhq' object has no attribute 'get_quote'
2025-04-30 05:25:00,524 - INFO - Failed to get LTP using security_id: 'dhanhq' object has no attribute 'get_ltp'
2025-04-30 05:25:00,525 - INFO - Failed to get price from candles: 'dhanhq' object has no attribute 'intraday_daily_minute_charts'
2025-04-30 05:25:00,525 - ERROR - Could not get current market price for TIINDIA.NS
2025-04-30 05:25:00,525 - WARNING - Could not get current market price for TIINDIA.NS
2025-04-30 05:25:00,525 - INFO - Checking position: SELL SONACOMS.NS (Sector: Auto)
2025-04-30 05:25:00,526 - INFO - SECURITY ID LOOKUP: Searching for SONACOMS.NS
2025-04-30 05:25:00,526 - INFO - Trying exact match for 'SONACOMS.NS'
2025-04-30 05:25:00,526 - INFO - FOUND EXACT MATCH: ID 4684 for SONACOMS.NS
2025-04-30 05:25:00,526 - INFO - Sector Auto is NEGATIVE with -0.24% change
2025-04-30 05:25:00,527 - INFO - Getting current market price for SONACOMS.NS
2025-04-30 05:25:00,527 - INFO - Failed to get quote using symbol: 'dhanhq' object has no attribute 'get_quote'
2025-04-30 05:25:00,527 - INFO - Failed to get LTP using security_id: 'dhanhq' object has no attribute 'get_ltp'
2025-04-30 05:25:00,527 - INFO - Failed to get price from candles: 'dhanhq' object has no attribute 'intraday_daily_minute_charts'
2025-04-30 05:25:00,528 - ERROR - Could not get current market price for SONACOMS.NS
2025-04-30 05:25:00,528 - WARNING - Could not get current market price for SONACOMS.NS
2025-04-30 05:25:00,528 - INFO - Checking position: SELL SAREGAMA.NS (Sector: Media)
2025-04-30 05:25:00,529 - INFO - SECURITY ID LOOKUP: Searching for SAREGAMA.NS
2025-04-30 05:25:00,529 - INFO - Trying exact match for 'SAREGAMA.NS'
2025-04-30 05:25:00,529 - INFO - FOUND EXACT MATCH: ID 4892 for SAREGAMA.NS
2025-04-30 05:25:00,530 - INFO - Sector Media is NEGATIVE with -0.79% change
2025-04-30 05:25:00,530 - INFO - Getting current market price for SAREGAMA.NS
2025-04-30 05:25:00,530 - INFO - Failed to get quote using symbol: 'dhanhq' object has no attribute 'get_quote'
2025-04-30 05:25:00,530 - INFO - Failed to get LTP using security_id: 'dhanhq' object has no attribute 'get_ltp'
2025-04-30 05:25:00,531 - INFO - Failed to get price from candles: 'dhanhq' object has no attribute 'intraday_daily_minute_charts'
2025-04-30 05:25:00,531 - ERROR - Could not get current market price for SAREGAMA.NS
2025-04-30 05:25:00,531 - WARNING - Could not get current market price for SAREGAMA.NS
2025-04-30 05:25:00,532 - INFO - No positions needed to be exited
2025-04-30 05:25:00,532 - INFO - 
==================================================
POSITION PROCESSING COMPLETE
==================================================
2025-04-30 05:25:00,533 - INFO - Looking for new trading opportunities...
2025-04-30 05:25:00,533 - INFO - 
==================================================
FINDING NEW TRADING OPPORTUNITIES
==================================================
2025-04-30 05:25:00,534 - INFO - Found 9 active tickers out of 9 total
2025-04-30 05:25:00,536 - INFO - Processing tickers in order: ['SYNGENE.NS', 'ZEEL.NS', 'Lauraslabs.NS', 'ADANIENT.NS', 'IPCALAB.NS', 'RELIANCE.NS', 'TIINDIA.NS', 'SONACOMS.NS', 'SAREGAMA.NS']
2025-04-30 05:25:00,537 - INFO - Already have open positions for: ['RELIANCE.NS', 'TIINDIA.NS', 'SONACOMS.NS', 'SAREGAMA.NS']
2025-04-30 05:25:00,538 - INFO - Current sector performances:
2025-04-30 05:25:00,539 - INFO -   Sector IT: POSITIVE (1.23%)
2025-04-30 05:25:00,539 - INFO -   Sector PSU Bank: NEGATIVE (-0.05%)
2025-04-30 05:25:00,539 - INFO -   Sector Auto: NEGATIVE (-0.24%)
2025-04-30 05:25:00,539 - INFO -   Sector FMCG: NEGATIVE (-0.26%)
2025-04-30 05:25:00,540 - INFO -   Sector Realty: NEGATIVE (-0.26%)
2025-04-30 05:25:00,540 - INFO -   Sector Energy: NEGATIVE (-0.29%)
2025-04-30 05:25:00,540 - INFO -   Sector Financial Services: NEGATIVE (-0.37%)
2025-04-30 05:25:00,540 - INFO -   Sector Media: NEGATIVE (-0.79%)
2025-04-30 05:25:00,541 - INFO -   Sector Metal: NEGATIVE (-0.95%)
2025-04-30 05:25:00,541 - INFO -   Sector Pharma: NEGATIVE (-1.06%)
2025-04-30 05:25:00,541 - INFO - Processing ticker 1: SYNGENE.NS
2025-04-30 05:25:00,542 - INFO - Found sector Pharma for SYNGENE.NS
2025-04-30 05:25:00,542 - INFO - Evaluating SYNGENE.NS in sector Pharma (-1.06%)
2025-04-30 05:25:00,542 - INFO - Not trading SYNGENE.NS - sector performance doesn't match strategy
2025-04-30 05:25:00,543 - INFO -   Transaction type: BUY
2025-04-30 05:25:00,543 - INFO -   Sector is_positive: False
2025-04-30 05:25:00,543 - INFO - Processing ticker 2: ZEEL.NS
2025-04-30 05:25:00,544 - INFO - Found sector Media for ZEEL.NS
2025-04-30 05:25:00,544 - INFO - Evaluating ZEEL.NS in sector Media (-0.79%)
2025-04-30 05:25:00,544 - INFO - Not trading ZEEL.NS - sector performance doesn't match strategy
2025-04-30 05:25:00,544 - INFO -   Transaction type: BUY
2025-04-30 05:25:00,544 - INFO -   Sector is_positive: False
2025-04-30 05:25:00,545 - INFO - Processing ticker 3: Lauraslabs.NS
2025-04-30 05:25:00,545 - WARNING - Could not find sector for Lauraslabs.NS in sector mapping
2025-04-30 05:25:00,546 - INFO - Processing ticker 4: ADANIENT.NS
2025-04-30 05:25:00,546 - INFO - Found sector Metal for ADANIENT.NS
2025-04-30 05:25:00,546 - INFO - Evaluating ADANIENT.NS in sector Metal (-0.95%)
2025-04-30 05:25:00,546 - INFO - Not trading ADANIENT.NS - sector performance doesn't match strategy
2025-04-30 05:25:00,547 - INFO -   Transaction type: BUY
2025-04-30 05:25:00,547 - INFO -   Sector is_positive: False
2025-04-30 05:25:00,547 - INFO - Processing ticker 5: IPCALAB.NS
2025-04-30 05:25:00,548 - INFO - Found sector Pharma for IPCALAB.NS
2025-04-30 05:25:00,548 - INFO - Evaluating IPCALAB.NS in sector Pharma (-1.06%)
2025-04-30 05:25:00,549 - INFO - Not trading IPCALAB.NS - sector performance doesn't match strategy
2025-04-30 05:25:00,549 - INFO -   Transaction type: BUY
2025-04-30 05:25:00,549 - INFO -   Sector is_positive: False
2025-04-30 05:25:00,550 - INFO - Processing ticker 6: RELIANCE.NS
2025-04-30 05:25:00,550 - INFO - Skipping RELIANCE.NS - already have an open position
2025-04-30 05:25:00,550 - INFO - Processing ticker 7: TIINDIA.NS
2025-04-30 05:25:00,551 - INFO - Skipping TIINDIA.NS - already have an open position
2025-04-30 05:25:00,551 - INFO - Processing ticker 8: SONACOMS.NS
2025-04-30 05:25:00,552 - INFO - Skipping SONACOMS.NS - already have an open position
2025-04-30 05:25:00,553 - INFO - Processing ticker 9: SAREGAMA.NS
2025-04-30 05:25:00,555 - INFO - Skipping SAREGAMA.NS - already have an open position
2025-04-30 05:25:00,555 - INFO - Ticker processing summary:
2025-04-30 05:25:00,555 - INFO -   Total tickers considered: 9
2025-04-30 05:25:00,556 - INFO -   Tickers with sector data: 4
2025-04-30 05:25:00,556 - INFO -   Tickers matching strategy: 0
2025-04-30 05:25:00,556 - INFO -   Tickers with security ID: 0
2025-04-30 05:25:00,556 - INFO -   Orders successfully placed: 0
2025-04-30 05:25:00,557 - INFO - New positions added: 0
2025-04-30 05:25:00,557 - INFO - Positions skipped: 9
2025-04-30 05:25:00,557 - INFO - Positions with errors: 0
2025-04-30 05:25:00,557 - INFO - 
==================================================
NEW OPPORTUNITIES PROCESSING COMPLETE
==================================================
2025-04-30 05:25:00,558 - INFO - 
==================================================
SECTOR PROCESSING COMPLETE
==================================================
2025-04-30 05:25:00,560 - INFO - Saved 4 positions to dhan_positions.json
2025-04-30 05:25:00,561 - INFO - 
==================================================
POSITIONS SUMMARY
==================================================
2025-04-30 05:25:00,562 - INFO - Current positions summary:
2025-04-30 05:25:00,562 - INFO -   Open BUY positions: 0
2025-04-30 05:25:00,562 - INFO -   Open SELL positions: 4
2025-04-30 05:25:00,563 - INFO -   Closed positions: 0
2025-04-30 05:25:00,563 - INFO -   Total positions: 4
2025-04-30 05:25:00,563 - INFO - Open positions:
2025-04-30 05:25:00,563 - INFO -   SELL RELIANCE.NS (Sector: Energy, Entry: 2025-04-30 05:01:34, Order ID: 212504306752, SL%: 1.0%, Target%: 1.0%)
2025-04-30 05:25:00,564 - INFO -   SELL TIINDIA.NS (Sector: Auto, Entry: 2025-04-30 05:01:46, Order ID: 512504306332, SL%: 1.0%, Target%: 1%)
2025-04-30 05:25:00,564 - INFO -   SELL SONACOMS.NS (Sector: Auto, Entry: 2025-04-30 05:01:59, Order ID: 412504306422, SL%: 1.0%, Target%: 1.0%)
2025-04-30 05:25:00,564 - INFO -   SELL SAREGAMA.NS (Sector: Media, Entry: 2025-04-30 05:02:11, Order ID: 412504306512, SL%: 1.0%, Target%: 1%)
2025-04-30 05:25:00,565 - INFO - 
==================================================
POSITIONS SUMMARY COMPLETE
==================================================
2025-04-30 05:25:00,565 - INFO - Trading cycle 46 completed
2025-04-30 05:25:00,566 - INFO - Waiting 30 seconds until next check at 05:25:30...
2025-04-30 05:25:00,566 - INFO - 
==================================================
CYCLE 46 COMPLETE
==================================================
2025-04-30 05:25:30,578 - INFO - 
==================================================
TRADING CYCLE 47
==================================================
2025-04-30 05:25:30,580 - INFO - Trading cycle 47 started at 2025-04-30 05:25:30
2025-04-30 05:25:30,580 - INFO - 
==================================================
READING SECTOR PERFORMANCE DATA
==================================================
2025-04-30 05:25:30,582 - INFO - Reading sector performance data from sector.csv
2025-04-30 05:25:30,583 - INFO - File last modified: 2025-04-30 05:24:19
2025-04-30 05:25:30,588 - INFO - Latest timestamp in data: 2025-04-30 05:24:19
2025-04-30 05:25:30,589 - INFO - Loaded data for 10 sectors
2025-04-30 05:25:30,589 - INFO - Sector performance details:
2025-04-30 05:25:30,591 - INFO -   IT: POSITIVE (1.23%)
2025-04-30 05:25:30,593 - INFO -   PSU Bank: NEGATIVE (-0.05%)
2025-04-30 05:25:30,593 - INFO -   Auto: NEGATIVE (-0.24%)
2025-04-30 05:25:30,595 - INFO -   FMCG: NEGATIVE (-0.26%)
2025-04-30 05:25:30,596 - INFO -   Realty: NEGATIVE (-0.26%)
2025-04-30 05:25:30,598 - INFO -   Energy: NEGATIVE (-0.29%)
2025-04-30 05:25:30,601 - INFO -   Financial Services: NEGATIVE (-0.37%)
2025-04-30 05:25:30,604 - INFO -   Media: NEGATIVE (-0.79%)
2025-04-30 05:25:30,604 - INFO -   Metal: NEGATIVE (-0.95%)
2025-04-30 05:25:30,605 - INFO -   Pharma: NEGATIVE (-1.06%)
2025-04-30 05:25:30,605 - INFO - 
==================================================
SECTOR DATA READ COMPLETE
==================================================
2025-04-30 05:25:30,606 - INFO - 
==================================================
PROCESSING SECTOR DATA
==================================================
2025-04-30 05:25:30,608 - INFO - Processed performance data for 10 sectors
2025-04-30 05:25:30,608 - INFO - Processing existing positions for potential exits...
2025-04-30 05:25:30,608 - INFO - 
==================================================
PROCESSING EXISTING POSITIONS
==================================================
2025-04-30 05:25:30,609 - INFO - Processing 4 existing positions
2025-04-30 05:25:30,609 - INFO - Checking position: SELL RELIANCE.NS (Sector: Energy)
2025-04-30 05:25:30,609 - INFO - SECURITY ID LOOKUP: Searching for RELIANCE.NS
2025-04-30 05:25:30,610 - INFO - Trying exact match for 'RELIANCE.NS'
2025-04-30 05:25:30,611 - INFO - FOUND EXACT MATCH: ID 2885 for RELIANCE.NS
2025-04-30 05:25:30,611 - INFO - Sector Energy is NEGATIVE with -0.29% change
2025-04-30 05:25:30,611 - INFO - Getting current market price for RELIANCE.NS
2025-04-30 05:25:30,612 - INFO - Failed to get quote using symbol: 'dhanhq' object has no attribute 'get_quote'
2025-04-30 05:25:30,612 - INFO - Failed to get LTP using security_id: 'dhanhq' object has no attribute 'get_ltp'
2025-04-30 05:25:30,612 - INFO - Failed to get price from candles: 'dhanhq' object has no attribute 'intraday_daily_minute_charts'
2025-04-30 05:25:30,612 - ERROR - Could not get current market price for RELIANCE.NS
2025-04-30 05:25:30,613 - WARNING - Could not get current market price for RELIANCE.NS
2025-04-30 05:25:30,614 - INFO - Checking position: SELL TIINDIA.NS (Sector: Auto)
2025-04-30 05:25:30,614 - INFO - SECURITY ID LOOKUP: Searching for TIINDIA.NS
2025-04-30 05:25:30,614 - INFO - Trying exact match for 'TIINDIA.NS'
2025-04-30 05:25:30,616 - INFO - FOUND EXACT MATCH: ID 312 for TIINDIA.NS
2025-04-30 05:25:30,617 - INFO - Sector Auto is NEGATIVE with -0.24% change
2025-04-30 05:25:30,618 - INFO - Getting current market price for TIINDIA.NS
2025-04-30 05:25:30,619 - INFO - Failed to get quote using symbol: 'dhanhq' object has no attribute 'get_quote'
2025-04-30 05:25:30,619 - INFO - Failed to get LTP using security_id: 'dhanhq' object has no attribute 'get_ltp'
2025-04-30 05:25:30,620 - INFO - Failed to get price from candles: 'dhanhq' object has no attribute 'intraday_daily_minute_charts'
2025-04-30 05:25:30,620 - ERROR - Could not get current market price for TIINDIA.NS
2025-04-30 05:25:30,620 - WARNING - Could not get current market price for TIINDIA.NS
2025-04-30 05:25:30,620 - INFO - Checking position: SELL SONACOMS.NS (Sector: Auto)
2025-04-30 05:25:30,620 - INFO - SECURITY ID LOOKUP: Searching for SONACOMS.NS
2025-04-30 05:25:30,621 - INFO - Trying exact match for 'SONACOMS.NS'
2025-04-30 05:25:30,621 - INFO - FOUND EXACT MATCH: ID 4684 for SONACOMS.NS
2025-04-30 05:25:30,621 - INFO - Sector Auto is NEGATIVE with -0.24% change
2025-04-30 05:25:30,621 - INFO - Getting current market price for SONACOMS.NS
2025-04-30 05:25:30,622 - INFO - Failed to get quote using symbol: 'dhanhq' object has no attribute 'get_quote'
2025-04-30 05:25:30,622 - INFO - Failed to get LTP using security_id: 'dhanhq' object has no attribute 'get_ltp'
2025-04-30 05:25:30,622 - INFO - Failed to get price from candles: 'dhanhq' object has no attribute 'intraday_daily_minute_charts'
2025-04-30 05:25:30,622 - ERROR - Could not get current market price for SONACOMS.NS
2025-04-30 05:25:30,622 - WARNING - Could not get current market price for SONACOMS.NS
2025-04-30 05:25:30,623 - INFO - Checking position: SELL SAREGAMA.NS (Sector: Media)
2025-04-30 05:25:30,623 - INFO - SECURITY ID LOOKUP: Searching for SAREGAMA.NS
2025-04-30 05:25:30,623 - INFO - Trying exact match for 'SAREGAMA.NS'
2025-04-30 05:25:30,623 - INFO - FOUND EXACT MATCH: ID 4892 for SAREGAMA.NS
2025-04-30 05:25:30,624 - INFO - Sector Media is NEGATIVE with -0.79% change
2025-04-30 05:25:30,624 - INFO - Getting current market price for SAREGAMA.NS
2025-04-30 05:25:30,624 - INFO - Failed to get quote using symbol: 'dhanhq' object has no attribute 'get_quote'
2025-04-30 05:25:30,624 - INFO - Failed to get LTP using security_id: 'dhanhq' object has no attribute 'get_ltp'
2025-04-30 05:25:30,625 - INFO - Failed to get price from candles: 'dhanhq' object has no attribute 'intraday_daily_minute_charts'
2025-04-30 05:25:30,625 - ERROR - Could not get current market price for SAREGAMA.NS
2025-04-30 05:25:30,625 - WARNING - Could not get current market price for SAREGAMA.NS
2025-04-30 05:25:30,625 - INFO - No positions needed to be exited
2025-04-30 05:25:30,626 - INFO - 
==================================================
POSITION PROCESSING COMPLETE
==================================================
2025-04-30 05:25:30,626 - INFO - Looking for new trading opportunities...
2025-04-30 05:25:30,627 - INFO - 
==================================================
FINDING NEW TRADING OPPORTUNITIES
==================================================
2025-04-30 05:25:30,628 - INFO - Found 9 active tickers out of 9 total
2025-04-30 05:25:30,628 - INFO - Processing tickers in order: ['SYNGENE.NS', 'ZEEL.NS', 'Lauraslabs.NS', 'ADANIENT.NS', 'IPCALAB.NS', 'RELIANCE.NS', 'TIINDIA.NS', 'SONACOMS.NS', 'SAREGAMA.NS']
2025-04-30 05:25:30,628 - INFO - Already have open positions for: ['RELIANCE.NS', 'TIINDIA.NS', 'SONACOMS.NS', 'SAREGAMA.NS']
2025-04-30 05:25:30,629 - INFO - Current sector performances:
2025-04-30 05:25:30,629 - INFO -   Sector IT: POSITIVE (1.23%)
2025-04-30 05:25:30,629 - INFO -   Sector PSU Bank: NEGATIVE (-0.05%)
2025-04-30 05:25:30,630 - INFO -   Sector Auto: NEGATIVE (-0.24%)
2025-04-30 05:25:30,630 - INFO -   Sector FMCG: NEGATIVE (-0.26%)
2025-04-30 05:25:30,630 - INFO -   Sector Realty: NEGATIVE (-0.26%)
2025-04-30 05:25:30,632 - INFO -   Sector Energy: NEGATIVE (-0.29%)
2025-04-30 05:25:30,633 - INFO -   Sector Financial Services: NEGATIVE (-0.37%)
2025-04-30 05:25:30,634 - INFO -   Sector Media: NEGATIVE (-0.79%)
2025-04-30 05:25:30,636 - INFO -   Sector Metal: NEGATIVE (-0.95%)
2025-04-30 05:25:30,636 - INFO -   Sector Pharma: NEGATIVE (-1.06%)
2025-04-30 05:25:30,636 - INFO - Processing ticker 1: SYNGENE.NS
2025-04-30 05:25:30,636 - INFO - Found sector Pharma for SYNGENE.NS
2025-04-30 05:25:30,637 - INFO - Evaluating SYNGENE.NS in sector Pharma (-1.06%)
2025-04-30 05:25:30,637 - INFO - Not trading SYNGENE.NS - sector performance doesn't match strategy
2025-04-30 05:25:30,637 - INFO -   Transaction type: BUY
2025-04-30 05:25:30,637 - INFO -   Sector is_positive: False
2025-04-30 05:25:30,638 - INFO - Processing ticker 2: ZEEL.NS
2025-04-30 05:25:30,638 - INFO - Found sector Media for ZEEL.NS
2025-04-30 05:25:30,638 - INFO - Evaluating ZEEL.NS in sector Media (-0.79%)
2025-04-30 05:25:30,638 - INFO - Not trading ZEEL.NS - sector performance doesn't match strategy
2025-04-30 05:25:30,638 - INFO -   Transaction type: BUY
2025-04-30 05:25:30,639 - INFO -   Sector is_positive: False
2025-04-30 05:25:30,639 - INFO - Processing ticker 3: Lauraslabs.NS
2025-04-30 05:25:30,639 - WARNING - Could not find sector for Lauraslabs.NS in sector mapping
2025-04-30 05:25:30,639 - INFO - Processing ticker 4: ADANIENT.NS
2025-04-30 05:25:30,640 - INFO - Found sector Metal for ADANIENT.NS
2025-04-30 05:25:30,640 - INFO - Evaluating ADANIENT.NS in sector Metal (-0.95%)
2025-04-30 05:25:30,640 - INFO - Not trading ADANIENT.NS - sector performance doesn't match strategy
2025-04-30 05:25:30,640 - INFO -   Transaction type: BUY
2025-04-30 05:25:30,641 - INFO -   Sector is_positive: False
2025-04-30 05:25:30,641 - INFO - Processing ticker 5: IPCALAB.NS
2025-04-30 05:25:30,641 - INFO - Found sector Pharma for IPCALAB.NS
2025-04-30 05:25:30,642 - INFO - Evaluating IPCALAB.NS in sector Pharma (-1.06%)
2025-04-30 05:25:30,642 - INFO - Not trading IPCALAB.NS - sector performance doesn't match strategy
2025-04-30 05:25:30,643 - INFO -   Transaction type: BUY
2025-04-30 05:25:30,643 - INFO -   Sector is_positive: False
2025-04-30 05:25:30,643 - INFO - Processing ticker 6: RELIANCE.NS
2025-04-30 05:25:30,643 - INFO - Skipping RELIANCE.NS - already have an open position
2025-04-30 05:25:30,644 - INFO - Processing ticker 7: TIINDIA.NS
2025-04-30 05:25:30,644 - INFO - Skipping TIINDIA.NS - already have an open position
2025-04-30 05:25:30,644 - INFO - Processing ticker 8: SONACOMS.NS
2025-04-30 05:25:30,644 - INFO - Skipping SONACOMS.NS - already have an open position
2025-04-30 05:25:30,645 - INFO - Processing ticker 9: SAREGAMA.NS
2025-04-30 05:25:30,645 - INFO - Skipping SAREGAMA.NS - already have an open position
2025-04-30 05:25:30,645 - INFO - Ticker processing summary:
2025-04-30 05:25:30,645 - INFO -   Total tickers considered: 9
2025-04-30 05:25:30,646 - INFO -   Tickers with sector data: 4
2025-04-30 05:25:30,646 - INFO -   Tickers matching strategy: 0
2025-04-30 05:25:30,646 - INFO -   Tickers with security ID: 0
2025-04-30 05:25:30,647 - INFO -   Orders successfully placed: 0
2025-04-30 05:25:30,647 - INFO - New positions added: 0
2025-04-30 05:25:30,647 - INFO - Positions skipped: 9
2025-04-30 05:25:30,648 - INFO - Positions with errors: 0
2025-04-30 05:25:30,649 - INFO - 
==================================================
NEW OPPORTUNITIES PROCESSING COMPLETE
==================================================
2025-04-30 05:25:30,652 - INFO - 
==================================================
SECTOR PROCESSING COMPLETE
==================================================
2025-04-30 05:25:30,654 - INFO - Saved 4 positions to dhan_positions.json
2025-04-30 05:25:30,654 - INFO - 
==================================================
POSITIONS SUMMARY
==================================================
2025-04-30 05:25:30,655 - INFO - Current positions summary:
2025-04-30 05:25:30,655 - INFO -   Open BUY positions: 0
2025-04-30 05:25:30,655 - INFO -   Open SELL positions: 4
2025-04-30 05:25:30,655 - INFO -   Closed positions: 0
2025-04-30 05:25:30,656 - INFO -   Total positions: 4
2025-04-30 05:25:30,656 - INFO - Open positions:
2025-04-30 05:25:30,656 - INFO -   SELL RELIANCE.NS (Sector: Energy, Entry: 2025-04-30 05:01:34, Order ID: 212504306752, SL%: 1.0%, Target%: 1.0%)
2025-04-30 05:25:30,657 - INFO -   SELL TIINDIA.NS (Sector: Auto, Entry: 2025-04-30 05:01:46, Order ID: 512504306332, SL%: 1.0%, Target%: 1%)
2025-04-30 05:25:30,658 - INFO -   SELL SONACOMS.NS (Sector: Auto, Entry: 2025-04-30 05:01:59, Order ID: 412504306422, SL%: 1.0%, Target%: 1.0%)
2025-04-30 05:25:30,659 - INFO -   SELL SAREGAMA.NS (Sector: Media, Entry: 2025-04-30 05:02:11, Order ID: 412504306512, SL%: 1.0%, Target%: 1%)
2025-04-30 05:25:30,659 - INFO - 
==================================================
POSITIONS SUMMARY COMPLETE
==================================================
2025-04-30 05:25:30,661 - INFO - Trading cycle 47 completed
2025-04-30 05:25:30,661 - INFO - Waiting 30 seconds until next check at 05:26:00...
2025-04-30 05:25:30,662 - INFO - 
==================================================
CYCLE 47 COMPLETE
==================================================
2025-04-30 05:26:00,679 - INFO - 
==================================================
TRADING CYCLE 48
==================================================
2025-04-30 05:26:00,680 - INFO - Trading cycle 48 started at 2025-04-30 05:26:00
2025-04-30 05:26:00,681 - INFO - 
==================================================
READING SECTOR PERFORMANCE DATA
==================================================
2025-04-30 05:26:00,682 - INFO - Reading sector performance data from sector.csv
2025-04-30 05:26:00,682 - INFO - File last modified: 2025-04-30 05:25:58
2025-04-30 05:26:00,709 - INFO - Latest timestamp in data: 2025-04-30 05:25:58
2025-04-30 05:26:00,714 - INFO - Loaded data for 10 sectors
2025-04-30 05:26:00,715 - INFO - Sector performance details:
2025-04-30 05:26:00,716 - INFO -   IT: POSITIVE (1.23%)
2025-04-30 05:26:00,717 - INFO -   PSU Bank: NEGATIVE (-0.05%)
2025-04-30 05:26:00,718 - INFO -   Auto: NEGATIVE (-0.24%)
2025-04-30 05:26:00,718 - INFO -   FMCG: NEGATIVE (-0.26%)
2025-04-30 05:26:00,719 - INFO -   Realty: NEGATIVE (-0.26%)
2025-04-30 05:26:00,720 - INFO -   Energy: NEGATIVE (-0.29%)
2025-04-30 05:26:00,721 - INFO -   Financial Services: NEGATIVE (-0.37%)
2025-04-30 05:26:00,722 - INFO -   Media: NEGATIVE (-0.79%)
2025-04-30 05:26:00,722 - INFO -   Metal: NEGATIVE (-0.95%)
2025-04-30 05:26:00,723 - INFO -   Pharma: NEGATIVE (-1.06%)
2025-04-30 05:26:00,723 - INFO - 
==================================================
SECTOR DATA READ COMPLETE
==================================================
2025-04-30 05:26:00,724 - INFO - 
==================================================
PROCESSING SECTOR DATA
==================================================
2025-04-30 05:26:00,729 - INFO - Processed performance data for 10 sectors
2025-04-30 05:26:00,731 - INFO - Processing existing positions for potential exits...
2025-04-30 05:26:00,732 - INFO - 
==================================================
PROCESSING EXISTING POSITIONS
==================================================
2025-04-30 05:26:00,733 - INFO - Processing 4 existing positions
2025-04-30 05:26:00,734 - INFO - Checking position: SELL RELIANCE.NS (Sector: Energy)
2025-04-30 05:26:00,734 - INFO - SECURITY ID LOOKUP: Searching for RELIANCE.NS
2025-04-30 05:26:00,735 - INFO - Trying exact match for 'RELIANCE.NS'
2025-04-30 05:26:00,735 - INFO - FOUND EXACT MATCH: ID 2885 for RELIANCE.NS
2025-04-30 05:26:00,736 - INFO - Sector Energy is NEGATIVE with -0.29% change
2025-04-30 05:26:00,738 - INFO - Getting current market price for RELIANCE.NS
2025-04-30 05:26:00,738 - INFO - Failed to get quote using symbol: 'dhanhq' object has no attribute 'get_quote'
2025-04-30 05:26:00,739 - INFO - Failed to get LTP using security_id: 'dhanhq' object has no attribute 'get_ltp'
2025-04-30 05:26:00,739 - INFO - Failed to get price from candles: 'dhanhq' object has no attribute 'intraday_daily_minute_charts'
2025-04-30 05:26:00,740 - ERROR - Could not get current market price for RELIANCE.NS
2025-04-30 05:26:00,740 - WARNING - Could not get current market price for RELIANCE.NS
2025-04-30 05:26:00,741 - INFO - Checking position: SELL TIINDIA.NS (Sector: Auto)
2025-04-30 05:26:00,742 - INFO - SECURITY ID LOOKUP: Searching for TIINDIA.NS
2025-04-30 05:26:00,742 - INFO - Trying exact match for 'TIINDIA.NS'
2025-04-30 05:26:00,748 - INFO - FOUND EXACT MATCH: ID 312 for TIINDIA.NS
2025-04-30 05:26:00,750 - INFO - Sector Auto is NEGATIVE with -0.24% change
2025-04-30 05:26:00,751 - INFO - Getting current market price for TIINDIA.NS
2025-04-30 05:26:00,751 - INFO - Failed to get quote using symbol: 'dhanhq' object has no attribute 'get_quote'
2025-04-30 05:26:00,752 - INFO - Failed to get LTP using security_id: 'dhanhq' object has no attribute 'get_ltp'
2025-04-30 05:26:00,752 - INFO - Failed to get price from candles: 'dhanhq' object has no attribute 'intraday_daily_minute_charts'
2025-04-30 05:26:00,753 - ERROR - Could not get current market price for TIINDIA.NS
2025-04-30 05:26:00,753 - WARNING - Could not get current market price for TIINDIA.NS
2025-04-30 05:26:00,753 - INFO - Checking position: SELL SONACOMS.NS (Sector: Auto)
2025-04-30 05:26:00,754 - INFO - SECURITY ID LOOKUP: Searching for SONACOMS.NS
2025-04-30 05:26:00,755 - INFO - Trying exact match for 'SONACOMS.NS'
2025-04-30 05:26:00,755 - INFO - FOUND EXACT MATCH: ID 4684 for SONACOMS.NS
2025-04-30 05:26:00,756 - INFO - Sector Auto is NEGATIVE with -0.24% change
2025-04-30 05:26:00,757 - INFO - Getting current market price for SONACOMS.NS
2025-04-30 05:26:00,757 - INFO - Failed to get quote using symbol: 'dhanhq' object has no attribute 'get_quote'
2025-04-30 05:26:00,757 - INFO - Failed to get LTP using security_id: 'dhanhq' object has no attribute 'get_ltp'
2025-04-30 05:26:00,758 - INFO - Failed to get price from candles: 'dhanhq' object has no attribute 'intraday_daily_minute_charts'
2025-04-30 05:26:00,758 - ERROR - Could not get current market price for SONACOMS.NS
2025-04-30 05:26:00,759 - WARNING - Could not get current market price for SONACOMS.NS
2025-04-30 05:26:00,759 - INFO - Checking position: SELL SAREGAMA.NS (Sector: Media)
2025-04-30 05:26:00,760 - INFO - SECURITY ID LOOKUP: Searching for SAREGAMA.NS
2025-04-30 05:26:00,761 - INFO - Trying exact match for 'SAREGAMA.NS'
2025-04-30 05:26:00,762 - INFO - FOUND EXACT MATCH: ID 4892 for SAREGAMA.NS
2025-04-30 05:26:00,764 - INFO - Sector Media is NEGATIVE with -0.79% change
2025-04-30 05:26:00,765 - INFO - Getting current market price for SAREGAMA.NS
2025-04-30 05:26:00,766 - INFO - Failed to get quote using symbol: 'dhanhq' object has no attribute 'get_quote'
2025-04-30 05:26:00,767 - INFO - Failed to get LTP using security_id: 'dhanhq' object has no attribute 'get_ltp'
2025-04-30 05:26:00,767 - INFO - Failed to get price from candles: 'dhanhq' object has no attribute 'intraday_daily_minute_charts'
2025-04-30 05:26:00,768 - ERROR - Could not get current market price for SAREGAMA.NS
2025-04-30 05:26:00,768 - WARNING - Could not get current market price for SAREGAMA.NS
2025-04-30 05:26:00,769 - INFO - No positions needed to be exited
2025-04-30 05:26:00,769 - INFO - 
==================================================
POSITION PROCESSING COMPLETE
==================================================
2025-04-30 05:26:00,770 - INFO - Looking for new trading opportunities...
2025-04-30 05:26:00,770 - INFO - 
==================================================
FINDING NEW TRADING OPPORTUNITIES
==================================================
2025-04-30 05:26:00,771 - INFO - Found 9 active tickers out of 9 total
2025-04-30 05:26:00,771 - INFO - Processing tickers in order: ['SYNGENE.NS', 'ZEEL.NS', 'Lauraslabs.NS', 'ADANIENT.NS', 'IPCALAB.NS', 'RELIANCE.NS', 'TIINDIA.NS', 'SONACOMS.NS', 'SAREGAMA.NS']
2025-04-30 05:26:00,772 - INFO - Already have open positions for: ['RELIANCE.NS', 'TIINDIA.NS', 'SONACOMS.NS', 'SAREGAMA.NS']
2025-04-30 05:26:00,772 - INFO - Current sector performances:
2025-04-30 05:26:00,772 - INFO -   Sector IT: POSITIVE (1.23%)
2025-04-30 05:26:00,773 - INFO -   Sector PSU Bank: NEGATIVE (-0.05%)
2025-04-30 05:26:00,773 - INFO -   Sector Auto: NEGATIVE (-0.24%)
2025-04-30 05:26:00,774 - INFO -   Sector FMCG: NEGATIVE (-0.26%)
2025-04-30 05:26:00,774 - INFO -   Sector Realty: NEGATIVE (-0.26%)
2025-04-30 05:26:00,774 - INFO -   Sector Energy: NEGATIVE (-0.29%)
2025-04-30 05:26:00,775 - INFO -   Sector Financial Services: NEGATIVE (-0.37%)
2025-04-30 05:26:00,775 - INFO -   Sector Media: NEGATIVE (-0.79%)
2025-04-30 05:26:00,775 - INFO -   Sector Metal: NEGATIVE (-0.95%)
2025-04-30 05:26:00,776 - INFO -   Sector Pharma: NEGATIVE (-1.06%)
2025-04-30 05:26:00,779 - INFO - Processing ticker 1: SYNGENE.NS
2025-04-30 05:26:00,780 - INFO - Found sector Pharma for SYNGENE.NS
2025-04-30 05:26:00,782 - INFO - Evaluating SYNGENE.NS in sector Pharma (-1.06%)
2025-04-30 05:26:00,783 - INFO - Not trading SYNGENE.NS - sector performance doesn't match strategy
2025-04-30 05:26:00,784 - INFO -   Transaction type: BUY
2025-04-30 05:26:00,786 - INFO -   Sector is_positive: False
2025-04-30 05:26:00,787 - INFO - Processing ticker 2: ZEEL.NS
2025-04-30 05:26:00,787 - INFO - Found sector Media for ZEEL.NS
2025-04-30 05:26:00,788 - INFO - Evaluating ZEEL.NS in sector Media (-0.79%)
2025-04-30 05:26:00,788 - INFO - Not trading ZEEL.NS - sector performance doesn't match strategy
2025-04-30 05:26:00,789 - INFO -   Transaction type: BUY
2025-04-30 05:26:00,789 - INFO -   Sector is_positive: False
2025-04-30 05:26:00,789 - INFO - Processing ticker 3: Lauraslabs.NS
2025-04-30 05:26:00,790 - WARNING - Could not find sector for Lauraslabs.NS in sector mapping
2025-04-30 05:26:00,790 - INFO - Processing ticker 4: ADANIENT.NS
2025-04-30 05:26:00,790 - INFO - Found sector Metal for ADANIENT.NS
2025-04-30 05:26:00,791 - INFO - Evaluating ADANIENT.NS in sector Metal (-0.95%)
2025-04-30 05:26:00,791 - INFO - Not trading ADANIENT.NS - sector performance doesn't match strategy
2025-04-30 05:26:00,791 - INFO -   Transaction type: BUY
2025-04-30 05:26:00,792 - INFO -   Sector is_positive: False
2025-04-30 05:26:00,792 - INFO - Processing ticker 5: IPCALAB.NS
2025-04-30 05:26:00,792 - INFO - Found sector Pharma for IPCALAB.NS
2025-04-30 05:26:00,792 - INFO - Evaluating IPCALAB.NS in sector Pharma (-1.06%)
2025-04-30 05:26:00,794 - INFO - Not trading IPCALAB.NS - sector performance doesn't match strategy
2025-04-30 05:26:00,795 - INFO -   Transaction type: BUY
2025-04-30 05:26:00,796 - INFO -   Sector is_positive: False
2025-04-30 05:26:00,797 - INFO - Processing ticker 6: RELIANCE.NS
2025-04-30 05:26:00,799 - INFO - Skipping RELIANCE.NS - already have an open position
2025-04-30 05:26:00,799 - INFO - Processing ticker 7: TIINDIA.NS
2025-04-30 05:26:00,800 - INFO - Skipping TIINDIA.NS - already have an open position
2025-04-30 05:26:00,800 - INFO - Processing ticker 8: SONACOMS.NS
2025-04-30 05:26:00,800 - INFO - Skipping SONACOMS.NS - already have an open position
2025-04-30 05:26:00,801 - INFO - Processing ticker 9: SAREGAMA.NS
2025-04-30 05:26:00,801 - INFO - Skipping SAREGAMA.NS - already have an open position
2025-04-30 05:26:00,801 - INFO - Ticker processing summary:
2025-04-30 05:26:00,802 - INFO -   Total tickers considered: 9
2025-04-30 05:26:00,802 - INFO -   Tickers with sector data: 4
2025-04-30 05:26:00,802 - INFO -   Tickers matching strategy: 0
2025-04-30 05:26:00,803 - INFO -   Tickers with security ID: 0
2025-04-30 05:26:00,803 - INFO -   Orders successfully placed: 0
2025-04-30 05:26:00,804 - INFO - New positions added: 0
2025-04-30 05:26:00,805 - INFO - Positions skipped: 9
2025-04-30 05:26:00,805 - INFO - Positions with errors: 0
2025-04-30 05:26:00,806 - INFO - 
==================================================
NEW OPPORTUNITIES PROCESSING COMPLETE
==================================================
2025-04-30 05:26:00,807 - INFO - 
==================================================
SECTOR PROCESSING COMPLETE
==================================================
2025-04-30 05:26:00,809 - INFO - Saved 4 positions to dhan_positions.json
2025-04-30 05:26:00,809 - INFO - 
==================================================
POSITIONS SUMMARY
==================================================
2025-04-30 05:26:00,813 - INFO - Current positions summary:
2025-04-30 05:26:00,878 - INFO -   Open BUY positions: 0
2025-04-30 05:26:00,879 - INFO -   Open SELL positions: 4
2025-04-30 05:26:00,880 - INFO -   Closed positions: 0
2025-04-30 05:26:00,922 - INFO -   Total positions: 4
2025-04-30 05:26:00,923 - INFO - Open positions:
2025-04-30 05:26:00,924 - INFO -   SELL RELIANCE.NS (Sector: Energy, Entry: 2025-04-30 05:01:34, Order ID: 212504306752, SL%: 1.0%, Target%: 1.0%)
2025-04-30 05:26:00,924 - INFO -   SELL TIINDIA.NS (Sector: Auto, Entry: 2025-04-30 05:01:46, Order ID: 512504306332, SL%: 1.0%, Target%: 1%)
2025-04-30 05:26:00,925 - INFO -   SELL SONACOMS.NS (Sector: Auto, Entry: 2025-04-30 05:01:59, Order ID: 412504306422, SL%: 1.0%, Target%: 1.0%)
2025-04-30 05:26:00,926 - INFO -   SELL SAREGAMA.NS (Sector: Media, Entry: 2025-04-30 05:02:11, Order ID: 412504306512, SL%: 1.0%, Target%: 1%)
2025-04-30 05:26:00,927 - INFO - 
==================================================
POSITIONS SUMMARY COMPLETE
==================================================
2025-04-30 05:26:00,929 - INFO - Trading cycle 48 completed
2025-04-30 05:26:00,930 - INFO - Waiting 30 seconds until next check at 05:26:30...
2025-04-30 05:26:00,931 - INFO - 
==================================================
CYCLE 48 COMPLETE
==================================================
2025-04-30 05:26:30,937 - INFO - 
==================================================
TRADING CYCLE 49
==================================================
2025-04-30 05:26:30,938 - INFO - Trading cycle 49 started at 2025-04-30 05:26:30
2025-04-30 05:26:30,939 - INFO - 
==================================================
READING SECTOR PERFORMANCE DATA
==================================================
2025-04-30 05:26:30,939 - INFO - Reading sector performance data from sector.csv
2025-04-30 05:26:30,940 - INFO - File last modified: 2025-04-30 05:25:58
2025-04-30 05:26:30,942 - INFO - Latest timestamp in data: 2025-04-30 05:25:58
2025-04-30 05:26:30,943 - INFO - Loaded data for 10 sectors
2025-04-30 05:26:30,943 - INFO - Sector performance details:
2025-04-30 05:26:30,944 - INFO -   IT: POSITIVE (1.23%)
2025-04-30 05:26:30,945 - INFO -   PSU Bank: NEGATIVE (-0.05%)
2025-04-30 05:26:30,945 - INFO -   Auto: NEGATIVE (-0.24%)
2025-04-30 05:26:30,947 - INFO -   FMCG: NEGATIVE (-0.26%)
2025-04-30 05:26:30,948 - INFO -   Realty: NEGATIVE (-0.26%)
2025-04-30 05:26:30,949 - INFO -   Energy: NEGATIVE (-0.29%)
2025-04-30 05:26:30,950 - INFO -   Financial Services: NEGATIVE (-0.37%)
2025-04-30 05:26:30,950 - INFO -   Media: NEGATIVE (-0.79%)
2025-04-30 05:26:30,951 - INFO -   Metal: NEGATIVE (-0.95%)
2025-04-30 05:26:30,951 - INFO -   Pharma: NEGATIVE (-1.06%)
2025-04-30 05:26:30,952 - INFO - 
==================================================
SECTOR DATA READ COMPLETE
==================================================
2025-04-30 05:26:30,952 - INFO - 
==================================================
PROCESSING SECTOR DATA
==================================================
2025-04-30 05:26:30,954 - INFO - Processed performance data for 10 sectors
2025-04-30 05:26:30,954 - INFO - Processing existing positions for potential exits...
2025-04-30 05:26:30,955 - INFO - 
==================================================
PROCESSING EXISTING POSITIONS
==================================================
2025-04-30 05:26:30,955 - INFO - Processing 4 existing positions
2025-04-30 05:26:30,956 - INFO - Checking position: SELL RELIANCE.NS (Sector: Energy)
2025-04-30 05:26:30,956 - INFO - SECURITY ID LOOKUP: Searching for RELIANCE.NS
2025-04-30 05:26:30,957 - INFO - Trying exact match for 'RELIANCE.NS'
2025-04-30 05:26:30,957 - INFO - FOUND EXACT MATCH: ID 2885 for RELIANCE.NS
2025-04-30 05:26:30,957 - INFO - Sector Energy is NEGATIVE with -0.29% change
2025-04-30 05:26:30,957 - INFO - Getting current market price for RELIANCE.NS
2025-04-30 05:26:30,958 - INFO - Failed to get quote using symbol: 'dhanhq' object has no attribute 'get_quote'
2025-04-30 05:26:30,958 - INFO - Failed to get LTP using security_id: 'dhanhq' object has no attribute 'get_ltp'
2025-04-30 05:26:30,959 - INFO - Failed to get price from candles: 'dhanhq' object has no attribute 'intraday_daily_minute_charts'
2025-04-30 05:26:30,960 - ERROR - Could not get current market price for RELIANCE.NS
2025-04-30 05:26:30,962 - WARNING - Could not get current market price for RELIANCE.NS
2025-04-30 05:26:30,962 - INFO - Checking position: SELL TIINDIA.NS (Sector: Auto)
2025-04-30 05:26:30,963 - INFO - SECURITY ID LOOKUP: Searching for TIINDIA.NS
2025-04-30 05:26:30,964 - INFO - Trying exact match for 'TIINDIA.NS'
2025-04-30 05:26:30,964 - INFO - FOUND EXACT MATCH: ID 312 for TIINDIA.NS
2025-04-30 05:26:30,964 - INFO - Sector Auto is NEGATIVE with -0.24% change
2025-04-30 05:26:30,964 - INFO - Getting current market price for TIINDIA.NS
2025-04-30 05:26:30,965 - INFO - Failed to get quote using symbol: 'dhanhq' object has no attribute 'get_quote'
2025-04-30 05:26:30,965 - INFO - Failed to get LTP using security_id: 'dhanhq' object has no attribute 'get_ltp'
2025-04-30 05:26:30,965 - INFO - Failed to get price from candles: 'dhanhq' object has no attribute 'intraday_daily_minute_charts'
2025-04-30 05:26:30,966 - ERROR - Could not get current market price for TIINDIA.NS
2025-04-30 05:26:30,966 - WARNING - Could not get current market price for TIINDIA.NS
2025-04-30 05:26:30,966 - INFO - Checking position: SELL SONACOMS.NS (Sector: Auto)
2025-04-30 05:26:30,966 - INFO - SECURITY ID LOOKUP: Searching for SONACOMS.NS
2025-04-30 05:26:30,967 - INFO - Trying exact match for 'SONACOMS.NS'
2025-04-30 05:26:30,967 - INFO - FOUND EXACT MATCH: ID 4684 for SONACOMS.NS
2025-04-30 05:26:30,967 - INFO - Sector Auto is NEGATIVE with -0.24% change
2025-04-30 05:26:30,967 - INFO - Getting current market price for SONACOMS.NS
2025-04-30 05:26:30,968 - INFO - Failed to get quote using symbol: 'dhanhq' object has no attribute 'get_quote'
2025-04-30 05:26:30,968 - INFO - Failed to get LTP using security_id: 'dhanhq' object has no attribute 'get_ltp'
2025-04-30 05:26:30,968 - INFO - Failed to get price from candles: 'dhanhq' object has no attribute 'intraday_daily_minute_charts'
2025-04-30 05:26:30,969 - ERROR - Could not get current market price for SONACOMS.NS
2025-04-30 05:26:30,969 - WARNING - Could not get current market price for SONACOMS.NS
2025-04-30 05:26:30,969 - INFO - Checking position: SELL SAREGAMA.NS (Sector: Media)
2025-04-30 05:26:30,969 - INFO - SECURITY ID LOOKUP: Searching for SAREGAMA.NS
2025-04-30 05:26:30,970 - INFO - Trying exact match for 'SAREGAMA.NS'
2025-04-30 05:26:30,970 - INFO - FOUND EXACT MATCH: ID 4892 for SAREGAMA.NS
2025-04-30 05:26:30,971 - INFO - Sector Media is NEGATIVE with -0.79% change
2025-04-30 05:26:30,971 - INFO - Getting current market price for SAREGAMA.NS
2025-04-30 05:26:30,971 - INFO - Failed to get quote using symbol: 'dhanhq' object has no attribute 'get_quote'
2025-04-30 05:26:30,971 - INFO - Failed to get LTP using security_id: 'dhanhq' object has no attribute 'get_ltp'
2025-04-30 05:26:30,972 - INFO - Failed to get price from candles: 'dhanhq' object has no attribute 'intraday_daily_minute_charts'
2025-04-30 05:26:30,972 - ERROR - Could not get current market price for SAREGAMA.NS
2025-04-30 05:26:30,972 - WARNING - Could not get current market price for SAREGAMA.NS
2025-04-30 05:26:30,972 - INFO - No positions needed to be exited
2025-04-30 05:26:30,973 - INFO - 
==================================================
POSITION PROCESSING COMPLETE
==================================================
2025-04-30 05:26:30,973 - INFO - Looking for new trading opportunities...
2025-04-30 05:26:30,974 - INFO - 
==================================================
FINDING NEW TRADING OPPORTUNITIES
==================================================
2025-04-30 05:26:30,975 - INFO - Found 9 active tickers out of 9 total
2025-04-30 05:26:30,978 - INFO - Processing tickers in order: ['SYNGENE.NS', 'ZEEL.NS', 'Lauraslabs.NS', 'ADANIENT.NS', 'IPCALAB.NS', 'RELIANCE.NS', 'TIINDIA.NS', 'SONACOMS.NS', 'SAREGAMA.NS']
2025-04-30 05:26:30,979 - INFO - Already have open positions for: ['RELIANCE.NS', 'TIINDIA.NS', 'SONACOMS.NS', 'SAREGAMA.NS']
2025-04-30 05:26:30,979 - INFO - Current sector performances:
2025-04-30 05:26:30,980 - INFO -   Sector IT: POSITIVE (1.23%)
2025-04-30 05:26:30,980 - INFO -   Sector PSU Bank: NEGATIVE (-0.05%)
2025-04-30 05:26:30,980 - INFO -   Sector Auto: NEGATIVE (-0.24%)
2025-04-30 05:26:30,981 - INFO -   Sector FMCG: NEGATIVE (-0.26%)
2025-04-30 05:26:30,981 - INFO -   Sector Realty: NEGATIVE (-0.26%)
2025-04-30 05:26:30,981 - INFO -   Sector Energy: NEGATIVE (-0.29%)
2025-04-30 05:26:30,981 - INFO -   Sector Financial Services: NEGATIVE (-0.37%)
2025-04-30 05:26:30,981 - INFO -   Sector Media: NEGATIVE (-0.79%)
2025-04-30 05:26:30,981 - INFO -   Sector Metal: NEGATIVE (-0.95%)
2025-04-30 05:26:30,981 - INFO -   Sector Pharma: NEGATIVE (-1.06%)
2025-04-30 05:26:30,982 - INFO - Processing ticker 1: SYNGENE.NS
2025-04-30 05:26:30,982 - INFO - Found sector Pharma for SYNGENE.NS
2025-04-30 05:26:30,982 - INFO - Evaluating SYNGENE.NS in sector Pharma (-1.06%)
2025-04-30 05:26:30,982 - INFO - Not trading SYNGENE.NS - sector performance doesn't match strategy
2025-04-30 05:26:30,983 - INFO -   Transaction type: BUY
2025-04-30 05:26:30,983 - INFO -   Sector is_positive: False
2025-04-30 05:26:30,983 - INFO - Processing ticker 2: ZEEL.NS
2025-04-30 05:26:30,984 - INFO - Found sector Media for ZEEL.NS
2025-04-30 05:26:30,984 - INFO - Evaluating ZEEL.NS in sector Media (-0.79%)
2025-04-30 05:26:30,985 - INFO - Not trading ZEEL.NS - sector performance doesn't match strategy
2025-04-30 05:26:30,985 - INFO -   Transaction type: BUY
2025-04-30 05:26:30,985 - INFO -   Sector is_positive: False
2025-04-30 05:26:30,985 - INFO - Processing ticker 3: Lauraslabs.NS
2025-04-30 05:26:30,986 - WARNING - Could not find sector for Lauraslabs.NS in sector mapping
2025-04-30 05:26:30,986 - INFO - Processing ticker 4: ADANIENT.NS
2025-04-30 05:26:30,986 - INFO - Found sector Metal for ADANIENT.NS
2025-04-30 05:26:30,986 - INFO - Evaluating ADANIENT.NS in sector Metal (-0.95%)
2025-04-30 05:26:30,987 - INFO - Not trading ADANIENT.NS - sector performance doesn't match strategy
2025-04-30 05:26:30,987 - INFO -   Transaction type: BUY
2025-04-30 05:26:30,987 - INFO -   Sector is_positive: False
2025-04-30 05:26:30,988 - INFO - Processing ticker 5: IPCALAB.NS
2025-04-30 05:26:30,988 - INFO - Found sector Pharma for IPCALAB.NS
2025-04-30 05:26:30,988 - INFO - Evaluating IPCALAB.NS in sector Pharma (-1.06%)
2025-04-30 05:26:30,988 - INFO - Not trading IPCALAB.NS - sector performance doesn't match strategy
2025-04-30 05:26:30,989 - INFO -   Transaction type: BUY
2025-04-30 05:26:30,989 - INFO -   Sector is_positive: False
2025-04-30 05:26:30,989 - INFO - Processing ticker 6: RELIANCE.NS
2025-04-30 05:26:30,990 - INFO - Skipping RELIANCE.NS - already have an open position
2025-04-30 05:26:30,990 - INFO - Processing ticker 7: TIINDIA.NS
2025-04-30 05:26:30,991 - INFO - Skipping TIINDIA.NS - already have an open position
2025-04-30 05:26:30,991 - INFO - Processing ticker 8: SONACOMS.NS
2025-04-30 05:26:30,992 - INFO - Skipping SONACOMS.NS - already have an open position
2025-04-30 05:26:30,992 - INFO - Processing ticker 9: SAREGAMA.NS
2025-04-30 05:26:30,994 - INFO - Skipping SAREGAMA.NS - already have an open position
2025-04-30 05:26:30,995 - INFO - Ticker processing summary:
2025-04-30 05:26:30,995 - INFO -   Total tickers considered: 9
2025-04-30 05:26:30,996 - INFO -   Tickers with sector data: 4
2025-04-30 05:26:30,996 - INFO -   Tickers matching strategy: 0
2025-04-30 05:26:30,996 - INFO -   Tickers with security ID: 0
2025-04-30 05:26:30,996 - INFO -   Orders successfully placed: 0
2025-04-30 05:26:30,997 - INFO - New positions added: 0
2025-04-30 05:26:30,997 - INFO - Positions skipped: 9
2025-04-30 05:26:30,997 - INFO - Positions with errors: 0
2025-04-30 05:26:30,997 - INFO - 
==================================================
NEW OPPORTUNITIES PROCESSING COMPLETE
==================================================
2025-04-30 05:26:30,998 - INFO - 
==================================================
SECTOR PROCESSING COMPLETE
==================================================
2025-04-30 05:26:31,000 - INFO - Saved 4 positions to dhan_positions.json
2025-04-30 05:26:31,000 - INFO - 
==================================================
POSITIONS SUMMARY
==================================================
2025-04-30 05:26:31,001 - INFO - Current positions summary:
2025-04-30 05:26:31,001 - INFO -   Open BUY positions: 0
2025-04-30 05:26:31,002 - INFO -   Open SELL positions: 4
2025-04-30 05:26:31,002 - INFO -   Closed positions: 0
2025-04-30 05:26:31,002 - INFO -   Total positions: 4
2025-04-30 05:26:31,002 - INFO - Open positions:
2025-04-30 05:26:31,003 - INFO -   SELL RELIANCE.NS (Sector: Energy, Entry: 2025-04-30 05:01:34, Order ID: 212504306752, SL%: 1.0%, Target%: 1.0%)
2025-04-30 05:26:31,003 - INFO -   SELL TIINDIA.NS (Sector: Auto, Entry: 2025-04-30 05:01:46, Order ID: 512504306332, SL%: 1.0%, Target%: 1%)
2025-04-30 05:26:31,003 - INFO -   SELL SONACOMS.NS (Sector: Auto, Entry: 2025-04-30 05:01:59, Order ID: 412504306422, SL%: 1.0%, Target%: 1.0%)
2025-04-30 05:26:31,003 - INFO -   SELL SAREGAMA.NS (Sector: Media, Entry: 2025-04-30 05:02:11, Order ID: 412504306512, SL%: 1.0%, Target%: 1%)
2025-04-30 05:26:31,004 - INFO - 
==================================================
POSITIONS SUMMARY COMPLETE
==================================================
2025-04-30 05:26:31,004 - INFO - Trading cycle 49 completed
2025-04-30 05:26:31,004 - INFO - Waiting 30 seconds until next check at 05:27:01...
2025-04-30 05:26:31,005 - INFO - 
==================================================
CYCLE 49 COMPLETE
==================================================
2025-04-30 05:27:01,032 - INFO - 
==================================================
TRADING CYCLE 50
==================================================
2025-04-30 05:27:01,097 - INFO - Trading cycle 50 started at 2025-04-30 05:27:01
2025-04-30 05:27:01,152 - INFO - 
==================================================
READING SECTOR PERFORMANCE DATA
==================================================
2025-04-30 05:27:01,407 - INFO - Reading sector performance data from sector.csv
2025-04-30 05:27:01,486 - INFO - File last modified: 2025-04-30 05:25:58
2025-04-30 05:27:01,521 - INFO - Latest timestamp in data: 2025-04-30 05:25:58
2025-04-30 05:27:01,552 - INFO - Loaded data for 10 sectors
2025-04-30 05:27:01,619 - INFO - Sector performance details:
2025-04-30 05:27:01,643 - INFO -   IT: POSITIVE (1.23%)
2025-04-30 05:27:01,668 - INFO -   PSU Bank: NEGATIVE (-0.05%)
2025-04-30 05:27:01,698 - INFO -   Auto: NEGATIVE (-0.24%)
2025-04-30 05:27:01,712 - INFO -   FMCG: NEGATIVE (-0.26%)
2025-04-30 05:27:01,718 - INFO -   Realty: NEGATIVE (-0.26%)
2025-04-30 05:27:01,724 - INFO -   Energy: NEGATIVE (-0.29%)
2025-04-30 05:27:01,727 - INFO -   Financial Services: NEGATIVE (-0.37%)
2025-04-30 05:27:01,731 - INFO -   Media: NEGATIVE (-0.79%)
2025-04-30 05:27:01,732 - INFO -   Metal: NEGATIVE (-0.95%)
2025-04-30 05:27:01,745 - INFO -   Pharma: NEGATIVE (-1.06%)
2025-04-30 05:27:01,746 - INFO - 
==================================================
SECTOR DATA READ COMPLETE
==================================================
2025-04-30 05:27:01,752 - INFO - 
==================================================
PROCESSING SECTOR DATA
==================================================
2025-04-30 05:27:01,767 - INFO - Processed performance data for 10 sectors
2025-04-30 05:27:01,770 - INFO - Processing existing positions for potential exits...
2025-04-30 05:27:01,776 - INFO - 
==================================================
PROCESSING EXISTING POSITIONS
==================================================
2025-04-30 05:27:01,778 - INFO - Processing 4 existing positions
2025-04-30 05:27:01,778 - INFO - Checking position: SELL RELIANCE.NS (Sector: Energy)
2025-04-30 05:27:01,779 - INFO - SECURITY ID LOOKUP: Searching for RELIANCE.NS
2025-04-30 05:27:01,779 - INFO - Trying exact match for 'RELIANCE.NS'
2025-04-30 05:27:01,780 - INFO - FOUND EXACT MATCH: ID 2885 for RELIANCE.NS
2025-04-30 05:27:01,780 - INFO - Sector Energy is NEGATIVE with -0.29% change
2025-04-30 05:27:01,781 - INFO - Getting current market price for RELIANCE.NS
2025-04-30 05:27:01,781 - INFO - Failed to get quote using symbol: 'dhanhq' object has no attribute 'get_quote'
2025-04-30 05:27:01,781 - INFO - Failed to get LTP using security_id: 'dhanhq' object has no attribute 'get_ltp'
2025-04-30 05:27:01,782 - INFO - Failed to get price from candles: 'dhanhq' object has no attribute 'intraday_daily_minute_charts'
2025-04-30 05:27:01,782 - ERROR - Could not get current market price for RELIANCE.NS
2025-04-30 05:27:01,783 - WARNING - Could not get current market price for RELIANCE.NS
2025-04-30 05:27:01,783 - INFO - Checking position: SELL TIINDIA.NS (Sector: Auto)
2025-04-30 05:27:01,783 - INFO - SECURITY ID LOOKUP: Searching for TIINDIA.NS
2025-04-30 05:27:01,784 - INFO - Trying exact match for 'TIINDIA.NS'
2025-04-30 05:27:01,785 - INFO - FOUND EXACT MATCH: ID 312 for TIINDIA.NS
2025-04-30 05:27:01,786 - INFO - Sector Auto is NEGATIVE with -0.24% change
2025-04-30 05:27:01,786 - INFO - Getting current market price for TIINDIA.NS
2025-04-30 05:27:01,787 - INFO - Failed to get quote using symbol: 'dhanhq' object has no attribute 'get_quote'
2025-04-30 05:27:01,788 - INFO - Failed to get LTP using security_id: 'dhanhq' object has no attribute 'get_ltp'
2025-04-30 05:27:01,793 - INFO - Failed to get price from candles: 'dhanhq' object has no attribute 'intraday_daily_minute_charts'
2025-04-30 05:27:01,794 - ERROR - Could not get current market price for TIINDIA.NS
2025-04-30 05:27:01,794 - WARNING - Could not get current market price for TIINDIA.NS
2025-04-30 05:27:01,795 - INFO - Checking position: SELL SONACOMS.NS (Sector: Auto)
2025-04-30 05:27:01,795 - INFO - SECURITY ID LOOKUP: Searching for SONACOMS.NS
2025-04-30 05:27:01,796 - INFO - Trying exact match for 'SONACOMS.NS'
2025-04-30 05:27:01,796 - INFO - FOUND EXACT MATCH: ID 4684 for SONACOMS.NS
2025-04-30 05:27:01,797 - INFO - Sector Auto is NEGATIVE with -0.24% change
2025-04-30 05:27:01,797 - INFO - Getting current market price for SONACOMS.NS
2025-04-30 05:27:01,798 - INFO - Failed to get quote using symbol: 'dhanhq' object has no attribute 'get_quote'
2025-04-30 05:27:01,798 - INFO - Failed to get LTP using security_id: 'dhanhq' object has no attribute 'get_ltp'
2025-04-30 05:27:01,799 - INFO - Failed to get price from candles: 'dhanhq' object has no attribute 'intraday_daily_minute_charts'
2025-04-30 05:27:01,800 - ERROR - Could not get current market price for SONACOMS.NS
2025-04-30 05:27:01,800 - WARNING - Could not get current market price for SONACOMS.NS
2025-04-30 05:27:01,801 - INFO - Checking position: SELL SAREGAMA.NS (Sector: Media)
2025-04-30 05:27:01,801 - INFO - SECURITY ID LOOKUP: Searching for SAREGAMA.NS
2025-04-30 05:27:01,801 - INFO - Trying exact match for 'SAREGAMA.NS'
2025-04-30 05:27:01,802 - INFO - FOUND EXACT MATCH: ID 4892 for SAREGAMA.NS
2025-04-30 05:27:01,802 - INFO - Sector Media is NEGATIVE with -0.79% change
2025-04-30 05:27:01,803 - INFO - Getting current market price for SAREGAMA.NS
2025-04-30 05:27:01,810 - INFO - Failed to get quote using symbol: 'dhanhq' object has no attribute 'get_quote'
2025-04-30 05:27:01,811 - INFO - Failed to get LTP using security_id: 'dhanhq' object has no attribute 'get_ltp'
2025-04-30 05:27:01,811 - INFO - Failed to get price from candles: 'dhanhq' object has no attribute 'intraday_daily_minute_charts'
2025-04-30 05:27:01,812 - ERROR - Could not get current market price for SAREGAMA.NS
2025-04-30 05:27:01,812 - WARNING - Could not get current market price for SAREGAMA.NS
2025-04-30 05:27:01,813 - INFO - No positions needed to be exited
2025-04-30 05:27:01,813 - INFO - 
==================================================
POSITION PROCESSING COMPLETE
==================================================
2025-04-30 05:27:01,815 - INFO - Looking for new trading opportunities...
2025-04-30 05:27:01,816 - INFO - 
==================================================
FINDING NEW TRADING OPPORTUNITIES
==================================================
2025-04-30 05:27:01,817 - INFO - Found 9 active tickers out of 9 total
2025-04-30 05:27:01,818 - INFO - Processing tickers in order: ['SYNGENE.NS', 'ZEEL.NS', 'Lauraslabs.NS', 'ADANIENT.NS', 'IPCALAB.NS', 'RELIANCE.NS', 'TIINDIA.NS', 'SONACOMS.NS', 'SAREGAMA.NS']
2025-04-30 05:27:01,827 - INFO - Already have open positions for: ['RELIANCE.NS', 'TIINDIA.NS', 'SONACOMS.NS', 'SAREGAMA.NS']
2025-04-30 05:27:01,828 - INFO - Current sector performances:
2025-04-30 05:27:01,828 - INFO -   Sector IT: POSITIVE (1.23%)
2025-04-30 05:27:01,829 - INFO -   Sector PSU Bank: NEGATIVE (-0.05%)
2025-04-30 05:27:01,829 - INFO -   Sector Auto: NEGATIVE (-0.24%)
2025-04-30 05:27:01,829 - INFO -   Sector FMCG: NEGATIVE (-0.26%)
2025-04-30 05:27:01,830 - INFO -   Sector Realty: NEGATIVE (-0.26%)
2025-04-30 05:27:01,830 - INFO -   Sector Energy: NEGATIVE (-0.29%)
2025-04-30 05:27:01,831 - INFO -   Sector Financial Services: NEGATIVE (-0.37%)
2025-04-30 05:27:01,831 - INFO -   Sector Media: NEGATIVE (-0.79%)
2025-04-30 05:27:01,832 - INFO -   Sector Metal: NEGATIVE (-0.95%)
2025-04-30 05:27:01,833 - INFO -   Sector Pharma: NEGATIVE (-1.06%)
2025-04-30 05:27:01,833 - INFO - Processing ticker 1: SYNGENE.NS
2025-04-30 05:27:01,834 - INFO - Found sector Pharma for SYNGENE.NS
2025-04-30 05:27:01,834 - INFO - Evaluating SYNGENE.NS in sector Pharma (-1.06%)
2025-04-30 05:27:01,836 - INFO - Not trading SYNGENE.NS - sector performance doesn't match strategy
2025-04-30 05:27:01,837 - INFO -   Transaction type: BUY
2025-04-30 05:27:01,843 - INFO -   Sector is_positive: False
2025-04-30 05:27:01,845 - INFO - Processing ticker 2: ZEEL.NS
2025-04-30 05:27:01,846 - INFO - Found sector Media for ZEEL.NS
2025-04-30 05:27:01,847 - INFO - Evaluating ZEEL.NS in sector Media (-0.79%)
2025-04-30 05:27:01,847 - INFO - Not trading ZEEL.NS - sector performance doesn't match strategy
2025-04-30 05:27:01,848 - INFO -   Transaction type: BUY
2025-04-30 05:27:01,848 - INFO -   Sector is_positive: False
2025-04-30 05:27:01,848 - INFO - Processing ticker 3: Lauraslabs.NS
2025-04-30 05:27:01,849 - WARNING - Could not find sector for Lauraslabs.NS in sector mapping
2025-04-30 05:27:01,849 - INFO - Processing ticker 4: ADANIENT.NS
2025-04-30 05:27:01,851 - INFO - Found sector Metal for ADANIENT.NS
2025-04-30 05:27:01,852 - INFO - Evaluating ADANIENT.NS in sector Metal (-0.95%)
2025-04-30 05:27:01,852 - INFO - Not trading ADANIENT.NS - sector performance doesn't match strategy
2025-04-30 05:27:01,853 - INFO -   Transaction type: BUY
2025-04-30 05:27:01,860 - INFO -   Sector is_positive: False
2025-04-30 05:27:01,862 - INFO - Processing ticker 5: IPCALAB.NS
2025-04-30 05:27:01,863 - INFO - Found sector Pharma for IPCALAB.NS
2025-04-30 05:27:01,863 - INFO - Evaluating IPCALAB.NS in sector Pharma (-1.06%)
2025-04-30 05:27:01,864 - INFO - Not trading IPCALAB.NS - sector performance doesn't match strategy
2025-04-30 05:27:01,864 - INFO -   Transaction type: BUY
2025-04-30 05:27:01,865 - INFO -   Sector is_positive: False
2025-04-30 05:27:01,866 - INFO - Processing ticker 6: RELIANCE.NS
2025-04-30 05:27:01,867 - INFO - Skipping RELIANCE.NS - already have an open position
2025-04-30 05:27:01,868 - INFO - Processing ticker 7: TIINDIA.NS
2025-04-30 05:27:01,868 - INFO - Skipping TIINDIA.NS - already have an open position
2025-04-30 05:27:01,869 - INFO - Processing ticker 8: SONACOMS.NS
2025-04-30 05:27:01,869 - INFO - Skipping SONACOMS.NS - already have an open position
2025-04-30 05:27:01,876 - INFO - Processing ticker 9: SAREGAMA.NS
2025-04-30 05:27:01,877 - INFO - Skipping SAREGAMA.NS - already have an open position
2025-04-30 05:27:01,877 - INFO - Ticker processing summary:
2025-04-30 05:27:01,877 - INFO -   Total tickers considered: 9
2025-04-30 05:27:01,878 - INFO -   Tickers with sector data: 4
2025-04-30 05:27:01,879 - INFO -   Tickers matching strategy: 0
2025-04-30 05:27:01,879 - INFO -   Tickers with security ID: 0
2025-04-30 05:27:01,880 - INFO -   Orders successfully placed: 0
2025-04-30 05:27:01,880 - INFO - New positions added: 0
2025-04-30 05:27:01,881 - INFO - Positions skipped: 9
2025-04-30 05:27:01,882 - INFO - Positions with errors: 0
2025-04-30 05:27:01,883 - INFO - 
==================================================
NEW OPPORTUNITIES PROCESSING COMPLETE
==================================================
2025-04-30 05:27:01,884 - INFO - 
==================================================
SECTOR PROCESSING COMPLETE
==================================================
2025-04-30 05:27:01,891 - INFO - Saved 4 positions to dhan_positions.json
2025-04-30 05:27:01,894 - INFO - 
==================================================
POSITIONS SUMMARY
==================================================
2025-04-30 05:27:01,897 - INFO - Current positions summary:
2025-04-30 05:27:01,898 - INFO -   Open BUY positions: 0
2025-04-30 05:27:01,899 - INFO -   Open SELL positions: 4
2025-04-30 05:27:01,902 - INFO -   Closed positions: 0
2025-04-30 05:27:01,904 - INFO -   Total positions: 4
2025-04-30 05:27:01,919 - INFO - Open positions:
2025-04-30 05:27:01,920 - INFO -   SELL RELIANCE.NS (Sector: Energy, Entry: 2025-04-30 05:01:34, Order ID: 212504306752, SL%: 1.0%, Target%: 1.0%)
2025-04-30 05:27:01,935 - INFO -   SELL TIINDIA.NS (Sector: Auto, Entry: 2025-04-30 05:01:46, Order ID: 512504306332, SL%: 1.0%, Target%: 1%)
2025-04-30 05:27:01,937 - INFO -   SELL SONACOMS.NS (Sector: Auto, Entry: 2025-04-30 05:01:59, Order ID: 412504306422, SL%: 1.0%, Target%: 1.0%)
2025-04-30 05:27:01,965 - INFO -   SELL SAREGAMA.NS (Sector: Media, Entry: 2025-04-30 05:02:11, Order ID: 412504306512, SL%: 1.0%, Target%: 1%)
2025-04-30 05:27:01,978 - INFO - 
==================================================
POSITIONS SUMMARY COMPLETE
==================================================
2025-04-30 05:27:01,984 - INFO - Trading cycle 50 completed
2025-04-30 05:27:01,985 - INFO - Waiting 30 seconds until next check at 05:27:31...
2025-04-30 05:27:01,985 - INFO - 
==================================================
CYCLE 50 COMPLETE
==================================================
2025-04-30 05:27:32,000 - INFO - 
==================================================
TRADING CYCLE 51
==================================================
2025-04-30 05:27:32,008 - INFO - Trading cycle 51 started at 2025-04-30 05:27:32
2025-04-30 05:27:32,009 - INFO - 
==================================================
READING SECTOR PERFORMANCE DATA
==================================================
2025-04-30 05:27:32,013 - INFO - Reading sector performance data from sector.csv
2025-04-30 05:27:32,014 - INFO - File last modified: 2025-04-30 05:25:58
2025-04-30 05:27:32,022 - INFO - Latest timestamp in data: 2025-04-30 05:25:58
2025-04-30 05:27:32,023 - INFO - Loaded data for 10 sectors
2025-04-30 05:27:32,023 - INFO - Sector performance details:
2025-04-30 05:27:32,025 - INFO -   IT: POSITIVE (1.23%)
2025-04-30 05:27:32,026 - INFO -   PSU Bank: NEGATIVE (-0.05%)
2025-04-30 05:27:32,026 - INFO -   Auto: NEGATIVE (-0.24%)
2025-04-30 05:27:32,027 - INFO -   FMCG: NEGATIVE (-0.26%)
2025-04-30 05:27:32,028 - INFO -   Realty: NEGATIVE (-0.26%)
2025-04-30 05:27:32,029 - INFO -   Energy: NEGATIVE (-0.29%)
2025-04-30 05:27:32,030 - INFO -   Financial Services: NEGATIVE (-0.37%)
2025-04-30 05:27:32,031 - INFO -   Media: NEGATIVE (-0.79%)
2025-04-30 05:27:32,032 - INFO -   Metal: NEGATIVE (-0.95%)
2025-04-30 05:27:32,033 - INFO -   Pharma: NEGATIVE (-1.06%)
2025-04-30 05:27:32,036 - INFO - 
==================================================
SECTOR DATA READ COMPLETE
==================================================
2025-04-30 05:27:32,039 - INFO - 
==================================================
PROCESSING SECTOR DATA
==================================================
2025-04-30 05:27:32,042 - INFO - Processed performance data for 10 sectors
2025-04-30 05:27:32,042 - INFO - Processing existing positions for potential exits...
2025-04-30 05:27:32,043 - INFO - 
==================================================
PROCESSING EXISTING POSITIONS
==================================================
2025-04-30 05:27:32,044 - INFO - Processing 4 existing positions
2025-04-30 05:27:32,044 - INFO - Checking position: SELL RELIANCE.NS (Sector: Energy)
2025-04-30 05:27:32,044 - INFO - SECURITY ID LOOKUP: Searching for RELIANCE.NS
2025-04-30 05:27:32,045 - INFO - Trying exact match for 'RELIANCE.NS'
2025-04-30 05:27:32,045 - INFO - FOUND EXACT MATCH: ID 2885 for RELIANCE.NS
2025-04-30 05:27:32,045 - INFO - Sector Energy is NEGATIVE with -0.29% change
2025-04-30 05:27:32,045 - INFO - Getting current market price for RELIANCE.NS
2025-04-30 05:27:32,046 - INFO - Failed to get quote using symbol: 'dhanhq' object has no attribute 'get_quote'
2025-04-30 05:27:32,046 - INFO - Failed to get LTP using security_id: 'dhanhq' object has no attribute 'get_ltp'
2025-04-30 05:27:32,046 - INFO - Failed to get price from candles: 'dhanhq' object has no attribute 'intraday_daily_minute_charts'
2025-04-30 05:27:32,047 - ERROR - Could not get current market price for RELIANCE.NS
2025-04-30 05:27:32,048 - WARNING - Could not get current market price for RELIANCE.NS
2025-04-30 05:27:32,048 - INFO - Checking position: SELL TIINDIA.NS (Sector: Auto)
2025-04-30 05:27:32,048 - INFO - SECURITY ID LOOKUP: Searching for TIINDIA.NS
2025-04-30 05:27:32,049 - INFO - Trying exact match for 'TIINDIA.NS'
2025-04-30 05:27:32,049 - INFO - FOUND EXACT MATCH: ID 312 for TIINDIA.NS
2025-04-30 05:27:32,049 - INFO - Sector Auto is NEGATIVE with -0.24% change
2025-04-30 05:27:32,050 - INFO - Getting current market price for TIINDIA.NS
2025-04-30 05:27:32,050 - INFO - Failed to get quote using symbol: 'dhanhq' object has no attribute 'get_quote'
2025-04-30 05:27:32,050 - INFO - Failed to get LTP using security_id: 'dhanhq' object has no attribute 'get_ltp'
2025-04-30 05:27:32,052 - INFO - Failed to get price from candles: 'dhanhq' object has no attribute 'intraday_daily_minute_charts'
2025-04-30 05:27:32,055 - ERROR - Could not get current market price for TIINDIA.NS
2025-04-30 05:27:32,055 - WARNING - Could not get current market price for TIINDIA.NS
2025-04-30 05:27:32,055 - INFO - Checking position: SELL SONACOMS.NS (Sector: Auto)
2025-04-30 05:27:32,056 - INFO - SECURITY ID LOOKUP: Searching for SONACOMS.NS
2025-04-30 05:27:32,056 - INFO - Trying exact match for 'SONACOMS.NS'
2025-04-30 05:27:32,056 - INFO - FOUND EXACT MATCH: ID 4684 for SONACOMS.NS
2025-04-30 05:27:32,056 - INFO - Sector Auto is NEGATIVE with -0.24% change
2025-04-30 05:27:32,057 - INFO - Getting current market price for SONACOMS.NS
2025-04-30 05:27:32,057 - INFO - Failed to get quote using symbol: 'dhanhq' object has no attribute 'get_quote'
2025-04-30 05:27:32,057 - INFO - Failed to get LTP using security_id: 'dhanhq' object has no attribute 'get_ltp'
2025-04-30 05:27:32,058 - INFO - Failed to get price from candles: 'dhanhq' object has no attribute 'intraday_daily_minute_charts'
2025-04-30 05:27:32,058 - ERROR - Could not get current market price for SONACOMS.NS
2025-04-30 05:27:32,058 - WARNING - Could not get current market price for SONACOMS.NS
2025-04-30 05:27:32,058 - INFO - Checking position: SELL SAREGAMA.NS (Sector: Media)
2025-04-30 05:27:32,059 - INFO - SECURITY ID LOOKUP: Searching for SAREGAMA.NS
2025-04-30 05:27:32,059 - INFO - Trying exact match for 'SAREGAMA.NS'
2025-04-30 05:27:32,059 - INFO - FOUND EXACT MATCH: ID 4892 for SAREGAMA.NS
2025-04-30 05:27:32,059 - INFO - Sector Media is NEGATIVE with -0.79% change
2025-04-30 05:27:32,060 - INFO - Getting current market price for SAREGAMA.NS
2025-04-30 05:27:32,060 - INFO - Failed to get quote using symbol: 'dhanhq' object has no attribute 'get_quote'
2025-04-30 05:27:32,060 - INFO - Failed to get LTP using security_id: 'dhanhq' object has no attribute 'get_ltp'
2025-04-30 05:27:32,061 - INFO - Failed to get price from candles: 'dhanhq' object has no attribute 'intraday_daily_minute_charts'
2025-04-30 05:27:32,061 - ERROR - Could not get current market price for SAREGAMA.NS
2025-04-30 05:27:32,061 - WARNING - Could not get current market price for SAREGAMA.NS
2025-04-30 05:27:32,061 - INFO - No positions needed to be exited
2025-04-30 05:27:32,062 - INFO - 
==================================================
POSITION PROCESSING COMPLETE
==================================================
2025-04-30 05:27:32,062 - INFO - Looking for new trading opportunities...
2025-04-30 05:27:32,062 - INFO - 
==================================================
FINDING NEW TRADING OPPORTUNITIES
==================================================
2025-04-30 05:27:32,063 - INFO - Found 9 active tickers out of 9 total
2025-04-30 05:27:32,063 - INFO - Processing tickers in order: ['SYNGENE.NS', 'ZEEL.NS', 'Lauraslabs.NS', 'ADANIENT.NS', 'IPCALAB.NS', 'RELIANCE.NS', 'TIINDIA.NS', 'SONACOMS.NS', 'SAREGAMA.NS']
2025-04-30 05:27:32,064 - INFO - Already have open positions for: ['RELIANCE.NS', 'TIINDIA.NS', 'SONACOMS.NS', 'SAREGAMA.NS']
2025-04-30 05:27:32,064 - INFO - Current sector performances:
2025-04-30 05:27:32,065 - INFO -   Sector IT: POSITIVE (1.23%)
2025-04-30 05:27:32,065 - INFO -   Sector PSU Bank: NEGATIVE (-0.05%)
2025-04-30 05:27:32,066 - INFO -   Sector Auto: NEGATIVE (-0.24%)
2025-04-30 05:27:32,066 - INFO -   Sector FMCG: NEGATIVE (-0.26%)
2025-04-30 05:27:32,067 - INFO -   Sector Realty: NEGATIVE (-0.26%)
2025-04-30 05:27:32,070 - INFO -   Sector Energy: NEGATIVE (-0.29%)
2025-04-30 05:27:32,072 - INFO -   Sector Financial Services: NEGATIVE (-0.37%)
2025-04-30 05:27:32,073 - INFO -   Sector Media: NEGATIVE (-0.79%)
2025-04-30 05:27:32,073 - INFO -   Sector Metal: NEGATIVE (-0.95%)
2025-04-30 05:27:32,073 - INFO -   Sector Pharma: NEGATIVE (-1.06%)
2025-04-30 05:27:32,074 - INFO - Processing ticker 1: SYNGENE.NS
2025-04-30 05:27:32,074 - INFO - Found sector Pharma for SYNGENE.NS
2025-04-30 05:27:32,074 - INFO - Evaluating SYNGENE.NS in sector Pharma (-1.06%)
2025-04-30 05:27:32,075 - INFO - Not trading SYNGENE.NS - sector performance doesn't match strategy
2025-04-30 05:27:32,075 - INFO -   Transaction type: BUY
2025-04-30 05:27:32,075 - INFO -   Sector is_positive: False
2025-04-30 05:27:32,076 - INFO - Processing ticker 2: ZEEL.NS
2025-04-30 05:27:32,076 - INFO - Found sector Media for ZEEL.NS
2025-04-30 05:27:32,076 - INFO - Evaluating ZEEL.NS in sector Media (-0.79%)
2025-04-30 05:27:32,077 - INFO - Not trading ZEEL.NS - sector performance doesn't match strategy
2025-04-30 05:27:32,077 - INFO -   Transaction type: BUY
2025-04-30 05:27:32,077 - INFO -   Sector is_positive: False
2025-04-30 05:27:32,078 - INFO - Processing ticker 3: Lauraslabs.NS
2025-04-30 05:27:32,078 - WARNING - Could not find sector for Lauraslabs.NS in sector mapping
2025-04-30 05:27:32,079 - INFO - Processing ticker 4: ADANIENT.NS
2025-04-30 05:27:32,079 - INFO - Found sector Metal for ADANIENT.NS
2025-04-30 05:27:32,079 - INFO - Evaluating ADANIENT.NS in sector Metal (-0.95%)
2025-04-30 05:27:32,080 - INFO - Not trading ADANIENT.NS - sector performance doesn't match strategy
2025-04-30 05:27:32,080 - INFO -   Transaction type: BUY
2025-04-30 05:27:32,080 - INFO -   Sector is_positive: False
2025-04-30 05:27:32,081 - INFO - Processing ticker 5: IPCALAB.NS
2025-04-30 05:27:32,081 - INFO - Found sector Pharma for IPCALAB.NS
2025-04-30 05:27:32,082 - INFO - Evaluating IPCALAB.NS in sector Pharma (-1.06%)
2025-04-30 05:27:32,082 - INFO - Not trading IPCALAB.NS - sector performance doesn't match strategy
2025-04-30 05:27:32,082 - INFO -   Transaction type: BUY
2025-04-30 05:27:32,083 - INFO -   Sector is_positive: False
2025-04-30 05:27:32,083 - INFO - Processing ticker 6: RELIANCE.NS
2025-04-30 05:27:32,084 - INFO - Skipping RELIANCE.NS - already have an open position
2025-04-30 05:27:32,086 - INFO - Processing ticker 7: TIINDIA.NS
2025-04-30 05:27:32,088 - INFO - Skipping TIINDIA.NS - already have an open position
2025-04-30 05:27:32,088 - INFO - Processing ticker 8: SONACOMS.NS
2025-04-30 05:27:32,089 - INFO - Skipping SONACOMS.NS - already have an open position
2025-04-30 05:27:32,089 - INFO - Processing ticker 9: SAREGAMA.NS
2025-04-30 05:27:32,090 - INFO - Skipping SAREGAMA.NS - already have an open position
2025-04-30 05:27:32,090 - INFO - Ticker processing summary:
2025-04-30 05:27:32,090 - INFO -   Total tickers considered: 9
2025-04-30 05:27:32,091 - INFO -   Tickers with sector data: 4
2025-04-30 05:27:32,091 - INFO -   Tickers matching strategy: 0
2025-04-30 05:27:32,091 - INFO -   Tickers with security ID: 0
2025-04-30 05:27:32,092 - INFO -   Orders successfully placed: 0
2025-04-30 05:27:32,092 - INFO - New positions added: 0
2025-04-30 05:27:32,092 - INFO - Positions skipped: 9
2025-04-30 05:27:32,092 - INFO - Positions with errors: 0
2025-04-30 05:27:32,093 - INFO - 
==================================================
NEW OPPORTUNITIES PROCESSING COMPLETE
==================================================
2025-04-30 05:27:32,093 - INFO - 
==================================================
SECTOR PROCESSING COMPLETE
==================================================
2025-04-30 05:27:32,095 - INFO - Saved 4 positions to dhan_positions.json
2025-04-30 05:27:32,096 - INFO - 
==================================================
POSITIONS SUMMARY
==================================================
2025-04-30 05:27:32,097 - INFO - Current positions summary:
2025-04-30 05:27:32,097 - INFO -   Open BUY positions: 0
2025-04-30 05:27:32,097 - INFO -   Open SELL positions: 4
2025-04-30 05:27:32,098 - INFO -   Closed positions: 0
2025-04-30 05:27:32,098 - INFO -   Total positions: 4
2025-04-30 05:27:32,098 - INFO - Open positions:
2025-04-30 05:27:32,099 - INFO -   SELL RELIANCE.NS (Sector: Energy, Entry: 2025-04-30 05:01:34, Order ID: 212504306752, SL%: 1.0%, Target%: 1.0%)
2025-04-30 05:27:32,099 - INFO -   SELL TIINDIA.NS (Sector: Auto, Entry: 2025-04-30 05:01:46, Order ID: 512504306332, SL%: 1.0%, Target%: 1%)
2025-04-30 05:27:32,100 - INFO -   SELL SONACOMS.NS (Sector: Auto, Entry: 2025-04-30 05:01:59, Order ID: 412504306422, SL%: 1.0%, Target%: 1.0%)
2025-04-30 05:27:32,100 - INFO -   SELL SAREGAMA.NS (Sector: Media, Entry: 2025-04-30 05:02:11, Order ID: 412504306512, SL%: 1.0%, Target%: 1%)
2025-04-30 05:27:32,100 - INFO - 
==================================================
POSITIONS SUMMARY COMPLETE
==================================================
2025-04-30 05:27:32,105 - INFO - Trading cycle 51 completed
2025-04-30 05:27:32,105 - INFO - Waiting 30 seconds until next check at 05:28:02...
2025-04-30 05:27:32,106 - INFO - 
==================================================
CYCLE 51 COMPLETE
==================================================
2025-04-30 05:28:02,107 - INFO - 
==================================================
TRADING CYCLE 52
==================================================
2025-04-30 05:28:02,110 - INFO - Trading cycle 52 started at 2025-04-30 05:28:02
2025-04-30 05:28:02,111 - INFO - 
==================================================
READING SECTOR PERFORMANCE DATA
==================================================
2025-04-30 05:28:02,113 - INFO - Reading sector performance data from sector.csv
2025-04-30 05:28:02,116 - INFO - File last modified: 2025-04-30 05:27:37
2025-04-30 05:28:02,159 - INFO - Latest timestamp in data: 2025-04-30 05:27:37
2025-04-30 05:28:02,160 - INFO - Loaded data for 10 sectors
2025-04-30 05:28:02,160 - INFO - Sector performance details:
2025-04-30 05:28:02,161 - INFO -   IT: POSITIVE (1.23%)
2025-04-30 05:28:02,162 - INFO -   PSU Bank: NEGATIVE (-0.05%)
2025-04-30 05:28:02,163 - INFO -   Auto: NEGATIVE (-0.24%)
2025-04-30 05:28:02,164 - INFO -   FMCG: NEGATIVE (-0.26%)
2025-04-30 05:28:02,166 - INFO -   Realty: NEGATIVE (-0.26%)
2025-04-30 05:28:02,168 - INFO -   Energy: NEGATIVE (-0.29%)
2025-04-30 05:28:02,168 - INFO -   Financial Services: NEGATIVE (-0.37%)
2025-04-30 05:28:02,169 - INFO -   Media: NEGATIVE (-0.79%)
2025-04-30 05:28:02,170 - INFO -   Metal: NEGATIVE (-0.95%)
2025-04-30 05:28:02,170 - INFO -   Pharma: NEGATIVE (-1.06%)
2025-04-30 05:28:02,170 - INFO - 
==================================================
SECTOR DATA READ COMPLETE
==================================================
2025-04-30 05:28:02,171 - INFO - 
==================================================
PROCESSING SECTOR DATA
==================================================
2025-04-30 05:28:02,172 - INFO - Processed performance data for 10 sectors
2025-04-30 05:28:02,172 - INFO - Processing existing positions for potential exits...
2025-04-30 05:28:02,173 - INFO - 
==================================================
PROCESSING EXISTING POSITIONS
==================================================
2025-04-30 05:28:02,173 - INFO - Processing 4 existing positions
2025-04-30 05:28:02,173 - INFO - Checking position: SELL RELIANCE.NS (Sector: Energy)
2025-04-30 05:28:02,174 - INFO - SECURITY ID LOOKUP: Searching for RELIANCE.NS
2025-04-30 05:28:02,174 - INFO - Trying exact match for 'RELIANCE.NS'
2025-04-30 05:28:02,174 - INFO - FOUND EXACT MATCH: ID 2885 for RELIANCE.NS
2025-04-30 05:28:02,174 - INFO - Sector Energy is NEGATIVE with -0.29% change
2025-04-30 05:28:02,175 - INFO - Getting current market price for RELIANCE.NS
2025-04-30 05:28:02,175 - INFO - Failed to get quote using symbol: 'dhanhq' object has no attribute 'get_quote'
2025-04-30 05:28:02,175 - INFO - Failed to get LTP using security_id: 'dhanhq' object has no attribute 'get_ltp'
2025-04-30 05:28:02,175 - INFO - Failed to get price from candles: 'dhanhq' object has no attribute 'intraday_daily_minute_charts'
2025-04-30 05:28:02,176 - ERROR - Could not get current market price for RELIANCE.NS
2025-04-30 05:28:02,176 - WARNING - Could not get current market price for RELIANCE.NS
2025-04-30 05:28:02,176 - INFO - Checking position: SELL TIINDIA.NS (Sector: Auto)
2025-04-30 05:28:02,176 - INFO - SECURITY ID LOOKUP: Searching for TIINDIA.NS
2025-04-30 05:28:02,177 - INFO - Trying exact match for 'TIINDIA.NS'
2025-04-30 05:28:02,177 - INFO - FOUND EXACT MATCH: ID 312 for TIINDIA.NS
2025-04-30 05:28:02,177 - INFO - Sector Auto is NEGATIVE with -0.24% change
2025-04-30 05:28:02,177 - INFO - Getting current market price for TIINDIA.NS
2025-04-30 05:28:02,178 - INFO - Failed to get quote using symbol: 'dhanhq' object has no attribute 'get_quote'
2025-04-30 05:28:02,178 - INFO - Failed to get LTP using security_id: 'dhanhq' object has no attribute 'get_ltp'
2025-04-30 05:28:02,178 - INFO - Failed to get price from candles: 'dhanhq' object has no attribute 'intraday_daily_minute_charts'
2025-04-30 05:28:02,179 - ERROR - Could not get current market price for TIINDIA.NS
2025-04-30 05:28:02,179 - WARNING - Could not get current market price for TIINDIA.NS
2025-04-30 05:28:02,179 - INFO - Checking position: SELL SONACOMS.NS (Sector: Auto)
2025-04-30 05:28:02,179 - INFO - SECURITY ID LOOKUP: Searching for SONACOMS.NS
2025-04-30 05:28:02,180 - INFO - Trying exact match for 'SONACOMS.NS'
2025-04-30 05:28:02,180 - INFO - FOUND EXACT MATCH: ID 4684 for SONACOMS.NS
2025-04-30 05:28:02,180 - INFO - Sector Auto is NEGATIVE with -0.24% change
2025-04-30 05:28:02,180 - INFO - Getting current market price for SONACOMS.NS
2025-04-30 05:28:02,182 - INFO - Failed to get quote using symbol: 'dhanhq' object has no attribute 'get_quote'
2025-04-30 05:28:02,182 - INFO - Failed to get LTP using security_id: 'dhanhq' object has no attribute 'get_ltp'
2025-04-30 05:28:02,182 - INFO - Failed to get price from candles: 'dhanhq' object has no attribute 'intraday_daily_minute_charts'
2025-04-30 05:28:02,186 - ERROR - Could not get current market price for SONACOMS.NS
2025-04-30 05:28:02,187 - WARNING - Could not get current market price for SONACOMS.NS
2025-04-30 05:28:02,187 - INFO - Checking position: SELL SAREGAMA.NS (Sector: Media)
2025-04-30 05:28:02,187 - INFO - SECURITY ID LOOKUP: Searching for SAREGAMA.NS
2025-04-30 05:28:02,188 - INFO - Trying exact match for 'SAREGAMA.NS'
2025-04-30 05:28:02,188 - INFO - FOUND EXACT MATCH: ID 4892 for SAREGAMA.NS
2025-04-30 05:28:02,188 - INFO - Sector Media is NEGATIVE with -0.79% change
2025-04-30 05:28:02,189 - INFO - Getting current market price for SAREGAMA.NS
2025-04-30 05:28:02,189 - INFO - Failed to get quote using symbol: 'dhanhq' object has no attribute 'get_quote'
2025-04-30 05:28:02,189 - INFO - Failed to get LTP using security_id: 'dhanhq' object has no attribute 'get_ltp'
2025-04-30 05:28:02,189 - INFO - Failed to get price from candles: 'dhanhq' object has no attribute 'intraday_daily_minute_charts'
2025-04-30 05:28:02,190 - ERROR - Could not get current market price for SAREGAMA.NS
2025-04-30 05:28:02,190 - WARNING - Could not get current market price for SAREGAMA.NS
2025-04-30 05:28:02,190 - INFO - No positions needed to be exited
2025-04-30 05:28:02,191 - INFO - 
==================================================
POSITION PROCESSING COMPLETE
==================================================
2025-04-30 05:28:02,191 - INFO - Looking for new trading opportunities...
2025-04-30 05:28:02,191 - INFO - 
==================================================
FINDING NEW TRADING OPPORTUNITIES
==================================================
2025-04-30 05:28:02,192 - INFO - Found 9 active tickers out of 9 total
2025-04-30 05:28:02,192 - INFO - Processing tickers in order: ['SYNGENE.NS', 'ZEEL.NS', 'Lauraslabs.NS', 'ADANIENT.NS', 'IPCALAB.NS', 'RELIANCE.NS', 'TIINDIA.NS', 'SONACOMS.NS', 'SAREGAMA.NS']
2025-04-30 05:28:02,192 - INFO - Already have open positions for: ['RELIANCE.NS', 'TIINDIA.NS', 'SONACOMS.NS', 'SAREGAMA.NS']
2025-04-30 05:28:02,192 - INFO - Current sector performances:
2025-04-30 05:28:02,193 - INFO -   Sector IT: POSITIVE (1.23%)
2025-04-30 05:28:02,193 - INFO -   Sector PSU Bank: NEGATIVE (-0.05%)
2025-04-30 05:28:02,193 - INFO -   Sector Auto: NEGATIVE (-0.24%)
2025-04-30 05:28:02,193 - INFO -   Sector FMCG: NEGATIVE (-0.26%)
2025-04-30 05:28:02,194 - INFO -   Sector Realty: NEGATIVE (-0.26%)
2025-04-30 05:28:02,194 - INFO -   Sector Energy: NEGATIVE (-0.29%)
2025-04-30 05:28:02,194 - INFO -   Sector Financial Services: NEGATIVE (-0.37%)
2025-04-30 05:28:02,194 - INFO -   Sector Media: NEGATIVE (-0.79%)
2025-04-30 05:28:02,195 - INFO -   Sector Metal: NEGATIVE (-0.95%)
2025-04-30 05:28:02,195 - INFO -   Sector Pharma: NEGATIVE (-1.06%)
2025-04-30 05:28:02,195 - INFO - Processing ticker 1: SYNGENE.NS
2025-04-30 05:28:02,196 - INFO - Found sector Pharma for SYNGENE.NS
2025-04-30 05:28:02,196 - INFO - Evaluating SYNGENE.NS in sector Pharma (-1.06%)
2025-04-30 05:28:02,196 - INFO - Not trading SYNGENE.NS - sector performance doesn't match strategy
2025-04-30 05:28:02,196 - INFO -   Transaction type: BUY
2025-04-30 05:28:02,197 - INFO -   Sector is_positive: False
2025-04-30 05:28:02,197 - INFO - Processing ticker 2: ZEEL.NS
2025-04-30 05:28:02,198 - INFO - Found sector Media for ZEEL.NS
2025-04-30 05:28:02,199 - INFO - Evaluating ZEEL.NS in sector Media (-0.79%)
2025-04-30 05:28:02,199 - INFO - Not trading ZEEL.NS - sector performance doesn't match strategy
2025-04-30 05:28:02,201 - INFO -   Transaction type: BUY
2025-04-30 05:28:02,202 - INFO -   Sector is_positive: False
2025-04-30 05:28:02,204 - INFO - Processing ticker 3: Lauraslabs.NS
2025-04-30 05:28:02,205 - WARNING - Could not find sector for Lauraslabs.NS in sector mapping
2025-04-30 05:28:02,205 - INFO - Processing ticker 4: ADANIENT.NS
2025-04-30 05:28:02,205 - INFO - Found sector Metal for ADANIENT.NS
2025-04-30 05:28:02,206 - INFO - Evaluating ADANIENT.NS in sector Metal (-0.95%)
2025-04-30 05:28:02,206 - INFO - Not trading ADANIENT.NS - sector performance doesn't match strategy
2025-04-30 05:28:02,206 - INFO -   Transaction type: BUY
2025-04-30 05:28:02,207 - INFO -   Sector is_positive: False
2025-04-30 05:28:02,207 - INFO - Processing ticker 5: IPCALAB.NS
2025-04-30 05:28:02,207 - INFO - Found sector Pharma for IPCALAB.NS
2025-04-30 05:28:02,207 - INFO - Evaluating IPCALAB.NS in sector Pharma (-1.06%)
2025-04-30 05:28:02,208 - INFO - Not trading IPCALAB.NS - sector performance doesn't match strategy
2025-04-30 05:28:02,209 - INFO -   Transaction type: BUY
2025-04-30 05:28:02,209 - INFO -   Sector is_positive: False
2025-04-30 05:28:02,209 - INFO - Processing ticker 6: RELIANCE.NS
2025-04-30 05:28:02,210 - INFO - Skipping RELIANCE.NS - already have an open position
2025-04-30 05:28:02,210 - INFO - Processing ticker 7: TIINDIA.NS
2025-04-30 05:28:02,210 - INFO - Skipping TIINDIA.NS - already have an open position
2025-04-30 05:28:02,211 - INFO - Processing ticker 8: SONACOMS.NS
2025-04-30 05:28:02,211 - INFO - Skipping SONACOMS.NS - already have an open position
2025-04-30 05:28:02,211 - INFO - Processing ticker 9: SAREGAMA.NS
2025-04-30 05:28:02,212 - INFO - Skipping SAREGAMA.NS - already have an open position
2025-04-30 05:28:02,212 - INFO - Ticker processing summary:
2025-04-30 05:28:02,212 - INFO -   Total tickers considered: 9
2025-04-30 05:28:02,213 - INFO -   Tickers with sector data: 4
2025-04-30 05:28:02,214 - INFO -   Tickers matching strategy: 0
2025-04-30 05:28:02,215 - INFO -   Tickers with security ID: 0
2025-04-30 05:28:02,215 - INFO -   Orders successfully placed: 0
2025-04-30 05:28:02,215 - INFO - New positions added: 0
2025-04-30 05:28:02,216 - INFO - Positions skipped: 9
2025-04-30 05:28:02,217 - INFO - Positions with errors: 0
2025-04-30 05:28:02,219 - INFO - 
==================================================
NEW OPPORTUNITIES PROCESSING COMPLETE
==================================================
2025-04-30 05:28:02,220 - INFO - 
==================================================
SECTOR PROCESSING COMPLETE
==================================================
2025-04-30 05:28:02,223 - INFO - Saved 4 positions to dhan_positions.json
2025-04-30 05:28:02,223 - INFO - 
==================================================
POSITIONS SUMMARY
==================================================
2025-04-30 05:28:02,224 - INFO - Current positions summary:
2025-04-30 05:28:02,224 - INFO -   Open BUY positions: 0
2025-04-30 05:28:02,224 - INFO -   Open SELL positions: 4
2025-04-30 05:28:02,225 - INFO -   Closed positions: 0
2025-04-30 05:28:02,225 - INFO -   Total positions: 4
2025-04-30 05:28:02,225 - INFO - Open positions:
2025-04-30 05:28:02,226 - INFO -   SELL RELIANCE.NS (Sector: Energy, Entry: 2025-04-30 05:01:34, Order ID: 212504306752, SL%: 1.0%, Target%: 1.0%)
2025-04-30 05:28:02,226 - INFO -   SELL TIINDIA.NS (Sector: Auto, Entry: 2025-04-30 05:01:46, Order ID: 512504306332, SL%: 1.0%, Target%: 1%)
2025-04-30 05:28:02,226 - INFO -   SELL SONACOMS.NS (Sector: Auto, Entry: 2025-04-30 05:01:59, Order ID: 412504306422, SL%: 1.0%, Target%: 1.0%)
2025-04-30 05:28:02,226 - INFO -   SELL SAREGAMA.NS (Sector: Media, Entry: 2025-04-30 05:02:11, Order ID: 412504306512, SL%: 1.0%, Target%: 1%)
2025-04-30 05:28:02,227 - INFO - 
==================================================
POSITIONS SUMMARY COMPLETE
==================================================
2025-04-30 05:28:02,227 - INFO - Trading cycle 52 completed
2025-04-30 05:28:02,227 - INFO - Waiting 30 seconds until next check at 05:28:32...
2025-04-30 05:28:02,228 - INFO - 
==================================================
CYCLE 52 COMPLETE
==================================================
2025-04-30 05:28:26,068 - INFO - Trading program stopped by user
2025-04-30 05:28:26,070 - INFO - Saved 4 positions to dhan_positions.json
2025-04-30 05:28:26,070 - INFO - 
==================================================
PROGRAM TERMINATED BY USER
==================================================
