2025-08-08 08:50:53,831 - INFO - SIMPLE SWING TRADER WITH YAHOO LIVE PRICES
2025-08-08 08:50:53,831 - INFO - Strategy: EMA(2) vs SMA(50) + RSI
2025-08-08 08:50:53,831 - INFO - Mode: Analysis Only (No Trading)
2025-08-08 08:50:53,831 - INFO - Price Source: Yahoo Finance Live
2025-08-08 08:50:53,898 - INFO - Simple Swing Trading System Initialized
2025-08-08 08:50:53,898 - INFO - Strategy: EMA(2) vs SMA(50) + RSI
2025-08-08 08:50:53,898 - INFO - Price Source: Yahoo Finance (Live)
2025-08-08 08:50:53,899 - INFO - Timeframe: 5 minutes
2025-08-08 08:50:53,900 - INFO - Market Hours: 9:15 - 15:30 IST
2025-08-08 08:50:53,900 - INFO - Output Directory: C:\Users\PC\OneDrive\projects\strongtrendz.com-\output
2025-08-08 08:50:53,900 - INFO - ======================================================================
2025-08-08 08:50:53,900 - INFO - STARTING SWING TRADING LIVE MONITORING
2025-08-08 08:50:53,900 - INFO - Price Source: Yahoo Finance (Live)
2025-08-08 08:50:53,900 - INFO - Analysis Mode: Signals Only (No Trading)
2025-08-08 08:50:53,900 - INFO - Running every 5 minutes during market hours
2025-08-08 08:50:53,900 - INFO - ======================================================================
2025-08-08 08:50:53,900 - INFO - Market is OPEN - Running initial analysis...
2025-08-08 08:50:53,900 - INFO - Starting swing analysis for all stocks...
2025-08-08 08:50:53,900 - INFO - Analyzing 224 stocks
2025-08-08 08:50:53,900 - INFO - Analyzing ABB...
2025-08-08 08:50:53,900 - INFO - Analyzing LAURUSLABS...
2025-08-08 08:50:53,900 - INFO - Analyzing BAJFINANCE...
2025-08-08 08:50:54,143 - INFO - Fetching live price for LAURUSLABS
2025-08-08 08:50:54,184 - INFO - Fetching live price for ABB
2025-08-08 08:50:54,184 - INFO - Fetching live price for BAJFINANCE
2025-08-08 08:50:54,489 - INFO - Got price for LAURUSLABS: Rs.832.10 from info_currentPrice
2025-08-08 08:50:54,497 - INFO - Analyzing BEL...
2025-08-08 08:50:54,501 - INFO - Got price for ABB: Rs.5095.00 from info_currentPrice
2025-08-08 08:50:54,505 - INFO - Analyzing BLUESTARCO...
2025-08-08 08:50:54,614 - INFO - Fetching live price for BEL
2025-08-08 08:50:54,615 - INFO - Got price for BAJFINANCE: Rs.879.25 from info_currentPrice
2025-08-08 08:50:54,618 - INFO - Analyzing CESC...
2025-08-08 08:50:54,634 - INFO - Fetching live price for BLUESTARCO
2025-08-08 08:50:54,744 - INFO - Fetching live price for CESC
2025-08-08 08:50:54,898 - INFO - Got price for BEL: Rs.386.30 from info_currentPrice
2025-08-08 08:50:54,916 - INFO - Analyzing CHAMBLFERT...
2025-08-08 08:50:54,941 - INFO - Got price for BLUESTARCO: Rs.1803.40 from info_currentPrice
2025-08-08 08:50:54,944 - INFO - Analyzing EXIDEIND...
2025-08-08 08:50:55,001 - INFO - Fetching live price for CHAMBLFERT
2025-08-08 08:50:55,022 - INFO - Fetching live price for EXIDEIND
2025-08-08 08:50:55,068 - INFO - Got price for CESC: Rs.163.68 from info_currentPrice
2025-08-08 08:50:55,077 - INFO - Analyzing CIPLA...
2025-08-08 08:50:55,217 - INFO - Fetching live price for CIPLA
2025-08-08 08:50:55,316 - INFO - Got price for CHAMBLFERT: Rs.536.00 from info_currentPrice
2025-08-08 08:50:55,316 - INFO - Analyzing CGPOWER...
2025-08-08 08:50:55,316 - INFO - Got price for EXIDEIND: Rs.378.45 from info_currentPrice
2025-08-08 08:50:55,329 - INFO - Analyzing DABUR...
2025-08-08 08:50:55,429 - INFO - Fetching live price for DABUR
2025-08-08 08:50:55,448 - INFO - Fetching live price for CGPOWER
2025-08-08 08:50:55,551 - INFO - Got price for CIPLA: Rs.1490.10 from info_currentPrice
2025-08-08 08:50:55,551 - INFO - Analyzing BHEL...
2025-08-08 08:50:55,684 - INFO - Fetching live price for BHEL
2025-08-08 08:50:55,718 - INFO - Got price for DABUR: Rs.510.80 from info_currentPrice
2025-08-08 08:50:55,729 - INFO - Analyzing HINDPETRO...
2025-08-08 08:50:55,825 - INFO - Fetching live price for HINDPETRO
2025-08-08 08:50:55,828 - INFO - Got price for CGPOWER: Rs.671.70 from info_currentPrice
2025-08-08 08:50:55,830 - INFO - Analyzing SBIN...
2025-08-08 08:50:55,927 - INFO - Fetching live price for SBIN
2025-08-08 08:50:56,002 - INFO - Got price for BHEL: Rs.225.81 from info_currentPrice
2025-08-08 08:50:56,005 - INFO - Analyzing SAIL...
2025-08-08 08:50:56,135 - INFO - Fetching live price for SAIL
2025-08-08 08:50:56,150 - INFO - Got price for HINDPETRO: Rs.411.95 from info_currentPrice
2025-08-08 08:50:56,157 - INFO - Analyzing TITAN...
2025-08-08 08:50:56,285 - INFO - Got price for SBIN: Rs.796.85 from info_currentPrice
2025-08-08 08:50:56,285 - INFO - Analyzing DRREDDY...
2025-08-08 08:50:56,529 - INFO - Fetching live price for TITAN
2025-08-08 08:50:56,599 - INFO - Fetching live price for DRREDDY
2025-08-08 08:50:56,608 - INFO - Got price for SAIL: Rs.121.74 from info_currentPrice
2025-08-08 08:50:56,612 - INFO - Analyzing HDFCBANK...
2025-08-08 08:50:56,716 - INFO - Fetching live price for HDFCBANK
2025-08-08 08:50:56,853 - INFO - Got price for TITAN: Rs.3464.70 from info_currentPrice
2025-08-08 08:50:56,853 - INFO - Analyzing HEROMOTOCO...
2025-08-08 08:50:56,985 - INFO - Fetching live price for HEROMOTOCO
2025-08-08 08:50:57,020 - INFO - Got price for HDFCBANK: Rs.1978.70 from info_currentPrice
2025-08-08 08:50:57,020 - INFO - Analyzing HFCL...
2025-08-08 08:50:57,093 - INFO - Got price for DRREDDY: Rs.1207.60 from info_currentPrice
2025-08-08 08:50:57,093 - INFO - Analyzing HINDZINC...
2025-08-08 08:50:57,127 - INFO - Fetching live price for HFCL
2025-08-08 08:50:57,200 - INFO - Fetching live price for HINDZINC
2025-08-08 08:50:57,319 - INFO - Got price for HEROMOTOCO: Rs.4646.40 from info_currentPrice
2025-08-08 08:50:57,319 - INFO - Analyzing INFY...
2025-08-08 08:50:57,470 - INFO - Fetching live price for INFY
2025-08-08 08:50:57,470 - INFO - Got price for HFCL: Rs.73.89 from info_currentPrice
2025-08-08 08:50:57,470 - INFO - Analyzing JSWSTEEL...
2025-08-08 08:50:57,492 - INFO - Got price for HINDZINC: Rs.423.40 from info_currentPrice
2025-08-08 08:50:57,498 - INFO - Analyzing KOTAKBANK...
2025-08-08 08:50:57,570 - INFO - Fetching live price for JSWSTEEL
2025-08-08 08:50:57,603 - INFO - Fetching live price for KOTAKBANK
2025-08-08 08:50:57,767 - INFO - Got price for INFY: Rs.1426.10 from info_currentPrice
2025-08-08 08:50:57,776 - INFO - Analyzing TRENT...
2025-08-08 08:50:57,886 - INFO - Fetching live price for TRENT
2025-08-08 08:50:57,913 - INFO - Got price for KOTAKBANK: Rs.1966.10 from info_currentPrice
2025-08-08 08:50:57,914 - INFO - Got price for JSWSTEEL: Rs.1044.40 from info_currentPrice
2025-08-08 08:50:57,916 - INFO - Analyzing LICHSGFIN...
2025-08-08 08:50:57,918 - INFO - Analyzing LUPIN...
2025-08-08 08:50:58,045 - INFO - Fetching live price for LUPIN
2025-08-08 08:50:58,047 - INFO - Fetching live price for LICHSGFIN
2025-08-08 08:50:58,202 - INFO - Got price for TRENT: Rs.5351.50 from info_currentPrice
2025-08-08 08:50:58,219 - INFO - Analyzing MFSL...
2025-08-08 08:50:58,335 - INFO - Fetching live price for MFSL
2025-08-08 08:50:58,338 - INFO - Got price for LICHSGFIN: Rs.573.30 from info_currentPrice
2025-08-08 08:50:58,352 - INFO - Analyzing NCC...
2025-08-08 08:50:58,374 - INFO - Got price for LUPIN: Rs.1928.80 from info_currentPrice
2025-08-08 08:50:58,382 - INFO - Analyzing VEDL...
2025-08-08 08:50:58,488 - INFO - Fetching live price for NCC
2025-08-08 08:50:58,506 - INFO - Fetching live price for VEDL
2025-08-08 08:50:58,622 - INFO - Got price for MFSL: Rs.1539.80 from info_currentPrice
2025-08-08 08:50:58,622 - INFO - Analyzing GRASIM...
2025-08-08 08:50:58,738 - INFO - Fetching live price for GRASIM
2025-08-08 08:50:58,817 - INFO - Got price for NCC: Rs.223.41 from info_currentPrice
2025-08-08 08:50:58,821 - INFO - Analyzing PEL...
2025-08-08 08:50:58,822 - INFO - Got price for VEDL: Rs.434.10 from info_currentPrice
2025-08-08 08:50:58,827 - INFO - Analyzing ONGC...
2025-08-08 08:50:58,954 - INFO - Fetching live price for PEL
2025-08-08 08:50:58,972 - INFO - Fetching live price for ONGC
2025-08-08 08:50:59,088 - INFO - Got price for GRASIM: Rs.2694.50 from info_currentPrice
2025-08-08 08:50:59,088 - INFO - Analyzing RELIANCE...
2025-08-08 08:50:59,196 - INFO - Fetching live price for RELIANCE
2025-08-08 08:50:59,276 - INFO - Got price for ONGC: Rs.234.13 from info_currentPrice
2025-08-08 08:50:59,276 - INFO - Analyzing PIDILITIND...
2025-08-08 08:50:59,276 - INFO - Got price for PEL: Rs.1151.00 from info_currentPrice
2025-08-08 08:50:59,293 - INFO - Analyzing PATANJALI...
2025-08-08 08:50:59,398 - INFO - Fetching live price for PIDILITIND
2025-08-08 08:50:59,406 - INFO - Fetching live price for PATANJALI
2025-08-08 08:50:59,522 - INFO - Got price for RELIANCE: Rs.1375.80 from info_currentPrice
2025-08-08 08:50:59,538 - INFO - Analyzing SHREECEM...
2025-08-08 08:50:59,718 - INFO - Got price for PATANJALI: Rs.1808.70 from info_currentPrice
2025-08-08 08:50:59,718 - INFO - Analyzing TATAPOWER...
2025-08-08 08:50:59,823 - INFO - Fetching live price for TATAPOWER
2025-08-08 08:50:59,890 - INFO - Got price for PIDILITIND: Rs.3055.20 from info_currentPrice
2025-08-08 08:50:59,892 - INFO - Analyzing TATAELXSI...
2025-08-08 08:51:00,004 - INFO - Fetching live price for TATAELXSI
2025-08-08 08:51:00,106 - INFO - Fetching live price for SHREECEM
2025-08-08 08:51:00,129 - INFO - Got price for TATAPOWER: Rs.383.20 from info_currentPrice
2025-08-08 08:51:00,129 - INFO - Analyzing ACC...
2025-08-08 08:51:00,233 - INFO - Fetching live price for ACC
2025-08-08 08:51:00,307 - INFO - Got price for TATAELXSI: Rs.5820.00 from info_currentPrice
2025-08-08 08:51:00,310 - INFO - Analyzing TORNTPHARM...
2025-08-08 08:51:00,439 - INFO - Fetching live price for TORNTPHARM
2025-08-08 08:51:00,439 - INFO - Got price for SHREECEM: Rs.30450.00 from info_currentPrice
2025-08-08 08:51:00,439 - INFO - Analyzing AMBUJACEM...
2025-08-08 08:51:00,578 - INFO - Got price for ACC: Rs.1799.70 from info_currentPrice
2025-08-08 08:51:00,583 - INFO - Analyzing HINDALCO...
2025-08-08 08:51:00,662 - INFO - Fetching live price for AMBUJACEM
2025-08-08 08:51:00,690 - INFO - Fetching live price for HINDALCO
2025-08-08 08:51:00,740 - INFO - Got price for TORNTPHARM: Rs.3599.80 from info_currentPrice
2025-08-08 08:51:00,760 - INFO - Analyzing FEDERALBNK...
2025-08-08 08:51:00,873 - INFO - Fetching live price for FEDERALBNK
2025-08-08 08:51:00,989 - INFO - Got price for HINDALCO: Rs.675.45 from info_currentPrice
2025-08-08 08:51:01,005 - INFO - Analyzing TATASTEEL...
2025-08-08 08:51:01,119 - INFO - Fetching live price for TATASTEEL
2025-08-08 08:51:01,195 - INFO - Got price for FEDERALBNK: Rs.197.28 from info_currentPrice
2025-08-08 08:51:01,198 - INFO - Analyzing ASHOKLEY...
2025-08-08 08:51:01,200 - INFO - Got price for AMBUJACEM: Rs.585.40 from info_currentPrice
2025-08-08 08:51:01,204 - INFO - Analyzing CUMMINSIND...
2025-08-08 08:51:01,306 - INFO - Fetching live price for ASHOKLEY
2025-08-08 08:51:01,422 - INFO - Got price for TATASTEEL: Rs.158.25 from info_currentPrice
2025-08-08 08:51:01,422 - INFO - Analyzing TATACOMM...
2025-08-08 08:51:01,551 - INFO - Fetching live price for TATACOMM
2025-08-08 08:51:01,638 - INFO - Got price for ASHOKLEY: Rs.116.68 from info_currentPrice
2025-08-08 08:51:01,640 - INFO - Analyzing BHARATFORG...
2025-08-08 08:51:01,773 - INFO - Fetching live price for BHARATFORG
2025-08-08 08:51:01,863 - INFO - Got price for TATACOMM: Rs.1655.10 from info_currentPrice
2025-08-08 08:51:01,870 - INFO - Analyzing LT...
2025-08-08 08:51:01,990 - INFO - Fetching live price for LT
2025-08-08 08:51:02,122 - INFO - Got price for BHARATFORG: Rs.1141.10 from info_currentPrice
2025-08-08 08:51:02,141 - INFO - Analyzing M&M...
2025-08-08 08:51:02,267 - INFO - Fetching live price for M&M
2025-08-08 08:51:02,342 - INFO - Got price for LT: Rs.3630.20 from info_currentPrice
2025-08-08 08:51:02,358 - INFO - Analyzing BOSCHLTD...
2025-08-08 08:51:02,475 - INFO - Fetching live price for BOSCHLTD
2025-08-08 08:51:02,590 - INFO - Got price for M&M: Rs.3177.40 from info_currentPrice
2025-08-08 08:51:02,590 - INFO - Analyzing BPCL...
2025-08-08 08:51:02,692 - INFO - Fetching live price for BPCL
2025-08-08 08:51:02,823 - INFO - Got price for BOSCHLTD: Rs.38780.00 from info_currentPrice
2025-08-08 08:51:02,823 - INFO - Analyzing SIEMENS...
2025-08-08 08:51:02,927 - INFO - Fetching live price for SIEMENS
2025-08-08 08:51:03,009 - INFO - Got price for BPCL: Rs.320.85 from info_currentPrice
2025-08-08 08:51:03,025 - INFO - Analyzing TATAMOTORS...
2025-08-08 08:51:03,173 - INFO - Fetching live price for TATAMOTORS
2025-08-08 08:51:03,238 - INFO - Got price for SIEMENS: Rs.3087.90 from info_currentPrice
2025-08-08 08:51:03,243 - INFO - Analyzing VOLTAS...
2025-08-08 08:51:03,333 - INFO - Fetching live price for VOLTAS
2025-08-08 08:51:03,490 - INFO - Got price for TATAMOTORS: Rs.639.75 from info_currentPrice
2025-08-08 08:51:03,490 - INFO - Analyzing HINDUNILVR...
2025-08-08 08:51:03,597 - INFO - Fetching live price for HINDUNILVR
2025-08-08 08:51:03,626 - INFO - Got price for VOLTAS: Rs.1315.00 from info_currentPrice
2025-08-08 08:51:03,627 - INFO - Analyzing TATACHEM...
2025-08-08 08:51:03,743 - INFO - Fetching live price for TATACHEM
2025-08-08 08:51:03,922 - INFO - Got price for HINDUNILVR: Rs.2507.50 from info_currentPrice
2025-08-08 08:51:03,928 - INFO - Analyzing NESTLEIND...
2025-08-08 08:51:04,015 - INFO - Fetching live price for NESTLEIND
2025-08-08 08:51:04,061 - INFO - Got price for TATACHEM: Rs.951.90 from info_currentPrice
2025-08-08 08:51:04,063 - INFO - Analyzing TATACONSUM...
2025-08-08 08:51:04,156 - INFO - Fetching live price for TATACONSUM
2025-08-08 08:51:04,309 - INFO - Got price for NESTLEIND: Rs.1109.70 from info_currentPrice
2025-08-08 08:51:04,309 - INFO - Analyzing ASIANPAINT...
2025-08-08 08:51:04,443 - INFO - Fetching live price for ASIANPAINT
2025-08-08 08:51:04,465 - INFO - Fetching live price for CUMMINSIND
2025-08-08 08:51:04,478 - INFO - Got price for TATACONSUM: Rs.1060.00 from info_currentPrice
2025-08-08 08:51:04,478 - INFO - Analyzing BRITANNIA...
2025-08-08 08:51:04,626 - INFO - Fetching live price for BRITANNIA
2025-08-08 08:51:04,728 - INFO - Got price for ASIANPAINT: Rs.2500.10 from info_currentPrice
2025-08-08 08:51:04,728 - INFO - Analyzing COLPAL...
2025-08-08 08:51:04,838 - INFO - Fetching live price for COLPAL
2025-08-08 08:51:04,955 - INFO - Got price for BRITANNIA: Rs.5397.50 from info_currentPrice
2025-08-08 08:51:04,959 - INFO - Analyzing INDHOTEL...
2025-08-08 08:51:05,093 - INFO - Fetching live price for INDHOTEL
2025-08-08 08:51:05,093 - INFO - Got price for CUMMINSIND: Rs.3854.10 from info_currentPrice
2025-08-08 08:51:05,093 - INFO - Analyzing ITC...
2025-08-08 08:51:05,150 - INFO - Got price for COLPAL: Rs.2221.60 from info_currentPrice
2025-08-08 08:51:05,156 - INFO - Analyzing BALKRISIND...
2025-08-08 08:51:05,196 - INFO - Fetching live price for ITC
2025-08-08 08:51:05,245 - INFO - Fetching live price for BALKRISIND
2025-08-08 08:51:05,408 - INFO - Got price for INDHOTEL: Rs.743.00 from info_currentPrice
2025-08-08 08:51:05,428 - INFO - Analyzing PHOENIXLTD...
2025-08-08 08:51:05,577 - INFO - Fetching live price for PHOENIXLTD
2025-08-08 08:51:05,601 - INFO - Got price for ITC: Rs.414.70 from info_currentPrice
2025-08-08 08:51:05,606 - INFO - Analyzing SRF...
2025-08-08 08:51:05,608 - INFO - Got price for BALKRISIND: Rs.2436.40 from info_currentPrice
2025-08-08 08:51:05,611 - INFO - Analyzing EICHERMOT...
2025-08-08 08:51:05,723 - INFO - Fetching live price for SRF
2025-08-08 08:51:05,745 - INFO - Fetching live price for EICHERMOT
2025-08-08 08:51:05,910 - INFO - Got price for PHOENIXLTD: Rs.1430.00 from info_currentPrice
2025-08-08 08:51:05,926 - INFO - Analyzing WIPRO...
2025-08-08 08:51:06,028 - INFO - Fetching live price for WIPRO
2025-08-08 08:51:06,062 - INFO - Got price for EICHERMOT: Rs.5679.00 from info_currentPrice
2025-08-08 08:51:06,062 - INFO - Analyzing APOLLOHOSP...
2025-08-08 08:51:06,160 - INFO - Got price for SRF: Rs.2860.00 from info_currentPrice
2025-08-08 08:51:06,164 - INFO - Analyzing SUPREMEIND...
2025-08-08 08:51:06,195 - INFO - Fetching live price for APOLLOHOSP
2025-08-08 08:51:06,311 - INFO - Fetching live price for SUPREMEIND
2025-08-08 08:51:06,327 - INFO - Got price for WIPRO: Rs.240.89 from info_currentPrice
2025-08-08 08:51:06,344 - INFO - Analyzing SHRIRAMFIN...
2025-08-08 08:51:06,439 - INFO - Fetching live price for SHRIRAMFIN
2025-08-08 08:51:06,506 - INFO - Got price for APOLLOHOSP: Rs.7114.00 from info_currentPrice
2025-08-08 08:51:06,510 - INFO - Analyzing CHOLAFIN...
2025-08-08 08:51:06,602 - INFO - Fetching live price for CHOLAFIN
2025-08-08 08:51:06,727 - INFO - Got price for SHRIRAMFIN: Rs.617.05 from info_currentPrice
2025-08-08 08:51:06,727 - INFO - Analyzing UPL...
2025-08-08 08:51:06,783 - INFO - Got price for SUPREMEIND: Rs.4135.20 from info_currentPrice
2025-08-08 08:51:06,784 - INFO - Analyzing ADANIENT...
2025-08-08 08:51:06,831 - INFO - Fetching live price for UPL
2025-08-08 08:51:06,864 - INFO - Fetching live price for ADANIENT
2025-08-08 08:51:06,913 - INFO - Got price for CHOLAFIN: Rs.1469.50 from info_currentPrice
2025-08-08 08:51:06,913 - INFO - Analyzing LICI...
2025-08-08 08:51:07,046 - INFO - Fetching live price for LICI
2025-08-08 08:51:07,177 - INFO - Got price for UPL: Rs.695.25 from info_currentPrice
2025-08-08 08:51:07,177 - INFO - Analyzing DELHIVERY...
2025-08-08 08:51:07,231 - INFO - Got price for ADANIENT: Rs.2176.80 from info_currentPrice
2025-08-08 08:51:07,231 - INFO - Analyzing HINDCOPPER...
2025-08-08 08:51:07,283 - INFO - Fetching live price for DELHIVERY
2025-08-08 08:51:07,358 - INFO - Fetching live price for HINDCOPPER
2025-08-08 08:51:07,358 - INFO - Got price for LICI: Rs.914.85 from info_currentPrice
2025-08-08 08:51:07,364 - INFO - Analyzing MOTHERSON...
2025-08-08 08:51:07,501 - INFO - Fetching live price for MOTHERSON
2025-08-08 08:51:07,646 - INFO - Got price for DELHIVERY: Rs.463.90 from info_currentPrice
2025-08-08 08:51:07,646 - INFO - Analyzing HAVELLS...
2025-08-08 08:51:07,714 - INFO - Got price for HINDCOPPER: Rs.238.16 from info_currentPrice
2025-08-08 08:51:07,717 - INFO - Analyzing PPLPHARMA...
2025-08-08 08:51:07,765 - INFO - Fetching live price for HAVELLS
2025-08-08 08:51:07,798 - INFO - Fetching live price for PPLPHARMA
2025-08-08 08:51:07,818 - INFO - Got price for MOTHERSON: Rs.92.92 from info_currentPrice
2025-08-08 08:51:07,821 - INFO - Analyzing KEI...
2025-08-08 08:51:07,930 - INFO - Fetching live price for KEI
2025-08-08 08:51:08,096 - INFO - Got price for PPLPHARMA: Rs.192.50 from info_currentPrice
2025-08-08 08:51:08,112 - INFO - Analyzing KAYNES...
2025-08-08 08:51:08,130 - INFO - Got price for HAVELLS: Rs.1498.80 from info_currentPrice
2025-08-08 08:51:08,135 - INFO - Analyzing KFINTECH...
2025-08-08 08:51:08,231 - INFO - Fetching live price for KAYNES
2025-08-08 08:51:08,267 - INFO - Fetching live price for KFINTECH
2025-08-08 08:51:08,298 - INFO - Got price for KEI: Rs.3858.10 from info_currentPrice
2025-08-08 08:51:08,299 - INFO - Analyzing MANKIND...
2025-08-08 08:51:08,413 - INFO - Fetching live price for MANKIND
2025-08-08 08:51:08,562 - INFO - Got price for KAYNES: Rs.5943.50 from info_currentPrice
2025-08-08 08:51:08,599 - INFO - Got price for KFINTECH: Rs.1055.60 from info_currentPrice
2025-08-08 08:51:08,616 - INFO - Analyzing PIIND...
2025-08-08 08:51:08,622 - INFO - Analyzing POONAWALLA...
2025-08-08 08:51:08,729 - INFO - Fetching live price for POONAWALLA
2025-08-08 08:51:08,765 - INFO - Got price for MANKIND: Rs.2494.80 from info_currentPrice
2025-08-08 08:51:08,770 - INFO - Analyzing JIOFIN...
2025-08-08 08:51:08,777 - INFO - Fetching live price for PIIND
2025-08-08 08:51:08,892 - INFO - Fetching live price for JIOFIN
2025-08-08 08:51:09,061 - INFO - Got price for POONAWALLA: Rs.436.80 from info_currentPrice
2025-08-08 08:51:09,077 - INFO - Analyzing AARTIIND...
2025-08-08 08:51:09,121 - INFO - Got price for PIIND: Rs.3966.50 from info_currentPrice
2025-08-08 08:51:09,121 - INFO - Analyzing BSE...
2025-08-08 08:51:09,167 - INFO - Fetching live price for AARTIIND
2025-08-08 08:51:09,237 - INFO - Fetching live price for BSE
2025-08-08 08:51:09,238 - INFO - Got price for JIOFIN: Rs.322.70 from info_currentPrice
2025-08-08 08:51:09,242 - INFO - Analyzing DMART...
2025-08-08 08:51:09,356 - INFO - Fetching live price for DMART
2025-08-08 08:51:09,520 - INFO - Got price for AARTIIND: Rs.377.65 from info_currentPrice
2025-08-08 08:51:09,522 - INFO - Analyzing HUDCO...
2025-08-08 08:51:09,582 - INFO - Got price for BSE: Rs.2397.00 from info_currentPrice
2025-08-08 08:51:09,583 - INFO - Analyzing AUBANK...
2025-08-08 08:51:09,622 - INFO - Fetching live price for HUDCO
2025-08-08 08:51:09,695 - INFO - Got price for DMART: Rs.4216.70 from info_currentPrice
2025-08-08 08:51:09,701 - INFO - Analyzing CDSL...
2025-08-08 08:51:09,743 - INFO - Fetching live price for AUBANK
2025-08-08 08:51:09,842 - INFO - Fetching live price for CDSL
2025-08-08 08:51:09,933 - INFO - Got price for HUDCO: Rs.209.01 from info_currentPrice
2025-08-08 08:51:09,943 - INFO - Analyzing DIXON...
2025-08-08 08:51:10,042 - INFO - Fetching live price for DIXON
2025-08-08 08:51:10,185 - INFO - Got price for CDSL: Rs.1598.00 from info_currentPrice
2025-08-08 08:51:10,185 - INFO - Analyzing SUNPHARMA...
2025-08-08 08:51:10,251 - INFO - Got price for AUBANK: Rs.748.05 from info_currentPrice
2025-08-08 08:51:10,255 - INFO - Analyzing AUROPHARMA...
2025-08-08 08:51:10,301 - INFO - Fetching live price for SUNPHARMA
2025-08-08 08:51:10,350 - INFO - Got price for DIXON: Rs.16196.00 from info_currentPrice
2025-08-08 08:51:10,350 - INFO - Analyzing ABCAPITAL...
2025-08-08 08:51:10,371 - INFO - Fetching live price for AUROPHARMA
2025-08-08 08:51:10,433 - INFO - Fetching live price for ABCAPITAL
2025-08-08 08:51:10,661 - INFO - Got price for SUNPHARMA: Rs.1588.90 from info_currentPrice
2025-08-08 08:51:10,661 - INFO - Analyzing MPHASIS...
2025-08-08 08:51:10,684 - INFO - Got price for AUROPHARMA: Rs.1054.00 from info_currentPrice
2025-08-08 08:51:10,698 - INFO - Analyzing NMDC...
2025-08-08 08:51:10,739 - INFO - Got price for ABCAPITAL: Rs.273.45 from info_currentPrice
2025-08-08 08:51:10,752 - INFO - Analyzing IREDA...
2025-08-08 08:51:10,776 - INFO - Fetching live price for MPHASIS
2025-08-08 08:51:10,807 - INFO - Fetching live price for NMDC
2025-08-08 08:51:10,901 - INFO - Fetching live price for IREDA
2025-08-08 08:51:11,099 - INFO - Got price for MPHASIS: Rs.2684.90 from info_currentPrice
2025-08-08 08:51:11,099 - INFO - Analyzing TATATECH...
2025-08-08 08:51:11,139 - INFO - Got price for NMDC: Rs.71.23 from info_currentPrice
2025-08-08 08:51:11,151 - INFO - Analyzing SBILIFE...
2025-08-08 08:51:11,191 - INFO - Got price for IREDA: Rs.143.68 from info_currentPrice
2025-08-08 08:51:11,233 - INFO - Analyzing ICICIGI...
2025-08-08 08:51:11,234 - INFO - Fetching live price for TATATECH
2025-08-08 08:51:11,284 - INFO - Fetching live price for SBILIFE
2025-08-08 08:51:11,343 - INFO - Fetching live price for ICICIGI
2025-08-08 08:51:11,514 - INFO - Got price for TATATECH: Rs.666.30 from info_currentPrice
2025-08-08 08:51:11,514 - INFO - Analyzing IEX...
2025-08-08 08:51:11,618 - INFO - Fetching live price for IEX
2025-08-08 08:51:11,618 - INFO - Got price for SBILIFE: Rs.1841.40 from info_currentPrice
2025-08-08 08:51:11,618 - INFO - Analyzing TIINDIA...
2025-08-08 08:51:11,640 - INFO - Got price for ICICIGI: Rs.1899.70 from info_currentPrice
2025-08-08 08:51:11,650 - INFO - Analyzing HDFCLIFE...
2025-08-08 08:51:11,757 - INFO - Fetching live price for TIINDIA
2025-08-08 08:51:11,790 - INFO - Fetching live price for HDFCLIFE
2025-08-08 08:51:11,952 - INFO - Got price for IEX: Rs.139.26 from info_currentPrice
2025-08-08 08:51:11,968 - INFO - Analyzing AMBER...
2025-08-08 08:51:12,100 - INFO - Fetching live price for AMBER
2025-08-08 08:51:12,100 - INFO - Got price for TIINDIA: Rs.2910.00 from info_currentPrice
2025-08-08 08:51:12,100 - INFO - Analyzing BDL...
2025-08-08 08:51:12,100 - INFO - Got price for HDFCLIFE: Rs.762.65 from info_currentPrice
2025-08-08 08:51:12,116 - INFO - Analyzing BANDHANBNK...
2025-08-08 08:51:12,236 - INFO - Fetching live price for BANDHANBNK
2025-08-08 08:51:12,257 - INFO - Fetching live price for BDL
2025-08-08 08:51:12,432 - INFO - Got price for AMBER: Rs.7615.00 from info_currentPrice
2025-08-08 08:51:12,432 - INFO - Analyzing HAL...
2025-08-08 08:51:12,551 - INFO - Fetching live price for HAL
2025-08-08 08:51:12,551 - INFO - Got price for BDL: Rs.1523.90 from info_currentPrice
2025-08-08 08:51:12,551 - INFO - Analyzing ADANIGREEN...
2025-08-08 08:51:12,592 - INFO - Got price for BANDHANBNK: Rs.165.90 from info_currentPrice
2025-08-08 08:51:12,603 - INFO - Analyzing HDFCAMC...
2025-08-08 08:51:12,669 - INFO - Fetching live price for ADANIGREEN
2025-08-08 08:51:12,692 - INFO - Fetching live price for HDFCAMC
2025-08-08 08:51:12,899 - INFO - Got price for HAL: Rs.4472.50 from info_currentPrice
2025-08-08 08:51:12,905 - INFO - Analyzing ATGL...
2025-08-08 08:51:12,976 - INFO - Got price for HDFCAMC: Rs.5628.00 from info_currentPrice
2025-08-08 08:51:12,985 - INFO - Analyzing IOC...
2025-08-08 08:51:13,027 - INFO - Fetching live price for ATGL
2025-08-08 08:51:13,093 - INFO - Fetching live price for IOC
2025-08-08 08:51:13,143 - INFO - Got price for ADANIGREEN: Rs.923.65 from info_currentPrice
2025-08-08 08:51:13,146 - INFO - Analyzing MANAPPURAM...
2025-08-08 08:51:13,269 - INFO - Fetching live price for MANAPPURAM
2025-08-08 08:51:13,342 - INFO - Got price for ATGL: Rs.592.05 from info_currentPrice
2025-08-08 08:51:13,347 - INFO - Analyzing CONCOR...
2025-08-08 08:51:13,446 - INFO - Fetching live price for CONCOR
2025-08-08 08:51:13,553 - INFO - Got price for IOC: Rs.141.31 from info_currentPrice
2025-08-08 08:51:13,568 - INFO - Analyzing RVNL...
2025-08-08 08:51:13,575 - INFO - Got price for MANAPPURAM: Rs.263.75 from info_currentPrice
2025-08-08 08:51:13,584 - INFO - Analyzing POLYCAB...
2025-08-08 08:51:13,695 - INFO - Fetching live price for RVNL
2025-08-08 08:51:13,753 - INFO - Fetching live price for POLYCAB
2025-08-08 08:51:13,759 - INFO - Got price for CONCOR: Rs.562.30 from info_currentPrice
2025-08-08 08:51:13,759 - INFO - Analyzing KPITTECH...
2025-08-08 08:51:13,886 - INFO - Fetching live price for KPITTECH
2025-08-08 08:51:14,061 - INFO - Got price for POLYCAB: Rs.6820.00 from info_currentPrice
2025-08-08 08:51:14,070 - INFO - Analyzing MARICO...
2025-08-08 08:51:14,188 - INFO - Got price for RVNL: Rs.341.25 from info_currentPrice
2025-08-08 08:51:14,188 - INFO - Analyzing 360ONE...
2025-08-08 08:51:14,220 - INFO - Got price for KPITTECH: Rs.1200.00 from info_currentPrice
2025-08-08 08:51:14,220 - INFO - Fetching live price for MARICO
2025-08-08 08:51:14,220 - INFO - Analyzing IRCTC...
2025-08-08 08:51:14,300 - INFO - Fetching live price for 360ONE
2025-08-08 08:51:14,334 - INFO - Fetching live price for IRCTC
2025-08-08 08:51:14,539 - INFO - Got price for MARICO: Rs.709.80 from info_currentPrice
2025-08-08 08:51:14,539 - INFO - Analyzing SBICARD...
2025-08-08 08:51:14,634 - INFO - Fetching live price for SBICARD
2025-08-08 08:51:14,665 - INFO - Got price for 360ONE: Rs.1053.70 from info_currentPrice
2025-08-08 08:51:14,665 - INFO - Analyzing MAXHEALTH...
2025-08-08 08:51:14,665 - INFO - Got price for IRCTC: Rs.722.45 from info_currentPrice
2025-08-08 08:51:14,681 - INFO - Analyzing BANKBARODA...
2025-08-08 08:51:14,793 - INFO - Fetching live price for BANKBARODA
2025-08-08 08:51:14,904 - INFO - Fetching live price for MAXHEALTH
2025-08-08 08:51:14,983 - INFO - Got price for SBICARD: Rs.791.95 from info_currentPrice
2025-08-08 08:51:14,999 - INFO - Analyzing BANKINDIA...
2025-08-08 08:51:15,111 - INFO - Got price for BANKBARODA: Rs.239.49 from info_currentPrice
2025-08-08 08:51:15,113 - INFO - Analyzing CAMS...
2025-08-08 08:51:15,113 - INFO - Fetching live price for BANKINDIA
2025-08-08 08:51:15,206 - INFO - Fetching live price for CAMS
2025-08-08 08:51:15,206 - INFO - Got price for MAXHEALTH: Rs.1249.00 from info_currentPrice
2025-08-08 08:51:15,211 - INFO - Analyzing GAIL...
2025-08-08 08:51:15,301 - INFO - Fetching live price for GAIL
2025-08-08 08:51:15,445 - INFO - Got price for BANKINDIA: Rs.111.16 from info_currentPrice
2025-08-08 08:51:15,445 - INFO - Analyzing ANGELONE...
2025-08-08 08:51:15,508 - INFO - Got price for CAMS: Rs.3785.30 from info_currentPrice
2025-08-08 08:51:15,508 - INFO - Analyzing ICICIBANK...
2025-08-08 08:51:15,539 - INFO - Fetching live price for ANGELONE
2025-08-08 08:51:15,603 - INFO - Fetching live price for ICICIBANK
2025-08-08 08:51:15,603 - INFO - Got price for GAIL: Rs.171.31 from info_currentPrice
2025-08-08 08:51:15,603 - INFO - Analyzing CYIENT...
2025-08-08 08:51:15,730 - INFO - Fetching live price for CYIENT
2025-08-08 08:51:15,826 - INFO - Got price for ANGELONE: Rs.2585.60 from info_currentPrice
2025-08-08 08:51:15,826 - INFO - Analyzing MAZDOCK...
2025-08-08 08:51:15,922 - INFO - Fetching live price for MAZDOCK
2025-08-08 08:51:15,922 - INFO - Got price for ICICIBANK: Rs.1437.30 from info_currentPrice
2025-08-08 08:51:15,922 - INFO - Analyzing INDUSINDBK...
2025-08-08 08:51:16,001 - INFO - Fetching live price for INDUSINDBK
2025-08-08 08:51:16,096 - INFO - Got price for CYIENT: Rs.1176.80 from info_currentPrice
2025-08-08 08:51:16,108 - INFO - Analyzing AXISBANK...
2025-08-08 08:51:16,254 - INFO - Got price for MAZDOCK: Rs.2667.70 from info_currentPrice
2025-08-08 08:51:16,255 - INFO - Fetching live price for AXISBANK
2025-08-08 08:51:16,255 - INFO - Analyzing NATIONALUM...
2025-08-08 08:51:16,365 - INFO - Fetching live price for NATIONALUM
2025-08-08 08:51:16,365 - INFO - Got price for INDUSINDBK: Rs.793.55 from info_currentPrice
2025-08-08 08:51:16,365 - INFO - Analyzing HCLTECH...
2025-08-08 08:51:16,460 - INFO - Fetching live price for HCLTECH
2025-08-08 08:51:16,556 - INFO - Got price for AXISBANK: Rs.1062.30 from info_currentPrice
2025-08-08 08:51:16,569 - INFO - Analyzing JINDALSTEL...
2025-08-08 08:51:16,682 - INFO - Fetching live price for JINDALSTEL
2025-08-08 08:51:16,682 - INFO - Got price for NATIONALUM: Rs.187.90 from info_currentPrice
2025-08-08 08:51:16,682 - INFO - Analyzing GLENMARK...
2025-08-08 08:51:16,777 - INFO - Fetching live price for GLENMARK
2025-08-08 08:51:16,809 - INFO - Got price for HCLTECH: Rs.1475.90 from info_currentPrice
2025-08-08 08:51:16,809 - INFO - Analyzing ZYDUSLIFE...
2025-08-08 08:51:16,889 - INFO - Fetching live price for ZYDUSLIFE
2025-08-08 08:51:17,001 - INFO - Got price for JINDALSTEL: Rs.982.90 from info_currentPrice
2025-08-08 08:51:17,003 - INFO - Analyzing TVSMOTOR...
2025-08-08 08:51:17,067 - INFO - Got price for GLENMARK: Rs.2031.30 from info_currentPrice
2025-08-08 08:51:17,067 - INFO - Analyzing BSOFT...
2025-08-08 08:51:17,119 - INFO - Fetching live price for TVSMOTOR
2025-08-08 08:51:17,162 - INFO - Fetching live price for BSOFT
2025-08-08 08:51:17,178 - INFO - Got price for ZYDUSLIFE: Rs.945.45 from info_currentPrice
2025-08-08 08:51:17,194 - INFO - Analyzing GODREJCP...
2025-08-08 08:51:17,273 - INFO - Fetching live price for GODREJCP
2025-08-08 08:51:17,417 - INFO - Got price for TVSMOTOR: Rs.2986.90 from info_currentPrice
2025-08-08 08:51:17,417 - INFO - Analyzing UNITDSPR...
2025-08-08 08:51:17,457 - INFO - Got price for BSOFT: Rs.369.70 from info_currentPrice
2025-08-08 08:51:17,464 - INFO - Analyzing BHARTIARTL...
2025-08-08 08:51:17,543 - INFO - Fetching live price for UNITDSPR
2025-08-08 08:51:17,591 - INFO - Got price for GODREJCP: Rs.1201.30 from info_currentPrice
2025-08-08 08:51:17,591 - INFO - Analyzing PNB...
2025-08-08 08:51:17,607 - INFO - Fetching live price for BHARTIARTL
2025-08-08 08:51:17,750 - INFO - Fetching live price for PNB
2025-08-08 08:51:17,829 - INFO - Got price for UNITDSPR: Rs.1305.10 from info_currentPrice
2025-08-08 08:51:17,843 - INFO - Analyzing OFSS...
2025-08-08 08:51:17,908 - INFO - Got price for BHARTIARTL: Rs.1870.00 from info_currentPrice
2025-08-08 08:51:17,924 - INFO - Analyzing UNIONBANK...
2025-08-08 08:51:17,940 - INFO - Fetching live price for OFSS
2025-08-08 08:51:18,020 - INFO - Fetching live price for UNIONBANK
2025-08-08 08:51:18,067 - INFO - Got price for PNB: Rs.104.36 from info_currentPrice
2025-08-08 08:51:18,075 - INFO - Analyzing GRANULES...
2025-08-08 08:51:18,179 - INFO - Fetching live price for GRANULES
2025-08-08 08:51:18,246 - INFO - Got price for OFSS: Rs.8508.50 from info_currentPrice
2025-08-08 08:51:18,246 - INFO - Analyzing CANBK...
2025-08-08 08:51:18,306 - INFO - Got price for UNIONBANK: Rs.131.08 from info_currentPrice
2025-08-08 08:51:18,306 - INFO - Analyzing DIVISLAB...
2025-08-08 08:51:18,338 - INFO - Fetching live price for CANBK
2025-08-08 08:51:18,427 - INFO - Fetching live price for DIVISLAB
2025-08-08 08:51:18,481 - INFO - Got price for GRANULES: Rs.445.95 from info_currentPrice
2025-08-08 08:51:18,481 - INFO - Analyzing MARUTI...
2025-08-08 08:51:18,575 - INFO - Fetching live price for MARUTI
2025-08-08 08:51:18,638 - INFO - Got price for CANBK: Rs.108.00 from info_currentPrice
2025-08-08 08:51:18,654 - INFO - Analyzing JSL...
2025-08-08 08:51:18,749 - INFO - Fetching live price for JSL
2025-08-08 08:51:18,940 - INFO - Got price for DIVISLAB: Rs.6025.00 from info_currentPrice
2025-08-08 08:51:18,947 - INFO - Analyzing IGL...
2025-08-08 08:51:19,051 - INFO - Fetching live price for IGL
2025-08-08 08:51:19,051 - INFO - Got price for MARUTI: Rs.12656.00 from info_currentPrice
2025-08-08 08:51:19,059 - INFO - Analyzing PETRONET...
2025-08-08 08:51:19,083 - INFO - Got price for JSL: Rs.691.10 from info_currentPrice
2025-08-08 08:51:19,083 - INFO - Analyzing BIOCON...
2025-08-08 08:51:19,165 - INFO - Fetching live price for PETRONET
2025-08-08 08:51:19,186 - INFO - Fetching live price for BIOCON
2025-08-08 08:51:19,359 - INFO - Got price for IGL: Rs.202.92 from info_currentPrice
2025-08-08 08:51:19,359 - INFO - Analyzing ULTRACEMCO...
2025-08-08 08:51:19,459 - INFO - Fetching live price for ULTRACEMCO
2025-08-08 08:51:19,465 - INFO - Got price for PETRONET: Rs.275.90 from info_currentPrice
2025-08-08 08:51:19,465 - INFO - Analyzing UNOMINDA...
2025-08-08 08:51:19,591 - INFO - Fetching live price for UNOMINDA
2025-08-08 08:51:19,721 - INFO - Got price for BIOCON: Rs.352.15 from info_currentPrice
2025-08-08 08:51:19,721 - INFO - Analyzing TCS...
2025-08-08 08:51:19,783 - INFO - Got price for ULTRACEMCO: Rs.12197.00 from info_currentPrice
2025-08-08 08:51:19,783 - INFO - Analyzing COFORGE...
2025-08-08 08:51:19,862 - INFO - Fetching live price for TCS
2025-08-08 08:51:19,894 - INFO - Fetching live price for COFORGE
2025-08-08 08:51:19,894 - INFO - Got price for UNOMINDA: Rs.1092.00 from info_currentPrice
2025-08-08 08:51:19,894 - INFO - Analyzing NTPC...
2025-08-08 08:51:20,021 - INFO - Fetching live price for NTPC
2025-08-08 08:51:20,228 - INFO - Got price for COFORGE: Rs.1613.90 from info_currentPrice
2025-08-08 08:51:20,237 - INFO - Analyzing IIFL...
2025-08-08 08:51:20,308 - INFO - Got price for NTPC: Rs.337.40 from info_currentPrice
2025-08-08 08:51:20,308 - INFO - Analyzing YESBANK...
2025-08-08 08:51:20,339 - INFO - Fetching live price for IIFL
2025-08-08 08:51:20,419 - INFO - Got price for TCS: Rs.3042.90 from info_currentPrice
2025-08-08 08:51:20,419 - INFO - Fetching live price for YESBANK
2025-08-08 08:51:20,419 - INFO - Analyzing M&MFIN...
2025-08-08 08:51:20,546 - INFO - Fetching live price for M&MFIN
2025-08-08 08:51:20,696 - INFO - Got price for IIFL: Rs.452.90 from info_currentPrice
2025-08-08 08:51:20,700 - INFO - Analyzing SOLARINDS...
2025-08-08 08:51:20,721 - INFO - Got price for YESBANK: Rs.18.65 from info_currentPrice
2025-08-08 08:51:20,728 - INFO - Analyzing GMRAIRPORT...
2025-08-08 08:51:20,801 - INFO - Fetching live price for SOLARINDS
2025-08-08 08:51:20,848 - INFO - Fetching live price for GMRAIRPORT
2025-08-08 08:51:20,879 - INFO - Got price for M&MFIN: Rs.255.00 from info_currentPrice
2025-08-08 08:51:20,879 - INFO - Analyzing TECHM...
2025-08-08 08:51:20,994 - INFO - Fetching live price for TECHM
2025-08-08 08:51:21,169 - INFO - Got price for GMRAIRPORT: Rs.89.50 from info_currentPrice
2025-08-08 08:51:21,171 - INFO - Analyzing NAUKRI...
2025-08-08 08:51:21,171 - INFO - Got price for SOLARINDS: Rs.14409.00 from info_currentPrice
2025-08-08 08:51:21,178 - INFO - Analyzing TORNTPOWER...
2025-08-08 08:51:21,278 - INFO - Fetching live price for NAUKRI
2025-08-08 08:51:21,294 - INFO - Got price for TECHM: Rs.1485.90 from info_currentPrice
2025-08-08 08:51:21,294 - INFO - Fetching live price for TORNTPOWER
2025-08-08 08:51:21,294 - INFO - Analyzing PFC...
2025-08-08 08:51:21,405 - INFO - Fetching live price for PFC
2025-08-08 08:51:21,610 - INFO - Got price for NAUKRI: Rs.1348.70 from info_currentPrice
2025-08-08 08:51:21,613 - INFO - Analyzing INDIANB...
2025-08-08 08:51:21,613 - INFO - Got price for TORNTPOWER: Rs.1351.70 from info_currentPrice
2025-08-08 08:51:21,613 - INFO - Analyzing IDEA...
2025-08-08 08:51:21,706 - INFO - Fetching live price for INDIANB
2025-08-08 08:51:21,725 - INFO - Fetching live price for IDEA
2025-08-08 08:51:21,754 - INFO - Got price for PFC: Rs.407.50 from info_currentPrice
2025-08-08 08:51:21,757 - INFO - Analyzing PAGEIND...
2025-08-08 08:51:21,866 - INFO - Fetching live price for PAGEIND
2025-08-08 08:51:22,008 - INFO - Got price for INDIANB: Rs.650.55 from info_currentPrice
2025-08-08 08:51:22,008 - INFO - Analyzing ASTRAL...
2025-08-08 08:51:22,119 - INFO - Fetching live price for ASTRAL
2025-08-08 08:51:22,167 - INFO - Got price for PAGEIND: Rs.44710.00 from info_currentPrice
2025-08-08 08:51:22,182 - INFO - SIGNAL: SELL PAGEIND @ Rs.44710.00 (Confidence: 90%)
2025-08-08 08:51:22,182 - INFO - Analyzing FORTIS...
2025-08-08 08:51:22,246 - INFO - Got price for IDEA: Rs.6.62 from info_currentPrice
2025-08-08 08:51:22,246 - INFO - Analyzing DLF...
2025-08-08 08:51:22,287 - INFO - Fetching live price for FORTIS
2025-08-08 08:51:22,363 - INFO - Fetching live price for DLF
2025-08-08 08:51:22,436 - INFO - Got price for ASTRAL: Rs.1390.70 from info_currentPrice
2025-08-08 08:51:22,436 - INFO - Analyzing POWERGRID...
2025-08-08 08:51:22,546 - INFO - Fetching live price for POWERGRID
2025-08-08 08:51:22,578 - INFO - Got price for FORTIS: Rs.904.00 from info_currentPrice
2025-08-08 08:51:22,594 - INFO - Analyzing ADANIPORTS...
2025-08-08 08:51:22,674 - INFO - Got price for DLF: Rs.756.85 from info_currentPrice
2025-08-08 08:51:22,689 - INFO - Analyzing IRB...
2025-08-08 08:51:22,721 - INFO - Fetching live price for ADANIPORTS
2025-08-08 08:51:22,832 - INFO - Fetching live price for IRB
2025-08-08 08:51:23,027 - INFO - Got price for ADANIPORTS: Rs.1322.80 from info_currentPrice
2025-08-08 08:51:23,039 - INFO - Analyzing RECLTD...
2025-08-08 08:51:23,092 - INFO - Got price for POWERGRID: Rs.285.00 from info_currentPrice
2025-08-08 08:51:23,092 - INFO - Analyzing TITAGARH...
2025-08-08 08:51:23,137 - INFO - Fetching live price for RECLTD
2025-08-08 08:51:23,165 - INFO - Got price for IRB: Rs.44.04 from info_currentPrice
2025-08-08 08:51:23,180 - INFO - Analyzing BAJAJ-AUTO...
2025-08-08 08:51:23,228 - INFO - Fetching live price for TITAGARH
2025-08-08 08:51:23,276 - INFO - Fetching live price for BAJAJ-AUTO
2025-08-08 08:51:23,499 - INFO - Got price for RECLTD: Rs.383.70 from info_currentPrice
2025-08-08 08:51:23,499 - INFO - Analyzing BAJAJFINSV...
2025-08-08 08:51:23,515 - INFO - Got price for TITAGARH: Rs.827.20 from info_currentPrice
2025-08-08 08:51:23,528 - INFO - Analyzing NHPC...
2025-08-08 08:51:23,578 - INFO - Got price for BAJAJ-AUTO: Rs.8245.00 from info_currentPrice
2025-08-08 08:51:23,594 - INFO - Analyzing OIL...
2025-08-08 08:51:23,674 - INFO - Fetching live price for BAJAJFINSV
2025-08-08 08:51:23,674 - INFO - Fetching live price for NHPC
2025-08-08 08:51:23,765 - INFO - Fetching live price for OIL
2025-08-08 08:51:23,965 - INFO - Got price for NHPC: Rs.82.34 from info_currentPrice
2025-08-08 08:51:23,975 - INFO - Analyzing JSWENERGY...
2025-08-08 08:51:23,981 - INFO - Got price for BAJAJFINSV: Rs.1920.40 from info_currentPrice
2025-08-08 08:51:23,991 - INFO - Analyzing GODREJPROP...
2025-08-08 08:51:24,081 - INFO - Fetching live price for JSWENERGY
2025-08-08 08:51:24,081 - INFO - Got price for OIL: Rs.435.30 from info_currentPrice
2025-08-08 08:51:24,087 - INFO - Analyzing JUBLFOOD...
2025-08-08 08:51:24,120 - INFO - Fetching live price for GODREJPROP
2025-08-08 08:51:24,181 - INFO - Fetching live price for JUBLFOOD
2025-08-08 08:51:24,373 - INFO - Got price for JSWENERGY: Rs.528.50 from info_currentPrice
2025-08-08 08:51:24,383 - INFO - Analyzing PERSISTENT...
2025-08-08 08:51:24,453 - INFO - Got price for GODREJPROP: Rs.1995.80 from info_currentPrice
2025-08-08 08:51:24,453 - INFO - Analyzing SJVN...
2025-08-08 08:51:24,469 - INFO - Fetching live price for PERSISTENT
2025-08-08 08:51:24,485 - INFO - Got price for JUBLFOOD: Rs.629.60 from info_currentPrice
2025-08-08 08:51:24,485 - INFO - Analyzing OBEROIRLTY...
2025-08-08 08:51:24,564 - INFO - Fetching live price for SJVN
2025-08-08 08:51:24,627 - INFO - Fetching live price for OBEROIRLTY
2025-08-08 08:51:24,802 - INFO - Got price for PERSISTENT: Rs.5146.00 from info_currentPrice
2025-08-08 08:51:24,802 - INFO - Analyzing PRESTIGE...
2025-08-08 08:51:24,882 - INFO - Fetching live price for PRESTIGE
2025-08-08 08:51:24,934 - INFO - Got price for SJVN: Rs.93.22 from info_currentPrice
2025-08-08 08:51:24,934 - INFO - Analyzing COALINDIA...
2025-08-08 08:51:24,977 - INFO - Got price for OBEROIRLTY: Rs.1587.20 from info_currentPrice
2025-08-08 08:51:24,977 - INFO - Analyzing DALBHARAT...
2025-08-08 08:51:25,046 - INFO - Fetching live price for COALINDIA
2025-08-08 08:51:25,088 - INFO - Fetching live price for DALBHARAT
2025-08-08 08:51:25,183 - INFO - Got price for PRESTIGE: Rs.1608.20 from info_currentPrice
2025-08-08 08:51:25,183 - INFO - Analyzing MUTHOOTFIN...
2025-08-08 08:51:25,267 - INFO - Fetching live price for MUTHOOTFIN
2025-08-08 08:51:25,341 - INFO - Got price for COALINDIA: Rs.380.75 from info_currentPrice
2025-08-08 08:51:25,341 - INFO - Analyzing LTF...
2025-08-08 08:51:25,405 - INFO - Got price for DALBHARAT: Rs.2241.40 from info_currentPrice
2025-08-08 08:51:25,405 - INFO - Analyzing PGEL...
2025-08-08 08:51:25,436 - INFO - Fetching live price for LTF
2025-08-08 08:51:25,515 - INFO - Fetching live price for PGEL
2025-08-08 08:51:25,584 - INFO - Got price for MUTHOOTFIN: Rs.2638.40 from info_currentPrice
2025-08-08 08:51:25,586 - INFO - Analyzing APLAPOLLO...
2025-08-08 08:51:25,673 - INFO - Fetching live price for APLAPOLLO
2025-08-08 08:51:25,786 - INFO - Got price for LTF: Rs.197.32 from info_currentPrice
2025-08-08 08:51:25,786 - INFO - Analyzing MCX...
2025-08-08 08:51:25,835 - INFO - Got price for PGEL: Rs.720.05 from info_currentPrice
2025-08-08 08:51:25,837 - INFO - Analyzing NBCC...
2025-08-08 08:51:25,887 - INFO - Fetching live price for MCX
2025-08-08 08:51:25,926 - INFO - Fetching live price for NBCC
2025-08-08 08:51:26,148 - INFO - Got price for APLAPOLLO: Rs.1589.20 from info_currentPrice
2025-08-08 08:51:26,148 - INFO - Analyzing IRFC...
2025-08-08 08:51:26,183 - INFO - Got price for MCX: Rs.7779.00 from info_currentPrice
2025-08-08 08:51:26,196 - INFO - Analyzing INDUSTOWER...
2025-08-08 08:51:26,243 - INFO - Fetching live price for IRFC
2025-08-08 08:51:26,243 - INFO - Got price for NBCC: Rs.107.44 from info_currentPrice
2025-08-08 08:51:26,243 - INFO - Analyzing KALYANKJIL...
2025-08-08 08:51:26,323 - INFO - Fetching live price for INDUSTOWER
2025-08-08 08:51:26,354 - INFO - Fetching live price for KALYANKJIL
2025-08-08 08:51:26,576 - INFO - Got price for IRFC: Rs.126.35 from info_currentPrice
2025-08-08 08:51:26,576 - INFO - Analyzing ABFRL...
2025-08-08 08:51:26,608 - INFO - Got price for INDUSTOWER: Rs.336.05 from info_currentPrice
2025-08-08 08:51:26,620 - INFO - Analyzing LODHA...
2025-08-08 08:51:26,688 - INFO - Fetching live price for ABFRL
2025-08-08 08:51:26,724 - INFO - Got price for KALYANKJIL: Rs.539.75 from info_currentPrice
2025-08-08 08:51:26,724 - INFO - Analyzing SONACOMS...
2025-08-08 08:51:26,751 - INFO - Fetching live price for LODHA
2025-08-08 08:51:26,817 - INFO - Fetching live price for SONACOMS
2025-08-08 08:51:26,998 - INFO - Got price for ABFRL: Rs.75.34 from info_currentPrice
2025-08-08 08:51:26,998 - INFO - Analyzing ETERNAL...
2025-08-08 08:51:27,085 - INFO - Got price for LODHA: Rs.1217.90 from info_currentPrice
2025-08-08 08:51:27,101 - INFO - Analyzing NYKAA...
2025-08-08 08:51:27,119 - INFO - Got price for SONACOMS: Rs.446.70 from info_currentPrice
2025-08-08 08:51:27,119 - INFO - Fetching live price for ETERNAL
2025-08-08 08:51:27,119 - INFO - Analyzing POLICYBZR...
2025-08-08 08:51:27,212 - INFO - Fetching live price for NYKAA
2025-08-08 08:51:27,228 - INFO - Fetching live price for POLICYBZR
2025-08-08 08:51:27,419 - INFO - Got price for ETERNAL: Rs.301.30 from info_currentPrice
2025-08-08 08:51:27,419 - INFO - Analyzing PAYTM...
2025-08-08 08:51:27,499 - INFO - Got price for NYKAA: Rs.205.61 from info_currentPrice
2025-08-08 08:51:27,515 - INFO - Analyzing INOXWIND...
2025-08-08 08:51:27,610 - INFO - Fetching live price for PAYTM
2025-08-08 08:51:27,658 - INFO - Fetching live price for INOXWIND
2025-08-08 08:51:27,772 - INFO - Got price for POLICYBZR: Rs.1774.80 from info_currentPrice
2025-08-08 08:51:27,778 - INFO - Analyzing ADANIENSOL...
2025-08-08 08:51:27,899 - INFO - Fetching live price for ADANIENSOL
2025-08-08 08:51:27,915 - INFO - Got price for PAYTM: Rs.1067.10 from info_currentPrice
2025-08-08 08:51:27,931 - INFO - Analyzing SYNGENE...
2025-08-08 08:51:27,978 - INFO - Got price for INOXWIND: Rs.142.39 from info_currentPrice
2025-08-08 08:51:27,978 - INFO - Analyzing IDFCFIRSTB...
2025-08-08 08:51:28,018 - INFO - Fetching live price for SYNGENE
2025-08-08 08:51:28,089 - INFO - Fetching live price for IDFCFIRSTB
2025-08-08 08:51:28,251 - INFO - Got price for ADANIENSOL: Rs.790.25 from info_currentPrice
2025-08-08 08:51:28,258 - INFO - Analyzing INDIGO...
2025-08-08 08:51:28,348 - INFO - Got price for SYNGENE: Rs.669.35 from info_currentPrice
2025-08-08 08:51:28,351 - INFO - Analyzing ALKEM...
2025-08-08 08:51:28,371 - INFO - Fetching live price for INDIGO
2025-08-08 08:51:28,413 - INFO - Got price for IDFCFIRSTB: Rs.69.55 from info_currentPrice
2025-08-08 08:51:28,422 - INFO - Analyzing CROMPTON...
2025-08-08 08:51:28,459 - INFO - Fetching live price for ALKEM
2025-08-08 08:51:28,535 - INFO - Fetching live price for CROMPTON
2025-08-08 08:51:28,687 - INFO - Got price for INDIGO: Rs.5793.50 from info_currentPrice
2025-08-08 08:51:28,706 - INFO - Analyzing MGL...
2025-08-08 08:51:28,814 - INFO - Fetching live price for MGL
2025-08-08 08:51:28,825 - INFO - Got price for CROMPTON: Rs.317.90 from info_currentPrice
2025-08-08 08:51:28,825 - INFO - Analyzing LTIM...
2025-08-08 08:51:28,919 - INFO - Fetching live price for LTIM
2025-08-08 08:51:28,935 - INFO - Got price for ALKEM: Rs.4811.00 from info_currentPrice
2025-08-08 08:51:28,953 - INFO - Analyzing RBLBANK...
2025-08-08 08:51:29,089 - INFO - Fetching live price for RBLBANK
2025-08-08 08:51:29,109 - INFO - Got price for MGL: Rs.1316.40 from info_currentPrice
2025-08-08 08:51:29,120 - INFO - Analyzing ICICIPRULI...
2025-08-08 08:51:29,248 - INFO - Fetching live price for ICICIPRULI
2025-08-08 08:51:29,258 - INFO - Got price for LTIM: Rs.5029.50 from info_currentPrice
2025-08-08 08:51:29,267 - INFO - Analyzing PNBHOUSING...
2025-08-08 08:51:29,371 - INFO - Fetching live price for PNBHOUSING
2025-08-08 08:51:29,454 - INFO - Got price for RBLBANK: Rs.265.15 from info_currentPrice
2025-08-08 08:51:29,454 - INFO - Analyzing VBL...
2025-08-08 08:51:29,554 - INFO - Got price for ICICIPRULI: Rs.615.65 from info_currentPrice
2025-08-08 08:51:29,554 - INFO - Fetching live price for VBL
2025-08-08 08:51:29,688 - INFO - Got price for PNBHOUSING: Rs.782.00 from info_currentPrice
2025-08-08 08:51:29,691 - INFO - SIGNAL: BUY PNBHOUSING @ Rs.782.00 (Confidence: 85%)
2025-08-08 08:51:29,894 - INFO - Got price for VBL: Rs.500.35 from info_currentPrice
2025-08-08 08:51:29,901 - INFO - Analysis complete: 224 successful, 0 failed
2025-08-08 08:51:29,901 - INFO - Found 2 actionable signals
2025-08-08 08:51:29,902 - INFO - ================================================================================
2025-08-08 08:51:29,902 - INFO - SWING TRADING SIGNALS - 2025-08-08 13:21:29 IST
2025-08-08 08:51:29,903 - INFO - ================================================================================
2025-08-08 08:51:29,904 - INFO - ================================================================================
2025-08-08 08:51:29,904 - INFO - SUMMARY: 1 BUY signals, 1 SELL signals
2025-08-08 08:51:29,904 - INFO - Price Source: Yahoo Finance Live
2025-08-08 08:51:29,904 - INFO - Strategy: EMA(2)/SMA(50) Crossover + RSI
2025-08-08 08:51:29,904 - INFO - ================================================================================
2025-08-08 08:51:29,924 - INFO - Signals saved: swing_signals_yahoo_20250808_1321.json
2025-08-08 08:56:29,952 - INFO - Starting swing analysis for all stocks...
2025-08-08 08:56:29,952 - INFO - Analyzing 224 stocks
2025-08-08 08:56:29,952 - INFO - Analyzing ABB...
2025-08-08 08:56:29,952 - INFO - Analyzing LAURUSLABS...
2025-08-08 08:56:29,952 - INFO - Analyzing BAJFINANCE...
2025-08-08 08:56:30,120 - INFO - Fetching live price for ABB
2025-08-08 08:56:30,120 - INFO - Fetching live price for BAJFINANCE
2025-08-08 08:56:30,142 - INFO - Fetching live price for LAURUSLABS
2025-08-08 08:56:30,476 - INFO - Got price for ABB: Rs.5095.00 from info_currentPrice
2025-08-08 08:56:30,476 - INFO - Got price for LAURUSLABS: Rs.831.65 from info_currentPrice
2025-08-08 08:56:30,476 - INFO - Analyzing BEL...
2025-08-08 08:56:30,476 - INFO - Analyzing BLUESTARCO...
2025-08-08 08:56:30,584 - INFO - Fetching live price for BEL
2025-08-08 08:56:30,587 - INFO - Fetching live price for BLUESTARCO
2025-08-08 08:56:30,631 - INFO - Got price for BAJFINANCE: Rs.879.35 from info_currentPrice
2025-08-08 08:56:30,638 - INFO - Analyzing CESC...
2025-08-08 08:56:30,737 - INFO - Fetching live price for CESC
2025-08-08 08:56:30,900 - INFO - Got price for BEL: Rs.385.85 from info_currentPrice
2025-08-08 08:56:30,900 - INFO - Analyzing CHAMBLFERT...
2025-08-08 08:56:30,938 - INFO - Got price for BLUESTARCO: Rs.1806.10 from info_currentPrice
2025-08-08 08:56:30,944 - INFO - Analyzing EXIDEIND...
2025-08-08 08:56:31,026 - INFO - Fetching live price for CHAMBLFERT
2025-08-08 08:56:31,042 - INFO - Fetching live price for EXIDEIND
2025-08-08 08:56:31,055 - INFO - Got price for CESC: Rs.163.66 from info_currentPrice
2025-08-08 08:56:31,059 - INFO - Analyzing CIPLA...
2025-08-08 08:56:31,186 - INFO - Fetching live price for CIPLA
2025-08-08 08:56:31,326 - INFO - Got price for CHAMBLFERT: Rs.536.00 from info_currentPrice
2025-08-08 08:56:31,333 - INFO - Analyzing CGPOWER...
2025-08-08 08:56:31,381 - INFO - Got price for EXIDEIND: Rs.378.50 from info_currentPrice
2025-08-08 08:56:31,387 - INFO - Analyzing DABUR...
2025-08-08 08:56:31,439 - INFO - Fetching live price for CGPOWER
2025-08-08 08:56:31,504 - INFO - Fetching live price for DABUR
2025-08-08 08:56:31,538 - INFO - Got price for CIPLA: Rs.1490.40 from info_currentPrice
2025-08-08 08:56:31,549 - INFO - Analyzing BHEL...
2025-08-08 08:56:31,654 - INFO - Fetching live price for BHEL
2025-08-08 08:56:31,738 - INFO - Got price for CGPOWER: Rs.671.60 from info_currentPrice
2025-08-08 08:56:31,738 - INFO - Analyzing HINDPETRO...
2025-08-08 08:56:31,855 - INFO - Fetching live price for HINDPETRO
2025-08-08 08:56:32,054 - INFO - Got price for DABUR: Rs.511.00 from info_currentPrice
2025-08-08 08:56:32,066 - INFO - Analyzing SBIN...
2025-08-08 08:56:32,078 - INFO - Got price for BHEL: Rs.225.54 from info_currentPrice
2025-08-08 08:56:32,092 - INFO - Analyzing SAIL...
2025-08-08 08:56:32,193 - INFO - Got price for HINDPETRO: Rs.409.70 from info_currentPrice
2025-08-08 08:56:32,196 - INFO - Fetching live price for SBIN
2025-08-08 08:56:32,198 - INFO - Analyzing TITAN...
2025-08-08 08:56:32,212 - INFO - Fetching live price for SAIL
2025-08-08 08:56:32,309 - INFO - Fetching live price for TITAN
2025-08-08 08:56:32,499 - INFO - Got price for SBIN: Rs.794.90 from info_currentPrice
2025-08-08 08:56:32,499 - INFO - Analyzing DRREDDY...
2025-08-08 08:56:32,499 - INFO - Got price for SAIL: Rs.121.63 from info_currentPrice
2025-08-08 08:56:32,515 - INFO - Analyzing HDFCBANK...
2025-08-08 08:56:32,609 - INFO - Fetching live price for HDFCBANK
2025-08-08 08:56:32,638 - INFO - Fetching live price for DRREDDY
2025-08-08 08:56:32,638 - INFO - Got price for TITAN: Rs.3461.30 from info_currentPrice
2025-08-08 08:56:32,638 - INFO - Analyzing HEROMOTOCO...
2025-08-08 08:56:32,731 - INFO - Fetching live price for HEROMOTOCO
2025-08-08 08:56:32,901 - INFO - Got price for HDFCBANK: Rs.1978.00 from info_currentPrice
2025-08-08 08:56:32,917 - INFO - Analyzing HFCL...
2025-08-08 08:56:32,933 - INFO - Got price for DRREDDY: Rs.1206.90 from info_currentPrice
2025-08-08 08:56:32,937 - INFO - Analyzing HINDZINC...
2025-08-08 08:56:33,032 - INFO - Fetching live price for HFCL
2025-08-08 08:56:33,047 - INFO - Fetching live price for HINDZINC
2025-08-08 08:56:33,057 - INFO - Got price for HEROMOTOCO: Rs.4636.10 from info_currentPrice
2025-08-08 08:56:33,068 - INFO - Analyzing INFY...
2025-08-08 08:56:33,156 - INFO - Fetching live price for INFY
2025-08-08 08:56:33,323 - INFO - Got price for HINDZINC: Rs.422.90 from info_currentPrice
2025-08-08 08:56:33,323 - INFO - Analyzing JSWSTEEL...
2025-08-08 08:56:33,362 - INFO - Got price for HFCL: Rs.73.86 from info_currentPrice
2025-08-08 08:56:33,362 - INFO - Analyzing KOTAKBANK...
2025-08-08 08:56:33,407 - INFO - Fetching live price for JSWSTEEL
2025-08-08 08:56:33,456 - INFO - Fetching live price for KOTAKBANK
2025-08-08 08:56:33,456 - INFO - Got price for INFY: Rs.1426.20 from info_currentPrice
2025-08-08 08:56:33,464 - INFO - Analyzing TRENT...
2025-08-08 08:56:33,548 - INFO - Fetching live price for TRENT
2025-08-08 08:56:33,719 - INFO - Got price for JSWSTEEL: Rs.1043.20 from info_currentPrice
2025-08-08 08:56:33,719 - INFO - Analyzing LICHSGFIN...
2025-08-08 08:56:33,762 - INFO - Got price for KOTAKBANK: Rs.1966.30 from info_currentPrice
2025-08-08 08:56:33,774 - INFO - Analyzing LUPIN...
2025-08-08 08:56:33,824 - INFO - Fetching live price for LICHSGFIN
2025-08-08 08:56:33,860 - INFO - Fetching live price for LUPIN
2025-08-08 08:56:34,026 - INFO - Got price for TRENT: Rs.5344.00 from info_currentPrice
2025-08-08 08:56:34,026 - INFO - Analyzing MFSL...
2025-08-08 08:56:34,123 - INFO - Fetching live price for MFSL
2025-08-08 08:56:34,157 - INFO - Got price for LICHSGFIN: Rs.573.70 from info_currentPrice
2025-08-08 08:56:34,161 - INFO - Analyzing NCC...
2025-08-08 08:56:34,175 - INFO - Got price for LUPIN: Rs.1928.00 from info_currentPrice
2025-08-08 08:56:34,177 - INFO - Analyzing VEDL...
2025-08-08 08:56:34,260 - INFO - Fetching live price for NCC
2025-08-08 08:56:34,317 - INFO - Fetching live price for VEDL
2025-08-08 08:56:34,479 - INFO - Got price for MFSL: Rs.1541.50 from info_currentPrice
2025-08-08 08:56:34,486 - INFO - Analyzing GRASIM...
2025-08-08 08:56:34,597 - INFO - Fetching live price for GRASIM
2025-08-08 08:56:34,612 - INFO - Got price for VEDL: Rs.433.85 from info_currentPrice
2025-08-08 08:56:34,612 - INFO - Analyzing PEL...
2025-08-08 08:56:34,725 - INFO - Fetching live price for PEL
2025-08-08 08:56:34,747 - INFO - Got price for NCC: Rs.223.43 from info_currentPrice
2025-08-08 08:56:34,747 - INFO - Analyzing ONGC...
2025-08-08 08:56:34,857 - INFO - Fetching live price for ONGC
2025-08-08 08:56:34,939 - INFO - Got price for GRASIM: Rs.2691.00 from info_currentPrice
2025-08-08 08:56:34,941 - INFO - Analyzing RELIANCE...
2025-08-08 08:56:35,025 - INFO - Fetching live price for RELIANCE
2025-08-08 08:56:35,108 - INFO - Got price for PEL: Rs.1148.60 from info_currentPrice
2025-08-08 08:56:35,111 - INFO - Analyzing PIDILITIND...
2025-08-08 08:56:35,207 - INFO - Fetching live price for PIDILITIND
2025-08-08 08:56:35,213 - INFO - Got price for ONGC: Rs.233.99 from info_currentPrice
2025-08-08 08:56:35,216 - INFO - Analyzing PATANJALI...
2025-08-08 08:56:35,319 - INFO - Fetching live price for PATANJALI
2025-08-08 08:56:35,351 - INFO - Got price for RELIANCE: Rs.1375.00 from info_currentPrice
2025-08-08 08:56:35,358 - INFO - Analyzing SHREECEM...
2025-08-08 08:56:35,447 - INFO - Fetching live price for SHREECEM
2025-08-08 08:56:35,542 - INFO - Got price for PIDILITIND: Rs.3062.90 from info_currentPrice
2025-08-08 08:56:35,548 - INFO - Analyzing TATAPOWER...
2025-08-08 08:56:35,657 - INFO - Fetching live price for TATAPOWER
2025-08-08 08:56:35,657 - INFO - Got price for PATANJALI: Rs.1810.00 from info_currentPrice
2025-08-08 08:56:35,669 - INFO - Analyzing TATAELXSI...
2025-08-08 08:56:35,743 - INFO - Got price for SHREECEM: Rs.30460.00 from info_currentPrice
2025-08-08 08:56:35,743 - INFO - Analyzing ACC...
2025-08-08 08:56:35,809 - INFO - Fetching live price for TATAELXSI
2025-08-08 08:56:35,842 - INFO - Fetching live price for ACC
2025-08-08 08:56:35,973 - INFO - Got price for TATAPOWER: Rs.383.05 from info_currentPrice
2025-08-08 08:56:35,973 - INFO - Analyzing TORNTPHARM...
2025-08-08 08:56:36,092 - INFO - Fetching live price for TORNTPHARM
2025-08-08 08:56:36,126 - INFO - Got price for TATAELXSI: Rs.5815.50 from info_currentPrice
2025-08-08 08:56:36,126 - INFO - Analyzing AMBUJACEM...
2025-08-08 08:56:36,148 - INFO - Got price for ACC: Rs.1799.00 from info_currentPrice
2025-08-08 08:56:36,158 - INFO - Analyzing HINDALCO...
2025-08-08 08:56:36,275 - INFO - Fetching live price for HINDALCO
2025-08-08 08:56:36,307 - INFO - Fetching live price for AMBUJACEM
2025-08-08 08:56:36,416 - INFO - Got price for TORNTPHARM: Rs.3601.10 from info_currentPrice
2025-08-08 08:56:36,419 - INFO - Analyzing FEDERALBNK...
2025-08-08 08:56:36,517 - INFO - Fetching live price for FEDERALBNK
2025-08-08 08:56:36,581 - INFO - Got price for HINDALCO: Rs.674.90 from info_currentPrice
2025-08-08 08:56:36,584 - INFO - Analyzing TATASTEEL...
2025-08-08 08:56:36,616 - INFO - Got price for AMBUJACEM: Rs.585.30 from info_currentPrice
2025-08-08 08:56:36,624 - INFO - Analyzing ASHOKLEY...
2025-08-08 08:56:36,677 - INFO - Fetching live price for TATASTEEL
2025-08-08 08:56:36,711 - INFO - Fetching live price for ASHOKLEY
2025-08-08 08:56:36,843 - INFO - Got price for FEDERALBNK: Rs.197.12 from info_currentPrice
2025-08-08 08:56:36,843 - INFO - Analyzing CUMMINSIND...
2025-08-08 08:56:36,977 - INFO - Fetching live price for CUMMINSIND
2025-08-08 08:56:37,027 - INFO - Got price for TATASTEEL: Rs.158.19 from info_currentPrice
2025-08-08 08:56:37,032 - INFO - Analyzing TATACOMM...
2025-08-08 08:56:37,033 - INFO - Got price for ASHOKLEY: Rs.116.64 from info_currentPrice
2025-08-08 08:56:37,040 - INFO - Analyzing BHARATFORG...
2025-08-08 08:56:37,160 - INFO - Fetching live price for BHARATFORG
2025-08-08 08:56:37,193 - INFO - Fetching live price for TATACOMM
2025-08-08 08:56:37,287 - INFO - Got price for CUMMINSIND: Rs.3846.90 from info_currentPrice
2025-08-08 08:56:37,292 - INFO - Analyzing LT...
2025-08-08 08:56:37,383 - INFO - Fetching live price for LT
2025-08-08 08:56:37,493 - INFO - Got price for BHARATFORG: Rs.1140.00 from info_currentPrice
2025-08-08 08:56:37,508 - INFO - Analyzing M&M...
2025-08-08 08:56:37,509 - INFO - Got price for TATACOMM: Rs.1655.10 from info_currentPrice
2025-08-08 08:56:37,512 - INFO - Analyzing BOSCHLTD...
2025-08-08 08:56:37,616 - INFO - Fetching live price for BOSCHLTD
2025-08-08 08:56:37,631 - INFO - Fetching live price for M&M
2025-08-08 08:56:37,718 - INFO - Got price for LT: Rs.3629.70 from info_currentPrice
2025-08-08 08:56:37,721 - INFO - Analyzing BPCL...
2025-08-08 08:56:37,823 - INFO - Fetching live price for BPCL
2025-08-08 08:56:37,911 - INFO - Got price for BOSCHLTD: Rs.38790.00 from info_currentPrice
2025-08-08 08:56:37,915 - INFO - Analyzing SIEMENS...
2025-08-08 08:56:37,950 - INFO - Got price for M&M: Rs.3175.40 from info_currentPrice
2025-08-08 08:56:37,950 - INFO - Analyzing TATAMOTORS...
2025-08-08 08:56:38,019 - INFO - Fetching live price for SIEMENS
2025-08-08 08:56:38,045 - INFO - Fetching live price for TATAMOTORS
2025-08-08 08:56:38,160 - INFO - Got price for BPCL: Rs.320.30 from info_currentPrice
2025-08-08 08:56:38,166 - INFO - Analyzing VOLTAS...
2025-08-08 08:56:38,277 - INFO - Fetching live price for VOLTAS
2025-08-08 08:56:38,332 - INFO - Got price for SIEMENS: Rs.3085.80 from info_currentPrice
2025-08-08 08:56:38,337 - INFO - Analyzing HINDUNILVR...
2025-08-08 08:56:38,401 - INFO - Got price for TATAMOTORS: Rs.639.10 from info_currentPrice
2025-08-08 08:56:38,407 - INFO - Analyzing TATACHEM...
2025-08-08 08:56:38,461 - INFO - Fetching live price for HINDUNILVR
2025-08-08 08:56:38,519 - INFO - Fetching live price for TATACHEM
2025-08-08 08:56:38,594 - INFO - Got price for VOLTAS: Rs.1315.00 from info_currentPrice
2025-08-08 08:56:38,594 - INFO - Analyzing NESTLEIND...
2025-08-08 08:56:38,708 - INFO - Fetching live price for NESTLEIND
2025-08-08 08:56:38,844 - INFO - Got price for HINDUNILVR: Rs.2505.80 from info_currentPrice
2025-08-08 08:56:38,844 - INFO - Analyzing TATACONSUM...
2025-08-08 08:56:38,960 - INFO - Fetching live price for TATACONSUM
2025-08-08 08:56:38,995 - INFO - Got price for NESTLEIND: Rs.1109.10 from info_currentPrice
2025-08-08 08:56:38,995 - INFO - Analyzing ASIANPAINT...
2025-08-08 08:56:39,017 - INFO - Got price for TATACHEM: Rs.951.90 from info_currentPrice
2025-08-08 08:56:39,030 - INFO - Analyzing BRITANNIA...
2025-08-08 08:56:39,095 - INFO - Fetching live price for ASIANPAINT
2025-08-08 08:56:39,156 - INFO - Fetching live price for BRITANNIA
2025-08-08 08:56:39,294 - INFO - Got price for TATACONSUM: Rs.1059.70 from info_currentPrice
2025-08-08 08:56:39,294 - INFO - Analyzing COLPAL...
2025-08-08 08:56:39,379 - INFO - Fetching live price for COLPAL
2025-08-08 08:56:39,414 - INFO - Got price for ASIANPAINT: Rs.2501.00 from info_currentPrice
2025-08-08 08:56:39,416 - INFO - Analyzing INDHOTEL...
2025-08-08 08:56:39,458 - INFO - Got price for BRITANNIA: Rs.5403.50 from info_currentPrice
2025-08-08 08:56:39,473 - INFO - Analyzing ITC...
2025-08-08 08:56:39,530 - INFO - Fetching live price for INDHOTEL
2025-08-08 08:56:39,597 - INFO - Fetching live price for ITC
2025-08-08 08:56:39,726 - INFO - Got price for COLPAL: Rs.2222.60 from info_currentPrice
2025-08-08 08:56:39,732 - INFO - Analyzing BALKRISIND...
2025-08-08 08:56:39,829 - INFO - Fetching live price for BALKRISIND
2025-08-08 08:56:39,930 - INFO - Got price for ITC: Rs.414.55 from info_currentPrice
2025-08-08 08:56:39,933 - INFO - Analyzing PHOENIXLTD...
2025-08-08 08:56:40,020 - INFO - Fetching live price for PHOENIXLTD
2025-08-08 08:56:40,022 - INFO - Got price for INDHOTEL: Rs.743.20 from info_currentPrice
2025-08-08 08:56:40,025 - INFO - Analyzing SRF...
2025-08-08 08:56:40,130 - INFO - Fetching live price for SRF
2025-08-08 08:56:40,147 - INFO - Got price for BALKRISIND: Rs.2435.60 from info_currentPrice
2025-08-08 08:56:40,156 - INFO - Analyzing EICHERMOT...
2025-08-08 08:56:40,254 - INFO - Fetching live price for EICHERMOT
2025-08-08 08:56:40,442 - INFO - Got price for SRF: Rs.2861.50 from info_currentPrice
2025-08-08 08:56:40,447 - INFO - Analyzing WIPRO...
2025-08-08 08:56:40,497 - INFO - Got price for PHOENIXLTD: Rs.1431.80 from info_currentPrice
2025-08-08 08:56:40,497 - INFO - Analyzing APOLLOHOSP...
2025-08-08 08:56:40,536 - INFO - Fetching live price for WIPRO
2025-08-08 08:56:40,595 - INFO - Fetching live price for APOLLOHOSP
2025-08-08 08:56:40,745 - INFO - Got price for EICHERMOT: Rs.5679.00 from info_currentPrice
2025-08-08 08:56:40,757 - INFO - Analyzing SUPREMEIND...
2025-08-08 08:56:40,833 - INFO - Got price for WIPRO: Rs.240.99 from info_currentPrice
2025-08-08 08:56:40,838 - INFO - Analyzing SHRIRAMFIN...
2025-08-08 08:56:40,881 - INFO - Fetching live price for SUPREMEIND
2025-08-08 08:56:40,917 - INFO - Fetching live price for SHRIRAMFIN
2025-08-08 08:56:41,062 - INFO - Got price for APOLLOHOSP: Rs.7110.50 from info_currentPrice
2025-08-08 08:56:41,077 - INFO - Analyzing CHOLAFIN...
2025-08-08 08:56:41,181 - INFO - Fetching live price for CHOLAFIN
2025-08-08 08:56:41,243 - INFO - Got price for SHRIRAMFIN: Rs.616.60 from info_currentPrice
2025-08-08 08:56:41,246 - INFO - Analyzing UPL...
2025-08-08 08:56:41,365 - INFO - Fetching live price for UPL
2025-08-08 08:56:41,403 - INFO - Got price for SUPREMEIND: Rs.4135.00 from info_currentPrice
2025-08-08 08:56:41,415 - INFO - Analyzing ADANIENT...
2025-08-08 08:56:41,528 - INFO - Fetching live price for ADANIENT
2025-08-08 08:56:41,529 - INFO - Got price for CHOLAFIN: Rs.1469.40 from info_currentPrice
2025-08-08 08:56:41,531 - INFO - Analyzing LICI...
2025-08-08 08:56:41,619 - INFO - Fetching live price for LICI
2025-08-08 08:56:41,695 - INFO - Got price for UPL: Rs.694.70 from info_currentPrice
2025-08-08 08:56:41,697 - INFO - Analyzing DELHIVERY...
2025-08-08 08:56:41,828 - INFO - Fetching live price for DELHIVERY
2025-08-08 08:56:41,885 - INFO - Got price for ADANIENT: Rs.2174.20 from info_currentPrice
2025-08-08 08:56:41,890 - INFO - Analyzing HINDCOPPER...
2025-08-08 08:56:41,957 - INFO - Got price for LICI: Rs.914.05 from info_currentPrice
2025-08-08 08:56:41,962 - INFO - Analyzing MOTHERSON...
2025-08-08 08:56:42,001 - INFO - Fetching live price for HINDCOPPER
2025-08-08 08:56:42,074 - INFO - Fetching live price for MOTHERSON
2025-08-08 08:56:42,134 - INFO - Got price for DELHIVERY: Rs.463.10 from info_currentPrice
2025-08-08 08:56:42,138 - INFO - Analyzing HAVELLS...
2025-08-08 08:56:42,246 - INFO - Fetching live price for HAVELLS
2025-08-08 08:56:42,322 - INFO - Got price for HINDCOPPER: Rs.238.20 from info_currentPrice
2025-08-08 08:56:42,328 - INFO - Analyzing PPLPHARMA...
2025-08-08 08:56:42,409 - INFO - Got price for MOTHERSON: Rs.92.82 from info_currentPrice
2025-08-08 08:56:42,421 - INFO - Analyzing KEI...
2025-08-08 08:56:42,483 - INFO - Fetching live price for PPLPHARMA
2025-08-08 08:56:42,515 - INFO - Fetching live price for KEI
2025-08-08 08:56:42,592 - INFO - Got price for HAVELLS: Rs.1498.80 from info_currentPrice
2025-08-08 08:56:42,598 - INFO - Analyzing KAYNES...
2025-08-08 08:56:42,699 - INFO - Fetching live price for KAYNES
2025-08-08 08:56:42,834 - INFO - Got price for PPLPHARMA: Rs.192.51 from info_currentPrice
2025-08-08 08:56:42,837 - INFO - Analyzing KFINTECH...
2025-08-08 08:56:42,850 - INFO - Got price for KEI: Rs.3855.40 from info_currentPrice
2025-08-08 08:56:42,853 - INFO - Analyzing MANKIND...
2025-08-08 08:56:42,966 - INFO - Fetching live price for KFINTECH
2025-08-08 08:56:42,981 - INFO - Fetching live price for MANKIND
2025-08-08 08:56:43,010 - INFO - Got price for KAYNES: Rs.5932.00 from info_currentPrice
2025-08-08 08:56:43,013 - INFO - Analyzing PIIND...
2025-08-08 08:56:43,147 - INFO - Fetching live price for PIIND
2025-08-08 08:56:43,301 - INFO - Got price for MANKIND: Rs.2494.70 from info_currentPrice
2025-08-08 08:56:43,301 - INFO - Analyzing POONAWALLA...
2025-08-08 08:56:43,333 - INFO - Got price for KFINTECH: Rs.1056.10 from info_currentPrice
2025-08-08 08:56:43,339 - INFO - Analyzing JIOFIN...
2025-08-08 08:56:43,425 - INFO - Fetching live price for POONAWALLA
2025-08-08 08:56:43,437 - INFO - Fetching live price for JIOFIN
2025-08-08 08:56:43,450 - INFO - Got price for PIIND: Rs.3968.00 from info_currentPrice
2025-08-08 08:56:43,454 - INFO - Analyzing AARTIIND...
2025-08-08 08:56:43,567 - INFO - Fetching live price for AARTIIND
2025-08-08 08:56:43,746 - INFO - Got price for JIOFIN: Rs.322.25 from info_currentPrice
2025-08-08 08:56:43,750 - INFO - Analyzing BSE...
2025-08-08 08:56:43,769 - INFO - Got price for POONAWALLA: Rs.436.95 from info_currentPrice
2025-08-08 08:56:43,774 - INFO - Analyzing DMART...
2025-08-08 08:56:43,853 - INFO - Fetching live price for BSE
2025-08-08 08:56:43,865 - INFO - Got price for AARTIIND: Rs.377.40 from info_currentPrice
2025-08-08 08:56:43,871 - INFO - Analyzing HUDCO...
2025-08-08 08:56:43,900 - INFO - Fetching live price for DMART
2025-08-08 08:56:43,983 - INFO - Fetching live price for HUDCO
2025-08-08 08:56:44,178 - INFO - Got price for BSE: Rs.2395.50 from info_currentPrice
2025-08-08 08:56:44,178 - INFO - Analyzing AUBANK...
2025-08-08 08:56:44,223 - INFO - Got price for DMART: Rs.4213.40 from info_currentPrice
2025-08-08 08:56:44,236 - INFO - Analyzing CDSL...
2025-08-08 08:56:44,285 - INFO - Fetching live price for AUBANK
2025-08-08 08:56:44,285 - INFO - Got price for HUDCO: Rs.208.94 from info_currentPrice
2025-08-08 08:56:44,285 - INFO - Analyzing DIXON...
2025-08-08 08:56:44,340 - INFO - Fetching live price for CDSL
2025-08-08 08:56:44,368 - INFO - Fetching live price for DIXON
2025-08-08 08:56:44,595 - INFO - Got price for AUBANK: Rs.747.45 from info_currentPrice
2025-08-08 08:56:44,595 - INFO - Analyzing SUNPHARMA...
2025-08-08 08:56:44,638 - INFO - Got price for CDSL: Rs.1596.40 from info_currentPrice
2025-08-08 08:56:44,638 - INFO - Analyzing AUROPHARMA...
2025-08-08 08:56:44,656 - INFO - Got price for DIXON: Rs.16177.00 from info_currentPrice
2025-08-08 08:56:44,671 - INFO - Analyzing ABCAPITAL...
2025-08-08 08:56:44,701 - INFO - Fetching live price for SUNPHARMA
2025-08-08 08:56:44,798 - INFO - Fetching live price for ABCAPITAL
2025-08-08 08:56:44,865 - INFO - Fetching live price for AUROPHARMA
2025-08-08 08:56:45,062 - INFO - Got price for SUNPHARMA: Rs.1586.70 from info_currentPrice
2025-08-08 08:56:45,071 - INFO - Analyzing MPHASIS...
2025-08-08 08:56:45,101 - INFO - Got price for ABCAPITAL: Rs.273.35 from info_currentPrice
2025-08-08 08:56:45,104 - INFO - Analyzing NMDC...
2025-08-08 08:56:45,168 - INFO - Fetching live price for MPHASIS
2025-08-08 08:56:45,202 - INFO - Fetching live price for NMDC
2025-08-08 08:56:45,219 - INFO - Got price for AUROPHARMA: Rs.1053.30 from info_currentPrice
2025-08-08 08:56:45,222 - INFO - Analyzing IREDA...
2025-08-08 08:56:45,322 - INFO - Fetching live price for IREDA
2025-08-08 08:56:45,500 - INFO - Got price for MPHASIS: Rs.2686.70 from info_currentPrice
2025-08-08 08:56:45,516 - INFO - Analyzing TATATECH...
2025-08-08 08:56:45,552 - INFO - Got price for NMDC: Rs.71.12 from info_currentPrice
2025-08-08 08:56:45,558 - INFO - Analyzing SBILIFE...
2025-08-08 08:56:45,612 - INFO - Fetching live price for TATATECH
2025-08-08 08:56:45,639 - INFO - Fetching live price for SBILIFE
2025-08-08 08:56:45,639 - INFO - Got price for IREDA: Rs.143.66 from info_currentPrice
2025-08-08 08:56:45,639 - INFO - Analyzing ICICIGI...
2025-08-08 08:56:45,762 - INFO - Fetching live price for ICICIGI
2025-08-08 08:56:45,916 - INFO - Got price for TATATECH: Rs.665.75 from info_currentPrice
2025-08-08 08:56:45,916 - INFO - Analyzing IEX...
2025-08-08 08:56:45,974 - INFO - Got price for SBILIFE: Rs.1841.70 from info_currentPrice
2025-08-08 08:56:45,977 - INFO - Analyzing TIINDIA...
2025-08-08 08:56:46,010 - INFO - Fetching live price for IEX
2025-08-08 08:56:46,053 - INFO - Fetching live price for TIINDIA
2025-08-08 08:56:46,069 - INFO - Got price for ICICIGI: Rs.1900.80 from info_currentPrice
2025-08-08 08:56:46,073 - INFO - Analyzing HDFCLIFE...
2025-08-08 08:56:46,181 - INFO - Fetching live price for HDFCLIFE
2025-08-08 08:56:46,461 - INFO - Got price for HDFCLIFE: Rs.762.35 from info_currentPrice
2025-08-08 08:56:46,479 - INFO - Analyzing AMBER...
2025-08-08 08:56:46,526 - INFO - Got price for TIINDIA: Rs.2909.50 from info_currentPrice
2025-08-08 08:56:46,526 - INFO - Analyzing BDL...
2025-08-08 08:56:46,540 - INFO - Got price for IEX: Rs.139.07 from info_currentPrice
2025-08-08 08:56:46,555 - INFO - Analyzing BANDHANBNK...
2025-08-08 08:56:46,589 - INFO - Fetching live price for AMBER
2025-08-08 08:56:46,625 - INFO - Fetching live price for BDL
2025-08-08 08:56:46,659 - INFO - Fetching live price for BANDHANBNK
2025-08-08 08:56:46,928 - INFO - Got price for AMBER: Rs.7614.00 from info_currentPrice
2025-08-08 08:56:46,928 - INFO - Analyzing HAL...
2025-08-08 08:56:46,954 - INFO - Got price for BDL: Rs.1523.20 from info_currentPrice
2025-08-08 08:56:46,959 - INFO - Analyzing ADANIGREEN...
2025-08-08 08:56:47,044 - INFO - Fetching live price for HAL
2025-08-08 08:56:47,062 - INFO - Fetching live price for ADANIGREEN
2025-08-08 08:56:47,170 - INFO - Got price for BANDHANBNK: Rs.165.92 from info_currentPrice
2025-08-08 08:56:47,170 - INFO - Analyzing HDFCAMC...
2025-08-08 08:56:47,265 - INFO - Fetching live price for HDFCAMC
2025-08-08 08:56:47,347 - INFO - Got price for ADANIGREEN: Rs.922.25 from info_currentPrice
2025-08-08 08:56:47,353 - INFO - Analyzing ATGL...
2025-08-08 08:56:47,357 - INFO - Got price for HAL: Rs.4467.30 from info_currentPrice
2025-08-08 08:56:47,360 - INFO - Analyzing IOC...
2025-08-08 08:56:47,468 - INFO - Fetching live price for ATGL
2025-08-08 08:56:47,470 - INFO - Fetching live price for IOC
2025-08-08 08:56:47,575 - INFO - Got price for HDFCAMC: Rs.5624.50 from info_currentPrice
2025-08-08 08:56:47,586 - INFO - Analyzing MANAPPURAM...
2025-08-08 08:56:47,684 - INFO - Fetching live price for MANAPPURAM
2025-08-08 08:56:47,807 - INFO - Got price for IOC: Rs.141.11 from info_currentPrice
2025-08-08 08:56:47,807 - INFO - Analyzing CONCOR...
2025-08-08 08:56:47,831 - INFO - Got price for ATGL: Rs.591.10 from info_currentPrice
2025-08-08 08:56:47,835 - INFO - Analyzing RVNL...
2025-08-08 08:56:47,924 - INFO - Fetching live price for CONCOR
2025-08-08 08:56:47,999 - INFO - Fetching live price for RVNL
2025-08-08 08:56:48,001 - INFO - Got price for MANAPPURAM: Rs.263.50 from info_currentPrice
2025-08-08 08:56:48,004 - INFO - Analyzing POLYCAB...
2025-08-08 08:56:48,104 - INFO - Fetching live price for POLYCAB
2025-08-08 08:56:48,269 - INFO - Got price for CONCOR: Rs.561.80 from info_currentPrice
2025-08-08 08:56:48,289 - INFO - Analyzing KPITTECH...
2025-08-08 08:56:48,309 - INFO - Got price for RVNL: Rs.341.10 from info_currentPrice
2025-08-08 08:56:48,312 - INFO - Analyzing MARICO...
2025-08-08 08:56:48,409 - INFO - Fetching live price for KPITTECH
2025-08-08 08:56:48,433 - INFO - Got price for POLYCAB: Rs.6817.00 from info_currentPrice
2025-08-08 08:56:48,436 - INFO - Fetching live price for MARICO
2025-08-08 08:56:48,440 - INFO - Analyzing 360ONE...
2025-08-08 08:56:48,551 - INFO - Fetching live price for 360ONE
2025-08-08 08:56:48,718 - INFO - Got price for MARICO: Rs.710.50 from info_currentPrice
2025-08-08 08:56:48,718 - INFO - Analyzing IRCTC...
2025-08-08 08:56:48,758 - INFO - Got price for KPITTECH: Rs.1200.10 from info_currentPrice
2025-08-08 08:56:48,758 - INFO - Analyzing SBICARD...
2025-08-08 08:56:48,843 - INFO - Fetching live price for IRCTC
2025-08-08 08:56:48,865 - INFO - Fetching live price for SBICARD
2025-08-08 08:56:48,870 - INFO - Got price for 360ONE: Rs.1053.20 from info_currentPrice
2025-08-08 08:56:48,873 - INFO - Analyzing MAXHEALTH...
2025-08-08 08:56:48,971 - INFO - Fetching live price for MAXHEALTH
2025-08-08 08:56:49,168 - INFO - Got price for SBICARD: Rs.791.90 from info_currentPrice
2025-08-08 08:56:49,179 - INFO - Analyzing BANKBARODA...
2025-08-08 08:56:49,181 - INFO - Got price for IRCTC: Rs.722.60 from info_currentPrice
2025-08-08 08:56:49,189 - INFO - Analyzing BANKINDIA...
2025-08-08 08:56:49,303 - INFO - Got price for MAXHEALTH: Rs.1249.20 from info_currentPrice
2025-08-08 08:56:49,306 - INFO - Fetching live price for BANKBARODA
2025-08-08 08:56:49,306 - INFO - Analyzing CAMS...
2025-08-08 08:56:49,314 - INFO - Fetching live price for BANKINDIA
2025-08-08 08:56:49,421 - INFO - Fetching live price for CAMS
2025-08-08 08:56:49,634 - INFO - Got price for BANKINDIA: Rs.111.13 from info_currentPrice
2025-08-08 08:56:49,654 - INFO - Analyzing GAIL...
2025-08-08 08:56:49,678 - INFO - Got price for BANKBARODA: Rs.239.29 from info_currentPrice
2025-08-08 08:56:49,690 - INFO - Analyzing ANGELONE...
2025-08-08 08:56:49,715 - INFO - Got price for CAMS: Rs.3785.70 from info_currentPrice
2025-08-08 08:56:49,723 - INFO - Analyzing ICICIBANK...
2025-08-08 08:56:49,758 - INFO - Fetching live price for GAIL
2025-08-08 08:56:49,790 - INFO - Fetching live price for ANGELONE
2025-08-08 08:56:49,823 - INFO - Fetching live price for ICICIBANK
2025-08-08 08:56:50,057 - INFO - Got price for GAIL: Rs.171.23 from info_currentPrice
2025-08-08 08:56:50,065 - INFO - Analyzing CYIENT...
2025-08-08 08:56:50,087 - INFO - Got price for ANGELONE: Rs.2587.00 from info_currentPrice
2025-08-08 08:56:50,091 - INFO - Analyzing MAZDOCK...
2025-08-08 08:56:50,157 - INFO - Fetching live price for CYIENT
2025-08-08 08:56:50,157 - INFO - Got price for ICICIBANK: Rs.1437.30 from info_currentPrice
2025-08-08 08:56:50,157 - INFO - Analyzing INDUSINDBK...
2025-08-08 08:56:50,192 - INFO - Fetching live price for MAZDOCK
2025-08-08 08:56:50,263 - INFO - Fetching live price for INDUSINDBK
2025-08-08 08:56:50,471 - INFO - Got price for CYIENT: Rs.1176.60 from info_currentPrice
2025-08-08 08:56:50,476 - INFO - Analyzing AXISBANK...
2025-08-08 08:56:50,559 - INFO - Got price for MAZDOCK: Rs.2664.00 from info_currentPrice
2025-08-08 08:56:50,564 - INFO - Analyzing NATIONALUM...
2025-08-08 08:56:50,569 - INFO - Got price for INDUSINDBK: Rs.793.30 from info_currentPrice
2025-08-08 08:56:50,589 - INFO - Analyzing HCLTECH...
2025-08-08 08:56:50,591 - INFO - Fetching live price for AXISBANK
2025-08-08 08:56:50,650 - INFO - Fetching live price for NATIONALUM
2025-08-08 08:56:50,691 - INFO - Fetching live price for HCLTECH
2025-08-08 08:56:50,918 - INFO - Got price for AXISBANK: Rs.1061.80 from info_currentPrice
2025-08-08 08:56:50,934 - INFO - Analyzing JINDALSTEL...
2025-08-08 08:56:51,006 - INFO - Got price for NATIONALUM: Rs.187.88 from info_currentPrice
2025-08-08 08:56:51,009 - INFO - Analyzing GLENMARK...
2025-08-08 08:56:51,011 - INFO - Got price for HCLTECH: Rs.1475.90 from info_currentPrice
2025-08-08 08:56:51,014 - INFO - Analyzing ZYDUSLIFE...
2025-08-08 08:56:51,073 - INFO - Fetching live price for JINDALSTEL
2025-08-08 08:56:51,096 - INFO - Fetching live price for GLENMARK
2025-08-08 08:56:51,127 - INFO - Fetching live price for ZYDUSLIFE
2025-08-08 08:56:51,359 - INFO - Got price for JINDALSTEL: Rs.982.00 from info_currentPrice
2025-08-08 08:56:51,370 - INFO - Analyzing TVSMOTOR...
2025-08-08 08:56:51,470 - INFO - Got price for ZYDUSLIFE: Rs.944.00 from info_currentPrice
2025-08-08 08:56:51,471 - INFO - Fetching live price for TVSMOTOR
2025-08-08 08:56:51,475 - INFO - Analyzing BSOFT...
2025-08-08 08:56:51,497 - INFO - Got price for GLENMARK: Rs.2031.30 from info_currentPrice
2025-08-08 08:56:51,502 - INFO - Analyzing GODREJCP...
2025-08-08 08:56:51,601 - INFO - Fetching live price for GODREJCP
2025-08-08 08:56:51,628 - INFO - Fetching live price for BSOFT
2025-08-08 08:56:51,773 - INFO - Got price for TVSMOTOR: Rs.2985.20 from info_currentPrice
2025-08-08 08:56:51,773 - INFO - Analyzing UNITDSPR...
2025-08-08 08:56:51,908 - INFO - Fetching live price for UNITDSPR
2025-08-08 08:56:51,908 - INFO - Got price for GODREJCP: Rs.1206.40 from info_currentPrice
2025-08-08 08:56:51,908 - INFO - Analyzing BHARTIARTL...
2025-08-08 08:56:51,926 - INFO - Got price for BSOFT: Rs.369.65 from info_currentPrice
2025-08-08 08:56:51,929 - INFO - Analyzing PNB...
2025-08-08 08:56:52,015 - INFO - Fetching live price for BHARTIARTL
2025-08-08 08:56:52,031 - INFO - Fetching live price for PNB
2025-08-08 08:56:52,190 - INFO - Got price for UNITDSPR: Rs.1304.20 from info_currentPrice
2025-08-08 08:56:52,205 - INFO - Analyzing OFSS...
2025-08-08 08:56:52,340 - INFO - Got price for BHARTIARTL: Rs.1868.00 from info_currentPrice
2025-08-08 08:56:52,340 - INFO - Fetching live price for OFSS
2025-08-08 08:56:52,340 - INFO - Analyzing UNIONBANK...
2025-08-08 08:56:52,340 - INFO - Got price for PNB: Rs.104.31 from info_currentPrice
2025-08-08 08:56:52,351 - INFO - Analyzing GRANULES...
2025-08-08 08:56:52,469 - INFO - Fetching live price for UNIONBANK
2025-08-08 08:56:52,488 - INFO - Fetching live price for GRANULES
2025-08-08 08:56:52,656 - INFO - Got price for OFSS: Rs.8505.50 from info_currentPrice
2025-08-08 08:56:52,656 - INFO - Analyzing CANBK...
2025-08-08 08:56:52,761 - INFO - Fetching live price for CANBK
2025-08-08 08:56:52,793 - INFO - Got price for UNIONBANK: Rs.130.95 from info_currentPrice
2025-08-08 08:56:52,793 - INFO - Analyzing DIVISLAB...
2025-08-08 08:56:52,821 - INFO - Got price for GRANULES: Rs.446.20 from info_currentPrice
2025-08-08 08:56:52,824 - INFO - Analyzing MARUTI...
2025-08-08 08:56:52,893 - INFO - Fetching live price for DIVISLAB
2025-08-08 08:56:52,914 - INFO - Fetching live price for MARUTI
2025-08-08 08:56:53,076 - INFO - Got price for CANBK: Rs.107.93 from info_currentPrice
2025-08-08 08:56:53,092 - INFO - Analyzing JSL...
2025-08-08 08:56:53,182 - INFO - Fetching live price for JSL
2025-08-08 08:56:53,196 - INFO - Got price for DIVISLAB: Rs.6013.50 from info_currentPrice
2025-08-08 08:56:53,196 - INFO - Analyzing IGL...
2025-08-08 08:56:53,244 - INFO - Got price for MARUTI: Rs.12655.00 from info_currentPrice
2025-08-08 08:56:53,253 - INFO - Analyzing PETRONET...
2025-08-08 08:56:53,294 - INFO - Fetching live price for IGL
2025-08-08 08:56:53,343 - INFO - Fetching live price for PETRONET
2025-08-08 08:56:53,462 - INFO - Got price for JSL: Rs.689.75 from info_currentPrice
2025-08-08 08:56:53,462 - INFO - Analyzing BIOCON...
2025-08-08 08:56:53,559 - INFO - Fetching live price for BIOCON
2025-08-08 08:56:53,581 - INFO - Got price for IGL: Rs.202.67 from info_currentPrice
2025-08-08 08:56:53,581 - INFO - Analyzing ULTRACEMCO...
2025-08-08 08:56:53,628 - INFO - Got price for PETRONET: Rs.275.50 from info_currentPrice
2025-08-08 08:56:53,628 - INFO - Analyzing UNOMINDA...
2025-08-08 08:56:53,678 - INFO - Fetching live price for ULTRACEMCO
2025-08-08 08:56:53,765 - INFO - Fetching live price for UNOMINDA
2025-08-08 08:56:53,844 - INFO - Got price for BIOCON: Rs.351.90 from info_currentPrice
2025-08-08 08:56:53,859 - INFO - Analyzing TCS...
2025-08-08 08:56:53,976 - INFO - Fetching live price for TCS
2025-08-08 08:56:53,998 - INFO - Got price for ULTRACEMCO: Rs.12197.00 from info_currentPrice
2025-08-08 08:56:53,998 - INFO - Analyzing COFORGE...
2025-08-08 08:56:54,045 - INFO - Got price for UNOMINDA: Rs.1091.00 from info_currentPrice
2025-08-08 08:56:54,060 - INFO - Analyzing NTPC...
2025-08-08 08:56:54,111 - INFO - Fetching live price for COFORGE
2025-08-08 08:56:54,133 - INFO - Fetching live price for NTPC
2025-08-08 08:56:54,276 - INFO - Got price for TCS: Rs.3041.80 from info_currentPrice
2025-08-08 08:56:54,278 - INFO - Analyzing IIFL...
2025-08-08 08:56:54,418 - INFO - Fetching live price for IIFL
2025-08-08 08:56:54,439 - INFO - Got price for COFORGE: Rs.1611.40 from info_currentPrice
2025-08-08 08:56:54,443 - INFO - Analyzing YESBANK...
2025-08-08 08:56:54,444 - INFO - Got price for NTPC: Rs.336.50 from info_currentPrice
2025-08-08 08:56:54,460 - INFO - Analyzing M&MFIN...
2025-08-08 08:56:54,528 - INFO - Fetching live price for YESBANK
2025-08-08 08:56:54,585 - INFO - Fetching live price for M&MFIN
2025-08-08 08:56:54,712 - INFO - Got price for IIFL: Rs.452.70 from info_currentPrice
2025-08-08 08:56:54,712 - INFO - Analyzing SOLARINDS...
2025-08-08 08:56:54,860 - INFO - Fetching live price for SOLARINDS
2025-08-08 08:56:54,860 - INFO - Got price for YESBANK: Rs.18.65 from info_currentPrice
2025-08-08 08:56:54,868 - INFO - Analyzing GMRAIRPORT...
2025-08-08 08:56:54,882 - INFO - Got price for M&MFIN: Rs.255.00 from info_currentPrice
2025-08-08 08:56:54,884 - INFO - Analyzing TECHM...
2025-08-08 08:56:54,974 - INFO - Fetching live price for GMRAIRPORT
2025-08-08 08:56:54,993 - INFO - Fetching live price for TECHM
2025-08-08 08:56:55,164 - INFO - Got price for SOLARINDS: Rs.14407.00 from info_currentPrice
2025-08-08 08:56:55,175 - INFO - Analyzing NAUKRI...
2025-08-08 08:56:55,294 - INFO - Fetching live price for NAUKRI
2025-08-08 08:56:55,294 - INFO - Got price for GMRAIRPORT: Rs.89.62 from info_currentPrice
2025-08-08 08:56:55,304 - INFO - Analyzing TORNTPOWER...
2025-08-08 08:56:55,306 - INFO - Got price for TECHM: Rs.1485.00 from info_currentPrice
2025-08-08 08:56:55,308 - INFO - Analyzing PFC...
2025-08-08 08:56:55,419 - INFO - Fetching live price for TORNTPOWER
2025-08-08 08:56:55,437 - INFO - Fetching live price for PFC
2025-08-08 08:56:55,592 - INFO - Got price for NAUKRI: Rs.1350.00 from info_currentPrice
2025-08-08 08:56:55,608 - INFO - Analyzing INDIANB...
2025-08-08 08:56:55,741 - INFO - Fetching live price for INDIANB
2025-08-08 08:56:55,743 - INFO - Got price for TORNTPOWER: Rs.1350.70 from info_currentPrice
2025-08-08 08:56:55,746 - INFO - Analyzing IDEA...
2025-08-08 08:56:55,746 - INFO - Got price for PFC: Rs.407.10 from info_currentPrice
2025-08-08 08:56:55,755 - INFO - Analyzing PAGEIND...
2025-08-08 08:56:55,848 - INFO - Fetching live price for IDEA
2025-08-08 08:56:55,849 - INFO - Fetching live price for PAGEIND
2025-08-08 08:56:56,037 - INFO - Got price for INDIANB: Rs.649.65 from info_currentPrice
2025-08-08 08:56:56,041 - INFO - Analyzing ASTRAL...
2025-08-08 08:56:56,180 - INFO - Fetching live price for ASTRAL
2025-08-08 08:56:56,180 - INFO - Got price for IDEA: Rs.6.63 from info_currentPrice
2025-08-08 08:56:56,180 - INFO - Analyzing FORTIS...
2025-08-08 08:56:56,180 - INFO - Got price for PAGEIND: Rs.44700.00 from info_currentPrice
2025-08-08 08:56:56,195 - INFO - SIGNAL: SELL PAGEIND @ Rs.44700.00 (Confidence: 90%)
2025-08-08 08:56:56,195 - INFO - Analyzing DLF...
2025-08-08 08:56:56,313 - INFO - Fetching live price for FORTIS
2025-08-08 08:56:56,347 - INFO - Fetching live price for DLF
2025-08-08 08:56:56,526 - INFO - Got price for ASTRAL: Rs.1392.10 from info_currentPrice
2025-08-08 08:56:56,526 - INFO - Analyzing POWERGRID...
2025-08-08 08:56:56,644 - INFO - Fetching live price for POWERGRID
2025-08-08 08:56:56,644 - INFO - Got price for FORTIS: Rs.902.90 from info_currentPrice
2025-08-08 08:56:56,664 - INFO - Analyzing ADANIPORTS...
2025-08-08 08:56:56,684 - INFO - Got price for DLF: Rs.755.25 from info_currentPrice
2025-08-08 08:56:56,697 - INFO - Analyzing IRB...
2025-08-08 08:56:56,783 - INFO - Fetching live price for ADANIPORTS
2025-08-08 08:56:56,803 - INFO - Fetching live price for IRB
2025-08-08 08:56:56,962 - INFO - Got price for POWERGRID: Rs.284.80 from info_currentPrice
2025-08-08 08:56:56,966 - INFO - Analyzing RECLTD...
2025-08-08 08:56:57,066 - INFO - Fetching live price for RECLTD
2025-08-08 08:56:57,131 - INFO - Got price for ADANIPORTS: Rs.1321.30 from info_currentPrice
2025-08-08 08:56:57,135 - INFO - Analyzing TITAGARH...
2025-08-08 08:56:57,147 - INFO - Got price for IRB: Rs.43.99 from info_currentPrice
2025-08-08 08:56:57,155 - INFO - Analyzing BAJAJ-AUTO...
2025-08-08 08:56:57,257 - INFO - Fetching live price for BAJAJ-AUTO
2025-08-08 08:56:57,297 - INFO - Fetching live price for TITAGARH
2025-08-08 08:56:57,381 - INFO - Got price for RECLTD: Rs.383.95 from info_currentPrice
2025-08-08 08:56:57,381 - INFO - Analyzing BAJAJFINSV...
2025-08-08 08:56:57,478 - INFO - Fetching live price for BAJAJFINSV
2025-08-08 08:56:57,551 - INFO - Got price for BAJAJ-AUTO: Rs.8248.50 from info_currentPrice
2025-08-08 08:56:57,556 - INFO - Analyzing NHPC...
2025-08-08 08:56:57,667 - INFO - Fetching live price for NHPC
2025-08-08 08:56:57,795 - INFO - Got price for TITAGARH: Rs.826.35 from info_currentPrice
2025-08-08 08:56:57,795 - INFO - Analyzing OIL...
2025-08-08 08:56:57,807 - INFO - Got price for BAJAJFINSV: Rs.1919.50 from info_currentPrice
2025-08-08 08:56:57,811 - INFO - Analyzing JSWENERGY...
2025-08-08 08:56:57,895 - INFO - Fetching live price for OIL
2025-08-08 08:56:57,931 - INFO - Fetching live price for JSWENERGY
2025-08-08 08:56:58,014 - INFO - Got price for NHPC: Rs.82.33 from info_currentPrice
2025-08-08 08:56:58,017 - INFO - Analyzing GODREJPROP...
2025-08-08 08:56:58,121 - INFO - Fetching live price for GODREJPROP
2025-08-08 08:56:58,195 - INFO - Got price for OIL: Rs.435.30 from info_currentPrice
2025-08-08 08:56:58,197 - INFO - Analyzing JUBLFOOD...
2025-08-08 08:56:58,249 - INFO - Got price for JSWENERGY: Rs.527.65 from info_currentPrice
2025-08-08 08:56:58,249 - INFO - Analyzing PERSISTENT...
2025-08-08 08:56:58,286 - INFO - Fetching live price for JUBLFOOD
2025-08-08 08:56:58,331 - INFO - Fetching live price for PERSISTENT
2025-08-08 08:56:58,431 - INFO - Got price for GODREJPROP: Rs.1993.70 from info_currentPrice
2025-08-08 08:56:58,431 - INFO - Analyzing SJVN...
2025-08-08 08:56:58,532 - INFO - Fetching live price for SJVN
2025-08-08 08:56:58,587 - INFO - Got price for JUBLFOOD: Rs.629.30 from info_currentPrice
2025-08-08 08:56:58,591 - INFO - Analyzing OBEROIRLTY...
2025-08-08 08:56:58,720 - INFO - Got price for PERSISTENT: Rs.5138.00 from info_currentPrice
2025-08-08 08:56:58,724 - INFO - Analyzing PRESTIGE...
2025-08-08 08:56:58,725 - INFO - Fetching live price for OBEROIRLTY
2025-08-08 08:56:58,851 - INFO - Fetching live price for PRESTIGE
2025-08-08 08:56:58,851 - INFO - Got price for SJVN: Rs.93.10 from info_currentPrice
2025-08-08 08:56:58,863 - INFO - Analyzing COALINDIA...
2025-08-08 08:56:58,954 - INFO - Fetching live price for COALINDIA
2025-08-08 08:56:59,030 - INFO - Got price for OBEROIRLTY: Rs.1585.10 from info_currentPrice
2025-08-08 08:56:59,032 - INFO - Analyzing DALBHARAT...
2025-08-08 08:56:59,139 - INFO - Fetching live price for DALBHARAT
2025-08-08 08:56:59,139 - INFO - Got price for PRESTIGE: Rs.1607.10 from info_currentPrice
2025-08-08 08:56:59,142 - INFO - Analyzing MUTHOOTFIN...
2025-08-08 08:56:59,222 - INFO - Fetching live price for MUTHOOTFIN
2025-08-08 08:56:59,256 - INFO - Got price for COALINDIA: Rs.380.85 from info_currentPrice
2025-08-08 08:56:59,270 - INFO - Analyzing LTF...
2025-08-08 08:56:59,398 - INFO - Fetching live price for LTF
2025-08-08 08:56:59,444 - INFO - Got price for DALBHARAT: Rs.2240.00 from info_currentPrice
2025-08-08 08:56:59,444 - INFO - Analyzing PGEL...
2025-08-08 08:56:59,561 - INFO - Fetching live price for PGEL
2025-08-08 08:56:59,563 - INFO - Got price for MUTHOOTFIN: Rs.2638.10 from info_currentPrice
2025-08-08 08:56:59,565 - INFO - Analyzing APLAPOLLO...
2025-08-08 08:56:59,655 - INFO - Fetching live price for APLAPOLLO
2025-08-08 08:56:59,733 - INFO - Got price for LTF: Rs.197.28 from info_currentPrice
2025-08-08 08:56:59,733 - INFO - Analyzing MCX...
2025-08-08 08:56:59,881 - INFO - Fetching live price for MCX
2025-08-08 08:56:59,881 - INFO - Got price for PGEL: Rs.721.50 from info_currentPrice
2025-08-08 08:56:59,895 - INFO - Analyzing NBCC...
2025-08-08 08:56:59,969 - INFO - Got price for APLAPOLLO: Rs.1588.90 from info_currentPrice
2025-08-08 08:56:59,969 - INFO - Analyzing IRFC...
2025-08-08 08:57:00,022 - INFO - Fetching live price for NBCC
2025-08-08 08:57:00,051 - INFO - Fetching live price for IRFC
2025-08-08 08:57:00,182 - INFO - Got price for MCX: Rs.7773.00 from info_currentPrice
2025-08-08 08:57:00,182 - INFO - Analyzing INDUSTOWER...
2025-08-08 08:57:00,293 - INFO - Fetching live price for INDUSTOWER
2025-08-08 08:57:00,333 - INFO - Got price for NBCC: Rs.107.28 from info_currentPrice
2025-08-08 08:57:00,344 - INFO - Analyzing KALYANKJIL...
2025-08-08 08:57:00,373 - INFO - Got price for IRFC: Rs.126.30 from info_currentPrice
2025-08-08 08:57:00,384 - INFO - Analyzing ABFRL...
2025-08-08 08:57:00,472 - INFO - Fetching live price for KALYANKJIL
2025-08-08 08:57:00,488 - INFO - Fetching live price for ABFRL
2025-08-08 08:57:00,634 - INFO - Got price for INDUSTOWER: Rs.335.60 from info_currentPrice
2025-08-08 08:57:00,638 - INFO - Analyzing LODHA...
2025-08-08 08:57:00,782 - INFO - Fetching live price for LODHA
2025-08-08 08:57:00,803 - INFO - Got price for ABFRL: Rs.75.22 from info_currentPrice
2025-08-08 08:57:00,807 - INFO - Analyzing SONACOMS...
2025-08-08 08:57:00,909 - INFO - Fetching live price for SONACOMS
2025-08-08 08:57:00,962 - INFO - Got price for KALYANKJIL: Rs.539.50 from info_currentPrice
2025-08-08 08:57:00,966 - INFO - Analyzing ETERNAL...
2025-08-08 08:57:01,061 - INFO - Fetching live price for ETERNAL
2025-08-08 08:57:01,101 - INFO - Got price for LODHA: Rs.1219.30 from info_currentPrice
2025-08-08 08:57:01,101 - INFO - Analyzing NYKAA...
2025-08-08 08:57:01,206 - INFO - Fetching live price for NYKAA
2025-08-08 08:57:01,238 - INFO - Got price for SONACOMS: Rs.446.80 from info_currentPrice
2025-08-08 08:57:01,240 - INFO - Analyzing POLICYBZR...
2025-08-08 08:57:01,330 - INFO - Fetching live price for POLICYBZR
2025-08-08 08:57:01,399 - INFO - Got price for ETERNAL: Rs.301.15 from info_currentPrice
2025-08-08 08:57:01,402 - INFO - Analyzing PAYTM...
2025-08-08 08:57:01,507 - INFO - Fetching live price for PAYTM
2025-08-08 08:57:01,508 - INFO - Got price for NYKAA: Rs.205.42 from info_currentPrice
2025-08-08 08:57:01,511 - INFO - Analyzing INOXWIND...
2025-08-08 08:57:01,606 - INFO - Fetching live price for INOXWIND
2025-08-08 08:57:01,635 - INFO - Got price for POLICYBZR: Rs.1775.10 from info_currentPrice
2025-08-08 08:57:01,640 - INFO - Analyzing ADANIENSOL...
2025-08-08 08:57:01,701 - INFO - Fetching live price for ADANIENSOL
2025-08-08 08:57:01,906 - INFO - Got price for INOXWIND: Rs.142.39 from info_currentPrice
2025-08-08 08:57:01,911 - INFO - Analyzing SYNGENE...
2025-08-08 08:57:01,974 - INFO - Got price for PAYTM: Rs.1067.90 from info_currentPrice
2025-08-08 08:57:01,980 - INFO - Analyzing IDFCFIRSTB...
2025-08-08 08:57:02,003 - INFO - Fetching live price for SYNGENE
2025-08-08 08:57:02,044 - INFO - Got price for ADANIENSOL: Rs.790.00 from info_currentPrice
2025-08-08 08:57:02,044 - INFO - Analyzing INDIGO...
2025-08-08 08:57:02,104 - INFO - Fetching live price for IDFCFIRSTB
2025-08-08 08:57:02,168 - INFO - Fetching live price for INDIGO
2025-08-08 08:57:02,300 - INFO - Got price for SYNGENE: Rs.669.15 from info_currentPrice
2025-08-08 08:57:02,300 - INFO - Analyzing ALKEM...
2025-08-08 08:57:02,419 - INFO - Fetching live price for ALKEM
2025-08-08 08:57:02,480 - INFO - Got price for INDIGO: Rs.5787.50 from info_currentPrice
2025-08-08 08:57:02,485 - INFO - Analyzing CROMPTON...
2025-08-08 08:57:02,487 - INFO - Got price for IDFCFIRSTB: Rs.69.53 from info_currentPrice
2025-08-08 08:57:02,491 - INFO - Analyzing MGL...
2025-08-08 08:57:02,588 - INFO - Fetching live price for CROMPTON
2025-08-08 08:57:02,645 - INFO - Fetching live price for MGL
2025-08-08 08:57:02,774 - INFO - Got price for ALKEM: Rs.4812.00 from info_currentPrice
2025-08-08 08:57:02,777 - INFO - Analyzing LTIM...
2025-08-08 08:57:02,869 - INFO - Fetching live price for LTIM
2025-08-08 08:57:02,903 - INFO - Got price for CROMPTON: Rs.317.25 from info_currentPrice
2025-08-08 08:57:02,903 - INFO - Analyzing RBLBANK...
2025-08-08 08:57:02,969 - INFO - Got price for MGL: Rs.1315.70 from info_currentPrice
2025-08-08 08:57:02,971 - INFO - Analyzing ICICIPRULI...
2025-08-08 08:57:03,020 - INFO - Fetching live price for RBLBANK
2025-08-08 08:57:03,104 - INFO - Fetching live price for ICICIPRULI
2025-08-08 08:57:03,187 - INFO - Got price for LTIM: Rs.5031.00 from info_currentPrice
2025-08-08 08:57:03,187 - INFO - Analyzing PNBHOUSING...
2025-08-08 08:57:03,307 - INFO - Fetching live price for PNBHOUSING
2025-08-08 08:57:03,307 - INFO - Got price for RBLBANK: Rs.265.10 from info_currentPrice
2025-08-08 08:57:03,321 - INFO - Analyzing VBL...
2025-08-08 08:57:03,433 - INFO - Fetching live price for VBL
2025-08-08 08:57:03,437 - INFO - Got price for ICICIPRULI: Rs.615.70 from info_currentPrice
2025-08-08 08:57:03,625 - INFO - Got price for PNBHOUSING: Rs.781.85 from info_currentPrice
2025-08-08 08:57:03,625 - INFO - SIGNAL: BUY PNBHOUSING @ Rs.781.85 (Confidence: 85%)
2025-08-08 08:57:03,725 - INFO - Got price for VBL: Rs.500.80 from info_currentPrice
2025-08-08 08:57:03,732 - INFO - Analysis complete: 224 successful, 0 failed
2025-08-08 08:57:03,732 - INFO - Found 2 actionable signals
2025-08-08 08:57:03,733 - INFO - ================================================================================
2025-08-08 08:57:03,734 - INFO - SWING TRADING SIGNALS - 2025-08-08 13:27:03 IST
2025-08-08 08:57:03,734 - INFO - ================================================================================
2025-08-08 08:57:03,735 - INFO - ================================================================================
2025-08-08 08:57:03,736 - INFO - SUMMARY: 1 BUY signals, 1 SELL signals
2025-08-08 08:57:03,736 - INFO - Price Source: Yahoo Finance Live
2025-08-08 08:57:03,736 - INFO - Strategy: EMA(2)/SMA(50) Crossover + RSI
2025-08-08 08:57:03,737 - INFO - ================================================================================
2025-08-08 08:57:03,756 - INFO - Signals saved: swing_signals_yahoo_20250808_1327.json
2025-08-08 09:02:03,804 - INFO - Starting swing analysis for all stocks...
2025-08-08 09:02:03,804 - INFO - Analyzing 224 stocks
2025-08-08 09:02:03,804 - INFO - Analyzing ABB...
2025-08-08 09:02:03,804 - INFO - Analyzing LAURUSLABS...
2025-08-08 09:02:03,806 - INFO - Analyzing BAJFINANCE...
2025-08-08 09:02:03,956 - INFO - Fetching live price for LAURUSLABS
2025-08-08 09:02:03,979 - INFO - Fetching live price for ABB
2025-08-08 09:02:04,038 - INFO - Fetching live price for BAJFINANCE
2025-08-08 09:02:04,297 - INFO - Got price for LAURUSLABS: Rs.831.20 from info_currentPrice
2025-08-08 09:02:04,297 - INFO - Analyzing BEL...
2025-08-08 09:02:04,330 - INFO - Got price for ABB: Rs.5096.50 from info_currentPrice
2025-08-08 09:02:04,330 - INFO - Analyzing BLUESTARCO...
2025-08-08 09:02:04,345 - INFO - Got price for BAJFINANCE: Rs.879.65 from info_currentPrice
2025-08-08 09:02:04,362 - INFO - Analyzing CESC...
2025-08-08 09:02:04,471 - INFO - Fetching live price for BLUESTARCO
2025-08-08 09:02:04,471 - INFO - Fetching live price for CESC
2025-08-08 09:02:04,489 - INFO - Fetching live price for BEL
2025-08-08 09:02:04,758 - INFO - Got price for BLUESTARCO: Rs.1806.20 from info_currentPrice
2025-08-08 09:02:04,774 - INFO - Analyzing CHAMBLFERT...
2025-08-08 09:02:04,774 - INFO - Got price for CESC: Rs.163.56 from info_currentPrice
2025-08-08 09:02:04,774 - INFO - Analyzing EXIDEIND...
2025-08-08 09:02:04,805 - INFO - Got price for BEL: Rs.386.15 from info_currentPrice
2025-08-08 09:02:04,805 - INFO - Analyzing CIPLA...
2025-08-08 09:02:04,901 - INFO - Fetching live price for CHAMBLFERT
2025-08-08 09:02:04,917 - INFO - Fetching live price for EXIDEIND
2025-08-08 09:02:04,933 - INFO - Fetching live price for CIPLA
2025-08-08 09:02:05,218 - INFO - Got price for CHAMBLFERT: Rs.535.85 from info_currentPrice
2025-08-08 09:02:05,234 - INFO - Analyzing CGPOWER...
2025-08-08 09:02:05,258 - INFO - Got price for EXIDEIND: Rs.378.30 from info_currentPrice
2025-08-08 09:02:05,258 - INFO - Analyzing DABUR...
2025-08-08 09:02:05,294 - INFO - Got price for CIPLA: Rs.1490.10 from info_currentPrice
2025-08-08 09:02:05,298 - INFO - Analyzing BHEL...
2025-08-08 09:02:05,333 - INFO - Fetching live price for CGPOWER
2025-08-08 09:02:05,345 - INFO - Fetching live price for DABUR
2025-08-08 09:02:05,474 - INFO - Fetching live price for BHEL
2025-08-08 09:02:05,667 - INFO - Got price for CGPOWER: Rs.671.65 from info_currentPrice
2025-08-08 09:02:05,667 - INFO - Analyzing HINDPETRO...
2025-08-08 09:02:05,690 - INFO - Got price for DABUR: Rs.511.15 from info_currentPrice
2025-08-08 09:02:05,697 - INFO - Analyzing SBIN...
2025-08-08 09:02:05,782 - INFO - Fetching live price for SBIN
2025-08-08 09:02:05,794 - INFO - Fetching live price for HINDPETRO
2025-08-08 09:02:05,810 - INFO - Got price for BHEL: Rs.225.30 from info_currentPrice
2025-08-08 09:02:05,810 - INFO - Analyzing SAIL...
2025-08-08 09:02:05,904 - INFO - Fetching live price for SAIL
2025-08-08 09:02:06,095 - INFO - Got price for SBIN: Rs.798.50 from info_currentPrice
2025-08-08 09:02:06,102 - INFO - Analyzing TITAN...
2025-08-08 09:02:06,208 - INFO - Fetching live price for TITAN
2025-08-08 09:02:06,208 - INFO - Got price for SAIL: Rs.121.70 from info_currentPrice
2025-08-08 09:02:06,208 - INFO - Analyzing DRREDDY...
2025-08-08 09:02:06,302 - INFO - Got price for HINDPETRO: Rs.409.55 from info_currentPrice
2025-08-08 09:02:06,302 - INFO - Analyzing HDFCBANK...
2025-08-08 09:02:06,350 - INFO - Fetching live price for DRREDDY
2025-08-08 09:02:06,398 - INFO - Fetching live price for HDFCBANK
2025-08-08 09:02:06,691 - INFO - Got price for DRREDDY: Rs.1207.00 from info_currentPrice
2025-08-08 09:02:06,694 - INFO - Analyzing HEROMOTOCO...
2025-08-08 09:02:06,731 - INFO - Got price for HDFCBANK: Rs.1977.30 from info_currentPrice
2025-08-08 09:02:06,731 - INFO - Analyzing HFCL...
2025-08-08 09:02:06,741 - INFO - Got price for TITAN: Rs.3470.80 from info_currentPrice
2025-08-08 09:02:06,745 - INFO - Analyzing HINDZINC...
2025-08-08 09:02:06,789 - INFO - Fetching live price for HEROMOTOCO
2025-08-08 09:02:06,841 - INFO - Fetching live price for HFCL
2025-08-08 09:02:06,857 - INFO - Fetching live price for HINDZINC
2025-08-08 09:02:07,064 - INFO - Got price for HEROMOTOCO: Rs.4642.40 from info_currentPrice
2025-08-08 09:02:07,064 - INFO - Analyzing INFY...
2025-08-08 09:02:07,159 - INFO - Got price for HFCL: Rs.73.82 from info_currentPrice
2025-08-08 09:02:07,159 - INFO - Analyzing JSWSTEEL...
2025-08-08 09:02:07,175 - INFO - Fetching live price for INFY
2025-08-08 09:02:07,206 - INFO - Got price for HINDZINC: Rs.423.25 from info_currentPrice
2025-08-08 09:02:07,206 - INFO - Analyzing KOTAKBANK...
2025-08-08 09:02:07,270 - INFO - Fetching live price for JSWSTEEL
2025-08-08 09:02:07,292 - INFO - Fetching live price for KOTAKBANK
2025-08-08 09:02:07,509 - INFO - Got price for INFY: Rs.1428.30 from info_currentPrice
2025-08-08 09:02:07,520 - INFO - Analyzing TRENT...
2025-08-08 09:02:07,604 - INFO - Fetching live price for TRENT
2025-08-08 09:02:07,604 - INFO - Got price for JSWSTEEL: Rs.1044.20 from info_currentPrice
2025-08-08 09:02:07,620 - INFO - Analyzing LICHSGFIN...
2025-08-08 09:02:07,620 - INFO - Got price for KOTAKBANK: Rs.1965.40 from info_currentPrice
2025-08-08 09:02:07,620 - INFO - Analyzing LUPIN...
2025-08-08 09:02:07,732 - INFO - Fetching live price for LICHSGFIN
2025-08-08 09:02:07,748 - INFO - Fetching live price for LUPIN
2025-08-08 09:02:07,970 - INFO - Got price for TRENT: Rs.5362.00 from info_currentPrice
2025-08-08 09:02:07,982 - INFO - Analyzing MFSL...
2025-08-08 09:02:08,066 - INFO - Got price for LICHSGFIN: Rs.573.45 from info_currentPrice
2025-08-08 09:02:08,066 - INFO - Analyzing NCC...
2025-08-08 09:02:08,066 - INFO - Got price for LUPIN: Rs.1927.60 from info_currentPrice
2025-08-08 09:02:08,079 - INFO - Analyzing VEDL...
2025-08-08 09:02:08,098 - INFO - Fetching live price for MFSL
2025-08-08 09:02:08,162 - INFO - Fetching live price for VEDL
2025-08-08 09:02:08,210 - INFO - Fetching live price for NCC
2025-08-08 09:02:08,465 - INFO - Got price for VEDL: Rs.433.55 from info_currentPrice
2025-08-08 09:02:08,465 - INFO - Analyzing GRASIM...
2025-08-08 09:02:08,512 - INFO - Got price for NCC: Rs.223.13 from info_currentPrice
2025-08-08 09:02:08,528 - INFO - Analyzing PEL...
2025-08-08 09:02:08,607 - INFO - Fetching live price for GRASIM
2025-08-08 09:02:08,655 - INFO - Fetching live price for PEL
2025-08-08 09:02:08,719 - INFO - Got price for MFSL: Rs.1540.30 from info_currentPrice
2025-08-08 09:02:08,732 - INFO - Analyzing ONGC...
2025-08-08 09:02:08,813 - INFO - Fetching live price for ONGC
2025-08-08 09:02:08,924 - INFO - Got price for GRASIM: Rs.2693.90 from info_currentPrice
2025-08-08 09:02:08,940 - INFO - Analyzing RELIANCE...
2025-08-08 09:02:09,036 - INFO - Fetching live price for RELIANCE
2025-08-08 09:02:09,099 - INFO - Got price for ONGC: Rs.233.97 from info_currentPrice
2025-08-08 09:02:09,099 - INFO - Analyzing PIDILITIND...
2025-08-08 09:02:09,178 - INFO - Got price for PEL: Rs.1144.40 from info_currentPrice
2025-08-08 09:02:09,178 - INFO - Analyzing PATANJALI...
2025-08-08 09:02:09,210 - INFO - Fetching live price for PIDILITIND
2025-08-08 09:02:09,294 - INFO - Fetching live price for PATANJALI
2025-08-08 09:02:09,401 - INFO - Got price for RELIANCE: Rs.1375.10 from info_currentPrice
2025-08-08 09:02:09,401 - INFO - Analyzing SHREECEM...
2025-08-08 09:02:09,496 - INFO - Fetching live price for SHREECEM
2025-08-08 09:02:09,560 - INFO - Got price for PIDILITIND: Rs.3066.30 from info_currentPrice
2025-08-08 09:02:09,560 - INFO - Analyzing TATAPOWER...
2025-08-08 09:02:09,662 - INFO - Fetching live price for TATAPOWER
2025-08-08 09:02:09,694 - INFO - Got price for PATANJALI: Rs.1810.00 from info_currentPrice
2025-08-08 09:02:09,694 - INFO - Analyzing TATAELXSI...
2025-08-08 09:02:09,783 - INFO - Fetching live price for TATAELXSI
2025-08-08 09:02:09,830 - INFO - Got price for SHREECEM: Rs.30500.00 from info_currentPrice
2025-08-08 09:02:09,846 - INFO - Analyzing ACC...
2025-08-08 09:02:09,925 - INFO - Fetching live price for ACC
2025-08-08 09:02:09,994 - INFO - Got price for TATAPOWER: Rs.383.00 from info_currentPrice
2025-08-08 09:02:10,005 - INFO - Analyzing TORNTPHARM...
2025-08-08 09:02:10,100 - INFO - Fetching live price for TORNTPHARM
2025-08-08 09:02:10,132 - INFO - Got price for TATAELXSI: Rs.5820.00 from info_currentPrice
2025-08-08 09:02:10,132 - INFO - Analyzing AMBUJACEM...
2025-08-08 09:02:10,228 - INFO - Fetching live price for AMBUJACEM
2025-08-08 09:02:10,292 - INFO - Got price for ACC: Rs.1798.40 from info_currentPrice
2025-08-08 09:02:10,295 - INFO - Analyzing HINDALCO...
2025-08-08 09:02:10,395 - INFO - Got price for TORNTPHARM: Rs.3600.00 from info_currentPrice
2025-08-08 09:02:10,403 - INFO - Analyzing FEDERALBNK...
2025-08-08 09:02:10,403 - INFO - Fetching live price for HINDALCO
2025-08-08 09:02:10,482 - INFO - Fetching live price for FEDERALBNK
2025-08-08 09:02:10,625 - INFO - Got price for AMBUJACEM: Rs.584.75 from info_currentPrice
2025-08-08 09:02:10,625 - INFO - Analyzing TATASTEEL...
2025-08-08 09:02:10,752 - INFO - Fetching live price for TATASTEEL
2025-08-08 09:02:10,752 - INFO - Got price for HINDALCO: Rs.675.05 from info_currentPrice
2025-08-08 09:02:10,761 - INFO - Analyzing ASHOKLEY...
2025-08-08 09:02:10,800 - INFO - Got price for FEDERALBNK: Rs.197.21 from info_currentPrice
2025-08-08 09:02:10,815 - INFO - Analyzing CUMMINSIND...
2025-08-08 09:02:10,847 - INFO - Fetching live price for ASHOKLEY
2025-08-08 09:02:10,926 - INFO - Fetching live price for CUMMINSIND
2025-08-08 09:02:11,075 - INFO - Got price for TATASTEEL: Rs.158.15 from info_currentPrice
2025-08-08 09:02:11,075 - INFO - Analyzing TATACOMM...
2025-08-08 09:02:11,165 - INFO - Got price for ASHOKLEY: Rs.116.65 from info_currentPrice
2025-08-08 09:02:11,165 - INFO - Analyzing BHARATFORG...
2025-08-08 09:02:11,181 - INFO - Fetching live price for TATACOMM
2025-08-08 09:02:11,244 - INFO - Got price for CUMMINSIND: Rs.3847.00 from info_currentPrice
2025-08-08 09:02:11,244 - INFO - Analyzing LT...
2025-08-08 09:02:11,260 - INFO - Fetching live price for BHARATFORG
2025-08-08 09:02:11,340 - INFO - Fetching live price for LT
2025-08-08 09:02:11,578 - INFO - Got price for BHARATFORG: Rs.1139.10 from info_currentPrice
2025-08-08 09:02:11,594 - INFO - Analyzing M&M...
2025-08-08 09:02:11,642 - INFO - Got price for LT: Rs.3630.30 from info_currentPrice
2025-08-08 09:02:11,662 - INFO - Analyzing BOSCHLTD...
2025-08-08 09:02:11,689 - INFO - Got price for TATACOMM: Rs.1655.00 from info_currentPrice
2025-08-08 09:02:11,689 - INFO - Fetching live price for M&M
2025-08-08 09:02:11,697 - INFO - Analyzing BPCL...
2025-08-08 09:02:11,816 - INFO - Fetching live price for BOSCHLTD
2025-08-08 09:02:11,816 - INFO - Fetching live price for BPCL
2025-08-08 09:02:12,111 - INFO - Got price for M&M: Rs.3177.90 from info_currentPrice
2025-08-08 09:02:12,113 - INFO - Analyzing SIEMENS...
2025-08-08 09:02:12,119 - INFO - Got price for BOSCHLTD: Rs.38780.00 from info_currentPrice
2025-08-08 09:02:12,119 - INFO - Analyzing TATAMOTORS...
2025-08-08 09:02:12,151 - INFO - Got price for BPCL: Rs.320.85 from info_currentPrice
2025-08-08 09:02:12,161 - INFO - Analyzing VOLTAS...
2025-08-08 09:02:12,252 - INFO - Fetching live price for SIEMENS
2025-08-08 09:02:12,293 - INFO - Fetching live price for VOLTAS
2025-08-08 09:02:12,298 - INFO - Fetching live price for TATAMOTORS
2025-08-08 09:02:12,564 - INFO - Got price for SIEMENS: Rs.3087.20 from info_currentPrice
2025-08-08 09:02:12,580 - INFO - Analyzing HINDUNILVR...
2025-08-08 09:02:12,605 - INFO - Got price for TATAMOTORS: Rs.638.30 from info_currentPrice
2025-08-08 09:02:12,611 - INFO - Analyzing TATACHEM...
2025-08-08 09:02:12,707 - INFO - Fetching live price for HINDUNILVR
2025-08-08 09:02:12,731 - INFO - Fetching live price for TATACHEM
2025-08-08 09:02:12,787 - INFO - Got price for VOLTAS: Rs.1312.60 from info_currentPrice
2025-08-08 09:02:12,799 - INFO - Analyzing NESTLEIND...
2025-08-08 09:02:12,915 - INFO - Fetching live price for NESTLEIND
2025-08-08 09:02:13,009 - INFO - Got price for TATACHEM: Rs.951.75 from info_currentPrice
2025-08-08 09:02:13,009 - INFO - Analyzing TATACONSUM...
2025-08-08 09:02:13,099 - INFO - Got price for HINDUNILVR: Rs.2508.00 from info_currentPrice
2025-08-08 09:02:13,099 - INFO - Analyzing ASIANPAINT...
2025-08-08 09:02:13,152 - INFO - Fetching live price for TATACONSUM
2025-08-08 09:02:13,215 - INFO - Fetching live price for ASIANPAINT
2025-08-08 09:02:13,215 - INFO - Got price for NESTLEIND: Rs.1108.80 from info_currentPrice
2025-08-08 09:02:13,231 - INFO - Analyzing BRITANNIA...
2025-08-08 09:02:13,420 - INFO - Fetching live price for BRITANNIA
2025-08-08 09:02:13,489 - INFO - Got price for TATACONSUM: Rs.1060.80 from info_currentPrice
2025-08-08 09:02:13,496 - INFO - Analyzing COLPAL...
2025-08-08 09:02:13,605 - INFO - Fetching live price for COLPAL
2025-08-08 09:02:13,624 - INFO - Got price for ASIANPAINT: Rs.2501.90 from info_currentPrice
2025-08-08 09:02:13,624 - INFO - Analyzing INDHOTEL...
2025-08-08 09:02:13,732 - INFO - Fetching live price for INDHOTEL
2025-08-08 09:02:13,764 - INFO - Got price for BRITANNIA: Rs.5414.00 from info_currentPrice
2025-08-08 09:02:13,768 - INFO - Analyzing ITC...
2025-08-08 09:02:13,885 - INFO - Fetching live price for ITC
2025-08-08 09:02:13,954 - INFO - Got price for COLPAL: Rs.2221.70 from info_currentPrice
2025-08-08 09:02:13,967 - INFO - Analyzing BALKRISIND...
2025-08-08 09:02:14,050 - INFO - Fetching live price for BALKRISIND
2025-08-08 09:02:14,081 - INFO - Got price for INDHOTEL: Rs.743.25 from info_currentPrice
2025-08-08 09:02:14,087 - INFO - Analyzing PHOENIXLTD...
2025-08-08 09:02:14,237 - INFO - Fetching live price for PHOENIXLTD
2025-08-08 09:02:14,368 - INFO - Got price for BALKRISIND: Rs.2433.20 from info_currentPrice
2025-08-08 09:02:14,368 - INFO - Analyzing SRF...
2025-08-08 09:02:14,431 - INFO - Got price for ITC: Rs.414.45 from info_currentPrice
2025-08-08 09:02:14,447 - INFO - Analyzing EICHERMOT...
2025-08-08 09:02:14,465 - INFO - Fetching live price for SRF
2025-08-08 09:02:14,549 - INFO - Got price for PHOENIXLTD: Rs.1433.90 from info_currentPrice
2025-08-08 09:02:14,555 - INFO - Analyzing WIPRO...
2025-08-08 09:02:14,559 - INFO - Fetching live price for EICHERMOT
2025-08-08 09:02:14,669 - INFO - Fetching live price for WIPRO
2025-08-08 09:02:14,793 - INFO - Got price for SRF: Rs.2866.00 from info_currentPrice
2025-08-08 09:02:14,796 - INFO - Analyzing APOLLOHOSP...
2025-08-08 09:02:14,896 - INFO - Fetching live price for APOLLOHOSP
2025-08-08 09:02:14,983 - INFO - Got price for WIPRO: Rs.240.99 from info_currentPrice
2025-08-08 09:02:14,986 - INFO - Analyzing SUPREMEIND...
2025-08-08 09:02:15,053 - INFO - Got price for EICHERMOT: Rs.5678.00 from info_currentPrice
2025-08-08 09:02:15,069 - INFO - Analyzing SHRIRAMFIN...
2025-08-08 09:02:15,091 - INFO - Fetching live price for SUPREMEIND
2025-08-08 09:02:15,212 - INFO - Fetching live price for SHRIRAMFIN
2025-08-08 09:02:15,212 - INFO - Got price for APOLLOHOSP: Rs.7109.50 from info_currentPrice
2025-08-08 09:02:15,224 - INFO - Analyzing CHOLAFIN...
2025-08-08 09:02:15,334 - INFO - Fetching live price for CHOLAFIN
2025-08-08 09:02:15,502 - INFO - Got price for SUPREMEIND: Rs.4135.50 from info_currentPrice
2025-08-08 09:02:15,509 - INFO - Analyzing UPL...
2025-08-08 09:02:15,510 - INFO - Got price for SHRIRAMFIN: Rs.615.85 from info_currentPrice
2025-08-08 09:02:15,510 - INFO - Analyzing ADANIENT...
2025-08-08 09:02:15,605 - INFO - Fetching live price for UPL
2025-08-08 09:02:15,621 - INFO - Fetching live price for ADANIENT
2025-08-08 09:02:15,669 - INFO - Got price for CHOLAFIN: Rs.1470.00 from info_currentPrice
2025-08-08 09:02:15,684 - INFO - Analyzing LICI...
2025-08-08 09:02:15,801 - INFO - Fetching live price for LICI
2025-08-08 09:02:15,932 - INFO - Got price for UPL: Rs.695.35 from info_currentPrice
2025-08-08 09:02:15,936 - INFO - Analyzing DELHIVERY...
2025-08-08 09:02:15,971 - INFO - Got price for ADANIENT: Rs.2174.90 from info_currentPrice
2025-08-08 09:02:15,971 - INFO - Analyzing HINDCOPPER...
2025-08-08 09:02:16,033 - INFO - Fetching live price for DELHIVERY
2025-08-08 09:02:16,066 - INFO - Fetching live price for HINDCOPPER
2025-08-08 09:02:16,150 - INFO - Got price for LICI: Rs.914.40 from info_currentPrice
2025-08-08 09:02:16,152 - INFO - Analyzing MOTHERSON...
2025-08-08 09:02:16,239 - INFO - Fetching live price for MOTHERSON
2025-08-08 09:02:16,398 - INFO - Got price for HINDCOPPER: Rs.238.21 from info_currentPrice
2025-08-08 09:02:16,398 - INFO - Analyzing HAVELLS...
2025-08-08 09:02:16,403 - INFO - Got price for DELHIVERY: Rs.463.25 from info_currentPrice
2025-08-08 09:02:16,403 - INFO - Analyzing PPLPHARMA...
2025-08-08 09:02:16,509 - INFO - Fetching live price for PPLPHARMA
2025-08-08 09:02:16,524 - INFO - Fetching live price for HAVELLS
2025-08-08 09:02:16,556 - INFO - Got price for MOTHERSON: Rs.92.84 from info_currentPrice
2025-08-08 09:02:16,556 - INFO - Analyzing KEI...
2025-08-08 09:02:16,650 - INFO - Fetching live price for KEI
2025-08-08 09:02:16,871 - INFO - Got price for HAVELLS: Rs.1499.10 from info_currentPrice
2025-08-08 09:02:16,871 - INFO - Analyzing KAYNES...
2025-08-08 09:02:16,984 - INFO - Fetching live price for KAYNES
2025-08-08 09:02:17,108 - INFO - Got price for PPLPHARMA: Rs.192.72 from info_currentPrice
2025-08-08 09:02:17,108 - INFO - Analyzing KFINTECH...
2025-08-08 09:02:17,151 - INFO - Got price for KEI: Rs.3864.00 from info_currentPrice
2025-08-08 09:02:17,156 - INFO - Analyzing MANKIND...
2025-08-08 09:02:17,267 - INFO - Fetching live price for KFINTECH
2025-08-08 09:02:17,283 - INFO - Fetching live price for MANKIND
2025-08-08 09:02:17,330 - INFO - Got price for KAYNES: Rs.5935.50 from info_currentPrice
2025-08-08 09:02:17,346 - INFO - Analyzing PIIND...
2025-08-08 09:02:17,505 - INFO - Fetching live price for PIIND
2025-08-08 09:02:17,604 - INFO - Got price for KFINTECH: Rs.1057.40 from info_currentPrice
2025-08-08 09:02:17,616 - INFO - Analyzing POONAWALLA...
2025-08-08 09:02:17,616 - INFO - Got price for MANKIND: Rs.2493.20 from info_currentPrice
2025-08-08 09:02:17,626 - INFO - Analyzing JIOFIN...
2025-08-08 09:02:17,711 - INFO - Fetching live price for POONAWALLA
2025-08-08 09:02:17,733 - INFO - Fetching live price for JIOFIN
2025-08-08 09:02:17,932 - INFO - Got price for PIIND: Rs.3970.00 from info_currentPrice
2025-08-08 09:02:17,948 - INFO - Analyzing AARTIIND...
2025-08-08 09:02:18,027 - INFO - Got price for JIOFIN: Rs.322.60 from info_currentPrice
2025-08-08 09:02:18,033 - INFO - Analyzing BSE...
2025-08-08 09:02:18,046 - INFO - Fetching live price for AARTIIND
2025-08-08 09:02:18,060 - INFO - Got price for POONAWALLA: Rs.436.70 from info_currentPrice
2025-08-08 09:02:18,060 - INFO - Analyzing DMART...
2025-08-08 09:02:18,156 - INFO - Fetching live price for BSE
2025-08-08 09:02:18,171 - INFO - Fetching live price for DMART
2025-08-08 09:02:18,549 - INFO - Got price for BSE: Rs.2397.80 from info_currentPrice
2025-08-08 09:02:18,552 - INFO - Analyzing HUDCO...
2025-08-08 09:02:18,582 - INFO - Got price for AARTIIND: Rs.377.50 from info_currentPrice
2025-08-08 09:02:18,594 - INFO - Analyzing AUBANK...
2025-08-08 09:02:18,661 - INFO - Fetching live price for HUDCO
2025-08-08 09:02:18,661 - INFO - Got price for DMART: Rs.4214.10 from info_currentPrice
2025-08-08 09:02:18,661 - INFO - Analyzing CDSL...
2025-08-08 09:02:18,709 - INFO - Fetching live price for AUBANK
2025-08-08 09:02:18,772 - INFO - Fetching live price for CDSL
2025-08-08 09:02:18,962 - INFO - Got price for HUDCO: Rs.209.34 from info_currentPrice
2025-08-08 09:02:18,962 - INFO - Analyzing DIXON...
2025-08-08 09:02:19,084 - INFO - Got price for AUBANK: Rs.747.75 from info_currentPrice
2025-08-08 09:02:19,088 - INFO - Analyzing SUNPHARMA...
2025-08-08 09:02:19,106 - INFO - Fetching live price for DIXON
2025-08-08 09:02:19,108 - INFO - Got price for CDSL: Rs.1595.80 from info_currentPrice
2025-08-08 09:02:19,112 - INFO - Analyzing AUROPHARMA...
2025-08-08 09:02:19,221 - INFO - Fetching live price for AUROPHARMA
2025-08-08 09:02:19,342 - INFO - Fetching live price for SUNPHARMA
2025-08-08 09:02:19,437 - INFO - Got price for DIXON: Rs.16203.00 from info_currentPrice
2025-08-08 09:02:19,437 - INFO - Analyzing ABCAPITAL...
2025-08-08 09:02:19,533 - INFO - Got price for AUROPHARMA: Rs.1053.10 from info_currentPrice
2025-08-08 09:02:19,533 - INFO - Analyzing MPHASIS...
2025-08-08 09:02:19,587 - INFO - Fetching live price for ABCAPITAL
2025-08-08 09:02:19,661 - INFO - Got price for SUNPHARMA: Rs.1590.30 from info_currentPrice
2025-08-08 09:02:19,665 - INFO - Analyzing NMDC...
2025-08-08 09:02:19,677 - INFO - Fetching live price for MPHASIS
2025-08-08 09:02:19,756 - INFO - Fetching live price for NMDC
2025-08-08 09:02:19,906 - INFO - Got price for ABCAPITAL: Rs.273.50 from info_currentPrice
2025-08-08 09:02:19,915 - INFO - Analyzing IREDA...
2025-08-08 09:02:20,058 - INFO - Fetching live price for IREDA
2025-08-08 09:02:20,058 - INFO - Got price for MPHASIS: Rs.2693.00 from info_currentPrice
2025-08-08 09:02:20,058 - INFO - Analyzing TATATECH...
2025-08-08 09:02:20,074 - INFO - Got price for NMDC: Rs.71.18 from info_currentPrice
2025-08-08 09:02:20,074 - INFO - Analyzing SBILIFE...
2025-08-08 09:02:20,179 - INFO - Fetching live price for TATATECH
2025-08-08 09:02:20,195 - INFO - Fetching live price for SBILIFE
2025-08-08 09:02:20,391 - INFO - Got price for IREDA: Rs.143.67 from info_currentPrice
2025-08-08 09:02:20,399 - INFO - Analyzing ICICIGI...
2025-08-08 09:02:20,532 - INFO - Got price for TATATECH: Rs.666.30 from info_currentPrice
2025-08-08 09:02:20,543 - INFO - Analyzing IEX...
2025-08-08 09:02:20,574 - INFO - Fetching live price for ICICIGI
2025-08-08 09:02:20,675 - INFO - Fetching live price for IEX
2025-08-08 09:02:20,688 - INFO - Got price for SBILIFE: Rs.1839.70 from info_currentPrice
2025-08-08 09:02:20,701 - INFO - Analyzing TIINDIA...
2025-08-08 09:02:20,844 - INFO - Fetching live price for TIINDIA
2025-08-08 09:02:20,876 - INFO - Got price for ICICIGI: Rs.1900.40 from info_currentPrice
2025-08-08 09:02:20,876 - INFO - Analyzing HDFCLIFE...
2025-08-08 09:02:21,002 - INFO - Fetching live price for HDFCLIFE
2025-08-08 09:02:21,007 - INFO - Got price for IEX: Rs.138.97 from info_currentPrice
2025-08-08 09:02:21,007 - INFO - Analyzing AMBER...
2025-08-08 09:02:21,138 - INFO - Fetching live price for AMBER
2025-08-08 09:02:21,376 - INFO - Got price for TIINDIA: Rs.2911.70 from info_currentPrice
2025-08-08 09:02:21,376 - INFO - Analyzing BDL...
2025-08-08 09:02:21,410 - INFO - Got price for HDFCLIFE: Rs.762.65 from info_currentPrice
2025-08-08 09:02:21,415 - INFO - Analyzing BANDHANBNK...
2025-08-08 09:02:21,478 - INFO - Got price for AMBER: Rs.7625.50 from info_currentPrice
2025-08-08 09:02:21,478 - INFO - Fetching live price for BDL
2025-08-08 09:02:21,478 - INFO - Analyzing HAL...
2025-08-08 09:02:21,510 - INFO - Fetching live price for BANDHANBNK
2025-08-08 09:02:21,589 - INFO - Fetching live price for HAL
2025-08-08 09:02:21,782 - INFO - Got price for BDL: Rs.1524.00 from info_currentPrice
2025-08-08 09:02:21,796 - INFO - Analyzing ADANIGREEN...
2025-08-08 09:02:21,847 - INFO - Got price for BANDHANBNK: Rs.165.93 from info_currentPrice
2025-08-08 09:02:21,847 - INFO - Analyzing HDFCAMC...
2025-08-08 09:02:21,891 - INFO - Fetching live price for ADANIGREEN
2025-08-08 09:02:21,955 - INFO - Fetching live price for HDFCAMC
2025-08-08 09:02:21,955 - INFO - Got price for HAL: Rs.4468.10 from info_currentPrice
2025-08-08 09:02:21,960 - INFO - Analyzing ATGL...
2025-08-08 09:02:22,072 - INFO - Fetching live price for ATGL
2025-08-08 09:02:22,232 - INFO - Got price for ADANIGREEN: Rs.923.80 from info_currentPrice
2025-08-08 09:02:22,245 - INFO - Analyzing IOC...
2025-08-08 09:02:22,257 - INFO - Got price for HDFCAMC: Rs.5623.50 from info_currentPrice
2025-08-08 09:02:22,273 - INFO - Analyzing MANAPPURAM...
2025-08-08 09:02:22,373 - INFO - Fetching live price for IOC
2025-08-08 09:02:22,385 - INFO - Fetching live price for MANAPPURAM
2025-08-08 09:02:22,401 - INFO - Got price for ATGL: Rs.591.05 from info_currentPrice
2025-08-08 09:02:22,409 - INFO - Analyzing CONCOR...
2025-08-08 09:02:22,497 - INFO - Fetching live price for CONCOR
2025-08-08 09:02:22,672 - INFO - Got price for IOC: Rs.141.29 from info_currentPrice
2025-08-08 09:02:22,688 - INFO - Analyzing RVNL...
2025-08-08 09:02:22,703 - INFO - Got price for MANAPPURAM: Rs.262.80 from info_currentPrice
2025-08-08 09:02:22,709 - INFO - Analyzing POLYCAB...
2025-08-08 09:02:22,799 - INFO - Fetching live price for RVNL
2025-08-08 09:02:22,809 - INFO - Fetching live price for POLYCAB
2025-08-08 09:02:22,814 - INFO - Got price for CONCOR: Rs.561.85 from info_currentPrice
2025-08-08 09:02:22,814 - INFO - Analyzing KPITTECH...
2025-08-08 09:02:22,941 - INFO - Fetching live price for KPITTECH
2025-08-08 09:02:23,115 - INFO - Got price for RVNL: Rs.341.40 from info_currentPrice
2025-08-08 09:02:23,121 - INFO - Analyzing MARICO...
2025-08-08 09:02:23,162 - INFO - Got price for POLYCAB: Rs.6815.50 from info_currentPrice
2025-08-08 09:02:23,172 - INFO - Analyzing 360ONE...
2025-08-08 09:02:23,304 - INFO - Got price for KPITTECH: Rs.1200.60 from info_currentPrice
2025-08-08 09:02:23,304 - INFO - Fetching live price for 360ONE
2025-08-08 09:02:23,304 - INFO - Analyzing IRCTC...
2025-08-08 09:02:23,309 - INFO - Fetching live price for MARICO
2025-08-08 09:02:23,446 - INFO - Fetching live price for IRCTC
2025-08-08 09:02:23,602 - INFO - Got price for 360ONE: Rs.1054.20 from info_currentPrice
2025-08-08 09:02:23,610 - INFO - Analyzing SBICARD...
2025-08-08 09:02:23,633 - INFO - Got price for MARICO: Rs.709.60 from info_currentPrice
2025-08-08 09:02:23,633 - INFO - Analyzing MAXHEALTH...
2025-08-08 09:02:23,697 - INFO - Fetching live price for SBICARD
2025-08-08 09:02:23,744 - INFO - Fetching live price for MAXHEALTH
2025-08-08 09:02:23,807 - INFO - Got price for IRCTC: Rs.722.50 from info_currentPrice
2025-08-08 09:02:23,811 - INFO - Analyzing BANKBARODA...
2025-08-08 09:02:23,901 - INFO - Fetching live price for BANKBARODA
2025-08-08 09:02:24,077 - INFO - Got price for SBICARD: Rs.792.60 from info_currentPrice
2025-08-08 09:02:24,077 - INFO - Analyzing BANKINDIA...
2025-08-08 09:02:24,077 - INFO - Got price for MAXHEALTH: Rs.1249.10 from info_currentPrice
2025-08-08 09:02:24,093 - INFO - Analyzing CAMS...
2025-08-08 09:02:24,191 - INFO - Fetching live price for BANKINDIA
2025-08-08 09:02:24,199 - INFO - Fetching live price for CAMS
2025-08-08 09:02:24,220 - INFO - Got price for BANKBARODA: Rs.239.80 from info_currentPrice
2025-08-08 09:02:24,225 - INFO - Analyzing GAIL...
2025-08-08 09:02:24,336 - INFO - Fetching live price for GAIL
2025-08-08 09:02:24,516 - INFO - Got price for BANKINDIA: Rs.111.39 from info_currentPrice
2025-08-08 09:02:24,532 - INFO - Analyzing ANGELONE...
2025-08-08 09:02:24,532 - INFO - Got price for CAMS: Rs.3783.30 from info_currentPrice
2025-08-08 09:02:24,532 - INFO - Analyzing ICICIBANK...
2025-08-08 09:02:24,667 - INFO - Got price for GAIL: Rs.171.44 from info_currentPrice
2025-08-08 09:02:24,674 - INFO - Analyzing CYIENT...
2025-08-08 09:02:24,680 - INFO - Fetching live price for ANGELONE
2025-08-08 09:02:24,680 - INFO - Fetching live price for ICICIBANK
2025-08-08 09:02:24,753 - INFO - Fetching live price for CYIENT
2025-08-08 09:02:24,994 - INFO - Got price for ANGELONE: Rs.2586.90 from info_currentPrice
2025-08-08 09:02:25,004 - INFO - Analyzing MAZDOCK...
2025-08-08 09:02:25,010 - INFO - Got price for ICICIBANK: Rs.1437.00 from info_currentPrice
2025-08-08 09:02:25,010 - INFO - Analyzing INDUSINDBK...
2025-08-08 09:02:25,118 - INFO - Got price for CYIENT: Rs.1177.60 from info_currentPrice
2025-08-08 09:02:25,121 - INFO - Analyzing AXISBANK...
2025-08-08 09:02:25,131 - INFO - Fetching live price for INDUSINDBK
2025-08-08 09:02:25,179 - INFO - Fetching live price for MAZDOCK
2025-08-08 09:02:25,211 - INFO - Fetching live price for AXISBANK
2025-08-08 09:02:25,449 - INFO - Got price for INDUSINDBK: Rs.793.25 from info_currentPrice
2025-08-08 09:02:25,465 - INFO - Analyzing NATIONALUM...
2025-08-08 09:02:25,481 - INFO - Got price for MAZDOCK: Rs.2668.20 from info_currentPrice
2025-08-08 09:02:25,497 - INFO - Analyzing HCLTECH...
2025-08-08 09:02:25,497 - INFO - Got price for AXISBANK: Rs.1061.90 from info_currentPrice
2025-08-08 09:02:25,513 - INFO - Analyzing JINDALSTEL...
2025-08-08 09:02:25,591 - INFO - Fetching live price for NATIONALUM
2025-08-08 09:02:25,611 - INFO - Fetching live price for JINDALSTEL
2025-08-08 09:02:25,622 - INFO - Fetching live price for HCLTECH
2025-08-08 09:02:25,962 - INFO - Got price for NATIONALUM: Rs.188.01 from info_currentPrice
2025-08-08 09:02:25,972 - INFO - Analyzing GLENMARK...
2025-08-08 09:02:26,018 - INFO - Got price for HCLTECH: Rs.1476.90 from info_currentPrice
2025-08-08 09:02:26,021 - INFO - Analyzing ZYDUSLIFE...
2025-08-08 09:02:26,049 - INFO - Got price for JINDALSTEL: Rs.982.90 from info_currentPrice
2025-08-08 09:02:26,054 - INFO - Analyzing TVSMOTOR...
2025-08-08 09:02:26,097 - INFO - Fetching live price for GLENMARK
2025-08-08 09:02:26,115 - INFO - Fetching live price for ZYDUSLIFE
2025-08-08 09:02:26,155 - INFO - Fetching live price for TVSMOTOR
2025-08-08 09:02:26,442 - INFO - Got price for GLENMARK: Rs.2030.00 from info_currentPrice
2025-08-08 09:02:26,458 - INFO - Analyzing BSOFT...
2025-08-08 09:02:26,572 - INFO - Fetching live price for BSOFT
2025-08-08 09:02:26,601 - INFO - Got price for ZYDUSLIFE: Rs.944.50 from info_currentPrice
2025-08-08 09:02:26,605 - INFO - Analyzing GODREJCP...
2025-08-08 09:02:26,646 - INFO - Got price for TVSMOTOR: Rs.2986.60 from info_currentPrice
2025-08-08 09:02:26,650 - INFO - Analyzing UNITDSPR...
2025-08-08 09:02:26,707 - INFO - Fetching live price for GODREJCP
2025-08-08 09:02:26,797 - INFO - Fetching live price for UNITDSPR
2025-08-08 09:02:26,883 - INFO - Got price for BSOFT: Rs.369.55 from info_currentPrice
2025-08-08 09:02:26,891 - INFO - Analyzing BHARTIARTL...
2025-08-08 09:02:26,983 - INFO - Fetching live price for BHARTIARTL
2025-08-08 09:02:27,016 - INFO - Got price for GODREJCP: Rs.1201.60 from info_currentPrice
2025-08-08 09:02:27,020 - INFO - Analyzing PNB...
2025-08-08 09:02:27,129 - INFO - Got price for UNITDSPR: Rs.1304.50 from info_currentPrice
2025-08-08 09:02:27,129 - INFO - Analyzing OFSS...
2025-08-08 09:02:27,146 - INFO - Fetching live price for PNB
2025-08-08 09:02:27,246 - INFO - Fetching live price for OFSS
2025-08-08 09:02:27,299 - INFO - Got price for BHARTIARTL: Rs.1868.30 from info_currentPrice
2025-08-08 09:02:27,301 - INFO - Analyzing UNIONBANK...
2025-08-08 09:02:27,390 - INFO - Fetching live price for UNIONBANK
2025-08-08 09:02:27,447 - INFO - Got price for PNB: Rs.104.54 from info_currentPrice
2025-08-08 09:02:27,453 - INFO - Analyzing GRANULES...
2025-08-08 09:02:27,555 - INFO - Fetching live price for GRANULES
2025-08-08 09:02:27,563 - INFO - Got price for OFSS: Rs.8507.00 from info_currentPrice
2025-08-08 09:02:27,563 - INFO - Analyzing CANBK...
2025-08-08 09:02:27,656 - INFO - Fetching live price for CANBK
2025-08-08 09:02:27,722 - INFO - Got price for UNIONBANK: Rs.131.35 from info_currentPrice
2025-08-08 09:02:27,730 - INFO - Analyzing DIVISLAB...
2025-08-08 09:02:27,830 - INFO - Fetching live price for DIVISLAB
2025-08-08 09:02:27,889 - INFO - Got price for GRANULES: Rs.445.70 from info_currentPrice
2025-08-08 09:02:27,891 - INFO - Analyzing MARUTI...
2025-08-08 09:02:27,980 - INFO - Got price for CANBK: Rs.108.09 from info_currentPrice
2025-08-08 09:02:27,990 - INFO - Analyzing JSL...
2025-08-08 09:02:27,990 - INFO - Fetching live price for MARUTI
2025-08-08 09:02:28,089 - INFO - Fetching live price for JSL
2025-08-08 09:02:28,192 - INFO - Got price for DIVISLAB: Rs.6018.50 from info_currentPrice
2025-08-08 09:02:28,196 - INFO - Analyzing IGL...
2025-08-08 09:02:28,312 - INFO - Fetching live price for IGL
2025-08-08 09:02:28,313 - INFO - Got price for MARUTI: Rs.12649.00 from info_currentPrice
2025-08-08 09:02:28,313 - INFO - Analyzing PETRONET...
2025-08-08 09:02:28,385 - INFO - Got price for JSL: Rs.688.90 from info_currentPrice
2025-08-08 09:02:28,387 - INFO - Analyzing BIOCON...
2025-08-08 09:02:28,431 - INFO - Fetching live price for PETRONET
2025-08-08 09:02:28,486 - INFO - Fetching live price for BIOCON
2025-08-08 09:02:28,633 - INFO - Got price for IGL: Rs.202.84 from info_currentPrice
2025-08-08 09:02:28,633 - INFO - Analyzing ULTRACEMCO...
2025-08-08 09:02:28,740 - INFO - Fetching live price for ULTRACEMCO
2025-08-08 09:02:28,740 - INFO - Got price for PETRONET: Rs.275.65 from info_currentPrice
2025-08-08 09:02:28,756 - INFO - Analyzing UNOMINDA...
2025-08-08 09:02:28,835 - INFO - Got price for BIOCON: Rs.351.85 from info_currentPrice
2025-08-08 09:02:28,835 - INFO - Analyzing TCS...
2025-08-08 09:02:28,883 - INFO - Fetching live price for UNOMINDA
2025-08-08 09:02:28,952 - INFO - Fetching live price for TCS
2025-08-08 09:02:29,058 - INFO - Got price for ULTRACEMCO: Rs.12200.00 from info_currentPrice
2025-08-08 09:02:29,058 - INFO - Analyzing COFORGE...
2025-08-08 09:02:29,153 - INFO - Fetching live price for COFORGE
2025-08-08 09:02:29,226 - INFO - Got price for UNOMINDA: Rs.1091.10 from info_currentPrice
2025-08-08 09:02:29,230 - INFO - Analyzing NTPC...
2025-08-08 09:02:29,240 - INFO - Got price for TCS: Rs.3045.00 from info_currentPrice
2025-08-08 09:02:29,240 - INFO - Analyzing IIFL...
2025-08-08 09:02:29,319 - INFO - Fetching live price for NTPC
2025-08-08 09:02:29,342 - INFO - Fetching live price for IIFL
2025-08-08 09:02:29,517 - INFO - Got price for COFORGE: Rs.1615.10 from info_currentPrice
2025-08-08 09:02:29,522 - INFO - Analyzing YESBANK...
2025-08-08 09:02:29,624 - INFO - Fetching live price for YESBANK
2025-08-08 09:02:29,633 - INFO - Got price for NTPC: Rs.336.50 from info_currentPrice
2025-08-08 09:02:29,638 - INFO - Analyzing M&MFIN...
2025-08-08 09:02:29,736 - INFO - Fetching live price for M&MFIN
2025-08-08 09:02:29,879 - INFO - Got price for IIFL: Rs.451.90 from info_currentPrice
2025-08-08 09:02:29,879 - INFO - Analyzing SOLARINDS...
2025-08-08 09:02:29,959 - INFO - Got price for YESBANK: Rs.18.65 from info_currentPrice
2025-08-08 09:02:29,969 - INFO - Analyzing GMRAIRPORT...
2025-08-08 09:02:29,969 - INFO - Fetching live price for SOLARINDS
2025-08-08 09:02:30,060 - INFO - Fetching live price for GMRAIRPORT
2025-08-08 09:02:30,265 - INFO - Got price for M&MFIN: Rs.255.20 from info_currentPrice
2025-08-08 09:02:30,265 - INFO - Analyzing TECHM...
2025-08-08 09:02:30,314 - INFO - Got price for SOLARINDS: Rs.14450.00 from info_currentPrice
2025-08-08 09:02:30,324 - INFO - Analyzing NAUKRI...
2025-08-08 09:02:30,371 - INFO - Fetching live price for TECHM
2025-08-08 09:02:30,481 - INFO - Fetching live price for NAUKRI
2025-08-08 09:02:30,560 - INFO - Got price for GMRAIRPORT: Rs.89.57 from info_currentPrice
2025-08-08 09:02:30,560 - INFO - Analyzing TORNTPOWER...
2025-08-08 09:02:30,655 - INFO - Fetching live price for TORNTPOWER
2025-08-08 09:02:30,671 - INFO - Got price for TECHM: Rs.1486.80 from info_currentPrice
2025-08-08 09:02:30,686 - INFO - Analyzing PFC...
2025-08-08 09:02:30,797 - INFO - Fetching live price for PFC
2025-08-08 09:02:30,831 - INFO - Got price for NAUKRI: Rs.1344.40 from info_currentPrice
2025-08-08 09:02:30,835 - INFO - Analyzing INDIANB...
2025-08-08 09:02:30,921 - INFO - Fetching live price for INDIANB
2025-08-08 09:02:30,964 - INFO - Got price for TORNTPOWER: Rs.1349.00 from info_currentPrice
2025-08-08 09:02:30,968 - INFO - Analyzing IDEA...
2025-08-08 09:02:31,052 - INFO - Fetching live price for IDEA
2025-08-08 09:02:31,107 - INFO - Got price for PFC: Rs.406.70 from info_currentPrice
2025-08-08 09:02:31,107 - INFO - Analyzing PAGEIND...
2025-08-08 09:02:31,236 - INFO - Fetching live price for PAGEIND
2025-08-08 09:02:31,238 - INFO - Got price for INDIANB: Rs.650.65 from info_currentPrice
2025-08-08 09:02:31,242 - INFO - Analyzing ASTRAL...
2025-08-08 09:02:31,336 - INFO - Fetching live price for ASTRAL
2025-08-08 09:02:31,366 - INFO - Got price for IDEA: Rs.6.63 from info_currentPrice
2025-08-08 09:02:31,366 - INFO - Analyzing FORTIS...
2025-08-08 09:02:31,445 - INFO - Fetching live price for FORTIS
2025-08-08 09:02:31,620 - INFO - Got price for ASTRAL: Rs.1392.30 from info_currentPrice
2025-08-08 09:02:31,620 - INFO - Analyzing DLF...
2025-08-08 09:02:31,637 - INFO - Got price for PAGEIND: Rs.44750.00 from info_currentPrice
2025-08-08 09:02:31,651 - INFO - SIGNAL: SELL PAGEIND @ Rs.44750.00 (Confidence: 90%)
2025-08-08 09:02:31,651 - INFO - Analyzing POWERGRID...
2025-08-08 09:02:31,738 - INFO - Fetching live price for DLF
2025-08-08 09:02:31,770 - INFO - Got price for FORTIS: Rs.901.85 from info_currentPrice
2025-08-08 09:02:31,774 - INFO - Analyzing ADANIPORTS...
2025-08-08 09:02:31,774 - INFO - Fetching live price for POWERGRID
2025-08-08 09:02:31,873 - INFO - Fetching live price for ADANIPORTS
2025-08-08 09:02:32,076 - INFO - Got price for DLF: Rs.755.60 from info_currentPrice
2025-08-08 09:02:32,076 - INFO - Analyzing IRB...
2025-08-08 09:02:32,091 - INFO - Got price for POWERGRID: Rs.284.95 from info_currentPrice
2025-08-08 09:02:32,102 - INFO - Analyzing RECLTD...
2025-08-08 09:02:32,207 - INFO - Fetching live price for RECLTD
2025-08-08 09:02:32,216 - INFO - Got price for ADANIPORTS: Rs.1321.00 from info_currentPrice
2025-08-08 09:02:32,216 - INFO - Analyzing TITAGARH...
2025-08-08 09:02:32,231 - INFO - Fetching live price for IRB
2025-08-08 09:02:32,316 - INFO - Fetching live price for TITAGARH
2025-08-08 09:02:32,541 - INFO - Got price for RECLTD: Rs.384.25 from info_currentPrice
2025-08-08 09:02:32,543 - INFO - Analyzing BAJAJ-AUTO...
2025-08-08 09:02:32,583 - INFO - Got price for IRB: Rs.44.07 from info_currentPrice
2025-08-08 09:02:32,585 - INFO - Analyzing BAJAJFINSV...
2025-08-08 09:02:32,615 - INFO - Got price for TITAGARH: Rs.826.50 from info_currentPrice
2025-08-08 09:02:32,620 - INFO - Analyzing NHPC...
2025-08-08 09:02:32,637 - INFO - Fetching live price for BAJAJ-AUTO
2025-08-08 09:02:32,674 - INFO - Fetching live price for BAJAJFINSV
2025-08-08 09:02:32,737 - INFO - Fetching live price for NHPC
2025-08-08 09:02:32,944 - INFO - Got price for BAJAJ-AUTO: Rs.8255.50 from info_currentPrice
2025-08-08 09:02:32,957 - INFO - Analyzing OIL...
2025-08-08 09:02:33,030 - INFO - Got price for NHPC: Rs.82.37 from info_currentPrice
2025-08-08 09:02:33,034 - INFO - Analyzing JSWENERGY...
2025-08-08 09:02:33,068 - INFO - Fetching live price for OIL
2025-08-08 09:02:33,085 - INFO - Got price for BAJAJFINSV: Rs.1923.00 from info_currentPrice
2025-08-08 09:02:33,085 - INFO - Analyzing GODREJPROP...
2025-08-08 09:02:33,117 - INFO - Fetching live price for JSWENERGY
2025-08-08 09:02:33,212 - INFO - Fetching live price for GODREJPROP
2025-08-08 09:02:33,410 - INFO - Got price for OIL: Rs.435.50 from info_currentPrice
2025-08-08 09:02:33,414 - INFO - Analyzing JUBLFOOD...
2025-08-08 09:02:33,438 - INFO - Got price for JSWENERGY: Rs.526.80 from info_currentPrice
2025-08-08 09:02:33,442 - INFO - Analyzing PERSISTENT...
2025-08-08 09:02:33,502 - INFO - Fetching live price for JUBLFOOD
2025-08-08 09:02:33,527 - INFO - Fetching live price for PERSISTENT
2025-08-08 09:02:33,723 - INFO - Got price for GODREJPROP: Rs.1993.90 from info_currentPrice
2025-08-08 09:02:33,723 - INFO - Analyzing SJVN...
2025-08-08 09:02:33,795 - INFO - Got price for JUBLFOOD: Rs.629.80 from info_currentPrice
2025-08-08 09:02:33,799 - INFO - Analyzing OBEROIRLTY...
2025-08-08 09:02:33,829 - INFO - Fetching live price for SJVN
2025-08-08 09:02:33,843 - INFO - Got price for PERSISTENT: Rs.5152.50 from info_currentPrice
2025-08-08 09:02:33,843 - INFO - Analyzing PRESTIGE...
2025-08-08 09:02:33,891 - INFO - Fetching live price for OBEROIRLTY
2025-08-08 09:02:33,937 - INFO - Fetching live price for PRESTIGE
2025-08-08 09:02:34,196 - INFO - Got price for OBEROIRLTY: Rs.1587.40 from info_currentPrice
2025-08-08 09:02:34,196 - INFO - Analyzing COALINDIA...
2025-08-08 09:02:34,219 - INFO - Got price for SJVN: Rs.93.19 from info_currentPrice
2025-08-08 09:02:34,219 - INFO - Analyzing DALBHARAT...
2025-08-08 09:02:34,283 - INFO - Got price for PRESTIGE: Rs.1608.10 from info_currentPrice
2025-08-08 09:02:34,287 - INFO - Analyzing MUTHOOTFIN...
2025-08-08 09:02:34,313 - INFO - Fetching live price for COALINDIA
2025-08-08 09:02:34,330 - INFO - Fetching live price for DALBHARAT
2025-08-08 09:02:34,408 - INFO - Fetching live price for MUTHOOTFIN
2025-08-08 09:02:34,605 - INFO - Got price for COALINDIA: Rs.381.75 from info_currentPrice
2025-08-08 09:02:34,605 - INFO - Analyzing LTF...
2025-08-08 09:02:34,666 - INFO - Got price for DALBHARAT: Rs.2244.20 from info_currentPrice
2025-08-08 09:02:34,671 - INFO - Analyzing PGEL...
2025-08-08 09:02:34,697 - INFO - Fetching live price for LTF
2025-08-08 09:02:34,763 - INFO - Fetching live price for PGEL
2025-08-08 09:02:34,811 - INFO - Got price for MUTHOOTFIN: Rs.2637.40 from info_currentPrice
2025-08-08 09:02:34,811 - INFO - Analyzing APLAPOLLO...
2025-08-08 09:02:34,922 - INFO - Fetching live price for APLAPOLLO
2025-08-08 09:02:34,985 - INFO - Got price for LTF: Rs.197.74 from info_currentPrice
2025-08-08 09:02:34,996 - INFO - Analyzing MCX...
2025-08-08 09:02:35,096 - INFO - Fetching live price for MCX
2025-08-08 09:02:35,096 - INFO - Got price for PGEL: Rs.721.50 from info_currentPrice
2025-08-08 09:02:35,096 - INFO - Analyzing NBCC...
2025-08-08 09:02:35,224 - INFO - Got price for APLAPOLLO: Rs.1590.30 from info_currentPrice
2025-08-08 09:02:35,224 - INFO - Fetching live price for NBCC
2025-08-08 09:02:35,239 - INFO - Analyzing IRFC...
2025-08-08 09:02:35,345 - INFO - Fetching live price for IRFC
2025-08-08 09:02:35,419 - INFO - Got price for MCX: Rs.7775.50 from info_currentPrice
2025-08-08 09:02:35,431 - INFO - Analyzing INDUSTOWER...
2025-08-08 09:02:35,525 - INFO - Fetching live price for INDUSTOWER
2025-08-08 09:02:35,543 - INFO - Got price for NBCC: Rs.107.33 from info_currentPrice
2025-08-08 09:02:35,557 - INFO - Analyzing KALYANKJIL...
2025-08-08 09:02:35,668 - INFO - Fetching live price for KALYANKJIL
2025-08-08 09:02:35,699 - INFO - Got price for IRFC: Rs.126.42 from info_currentPrice
2025-08-08 09:02:35,699 - INFO - Analyzing ABFRL...
2025-08-08 09:02:35,795 - INFO - Fetching live price for ABFRL
2025-08-08 09:02:35,909 - INFO - Got price for INDUSTOWER: Rs.335.90 from info_currentPrice
2025-08-08 09:02:35,909 - INFO - Analyzing LODHA...
2025-08-08 09:02:36,020 - INFO - Fetching live price for LODHA
2025-08-08 09:02:36,120 - INFO - Got price for ABFRL: Rs.75.21 from info_currentPrice
2025-08-08 09:02:36,120 - INFO - Analyzing SONACOMS...
2025-08-08 09:02:36,193 - INFO - Got price for KALYANKJIL: Rs.540.25 from info_currentPrice
2025-08-08 09:02:36,206 - INFO - Analyzing ETERNAL...
2025-08-08 09:02:36,225 - INFO - Fetching live price for SONACOMS
2025-08-08 09:02:36,320 - INFO - Fetching live price for ETERNAL
2025-08-08 09:02:36,352 - INFO - Got price for LODHA: Rs.1217.30 from info_currentPrice
2025-08-08 09:02:36,352 - INFO - Analyzing NYKAA...
2025-08-08 09:02:36,447 - INFO - Fetching live price for NYKAA
2025-08-08 09:02:36,546 - INFO - Got price for SONACOMS: Rs.446.25 from info_currentPrice
2025-08-08 09:02:36,546 - INFO - Analyzing POLICYBZR...
2025-08-08 09:02:36,638 - INFO - Fetching live price for POLICYBZR
2025-08-08 09:02:36,669 - INFO - Got price for ETERNAL: Rs.301.15 from info_currentPrice
2025-08-08 09:02:36,669 - INFO - Analyzing PAYTM...
2025-08-08 09:02:36,764 - INFO - Got price for NYKAA: Rs.205.15 from info_currentPrice
2025-08-08 09:02:36,764 - INFO - Analyzing INOXWIND...
2025-08-08 09:02:36,797 - INFO - Fetching live price for PAYTM
2025-08-08 09:02:36,860 - INFO - Fetching live price for INOXWIND
2025-08-08 09:02:36,940 - INFO - Got price for POLICYBZR: Rs.1774.80 from info_currentPrice
2025-08-08 09:02:36,954 - INFO - Analyzing ADANIENSOL...
2025-08-08 09:02:37,058 - INFO - Fetching live price for ADANIENSOL
2025-08-08 09:02:37,083 - INFO - Got price for PAYTM: Rs.1067.20 from info_currentPrice
2025-08-08 09:02:37,083 - INFO - Analyzing SYNGENE...
2025-08-08 09:02:37,210 - INFO - Fetching live price for SYNGENE
2025-08-08 09:02:37,210 - INFO - Got price for INOXWIND: Rs.142.42 from info_currentPrice
2025-08-08 09:02:37,215 - INFO - Analyzing IDFCFIRSTB...
2025-08-08 09:02:37,308 - INFO - Fetching live price for IDFCFIRSTB
2025-08-08 09:02:37,384 - INFO - Got price for ADANIENSOL: Rs.792.85 from info_currentPrice
2025-08-08 09:02:37,398 - INFO - Analyzing INDIGO...
2025-08-08 09:02:37,483 - INFO - Fetching live price for INDIGO
2025-08-08 09:02:37,527 - INFO - Got price for SYNGENE: Rs.669.60 from info_currentPrice
2025-08-08 09:02:37,543 - INFO - Analyzing ALKEM...
2025-08-08 09:02:37,622 - INFO - Got price for IDFCFIRSTB: Rs.69.57 from info_currentPrice
2025-08-08 09:02:37,638 - INFO - Analyzing CROMPTON...
2025-08-08 09:02:37,654 - INFO - Fetching live price for ALKEM
2025-08-08 09:02:37,765 - INFO - Fetching live price for CROMPTON
2025-08-08 09:02:37,797 - INFO - Got price for INDIGO: Rs.5789.00 from info_currentPrice
2025-08-08 09:02:37,806 - INFO - Analyzing MGL...
2025-08-08 09:02:37,939 - INFO - Fetching live price for MGL
2025-08-08 09:02:37,987 - INFO - Got price for ALKEM: Rs.4813.00 from info_currentPrice
2025-08-08 09:02:37,987 - INFO - Analyzing LTIM...
2025-08-08 09:02:38,098 - INFO - Fetching live price for LTIM
2025-08-08 09:02:38,101 - INFO - Got price for CROMPTON: Rs.320.30 from info_currentPrice
2025-08-08 09:02:38,107 - INFO - Analyzing RBLBANK...
2025-08-08 09:02:38,208 - INFO - Fetching live price for RBLBANK
2025-08-08 09:02:38,345 - INFO - Got price for MGL: Rs.1317.10 from info_currentPrice
2025-08-08 09:02:38,362 - INFO - Analyzing ICICIPRULI...
2025-08-08 09:02:38,400 - INFO - Got price for LTIM: Rs.5033.00 from info_currentPrice
2025-08-08 09:02:38,410 - INFO - Analyzing PNBHOUSING...
2025-08-08 09:02:38,555 - INFO - Fetching live price for ICICIPRULI
2025-08-08 09:02:38,566 - INFO - Got price for RBLBANK: Rs.264.90 from info_currentPrice
2025-08-08 09:02:38,574 - INFO - Analyzing VBL...
2025-08-08 09:02:38,574 - INFO - Fetching live price for PNBHOUSING
2025-08-08 09:02:38,705 - INFO - Fetching live price for VBL
2025-08-08 09:02:38,906 - INFO - Got price for PNBHOUSING: Rs.781.80 from info_currentPrice
2025-08-08 09:02:38,908 - INFO - Got price for ICICIPRULI: Rs.614.50 from info_currentPrice
2025-08-08 09:02:38,913 - INFO - SIGNAL: BUY PNBHOUSING @ Rs.781.80 (Confidence: 85%)
2025-08-08 09:02:39,038 - INFO - Got price for VBL: Rs.500.60 from info_currentPrice
2025-08-08 09:02:39,038 - INFO - Analysis complete: 224 successful, 0 failed
2025-08-08 09:02:39,038 - INFO - Found 2 actionable signals
2025-08-08 09:02:39,038 - INFO - ================================================================================
2025-08-08 09:02:39,038 - INFO - SWING TRADING SIGNALS - 2025-08-08 13:32:39 IST
2025-08-08 09:02:39,038 - INFO - ================================================================================
2025-08-08 09:02:39,038 - INFO - ================================================================================
2025-08-08 09:02:39,038 - INFO - SUMMARY: 1 BUY signals, 1 SELL signals
2025-08-08 09:02:39,038 - INFO - Price Source: Yahoo Finance Live
2025-08-08 09:02:39,038 - INFO - Strategy: EMA(2)/SMA(50) Crossover + RSI
2025-08-08 09:02:39,038 - INFO - ================================================================================
2025-08-08 09:02:39,062 - INFO - Signals saved: swing_signals_yahoo_20250808_1332.json
2025-08-08 09:07:39,103 - INFO - Starting swing analysis for all stocks...
2025-08-08 09:07:39,103 - INFO - Analyzing 224 stocks
2025-08-08 09:07:39,103 - INFO - Analyzing ABB...
2025-08-08 09:07:39,105 - INFO - Analyzing LAURUSLABS...
2025-08-08 09:07:39,105 - INFO - Analyzing BAJFINANCE...
2025-08-08 09:07:39,255 - INFO - Fetching live price for ABB
2025-08-08 09:07:39,310 - INFO - Fetching live price for BAJFINANCE
2025-08-08 09:07:39,312 - INFO - Fetching live price for LAURUSLABS
2025-08-08 09:07:39,640 - INFO - Got price for ABB: Rs.5095.00 from info_currentPrice
2025-08-08 09:07:39,645 - INFO - Analyzing BEL...
2025-08-08 09:07:39,708 - INFO - Got price for LAURUSLABS: Rs.831.90 from info_currentPrice
2025-08-08 09:07:39,713 - INFO - Analyzing BLUESTARCO...
2025-08-08 09:07:39,759 - INFO - Fetching live price for BEL
2025-08-08 09:07:39,841 - INFO - Fetching live price for BLUESTARCO
2025-08-08 09:07:39,841 - INFO - Got price for BAJFINANCE: Rs.879.80 from info_currentPrice
2025-08-08 09:07:39,841 - INFO - Analyzing CESC...
2025-08-08 09:07:39,933 - INFO - Fetching live price for CESC
2025-08-08 09:07:40,099 - INFO - Got price for BEL: Rs.385.90 from info_currentPrice
2025-08-08 09:07:40,108 - INFO - Analyzing CHAMBLFERT...
2025-08-08 09:07:40,154 - INFO - Got price for BLUESTARCO: Rs.1806.10 from info_currentPrice
2025-08-08 09:07:40,160 - INFO - Analyzing EXIDEIND...
2025-08-08 09:07:40,218 - INFO - Fetching live price for CHAMBLFERT
2025-08-08 09:07:40,273 - INFO - Fetching live price for EXIDEIND
2025-08-08 09:07:40,325 - INFO - Got price for CESC: Rs.163.50 from info_currentPrice
2025-08-08 09:07:40,330 - INFO - Analyzing CIPLA...
2025-08-08 09:07:40,437 - INFO - Fetching live price for CIPLA
2025-08-08 09:07:40,551 - INFO - Got price for CHAMBLFERT: Rs.535.40 from info_currentPrice
2025-08-08 09:07:40,565 - INFO - Analyzing CGPOWER...
2025-08-08 09:07:40,613 - INFO - Got price for EXIDEIND: Rs.378.65 from info_currentPrice
2025-08-08 09:07:40,613 - INFO - Analyzing DABUR...
2025-08-08 09:07:40,661 - INFO - Fetching live price for CGPOWER
2025-08-08 09:07:40,711 - INFO - Fetching live price for DABUR
2025-08-08 09:07:40,764 - INFO - Got price for CIPLA: Rs.1490.00 from info_currentPrice
2025-08-08 09:07:40,768 - INFO - Analyzing BHEL...
2025-08-08 09:07:40,870 - INFO - Fetching live price for BHEL
2025-08-08 09:07:40,998 - INFO - Got price for CGPOWER: Rs.670.60 from info_currentPrice
2025-08-08 09:07:40,998 - INFO - Analyzing HINDPETRO...
2025-08-08 09:07:41,044 - INFO - Got price for DABUR: Rs.510.85 from info_currentPrice
2025-08-08 09:07:41,059 - INFO - Analyzing SBIN...
2025-08-08 09:07:41,098 - INFO - Fetching live price for HINDPETRO
2025-08-08 09:07:41,190 - INFO - Fetching live price for SBIN
2025-08-08 09:07:41,190 - INFO - Got price for BHEL: Rs.225.41 from info_currentPrice
2025-08-08 09:07:41,194 - INFO - Analyzing SAIL...
2025-08-08 09:07:41,319 - INFO - Fetching live price for SAIL
2025-08-08 09:07:41,465 - INFO - Got price for HINDPETRO: Rs.409.10 from info_currentPrice
2025-08-08 09:07:41,469 - INFO - Analyzing TITAN...
2025-08-08 09:07:41,533 - INFO - Got price for SBIN: Rs.800.25 from info_currentPrice
2025-08-08 09:07:41,540 - INFO - Analyzing DRREDDY...
2025-08-08 09:07:41,583 - INFO - Fetching live price for TITAN
2025-08-08 09:07:41,650 - INFO - Fetching live price for DRREDDY
2025-08-08 09:07:41,691 - INFO - Got price for SAIL: Rs.121.75 from info_currentPrice
2025-08-08 09:07:41,691 - INFO - Analyzing HDFCBANK...
2025-08-08 09:07:41,808 - INFO - Fetching live price for HDFCBANK
2025-08-08 09:07:41,897 - INFO - Got price for TITAN: Rs.3473.20 from info_currentPrice
2025-08-08 09:07:41,900 - INFO - Analyzing HEROMOTOCO...
2025-08-08 09:07:41,973 - INFO - Got price for DRREDDY: Rs.1208.00 from info_currentPrice
2025-08-08 09:07:41,973 - INFO - Analyzing HFCL...
2025-08-08 09:07:42,009 - INFO - Fetching live price for HEROMOTOCO
2025-08-08 09:07:42,134 - INFO - Fetching live price for HFCL
2025-08-08 09:07:42,176 - INFO - Got price for HDFCBANK: Rs.1978.00 from info_currentPrice
2025-08-08 09:07:42,181 - INFO - Analyzing HINDZINC...
2025-08-08 09:07:42,260 - INFO - Fetching live price for HINDZINC
2025-08-08 09:07:42,345 - INFO - Got price for HEROMOTOCO: Rs.4640.00 from info_currentPrice
2025-08-08 09:07:42,350 - INFO - Analyzing INFY...
2025-08-08 09:07:42,479 - INFO - Fetching live price for INFY
2025-08-08 09:07:42,485 - INFO - Got price for HFCL: Rs.73.92 from info_currentPrice
2025-08-08 09:07:42,491 - INFO - Analyzing JSWSTEEL...
2025-08-08 09:07:42,629 - INFO - Fetching live price for JSWSTEEL
2025-08-08 09:07:42,640 - INFO - Got price for HINDZINC: Rs.423.50 from info_currentPrice
2025-08-08 09:07:42,645 - INFO - Analyzing KOTAKBANK...
2025-08-08 09:07:42,764 - INFO - Fetching live price for KOTAKBANK
2025-08-08 09:07:42,839 - INFO - Got price for INFY: Rs.1429.10 from info_currentPrice
2025-08-08 09:07:42,839 - INFO - Analyzing TRENT...
2025-08-08 09:07:42,954 - INFO - Fetching live price for TRENT
2025-08-08 09:07:43,061 - INFO - Got price for JSWSTEEL: Rs.1045.70 from info_currentPrice
2025-08-08 09:07:43,066 - INFO - Analyzing LICHSGFIN...
2025-08-08 09:07:43,077 - INFO - Got price for KOTAKBANK: Rs.1966.30 from info_currentPrice
2025-08-08 09:07:43,092 - INFO - Analyzing LUPIN...
2025-08-08 09:07:43,212 - INFO - Fetching live price for LUPIN
2025-08-08 09:07:43,212 - INFO - Fetching live price for LICHSGFIN
2025-08-08 09:07:43,307 - INFO - Got price for TRENT: Rs.5365.00 from info_currentPrice
2025-08-08 09:07:43,323 - INFO - Analyzing MFSL...
2025-08-08 09:07:43,419 - INFO - Fetching live price for MFSL
2025-08-08 09:07:43,546 - INFO - Got price for LUPIN: Rs.1926.00 from info_currentPrice
2025-08-08 09:07:43,562 - INFO - Analyzing NCC...
2025-08-08 09:07:43,609 - INFO - Got price for LICHSGFIN: Rs.573.25 from info_currentPrice
2025-08-08 09:07:43,609 - INFO - Analyzing VEDL...
2025-08-08 09:07:43,673 - INFO - Fetching live price for NCC
2025-08-08 09:07:43,767 - INFO - Fetching live price for VEDL
2025-08-08 09:07:43,769 - INFO - Got price for MFSL: Rs.1541.20 from info_currentPrice
2025-08-08 09:07:43,779 - INFO - Analyzing GRASIM...
2025-08-08 09:07:43,886 - INFO - Fetching live price for GRASIM
2025-08-08 09:07:43,994 - INFO - Got price for NCC: Rs.223.45 from info_currentPrice
2025-08-08 09:07:43,999 - INFO - Analyzing PEL...
2025-08-08 09:07:44,060 - INFO - Fetching live price for PEL
2025-08-08 09:07:44,121 - INFO - Got price for VEDL: Rs.434.20 from info_currentPrice
2025-08-08 09:07:44,124 - INFO - Analyzing ONGC...
2025-08-08 09:07:44,240 - INFO - Fetching live price for ONGC
2025-08-08 09:07:44,241 - INFO - Got price for GRASIM: Rs.2695.10 from info_currentPrice
2025-08-08 09:07:44,244 - INFO - Analyzing RELIANCE...
2025-08-08 09:07:44,356 - INFO - Fetching live price for RELIANCE
2025-08-08 09:07:44,404 - INFO - Got price for PEL: Rs.1146.70 from info_currentPrice
2025-08-08 09:07:44,420 - INFO - Analyzing PIDILITIND...
2025-08-08 09:07:44,548 - INFO - Fetching live price for PIDILITIND
2025-08-08 09:07:44,564 - INFO - Got price for ONGC: Rs.233.92 from info_currentPrice
2025-08-08 09:07:44,564 - INFO - Analyzing PATANJALI...
2025-08-08 09:07:44,674 - INFO - Fetching live price for PATANJALI
2025-08-08 09:07:44,733 - INFO - Got price for RELIANCE: Rs.1375.90 from info_currentPrice
2025-08-08 09:07:44,736 - INFO - Analyzing SHREECEM...
2025-08-08 09:07:44,846 - INFO - Fetching live price for SHREECEM
2025-08-08 09:07:44,846 - INFO - Got price for PIDILITIND: Rs.3067.80 from info_currentPrice
2025-08-08 09:07:44,846 - INFO - Analyzing TATAPOWER...
2025-08-08 09:07:44,951 - INFO - Fetching live price for TATAPOWER
2025-08-08 09:07:45,062 - INFO - Got price for PATANJALI: Rs.1810.70 from info_currentPrice
2025-08-08 09:07:45,062 - INFO - Analyzing TATAELXSI...
2025-08-08 09:07:45,169 - INFO - Got price for SHREECEM: Rs.30495.00 from info_currentPrice
2025-08-08 09:07:45,175 - INFO - Analyzing ACC...
2025-08-08 09:07:45,230 - INFO - Fetching live price for TATAELXSI
2025-08-08 09:07:45,271 - INFO - Fetching live price for ACC
2025-08-08 09:07:45,278 - INFO - Got price for TATAPOWER: Rs.383.20 from info_currentPrice
2025-08-08 09:07:45,284 - INFO - Analyzing TORNTPHARM...
2025-08-08 09:07:45,406 - INFO - Fetching live price for TORNTPHARM
2025-08-08 09:07:45,550 - INFO - Got price for TATAELXSI: Rs.5821.00 from info_currentPrice
2025-08-08 09:07:45,566 - INFO - Analyzing AMBUJACEM...
2025-08-08 09:07:45,597 - INFO - Got price for ACC: Rs.1799.70 from info_currentPrice
2025-08-08 09:07:45,597 - INFO - Analyzing HINDALCO...
2025-08-08 09:07:45,686 - INFO - Fetching live price for AMBUJACEM
2025-08-08 09:07:45,707 - INFO - Fetching live price for HINDALCO
2025-08-08 09:07:45,708 - INFO - Got price for TORNTPHARM: Rs.3599.40 from info_currentPrice
2025-08-08 09:07:45,712 - INFO - Analyzing FEDERALBNK...
2025-08-08 09:07:45,815 - INFO - Fetching live price for FEDERALBNK
2025-08-08 09:07:46,034 - INFO - Got price for HINDALCO: Rs.676.30 from info_currentPrice
2025-08-08 09:07:46,043 - INFO - Analyzing TATASTEEL...
2025-08-08 09:07:46,043 - INFO - Got price for AMBUJACEM: Rs.585.75 from info_currentPrice
2025-08-08 09:07:46,050 - INFO - Analyzing ASHOKLEY...
2025-08-08 09:07:46,155 - INFO - Fetching live price for TATASTEEL
2025-08-08 09:07:46,159 - INFO - Fetching live price for ASHOKLEY
2025-08-08 09:07:46,181 - INFO - Got price for FEDERALBNK: Rs.197.39 from info_currentPrice
2025-08-08 09:07:46,184 - INFO - Analyzing CUMMINSIND...
2025-08-08 09:07:46,303 - INFO - Fetching live price for CUMMINSIND
2025-08-08 09:07:46,514 - INFO - Got price for TATASTEEL: Rs.158.44 from info_currentPrice
2025-08-08 09:07:46,514 - INFO - Analyzing TATACOMM...
2025-08-08 09:07:46,548 - INFO - Got price for ASHOKLEY: Rs.116.64 from info_currentPrice
2025-08-08 09:07:46,549 - INFO - Analyzing BHARATFORG...
2025-08-08 09:07:46,612 - INFO - Fetching live price for TATACOMM
2025-08-08 09:07:46,671 - INFO - Fetching live price for BHARATFORG
2025-08-08 09:07:46,679 - INFO - Got price for CUMMINSIND: Rs.3845.30 from info_currentPrice
2025-08-08 09:07:46,684 - INFO - Analyzing LT...
2025-08-08 09:07:46,904 - INFO - Got price for TATACOMM: Rs.1655.00 from info_currentPrice
2025-08-08 09:07:46,908 - INFO - Analyzing M&M...
2025-08-08 09:07:46,947 - INFO - Fetching live price for LT
2025-08-08 09:07:46,996 - INFO - Got price for BHARATFORG: Rs.1137.70 from info_currentPrice
2025-08-08 09:07:46,996 - INFO - Analyzing BOSCHLTD...
2025-08-08 09:07:47,012 - INFO - Fetching live price for M&M
2025-08-08 09:07:47,115 - INFO - Fetching live price for BOSCHLTD
2025-08-08 09:07:47,250 - INFO - Got price for LT: Rs.3632.20 from info_currentPrice
2025-08-08 09:07:47,252 - INFO - Analyzing BPCL...
2025-08-08 09:07:47,361 - INFO - Got price for M&M: Rs.3177.20 from info_currentPrice
2025-08-08 09:07:47,362 - INFO - Fetching live price for BPCL
2025-08-08 09:07:47,366 - INFO - Analyzing SIEMENS...
2025-08-08 09:07:47,465 - INFO - Fetching live price for SIEMENS
2025-08-08 09:07:47,465 - INFO - Got price for BOSCHLTD: Rs.38800.00 from info_currentPrice
2025-08-08 09:07:47,469 - INFO - Analyzing TATAMOTORS...
2025-08-08 09:07:47,569 - INFO - Fetching live price for TATAMOTORS
2025-08-08 09:07:47,701 - INFO - Got price for BPCL: Rs.320.90 from info_currentPrice
2025-08-08 09:07:47,701 - INFO - Analyzing VOLTAS...
2025-08-08 09:07:47,765 - INFO - Got price for SIEMENS: Rs.3084.80 from info_currentPrice
2025-08-08 09:07:47,771 - INFO - Analyzing HINDUNILVR...
2025-08-08 09:07:47,803 - INFO - Fetching live price for VOLTAS
2025-08-08 09:07:47,868 - INFO - Fetching live price for HINDUNILVR
2025-08-08 09:07:47,917 - INFO - Got price for TATAMOTORS: Rs.638.60 from info_currentPrice
2025-08-08 09:07:47,928 - INFO - Analyzing TATACHEM...
2025-08-08 09:07:48,030 - INFO - Fetching live price for TATACHEM
2025-08-08 09:07:48,115 - INFO - Got price for VOLTAS: Rs.1312.50 from info_currentPrice
2025-08-08 09:07:48,119 - INFO - Analyzing NESTLEIND...
2025-08-08 09:07:48,166 - INFO - Got price for HINDUNILVR: Rs.2505.00 from info_currentPrice
2025-08-08 09:07:48,166 - INFO - Analyzing TATACONSUM...
2025-08-08 09:07:48,232 - INFO - Fetching live price for NESTLEIND
2025-08-08 09:07:48,266 - INFO - Fetching live price for TATACONSUM
2025-08-08 09:07:48,381 - INFO - Got price for TATACHEM: Rs.952.70 from info_currentPrice
2025-08-08 09:07:48,382 - INFO - Analyzing ASIANPAINT...
2025-08-08 09:07:48,522 - INFO - Fetching live price for ASIANPAINT
2025-08-08 09:07:48,579 - INFO - Got price for NESTLEIND: Rs.1108.30 from info_currentPrice
2025-08-08 09:07:48,591 - INFO - Analyzing BRITANNIA...
2025-08-08 09:07:48,610 - INFO - Got price for TATACONSUM: Rs.1061.50 from info_currentPrice
2025-08-08 09:07:48,626 - INFO - Analyzing COLPAL...
2025-08-08 09:07:48,734 - INFO - Fetching live price for BRITANNIA
2025-08-08 09:07:48,752 - INFO - Fetching live price for COLPAL
2025-08-08 09:07:48,857 - INFO - Got price for ASIANPAINT: Rs.2501.70 from info_currentPrice
2025-08-08 09:07:48,859 - INFO - Analyzing INDHOTEL...
2025-08-08 09:07:48,975 - INFO - Fetching live price for INDHOTEL
2025-08-08 09:07:49,087 - INFO - Got price for COLPAL: Rs.2221.10 from info_currentPrice
2025-08-08 09:07:49,091 - INFO - Analyzing ITC...
2025-08-08 09:07:49,100 - INFO - Got price for BRITANNIA: Rs.5411.50 from info_currentPrice
2025-08-08 09:07:49,108 - INFO - Analyzing BALKRISIND...
2025-08-08 09:07:49,184 - INFO - Fetching live price for ITC
2025-08-08 09:07:49,246 - INFO - Fetching live price for BALKRISIND
2025-08-08 09:07:49,282 - INFO - Got price for INDHOTEL: Rs.743.30 from info_currentPrice
2025-08-08 09:07:49,298 - INFO - Analyzing PHOENIXLTD...
2025-08-08 09:07:49,474 - INFO - Got price for ITC: Rs.414.60 from info_currentPrice
2025-08-08 09:07:49,490 - INFO - Analyzing SRF...
2025-08-08 09:07:49,584 - INFO - Fetching live price for SRF
2025-08-08 09:07:49,584 - INFO - Got price for BALKRISIND: Rs.2433.70 from info_currentPrice
2025-08-08 09:07:49,584 - INFO - Analyzing EICHERMOT...
2025-08-08 09:07:49,663 - INFO - Fetching live price for PHOENIXLTD
2025-08-08 09:07:49,718 - INFO - Fetching live price for EICHERMOT
2025-08-08 09:07:49,910 - INFO - Got price for SRF: Rs.2865.10 from info_currentPrice
2025-08-08 09:07:49,919 - INFO - Analyzing WIPRO...
2025-08-08 09:07:50,027 - INFO - Fetching live price for WIPRO
2025-08-08 09:07:50,053 - INFO - Got price for EICHERMOT: Rs.5674.00 from info_currentPrice
2025-08-08 09:07:50,056 - INFO - Analyzing APOLLOHOSP...
2025-08-08 09:07:50,144 - INFO - Fetching live price for APOLLOHOSP
2025-08-08 09:07:50,348 - INFO - Got price for WIPRO: Rs.241.26 from info_currentPrice
2025-08-08 09:07:50,350 - INFO - Got price for PHOENIXLTD: Rs.1433.60 from info_currentPrice
2025-08-08 09:07:50,367 - INFO - Analyzing SUPREMEIND...
2025-08-08 09:07:50,371 - INFO - Analyzing SHRIRAMFIN...
2025-08-08 09:07:50,501 - INFO - Got price for APOLLOHOSP: Rs.7115.00 from info_currentPrice
2025-08-08 09:07:50,502 - INFO - Fetching live price for SUPREMEIND
2025-08-08 09:07:50,504 - INFO - Analyzing CHOLAFIN...
2025-08-08 09:07:50,601 - INFO - Fetching live price for CHOLAFIN
2025-08-08 09:07:50,818 - INFO - Got price for SUPREMEIND: Rs.4136.00 from info_currentPrice
2025-08-08 09:07:50,822 - INFO - Analyzing UPL...
2025-08-08 09:07:50,918 - INFO - Fetching live price for UPL
2025-08-08 09:07:50,935 - INFO - Got price for CHOLAFIN: Rs.1469.50 from info_currentPrice
2025-08-08 09:07:50,942 - INFO - Analyzing ADANIENT...
2025-08-08 09:07:51,010 - INFO - Fetching live price for SHRIRAMFIN
2025-08-08 09:07:51,035 - INFO - Fetching live price for ADANIENT
2025-08-08 09:07:51,232 - INFO - Got price for UPL: Rs.695.50 from info_currentPrice
2025-08-08 09:07:51,238 - INFO - Analyzing LICI...
2025-08-08 09:07:51,368 - INFO - Got price for ADANIENT: Rs.2172.00 from info_currentPrice
2025-08-08 09:07:51,385 - INFO - Analyzing DELHIVERY...
2025-08-08 09:07:51,434 - INFO - Fetching live price for LICI
2025-08-08 09:07:51,534 - INFO - Fetching live price for DELHIVERY
2025-08-08 09:07:51,577 - INFO - Got price for SHRIRAMFIN: Rs.615.90 from info_currentPrice
2025-08-08 09:07:51,581 - INFO - Analyzing HINDCOPPER...
2025-08-08 09:07:51,734 - INFO - Got price for LICI: Rs.914.70 from info_currentPrice
2025-08-08 09:07:51,742 - INFO - Analyzing MOTHERSON...
2025-08-08 09:07:51,823 - INFO - Fetching live price for HINDCOPPER
2025-08-08 09:07:51,844 - INFO - Fetching live price for MOTHERSON
2025-08-08 09:07:51,856 - INFO - Got price for DELHIVERY: Rs.464.30 from info_currentPrice
2025-08-08 09:07:51,859 - INFO - Analyzing HAVELLS...
2025-08-08 09:07:51,955 - INFO - Fetching live price for HAVELLS
2025-08-08 09:07:52,170 - INFO - Got price for HINDCOPPER: Rs.238.07 from info_currentPrice
2025-08-08 09:07:52,186 - INFO - Analyzing PPLPHARMA...
2025-08-08 09:07:52,269 - INFO - Got price for HAVELLS: Rs.1498.90 from info_currentPrice
2025-08-08 09:07:52,301 - INFO - Analyzing KEI...
2025-08-08 09:07:52,301 - INFO - Fetching live price for PPLPHARMA
2025-08-08 09:07:52,338 - INFO - Got price for MOTHERSON: Rs.92.89 from info_currentPrice
2025-08-08 09:07:52,341 - INFO - Analyzing KAYNES...
2025-08-08 09:07:52,408 - INFO - Fetching live price for KEI
2025-08-08 09:07:52,429 - INFO - Fetching live price for KAYNES
2025-08-08 09:07:52,723 - INFO - Got price for KAYNES: Rs.5942.50 from info_currentPrice
2025-08-08 09:07:52,723 - INFO - Analyzing KFINTECH...
2025-08-08 09:07:52,753 - INFO - Got price for KEI: Rs.3860.20 from info_currentPrice
2025-08-08 09:07:52,754 - INFO - Analyzing MANKIND...
2025-08-08 09:07:52,837 - INFO - Got price for PPLPHARMA: Rs.192.64 from info_currentPrice
2025-08-08 09:07:52,853 - INFO - Fetching live price for KFINTECH
2025-08-08 09:07:52,859 - INFO - Analyzing PIIND...
2025-08-08 09:07:52,859 - INFO - Fetching live price for MANKIND
2025-08-08 09:07:53,020 - INFO - Fetching live price for PIIND
2025-08-08 09:07:53,152 - INFO - Got price for MANKIND: Rs.2494.00 from info_currentPrice
2025-08-08 09:07:53,160 - INFO - Analyzing POONAWALLA...
2025-08-08 09:07:53,198 - INFO - Got price for KFINTECH: Rs.1058.60 from info_currentPrice
2025-08-08 09:07:53,204 - INFO - Analyzing JIOFIN...
2025-08-08 09:07:53,248 - INFO - Fetching live price for POONAWALLA
2025-08-08 09:07:53,285 - INFO - Fetching live price for JIOFIN
2025-08-08 09:07:53,316 - INFO - Got price for PIIND: Rs.3970.70 from info_currentPrice
2025-08-08 09:07:53,316 - INFO - Analyzing AARTIIND...
2025-08-08 09:07:53,411 - INFO - Fetching live price for AARTIIND
2025-08-08 09:07:53,584 - INFO - Got price for JIOFIN: Rs.322.35 from info_currentPrice
2025-08-08 09:07:53,587 - INFO - Analyzing BSE...
2025-08-08 09:07:53,604 - INFO - Got price for POONAWALLA: Rs.436.40 from info_currentPrice
2025-08-08 09:07:53,607 - INFO - Analyzing DMART...
2025-08-08 09:07:53,771 - INFO - Fetching live price for DMART
2025-08-08 09:07:53,789 - INFO - Got price for AARTIIND: Rs.378.55 from info_currentPrice
2025-08-08 09:07:53,798 - INFO - Analyzing HUDCO...
2025-08-08 09:07:53,801 - INFO - Fetching live price for BSE
2025-08-08 09:07:53,890 - INFO - Fetching live price for HUDCO
2025-08-08 09:07:54,107 - INFO - Got price for BSE: Rs.2393.60 from info_currentPrice
2025-08-08 09:07:54,116 - INFO - Analyzing AUBANK...
2025-08-08 09:07:54,119 - INFO - Got price for DMART: Rs.4203.20 from info_currentPrice
2025-08-08 09:07:54,122 - INFO - Analyzing CDSL...
2025-08-08 09:07:54,180 - INFO - Got price for HUDCO: Rs.209.30 from info_currentPrice
2025-08-08 09:07:54,187 - INFO - Analyzing DIXON...
2025-08-08 09:07:54,207 - INFO - Fetching live price for CDSL
2025-08-08 09:07:54,237 - INFO - Fetching live price for AUBANK
2025-08-08 09:07:54,311 - INFO - Fetching live price for DIXON
2025-08-08 09:07:54,545 - INFO - Got price for CDSL: Rs.1591.70 from info_currentPrice
2025-08-08 09:07:54,566 - INFO - Analyzing SUNPHARMA...
2025-08-08 09:07:54,607 - INFO - Got price for DIXON: Rs.16198.00 from info_currentPrice
2025-08-08 09:07:54,612 - INFO - Analyzing AUROPHARMA...
2025-08-08 09:07:54,618 - INFO - Got price for AUBANK: Rs.746.90 from info_currentPrice
2025-08-08 09:07:54,620 - INFO - Analyzing ABCAPITAL...
2025-08-08 09:07:54,671 - INFO - Fetching live price for SUNPHARMA
2025-08-08 09:07:54,729 - INFO - Fetching live price for AUROPHARMA
2025-08-08 09:07:54,736 - INFO - Fetching live price for ABCAPITAL
2025-08-08 09:07:54,991 - INFO - Got price for SUNPHARMA: Rs.1589.90 from info_currentPrice
2025-08-08 09:07:54,991 - INFO - Analyzing MPHASIS...
2025-08-08 09:07:55,056 - INFO - Got price for AUROPHARMA: Rs.1053.30 from info_currentPrice
2025-08-08 09:07:55,059 - INFO - Analyzing NMDC...
2025-08-08 09:07:55,061 - INFO - Got price for ABCAPITAL: Rs.273.55 from info_currentPrice
2025-08-08 09:07:55,064 - INFO - Analyzing IREDA...
2025-08-08 09:07:55,081 - INFO - Fetching live price for MPHASIS
2025-08-08 09:07:55,180 - INFO - Fetching live price for IREDA
2025-08-08 09:07:55,197 - INFO - Fetching live price for NMDC
2025-08-08 09:07:55,379 - INFO - Got price for MPHASIS: Rs.2694.90 from info_currentPrice
2025-08-08 09:07:55,389 - INFO - Analyzing TATATECH...
2025-08-08 09:07:55,525 - INFO - Fetching live price for TATATECH
2025-08-08 09:07:55,525 - INFO - Got price for IREDA: Rs.143.70 from info_currentPrice
2025-08-08 09:07:55,525 - INFO - Got price for NMDC: Rs.71.24 from info_currentPrice
2025-08-08 09:07:55,525 - INFO - Analyzing SBILIFE...
2025-08-08 09:07:55,545 - INFO - Analyzing ICICIGI...
2025-08-08 09:07:55,652 - INFO - Fetching live price for ICICIGI
2025-08-08 09:07:55,652 - INFO - Fetching live price for SBILIFE
2025-08-08 09:07:55,856 - INFO - Got price for TATATECH: Rs.666.55 from info_currentPrice
2025-08-08 09:07:55,856 - INFO - Analyzing IEX...
2025-08-08 09:07:55,971 - INFO - Fetching live price for IEX
2025-08-08 09:07:55,978 - INFO - Got price for SBILIFE: Rs.1840.60 from info_currentPrice
2025-08-08 09:07:55,983 - INFO - Analyzing TIINDIA...
2025-08-08 09:07:56,051 - INFO - Got price for ICICIGI: Rs.1901.80 from info_currentPrice
2025-08-08 09:07:56,056 - INFO - Analyzing HDFCLIFE...
2025-08-08 09:07:56,101 - INFO - Fetching live price for TIINDIA
2025-08-08 09:07:56,150 - INFO - Fetching live price for HDFCLIFE
2025-08-08 09:07:56,271 - INFO - Got price for IEX: Rs.138.94 from info_currentPrice
2025-08-08 09:07:56,287 - INFO - Analyzing AMBER...
2025-08-08 09:07:56,374 - INFO - Fetching live price for AMBER
2025-08-08 09:07:56,423 - INFO - Got price for TIINDIA: Rs.2908.70 from info_currentPrice
2025-08-08 09:07:56,428 - INFO - Analyzing BDL...
2025-08-08 09:07:56,528 - INFO - Fetching live price for BDL
2025-08-08 09:07:56,651 - INFO - Got price for HDFCLIFE: Rs.763.90 from info_currentPrice
2025-08-08 09:07:56,655 - INFO - Analyzing BANDHANBNK...
2025-08-08 09:07:56,673 - INFO - Got price for AMBER: Rs.7619.50 from info_currentPrice
2025-08-08 09:07:56,673 - INFO - Analyzing HAL...
2025-08-08 09:07:56,765 - INFO - Fetching live price for BANDHANBNK
2025-08-08 09:07:56,794 - INFO - Fetching live price for HAL
2025-08-08 09:07:56,854 - INFO - Got price for BDL: Rs.1519.30 from info_currentPrice
2025-08-08 09:07:56,854 - INFO - Analyzing ADANIGREEN...
2025-08-08 09:07:56,971 - INFO - Fetching live price for ADANIGREEN
2025-08-08 09:07:57,101 - INFO - Got price for HAL: Rs.4464.70 from info_currentPrice
2025-08-08 09:07:57,105 - INFO - Analyzing HDFCAMC...
2025-08-08 09:07:57,106 - INFO - Got price for BANDHANBNK: Rs.165.88 from info_currentPrice
2025-08-08 09:07:57,114 - INFO - Analyzing ATGL...
2025-08-08 09:07:57,191 - INFO - Fetching live price for HDFCAMC
2025-08-08 09:07:57,206 - INFO - Fetching live price for ATGL
2025-08-08 09:07:57,274 - INFO - Got price for ADANIGREEN: Rs.921.55 from info_currentPrice
2025-08-08 09:07:57,274 - INFO - Analyzing IOC...
2025-08-08 09:07:57,417 - INFO - Fetching live price for IOC
2025-08-08 09:07:57,522 - INFO - Got price for ATGL: Rs.590.75 from info_currentPrice
2025-08-08 09:07:57,540 - INFO - Analyzing MANAPPURAM...
2025-08-08 09:07:57,540 - INFO - Got price for HDFCAMC: Rs.5617.00 from info_currentPrice
2025-08-08 09:07:57,548 - INFO - Analyzing CONCOR...
2025-08-08 09:07:57,665 - INFO - Fetching live price for MANAPPURAM
2025-08-08 09:07:57,665 - INFO - Fetching live price for CONCOR
2025-08-08 09:07:57,748 - INFO - Got price for IOC: Rs.141.25 from info_currentPrice
2025-08-08 09:07:57,751 - INFO - Analyzing RVNL...
2025-08-08 09:07:57,837 - INFO - Fetching live price for RVNL
2025-08-08 09:07:57,990 - INFO - Got price for CONCOR: Rs.560.85 from info_currentPrice
2025-08-08 09:07:57,996 - INFO - Analyzing POLYCAB...
2025-08-08 09:07:58,000 - INFO - Got price for MANAPPURAM: Rs.262.80 from info_currentPrice
2025-08-08 09:07:58,006 - INFO - Analyzing KPITTECH...
2025-08-08 09:07:58,087 - INFO - Fetching live price for POLYCAB
2025-08-08 09:07:58,108 - INFO - Fetching live price for KPITTECH
2025-08-08 09:07:58,326 - INFO - Got price for RVNL: Rs.341.00 from info_currentPrice
2025-08-08 09:07:58,331 - INFO - Analyzing MARICO...
2025-08-08 09:07:58,408 - INFO - Got price for POLYCAB: Rs.6812.00 from info_currentPrice
2025-08-08 09:07:58,408 - INFO - Got price for KPITTECH: Rs.1200.20 from info_currentPrice
2025-08-08 09:07:58,408 - INFO - Analyzing 360ONE...
2025-08-08 09:07:58,408 - INFO - Analyzing IRCTC...
2025-08-08 09:07:58,454 - INFO - Fetching live price for MARICO
2025-08-08 09:07:58,514 - INFO - Fetching live price for IRCTC
2025-08-08 09:07:58,537 - INFO - Fetching live price for 360ONE
2025-08-08 09:07:58,780 - INFO - Got price for MARICO: Rs.709.20 from info_currentPrice
2025-08-08 09:07:58,780 - INFO - Analyzing SBICARD...
2025-08-08 09:07:58,845 - INFO - Got price for 360ONE: Rs.1049.00 from info_currentPrice
2025-08-08 09:07:58,850 - INFO - Analyzing MAXHEALTH...
2025-08-08 09:07:58,854 - INFO - Got price for IRCTC: Rs.722.75 from info_currentPrice
2025-08-08 09:07:58,858 - INFO - Analyzing BANKBARODA...
2025-08-08 09:07:58,874 - INFO - Fetching live price for SBICARD
2025-08-08 09:07:58,980 - INFO - Fetching live price for BANKBARODA
2025-08-08 09:07:58,987 - INFO - Fetching live price for MAXHEALTH
2025-08-08 09:07:59,182 - INFO - Got price for SBICARD: Rs.792.70 from info_currentPrice
2025-08-08 09:07:59,187 - INFO - Analyzing BANKINDIA...
2025-08-08 09:07:59,291 - INFO - Got price for BANKBARODA: Rs.239.85 from info_currentPrice
2025-08-08 09:07:59,291 - INFO - Fetching live price for BANKINDIA
2025-08-08 09:07:59,307 - INFO - Analyzing CAMS...
2025-08-08 09:07:59,309 - INFO - Got price for MAXHEALTH: Rs.1249.70 from info_currentPrice
2025-08-08 09:07:59,309 - INFO - Analyzing GAIL...
2025-08-08 09:07:59,433 - INFO - Fetching live price for GAIL
2025-08-08 09:07:59,451 - INFO - Fetching live price for CAMS
2025-08-08 09:07:59,618 - INFO - Got price for BANKINDIA: Rs.111.36 from info_currentPrice
2025-08-08 09:07:59,623 - INFO - Analyzing ANGELONE...
2025-08-08 09:07:59,753 - INFO - Fetching live price for ANGELONE
2025-08-08 09:07:59,755 - INFO - Got price for GAIL: Rs.171.39 from info_currentPrice
2025-08-08 09:07:59,759 - INFO - Analyzing ICICIBANK...
2025-08-08 09:07:59,777 - INFO - Got price for CAMS: Rs.3778.40 from info_currentPrice
2025-08-08 09:07:59,781 - INFO - Analyzing CYIENT...
2025-08-08 09:07:59,867 - INFO - Fetching live price for ICICIBANK
2025-08-08 09:07:59,920 - INFO - Fetching live price for CYIENT
2025-08-08 09:08:00,055 - INFO - Got price for ANGELONE: Rs.2584.30 from info_currentPrice
2025-08-08 09:08:00,059 - INFO - Analyzing MAZDOCK...
2025-08-08 09:08:00,150 - INFO - Fetching live price for MAZDOCK
2025-08-08 09:08:00,194 - INFO - Got price for ICICIBANK: Rs.1437.40 from info_currentPrice
2025-08-08 09:08:00,197 - INFO - Analyzing INDUSINDBK...
2025-08-08 09:08:00,310 - INFO - Fetching live price for INDUSINDBK
2025-08-08 09:08:00,371 - INFO - Got price for CYIENT: Rs.1176.90 from info_currentPrice
2025-08-08 09:08:00,387 - INFO - Analyzing AXISBANK...
2025-08-08 09:08:00,467 - INFO - Got price for MAZDOCK: Rs.2663.90 from info_currentPrice
2025-08-08 09:08:00,467 - INFO - Analyzing NATIONALUM...
2025-08-08 09:08:00,514 - INFO - Fetching live price for AXISBANK
2025-08-08 09:08:00,578 - INFO - Fetching live price for NATIONALUM
2025-08-08 09:08:00,594 - INFO - Got price for INDUSINDBK: Rs.792.95 from info_currentPrice
2025-08-08 09:08:00,610 - INFO - Analyzing HCLTECH...
2025-08-08 09:08:00,716 - INFO - Fetching live price for HCLTECH
2025-08-08 09:08:00,840 - INFO - Got price for AXISBANK: Rs.1062.00 from info_currentPrice
2025-08-08 09:08:00,856 - INFO - Analyzing JINDALSTEL...
2025-08-08 09:08:00,943 - INFO - Got price for NATIONALUM: Rs.188.11 from info_currentPrice
2025-08-08 09:08:00,948 - INFO - Analyzing GLENMARK...
2025-08-08 09:08:00,972 - INFO - Fetching live price for JINDALSTEL
2025-08-08 09:08:01,040 - INFO - Got price for HCLTECH: Rs.1477.10 from info_currentPrice
2025-08-08 09:08:01,050 - INFO - Analyzing ZYDUSLIFE...
2025-08-08 09:08:01,169 - INFO - Fetching live price for GLENMARK
2025-08-08 09:08:01,204 - INFO - Fetching live price for ZYDUSLIFE
2025-08-08 09:08:01,325 - INFO - Got price for JINDALSTEL: Rs.983.30 from info_currentPrice
2025-08-08 09:08:01,332 - INFO - Analyzing TVSMOTOR...
2025-08-08 09:08:01,435 - INFO - Fetching live price for TVSMOTOR
2025-08-08 09:08:01,500 - INFO - Got price for ZYDUSLIFE: Rs.943.70 from info_currentPrice
2025-08-08 09:08:01,511 - INFO - Analyzing BSOFT...
2025-08-08 09:08:01,625 - INFO - Fetching live price for BSOFT
2025-08-08 09:08:01,686 - INFO - Got price for GLENMARK: Rs.2030.50 from info_currentPrice
2025-08-08 09:08:01,691 - INFO - Analyzing GODREJCP...
2025-08-08 09:08:01,756 - INFO - Got price for TVSMOTOR: Rs.2987.20 from info_currentPrice
2025-08-08 09:08:01,762 - INFO - Analyzing UNITDSPR...
2025-08-08 09:08:01,798 - INFO - Fetching live price for GODREJCP
2025-08-08 09:08:01,877 - INFO - Fetching live price for UNITDSPR
2025-08-08 09:08:02,011 - INFO - Got price for BSOFT: Rs.370.05 from info_currentPrice
2025-08-08 09:08:02,011 - INFO - Analyzing BHARTIARTL...
2025-08-08 09:08:02,132 - INFO - Got price for GODREJCP: Rs.1200.00 from info_currentPrice
2025-08-08 09:08:02,141 - INFO - Analyzing PNB...
2025-08-08 09:08:02,141 - INFO - Fetching live price for BHARTIARTL
2025-08-08 09:08:02,174 - INFO - Got price for UNITDSPR: Rs.1303.40 from info_currentPrice
2025-08-08 09:08:02,178 - INFO - Analyzing OFSS...
2025-08-08 09:08:02,256 - INFO - Fetching live price for PNB
2025-08-08 09:08:02,262 - INFO - Fetching live price for OFSS
2025-08-08 09:08:02,452 - INFO - Got price for BHARTIARTL: Rs.1870.20 from info_currentPrice
2025-08-08 09:08:02,456 - INFO - Analyzing UNIONBANK...
2025-08-08 09:08:02,559 - INFO - Got price for PNB: Rs.104.50 from info_currentPrice
2025-08-08 09:08:02,567 - INFO - Analyzing GRANULES...
2025-08-08 09:08:02,575 - INFO - Fetching live price for UNIONBANK
2025-08-08 09:08:02,591 - INFO - Got price for OFSS: Rs.8508.00 from info_currentPrice
2025-08-08 09:08:02,601 - INFO - Analyzing CANBK...
2025-08-08 09:08:02,671 - INFO - Fetching live price for GRANULES
2025-08-08 09:08:02,720 - INFO - Fetching live price for CANBK
2025-08-08 09:08:02,895 - INFO - Got price for UNIONBANK: Rs.131.51 from info_currentPrice
2025-08-08 09:08:02,913 - INFO - Analyzing DIVISLAB...
2025-08-08 09:08:03,013 - INFO - Fetching live price for DIVISLAB
2025-08-08 09:08:03,013 - INFO - Got price for GRANULES: Rs.446.10 from info_currentPrice
2025-08-08 09:08:03,023 - INFO - Analyzing MARUTI...
2025-08-08 09:08:03,054 - INFO - Got price for CANBK: Rs.107.94 from info_currentPrice
2025-08-08 09:08:03,057 - INFO - Analyzing JSL...
2025-08-08 09:08:03,134 - INFO - Fetching live price for MARUTI
2025-08-08 09:08:03,154 - INFO - Fetching live price for JSL
2025-08-08 09:08:03,313 - INFO - Got price for DIVISLAB: Rs.6016.50 from info_currentPrice
2025-08-08 09:08:03,329 - INFO - Analyzing IGL...
2025-08-08 09:08:03,462 - INFO - Fetching live price for IGL
2025-08-08 09:08:03,468 - INFO - Got price for MARUTI: Rs.12647.00 from info_currentPrice
2025-08-08 09:08:03,472 - INFO - Analyzing PETRONET...
2025-08-08 09:08:03,492 - INFO - Got price for JSL: Rs.689.60 from info_currentPrice
2025-08-08 09:08:03,498 - INFO - Analyzing BIOCON...
2025-08-08 09:08:03,576 - INFO - Fetching live price for PETRONET
2025-08-08 09:08:03,653 - INFO - Fetching live price for BIOCON
2025-08-08 09:08:03,840 - INFO - Got price for IGL: Rs.202.99 from info_currentPrice
2025-08-08 09:08:03,846 - INFO - Analyzing ULTRACEMCO...
2025-08-08 09:08:03,879 - INFO - Got price for PETRONET: Rs.275.40 from info_currentPrice
2025-08-08 09:08:03,891 - INFO - Analyzing UNOMINDA...
2025-08-08 09:08:03,940 - INFO - Fetching live price for ULTRACEMCO
2025-08-08 09:08:03,963 - INFO - Got price for BIOCON: Rs.351.90 from info_currentPrice
2025-08-08 09:08:03,963 - INFO - Analyzing TCS...
2025-08-08 09:08:03,981 - INFO - Fetching live price for UNOMINDA
2025-08-08 09:08:04,063 - INFO - Fetching live price for TCS
2025-08-08 09:08:04,264 - INFO - Got price for ULTRACEMCO: Rs.12197.00 from info_currentPrice
2025-08-08 09:08:04,270 - INFO - Analyzing COFORGE...
2025-08-08 09:08:04,297 - INFO - Got price for UNOMINDA: Rs.1088.00 from info_currentPrice
2025-08-08 09:08:04,297 - INFO - Analyzing NTPC...
2025-08-08 09:08:04,397 - INFO - Got price for TCS: Rs.3044.00 from info_currentPrice
2025-08-08 09:08:04,397 - INFO - Fetching live price for COFORGE
2025-08-08 09:08:04,397 - INFO - Analyzing IIFL...
2025-08-08 09:08:04,397 - INFO - Fetching live price for NTPC
2025-08-08 09:08:04,512 - INFO - Fetching live price for IIFL
2025-08-08 09:08:04,717 - INFO - Got price for NTPC: Rs.336.05 from info_currentPrice
2025-08-08 09:08:04,721 - INFO - Analyzing YESBANK...
2025-08-08 09:08:04,725 - INFO - Got price for COFORGE: Rs.1613.50 from info_currentPrice
2025-08-08 09:08:04,728 - INFO - Analyzing M&MFIN...
2025-08-08 09:08:04,848 - INFO - Fetching live price for YESBANK
2025-08-08 09:08:04,865 - INFO - Fetching live price for M&MFIN
2025-08-08 09:08:04,915 - INFO - Got price for IIFL: Rs.451.65 from info_currentPrice
2025-08-08 09:08:04,923 - INFO - Analyzing SOLARINDS...
2025-08-08 09:08:05,015 - INFO - Fetching live price for SOLARINDS
2025-08-08 09:08:05,174 - INFO - Got price for YESBANK: Rs.18.66 from info_currentPrice
2025-08-08 09:08:05,177 - INFO - Analyzing GMRAIRPORT...
2025-08-08 09:08:05,239 - INFO - Got price for M&MFIN: Rs.254.00 from info_currentPrice
2025-08-08 09:08:05,239 - INFO - Analyzing TECHM...
2025-08-08 09:08:05,304 - INFO - Fetching live price for GMRAIRPORT
2025-08-08 09:08:05,357 - INFO - Fetching live price for TECHM
2025-08-08 09:08:05,416 - INFO - Got price for SOLARINDS: Rs.14490.00 from info_currentPrice
2025-08-08 09:08:05,418 - INFO - Analyzing NAUKRI...
2025-08-08 09:08:05,513 - INFO - Fetching live price for NAUKRI
2025-08-08 09:08:05,602 - INFO - Got price for GMRAIRPORT: Rs.89.51 from info_currentPrice
2025-08-08 09:08:05,605 - INFO - Analyzing TORNTPOWER...
2025-08-08 09:08:05,708 - INFO - Got price for TECHM: Rs.1485.90 from info_currentPrice
2025-08-08 09:08:05,717 - INFO - Analyzing PFC...
2025-08-08 09:08:05,736 - INFO - Fetching live price for TORNTPOWER
2025-08-08 09:08:05,819 - INFO - Fetching live price for PFC
2025-08-08 09:08:05,849 - INFO - Got price for NAUKRI: Rs.1344.40 from info_currentPrice
2025-08-08 09:08:05,853 - INFO - Analyzing INDIANB...
2025-08-08 09:08:05,967 - INFO - Fetching live price for INDIANB
2025-08-08 09:08:06,085 - INFO - Got price for TORNTPOWER: Rs.1347.10 from info_currentPrice
2025-08-08 09:08:06,090 - INFO - Analyzing IDEA...
2025-08-08 09:08:06,116 - INFO - Got price for PFC: Rs.406.50 from info_currentPrice
2025-08-08 09:08:06,122 - INFO - Analyzing PAGEIND...
2025-08-08 09:08:06,183 - INFO - Fetching live price for IDEA
2025-08-08 09:08:06,242 - INFO - Fetching live price for PAGEIND
2025-08-08 09:08:06,299 - INFO - Got price for INDIANB: Rs.653.00 from info_currentPrice
2025-08-08 09:08:06,308 - INFO - Analyzing ASTRAL...
2025-08-08 09:08:06,412 - INFO - Fetching live price for ASTRAL
2025-08-08 09:08:06,491 - INFO - Got price for IDEA: Rs.6.63 from info_currentPrice
2025-08-08 09:08:06,495 - INFO - Analyzing FORTIS...
2025-08-08 09:08:06,582 - INFO - Fetching live price for FORTIS
2025-08-08 09:08:06,598 - INFO - Got price for PAGEIND: Rs.44700.00 from info_currentPrice
2025-08-08 09:08:06,614 - INFO - SIGNAL: SELL PAGEIND @ Rs.44700.00 (Confidence: 90%)
2025-08-08 09:08:06,614 - INFO - Analyzing DLF...
2025-08-08 09:08:06,718 - INFO - Fetching live price for DLF
2025-08-08 09:08:06,739 - INFO - Got price for ASTRAL: Rs.1390.20 from info_currentPrice
2025-08-08 09:08:06,742 - INFO - Analyzing POWERGRID...
2025-08-08 09:08:06,844 - INFO - Fetching live price for POWERGRID
2025-08-08 09:08:06,888 - INFO - Got price for FORTIS: Rs.902.15 from info_currentPrice
2025-08-08 09:08:06,898 - INFO - Analyzing ADANIPORTS...
2025-08-08 09:08:07,028 - INFO - Fetching live price for ADANIPORTS
2025-08-08 09:08:07,058 - INFO - Got price for DLF: Rs.755.80 from info_currentPrice
2025-08-08 09:08:07,058 - INFO - Analyzing IRB...
2025-08-08 09:08:07,201 - INFO - Fetching live price for IRB
2025-08-08 09:08:07,216 - INFO - Got price for POWERGRID: Rs.284.85 from info_currentPrice
2025-08-08 09:08:07,221 - INFO - Analyzing RECLTD...
2025-08-08 09:08:07,334 - INFO - Fetching live price for RECLTD
2025-08-08 09:08:07,419 - INFO - Got price for ADANIPORTS: Rs.1320.70 from info_currentPrice
2025-08-08 09:08:07,419 - INFO - Analyzing TITAGARH...
2025-08-08 09:08:07,511 - INFO - Fetching live price for TITAGARH
2025-08-08 09:08:07,523 - INFO - Got price for IRB: Rs.44.04 from info_currentPrice
2025-08-08 09:08:07,525 - INFO - Analyzing BAJAJ-AUTO...
2025-08-08 09:08:07,617 - INFO - Fetching live price for BAJAJ-AUTO
2025-08-08 09:08:07,662 - INFO - Got price for RECLTD: Rs.384.20 from info_currentPrice
2025-08-08 09:08:07,670 - INFO - Analyzing BAJAJFINSV...
2025-08-08 09:08:07,768 - INFO - Fetching live price for BAJAJFINSV
2025-08-08 09:08:07,831 - INFO - Got price for TITAGARH: Rs.825.75 from info_currentPrice
2025-08-08 09:08:07,831 - INFO - Analyzing NHPC...
2025-08-08 09:08:07,911 - INFO - Got price for BAJAJ-AUTO: Rs.8248.50 from info_currentPrice
2025-08-08 09:08:07,911 - INFO - Analyzing OIL...
2025-08-08 09:08:07,977 - INFO - Fetching live price for NHPC
2025-08-08 09:08:08,007 - INFO - Fetching live price for OIL
2025-08-08 09:08:08,086 - INFO - Got price for BAJAJFINSV: Rs.1922.90 from info_currentPrice
2025-08-08 09:08:08,099 - INFO - Analyzing JSWENERGY...
2025-08-08 09:08:08,212 - INFO - Fetching live price for JSWENERGY
2025-08-08 09:08:08,285 - INFO - Got price for NHPC: Rs.82.38 from info_currentPrice
2025-08-08 09:08:08,285 - INFO - Analyzing GODREJPROP...
2025-08-08 09:08:08,336 - INFO - Got price for OIL: Rs.435.30 from info_currentPrice
2025-08-08 09:08:08,336 - INFO - Analyzing JUBLFOOD...
2025-08-08 09:08:08,420 - INFO - Fetching live price for GODREJPROP
2025-08-08 09:08:08,435 - INFO - Fetching live price for JUBLFOOD
2025-08-08 09:08:08,686 - INFO - Got price for JSWENERGY: Rs.527.30 from info_currentPrice
2025-08-08 09:08:08,690 - INFO - Analyzing PERSISTENT...
2025-08-08 09:08:08,724 - INFO - Got price for GODREJPROP: Rs.1992.00 from info_currentPrice
2025-08-08 09:08:08,758 - INFO - Analyzing SJVN...
2025-08-08 09:08:08,769 - INFO - Got price for JUBLFOOD: Rs.628.65 from info_currentPrice
2025-08-08 09:08:08,820 - INFO - Analyzing OBEROIRLTY...
2025-08-08 09:08:08,837 - INFO - Fetching live price for PERSISTENT
2025-08-08 09:08:08,890 - INFO - Fetching live price for SJVN
2025-08-08 09:08:08,931 - INFO - Fetching live price for OBEROIRLTY
2025-08-08 09:08:09,137 - INFO - Got price for PERSISTENT: Rs.5148.00 from info_currentPrice
2025-08-08 09:08:09,150 - INFO - Analyzing PRESTIGE...
2025-08-08 09:08:09,239 - INFO - Fetching live price for PRESTIGE
2025-08-08 09:08:09,256 - INFO - Got price for OBEROIRLTY: Rs.1586.70 from info_currentPrice
2025-08-08 09:08:09,259 - INFO - Analyzing COALINDIA...
2025-08-08 09:08:09,270 - INFO - Got price for SJVN: Rs.93.17 from info_currentPrice
2025-08-08 09:08:09,270 - INFO - Analyzing DALBHARAT...
2025-08-08 09:08:09,393 - INFO - Fetching live price for COALINDIA
2025-08-08 09:08:09,399 - INFO - Fetching live price for DALBHARAT
2025-08-08 09:08:09,558 - INFO - Got price for PRESTIGE: Rs.1608.30 from info_currentPrice
2025-08-08 09:08:09,558 - INFO - Analyzing MUTHOOTFIN...
2025-08-08 09:08:09,666 - INFO - Fetching live price for MUTHOOTFIN
2025-08-08 09:08:09,750 - INFO - Got price for COALINDIA: Rs.381.65 from info_currentPrice
2025-08-08 09:08:09,753 - INFO - Analyzing LTF...
2025-08-08 09:08:09,753 - INFO - Got price for DALBHARAT: Rs.2242.00 from info_currentPrice
2025-08-08 09:08:09,776 - INFO - Analyzing PGEL...
2025-08-08 09:08:09,865 - INFO - Fetching live price for LTF
2025-08-08 09:08:09,893 - INFO - Fetching live price for PGEL
2025-08-08 09:08:09,976 - INFO - Got price for MUTHOOTFIN: Rs.2636.40 from info_currentPrice
2025-08-08 09:08:09,992 - INFO - Analyzing APLAPOLLO...
2025-08-08 09:08:10,102 - INFO - Fetching live price for APLAPOLLO
2025-08-08 09:08:10,188 - INFO - Got price for LTF: Rs.197.56 from info_currentPrice
2025-08-08 09:08:10,193 - INFO - Analyzing MCX...
2025-08-08 09:08:10,244 - INFO - Got price for PGEL: Rs.721.00 from info_currentPrice
2025-08-08 09:08:10,244 - INFO - Analyzing NBCC...
2025-08-08 09:08:10,321 - INFO - Fetching live price for MCX
2025-08-08 09:08:10,388 - INFO - Fetching live price for NBCC
2025-08-08 09:08:10,421 - INFO - Got price for APLAPOLLO: Rs.1589.00 from info_currentPrice
2025-08-08 09:08:10,421 - INFO - Analyzing IRFC...
2025-08-08 09:08:10,541 - INFO - Fetching live price for IRFC
2025-08-08 09:08:10,671 - INFO - Got price for MCX: Rs.7772.50 from info_currentPrice
2025-08-08 09:08:10,671 - INFO - Analyzing INDUSTOWER...
2025-08-08 09:08:10,722 - INFO - Got price for NBCC: Rs.107.30 from info_currentPrice
2025-08-08 09:08:10,728 - INFO - Analyzing KALYANKJIL...
2025-08-08 09:08:10,804 - INFO - Fetching live price for INDUSTOWER
2025-08-08 09:08:10,822 - INFO - Fetching live price for KALYANKJIL
2025-08-08 09:08:10,860 - INFO - Got price for IRFC: Rs.126.32 from info_currentPrice
2025-08-08 09:08:10,860 - INFO - Analyzing ABFRL...
2025-08-08 09:08:10,970 - INFO - Fetching live price for ABFRL
2025-08-08 09:08:11,123 - INFO - Got price for INDUSTOWER: Rs.336.00 from info_currentPrice
2025-08-08 09:08:11,123 - INFO - Analyzing LODHA...
2025-08-08 09:08:11,178 - INFO - Got price for KALYANKJIL: Rs.540.15 from info_currentPrice
2025-08-08 09:08:11,181 - INFO - Analyzing SONACOMS...
2025-08-08 09:08:11,238 - INFO - Fetching live price for LODHA
2025-08-08 09:08:11,272 - INFO - Got price for ABFRL: Rs.75.28 from info_currentPrice
2025-08-08 09:08:11,272 - INFO - Analyzing ETERNAL...
2025-08-08 09:08:11,288 - INFO - Fetching live price for SONACOMS
2025-08-08 09:08:11,400 - INFO - Fetching live price for ETERNAL
2025-08-08 09:08:11,572 - INFO - Got price for LODHA: Rs.1212.80 from info_currentPrice
2025-08-08 09:08:11,579 - INFO - Analyzing NYKAA...
2025-08-08 09:08:11,587 - INFO - Got price for SONACOMS: Rs.446.10 from info_currentPrice
2025-08-08 09:08:11,606 - INFO - Analyzing POLICYBZR...
2025-08-08 09:08:11,667 - INFO - Fetching live price for NYKAA
2025-08-08 09:08:11,698 - INFO - Fetching live price for POLICYBZR
2025-08-08 09:08:11,698 - INFO - Got price for ETERNAL: Rs.301.15 from info_currentPrice
2025-08-08 09:08:11,705 - INFO - Analyzing PAYTM...
2025-08-08 09:08:11,786 - INFO - Fetching live price for PAYTM
2025-08-08 09:08:11,989 - INFO - Got price for NYKAA: Rs.205.25 from info_currentPrice
2025-08-08 09:08:11,998 - INFO - Analyzing INOXWIND...
2025-08-08 09:08:12,002 - INFO - Got price for POLICYBZR: Rs.1771.70 from info_currentPrice
2025-08-08 09:08:12,005 - INFO - Analyzing ADANIENSOL...
2025-08-08 09:08:12,140 - INFO - Got price for PAYTM: Rs.1066.20 from info_currentPrice
2025-08-08 09:08:12,144 - INFO - Analyzing SYNGENE...
2025-08-08 09:08:12,148 - INFO - Fetching live price for ADANIENSOL
2025-08-08 09:08:12,153 - INFO - Fetching live price for INOXWIND
2025-08-08 09:08:12,323 - INFO - Fetching live price for SYNGENE
2025-08-08 09:08:12,544 - INFO - Got price for ADANIENSOL: Rs.791.75 from info_currentPrice
2025-08-08 09:08:12,544 - INFO - Analyzing IDFCFIRSTB...
2025-08-08 09:08:12,544 - INFO - Got price for INOXWIND: Rs.142.47 from info_currentPrice
2025-08-08 09:08:12,561 - INFO - Analyzing INDIGO...
2025-08-08 09:08:12,642 - INFO - Fetching live price for IDFCFIRSTB
2025-08-08 09:08:12,684 - INFO - Fetching live price for INDIGO
2025-08-08 09:08:12,685 - INFO - Got price for SYNGENE: Rs.669.45 from info_currentPrice
2025-08-08 09:08:12,685 - INFO - Analyzing ALKEM...
2025-08-08 09:08:12,779 - INFO - Fetching live price for ALKEM
2025-08-08 09:08:12,946 - INFO - Got price for IDFCFIRSTB: Rs.69.50 from info_currentPrice
2025-08-08 09:08:12,946 - INFO - Analyzing CROMPTON...
2025-08-08 09:08:12,978 - INFO - Got price for INDIGO: Rs.5788.50 from info_currentPrice
2025-08-08 09:08:12,978 - INFO - Analyzing MGL...
2025-08-08 09:08:13,044 - INFO - Fetching live price for CROMPTON
2025-08-08 09:08:13,090 - INFO - Fetching live price for MGL
2025-08-08 09:08:13,090 - INFO - Got price for ALKEM: Rs.4814.00 from info_currentPrice
2025-08-08 09:08:13,090 - INFO - Analyzing LTIM...
2025-08-08 09:08:13,243 - INFO - Fetching live price for LTIM
2025-08-08 09:08:13,566 - INFO - Got price for CROMPTON: Rs.320.95 from info_currentPrice
2025-08-08 09:08:13,571 - INFO - Analyzing RBLBANK...
2025-08-08 09:08:13,572 - INFO - Got price for MGL: Rs.1316.40 from info_currentPrice
2025-08-08 09:08:13,574 - INFO - Analyzing ICICIPRULI...
2025-08-08 09:08:13,670 - INFO - Fetching live price for ICICIPRULI
2025-08-08 09:08:13,701 - INFO - Fetching live price for RBLBANK
2025-08-08 09:08:13,726 - INFO - Got price for LTIM: Rs.5031.00 from info_currentPrice
2025-08-08 09:08:13,730 - INFO - Analyzing PNBHOUSING...
2025-08-08 09:08:13,853 - INFO - Fetching live price for PNBHOUSING
2025-08-08 09:08:14,014 - INFO - Got price for ICICIPRULI: Rs.614.90 from info_currentPrice
2025-08-08 09:08:14,018 - INFO - Analyzing VBL...
2025-08-08 09:08:14,036 - INFO - Got price for RBLBANK: Rs.264.80 from info_currentPrice
2025-08-08 09:08:14,174 - INFO - Fetching live price for VBL
2025-08-08 09:08:14,357 - INFO - Got price for PNBHOUSING: Rs.779.95 from info_currentPrice
2025-08-08 09:08:14,376 - INFO - SIGNAL: BUY PNBHOUSING @ Rs.779.95 (Confidence: 85%)
2025-08-08 09:08:14,515 - INFO - Got price for VBL: Rs.500.50 from info_currentPrice
2025-08-08 09:08:14,522 - INFO - Analysis complete: 224 successful, 0 failed
2025-08-08 09:08:14,522 - INFO - Found 2 actionable signals
2025-08-08 09:08:14,522 - INFO - ================================================================================
2025-08-08 09:08:14,522 - INFO - SWING TRADING SIGNALS - 2025-08-08 13:38:14 IST
2025-08-08 09:08:14,522 - INFO - ================================================================================
2025-08-08 09:08:14,522 - INFO - ================================================================================
2025-08-08 09:08:14,522 - INFO - SUMMARY: 1 BUY signals, 1 SELL signals
2025-08-08 09:08:14,522 - INFO - Price Source: Yahoo Finance Live
2025-08-08 09:08:14,526 - INFO - Strategy: EMA(2)/SMA(50) Crossover + RSI
2025-08-08 09:08:14,526 - INFO - ================================================================================
2025-08-08 09:08:14,539 - INFO - Signals saved: swing_signals_yahoo_20250808_1338.json
2025-08-08 09:09:54,798 - INFO - Live monitoring stopped by user
2025-08-08 09:09:54,798 - INFO - Stopped at: 2025-08-08 13:39:54 IST
